# annalen_physik_ia: archive.org djvu.txt, query 'identifier:sim_annalen-der-physik_*', window 1799-01-01..1939-06-30; built 2026-10-06 by src.data.ia_catalog
key	url	bytes	checksum
sim_annalen-der-physik_1799_1	https://archive.org/download/sim_annalen-der-physik_1799_1/sim_annalen-der-physik_1799_1_djvu.txt	?	-
sim_annalen-der-physik_1799_1_contents	https://archive.org/download/sim_annalen-der-physik_1799_1_contents/sim_annalen-der-physik_1799_1_contents_djvu.txt	?	-
sim_annalen-der-physik_1799_2	https://archive.org/download/sim_annalen-der-physik_1799_2/sim_annalen-der-physik_1799_2_djvu.txt	?	-
sim_annalen-der-physik_1799_2_contents	https://archive.org/download/sim_annalen-der-physik_1799_2_contents/sim_annalen-der-physik_1799_2_contents_djvu.txt	?	-
sim_annalen-der-physik_1800_3	https://archive.org/download/sim_annalen-der-physik_1800_3/sim_annalen-der-physik_1800_3_djvu.txt	?	-
sim_annalen-der-physik_1800_3_contents	https://archive.org/download/sim_annalen-der-physik_1800_3_contents/sim_annalen-der-physik_1800_3_contents_djvu.txt	?	-
sim_annalen-der-physik_1800_4	https://archive.org/download/sim_annalen-der-physik_1800_4/sim_annalen-der-physik_1800_4_djvu.txt	?	-
sim_annalen-der-physik_1800_4_contents	https://archive.org/download/sim_annalen-der-physik_1800_4_contents/sim_annalen-der-physik_1800_4_contents_djvu.txt	?	-
sim_annalen-der-physik_1800_5	https://archive.org/download/sim_annalen-der-physik_1800_5/sim_annalen-der-physik_1800_5_djvu.txt	?	-
sim_annalen-der-physik_1800_5_contents	https://archive.org/download/sim_annalen-der-physik_1800_5_contents/sim_annalen-der-physik_1800_5_contents_djvu.txt	?	-
sim_annalen-der-physik_1800_6	https://archive.org/download/sim_annalen-der-physik_1800_6/sim_annalen-der-physik_1800_6_djvu.txt	?	-
sim_annalen-der-physik_1800_6_contents	https://archive.org/download/sim_annalen-der-physik_1800_6_contents/sim_annalen-der-physik_1800_6_contents_djvu.txt	?	-
sim_annalen-der-physik_1801_7	https://archive.org/download/sim_annalen-der-physik_1801_7/sim_annalen-der-physik_1801_7_djvu.txt	?	-
sim_annalen-der-physik_1801_7_contents	https://archive.org/download/sim_annalen-der-physik_1801_7_contents/sim_annalen-der-physik_1801_7_contents_djvu.txt	?	-
sim_annalen-der-physik_1801_8	https://archive.org/download/sim_annalen-der-physik_1801_8/sim_annalen-der-physik_1801_8_djvu.txt	?	-
sim_annalen-der-physik_1801_8_contents	https://archive.org/download/sim_annalen-der-physik_1801_8_contents/sim_annalen-der-physik_1801_8_contents_djvu.txt	?	-
sim_annalen-der-physik_1801_9	https://archive.org/download/sim_annalen-der-physik_1801_9/sim_annalen-der-physik_1801_9_djvu.txt	?	-
sim_annalen-der-physik_1801_9_contents	https://archive.org/download/sim_annalen-der-physik_1801_9_contents/sim_annalen-der-physik_1801_9_contents_djvu.txt	?	-
sim_annalen-der-physik_1802_10	https://archive.org/download/sim_annalen-der-physik_1802_10/sim_annalen-der-physik_1802_10_djvu.txt	?	-
sim_annalen-der-physik_1802_10_contents	https://archive.org/download/sim_annalen-der-physik_1802_10_contents/sim_annalen-der-physik_1802_10_contents_djvu.txt	?	-
sim_annalen-der-physik_1802_11	https://archive.org/download/sim_annalen-der-physik_1802_11/sim_annalen-der-physik_1802_11_djvu.txt	?	-
sim_annalen-der-physik_1802_11_contents	https://archive.org/download/sim_annalen-der-physik_1802_11_contents/sim_annalen-der-physik_1802_11_contents_djvu.txt	?	-
sim_annalen-der-physik_1803_12	https://archive.org/download/sim_annalen-der-physik_1803_12/sim_annalen-der-physik_1803_12_djvu.txt	?	-
sim_annalen-der-physik_1803_12_contents	https://archive.org/download/sim_annalen-der-physik_1803_12_contents/sim_annalen-der-physik_1803_12_contents_djvu.txt	?	-
sim_annalen-der-physik_1803_13	https://archive.org/download/sim_annalen-der-physik_1803_13/sim_annalen-der-physik_1803_13_djvu.txt	?	-
sim_annalen-der-physik_1803_13_contents	https://archive.org/download/sim_annalen-der-physik_1803_13_contents/sim_annalen-der-physik_1803_13_contents_djvu.txt	?	-
sim_annalen-der-physik_1803_14	https://archive.org/download/sim_annalen-der-physik_1803_14/sim_annalen-der-physik_1803_14_djvu.txt	?	-
sim_annalen-der-physik_1803_14_contents	https://archive.org/download/sim_annalen-der-physik_1803_14_contents/sim_annalen-der-physik_1803_14_contents_djvu.txt	?	-
sim_annalen-der-physik_1803_15	https://archive.org/download/sim_annalen-der-physik_1803_15/sim_annalen-der-physik_1803_15_djvu.txt	?	-
sim_annalen-der-physik_1803_15_contents	https://archive.org/download/sim_annalen-der-physik_1803_15_contents/sim_annalen-der-physik_1803_15_contents_djvu.txt	?	-
sim_annalen-der-physik_1804_16	https://archive.org/download/sim_annalen-der-physik_1804_16/sim_annalen-der-physik_1804_16_djvu.txt	?	-
sim_annalen-der-physik_1804_16_contents	https://archive.org/download/sim_annalen-der-physik_1804_16_contents/sim_annalen-der-physik_1804_16_contents_djvu.txt	?	-
sim_annalen-der-physik_1804_17	https://archive.org/download/sim_annalen-der-physik_1804_17/sim_annalen-der-physik_1804_17_djvu.txt	?	-
sim_annalen-der-physik_1804_17_contents	https://archive.org/download/sim_annalen-der-physik_1804_17_contents/sim_annalen-der-physik_1804_17_contents_djvu.txt	?	-
sim_annalen-der-physik_1804_18	https://archive.org/download/sim_annalen-der-physik_1804_18/sim_annalen-der-physik_1804_18_djvu.txt	?	-
sim_annalen-der-physik_1804_18_contents	https://archive.org/download/sim_annalen-der-physik_1804_18_contents/sim_annalen-der-physik_1804_18_contents_djvu.txt	?	-
sim_annalen-der-physik_1805_19	https://archive.org/download/sim_annalen-der-physik_1805_19/sim_annalen-der-physik_1805_19_djvu.txt	?	-
sim_annalen-der-physik_1805_19_contents	https://archive.org/download/sim_annalen-der-physik_1805_19_contents/sim_annalen-der-physik_1805_19_contents_djvu.txt	?	-
sim_annalen-der-physik_1805_20	https://archive.org/download/sim_annalen-der-physik_1805_20/sim_annalen-der-physik_1805_20_djvu.txt	?	-
sim_annalen-der-physik_1805_20_contents	https://archive.org/download/sim_annalen-der-physik_1805_20_contents/sim_annalen-der-physik_1805_20_contents_djvu.txt	?	-
sim_annalen-der-physik_1805_21	https://archive.org/download/sim_annalen-der-physik_1805_21/sim_annalen-der-physik_1805_21_djvu.txt	?	-
sim_annalen-der-physik_1805_21_contents	https://archive.org/download/sim_annalen-der-physik_1805_21_contents/sim_annalen-der-physik_1805_21_contents_djvu.txt	?	-
sim_annalen-der-physik_1806_22	https://archive.org/download/sim_annalen-der-physik_1806_22/sim_annalen-der-physik_1806_22_djvu.txt	?	-
sim_annalen-der-physik_1806_22_contents	https://archive.org/download/sim_annalen-der-physik_1806_22_contents/sim_annalen-der-physik_1806_22_contents_djvu.txt	?	-
sim_annalen-der-physik_1806_23	https://archive.org/download/sim_annalen-der-physik_1806_23/sim_annalen-der-physik_1806_23_djvu.txt	?	-
sim_annalen-der-physik_1806_23_contents	https://archive.org/download/sim_annalen-der-physik_1806_23_contents/sim_annalen-der-physik_1806_23_contents_djvu.txt	?	-
sim_annalen-der-physik_1806_24	https://archive.org/download/sim_annalen-der-physik_1806_24/sim_annalen-der-physik_1806_24_djvu.txt	?	-
sim_annalen-der-physik_1806_24_contents	https://archive.org/download/sim_annalen-der-physik_1806_24_contents/sim_annalen-der-physik_1806_24_contents_djvu.txt	?	-
sim_annalen-der-physik_1807_25	https://archive.org/download/sim_annalen-der-physik_1807_25/sim_annalen-der-physik_1807_25_djvu.txt	?	-
sim_annalen-der-physik_1807_25_contents	https://archive.org/download/sim_annalen-der-physik_1807_25_contents/sim_annalen-der-physik_1807_25_contents_djvu.txt	?	-
sim_annalen-der-physik_1807_26	https://archive.org/download/sim_annalen-der-physik_1807_26/sim_annalen-der-physik_1807_26_djvu.txt	?	-
sim_annalen-der-physik_1807_26_contents	https://archive.org/download/sim_annalen-der-physik_1807_26_contents/sim_annalen-der-physik_1807_26_contents_djvu.txt	?	-
sim_annalen-der-physik_1807_27	https://archive.org/download/sim_annalen-der-physik_1807_27/sim_annalen-der-physik_1807_27_djvu.txt	?	-
sim_annalen-der-physik_1807_27_contents	https://archive.org/download/sim_annalen-der-physik_1807_27_contents/sim_annalen-der-physik_1807_27_contents_djvu.txt	?	-
sim_annalen-der-physik_1808_28	https://archive.org/download/sim_annalen-der-physik_1808_28/sim_annalen-der-physik_1808_28_djvu.txt	?	-
sim_annalen-der-physik_1808_28_contents	https://archive.org/download/sim_annalen-der-physik_1808_28_contents/sim_annalen-der-physik_1808_28_contents_djvu.txt	?	-
sim_annalen-der-physik_1808_29	https://archive.org/download/sim_annalen-der-physik_1808_29/sim_annalen-der-physik_1808_29_djvu.txt	?	-
sim_annalen-der-physik_1808_29_contents	https://archive.org/download/sim_annalen-der-physik_1808_29_contents/sim_annalen-der-physik_1808_29_contents_djvu.txt	?	-
sim_annalen-der-physik_1808_30	https://archive.org/download/sim_annalen-der-physik_1808_30/sim_annalen-der-physik_1808_30_djvu.txt	?	-
sim_annalen-der-physik_1808_30_contents	https://archive.org/download/sim_annalen-der-physik_1808_30_contents/sim_annalen-der-physik_1808_30_contents_djvu.txt	?	-
sim_annalen-der-physik_1809_31	https://archive.org/download/sim_annalen-der-physik_1809_31/sim_annalen-der-physik_1809_31_djvu.txt	?	-
sim_annalen-der-physik_1809_31_contents	https://archive.org/download/sim_annalen-der-physik_1809_31_contents/sim_annalen-der-physik_1809_31_contents_djvu.txt	?	-
sim_annalen-der-physik_1809_32	https://archive.org/download/sim_annalen-der-physik_1809_32/sim_annalen-der-physik_1809_32_djvu.txt	?	-
sim_annalen-der-physik_1809_32_contents	https://archive.org/download/sim_annalen-der-physik_1809_32_contents/sim_annalen-der-physik_1809_32_contents_djvu.txt	?	-
sim_annalen-der-physik_1809_33	https://archive.org/download/sim_annalen-der-physik_1809_33/sim_annalen-der-physik_1809_33_djvu.txt	?	-
sim_annalen-der-physik_1809_33_contents	https://archive.org/download/sim_annalen-der-physik_1809_33_contents/sim_annalen-der-physik_1809_33_contents_djvu.txt	?	-
sim_annalen-der-physik_1810_34	https://archive.org/download/sim_annalen-der-physik_1810_34/sim_annalen-der-physik_1810_34_djvu.txt	?	-
sim_annalen-der-physik_1810_34_contents	https://archive.org/download/sim_annalen-der-physik_1810_34_contents/sim_annalen-der-physik_1810_34_contents_djvu.txt	?	-
sim_annalen-der-physik_1810_35	https://archive.org/download/sim_annalen-der-physik_1810_35/sim_annalen-der-physik_1810_35_djvu.txt	?	-
sim_annalen-der-physik_1810_35_contents	https://archive.org/download/sim_annalen-der-physik_1810_35_contents/sim_annalen-der-physik_1810_35_contents_djvu.txt	?	-
sim_annalen-der-physik_1810_36	https://archive.org/download/sim_annalen-der-physik_1810_36/sim_annalen-der-physik_1810_36_djvu.txt	?	-
sim_annalen-der-physik_1810_36_contents	https://archive.org/download/sim_annalen-der-physik_1810_36_contents/sim_annalen-der-physik_1810_36_contents_djvu.txt	?	-
sim_annalen-der-physik_1811_37	https://archive.org/download/sim_annalen-der-physik_1811_37/sim_annalen-der-physik_1811_37_djvu.txt	?	-
sim_annalen-der-physik_1811_37_contents	https://archive.org/download/sim_annalen-der-physik_1811_37_contents/sim_annalen-der-physik_1811_37_contents_djvu.txt	?	-
sim_annalen-der-physik_1811_38	https://archive.org/download/sim_annalen-der-physik_1811_38/sim_annalen-der-physik_1811_38_djvu.txt	?	-
sim_annalen-der-physik_1811_38_contents	https://archive.org/download/sim_annalen-der-physik_1811_38_contents/sim_annalen-der-physik_1811_38_contents_djvu.txt	?	-
sim_annalen-der-physik_1811_39	https://archive.org/download/sim_annalen-der-physik_1811_39/sim_annalen-der-physik_1811_39_djvu.txt	?	-
sim_annalen-der-physik_1811_39_contents	https://archive.org/download/sim_annalen-der-physik_1811_39_contents/sim_annalen-der-physik_1811_39_contents_djvu.txt	?	-
sim_annalen-der-physik_1812_40	https://archive.org/download/sim_annalen-der-physik_1812_40/sim_annalen-der-physik_1812_40_djvu.txt	?	-
sim_annalen-der-physik_1812_40_contents	https://archive.org/download/sim_annalen-der-physik_1812_40_contents/sim_annalen-der-physik_1812_40_contents_djvu.txt	?	-
sim_annalen-der-physik_1812_41	https://archive.org/download/sim_annalen-der-physik_1812_41/sim_annalen-der-physik_1812_41_djvu.txt	?	-
sim_annalen-der-physik_1812_41_contents	https://archive.org/download/sim_annalen-der-physik_1812_41_contents/sim_annalen-der-physik_1812_41_contents_djvu.txt	?	-
sim_annalen-der-physik_1812_42	https://archive.org/download/sim_annalen-der-physik_1812_42/sim_annalen-der-physik_1812_42_djvu.txt	?	-
sim_annalen-der-physik_1812_42_contents	https://archive.org/download/sim_annalen-der-physik_1812_42_contents/sim_annalen-der-physik_1812_42_contents_djvu.txt	?	-
sim_annalen-der-physik_1813_43	https://archive.org/download/sim_annalen-der-physik_1813_43/sim_annalen-der-physik_1813_43_djvu.txt	?	-
sim_annalen-der-physik_1813_43_contents	https://archive.org/download/sim_annalen-der-physik_1813_43_contents/sim_annalen-der-physik_1813_43_contents_djvu.txt	?	-
sim_annalen-der-physik_1813_44	https://archive.org/download/sim_annalen-der-physik_1813_44/sim_annalen-der-physik_1813_44_djvu.txt	?	-
sim_annalen-der-physik_1813_44_contents	https://archive.org/download/sim_annalen-der-physik_1813_44_contents/sim_annalen-der-physik_1813_44_contents_djvu.txt	?	-
sim_annalen-der-physik_1813_45	https://archive.org/download/sim_annalen-der-physik_1813_45/sim_annalen-der-physik_1813_45_djvu.txt	?	-
sim_annalen-der-physik_1813_45_contents	https://archive.org/download/sim_annalen-der-physik_1813_45_contents/sim_annalen-der-physik_1813_45_contents_djvu.txt	?	-
sim_annalen-der-physik_1814_46	https://archive.org/download/sim_annalen-der-physik_1814_46/sim_annalen-der-physik_1814_46_djvu.txt	?	-
sim_annalen-der-physik_1814_46_contents	https://archive.org/download/sim_annalen-der-physik_1814_46_contents/sim_annalen-der-physik_1814_46_contents_djvu.txt	?	-
sim_annalen-der-physik_1814_47	https://archive.org/download/sim_annalen-der-physik_1814_47/sim_annalen-der-physik_1814_47_djvu.txt	?	-
sim_annalen-der-physik_1814_47_contents	https://archive.org/download/sim_annalen-der-physik_1814_47_contents/sim_annalen-der-physik_1814_47_contents_djvu.txt	?	-
sim_annalen-der-physik_1814_48	https://archive.org/download/sim_annalen-der-physik_1814_48/sim_annalen-der-physik_1814_48_djvu.txt	?	-
sim_annalen-der-physik_1814_48_contents	https://archive.org/download/sim_annalen-der-physik_1814_48_contents/sim_annalen-der-physik_1814_48_contents_djvu.txt	?	-
sim_annalen-der-physik_1815_49	https://archive.org/download/sim_annalen-der-physik_1815_49/sim_annalen-der-physik_1815_49_djvu.txt	?	-
sim_annalen-der-physik_1815_49_contents	https://archive.org/download/sim_annalen-der-physik_1815_49_contents/sim_annalen-der-physik_1815_49_contents_djvu.txt	?	-
sim_annalen-der-physik_1815_50	https://archive.org/download/sim_annalen-der-physik_1815_50/sim_annalen-der-physik_1815_50_djvu.txt	?	-
sim_annalen-der-physik_1815_50_contents	https://archive.org/download/sim_annalen-der-physik_1815_50_contents/sim_annalen-der-physik_1815_50_contents_djvu.txt	?	-
sim_annalen-der-physik_1815_51	https://archive.org/download/sim_annalen-der-physik_1815_51/sim_annalen-der-physik_1815_51_djvu.txt	?	-
sim_annalen-der-physik_1815_51_contents	https://archive.org/download/sim_annalen-der-physik_1815_51_contents/sim_annalen-der-physik_1815_51_contents_djvu.txt	?	-
sim_annalen-der-physik_1816_52	https://archive.org/download/sim_annalen-der-physik_1816_52/sim_annalen-der-physik_1816_52_djvu.txt	?	-
sim_annalen-der-physik_1816_52_contents	https://archive.org/download/sim_annalen-der-physik_1816_52_contents/sim_annalen-der-physik_1816_52_contents_djvu.txt	?	-
sim_annalen-der-physik_1816_53	https://archive.org/download/sim_annalen-der-physik_1816_53/sim_annalen-der-physik_1816_53_djvu.txt	?	-
sim_annalen-der-physik_1816_53_contents	https://archive.org/download/sim_annalen-der-physik_1816_53_contents/sim_annalen-der-physik_1816_53_contents_djvu.txt	?	-
sim_annalen-der-physik_1816_54	https://archive.org/download/sim_annalen-der-physik_1816_54/sim_annalen-der-physik_1816_54_djvu.txt	?	-
sim_annalen-der-physik_1816_54_contents	https://archive.org/download/sim_annalen-der-physik_1816_54_contents/sim_annalen-der-physik_1816_54_contents_djvu.txt	?	-
sim_annalen-der-physik_1817_55	https://archive.org/download/sim_annalen-der-physik_1817_55/sim_annalen-der-physik_1817_55_djvu.txt	?	-
sim_annalen-der-physik_1817_55_contents	https://archive.org/download/sim_annalen-der-physik_1817_55_contents/sim_annalen-der-physik_1817_55_contents_djvu.txt	?	-
sim_annalen-der-physik_1817_56	https://archive.org/download/sim_annalen-der-physik_1817_56/sim_annalen-der-physik_1817_56_djvu.txt	?	-
sim_annalen-der-physik_1817_56_contents	https://archive.org/download/sim_annalen-der-physik_1817_56_contents/sim_annalen-der-physik_1817_56_contents_djvu.txt	?	-
sim_annalen-der-physik_1817_57	https://archive.org/download/sim_annalen-der-physik_1817_57/sim_annalen-der-physik_1817_57_djvu.txt	?	-
sim_annalen-der-physik_1817_57_contents	https://archive.org/download/sim_annalen-der-physik_1817_57_contents/sim_annalen-der-physik_1817_57_contents_djvu.txt	?	-
sim_annalen-der-physik_1818_58	https://archive.org/download/sim_annalen-der-physik_1818_58/sim_annalen-der-physik_1818_58_djvu.txt	?	-
sim_annalen-der-physik_1818_58_contents	https://archive.org/download/sim_annalen-der-physik_1818_58_contents/sim_annalen-der-physik_1818_58_contents_djvu.txt	?	-
sim_annalen-der-physik_1818_59	https://archive.org/download/sim_annalen-der-physik_1818_59/sim_annalen-der-physik_1818_59_djvu.txt	?	-
sim_annalen-der-physik_1818_59_contents	https://archive.org/download/sim_annalen-der-physik_1818_59_contents/sim_annalen-der-physik_1818_59_contents_djvu.txt	?	-
sim_annalen-der-physik_1818_60	https://archive.org/download/sim_annalen-der-physik_1818_60/sim_annalen-der-physik_1818_60_djvu.txt	?	-
sim_annalen-der-physik_1818_60_contents	https://archive.org/download/sim_annalen-der-physik_1818_60_contents/sim_annalen-der-physik_1818_60_contents_djvu.txt	?	-
sim_annalen-der-physik_1819_61	https://archive.org/download/sim_annalen-der-physik_1819_61/sim_annalen-der-physik_1819_61_djvu.txt	?	-
sim_annalen-der-physik_1819_61_contents	https://archive.org/download/sim_annalen-der-physik_1819_61_contents/sim_annalen-der-physik_1819_61_contents_djvu.txt	?	-
sim_annalen-der-physik_1819_62	https://archive.org/download/sim_annalen-der-physik_1819_62/sim_annalen-der-physik_1819_62_djvu.txt	?	-
sim_annalen-der-physik_1819_62_contents	https://archive.org/download/sim_annalen-der-physik_1819_62_contents/sim_annalen-der-physik_1819_62_contents_djvu.txt	?	-
sim_annalen-der-physik_1819_63	https://archive.org/download/sim_annalen-der-physik_1819_63/sim_annalen-der-physik_1819_63_djvu.txt	?	-
sim_annalen-der-physik_1819_63_contents	https://archive.org/download/sim_annalen-der-physik_1819_63_contents/sim_annalen-der-physik_1819_63_contents_djvu.txt	?	-
sim_annalen-der-physik_1820_64	https://archive.org/download/sim_annalen-der-physik_1820_64/sim_annalen-der-physik_1820_64_djvu.txt	?	-
sim_annalen-der-physik_1820_64_contents	https://archive.org/download/sim_annalen-der-physik_1820_64_contents/sim_annalen-der-physik_1820_64_contents_djvu.txt	?	-
sim_annalen-der-physik_1820_65	https://archive.org/download/sim_annalen-der-physik_1820_65/sim_annalen-der-physik_1820_65_djvu.txt	?	-
sim_annalen-der-physik_1820_65_contents	https://archive.org/download/sim_annalen-der-physik_1820_65_contents/sim_annalen-der-physik_1820_65_contents_djvu.txt	?	-
sim_annalen-der-physik_1820_66	https://archive.org/download/sim_annalen-der-physik_1820_66/sim_annalen-der-physik_1820_66_djvu.txt	?	-
sim_annalen-der-physik_1820_66_contents	https://archive.org/download/sim_annalen-der-physik_1820_66_contents/sim_annalen-der-physik_1820_66_contents_djvu.txt	?	-
sim_annalen-der-physik_1821_67	https://archive.org/download/sim_annalen-der-physik_1821_67/sim_annalen-der-physik_1821_67_djvu.txt	?	-
sim_annalen-der-physik_1821_67_contents	https://archive.org/download/sim_annalen-der-physik_1821_67_contents/sim_annalen-der-physik_1821_67_contents_djvu.txt	?	-
sim_annalen-der-physik_1821_68	https://archive.org/download/sim_annalen-der-physik_1821_68/sim_annalen-der-physik_1821_68_djvu.txt	?	-
sim_annalen-der-physik_1821_68_contents	https://archive.org/download/sim_annalen-der-physik_1821_68_contents/sim_annalen-der-physik_1821_68_contents_djvu.txt	?	-
sim_annalen-der-physik_1821_69	https://archive.org/download/sim_annalen-der-physik_1821_69/sim_annalen-der-physik_1821_69_djvu.txt	?	-
sim_annalen-der-physik_1821_69_contents	https://archive.org/download/sim_annalen-der-physik_1821_69_contents/sim_annalen-der-physik_1821_69_contents_djvu.txt	?	-
sim_annalen-der-physik_1822_70	https://archive.org/download/sim_annalen-der-physik_1822_70/sim_annalen-der-physik_1822_70_djvu.txt	?	-
sim_annalen-der-physik_1822_70_contents	https://archive.org/download/sim_annalen-der-physik_1822_70_contents/sim_annalen-der-physik_1822_70_contents_djvu.txt	?	-
sim_annalen-der-physik_1822_71	https://archive.org/download/sim_annalen-der-physik_1822_71/sim_annalen-der-physik_1822_71_djvu.txt	?	-
sim_annalen-der-physik_1822_71_contents	https://archive.org/download/sim_annalen-der-physik_1822_71_contents/sim_annalen-der-physik_1822_71_contents_djvu.txt	?	-
sim_annalen-der-physik_1822_72	https://archive.org/download/sim_annalen-der-physik_1822_72/sim_annalen-der-physik_1822_72_djvu.txt	?	-
sim_annalen-der-physik_1822_72_contents	https://archive.org/download/sim_annalen-der-physik_1822_72_contents/sim_annalen-der-physik_1822_72_contents_djvu.txt	?	-
sim_annalen-der-physik_1823_73	https://archive.org/download/sim_annalen-der-physik_1823_73/sim_annalen-der-physik_1823_73_djvu.txt	?	-
sim_annalen-der-physik_1823_73_contents	https://archive.org/download/sim_annalen-der-physik_1823_73_contents/sim_annalen-der-physik_1823_73_contents_djvu.txt	?	-
sim_annalen-der-physik_1823_74	https://archive.org/download/sim_annalen-der-physik_1823_74/sim_annalen-der-physik_1823_74_djvu.txt	?	-
sim_annalen-der-physik_1823_74_contents	https://archive.org/download/sim_annalen-der-physik_1823_74_contents/sim_annalen-der-physik_1823_74_contents_djvu.txt	?	-
sim_annalen-der-physik_1823_75	https://archive.org/download/sim_annalen-der-physik_1823_75/sim_annalen-der-physik_1823_75_djvu.txt	?	-
sim_annalen-der-physik_1823_75_contents	https://archive.org/download/sim_annalen-der-physik_1823_75_contents/sim_annalen-der-physik_1823_75_contents_djvu.txt	?	-
sim_annalen-der-physik_1824_1	https://archive.org/download/sim_annalen-der-physik_1824_1/sim_annalen-der-physik_1824_1_djvu.txt	?	-
sim_annalen-der-physik_1824_1_contents	https://archive.org/download/sim_annalen-der-physik_1824_1_contents/sim_annalen-der-physik_1824_1_contents_djvu.txt	?	-
sim_annalen-der-physik_1824_2	https://archive.org/download/sim_annalen-der-physik_1824_2/sim_annalen-der-physik_1824_2_djvu.txt	?	-
sim_annalen-der-physik_1824_2_contents	https://archive.org/download/sim_annalen-der-physik_1824_2_contents/sim_annalen-der-physik_1824_2_contents_djvu.txt	?	-
sim_annalen-der-physik_1824_76	https://archive.org/download/sim_annalen-der-physik_1824_76/sim_annalen-der-physik_1824_76_djvu.txt	?	-
sim_annalen-der-physik_1824_76_contents	https://archive.org/download/sim_annalen-der-physik_1824_76_contents/sim_annalen-der-physik_1824_76_contents_djvu.txt	?	-
sim_annalen-der-physik_1825_3	https://archive.org/download/sim_annalen-der-physik_1825_3/sim_annalen-der-physik_1825_3_djvu.txt	?	-
sim_annalen-der-physik_1825_3_contents	https://archive.org/download/sim_annalen-der-physik_1825_3_contents/sim_annalen-der-physik_1825_3_contents_djvu.txt	?	-
sim_annalen-der-physik_1825_4	https://archive.org/download/sim_annalen-der-physik_1825_4/sim_annalen-der-physik_1825_4_djvu.txt	?	-
sim_annalen-der-physik_1825_4_contents	https://archive.org/download/sim_annalen-der-physik_1825_4_contents/sim_annalen-der-physik_1825_4_contents_djvu.txt	?	-
sim_annalen-der-physik_1825_5	https://archive.org/download/sim_annalen-der-physik_1825_5/sim_annalen-der-physik_1825_5_djvu.txt	?	-
sim_annalen-der-physik_1825_5_contents	https://archive.org/download/sim_annalen-der-physik_1825_5_contents/sim_annalen-der-physik_1825_5_contents_djvu.txt	?	-
sim_annalen-der-physik_1826_6	https://archive.org/download/sim_annalen-der-physik_1826_6/sim_annalen-der-physik_1826_6_djvu.txt	?	-
sim_annalen-der-physik_1826_6_index	https://archive.org/download/sim_annalen-der-physik_1826_6_index/sim_annalen-der-physik_1826_6_index_djvu.txt	?	-
sim_annalen-der-physik_1826_7	https://archive.org/download/sim_annalen-der-physik_1826_7/sim_annalen-der-physik_1826_7_djvu.txt	?	-
sim_annalen-der-physik_1826_7_index	https://archive.org/download/sim_annalen-der-physik_1826_7_index/sim_annalen-der-physik_1826_7_index_djvu.txt	?	-
sim_annalen-der-physik_1826_8	https://archive.org/download/sim_annalen-der-physik_1826_8/sim_annalen-der-physik_1826_8_djvu.txt	?	-
sim_annalen-der-physik_1826_8_index	https://archive.org/download/sim_annalen-der-physik_1826_8_index/sim_annalen-der-physik_1826_8_index_djvu.txt	?	-
sim_annalen-der-physik_1827_10	https://archive.org/download/sim_annalen-der-physik_1827_10/sim_annalen-der-physik_1827_10_djvu.txt	?	-
sim_annalen-der-physik_1827_10_index	https://archive.org/download/sim_annalen-der-physik_1827_10_index/sim_annalen-der-physik_1827_10_index_djvu.txt	?	-
sim_annalen-der-physik_1827_11	https://archive.org/download/sim_annalen-der-physik_1827_11/sim_annalen-der-physik_1827_11_djvu.txt	?	-
sim_annalen-der-physik_1827_11_index	https://archive.org/download/sim_annalen-der-physik_1827_11_index/sim_annalen-der-physik_1827_11_index_djvu.txt	?	-
sim_annalen-der-physik_1827_9	https://archive.org/download/sim_annalen-der-physik_1827_9/sim_annalen-der-physik_1827_9_djvu.txt	?	-
sim_annalen-der-physik_1827_9_index	https://archive.org/download/sim_annalen-der-physik_1827_9_index/sim_annalen-der-physik_1827_9_index_djvu.txt	?	-
sim_annalen-der-physik_1828_12	https://archive.org/download/sim_annalen-der-physik_1828_12/sim_annalen-der-physik_1828_12_djvu.txt	?	-
sim_annalen-der-physik_1828_12_index	https://archive.org/download/sim_annalen-der-physik_1828_12_index/sim_annalen-der-physik_1828_12_index_djvu.txt	?	-
sim_annalen-der-physik_1828_13	https://archive.org/download/sim_annalen-der-physik_1828_13/sim_annalen-der-physik_1828_13_djvu.txt	?	-
sim_annalen-der-physik_1828_13_index	https://archive.org/download/sim_annalen-der-physik_1828_13_index/sim_annalen-der-physik_1828_13_index_djvu.txt	?	-
sim_annalen-der-physik_1828_14	https://archive.org/download/sim_annalen-der-physik_1828_14/sim_annalen-der-physik_1828_14_djvu.txt	?	-
sim_annalen-der-physik_1828_14_index	https://archive.org/download/sim_annalen-der-physik_1828_14_index/sim_annalen-der-physik_1828_14_index_djvu.txt	?	-
sim_annalen-der-physik_1829_15	https://archive.org/download/sim_annalen-der-physik_1829_15/sim_annalen-der-physik_1829_15_djvu.txt	?	-
sim_annalen-der-physik_1829_15_index	https://archive.org/download/sim_annalen-der-physik_1829_15_index/sim_annalen-der-physik_1829_15_index_djvu.txt	?	-
sim_annalen-der-physik_1829_16	https://archive.org/download/sim_annalen-der-physik_1829_16/sim_annalen-der-physik_1829_16_djvu.txt	?	-
sim_annalen-der-physik_1829_16_index	https://archive.org/download/sim_annalen-der-physik_1829_16_index/sim_annalen-der-physik_1829_16_index_djvu.txt	?	-
sim_annalen-der-physik_1829_17	https://archive.org/download/sim_annalen-der-physik_1829_17/sim_annalen-der-physik_1829_17_djvu.txt	?	-
sim_annalen-der-physik_1829_17_index	https://archive.org/download/sim_annalen-der-physik_1829_17_index/sim_annalen-der-physik_1829_17_index_djvu.txt	?	-
sim_annalen-der-physik_1830_18	https://archive.org/download/sim_annalen-der-physik_1830_18/sim_annalen-der-physik_1830_18_djvu.txt	?	-
sim_annalen-der-physik_1830_18_index	https://archive.org/download/sim_annalen-der-physik_1830_18_index/sim_annalen-der-physik_1830_18_index_djvu.txt	?	-
sim_annalen-der-physik_1830_19	https://archive.org/download/sim_annalen-der-physik_1830_19/sim_annalen-der-physik_1830_19_djvu.txt	?	-
sim_annalen-der-physik_1830_19_index	https://archive.org/download/sim_annalen-der-physik_1830_19_index/sim_annalen-der-physik_1830_19_index_djvu.txt	?	-
sim_annalen-der-physik_1830_20	https://archive.org/download/sim_annalen-der-physik_1830_20/sim_annalen-der-physik_1830_20_djvu.txt	?	-
sim_annalen-der-physik_1830_20_index	https://archive.org/download/sim_annalen-der-physik_1830_20_index/sim_annalen-der-physik_1830_20_index_djvu.txt	?	-
sim_annalen-der-physik_1831_21	https://archive.org/download/sim_annalen-der-physik_1831_21/sim_annalen-der-physik_1831_21_djvu.txt	?	-
sim_annalen-der-physik_1831_21_index	https://archive.org/download/sim_annalen-der-physik_1831_21_index/sim_annalen-der-physik_1831_21_index_djvu.txt	?	-
sim_annalen-der-physik_1831_22	https://archive.org/download/sim_annalen-der-physik_1831_22/sim_annalen-der-physik_1831_22_djvu.txt	?	-
sim_annalen-der-physik_1831_22_index	https://archive.org/download/sim_annalen-der-physik_1831_22_index/sim_annalen-der-physik_1831_22_index_djvu.txt	?	-
sim_annalen-der-physik_1831_23	https://archive.org/download/sim_annalen-der-physik_1831_23/sim_annalen-der-physik_1831_23_djvu.txt	?	-
sim_annalen-der-physik_1831_23_index	https://archive.org/download/sim_annalen-der-physik_1831_23_index/sim_annalen-der-physik_1831_23_index_djvu.txt	?	-
sim_annalen-der-physik_1832_24	https://archive.org/download/sim_annalen-der-physik_1832_24/sim_annalen-der-physik_1832_24_djvu.txt	?	-
sim_annalen-der-physik_1832_24_index	https://archive.org/download/sim_annalen-der-physik_1832_24_index/sim_annalen-der-physik_1832_24_index_djvu.txt	?	-
sim_annalen-der-physik_1832_25	https://archive.org/download/sim_annalen-der-physik_1832_25/sim_annalen-der-physik_1832_25_djvu.txt	?	-
sim_annalen-der-physik_1832_25_index	https://archive.org/download/sim_annalen-der-physik_1832_25_index/sim_annalen-der-physik_1832_25_index_djvu.txt	?	-
sim_annalen-der-physik_1832_26	https://archive.org/download/sim_annalen-der-physik_1832_26/sim_annalen-der-physik_1832_26_djvu.txt	?	-
sim_annalen-der-physik_1832_26_index	https://archive.org/download/sim_annalen-der-physik_1832_26_index/sim_annalen-der-physik_1832_26_index_djvu.txt	?	-
sim_annalen-der-physik_1833_27	https://archive.org/download/sim_annalen-der-physik_1833_27/sim_annalen-der-physik_1833_27_djvu.txt	?	-
sim_annalen-der-physik_1833_27_index	https://archive.org/download/sim_annalen-der-physik_1833_27_index/sim_annalen-der-physik_1833_27_index_djvu.txt	?	-
sim_annalen-der-physik_1833_28	https://archive.org/download/sim_annalen-der-physik_1833_28/sim_annalen-der-physik_1833_28_djvu.txt	?	-
sim_annalen-der-physik_1833_28_index	https://archive.org/download/sim_annalen-der-physik_1833_28_index/sim_annalen-der-physik_1833_28_index_djvu.txt	?	-
sim_annalen-der-physik_1833_29	https://archive.org/download/sim_annalen-der-physik_1833_29/sim_annalen-der-physik_1833_29_djvu.txt	?	-
sim_annalen-der-physik_1833_29_index	https://archive.org/download/sim_annalen-der-physik_1833_29_index/sim_annalen-der-physik_1833_29_index_djvu.txt	?	-
sim_annalen-der-physik_1833_30	https://archive.org/download/sim_annalen-der-physik_1833_30/sim_annalen-der-physik_1833_30_djvu.txt	?	-
sim_annalen-der-physik_1833_30_index	https://archive.org/download/sim_annalen-der-physik_1833_30_index/sim_annalen-der-physik_1833_30_index_djvu.txt	?	-
sim_annalen-der-physik_1834_31_1	https://archive.org/download/sim_annalen-der-physik_1834_31_1/sim_annalen-der-physik_1834_31_1_djvu.txt	?	-
sim_annalen-der-physik_1834_31_10	https://archive.org/download/sim_annalen-der-physik_1834_31_10/sim_annalen-der-physik_1834_31_10_djvu.txt	?	-
sim_annalen-der-physik_1834_31_11	https://archive.org/download/sim_annalen-der-physik_1834_31_11/sim_annalen-der-physik_1834_31_11_djvu.txt	?	-
sim_annalen-der-physik_1834_31_12	https://archive.org/download/sim_annalen-der-physik_1834_31_12/sim_annalen-der-physik_1834_31_12_djvu.txt	?	-
sim_annalen-der-physik_1834_31_13	https://archive.org/download/sim_annalen-der-physik_1834_31_13/sim_annalen-der-physik_1834_31_13_djvu.txt	?	-
sim_annalen-der-physik_1834_31_14	https://archive.org/download/sim_annalen-der-physik_1834_31_14/sim_annalen-der-physik_1834_31_14_djvu.txt	?	-
sim_annalen-der-physik_1834_31_15	https://archive.org/download/sim_annalen-der-physik_1834_31_15/sim_annalen-der-physik_1834_31_15_djvu.txt	?	-
sim_annalen-der-physik_1834_31_16	https://archive.org/download/sim_annalen-der-physik_1834_31_16/sim_annalen-der-physik_1834_31_16_djvu.txt	?	-
sim_annalen-der-physik_1834_31_17	https://archive.org/download/sim_annalen-der-physik_1834_31_17/sim_annalen-der-physik_1834_31_17_djvu.txt	?	-
sim_annalen-der-physik_1834_31_18	https://archive.org/download/sim_annalen-der-physik_1834_31_18/sim_annalen-der-physik_1834_31_18_djvu.txt	?	-
sim_annalen-der-physik_1834_31_19	https://archive.org/download/sim_annalen-der-physik_1834_31_19/sim_annalen-der-physik_1834_31_19_djvu.txt	?	-
sim_annalen-der-physik_1834_31_2	https://archive.org/download/sim_annalen-der-physik_1834_31_2/sim_annalen-der-physik_1834_31_2_djvu.txt	?	-
sim_annalen-der-physik_1834_31_20	https://archive.org/download/sim_annalen-der-physik_1834_31_20/sim_annalen-der-physik_1834_31_20_djvu.txt	?	-
sim_annalen-der-physik_1834_31_21	https://archive.org/download/sim_annalen-der-physik_1834_31_21/sim_annalen-der-physik_1834_31_21_djvu.txt	?	-
sim_annalen-der-physik_1834_31_22	https://archive.org/download/sim_annalen-der-physik_1834_31_22/sim_annalen-der-physik_1834_31_22_djvu.txt	?	-
sim_annalen-der-physik_1834_31_23	https://archive.org/download/sim_annalen-der-physik_1834_31_23/sim_annalen-der-physik_1834_31_23_djvu.txt	?	-
sim_annalen-der-physik_1834_31_24	https://archive.org/download/sim_annalen-der-physik_1834_31_24/sim_annalen-der-physik_1834_31_24_djvu.txt	?	-
sim_annalen-der-physik_1834_31_25	https://archive.org/download/sim_annalen-der-physik_1834_31_25/sim_annalen-der-physik_1834_31_25_djvu.txt	?	-
sim_annalen-der-physik_1834_31_26	https://archive.org/download/sim_annalen-der-physik_1834_31_26/sim_annalen-der-physik_1834_31_26_djvu.txt	?	-
sim_annalen-der-physik_1834_31_27	https://archive.org/download/sim_annalen-der-physik_1834_31_27/sim_annalen-der-physik_1834_31_27_djvu.txt	?	-
sim_annalen-der-physik_1834_31_28	https://archive.org/download/sim_annalen-der-physik_1834_31_28/sim_annalen-der-physik_1834_31_28_djvu.txt	?	-
sim_annalen-der-physik_1834_31_29	https://archive.org/download/sim_annalen-der-physik_1834_31_29/sim_annalen-der-physik_1834_31_29_djvu.txt	?	-
sim_annalen-der-physik_1834_31_3	https://archive.org/download/sim_annalen-der-physik_1834_31_3/sim_annalen-der-physik_1834_31_3_djvu.txt	?	-
sim_annalen-der-physik_1834_31_30	https://archive.org/download/sim_annalen-der-physik_1834_31_30/sim_annalen-der-physik_1834_31_30_djvu.txt	?	-
sim_annalen-der-physik_1834_31_31	https://archive.org/download/sim_annalen-der-physik_1834_31_31/sim_annalen-der-physik_1834_31_31_djvu.txt	?	-
sim_annalen-der-physik_1834_31_32	https://archive.org/download/sim_annalen-der-physik_1834_31_32/sim_annalen-der-physik_1834_31_32_djvu.txt	?	-
sim_annalen-der-physik_1834_31_33	https://archive.org/download/sim_annalen-der-physik_1834_31_33/sim_annalen-der-physik_1834_31_33_djvu.txt	?	-
sim_annalen-der-physik_1834_31_34	https://archive.org/download/sim_annalen-der-physik_1834_31_34/sim_annalen-der-physik_1834_31_34_djvu.txt	?	-
sim_annalen-der-physik_1834_31_35	https://archive.org/download/sim_annalen-der-physik_1834_31_35/sim_annalen-der-physik_1834_31_35_djvu.txt	?	-
sim_annalen-der-physik_1834_31_36	https://archive.org/download/sim_annalen-der-physik_1834_31_36/sim_annalen-der-physik_1834_31_36_djvu.txt	?	-
sim_annalen-der-physik_1834_31_37	https://archive.org/download/sim_annalen-der-physik_1834_31_37/sim_annalen-der-physik_1834_31_37_djvu.txt	?	-
sim_annalen-der-physik_1834_31_38	https://archive.org/download/sim_annalen-der-physik_1834_31_38/sim_annalen-der-physik_1834_31_38_djvu.txt	?	-
sim_annalen-der-physik_1834_31_39	https://archive.org/download/sim_annalen-der-physik_1834_31_39/sim_annalen-der-physik_1834_31_39_djvu.txt	?	-
sim_annalen-der-physik_1834_31_4	https://archive.org/download/sim_annalen-der-physik_1834_31_4/sim_annalen-der-physik_1834_31_4_djvu.txt	?	-
sim_annalen-der-physik_1834_31_40	https://archive.org/download/sim_annalen-der-physik_1834_31_40/sim_annalen-der-physik_1834_31_40_djvu.txt	?	-
sim_annalen-der-physik_1834_31_41	https://archive.org/download/sim_annalen-der-physik_1834_31_41/sim_annalen-der-physik_1834_31_41_djvu.txt	?	-
sim_annalen-der-physik_1834_31_42	https://archive.org/download/sim_annalen-der-physik_1834_31_42/sim_annalen-der-physik_1834_31_42_djvu.txt	?	-
sim_annalen-der-physik_1834_31_5	https://archive.org/download/sim_annalen-der-physik_1834_31_5/sim_annalen-der-physik_1834_31_5_djvu.txt	?	-
sim_annalen-der-physik_1834_31_6	https://archive.org/download/sim_annalen-der-physik_1834_31_6/sim_annalen-der-physik_1834_31_6_djvu.txt	?	-
sim_annalen-der-physik_1834_31_7	https://archive.org/download/sim_annalen-der-physik_1834_31_7/sim_annalen-der-physik_1834_31_7_djvu.txt	?	-
sim_annalen-der-physik_1834_31_8	https://archive.org/download/sim_annalen-der-physik_1834_31_8/sim_annalen-der-physik_1834_31_8_djvu.txt	?	-
sim_annalen-der-physik_1834_31_9	https://archive.org/download/sim_annalen-der-physik_1834_31_9/sim_annalen-der-physik_1834_31_9_djvu.txt	?	-
sim_annalen-der-physik_1834_31_index	https://archive.org/download/sim_annalen-der-physik_1834_31_index/sim_annalen-der-physik_1834_31_index_djvu.txt	?	-
sim_annalen-der-physik_1834_32_1	https://archive.org/download/sim_annalen-der-physik_1834_32_1/sim_annalen-der-physik_1834_32_1_djvu.txt	?	-
sim_annalen-der-physik_1834_32_10	https://archive.org/download/sim_annalen-der-physik_1834_32_10/sim_annalen-der-physik_1834_32_10_djvu.txt	?	-
sim_annalen-der-physik_1834_32_11	https://archive.org/download/sim_annalen-der-physik_1834_32_11/sim_annalen-der-physik_1834_32_11_djvu.txt	?	-
sim_annalen-der-physik_1834_32_12	https://archive.org/download/sim_annalen-der-physik_1834_32_12/sim_annalen-der-physik_1834_32_12_djvu.txt	?	-
sim_annalen-der-physik_1834_32_13	https://archive.org/download/sim_annalen-der-physik_1834_32_13/sim_annalen-der-physik_1834_32_13_djvu.txt	?	-
sim_annalen-der-physik_1834_32_14	https://archive.org/download/sim_annalen-der-physik_1834_32_14/sim_annalen-der-physik_1834_32_14_djvu.txt	?	-
sim_annalen-der-physik_1834_32_15	https://archive.org/download/sim_annalen-der-physik_1834_32_15/sim_annalen-der-physik_1834_32_15_djvu.txt	?	-
sim_annalen-der-physik_1834_32_16	https://archive.org/download/sim_annalen-der-physik_1834_32_16/sim_annalen-der-physik_1834_32_16_djvu.txt	?	-
sim_annalen-der-physik_1834_32_17	https://archive.org/download/sim_annalen-der-physik_1834_32_17/sim_annalen-der-physik_1834_32_17_djvu.txt	?	-
sim_annalen-der-physik_1834_32_18	https://archive.org/download/sim_annalen-der-physik_1834_32_18/sim_annalen-der-physik_1834_32_18_djvu.txt	?	-
sim_annalen-der-physik_1834_32_19	https://archive.org/download/sim_annalen-der-physik_1834_32_19/sim_annalen-der-physik_1834_32_19_djvu.txt	?	-
sim_annalen-der-physik_1834_32_2	https://archive.org/download/sim_annalen-der-physik_1834_32_2/sim_annalen-der-physik_1834_32_2_djvu.txt	?	-
sim_annalen-der-physik_1834_32_20	https://archive.org/download/sim_annalen-der-physik_1834_32_20/sim_annalen-der-physik_1834_32_20_djvu.txt	?	-
sim_annalen-der-physik_1834_32_21	https://archive.org/download/sim_annalen-der-physik_1834_32_21/sim_annalen-der-physik_1834_32_21_djvu.txt	?	-
sim_annalen-der-physik_1834_32_22	https://archive.org/download/sim_annalen-der-physik_1834_32_22/sim_annalen-der-physik_1834_32_22_djvu.txt	?	-
sim_annalen-der-physik_1834_32_23	https://archive.org/download/sim_annalen-der-physik_1834_32_23/sim_annalen-der-physik_1834_32_23_djvu.txt	?	-
sim_annalen-der-physik_1834_32_24	https://archive.org/download/sim_annalen-der-physik_1834_32_24/sim_annalen-der-physik_1834_32_24_djvu.txt	?	-
sim_annalen-der-physik_1834_32_25	https://archive.org/download/sim_annalen-der-physik_1834_32_25/sim_annalen-der-physik_1834_32_25_djvu.txt	?	-
sim_annalen-der-physik_1834_32_26	https://archive.org/download/sim_annalen-der-physik_1834_32_26/sim_annalen-der-physik_1834_32_26_djvu.txt	?	-
sim_annalen-der-physik_1834_32_27	https://archive.org/download/sim_annalen-der-physik_1834_32_27/sim_annalen-der-physik_1834_32_27_djvu.txt	?	-
sim_annalen-der-physik_1834_32_28	https://archive.org/download/sim_annalen-der-physik_1834_32_28/sim_annalen-der-physik_1834_32_28_djvu.txt	?	-
sim_annalen-der-physik_1834_32_29	https://archive.org/download/sim_annalen-der-physik_1834_32_29/sim_annalen-der-physik_1834_32_29_djvu.txt	?	-
sim_annalen-der-physik_1834_32_3	https://archive.org/download/sim_annalen-der-physik_1834_32_3/sim_annalen-der-physik_1834_32_3_djvu.txt	?	-
sim_annalen-der-physik_1834_32_30	https://archive.org/download/sim_annalen-der-physik_1834_32_30/sim_annalen-der-physik_1834_32_30_djvu.txt	?	-
sim_annalen-der-physik_1834_32_31	https://archive.org/download/sim_annalen-der-physik_1834_32_31/sim_annalen-der-physik_1834_32_31_djvu.txt	?	-
sim_annalen-der-physik_1834_32_32	https://archive.org/download/sim_annalen-der-physik_1834_32_32/sim_annalen-der-physik_1834_32_32_djvu.txt	?	-
sim_annalen-der-physik_1834_32_33	https://archive.org/download/sim_annalen-der-physik_1834_32_33/sim_annalen-der-physik_1834_32_33_djvu.txt	?	-
sim_annalen-der-physik_1834_32_34	https://archive.org/download/sim_annalen-der-physik_1834_32_34/sim_annalen-der-physik_1834_32_34_djvu.txt	?	-
sim_annalen-der-physik_1834_32_35	https://archive.org/download/sim_annalen-der-physik_1834_32_35/sim_annalen-der-physik_1834_32_35_djvu.txt	?	-
sim_annalen-der-physik_1834_32_36	https://archive.org/download/sim_annalen-der-physik_1834_32_36/sim_annalen-der-physik_1834_32_36_djvu.txt	?	-
sim_annalen-der-physik_1834_32_37	https://archive.org/download/sim_annalen-der-physik_1834_32_37/sim_annalen-der-physik_1834_32_37_djvu.txt	?	-
sim_annalen-der-physik_1834_32_38	https://archive.org/download/sim_annalen-der-physik_1834_32_38/sim_annalen-der-physik_1834_32_38_djvu.txt	?	-
sim_annalen-der-physik_1834_32_39	https://archive.org/download/sim_annalen-der-physik_1834_32_39/sim_annalen-der-physik_1834_32_39_djvu.txt	?	-
sim_annalen-der-physik_1834_32_4	https://archive.org/download/sim_annalen-der-physik_1834_32_4/sim_annalen-der-physik_1834_32_4_djvu.txt	?	-
sim_annalen-der-physik_1834_32_40	https://archive.org/download/sim_annalen-der-physik_1834_32_40/sim_annalen-der-physik_1834_32_40_djvu.txt	?	-
sim_annalen-der-physik_1834_32_41	https://archive.org/download/sim_annalen-der-physik_1834_32_41/sim_annalen-der-physik_1834_32_41_djvu.txt	?	-
sim_annalen-der-physik_1834_32_5	https://archive.org/download/sim_annalen-der-physik_1834_32_5/sim_annalen-der-physik_1834_32_5_djvu.txt	?	-
sim_annalen-der-physik_1834_32_6	https://archive.org/download/sim_annalen-der-physik_1834_32_6/sim_annalen-der-physik_1834_32_6_djvu.txt	?	-
sim_annalen-der-physik_1834_32_7	https://archive.org/download/sim_annalen-der-physik_1834_32_7/sim_annalen-der-physik_1834_32_7_djvu.txt	?	-
sim_annalen-der-physik_1834_32_8	https://archive.org/download/sim_annalen-der-physik_1834_32_8/sim_annalen-der-physik_1834_32_8_djvu.txt	?	-
sim_annalen-der-physik_1834_32_9	https://archive.org/download/sim_annalen-der-physik_1834_32_9/sim_annalen-der-physik_1834_32_9_djvu.txt	?	-
sim_annalen-der-physik_1834_32_index	https://archive.org/download/sim_annalen-der-physik_1834_32_index/sim_annalen-der-physik_1834_32_index_djvu.txt	?	-
sim_annalen-der-physik_1834_33_1	https://archive.org/download/sim_annalen-der-physik_1834_33_1/sim_annalen-der-physik_1834_33_1_djvu.txt	?	-
sim_annalen-der-physik_1834_33_10	https://archive.org/download/sim_annalen-der-physik_1834_33_10/sim_annalen-der-physik_1834_33_10_djvu.txt	?	-
sim_annalen-der-physik_1834_33_11	https://archive.org/download/sim_annalen-der-physik_1834_33_11/sim_annalen-der-physik_1834_33_11_djvu.txt	?	-
sim_annalen-der-physik_1834_33_12	https://archive.org/download/sim_annalen-der-physik_1834_33_12/sim_annalen-der-physik_1834_33_12_djvu.txt	?	-
sim_annalen-der-physik_1834_33_13	https://archive.org/download/sim_annalen-der-physik_1834_33_13/sim_annalen-der-physik_1834_33_13_djvu.txt	?	-
sim_annalen-der-physik_1834_33_14	https://archive.org/download/sim_annalen-der-physik_1834_33_14/sim_annalen-der-physik_1834_33_14_djvu.txt	?	-
sim_annalen-der-physik_1834_33_15	https://archive.org/download/sim_annalen-der-physik_1834_33_15/sim_annalen-der-physik_1834_33_15_djvu.txt	?	-
sim_annalen-der-physik_1834_33_16	https://archive.org/download/sim_annalen-der-physik_1834_33_16/sim_annalen-der-physik_1834_33_16_djvu.txt	?	-
sim_annalen-der-physik_1834_33_17	https://archive.org/download/sim_annalen-der-physik_1834_33_17/sim_annalen-der-physik_1834_33_17_djvu.txt	?	-
sim_annalen-der-physik_1834_33_18	https://archive.org/download/sim_annalen-der-physik_1834_33_18/sim_annalen-der-physik_1834_33_18_djvu.txt	?	-
sim_annalen-der-physik_1834_33_19	https://archive.org/download/sim_annalen-der-physik_1834_33_19/sim_annalen-der-physik_1834_33_19_djvu.txt	?	-
sim_annalen-der-physik_1834_33_2	https://archive.org/download/sim_annalen-der-physik_1834_33_2/sim_annalen-der-physik_1834_33_2_djvu.txt	?	-
sim_annalen-der-physik_1834_33_20	https://archive.org/download/sim_annalen-der-physik_1834_33_20/sim_annalen-der-physik_1834_33_20_djvu.txt	?	-
sim_annalen-der-physik_1834_33_21	https://archive.org/download/sim_annalen-der-physik_1834_33_21/sim_annalen-der-physik_1834_33_21_djvu.txt	?	-
sim_annalen-der-physik_1834_33_22	https://archive.org/download/sim_annalen-der-physik_1834_33_22/sim_annalen-der-physik_1834_33_22_djvu.txt	?	-
sim_annalen-der-physik_1834_33_23	https://archive.org/download/sim_annalen-der-physik_1834_33_23/sim_annalen-der-physik_1834_33_23_djvu.txt	?	-
sim_annalen-der-physik_1834_33_24	https://archive.org/download/sim_annalen-der-physik_1834_33_24/sim_annalen-der-physik_1834_33_24_djvu.txt	?	-
sim_annalen-der-physik_1834_33_25	https://archive.org/download/sim_annalen-der-physik_1834_33_25/sim_annalen-der-physik_1834_33_25_djvu.txt	?	-
sim_annalen-der-physik_1834_33_26	https://archive.org/download/sim_annalen-der-physik_1834_33_26/sim_annalen-der-physik_1834_33_26_djvu.txt	?	-
sim_annalen-der-physik_1834_33_27	https://archive.org/download/sim_annalen-der-physik_1834_33_27/sim_annalen-der-physik_1834_33_27_djvu.txt	?	-
sim_annalen-der-physik_1834_33_28	https://archive.org/download/sim_annalen-der-physik_1834_33_28/sim_annalen-der-physik_1834_33_28_djvu.txt	?	-
sim_annalen-der-physik_1834_33_29	https://archive.org/download/sim_annalen-der-physik_1834_33_29/sim_annalen-der-physik_1834_33_29_djvu.txt	?	-
sim_annalen-der-physik_1834_33_3	https://archive.org/download/sim_annalen-der-physik_1834_33_3/sim_annalen-der-physik_1834_33_3_djvu.txt	?	-
sim_annalen-der-physik_1834_33_30	https://archive.org/download/sim_annalen-der-physik_1834_33_30/sim_annalen-der-physik_1834_33_30_djvu.txt	?	-
sim_annalen-der-physik_1834_33_31	https://archive.org/download/sim_annalen-der-physik_1834_33_31/sim_annalen-der-physik_1834_33_31_djvu.txt	?	-
sim_annalen-der-physik_1834_33_32	https://archive.org/download/sim_annalen-der-physik_1834_33_32/sim_annalen-der-physik_1834_33_32_djvu.txt	?	-
sim_annalen-der-physik_1834_33_33	https://archive.org/download/sim_annalen-der-physik_1834_33_33/sim_annalen-der-physik_1834_33_33_djvu.txt	?	-
sim_annalen-der-physik_1834_33_34	https://archive.org/download/sim_annalen-der-physik_1834_33_34/sim_annalen-der-physik_1834_33_34_djvu.txt	?	-
sim_annalen-der-physik_1834_33_4	https://archive.org/download/sim_annalen-der-physik_1834_33_4/sim_annalen-der-physik_1834_33_4_djvu.txt	?	-
sim_annalen-der-physik_1834_33_5	https://archive.org/download/sim_annalen-der-physik_1834_33_5/sim_annalen-der-physik_1834_33_5_djvu.txt	?	-
sim_annalen-der-physik_1834_33_6	https://archive.org/download/sim_annalen-der-physik_1834_33_6/sim_annalen-der-physik_1834_33_6_djvu.txt	?	-
sim_annalen-der-physik_1834_33_7	https://archive.org/download/sim_annalen-der-physik_1834_33_7/sim_annalen-der-physik_1834_33_7_djvu.txt	?	-
sim_annalen-der-physik_1834_33_8	https://archive.org/download/sim_annalen-der-physik_1834_33_8/sim_annalen-der-physik_1834_33_8_djvu.txt	?	-
sim_annalen-der-physik_1834_33_9	https://archive.org/download/sim_annalen-der-physik_1834_33_9/sim_annalen-der-physik_1834_33_9_djvu.txt	?	-
sim_annalen-der-physik_1834_33_index	https://archive.org/download/sim_annalen-der-physik_1834_33_index/sim_annalen-der-physik_1834_33_index_djvu.txt	?	-
sim_annalen-der-physik_1835_34_1	https://archive.org/download/sim_annalen-der-physik_1835_34_1/sim_annalen-der-physik_1835_34_1_djvu.txt	?	-
sim_annalen-der-physik_1835_34_2	https://archive.org/download/sim_annalen-der-physik_1835_34_2/sim_annalen-der-physik_1835_34_2_djvu.txt	?	-
sim_annalen-der-physik_1835_34_3	https://archive.org/download/sim_annalen-der-physik_1835_34_3/sim_annalen-der-physik_1835_34_3_djvu.txt	?	-
sim_annalen-der-physik_1835_34_4	https://archive.org/download/sim_annalen-der-physik_1835_34_4/sim_annalen-der-physik_1835_34_4_djvu.txt	?	-
sim_annalen-der-physik_1835_34_index	https://archive.org/download/sim_annalen-der-physik_1835_34_index/sim_annalen-der-physik_1835_34_index_djvu.txt	?	-
sim_annalen-der-physik_1835_35_5	https://archive.org/download/sim_annalen-der-physik_1835_35_5/sim_annalen-der-physik_1835_35_5_djvu.txt	?	-
sim_annalen-der-physik_1835_35_6	https://archive.org/download/sim_annalen-der-physik_1835_35_6/sim_annalen-der-physik_1835_35_6_djvu.txt	?	-
sim_annalen-der-physik_1835_35_7	https://archive.org/download/sim_annalen-der-physik_1835_35_7/sim_annalen-der-physik_1835_35_7_djvu.txt	?	-
sim_annalen-der-physik_1835_35_8	https://archive.org/download/sim_annalen-der-physik_1835_35_8/sim_annalen-der-physik_1835_35_8_djvu.txt	?	-
sim_annalen-der-physik_1835_35_index	https://archive.org/download/sim_annalen-der-physik_1835_35_index/sim_annalen-der-physik_1835_35_index_djvu.txt	?	-
sim_annalen-der-physik_1835_36_10	https://archive.org/download/sim_annalen-der-physik_1835_36_10/sim_annalen-der-physik_1835_36_10_djvu.txt	?	-
sim_annalen-der-physik_1835_36_11	https://archive.org/download/sim_annalen-der-physik_1835_36_11/sim_annalen-der-physik_1835_36_11_djvu.txt	?	-
sim_annalen-der-physik_1835_36_12	https://archive.org/download/sim_annalen-der-physik_1835_36_12/sim_annalen-der-physik_1835_36_12_djvu.txt	?	-
sim_annalen-der-physik_1835_36_9	https://archive.org/download/sim_annalen-der-physik_1835_36_9/sim_annalen-der-physik_1835_36_9_djvu.txt	?	-
sim_annalen-der-physik_1835_36_index	https://archive.org/download/sim_annalen-der-physik_1835_36_index/sim_annalen-der-physik_1835_36_index_djvu.txt	?	-
sim_annalen-der-physik_1836_37_1	https://archive.org/download/sim_annalen-der-physik_1836_37_1/sim_annalen-der-physik_1836_37_1_djvu.txt	?	-
sim_annalen-der-physik_1836_37_2	https://archive.org/download/sim_annalen-der-physik_1836_37_2/sim_annalen-der-physik_1836_37_2_djvu.txt	?	-
sim_annalen-der-physik_1836_37_3	https://archive.org/download/sim_annalen-der-physik_1836_37_3/sim_annalen-der-physik_1836_37_3_djvu.txt	?	-
sim_annalen-der-physik_1836_37_4	https://archive.org/download/sim_annalen-der-physik_1836_37_4/sim_annalen-der-physik_1836_37_4_djvu.txt	?	-
sim_annalen-der-physik_1836_37_index	https://archive.org/download/sim_annalen-der-physik_1836_37_index/sim_annalen-der-physik_1836_37_index_djvu.txt	?	-
sim_annalen-der-physik_1836_38_5	https://archive.org/download/sim_annalen-der-physik_1836_38_5/sim_annalen-der-physik_1836_38_5_djvu.txt	?	-
sim_annalen-der-physik_1836_38_6	https://archive.org/download/sim_annalen-der-physik_1836_38_6/sim_annalen-der-physik_1836_38_6_djvu.txt	?	-
sim_annalen-der-physik_1836_38_7	https://archive.org/download/sim_annalen-der-physik_1836_38_7/sim_annalen-der-physik_1836_38_7_djvu.txt	?	-
sim_annalen-der-physik_1836_38_8	https://archive.org/download/sim_annalen-der-physik_1836_38_8/sim_annalen-der-physik_1836_38_8_djvu.txt	?	-
sim_annalen-der-physik_1836_38_index	https://archive.org/download/sim_annalen-der-physik_1836_38_index/sim_annalen-der-physik_1836_38_index_djvu.txt	?	-
sim_annalen-der-physik_1836_39_10	https://archive.org/download/sim_annalen-der-physik_1836_39_10/sim_annalen-der-physik_1836_39_10_djvu.txt	?	-
sim_annalen-der-physik_1836_39_11	https://archive.org/download/sim_annalen-der-physik_1836_39_11/sim_annalen-der-physik_1836_39_11_djvu.txt	?	-
sim_annalen-der-physik_1836_39_12	https://archive.org/download/sim_annalen-der-physik_1836_39_12/sim_annalen-der-physik_1836_39_12_djvu.txt	?	-
sim_annalen-der-physik_1836_39_9	https://archive.org/download/sim_annalen-der-physik_1836_39_9/sim_annalen-der-physik_1836_39_9_djvu.txt	?	-
sim_annalen-der-physik_1836_39_index	https://archive.org/download/sim_annalen-der-physik_1836_39_index/sim_annalen-der-physik_1836_39_index_djvu.txt	?	-
sim_annalen-der-physik_1837_40_1	https://archive.org/download/sim_annalen-der-physik_1837_40_1/sim_annalen-der-physik_1837_40_1_djvu.txt	?	-
sim_annalen-der-physik_1837_40_2	https://archive.org/download/sim_annalen-der-physik_1837_40_2/sim_annalen-der-physik_1837_40_2_djvu.txt	?	-
sim_annalen-der-physik_1837_40_3	https://archive.org/download/sim_annalen-der-physik_1837_40_3/sim_annalen-der-physik_1837_40_3_djvu.txt	?	-
sim_annalen-der-physik_1837_40_4	https://archive.org/download/sim_annalen-der-physik_1837_40_4/sim_annalen-der-physik_1837_40_4_djvu.txt	?	-
sim_annalen-der-physik_1837_40_index	https://archive.org/download/sim_annalen-der-physik_1837_40_index/sim_annalen-der-physik_1837_40_index_djvu.txt	?	-
sim_annalen-der-physik_1837_41_5	https://archive.org/download/sim_annalen-der-physik_1837_41_5/sim_annalen-der-physik_1837_41_5_djvu.txt	?	-
sim_annalen-der-physik_1837_41_6	https://archive.org/download/sim_annalen-der-physik_1837_41_6/sim_annalen-der-physik_1837_41_6_djvu.txt	?	-
sim_annalen-der-physik_1837_41_7	https://archive.org/download/sim_annalen-der-physik_1837_41_7/sim_annalen-der-physik_1837_41_7_djvu.txt	?	-
sim_annalen-der-physik_1837_41_8	https://archive.org/download/sim_annalen-der-physik_1837_41_8/sim_annalen-der-physik_1837_41_8_djvu.txt	?	-
sim_annalen-der-physik_1837_41_index	https://archive.org/download/sim_annalen-der-physik_1837_41_index/sim_annalen-der-physik_1837_41_index_djvu.txt	?	-
sim_annalen-der-physik_1837_42_10	https://archive.org/download/sim_annalen-der-physik_1837_42_10/sim_annalen-der-physik_1837_42_10_djvu.txt	?	-
sim_annalen-der-physik_1837_42_11	https://archive.org/download/sim_annalen-der-physik_1837_42_11/sim_annalen-der-physik_1837_42_11_djvu.txt	?	-
sim_annalen-der-physik_1837_42_12	https://archive.org/download/sim_annalen-der-physik_1837_42_12/sim_annalen-der-physik_1837_42_12_djvu.txt	?	-
sim_annalen-der-physik_1837_42_13	https://archive.org/download/sim_annalen-der-physik_1837_42_13/sim_annalen-der-physik_1837_42_13_djvu.txt	?	-
sim_annalen-der-physik_1837_42_9	https://archive.org/download/sim_annalen-der-physik_1837_42_9/sim_annalen-der-physik_1837_42_9_djvu.txt	?	-
sim_annalen-der-physik_1837_42_index	https://archive.org/download/sim_annalen-der-physik_1837_42_index/sim_annalen-der-physik_1837_42_index_djvu.txt	?	-
sim_annalen-der-physik_1838_43_1	https://archive.org/download/sim_annalen-der-physik_1838_43_1/sim_annalen-der-physik_1838_43_1_djvu.txt	?	-
sim_annalen-der-physik_1838_43_2	https://archive.org/download/sim_annalen-der-physik_1838_43_2/sim_annalen-der-physik_1838_43_2_djvu.txt	?	-
sim_annalen-der-physik_1838_43_3	https://archive.org/download/sim_annalen-der-physik_1838_43_3/sim_annalen-der-physik_1838_43_3_djvu.txt	?	-
sim_annalen-der-physik_1838_43_4	https://archive.org/download/sim_annalen-der-physik_1838_43_4/sim_annalen-der-physik_1838_43_4_djvu.txt	?	-
sim_annalen-der-physik_1838_43_index	https://archive.org/download/sim_annalen-der-physik_1838_43_index/sim_annalen-der-physik_1838_43_index_djvu.txt	?	-
sim_annalen-der-physik_1838_44_5	https://archive.org/download/sim_annalen-der-physik_1838_44_5/sim_annalen-der-physik_1838_44_5_djvu.txt	?	-
sim_annalen-der-physik_1838_44_6	https://archive.org/download/sim_annalen-der-physik_1838_44_6/sim_annalen-der-physik_1838_44_6_djvu.txt	?	-
sim_annalen-der-physik_1838_44_7	https://archive.org/download/sim_annalen-der-physik_1838_44_7/sim_annalen-der-physik_1838_44_7_djvu.txt	?	-
sim_annalen-der-physik_1838_44_8	https://archive.org/download/sim_annalen-der-physik_1838_44_8/sim_annalen-der-physik_1838_44_8_djvu.txt	?	-
sim_annalen-der-physik_1838_45_10	https://archive.org/download/sim_annalen-der-physik_1838_45_10/sim_annalen-der-physik_1838_45_10_djvu.txt	?	-
sim_annalen-der-physik_1838_45_11	https://archive.org/download/sim_annalen-der-physik_1838_45_11/sim_annalen-der-physik_1838_45_11_djvu.txt	?	-
sim_annalen-der-physik_1838_45_12	https://archive.org/download/sim_annalen-der-physik_1838_45_12/sim_annalen-der-physik_1838_45_12_djvu.txt	?	-
sim_annalen-der-physik_1838_45_9	https://archive.org/download/sim_annalen-der-physik_1838_45_9/sim_annalen-der-physik_1838_45_9_djvu.txt	?	-
sim_annalen-der-physik_1838_45_index	https://archive.org/download/sim_annalen-der-physik_1838_45_index/sim_annalen-der-physik_1838_45_index_djvu.txt	?	-
sim_annalen-der-physik_1839_46_1	https://archive.org/download/sim_annalen-der-physik_1839_46_1/sim_annalen-der-physik_1839_46_1_djvu.txt	?	-
sim_annalen-der-physik_1839_46_2	https://archive.org/download/sim_annalen-der-physik_1839_46_2/sim_annalen-der-physik_1839_46_2_djvu.txt	?	-
sim_annalen-der-physik_1839_46_3	https://archive.org/download/sim_annalen-der-physik_1839_46_3/sim_annalen-der-physik_1839_46_3_djvu.txt	?	-
sim_annalen-der-physik_1839_46_4	https://archive.org/download/sim_annalen-der-physik_1839_46_4/sim_annalen-der-physik_1839_46_4_djvu.txt	?	-
sim_annalen-der-physik_1839_46_index	https://archive.org/download/sim_annalen-der-physik_1839_46_index/sim_annalen-der-physik_1839_46_index_djvu.txt	?	-
sim_annalen-der-physik_1839_47_5	https://archive.org/download/sim_annalen-der-physik_1839_47_5/sim_annalen-der-physik_1839_47_5_djvu.txt	?	-
sim_annalen-der-physik_1839_47_6	https://archive.org/download/sim_annalen-der-physik_1839_47_6/sim_annalen-der-physik_1839_47_6_djvu.txt	?	-
sim_annalen-der-physik_1839_47_7	https://archive.org/download/sim_annalen-der-physik_1839_47_7/sim_annalen-der-physik_1839_47_7_djvu.txt	?	-
sim_annalen-der-physik_1839_47_8	https://archive.org/download/sim_annalen-der-physik_1839_47_8/sim_annalen-der-physik_1839_47_8_djvu.txt	?	-
sim_annalen-der-physik_1839_47_index	https://archive.org/download/sim_annalen-der-physik_1839_47_index/sim_annalen-der-physik_1839_47_index_djvu.txt	?	-
sim_annalen-der-physik_1839_48_10	https://archive.org/download/sim_annalen-der-physik_1839_48_10/sim_annalen-der-physik_1839_48_10_djvu.txt	?	-
sim_annalen-der-physik_1839_48_11	https://archive.org/download/sim_annalen-der-physik_1839_48_11/sim_annalen-der-physik_1839_48_11_djvu.txt	?	-
sim_annalen-der-physik_1839_48_12	https://archive.org/download/sim_annalen-der-physik_1839_48_12/sim_annalen-der-physik_1839_48_12_djvu.txt	?	-
sim_annalen-der-physik_1839_48_9	https://archive.org/download/sim_annalen-der-physik_1839_48_9/sim_annalen-der-physik_1839_48_9_djvu.txt	?	-
sim_annalen-der-physik_1839_48_index	https://archive.org/download/sim_annalen-der-physik_1839_48_index/sim_annalen-der-physik_1839_48_index_djvu.txt	?	-
sim_annalen-der-physik_1840_49_1	https://archive.org/download/sim_annalen-der-physik_1840_49_1/sim_annalen-der-physik_1840_49_1_djvu.txt	?	-
sim_annalen-der-physik_1840_49_2	https://archive.org/download/sim_annalen-der-physik_1840_49_2/sim_annalen-der-physik_1840_49_2_djvu.txt	?	-
sim_annalen-der-physik_1840_49_3	https://archive.org/download/sim_annalen-der-physik_1840_49_3/sim_annalen-der-physik_1840_49_3_djvu.txt	?	-
sim_annalen-der-physik_1840_49_4	https://archive.org/download/sim_annalen-der-physik_1840_49_4/sim_annalen-der-physik_1840_49_4_djvu.txt	?	-
sim_annalen-der-physik_1840_49_index	https://archive.org/download/sim_annalen-der-physik_1840_49_index/sim_annalen-der-physik_1840_49_index_djvu.txt	?	-
sim_annalen-der-physik_1840_50_5	https://archive.org/download/sim_annalen-der-physik_1840_50_5/sim_annalen-der-physik_1840_50_5_djvu.txt	?	-
sim_annalen-der-physik_1840_50_6	https://archive.org/download/sim_annalen-der-physik_1840_50_6/sim_annalen-der-physik_1840_50_6_djvu.txt	?	-
sim_annalen-der-physik_1840_50_7	https://archive.org/download/sim_annalen-der-physik_1840_50_7/sim_annalen-der-physik_1840_50_7_djvu.txt	?	-
sim_annalen-der-physik_1840_50_8	https://archive.org/download/sim_annalen-der-physik_1840_50_8/sim_annalen-der-physik_1840_50_8_djvu.txt	?	-
sim_annalen-der-physik_1840_50_index	https://archive.org/download/sim_annalen-der-physik_1840_50_index/sim_annalen-der-physik_1840_50_index_djvu.txt	?	-
sim_annalen-der-physik_1840_51_10	https://archive.org/download/sim_annalen-der-physik_1840_51_10/sim_annalen-der-physik_1840_51_10_djvu.txt	?	-
sim_annalen-der-physik_1840_51_11	https://archive.org/download/sim_annalen-der-physik_1840_51_11/sim_annalen-der-physik_1840_51_11_djvu.txt	?	-
sim_annalen-der-physik_1840_51_12	https://archive.org/download/sim_annalen-der-physik_1840_51_12/sim_annalen-der-physik_1840_51_12_djvu.txt	?	-
sim_annalen-der-physik_1840_51_9	https://archive.org/download/sim_annalen-der-physik_1840_51_9/sim_annalen-der-physik_1840_51_9_djvu.txt	?	-
sim_annalen-der-physik_1840_51_index	https://archive.org/download/sim_annalen-der-physik_1840_51_index/sim_annalen-der-physik_1840_51_index_djvu.txt	?	-
sim_annalen-der-physik_1841_52_1	https://archive.org/download/sim_annalen-der-physik_1841_52_1/sim_annalen-der-physik_1841_52_1_djvu.txt	?	-
sim_annalen-der-physik_1841_52_2	https://archive.org/download/sim_annalen-der-physik_1841_52_2/sim_annalen-der-physik_1841_52_2_djvu.txt	?	-
sim_annalen-der-physik_1841_52_3	https://archive.org/download/sim_annalen-der-physik_1841_52_3/sim_annalen-der-physik_1841_52_3_djvu.txt	?	-
sim_annalen-der-physik_1841_52_4	https://archive.org/download/sim_annalen-der-physik_1841_52_4/sim_annalen-der-physik_1841_52_4_djvu.txt	?	-
sim_annalen-der-physik_1841_52_index	https://archive.org/download/sim_annalen-der-physik_1841_52_index/sim_annalen-der-physik_1841_52_index_djvu.txt	?	-
sim_annalen-der-physik_1841_53_5	https://archive.org/download/sim_annalen-der-physik_1841_53_5/sim_annalen-der-physik_1841_53_5_djvu.txt	?	-
sim_annalen-der-physik_1841_53_6	https://archive.org/download/sim_annalen-der-physik_1841_53_6/sim_annalen-der-physik_1841_53_6_djvu.txt	?	-
sim_annalen-der-physik_1841_53_7	https://archive.org/download/sim_annalen-der-physik_1841_53_7/sim_annalen-der-physik_1841_53_7_djvu.txt	?	-
sim_annalen-der-physik_1841_53_8	https://archive.org/download/sim_annalen-der-physik_1841_53_8/sim_annalen-der-physik_1841_53_8_djvu.txt	?	-
sim_annalen-der-physik_1841_53_index	https://archive.org/download/sim_annalen-der-physik_1841_53_index/sim_annalen-der-physik_1841_53_index_djvu.txt	?	-
sim_annalen-der-physik_1841_54_10	https://archive.org/download/sim_annalen-der-physik_1841_54_10/sim_annalen-der-physik_1841_54_10_djvu.txt	?	-
sim_annalen-der-physik_1841_54_11	https://archive.org/download/sim_annalen-der-physik_1841_54_11/sim_annalen-der-physik_1841_54_11_djvu.txt	?	-
sim_annalen-der-physik_1841_54_12	https://archive.org/download/sim_annalen-der-physik_1841_54_12/sim_annalen-der-physik_1841_54_12_djvu.txt	?	-
sim_annalen-der-physik_1841_54_9	https://archive.org/download/sim_annalen-der-physik_1841_54_9/sim_annalen-der-physik_1841_54_9_djvu.txt	?	-
sim_annalen-der-physik_1841_54_index	https://archive.org/download/sim_annalen-der-physik_1841_54_index/sim_annalen-der-physik_1841_54_index_djvu.txt	?	-
sim_annalen-der-physik_1842_55_1	https://archive.org/download/sim_annalen-der-physik_1842_55_1/sim_annalen-der-physik_1842_55_1_djvu.txt	?	-
sim_annalen-der-physik_1842_55_2	https://archive.org/download/sim_annalen-der-physik_1842_55_2/sim_annalen-der-physik_1842_55_2_djvu.txt	?	-
sim_annalen-der-physik_1842_55_3	https://archive.org/download/sim_annalen-der-physik_1842_55_3/sim_annalen-der-physik_1842_55_3_djvu.txt	?	-
sim_annalen-der-physik_1842_55_4	https://archive.org/download/sim_annalen-der-physik_1842_55_4/sim_annalen-der-physik_1842_55_4_djvu.txt	?	-
sim_annalen-der-physik_1842_55_index	https://archive.org/download/sim_annalen-der-physik_1842_55_index/sim_annalen-der-physik_1842_55_index_djvu.txt	?	-
sim_annalen-der-physik_1842_56_5	https://archive.org/download/sim_annalen-der-physik_1842_56_5/sim_annalen-der-physik_1842_56_5_djvu.txt	?	-
sim_annalen-der-physik_1842_56_6	https://archive.org/download/sim_annalen-der-physik_1842_56_6/sim_annalen-der-physik_1842_56_6_djvu.txt	?	-
sim_annalen-der-physik_1842_56_7	https://archive.org/download/sim_annalen-der-physik_1842_56_7/sim_annalen-der-physik_1842_56_7_djvu.txt	?	-
sim_annalen-der-physik_1842_56_8	https://archive.org/download/sim_annalen-der-physik_1842_56_8/sim_annalen-der-physik_1842_56_8_djvu.txt	?	-
sim_annalen-der-physik_1842_56_index	https://archive.org/download/sim_annalen-der-physik_1842_56_index/sim_annalen-der-physik_1842_56_index_djvu.txt	?	-
sim_annalen-der-physik_1842_57_10	https://archive.org/download/sim_annalen-der-physik_1842_57_10/sim_annalen-der-physik_1842_57_10_djvu.txt	?	-
sim_annalen-der-physik_1842_57_11	https://archive.org/download/sim_annalen-der-physik_1842_57_11/sim_annalen-der-physik_1842_57_11_djvu.txt	?	-
sim_annalen-der-physik_1842_57_12	https://archive.org/download/sim_annalen-der-physik_1842_57_12/sim_annalen-der-physik_1842_57_12_djvu.txt	?	-
sim_annalen-der-physik_1842_57_9	https://archive.org/download/sim_annalen-der-physik_1842_57_9/sim_annalen-der-physik_1842_57_9_djvu.txt	?	-
sim_annalen-der-physik_1842_57_index	https://archive.org/download/sim_annalen-der-physik_1842_57_index/sim_annalen-der-physik_1842_57_index_djvu.txt	?	-
sim_annalen-der-physik_1843_58_1	https://archive.org/download/sim_annalen-der-physik_1843_58_1/sim_annalen-der-physik_1843_58_1_djvu.txt	?	-
sim_annalen-der-physik_1843_58_2	https://archive.org/download/sim_annalen-der-physik_1843_58_2/sim_annalen-der-physik_1843_58_2_djvu.txt	?	-
sim_annalen-der-physik_1843_58_3	https://archive.org/download/sim_annalen-der-physik_1843_58_3/sim_annalen-der-physik_1843_58_3_djvu.txt	?	-
sim_annalen-der-physik_1843_58_4	https://archive.org/download/sim_annalen-der-physik_1843_58_4/sim_annalen-der-physik_1843_58_4_djvu.txt	?	-
sim_annalen-der-physik_1843_58_index	https://archive.org/download/sim_annalen-der-physik_1843_58_index/sim_annalen-der-physik_1843_58_index_djvu.txt	?	-
sim_annalen-der-physik_1843_59_5	https://archive.org/download/sim_annalen-der-physik_1843_59_5/sim_annalen-der-physik_1843_59_5_djvu.txt	?	-
sim_annalen-der-physik_1843_59_6	https://archive.org/download/sim_annalen-der-physik_1843_59_6/sim_annalen-der-physik_1843_59_6_djvu.txt	?	-
sim_annalen-der-physik_1843_59_7	https://archive.org/download/sim_annalen-der-physik_1843_59_7/sim_annalen-der-physik_1843_59_7_djvu.txt	?	-
sim_annalen-der-physik_1843_59_8	https://archive.org/download/sim_annalen-der-physik_1843_59_8/sim_annalen-der-physik_1843_59_8_djvu.txt	?	-
sim_annalen-der-physik_1843_59_index	https://archive.org/download/sim_annalen-der-physik_1843_59_index/sim_annalen-der-physik_1843_59_index_djvu.txt	?	-
sim_annalen-der-physik_1843_60_10	https://archive.org/download/sim_annalen-der-physik_1843_60_10/sim_annalen-der-physik_1843_60_10_djvu.txt	?	-
sim_annalen-der-physik_1843_60_11	https://archive.org/download/sim_annalen-der-physik_1843_60_11/sim_annalen-der-physik_1843_60_11_djvu.txt	?	-
sim_annalen-der-physik_1843_60_12	https://archive.org/download/sim_annalen-der-physik_1843_60_12/sim_annalen-der-physik_1843_60_12_djvu.txt	?	-
sim_annalen-der-physik_1843_60_9	https://archive.org/download/sim_annalen-der-physik_1843_60_9/sim_annalen-der-physik_1843_60_9_djvu.txt	?	-
sim_annalen-der-physik_1843_60_index	https://archive.org/download/sim_annalen-der-physik_1843_60_index/sim_annalen-der-physik_1843_60_index_djvu.txt	?	-
sim_annalen-der-physik_1846_69_10	https://archive.org/download/sim_annalen-der-physik_1846_69_10/sim_annalen-der-physik_1846_69_10_djvu.txt	?	-
sim_annalen-der-physik_1846_69_11	https://archive.org/download/sim_annalen-der-physik_1846_69_11/sim_annalen-der-physik_1846_69_11_djvu.txt	?	-
sim_annalen-der-physik_1846_69_12	https://archive.org/download/sim_annalen-der-physik_1846_69_12/sim_annalen-der-physik_1846_69_12_djvu.txt	?	-
sim_annalen-der-physik_1846_69_9	https://archive.org/download/sim_annalen-der-physik_1846_69_9/sim_annalen-der-physik_1846_69_9_djvu.txt	?	-
sim_annalen-der-physik_1846_69_index	https://archive.org/download/sim_annalen-der-physik_1846_69_index/sim_annalen-der-physik_1846_69_index_djvu.txt	?	-
sim_annalen-der-physik_1847_70_1	https://archive.org/download/sim_annalen-der-physik_1847_70_1/sim_annalen-der-physik_1847_70_1_djvu.txt	?	-
sim_annalen-der-physik_1847_70_2	https://archive.org/download/sim_annalen-der-physik_1847_70_2/sim_annalen-der-physik_1847_70_2_djvu.txt	?	-
sim_annalen-der-physik_1847_70_3	https://archive.org/download/sim_annalen-der-physik_1847_70_3/sim_annalen-der-physik_1847_70_3_djvu.txt	?	-
sim_annalen-der-physik_1847_70_4	https://archive.org/download/sim_annalen-der-physik_1847_70_4/sim_annalen-der-physik_1847_70_4_djvu.txt	?	-
sim_annalen-der-physik_1847_70_index	https://archive.org/download/sim_annalen-der-physik_1847_70_index/sim_annalen-der-physik_1847_70_index_djvu.txt	?	-
sim_annalen-der-physik_1847_71_5	https://archive.org/download/sim_annalen-der-physik_1847_71_5/sim_annalen-der-physik_1847_71_5_djvu.txt	?	-
sim_annalen-der-physik_1847_71_6	https://archive.org/download/sim_annalen-der-physik_1847_71_6/sim_annalen-der-physik_1847_71_6_djvu.txt	?	-
sim_annalen-der-physik_1847_71_7	https://archive.org/download/sim_annalen-der-physik_1847_71_7/sim_annalen-der-physik_1847_71_7_djvu.txt	?	-
sim_annalen-der-physik_1847_71_8	https://archive.org/download/sim_annalen-der-physik_1847_71_8/sim_annalen-der-physik_1847_71_8_djvu.txt	?	-
sim_annalen-der-physik_1847_71_index	https://archive.org/download/sim_annalen-der-physik_1847_71_index/sim_annalen-der-physik_1847_71_index_djvu.txt	?	-
sim_annalen-der-physik_1847_72_10	https://archive.org/download/sim_annalen-der-physik_1847_72_10/sim_annalen-der-physik_1847_72_10_djvu.txt	?	-
sim_annalen-der-physik_1847_72_11	https://archive.org/download/sim_annalen-der-physik_1847_72_11/sim_annalen-der-physik_1847_72_11_djvu.txt	?	-
sim_annalen-der-physik_1847_72_12	https://archive.org/download/sim_annalen-der-physik_1847_72_12/sim_annalen-der-physik_1847_72_12_djvu.txt	?	-
sim_annalen-der-physik_1847_72_9	https://archive.org/download/sim_annalen-der-physik_1847_72_9/sim_annalen-der-physik_1847_72_9_djvu.txt	?	-
sim_annalen-der-physik_1847_72_index	https://archive.org/download/sim_annalen-der-physik_1847_72_index/sim_annalen-der-physik_1847_72_index_djvu.txt	?	-
sim_annalen-der-physik_1848_73_1	https://archive.org/download/sim_annalen-der-physik_1848_73_1/sim_annalen-der-physik_1848_73_1_djvu.txt	?	-
sim_annalen-der-physik_1848_73_2	https://archive.org/download/sim_annalen-der-physik_1848_73_2/sim_annalen-der-physik_1848_73_2_djvu.txt	?	-
sim_annalen-der-physik_1848_73_3	https://archive.org/download/sim_annalen-der-physik_1848_73_3/sim_annalen-der-physik_1848_73_3_djvu.txt	?	-
sim_annalen-der-physik_1848_73_4	https://archive.org/download/sim_annalen-der-physik_1848_73_4/sim_annalen-der-physik_1848_73_4_djvu.txt	?	-
sim_annalen-der-physik_1848_73_index	https://archive.org/download/sim_annalen-der-physik_1848_73_index/sim_annalen-der-physik_1848_73_index_djvu.txt	?	-
sim_annalen-der-physik_1848_74_5	https://archive.org/download/sim_annalen-der-physik_1848_74_5/sim_annalen-der-physik_1848_74_5_djvu.txt	?	-
sim_annalen-der-physik_1848_74_6	https://archive.org/download/sim_annalen-der-physik_1848_74_6/sim_annalen-der-physik_1848_74_6_djvu.txt	?	-
sim_annalen-der-physik_1848_74_7	https://archive.org/download/sim_annalen-der-physik_1848_74_7/sim_annalen-der-physik_1848_74_7_djvu.txt	?	-
sim_annalen-der-physik_1848_74_8	https://archive.org/download/sim_annalen-der-physik_1848_74_8/sim_annalen-der-physik_1848_74_8_djvu.txt	?	-
sim_annalen-der-physik_1848_74_index	https://archive.org/download/sim_annalen-der-physik_1848_74_index/sim_annalen-der-physik_1848_74_index_djvu.txt	?	-
sim_annalen-der-physik_1848_75_10	https://archive.org/download/sim_annalen-der-physik_1848_75_10/sim_annalen-der-physik_1848_75_10_djvu.txt	?	-
sim_annalen-der-physik_1848_75_11	https://archive.org/download/sim_annalen-der-physik_1848_75_11/sim_annalen-der-physik_1848_75_11_djvu.txt	?	-
sim_annalen-der-physik_1848_75_12	https://archive.org/download/sim_annalen-der-physik_1848_75_12/sim_annalen-der-physik_1848_75_12_djvu.txt	?	-
sim_annalen-der-physik_1848_75_9	https://archive.org/download/sim_annalen-der-physik_1848_75_9/sim_annalen-der-physik_1848_75_9_djvu.txt	?	-
sim_annalen-der-physik_1848_75_index	https://archive.org/download/sim_annalen-der-physik_1848_75_index/sim_annalen-der-physik_1848_75_index_djvu.txt	?	-
sim_annalen-der-physik_1849_76_1	https://archive.org/download/sim_annalen-der-physik_1849_76_1/sim_annalen-der-physik_1849_76_1_djvu.txt	?	-
sim_annalen-der-physik_1849_76_2	https://archive.org/download/sim_annalen-der-physik_1849_76_2/sim_annalen-der-physik_1849_76_2_djvu.txt	?	-
sim_annalen-der-physik_1849_76_3	https://archive.org/download/sim_annalen-der-physik_1849_76_3/sim_annalen-der-physik_1849_76_3_djvu.txt	?	-
sim_annalen-der-physik_1849_76_4	https://archive.org/download/sim_annalen-der-physik_1849_76_4/sim_annalen-der-physik_1849_76_4_djvu.txt	?	-
sim_annalen-der-physik_1849_76_index	https://archive.org/download/sim_annalen-der-physik_1849_76_index/sim_annalen-der-physik_1849_76_index_djvu.txt	?	-
sim_annalen-der-physik_1849_77_5	https://archive.org/download/sim_annalen-der-physik_1849_77_5/sim_annalen-der-physik_1849_77_5_djvu.txt	?	-
sim_annalen-der-physik_1849_77_6	https://archive.org/download/sim_annalen-der-physik_1849_77_6/sim_annalen-der-physik_1849_77_6_djvu.txt	?	-
sim_annalen-der-physik_1849_77_7	https://archive.org/download/sim_annalen-der-physik_1849_77_7/sim_annalen-der-physik_1849_77_7_djvu.txt	?	-
sim_annalen-der-physik_1849_77_8	https://archive.org/download/sim_annalen-der-physik_1849_77_8/sim_annalen-der-physik_1849_77_8_djvu.txt	?	-
sim_annalen-der-physik_1849_77_index	https://archive.org/download/sim_annalen-der-physik_1849_77_index/sim_annalen-der-physik_1849_77_index_djvu.txt	?	-
sim_annalen-der-physik_1849_78_10	https://archive.org/download/sim_annalen-der-physik_1849_78_10/sim_annalen-der-physik_1849_78_10_djvu.txt	?	-
sim_annalen-der-physik_1849_78_11	https://archive.org/download/sim_annalen-der-physik_1849_78_11/sim_annalen-der-physik_1849_78_11_djvu.txt	?	-
sim_annalen-der-physik_1849_78_12	https://archive.org/download/sim_annalen-der-physik_1849_78_12/sim_annalen-der-physik_1849_78_12_djvu.txt	?	-
sim_annalen-der-physik_1849_78_9	https://archive.org/download/sim_annalen-der-physik_1849_78_9/sim_annalen-der-physik_1849_78_9_djvu.txt	?	-
sim_annalen-der-physik_1849_78_index	https://archive.org/download/sim_annalen-der-physik_1849_78_index/sim_annalen-der-physik_1849_78_index_djvu.txt	?	-
sim_annalen-der-physik_1850_79_1	https://archive.org/download/sim_annalen-der-physik_1850_79_1/sim_annalen-der-physik_1850_79_1_djvu.txt	?	-
sim_annalen-der-physik_1850_79_2	https://archive.org/download/sim_annalen-der-physik_1850_79_2/sim_annalen-der-physik_1850_79_2_djvu.txt	?	-
sim_annalen-der-physik_1850_79_3	https://archive.org/download/sim_annalen-der-physik_1850_79_3/sim_annalen-der-physik_1850_79_3_djvu.txt	?	-
sim_annalen-der-physik_1850_79_4	https://archive.org/download/sim_annalen-der-physik_1850_79_4/sim_annalen-der-physik_1850_79_4_djvu.txt	?	-
sim_annalen-der-physik_1850_79_index	https://archive.org/download/sim_annalen-der-physik_1850_79_index/sim_annalen-der-physik_1850_79_index_djvu.txt	?	-
sim_annalen-der-physik_1850_80_5	https://archive.org/download/sim_annalen-der-physik_1850_80_5/sim_annalen-der-physik_1850_80_5_djvu.txt	?	-
sim_annalen-der-physik_1850_80_6	https://archive.org/download/sim_annalen-der-physik_1850_80_6/sim_annalen-der-physik_1850_80_6_djvu.txt	?	-
sim_annalen-der-physik_1850_80_7	https://archive.org/download/sim_annalen-der-physik_1850_80_7/sim_annalen-der-physik_1850_80_7_djvu.txt	?	-
sim_annalen-der-physik_1850_80_8	https://archive.org/download/sim_annalen-der-physik_1850_80_8/sim_annalen-der-physik_1850_80_8_djvu.txt	?	-
sim_annalen-der-physik_1850_80_index	https://archive.org/download/sim_annalen-der-physik_1850_80_index/sim_annalen-der-physik_1850_80_index_djvu.txt	?	-
sim_annalen-der-physik_1850_81_10	https://archive.org/download/sim_annalen-der-physik_1850_81_10/sim_annalen-der-physik_1850_81_10_djvu.txt	?	-
sim_annalen-der-physik_1850_81_11	https://archive.org/download/sim_annalen-der-physik_1850_81_11/sim_annalen-der-physik_1850_81_11_djvu.txt	?	-
sim_annalen-der-physik_1850_81_12	https://archive.org/download/sim_annalen-der-physik_1850_81_12/sim_annalen-der-physik_1850_81_12_djvu.txt	?	-
sim_annalen-der-physik_1850_81_9	https://archive.org/download/sim_annalen-der-physik_1850_81_9/sim_annalen-der-physik_1850_81_9_djvu.txt	?	-
sim_annalen-der-physik_1850_81_index	https://archive.org/download/sim_annalen-der-physik_1850_81_index/sim_annalen-der-physik_1850_81_index_djvu.txt	?	-
sim_annalen-der-physik_1851_82_1	https://archive.org/download/sim_annalen-der-physik_1851_82_1/sim_annalen-der-physik_1851_82_1_djvu.txt	?	-
sim_annalen-der-physik_1851_82_2	https://archive.org/download/sim_annalen-der-physik_1851_82_2/sim_annalen-der-physik_1851_82_2_djvu.txt	?	-
sim_annalen-der-physik_1851_82_3	https://archive.org/download/sim_annalen-der-physik_1851_82_3/sim_annalen-der-physik_1851_82_3_djvu.txt	?	-
sim_annalen-der-physik_1851_82_4	https://archive.org/download/sim_annalen-der-physik_1851_82_4/sim_annalen-der-physik_1851_82_4_djvu.txt	?	-
sim_annalen-der-physik_1851_82_index	https://archive.org/download/sim_annalen-der-physik_1851_82_index/sim_annalen-der-physik_1851_82_index_djvu.txt	?	-
sim_annalen-der-physik_1851_83_5	https://archive.org/download/sim_annalen-der-physik_1851_83_5/sim_annalen-der-physik_1851_83_5_djvu.txt	?	-
sim_annalen-der-physik_1851_83_6	https://archive.org/download/sim_annalen-der-physik_1851_83_6/sim_annalen-der-physik_1851_83_6_djvu.txt	?	-
sim_annalen-der-physik_1851_83_7	https://archive.org/download/sim_annalen-der-physik_1851_83_7/sim_annalen-der-physik_1851_83_7_djvu.txt	?	-
sim_annalen-der-physik_1851_83_8	https://archive.org/download/sim_annalen-der-physik_1851_83_8/sim_annalen-der-physik_1851_83_8_djvu.txt	?	-
sim_annalen-der-physik_1851_83_index	https://archive.org/download/sim_annalen-der-physik_1851_83_index/sim_annalen-der-physik_1851_83_index_djvu.txt	?	-
sim_annalen-der-physik_1851_84_10	https://archive.org/download/sim_annalen-der-physik_1851_84_10/sim_annalen-der-physik_1851_84_10_djvu.txt	?	-
sim_annalen-der-physik_1851_84_11	https://archive.org/download/sim_annalen-der-physik_1851_84_11/sim_annalen-der-physik_1851_84_11_djvu.txt	?	-
sim_annalen-der-physik_1851_84_12	https://archive.org/download/sim_annalen-der-physik_1851_84_12/sim_annalen-der-physik_1851_84_12_djvu.txt	?	-
sim_annalen-der-physik_1851_84_9	https://archive.org/download/sim_annalen-der-physik_1851_84_9/sim_annalen-der-physik_1851_84_9_djvu.txt	?	-
sim_annalen-der-physik_1851_84_index	https://archive.org/download/sim_annalen-der-physik_1851_84_index/sim_annalen-der-physik_1851_84_index_djvu.txt	?	-
sim_annalen-der-physik_1852_85_1	https://archive.org/download/sim_annalen-der-physik_1852_85_1/sim_annalen-der-physik_1852_85_1_djvu.txt	?	-
sim_annalen-der-physik_1852_85_2	https://archive.org/download/sim_annalen-der-physik_1852_85_2/sim_annalen-der-physik_1852_85_2_djvu.txt	?	-
sim_annalen-der-physik_1852_85_3	https://archive.org/download/sim_annalen-der-physik_1852_85_3/sim_annalen-der-physik_1852_85_3_djvu.txt	?	-
sim_annalen-der-physik_1852_85_4	https://archive.org/download/sim_annalen-der-physik_1852_85_4/sim_annalen-der-physik_1852_85_4_djvu.txt	?	-
sim_annalen-der-physik_1852_85_index	https://archive.org/download/sim_annalen-der-physik_1852_85_index/sim_annalen-der-physik_1852_85_index_djvu.txt	?	-
sim_annalen-der-physik_1852_86_5	https://archive.org/download/sim_annalen-der-physik_1852_86_5/sim_annalen-der-physik_1852_86_5_djvu.txt	?	-
sim_annalen-der-physik_1852_86_6	https://archive.org/download/sim_annalen-der-physik_1852_86_6/sim_annalen-der-physik_1852_86_6_djvu.txt	?	-
sim_annalen-der-physik_1852_86_7	https://archive.org/download/sim_annalen-der-physik_1852_86_7/sim_annalen-der-physik_1852_86_7_djvu.txt	?	-
sim_annalen-der-physik_1852_86_8	https://archive.org/download/sim_annalen-der-physik_1852_86_8/sim_annalen-der-physik_1852_86_8_djvu.txt	?	-
sim_annalen-der-physik_1852_86_index	https://archive.org/download/sim_annalen-der-physik_1852_86_index/sim_annalen-der-physik_1852_86_index_djvu.txt	?	-
sim_annalen-der-physik_1852_87_10	https://archive.org/download/sim_annalen-der-physik_1852_87_10/sim_annalen-der-physik_1852_87_10_djvu.txt	?	-
sim_annalen-der-physik_1852_87_11	https://archive.org/download/sim_annalen-der-physik_1852_87_11/sim_annalen-der-physik_1852_87_11_djvu.txt	?	-
sim_annalen-der-physik_1852_87_12	https://archive.org/download/sim_annalen-der-physik_1852_87_12/sim_annalen-der-physik_1852_87_12_djvu.txt	?	-
sim_annalen-der-physik_1852_87_9	https://archive.org/download/sim_annalen-der-physik_1852_87_9/sim_annalen-der-physik_1852_87_9_djvu.txt	?	-
sim_annalen-der-physik_1852_87_index	https://archive.org/download/sim_annalen-der-physik_1852_87_index/sim_annalen-der-physik_1852_87_index_djvu.txt	?	-
sim_annalen-der-physik_1853_88_1	https://archive.org/download/sim_annalen-der-physik_1853_88_1/sim_annalen-der-physik_1853_88_1_djvu.txt	?	-
sim_annalen-der-physik_1853_88_2	https://archive.org/download/sim_annalen-der-physik_1853_88_2/sim_annalen-der-physik_1853_88_2_djvu.txt	?	-
sim_annalen-der-physik_1853_88_3	https://archive.org/download/sim_annalen-der-physik_1853_88_3/sim_annalen-der-physik_1853_88_3_djvu.txt	?	-
sim_annalen-der-physik_1853_88_4	https://archive.org/download/sim_annalen-der-physik_1853_88_4/sim_annalen-der-physik_1853_88_4_djvu.txt	?	-
sim_annalen-der-physik_1853_88_index	https://archive.org/download/sim_annalen-der-physik_1853_88_index/sim_annalen-der-physik_1853_88_index_djvu.txt	?	-
sim_annalen-der-physik_1853_89_5	https://archive.org/download/sim_annalen-der-physik_1853_89_5/sim_annalen-der-physik_1853_89_5_djvu.txt	?	-
sim_annalen-der-physik_1853_89_6	https://archive.org/download/sim_annalen-der-physik_1853_89_6/sim_annalen-der-physik_1853_89_6_djvu.txt	?	-
sim_annalen-der-physik_1853_89_7	https://archive.org/download/sim_annalen-der-physik_1853_89_7/sim_annalen-der-physik_1853_89_7_djvu.txt	?	-
sim_annalen-der-physik_1853_89_8	https://archive.org/download/sim_annalen-der-physik_1853_89_8/sim_annalen-der-physik_1853_89_8_djvu.txt	?	-
sim_annalen-der-physik_1853_89_index	https://archive.org/download/sim_annalen-der-physik_1853_89_index/sim_annalen-der-physik_1853_89_index_djvu.txt	?	-
sim_annalen-der-physik_1853_90_10	https://archive.org/download/sim_annalen-der-physik_1853_90_10/sim_annalen-der-physik_1853_90_10_djvu.txt	?	-
sim_annalen-der-physik_1853_90_11	https://archive.org/download/sim_annalen-der-physik_1853_90_11/sim_annalen-der-physik_1853_90_11_djvu.txt	?	-
sim_annalen-der-physik_1853_90_12	https://archive.org/download/sim_annalen-der-physik_1853_90_12/sim_annalen-der-physik_1853_90_12_djvu.txt	?	-
sim_annalen-der-physik_1853_90_9	https://archive.org/download/sim_annalen-der-physik_1853_90_9/sim_annalen-der-physik_1853_90_9_djvu.txt	?	-
sim_annalen-der-physik_1853_90_index	https://archive.org/download/sim_annalen-der-physik_1853_90_index/sim_annalen-der-physik_1853_90_index_djvu.txt	?	-
sim_annalen-der-physik_1854_91_1	https://archive.org/download/sim_annalen-der-physik_1854_91_1/sim_annalen-der-physik_1854_91_1_djvu.txt	?	-
sim_annalen-der-physik_1854_91_2	https://archive.org/download/sim_annalen-der-physik_1854_91_2/sim_annalen-der-physik_1854_91_2_djvu.txt	?	-
sim_annalen-der-physik_1854_91_3	https://archive.org/download/sim_annalen-der-physik_1854_91_3/sim_annalen-der-physik_1854_91_3_djvu.txt	?	-
sim_annalen-der-physik_1854_91_4	https://archive.org/download/sim_annalen-der-physik_1854_91_4/sim_annalen-der-physik_1854_91_4_djvu.txt	?	-
sim_annalen-der-physik_1854_91_index	https://archive.org/download/sim_annalen-der-physik_1854_91_index/sim_annalen-der-physik_1854_91_index_djvu.txt	?	-
sim_annalen-der-physik_1854_92_5	https://archive.org/download/sim_annalen-der-physik_1854_92_5/sim_annalen-der-physik_1854_92_5_djvu.txt	?	-
sim_annalen-der-physik_1854_92_6	https://archive.org/download/sim_annalen-der-physik_1854_92_6/sim_annalen-der-physik_1854_92_6_djvu.txt	?	-
sim_annalen-der-physik_1854_92_7	https://archive.org/download/sim_annalen-der-physik_1854_92_7/sim_annalen-der-physik_1854_92_7_djvu.txt	?	-
sim_annalen-der-physik_1854_92_8	https://archive.org/download/sim_annalen-der-physik_1854_92_8/sim_annalen-der-physik_1854_92_8_djvu.txt	?	-
sim_annalen-der-physik_1854_92_index	https://archive.org/download/sim_annalen-der-physik_1854_92_index/sim_annalen-der-physik_1854_92_index_djvu.txt	?	-
sim_annalen-der-physik_1854_93_10	https://archive.org/download/sim_annalen-der-physik_1854_93_10/sim_annalen-der-physik_1854_93_10_djvu.txt	?	-
sim_annalen-der-physik_1854_93_11	https://archive.org/download/sim_annalen-der-physik_1854_93_11/sim_annalen-der-physik_1854_93_11_djvu.txt	?	-
sim_annalen-der-physik_1854_93_12	https://archive.org/download/sim_annalen-der-physik_1854_93_12/sim_annalen-der-physik_1854_93_12_djvu.txt	?	-
sim_annalen-der-physik_1854_93_9	https://archive.org/download/sim_annalen-der-physik_1854_93_9/sim_annalen-der-physik_1854_93_9_djvu.txt	?	-
sim_annalen-der-physik_1854_93_index	https://archive.org/download/sim_annalen-der-physik_1854_93_index/sim_annalen-der-physik_1854_93_index_djvu.txt	?	-
sim_annalen-der-physik_1855_94_1	https://archive.org/download/sim_annalen-der-physik_1855_94_1/sim_annalen-der-physik_1855_94_1_djvu.txt	?	-
sim_annalen-der-physik_1855_94_2	https://archive.org/download/sim_annalen-der-physik_1855_94_2/sim_annalen-der-physik_1855_94_2_djvu.txt	?	-
sim_annalen-der-physik_1855_94_3	https://archive.org/download/sim_annalen-der-physik_1855_94_3/sim_annalen-der-physik_1855_94_3_djvu.txt	?	-
sim_annalen-der-physik_1855_94_4	https://archive.org/download/sim_annalen-der-physik_1855_94_4/sim_annalen-der-physik_1855_94_4_djvu.txt	?	-
sim_annalen-der-physik_1855_94_index	https://archive.org/download/sim_annalen-der-physik_1855_94_index/sim_annalen-der-physik_1855_94_index_djvu.txt	?	-
sim_annalen-der-physik_1855_95_5	https://archive.org/download/sim_annalen-der-physik_1855_95_5/sim_annalen-der-physik_1855_95_5_djvu.txt	?	-
sim_annalen-der-physik_1855_95_6	https://archive.org/download/sim_annalen-der-physik_1855_95_6/sim_annalen-der-physik_1855_95_6_djvu.txt	?	-
sim_annalen-der-physik_1855_95_7	https://archive.org/download/sim_annalen-der-physik_1855_95_7/sim_annalen-der-physik_1855_95_7_djvu.txt	?	-
sim_annalen-der-physik_1855_95_8	https://archive.org/download/sim_annalen-der-physik_1855_95_8/sim_annalen-der-physik_1855_95_8_djvu.txt	?	-
sim_annalen-der-physik_1855_95_index	https://archive.org/download/sim_annalen-der-physik_1855_95_index/sim_annalen-der-physik_1855_95_index_djvu.txt	?	-
sim_annalen-der-physik_1855_96_10	https://archive.org/download/sim_annalen-der-physik_1855_96_10/sim_annalen-der-physik_1855_96_10_djvu.txt	?	-
sim_annalen-der-physik_1855_96_11	https://archive.org/download/sim_annalen-der-physik_1855_96_11/sim_annalen-der-physik_1855_96_11_djvu.txt	?	-
sim_annalen-der-physik_1855_96_12	https://archive.org/download/sim_annalen-der-physik_1855_96_12/sim_annalen-der-physik_1855_96_12_djvu.txt	?	-
sim_annalen-der-physik_1855_96_9	https://archive.org/download/sim_annalen-der-physik_1855_96_9/sim_annalen-der-physik_1855_96_9_djvu.txt	?	-
sim_annalen-der-physik_1855_96_index	https://archive.org/download/sim_annalen-der-physik_1855_96_index/sim_annalen-der-physik_1855_96_index_djvu.txt	?	-
sim_annalen-der-physik_1856_97_1	https://archive.org/download/sim_annalen-der-physik_1856_97_1/sim_annalen-der-physik_1856_97_1_djvu.txt	?	-
sim_annalen-der-physik_1856_97_2	https://archive.org/download/sim_annalen-der-physik_1856_97_2/sim_annalen-der-physik_1856_97_2_djvu.txt	?	-
sim_annalen-der-physik_1856_97_3	https://archive.org/download/sim_annalen-der-physik_1856_97_3/sim_annalen-der-physik_1856_97_3_djvu.txt	?	-
sim_annalen-der-physik_1856_97_4	https://archive.org/download/sim_annalen-der-physik_1856_97_4/sim_annalen-der-physik_1856_97_4_djvu.txt	?	-
sim_annalen-der-physik_1856_97_index	https://archive.org/download/sim_annalen-der-physik_1856_97_index/sim_annalen-der-physik_1856_97_index_djvu.txt	?	-
sim_annalen-der-physik_1856_98_5	https://archive.org/download/sim_annalen-der-physik_1856_98_5/sim_annalen-der-physik_1856_98_5_djvu.txt	?	-
sim_annalen-der-physik_1856_98_6	https://archive.org/download/sim_annalen-der-physik_1856_98_6/sim_annalen-der-physik_1856_98_6_djvu.txt	?	-
sim_annalen-der-physik_1856_98_7	https://archive.org/download/sim_annalen-der-physik_1856_98_7/sim_annalen-der-physik_1856_98_7_djvu.txt	?	-
sim_annalen-der-physik_1856_98_8	https://archive.org/download/sim_annalen-der-physik_1856_98_8/sim_annalen-der-physik_1856_98_8_djvu.txt	?	-
sim_annalen-der-physik_1856_98_index	https://archive.org/download/sim_annalen-der-physik_1856_98_index/sim_annalen-der-physik_1856_98_index_djvu.txt	?	-
sim_annalen-der-physik_1856_99_10	https://archive.org/download/sim_annalen-der-physik_1856_99_10/sim_annalen-der-physik_1856_99_10_djvu.txt	?	-
sim_annalen-der-physik_1856_99_11	https://archive.org/download/sim_annalen-der-physik_1856_99_11/sim_annalen-der-physik_1856_99_11_djvu.txt	?	-
sim_annalen-der-physik_1856_99_12	https://archive.org/download/sim_annalen-der-physik_1856_99_12/sim_annalen-der-physik_1856_99_12_djvu.txt	?	-
sim_annalen-der-physik_1856_99_9	https://archive.org/download/sim_annalen-der-physik_1856_99_9/sim_annalen-der-physik_1856_99_9_djvu.txt	?	-
sim_annalen-der-physik_1856_99_index	https://archive.org/download/sim_annalen-der-physik_1856_99_index/sim_annalen-der-physik_1856_99_index_djvu.txt	?	-
sim_annalen-der-physik_1857_100_1	https://archive.org/download/sim_annalen-der-physik_1857_100_1/sim_annalen-der-physik_1857_100_1_djvu.txt	?	-
sim_annalen-der-physik_1857_100_2	https://archive.org/download/sim_annalen-der-physik_1857_100_2/sim_annalen-der-physik_1857_100_2_djvu.txt	?	-
sim_annalen-der-physik_1857_100_3	https://archive.org/download/sim_annalen-der-physik_1857_100_3/sim_annalen-der-physik_1857_100_3_djvu.txt	?	-
sim_annalen-der-physik_1857_100_4	https://archive.org/download/sim_annalen-der-physik_1857_100_4/sim_annalen-der-physik_1857_100_4_djvu.txt	?	-
sim_annalen-der-physik_1857_100_index	https://archive.org/download/sim_annalen-der-physik_1857_100_index/sim_annalen-der-physik_1857_100_index_djvu.txt	?	-
sim_annalen-der-physik_1857_101_5	https://archive.org/download/sim_annalen-der-physik_1857_101_5/sim_annalen-der-physik_1857_101_5_djvu.txt	?	-
sim_annalen-der-physik_1857_101_6	https://archive.org/download/sim_annalen-der-physik_1857_101_6/sim_annalen-der-physik_1857_101_6_djvu.txt	?	-
sim_annalen-der-physik_1857_101_7	https://archive.org/download/sim_annalen-der-physik_1857_101_7/sim_annalen-der-physik_1857_101_7_djvu.txt	?	-
sim_annalen-der-physik_1857_101_8	https://archive.org/download/sim_annalen-der-physik_1857_101_8/sim_annalen-der-physik_1857_101_8_djvu.txt	?	-
sim_annalen-der-physik_1857_101_index	https://archive.org/download/sim_annalen-der-physik_1857_101_index/sim_annalen-der-physik_1857_101_index_djvu.txt	?	-
sim_annalen-der-physik_1857_102_10	https://archive.org/download/sim_annalen-der-physik_1857_102_10/sim_annalen-der-physik_1857_102_10_djvu.txt	?	-
sim_annalen-der-physik_1857_102_11	https://archive.org/download/sim_annalen-der-physik_1857_102_11/sim_annalen-der-physik_1857_102_11_djvu.txt	?	-
sim_annalen-der-physik_1857_102_12	https://archive.org/download/sim_annalen-der-physik_1857_102_12/sim_annalen-der-physik_1857_102_12_djvu.txt	?	-
sim_annalen-der-physik_1857_102_9	https://archive.org/download/sim_annalen-der-physik_1857_102_9/sim_annalen-der-physik_1857_102_9_djvu.txt	?	-
sim_annalen-der-physik_1857_102_index	https://archive.org/download/sim_annalen-der-physik_1857_102_index/sim_annalen-der-physik_1857_102_index_djvu.txt	?	-
sim_annalen-der-physik_1858_103_1	https://archive.org/download/sim_annalen-der-physik_1858_103_1/sim_annalen-der-physik_1858_103_1_djvu.txt	?	-
sim_annalen-der-physik_1858_103_2	https://archive.org/download/sim_annalen-der-physik_1858_103_2/sim_annalen-der-physik_1858_103_2_djvu.txt	?	-
sim_annalen-der-physik_1858_103_3	https://archive.org/download/sim_annalen-der-physik_1858_103_3/sim_annalen-der-physik_1858_103_3_djvu.txt	?	-
sim_annalen-der-physik_1858_103_4	https://archive.org/download/sim_annalen-der-physik_1858_103_4/sim_annalen-der-physik_1858_103_4_djvu.txt	?	-
sim_annalen-der-physik_1858_103_index	https://archive.org/download/sim_annalen-der-physik_1858_103_index/sim_annalen-der-physik_1858_103_index_djvu.txt	?	-
sim_annalen-der-physik_1858_104_5	https://archive.org/download/sim_annalen-der-physik_1858_104_5/sim_annalen-der-physik_1858_104_5_djvu.txt	?	-
sim_annalen-der-physik_1858_104_6	https://archive.org/download/sim_annalen-der-physik_1858_104_6/sim_annalen-der-physik_1858_104_6_djvu.txt	?	-
sim_annalen-der-physik_1858_104_7	https://archive.org/download/sim_annalen-der-physik_1858_104_7/sim_annalen-der-physik_1858_104_7_djvu.txt	?	-
sim_annalen-der-physik_1858_104_8	https://archive.org/download/sim_annalen-der-physik_1858_104_8/sim_annalen-der-physik_1858_104_8_djvu.txt	?	-
sim_annalen-der-physik_1858_104_index	https://archive.org/download/sim_annalen-der-physik_1858_104_index/sim_annalen-der-physik_1858_104_index_djvu.txt	?	-
sim_annalen-der-physik_1858_105_10	https://archive.org/download/sim_annalen-der-physik_1858_105_10/sim_annalen-der-physik_1858_105_10_djvu.txt	?	-
sim_annalen-der-physik_1858_105_11	https://archive.org/download/sim_annalen-der-physik_1858_105_11/sim_annalen-der-physik_1858_105_11_djvu.txt	?	-
sim_annalen-der-physik_1858_105_12	https://archive.org/download/sim_annalen-der-physik_1858_105_12/sim_annalen-der-physik_1858_105_12_djvu.txt	?	-
sim_annalen-der-physik_1858_105_9	https://archive.org/download/sim_annalen-der-physik_1858_105_9/sim_annalen-der-physik_1858_105_9_djvu.txt	?	-
sim_annalen-der-physik_1858_105_index	https://archive.org/download/sim_annalen-der-physik_1858_105_index/sim_annalen-der-physik_1858_105_index_djvu.txt	?	-
sim_annalen-der-physik_1859_106_1	https://archive.org/download/sim_annalen-der-physik_1859_106_1/sim_annalen-der-physik_1859_106_1_djvu.txt	?	-
sim_annalen-der-physik_1859_106_2	https://archive.org/download/sim_annalen-der-physik_1859_106_2/sim_annalen-der-physik_1859_106_2_djvu.txt	?	-
sim_annalen-der-physik_1859_106_3	https://archive.org/download/sim_annalen-der-physik_1859_106_3/sim_annalen-der-physik_1859_106_3_djvu.txt	?	-
sim_annalen-der-physik_1859_106_4	https://archive.org/download/sim_annalen-der-physik_1859_106_4/sim_annalen-der-physik_1859_106_4_djvu.txt	?	-
sim_annalen-der-physik_1859_106_index	https://archive.org/download/sim_annalen-der-physik_1859_106_index/sim_annalen-der-physik_1859_106_index_djvu.txt	?	-
sim_annalen-der-physik_1859_107_5	https://archive.org/download/sim_annalen-der-physik_1859_107_5/sim_annalen-der-physik_1859_107_5_djvu.txt	?	-
sim_annalen-der-physik_1859_107_6	https://archive.org/download/sim_annalen-der-physik_1859_107_6/sim_annalen-der-physik_1859_107_6_djvu.txt	?	-
sim_annalen-der-physik_1859_107_7	https://archive.org/download/sim_annalen-der-physik_1859_107_7/sim_annalen-der-physik_1859_107_7_djvu.txt	?	-
sim_annalen-der-physik_1859_107_8	https://archive.org/download/sim_annalen-der-physik_1859_107_8/sim_annalen-der-physik_1859_107_8_djvu.txt	?	-
sim_annalen-der-physik_1859_107_index	https://archive.org/download/sim_annalen-der-physik_1859_107_index/sim_annalen-der-physik_1859_107_index_djvu.txt	?	-
sim_annalen-der-physik_1859_108_10	https://archive.org/download/sim_annalen-der-physik_1859_108_10/sim_annalen-der-physik_1859_108_10_djvu.txt	?	-
sim_annalen-der-physik_1859_108_11	https://archive.org/download/sim_annalen-der-physik_1859_108_11/sim_annalen-der-physik_1859_108_11_djvu.txt	?	-
sim_annalen-der-physik_1859_108_12	https://archive.org/download/sim_annalen-der-physik_1859_108_12/sim_annalen-der-physik_1859_108_12_djvu.txt	?	-
sim_annalen-der-physik_1859_108_9	https://archive.org/download/sim_annalen-der-physik_1859_108_9/sim_annalen-der-physik_1859_108_9_djvu.txt	?	-
sim_annalen-der-physik_1859_108_index	https://archive.org/download/sim_annalen-der-physik_1859_108_index/sim_annalen-der-physik_1859_108_index_djvu.txt	?	-
sim_annalen-der-physik_1860_109_1	https://archive.org/download/sim_annalen-der-physik_1860_109_1/sim_annalen-der-physik_1860_109_1_djvu.txt	?	-
sim_annalen-der-physik_1860_109_2	https://archive.org/download/sim_annalen-der-physik_1860_109_2/sim_annalen-der-physik_1860_109_2_djvu.txt	?	-
sim_annalen-der-physik_1860_109_3	https://archive.org/download/sim_annalen-der-physik_1860_109_3/sim_annalen-der-physik_1860_109_3_djvu.txt	?	-
sim_annalen-der-physik_1860_109_4	https://archive.org/download/sim_annalen-der-physik_1860_109_4/sim_annalen-der-physik_1860_109_4_djvu.txt	?	-
sim_annalen-der-physik_1860_109_index	https://archive.org/download/sim_annalen-der-physik_1860_109_index/sim_annalen-der-physik_1860_109_index_djvu.txt	?	-
sim_annalen-der-physik_1860_110_5	https://archive.org/download/sim_annalen-der-physik_1860_110_5/sim_annalen-der-physik_1860_110_5_djvu.txt	?	-
sim_annalen-der-physik_1860_110_6	https://archive.org/download/sim_annalen-der-physik_1860_110_6/sim_annalen-der-physik_1860_110_6_djvu.txt	?	-
sim_annalen-der-physik_1860_110_7	https://archive.org/download/sim_annalen-der-physik_1860_110_7/sim_annalen-der-physik_1860_110_7_djvu.txt	?	-
sim_annalen-der-physik_1860_110_8	https://archive.org/download/sim_annalen-der-physik_1860_110_8/sim_annalen-der-physik_1860_110_8_djvu.txt	?	-
sim_annalen-der-physik_1860_110_index	https://archive.org/download/sim_annalen-der-physik_1860_110_index/sim_annalen-der-physik_1860_110_index_djvu.txt	?	-
sim_annalen-der-physik_1860_111_10	https://archive.org/download/sim_annalen-der-physik_1860_111_10/sim_annalen-der-physik_1860_111_10_djvu.txt	?	-
sim_annalen-der-physik_1860_111_11	https://archive.org/download/sim_annalen-der-physik_1860_111_11/sim_annalen-der-physik_1860_111_11_djvu.txt	?	-
sim_annalen-der-physik_1860_111_12	https://archive.org/download/sim_annalen-der-physik_1860_111_12/sim_annalen-der-physik_1860_111_12_djvu.txt	?	-
sim_annalen-der-physik_1860_111_9	https://archive.org/download/sim_annalen-der-physik_1860_111_9/sim_annalen-der-physik_1860_111_9_djvu.txt	?	-
sim_annalen-der-physik_1860_111_index	https://archive.org/download/sim_annalen-der-physik_1860_111_index/sim_annalen-der-physik_1860_111_index_djvu.txt	?	-
sim_annalen-der-physik_1861_112_1	https://archive.org/download/sim_annalen-der-physik_1861_112_1/sim_annalen-der-physik_1861_112_1_djvu.txt	?	-
sim_annalen-der-physik_1861_112_2	https://archive.org/download/sim_annalen-der-physik_1861_112_2/sim_annalen-der-physik_1861_112_2_djvu.txt	?	-
sim_annalen-der-physik_1861_112_3	https://archive.org/download/sim_annalen-der-physik_1861_112_3/sim_annalen-der-physik_1861_112_3_djvu.txt	?	-
sim_annalen-der-physik_1861_112_4	https://archive.org/download/sim_annalen-der-physik_1861_112_4/sim_annalen-der-physik_1861_112_4_djvu.txt	?	-
sim_annalen-der-physik_1861_112_index	https://archive.org/download/sim_annalen-der-physik_1861_112_index/sim_annalen-der-physik_1861_112_index_djvu.txt	?	-
sim_annalen-der-physik_1861_113_5	https://archive.org/download/sim_annalen-der-physik_1861_113_5/sim_annalen-der-physik_1861_113_5_djvu.txt	?	-
sim_annalen-der-physik_1861_113_6	https://archive.org/download/sim_annalen-der-physik_1861_113_6/sim_annalen-der-physik_1861_113_6_djvu.txt	?	-
sim_annalen-der-physik_1861_113_7	https://archive.org/download/sim_annalen-der-physik_1861_113_7/sim_annalen-der-physik_1861_113_7_djvu.txt	?	-
sim_annalen-der-physik_1861_113_8	https://archive.org/download/sim_annalen-der-physik_1861_113_8/sim_annalen-der-physik_1861_113_8_djvu.txt	?	-
sim_annalen-der-physik_1861_113_index	https://archive.org/download/sim_annalen-der-physik_1861_113_index/sim_annalen-der-physik_1861_113_index_djvu.txt	?	-
sim_annalen-der-physik_1861_114_10	https://archive.org/download/sim_annalen-der-physik_1861_114_10/sim_annalen-der-physik_1861_114_10_djvu.txt	?	-
sim_annalen-der-physik_1861_114_11	https://archive.org/download/sim_annalen-der-physik_1861_114_11/sim_annalen-der-physik_1861_114_11_djvu.txt	?	-
sim_annalen-der-physik_1861_114_12	https://archive.org/download/sim_annalen-der-physik_1861_114_12/sim_annalen-der-physik_1861_114_12_djvu.txt	?	-
sim_annalen-der-physik_1861_114_9	https://archive.org/download/sim_annalen-der-physik_1861_114_9/sim_annalen-der-physik_1861_114_9_djvu.txt	?	-
sim_annalen-der-physik_1861_114_index	https://archive.org/download/sim_annalen-der-physik_1861_114_index/sim_annalen-der-physik_1861_114_index_djvu.txt	?	-
sim_annalen-der-physik_1862_115_1	https://archive.org/download/sim_annalen-der-physik_1862_115_1/sim_annalen-der-physik_1862_115_1_djvu.txt	?	-
sim_annalen-der-physik_1862_115_2	https://archive.org/download/sim_annalen-der-physik_1862_115_2/sim_annalen-der-physik_1862_115_2_djvu.txt	?	-
sim_annalen-der-physik_1862_115_3	https://archive.org/download/sim_annalen-der-physik_1862_115_3/sim_annalen-der-physik_1862_115_3_djvu.txt	?	-
sim_annalen-der-physik_1862_115_4	https://archive.org/download/sim_annalen-der-physik_1862_115_4/sim_annalen-der-physik_1862_115_4_djvu.txt	?	-
sim_annalen-der-physik_1862_115_index	https://archive.org/download/sim_annalen-der-physik_1862_115_index/sim_annalen-der-physik_1862_115_index_djvu.txt	?	-
sim_annalen-der-physik_1862_116_5	https://archive.org/download/sim_annalen-der-physik_1862_116_5/sim_annalen-der-physik_1862_116_5_djvu.txt	?	-
sim_annalen-der-physik_1862_116_6	https://archive.org/download/sim_annalen-der-physik_1862_116_6/sim_annalen-der-physik_1862_116_6_djvu.txt	?	-
sim_annalen-der-physik_1862_116_7	https://archive.org/download/sim_annalen-der-physik_1862_116_7/sim_annalen-der-physik_1862_116_7_djvu.txt	?	-
sim_annalen-der-physik_1862_116_8	https://archive.org/download/sim_annalen-der-physik_1862_116_8/sim_annalen-der-physik_1862_116_8_djvu.txt	?	-
sim_annalen-der-physik_1862_116_index	https://archive.org/download/sim_annalen-der-physik_1862_116_index/sim_annalen-der-physik_1862_116_index_djvu.txt	?	-
sim_annalen-der-physik_1862_117_10	https://archive.org/download/sim_annalen-der-physik_1862_117_10/sim_annalen-der-physik_1862_117_10_djvu.txt	?	-
sim_annalen-der-physik_1862_117_11	https://archive.org/download/sim_annalen-der-physik_1862_117_11/sim_annalen-der-physik_1862_117_11_djvu.txt	?	-
sim_annalen-der-physik_1862_117_12	https://archive.org/download/sim_annalen-der-physik_1862_117_12/sim_annalen-der-physik_1862_117_12_djvu.txt	?	-
sim_annalen-der-physik_1862_117_9	https://archive.org/download/sim_annalen-der-physik_1862_117_9/sim_annalen-der-physik_1862_117_9_djvu.txt	?	-
sim_annalen-der-physik_1862_117_index	https://archive.org/download/sim_annalen-der-physik_1862_117_index/sim_annalen-der-physik_1862_117_index_djvu.txt	?	-
sim_annalen-der-physik_1863_118_1	https://archive.org/download/sim_annalen-der-physik_1863_118_1/sim_annalen-der-physik_1863_118_1_djvu.txt	?	-
sim_annalen-der-physik_1863_118_2	https://archive.org/download/sim_annalen-der-physik_1863_118_2/sim_annalen-der-physik_1863_118_2_djvu.txt	?	-
sim_annalen-der-physik_1863_118_3	https://archive.org/download/sim_annalen-der-physik_1863_118_3/sim_annalen-der-physik_1863_118_3_djvu.txt	?	-
sim_annalen-der-physik_1863_118_4	https://archive.org/download/sim_annalen-der-physik_1863_118_4/sim_annalen-der-physik_1863_118_4_djvu.txt	?	-
sim_annalen-der-physik_1863_118_index	https://archive.org/download/sim_annalen-der-physik_1863_118_index/sim_annalen-der-physik_1863_118_index_djvu.txt	?	-
sim_annalen-der-physik_1863_119_5	https://archive.org/download/sim_annalen-der-physik_1863_119_5/sim_annalen-der-physik_1863_119_5_djvu.txt	?	-
sim_annalen-der-physik_1863_119_6	https://archive.org/download/sim_annalen-der-physik_1863_119_6/sim_annalen-der-physik_1863_119_6_djvu.txt	?	-
sim_annalen-der-physik_1863_119_7	https://archive.org/download/sim_annalen-der-physik_1863_119_7/sim_annalen-der-physik_1863_119_7_djvu.txt	?	-
sim_annalen-der-physik_1863_119_8	https://archive.org/download/sim_annalen-der-physik_1863_119_8/sim_annalen-der-physik_1863_119_8_djvu.txt	?	-
sim_annalen-der-physik_1863_119_index	https://archive.org/download/sim_annalen-der-physik_1863_119_index/sim_annalen-der-physik_1863_119_index_djvu.txt	?	-
sim_annalen-der-physik_1863_120_10	https://archive.org/download/sim_annalen-der-physik_1863_120_10/sim_annalen-der-physik_1863_120_10_djvu.txt	?	-
sim_annalen-der-physik_1863_120_11	https://archive.org/download/sim_annalen-der-physik_1863_120_11/sim_annalen-der-physik_1863_120_11_djvu.txt	?	-
sim_annalen-der-physik_1863_120_12	https://archive.org/download/sim_annalen-der-physik_1863_120_12/sim_annalen-der-physik_1863_120_12_djvu.txt	?	-
sim_annalen-der-physik_1863_120_9	https://archive.org/download/sim_annalen-der-physik_1863_120_9/sim_annalen-der-physik_1863_120_9_djvu.txt	?	-
sim_annalen-der-physik_1863_120_index	https://archive.org/download/sim_annalen-der-physik_1863_120_index/sim_annalen-der-physik_1863_120_index_djvu.txt	?	-
sim_annalen-der-physik_1864_121_1	https://archive.org/download/sim_annalen-der-physik_1864_121_1/sim_annalen-der-physik_1864_121_1_djvu.txt	?	-
sim_annalen-der-physik_1864_121_2	https://archive.org/download/sim_annalen-der-physik_1864_121_2/sim_annalen-der-physik_1864_121_2_djvu.txt	?	-
sim_annalen-der-physik_1864_121_3	https://archive.org/download/sim_annalen-der-physik_1864_121_3/sim_annalen-der-physik_1864_121_3_djvu.txt	?	-
sim_annalen-der-physik_1864_121_4	https://archive.org/download/sim_annalen-der-physik_1864_121_4/sim_annalen-der-physik_1864_121_4_djvu.txt	?	-
sim_annalen-der-physik_1864_121_index	https://archive.org/download/sim_annalen-der-physik_1864_121_index/sim_annalen-der-physik_1864_121_index_djvu.txt	?	-
sim_annalen-der-physik_1864_122_5	https://archive.org/download/sim_annalen-der-physik_1864_122_5/sim_annalen-der-physik_1864_122_5_djvu.txt	?	-
sim_annalen-der-physik_1864_122_6	https://archive.org/download/sim_annalen-der-physik_1864_122_6/sim_annalen-der-physik_1864_122_6_djvu.txt	?	-
sim_annalen-der-physik_1864_122_7	https://archive.org/download/sim_annalen-der-physik_1864_122_7/sim_annalen-der-physik_1864_122_7_djvu.txt	?	-
sim_annalen-der-physik_1864_122_8	https://archive.org/download/sim_annalen-der-physik_1864_122_8/sim_annalen-der-physik_1864_122_8_djvu.txt	?	-
sim_annalen-der-physik_1864_122_index	https://archive.org/download/sim_annalen-der-physik_1864_122_index/sim_annalen-der-physik_1864_122_index_djvu.txt	?	-
sim_annalen-der-physik_1864_123_10	https://archive.org/download/sim_annalen-der-physik_1864_123_10/sim_annalen-der-physik_1864_123_10_djvu.txt	?	-
sim_annalen-der-physik_1864_123_11	https://archive.org/download/sim_annalen-der-physik_1864_123_11/sim_annalen-der-physik_1864_123_11_djvu.txt	?	-
sim_annalen-der-physik_1864_123_12	https://archive.org/download/sim_annalen-der-physik_1864_123_12/sim_annalen-der-physik_1864_123_12_djvu.txt	?	-
sim_annalen-der-physik_1864_123_9	https://archive.org/download/sim_annalen-der-physik_1864_123_9/sim_annalen-der-physik_1864_123_9_djvu.txt	?	-
sim_annalen-der-physik_1864_123_index	https://archive.org/download/sim_annalen-der-physik_1864_123_index/sim_annalen-der-physik_1864_123_index_djvu.txt	?	-
sim_annalen-der-physik_1865_124_1	https://archive.org/download/sim_annalen-der-physik_1865_124_1/sim_annalen-der-physik_1865_124_1_djvu.txt	?	-
sim_annalen-der-physik_1865_124_2	https://archive.org/download/sim_annalen-der-physik_1865_124_2/sim_annalen-der-physik_1865_124_2_djvu.txt	?	-
sim_annalen-der-physik_1865_124_3	https://archive.org/download/sim_annalen-der-physik_1865_124_3/sim_annalen-der-physik_1865_124_3_djvu.txt	?	-
sim_annalen-der-physik_1865_124_4	https://archive.org/download/sim_annalen-der-physik_1865_124_4/sim_annalen-der-physik_1865_124_4_djvu.txt	?	-
sim_annalen-der-physik_1865_124_index	https://archive.org/download/sim_annalen-der-physik_1865_124_index/sim_annalen-der-physik_1865_124_index_djvu.txt	?	-
sim_annalen-der-physik_1865_125_5	https://archive.org/download/sim_annalen-der-physik_1865_125_5/sim_annalen-der-physik_1865_125_5_djvu.txt	?	-
sim_annalen-der-physik_1865_125_6	https://archive.org/download/sim_annalen-der-physik_1865_125_6/sim_annalen-der-physik_1865_125_6_djvu.txt	?	-
sim_annalen-der-physik_1865_125_7	https://archive.org/download/sim_annalen-der-physik_1865_125_7/sim_annalen-der-physik_1865_125_7_djvu.txt	?	-
sim_annalen-der-physik_1865_125_8	https://archive.org/download/sim_annalen-der-physik_1865_125_8/sim_annalen-der-physik_1865_125_8_djvu.txt	?	-
sim_annalen-der-physik_1865_125_index	https://archive.org/download/sim_annalen-der-physik_1865_125_index/sim_annalen-der-physik_1865_125_index_djvu.txt	?	-
sim_annalen-der-physik_1865_126_10	https://archive.org/download/sim_annalen-der-physik_1865_126_10/sim_annalen-der-physik_1865_126_10_djvu.txt	?	-
sim_annalen-der-physik_1865_126_11	https://archive.org/download/sim_annalen-der-physik_1865_126_11/sim_annalen-der-physik_1865_126_11_djvu.txt	?	-
sim_annalen-der-physik_1865_126_12	https://archive.org/download/sim_annalen-der-physik_1865_126_12/sim_annalen-der-physik_1865_126_12_djvu.txt	?	-
sim_annalen-der-physik_1865_126_9	https://archive.org/download/sim_annalen-der-physik_1865_126_9/sim_annalen-der-physik_1865_126_9_djvu.txt	?	-
sim_annalen-der-physik_1865_126_contents	https://archive.org/download/sim_annalen-der-physik_1865_126_contents/sim_annalen-der-physik_1865_126_contents_djvu.txt	?	-
sim_annalen-der-physik_1866_127_1	https://archive.org/download/sim_annalen-der-physik_1866_127_1/sim_annalen-der-physik_1866_127_1_djvu.txt	?	-
sim_annalen-der-physik_1866_127_2	https://archive.org/download/sim_annalen-der-physik_1866_127_2/sim_annalen-der-physik_1866_127_2_djvu.txt	?	-
sim_annalen-der-physik_1866_127_3	https://archive.org/download/sim_annalen-der-physik_1866_127_3/sim_annalen-der-physik_1866_127_3_djvu.txt	?	-
sim_annalen-der-physik_1866_127_4	https://archive.org/download/sim_annalen-der-physik_1866_127_4/sim_annalen-der-physik_1866_127_4_djvu.txt	?	-
sim_annalen-der-physik_1866_127_contents	https://archive.org/download/sim_annalen-der-physik_1866_127_contents/sim_annalen-der-physik_1866_127_contents_djvu.txt	?	-
sim_annalen-der-physik_1866_128_5	https://archive.org/download/sim_annalen-der-physik_1866_128_5/sim_annalen-der-physik_1866_128_5_djvu.txt	?	-
sim_annalen-der-physik_1866_128_6	https://archive.org/download/sim_annalen-der-physik_1866_128_6/sim_annalen-der-physik_1866_128_6_djvu.txt	?	-
sim_annalen-der-physik_1866_128_7	https://archive.org/download/sim_annalen-der-physik_1866_128_7/sim_annalen-der-physik_1866_128_7_djvu.txt	?	-
sim_annalen-der-physik_1866_128_8	https://archive.org/download/sim_annalen-der-physik_1866_128_8/sim_annalen-der-physik_1866_128_8_djvu.txt	?	-
sim_annalen-der-physik_1866_128_contents	https://archive.org/download/sim_annalen-der-physik_1866_128_contents/sim_annalen-der-physik_1866_128_contents_djvu.txt	?	-
sim_annalen-der-physik_1866_129_10	https://archive.org/download/sim_annalen-der-physik_1866_129_10/sim_annalen-der-physik_1866_129_10_djvu.txt	?	-
sim_annalen-der-physik_1866_129_11	https://archive.org/download/sim_annalen-der-physik_1866_129_11/sim_annalen-der-physik_1866_129_11_djvu.txt	?	-
sim_annalen-der-physik_1866_129_12	https://archive.org/download/sim_annalen-der-physik_1866_129_12/sim_annalen-der-physik_1866_129_12_djvu.txt	?	-
sim_annalen-der-physik_1866_129_9	https://archive.org/download/sim_annalen-der-physik_1866_129_9/sim_annalen-der-physik_1866_129_9_djvu.txt	?	-
sim_annalen-der-physik_1866_129_contents	https://archive.org/download/sim_annalen-der-physik_1866_129_contents/sim_annalen-der-physik_1866_129_contents_djvu.txt	?	-
sim_annalen-der-physik_1867_130_1	https://archive.org/download/sim_annalen-der-physik_1867_130_1/sim_annalen-der-physik_1867_130_1_djvu.txt	?	-
sim_annalen-der-physik_1867_130_2	https://archive.org/download/sim_annalen-der-physik_1867_130_2/sim_annalen-der-physik_1867_130_2_djvu.txt	?	-
sim_annalen-der-physik_1867_130_3	https://archive.org/download/sim_annalen-der-physik_1867_130_3/sim_annalen-der-physik_1867_130_3_djvu.txt	?	-
sim_annalen-der-physik_1867_130_4	https://archive.org/download/sim_annalen-der-physik_1867_130_4/sim_annalen-der-physik_1867_130_4_djvu.txt	?	-
sim_annalen-der-physik_1867_130_contents	https://archive.org/download/sim_annalen-der-physik_1867_130_contents/sim_annalen-der-physik_1867_130_contents_djvu.txt	?	-
sim_annalen-der-physik_1867_131_5	https://archive.org/download/sim_annalen-der-physik_1867_131_5/sim_annalen-der-physik_1867_131_5_djvu.txt	?	-
sim_annalen-der-physik_1867_131_6	https://archive.org/download/sim_annalen-der-physik_1867_131_6/sim_annalen-der-physik_1867_131_6_djvu.txt	?	-
sim_annalen-der-physik_1867_131_7	https://archive.org/download/sim_annalen-der-physik_1867_131_7/sim_annalen-der-physik_1867_131_7_djvu.txt	?	-
sim_annalen-der-physik_1867_131_contents	https://archive.org/download/sim_annalen-der-physik_1867_131_contents/sim_annalen-der-physik_1867_131_contents_djvu.txt	?	-
sim_annalen-der-physik_1867_132_10	https://archive.org/download/sim_annalen-der-physik_1867_132_10/sim_annalen-der-physik_1867_132_10_djvu.txt	?	-
sim_annalen-der-physik_1867_132_11	https://archive.org/download/sim_annalen-der-physik_1867_132_11/sim_annalen-der-physik_1867_132_11_djvu.txt	?	-
sim_annalen-der-physik_1867_132_12	https://archive.org/download/sim_annalen-der-physik_1867_132_12/sim_annalen-der-physik_1867_132_12_djvu.txt	?	-
sim_annalen-der-physik_1867_132_9	https://archive.org/download/sim_annalen-der-physik_1867_132_9/sim_annalen-der-physik_1867_132_9_djvu.txt	?	-
sim_annalen-der-physik_1867_132_contents	https://archive.org/download/sim_annalen-der-physik_1867_132_contents/sim_annalen-der-physik_1867_132_contents_djvu.txt	?	-
sim_annalen-der-physik_1868_133_1	https://archive.org/download/sim_annalen-der-physik_1868_133_1/sim_annalen-der-physik_1868_133_1_djvu.txt	?	-
sim_annalen-der-physik_1868_133_2	https://archive.org/download/sim_annalen-der-physik_1868_133_2/sim_annalen-der-physik_1868_133_2_djvu.txt	?	-
sim_annalen-der-physik_1868_133_3	https://archive.org/download/sim_annalen-der-physik_1868_133_3/sim_annalen-der-physik_1868_133_3_djvu.txt	?	-
sim_annalen-der-physik_1868_133_4	https://archive.org/download/sim_annalen-der-physik_1868_133_4/sim_annalen-der-physik_1868_133_4_djvu.txt	?	-
sim_annalen-der-physik_1868_133_contents	https://archive.org/download/sim_annalen-der-physik_1868_133_contents/sim_annalen-der-physik_1868_133_contents_djvu.txt	?	-
sim_annalen-der-physik_1868_134_5	https://archive.org/download/sim_annalen-der-physik_1868_134_5/sim_annalen-der-physik_1868_134_5_djvu.txt	?	-
sim_annalen-der-physik_1868_134_6	https://archive.org/download/sim_annalen-der-physik_1868_134_6/sim_annalen-der-physik_1868_134_6_djvu.txt	?	-
sim_annalen-der-physik_1868_134_7	https://archive.org/download/sim_annalen-der-physik_1868_134_7/sim_annalen-der-physik_1868_134_7_djvu.txt	?	-
sim_annalen-der-physik_1868_134_8	https://archive.org/download/sim_annalen-der-physik_1868_134_8/sim_annalen-der-physik_1868_134_8_djvu.txt	?	-
sim_annalen-der-physik_1868_134_contents	https://archive.org/download/sim_annalen-der-physik_1868_134_contents/sim_annalen-der-physik_1868_134_contents_djvu.txt	?	-
sim_annalen-der-physik_1868_135_10	https://archive.org/download/sim_annalen-der-physik_1868_135_10/sim_annalen-der-physik_1868_135_10_djvu.txt	?	-
sim_annalen-der-physik_1868_135_11	https://archive.org/download/sim_annalen-der-physik_1868_135_11/sim_annalen-der-physik_1868_135_11_djvu.txt	?	-
sim_annalen-der-physik_1868_135_12	https://archive.org/download/sim_annalen-der-physik_1868_135_12/sim_annalen-der-physik_1868_135_12_djvu.txt	?	-
sim_annalen-der-physik_1868_135_9	https://archive.org/download/sim_annalen-der-physik_1868_135_9/sim_annalen-der-physik_1868_135_9_djvu.txt	?	-
sim_annalen-der-physik_1868_135_contents	https://archive.org/download/sim_annalen-der-physik_1868_135_contents/sim_annalen-der-physik_1868_135_contents_djvu.txt	?	-
sim_annalen-der-physik_1869_136_1	https://archive.org/download/sim_annalen-der-physik_1869_136_1/sim_annalen-der-physik_1869_136_1_djvu.txt	?	-
sim_annalen-der-physik_1869_136_2	https://archive.org/download/sim_annalen-der-physik_1869_136_2/sim_annalen-der-physik_1869_136_2_djvu.txt	?	-
sim_annalen-der-physik_1869_136_3	https://archive.org/download/sim_annalen-der-physik_1869_136_3/sim_annalen-der-physik_1869_136_3_djvu.txt	?	-
sim_annalen-der-physik_1869_136_4	https://archive.org/download/sim_annalen-der-physik_1869_136_4/sim_annalen-der-physik_1869_136_4_djvu.txt	?	-
sim_annalen-der-physik_1869_136_contents	https://archive.org/download/sim_annalen-der-physik_1869_136_contents/sim_annalen-der-physik_1869_136_contents_djvu.txt	?	-
sim_annalen-der-physik_1869_137_5	https://archive.org/download/sim_annalen-der-physik_1869_137_5/sim_annalen-der-physik_1869_137_5_djvu.txt	?	-
sim_annalen-der-physik_1869_137_6	https://archive.org/download/sim_annalen-der-physik_1869_137_6/sim_annalen-der-physik_1869_137_6_djvu.txt	?	-
sim_annalen-der-physik_1869_137_7	https://archive.org/download/sim_annalen-der-physik_1869_137_7/sim_annalen-der-physik_1869_137_7_djvu.txt	?	-
sim_annalen-der-physik_1869_137_8	https://archive.org/download/sim_annalen-der-physik_1869_137_8/sim_annalen-der-physik_1869_137_8_djvu.txt	?	-
sim_annalen-der-physik_1869_137_contents	https://archive.org/download/sim_annalen-der-physik_1869_137_contents/sim_annalen-der-physik_1869_137_contents_djvu.txt	?	-
sim_annalen-der-physik_1869_138_10	https://archive.org/download/sim_annalen-der-physik_1869_138_10/sim_annalen-der-physik_1869_138_10_djvu.txt	?	-
sim_annalen-der-physik_1869_138_11	https://archive.org/download/sim_annalen-der-physik_1869_138_11/sim_annalen-der-physik_1869_138_11_djvu.txt	?	-
sim_annalen-der-physik_1869_138_12	https://archive.org/download/sim_annalen-der-physik_1869_138_12/sim_annalen-der-physik_1869_138_12_djvu.txt	?	-
sim_annalen-der-physik_1869_138_9	https://archive.org/download/sim_annalen-der-physik_1869_138_9/sim_annalen-der-physik_1869_138_9_djvu.txt	?	-
sim_annalen-der-physik_1869_138_contents	https://archive.org/download/sim_annalen-der-physik_1869_138_contents/sim_annalen-der-physik_1869_138_contents_djvu.txt	?	-
sim_annalen-der-physik_1870_139_1	https://archive.org/download/sim_annalen-der-physik_1870_139_1/sim_annalen-der-physik_1870_139_1_djvu.txt	?	-
sim_annalen-der-physik_1870_139_2	https://archive.org/download/sim_annalen-der-physik_1870_139_2/sim_annalen-der-physik_1870_139_2_djvu.txt	?	-
sim_annalen-der-physik_1870_139_3	https://archive.org/download/sim_annalen-der-physik_1870_139_3/sim_annalen-der-physik_1870_139_3_djvu.txt	?	-
sim_annalen-der-physik_1870_139_4	https://archive.org/download/sim_annalen-der-physik_1870_139_4/sim_annalen-der-physik_1870_139_4_djvu.txt	?	-
sim_annalen-der-physik_1870_139_contents	https://archive.org/download/sim_annalen-der-physik_1870_139_contents/sim_annalen-der-physik_1870_139_contents_djvu.txt	?	-
sim_annalen-der-physik_1870_140_5	https://archive.org/download/sim_annalen-der-physik_1870_140_5/sim_annalen-der-physik_1870_140_5_djvu.txt	?	-
sim_annalen-der-physik_1870_140_6	https://archive.org/download/sim_annalen-der-physik_1870_140_6/sim_annalen-der-physik_1870_140_6_djvu.txt	?	-
sim_annalen-der-physik_1870_140_7	https://archive.org/download/sim_annalen-der-physik_1870_140_7/sim_annalen-der-physik_1870_140_7_djvu.txt	?	-
sim_annalen-der-physik_1870_140_8	https://archive.org/download/sim_annalen-der-physik_1870_140_8/sim_annalen-der-physik_1870_140_8_djvu.txt	?	-
sim_annalen-der-physik_1870_140_contents	https://archive.org/download/sim_annalen-der-physik_1870_140_contents/sim_annalen-der-physik_1870_140_contents_djvu.txt	?	-
sim_annalen-der-physik_1870_141_10	https://archive.org/download/sim_annalen-der-physik_1870_141_10/sim_annalen-der-physik_1870_141_10_djvu.txt	?	-
sim_annalen-der-physik_1870_141_11	https://archive.org/download/sim_annalen-der-physik_1870_141_11/sim_annalen-der-physik_1870_141_11_djvu.txt	?	-
sim_annalen-der-physik_1870_141_12	https://archive.org/download/sim_annalen-der-physik_1870_141_12/sim_annalen-der-physik_1870_141_12_djvu.txt	?	-
sim_annalen-der-physik_1870_141_9	https://archive.org/download/sim_annalen-der-physik_1870_141_9/sim_annalen-der-physik_1870_141_9_djvu.txt	?	-
sim_annalen-der-physik_1870_141_contents	https://archive.org/download/sim_annalen-der-physik_1870_141_contents/sim_annalen-der-physik_1870_141_contents_djvu.txt	?	-
sim_annalen-der-physik_1871_142_1	https://archive.org/download/sim_annalen-der-physik_1871_142_1/sim_annalen-der-physik_1871_142_1_djvu.txt	?	-
sim_annalen-der-physik_1871_142_2	https://archive.org/download/sim_annalen-der-physik_1871_142_2/sim_annalen-der-physik_1871_142_2_djvu.txt	?	-
sim_annalen-der-physik_1871_142_3	https://archive.org/download/sim_annalen-der-physik_1871_142_3/sim_annalen-der-physik_1871_142_3_djvu.txt	?	-
sim_annalen-der-physik_1871_142_4	https://archive.org/download/sim_annalen-der-physik_1871_142_4/sim_annalen-der-physik_1871_142_4_djvu.txt	?	-
sim_annalen-der-physik_1871_142_contents	https://archive.org/download/sim_annalen-der-physik_1871_142_contents/sim_annalen-der-physik_1871_142_contents_djvu.txt	?	-
sim_annalen-der-physik_1871_143_5	https://archive.org/download/sim_annalen-der-physik_1871_143_5/sim_annalen-der-physik_1871_143_5_djvu.txt	?	-
sim_annalen-der-physik_1871_143_6	https://archive.org/download/sim_annalen-der-physik_1871_143_6/sim_annalen-der-physik_1871_143_6_djvu.txt	?	-
sim_annalen-der-physik_1871_143_7	https://archive.org/download/sim_annalen-der-physik_1871_143_7/sim_annalen-der-physik_1871_143_7_djvu.txt	?	-
sim_annalen-der-physik_1871_143_8	https://archive.org/download/sim_annalen-der-physik_1871_143_8/sim_annalen-der-physik_1871_143_8_djvu.txt	?	-
sim_annalen-der-physik_1871_143_contents	https://archive.org/download/sim_annalen-der-physik_1871_143_contents/sim_annalen-der-physik_1871_143_contents_djvu.txt	?	-
sim_annalen-der-physik_1871_144_10	https://archive.org/download/sim_annalen-der-physik_1871_144_10/sim_annalen-der-physik_1871_144_10_djvu.txt	?	-
sim_annalen-der-physik_1871_144_11	https://archive.org/download/sim_annalen-der-physik_1871_144_11/sim_annalen-der-physik_1871_144_11_djvu.txt	?	-
sim_annalen-der-physik_1871_144_12	https://archive.org/download/sim_annalen-der-physik_1871_144_12/sim_annalen-der-physik_1871_144_12_djvu.txt	?	-
sim_annalen-der-physik_1871_144_9	https://archive.org/download/sim_annalen-der-physik_1871_144_9/sim_annalen-der-physik_1871_144_9_djvu.txt	?	-
sim_annalen-der-physik_1871_144_contents	https://archive.org/download/sim_annalen-der-physik_1871_144_contents/sim_annalen-der-physik_1871_144_contents_djvu.txt	?	-
sim_annalen-der-physik_1872_145_1	https://archive.org/download/sim_annalen-der-physik_1872_145_1/sim_annalen-der-physik_1872_145_1_djvu.txt	?	-
sim_annalen-der-physik_1872_145_2	https://archive.org/download/sim_annalen-der-physik_1872_145_2/sim_annalen-der-physik_1872_145_2_djvu.txt	?	-
sim_annalen-der-physik_1872_145_3	https://archive.org/download/sim_annalen-der-physik_1872_145_3/sim_annalen-der-physik_1872_145_3_djvu.txt	?	-
sim_annalen-der-physik_1872_145_4	https://archive.org/download/sim_annalen-der-physik_1872_145_4/sim_annalen-der-physik_1872_145_4_djvu.txt	?	-
sim_annalen-der-physik_1872_145_contents	https://archive.org/download/sim_annalen-der-physik_1872_145_contents/sim_annalen-der-physik_1872_145_contents_djvu.txt	?	-
sim_annalen-der-physik_1872_146_5	https://archive.org/download/sim_annalen-der-physik_1872_146_5/sim_annalen-der-physik_1872_146_5_djvu.txt	?	-
sim_annalen-der-physik_1872_146_6	https://archive.org/download/sim_annalen-der-physik_1872_146_6/sim_annalen-der-physik_1872_146_6_djvu.txt	?	-
sim_annalen-der-physik_1872_146_7	https://archive.org/download/sim_annalen-der-physik_1872_146_7/sim_annalen-der-physik_1872_146_7_djvu.txt	?	-
sim_annalen-der-physik_1872_146_8	https://archive.org/download/sim_annalen-der-physik_1872_146_8/sim_annalen-der-physik_1872_146_8_djvu.txt	?	-
sim_annalen-der-physik_1872_146_contents	https://archive.org/download/sim_annalen-der-physik_1872_146_contents/sim_annalen-der-physik_1872_146_contents_djvu.txt	?	-
sim_annalen-der-physik_1872_147_10	https://archive.org/download/sim_annalen-der-physik_1872_147_10/sim_annalen-der-physik_1872_147_10_djvu.txt	?	-
sim_annalen-der-physik_1872_147_11	https://archive.org/download/sim_annalen-der-physik_1872_147_11/sim_annalen-der-physik_1872_147_11_djvu.txt	?	-
sim_annalen-der-physik_1872_147_12	https://archive.org/download/sim_annalen-der-physik_1872_147_12/sim_annalen-der-physik_1872_147_12_djvu.txt	?	-
sim_annalen-der-physik_1872_147_9	https://archive.org/download/sim_annalen-der-physik_1872_147_9/sim_annalen-der-physik_1872_147_9_djvu.txt	?	-
sim_annalen-der-physik_1872_147_contents	https://archive.org/download/sim_annalen-der-physik_1872_147_contents/sim_annalen-der-physik_1872_147_contents_djvu.txt	?	-
sim_annalen-der-physik_1873_148_1	https://archive.org/download/sim_annalen-der-physik_1873_148_1/sim_annalen-der-physik_1873_148_1_djvu.txt	?	-
sim_annalen-der-physik_1873_148_2	https://archive.org/download/sim_annalen-der-physik_1873_148_2/sim_annalen-der-physik_1873_148_2_djvu.txt	?	-
sim_annalen-der-physik_1873_148_3	https://archive.org/download/sim_annalen-der-physik_1873_148_3/sim_annalen-der-physik_1873_148_3_djvu.txt	?	-
sim_annalen-der-physik_1873_148_4	https://archive.org/download/sim_annalen-der-physik_1873_148_4/sim_annalen-der-physik_1873_148_4_djvu.txt	?	-
sim_annalen-der-physik_1873_148_contents	https://archive.org/download/sim_annalen-der-physik_1873_148_contents/sim_annalen-der-physik_1873_148_contents_djvu.txt	?	-
sim_annalen-der-physik_1873_149_5	https://archive.org/download/sim_annalen-der-physik_1873_149_5/sim_annalen-der-physik_1873_149_5_djvu.txt	?	-
sim_annalen-der-physik_1873_149_6	https://archive.org/download/sim_annalen-der-physik_1873_149_6/sim_annalen-der-physik_1873_149_6_djvu.txt	?	-
sim_annalen-der-physik_1873_149_7	https://archive.org/download/sim_annalen-der-physik_1873_149_7/sim_annalen-der-physik_1873_149_7_djvu.txt	?	-
sim_annalen-der-physik_1873_149_8	https://archive.org/download/sim_annalen-der-physik_1873_149_8/sim_annalen-der-physik_1873_149_8_djvu.txt	?	-
sim_annalen-der-physik_1873_149_contents	https://archive.org/download/sim_annalen-der-physik_1873_149_contents/sim_annalen-der-physik_1873_149_contents_djvu.txt	?	-
sim_annalen-der-physik_1873_150_10	https://archive.org/download/sim_annalen-der-physik_1873_150_10/sim_annalen-der-physik_1873_150_10_djvu.txt	?	-
sim_annalen-der-physik_1873_150_11	https://archive.org/download/sim_annalen-der-physik_1873_150_11/sim_annalen-der-physik_1873_150_11_djvu.txt	?	-
sim_annalen-der-physik_1873_150_12	https://archive.org/download/sim_annalen-der-physik_1873_150_12/sim_annalen-der-physik_1873_150_12_djvu.txt	?	-
sim_annalen-der-physik_1873_150_9	https://archive.org/download/sim_annalen-der-physik_1873_150_9/sim_annalen-der-physik_1873_150_9_djvu.txt	?	-
sim_annalen-der-physik_1873_150_contents	https://archive.org/download/sim_annalen-der-physik_1873_150_contents/sim_annalen-der-physik_1873_150_contents_djvu.txt	?	-
sim_annalen-der-physik_1874_151_1	https://archive.org/download/sim_annalen-der-physik_1874_151_1/sim_annalen-der-physik_1874_151_1_djvu.txt	?	-
sim_annalen-der-physik_1874_151_2	https://archive.org/download/sim_annalen-der-physik_1874_151_2/sim_annalen-der-physik_1874_151_2_djvu.txt	?	-
sim_annalen-der-physik_1874_151_3	https://archive.org/download/sim_annalen-der-physik_1874_151_3/sim_annalen-der-physik_1874_151_3_djvu.txt	?	-
sim_annalen-der-physik_1874_151_4	https://archive.org/download/sim_annalen-der-physik_1874_151_4/sim_annalen-der-physik_1874_151_4_djvu.txt	?	-
sim_annalen-der-physik_1874_151_contents	https://archive.org/download/sim_annalen-der-physik_1874_151_contents/sim_annalen-der-physik_1874_151_contents_djvu.txt	?	-
sim_annalen-der-physik_1874_152_5	https://archive.org/download/sim_annalen-der-physik_1874_152_5/sim_annalen-der-physik_1874_152_5_djvu.txt	?	-
sim_annalen-der-physik_1874_152_6	https://archive.org/download/sim_annalen-der-physik_1874_152_6/sim_annalen-der-physik_1874_152_6_djvu.txt	?	-
sim_annalen-der-physik_1874_152_7	https://archive.org/download/sim_annalen-der-physik_1874_152_7/sim_annalen-der-physik_1874_152_7_djvu.txt	?	-
sim_annalen-der-physik_1874_152_8	https://archive.org/download/sim_annalen-der-physik_1874_152_8/sim_annalen-der-physik_1874_152_8_djvu.txt	?	-
sim_annalen-der-physik_1874_152_contents	https://archive.org/download/sim_annalen-der-physik_1874_152_contents/sim_annalen-der-physik_1874_152_contents_djvu.txt	?	-
sim_annalen-der-physik_1874_153_10	https://archive.org/download/sim_annalen-der-physik_1874_153_10/sim_annalen-der-physik_1874_153_10_djvu.txt	?	-
sim_annalen-der-physik_1874_153_11	https://archive.org/download/sim_annalen-der-physik_1874_153_11/sim_annalen-der-physik_1874_153_11_djvu.txt	?	-
sim_annalen-der-physik_1874_153_12	https://archive.org/download/sim_annalen-der-physik_1874_153_12/sim_annalen-der-physik_1874_153_12_djvu.txt	?	-
sim_annalen-der-physik_1874_153_9	https://archive.org/download/sim_annalen-der-physik_1874_153_9/sim_annalen-der-physik_1874_153_9_djvu.txt	?	-
sim_annalen-der-physik_1874_153_contents	https://archive.org/download/sim_annalen-der-physik_1874_153_contents/sim_annalen-der-physik_1874_153_contents_djvu.txt	?	-
sim_annalen-der-physik_1875_154_1	https://archive.org/download/sim_annalen-der-physik_1875_154_1/sim_annalen-der-physik_1875_154_1_djvu.txt	?	-
sim_annalen-der-physik_1875_154_2	https://archive.org/download/sim_annalen-der-physik_1875_154_2/sim_annalen-der-physik_1875_154_2_djvu.txt	?	-
sim_annalen-der-physik_1875_154_3	https://archive.org/download/sim_annalen-der-physik_1875_154_3/sim_annalen-der-physik_1875_154_3_djvu.txt	?	-
sim_annalen-der-physik_1875_154_4	https://archive.org/download/sim_annalen-der-physik_1875_154_4/sim_annalen-der-physik_1875_154_4_djvu.txt	?	-
sim_annalen-der-physik_1875_154_contents	https://archive.org/download/sim_annalen-der-physik_1875_154_contents/sim_annalen-der-physik_1875_154_contents_djvu.txt	?	-
sim_annalen-der-physik_1875_155_5	https://archive.org/download/sim_annalen-der-physik_1875_155_5/sim_annalen-der-physik_1875_155_5_djvu.txt	?	-
sim_annalen-der-physik_1875_155_6	https://archive.org/download/sim_annalen-der-physik_1875_155_6/sim_annalen-der-physik_1875_155_6_djvu.txt	?	-
sim_annalen-der-physik_1875_155_7	https://archive.org/download/sim_annalen-der-physik_1875_155_7/sim_annalen-der-physik_1875_155_7_djvu.txt	?	-
sim_annalen-der-physik_1875_155_8	https://archive.org/download/sim_annalen-der-physik_1875_155_8/sim_annalen-der-physik_1875_155_8_djvu.txt	?	-
sim_annalen-der-physik_1875_155_contents	https://archive.org/download/sim_annalen-der-physik_1875_155_contents/sim_annalen-der-physik_1875_155_contents_djvu.txt	?	-
sim_annalen-der-physik_1875_156_10	https://archive.org/download/sim_annalen-der-physik_1875_156_10/sim_annalen-der-physik_1875_156_10_djvu.txt	?	-
sim_annalen-der-physik_1875_156_11	https://archive.org/download/sim_annalen-der-physik_1875_156_11/sim_annalen-der-physik_1875_156_11_djvu.txt	?	-
sim_annalen-der-physik_1875_156_12	https://archive.org/download/sim_annalen-der-physik_1875_156_12/sim_annalen-der-physik_1875_156_12_djvu.txt	?	-
sim_annalen-der-physik_1875_156_9	https://archive.org/download/sim_annalen-der-physik_1875_156_9/sim_annalen-der-physik_1875_156_9_djvu.txt	?	-
sim_annalen-der-physik_1875_156_contents	https://archive.org/download/sim_annalen-der-physik_1875_156_contents/sim_annalen-der-physik_1875_156_contents_djvu.txt	?	-
sim_annalen-der-physik_1876_157_1	https://archive.org/download/sim_annalen-der-physik_1876_157_1/sim_annalen-der-physik_1876_157_1_djvu.txt	?	-
sim_annalen-der-physik_1876_157_2	https://archive.org/download/sim_annalen-der-physik_1876_157_2/sim_annalen-der-physik_1876_157_2_djvu.txt	?	-
sim_annalen-der-physik_1876_157_3	https://archive.org/download/sim_annalen-der-physik_1876_157_3/sim_annalen-der-physik_1876_157_3_djvu.txt	?	-
sim_annalen-der-physik_1876_157_4	https://archive.org/download/sim_annalen-der-physik_1876_157_4/sim_annalen-der-physik_1876_157_4_djvu.txt	?	-
sim_annalen-der-physik_1876_157_contents	https://archive.org/download/sim_annalen-der-physik_1876_157_contents/sim_annalen-der-physik_1876_157_contents_djvu.txt	?	-
sim_annalen-der-physik_1876_158_5	https://archive.org/download/sim_annalen-der-physik_1876_158_5/sim_annalen-der-physik_1876_158_5_djvu.txt	?	-
sim_annalen-der-physik_1876_158_6	https://archive.org/download/sim_annalen-der-physik_1876_158_6/sim_annalen-der-physik_1876_158_6_djvu.txt	?	-
sim_annalen-der-physik_1876_158_7	https://archive.org/download/sim_annalen-der-physik_1876_158_7/sim_annalen-der-physik_1876_158_7_djvu.txt	?	-
sim_annalen-der-physik_1876_158_8	https://archive.org/download/sim_annalen-der-physik_1876_158_8/sim_annalen-der-physik_1876_158_8_djvu.txt	?	-
sim_annalen-der-physik_1876_158_contents	https://archive.org/download/sim_annalen-der-physik_1876_158_contents/sim_annalen-der-physik_1876_158_contents_djvu.txt	?	-
sim_annalen-der-physik_1876_159_10	https://archive.org/download/sim_annalen-der-physik_1876_159_10/sim_annalen-der-physik_1876_159_10_djvu.txt	?	-
sim_annalen-der-physik_1876_159_11	https://archive.org/download/sim_annalen-der-physik_1876_159_11/sim_annalen-der-physik_1876_159_11_djvu.txt	?	-
sim_annalen-der-physik_1876_159_12	https://archive.org/download/sim_annalen-der-physik_1876_159_12/sim_annalen-der-physik_1876_159_12_djvu.txt	?	-
sim_annalen-der-physik_1876_159_9	https://archive.org/download/sim_annalen-der-physik_1876_159_9/sim_annalen-der-physik_1876_159_9_djvu.txt	?	-
sim_annalen-der-physik_1876_159_contents	https://archive.org/download/sim_annalen-der-physik_1876_159_contents/sim_annalen-der-physik_1876_159_contents_djvu.txt	?	-
sim_annalen-der-physik_1877_160_1	https://archive.org/download/sim_annalen-der-physik_1877_160_1/sim_annalen-der-physik_1877_160_1_djvu.txt	?	-
sim_annalen-der-physik_1877_160_2	https://archive.org/download/sim_annalen-der-physik_1877_160_2/sim_annalen-der-physik_1877_160_2_djvu.txt	?	-
sim_annalen-der-physik_1877_160_3	https://archive.org/download/sim_annalen-der-physik_1877_160_3/sim_annalen-der-physik_1877_160_3_djvu.txt	?	-
sim_annalen-der-physik_1877_160_4	https://archive.org/download/sim_annalen-der-physik_1877_160_4/sim_annalen-der-physik_1877_160_4_djvu.txt	?	-
sim_annalen-der-physik_1877_160_contents	https://archive.org/download/sim_annalen-der-physik_1877_160_contents/sim_annalen-der-physik_1877_160_contents_djvu.txt	?	-
sim_annalen-der-physik_1877_1_5	https://archive.org/download/sim_annalen-der-physik_1877_1_5/sim_annalen-der-physik_1877_1_5_djvu.txt	?	-
sim_annalen-der-physik_1877_1_6	https://archive.org/download/sim_annalen-der-physik_1877_1_6/sim_annalen-der-physik_1877_1_6_djvu.txt	?	-
sim_annalen-der-physik_1877_1_7	https://archive.org/download/sim_annalen-der-physik_1877_1_7/sim_annalen-der-physik_1877_1_7_djvu.txt	?	-
sim_annalen-der-physik_1877_1_8	https://archive.org/download/sim_annalen-der-physik_1877_1_8/sim_annalen-der-physik_1877_1_8_djvu.txt	?	-
sim_annalen-der-physik_1877_1_contents	https://archive.org/download/sim_annalen-der-physik_1877_1_contents/sim_annalen-der-physik_1877_1_contents_djvu.txt	?	-
sim_annalen-der-physik_1877_2_10	https://archive.org/download/sim_annalen-der-physik_1877_2_10/sim_annalen-der-physik_1877_2_10_djvu.txt	?	-
sim_annalen-der-physik_1877_2_11	https://archive.org/download/sim_annalen-der-physik_1877_2_11/sim_annalen-der-physik_1877_2_11_djvu.txt	?	-
sim_annalen-der-physik_1877_2_12	https://archive.org/download/sim_annalen-der-physik_1877_2_12/sim_annalen-der-physik_1877_2_12_djvu.txt	?	-
sim_annalen-der-physik_1877_2_9	https://archive.org/download/sim_annalen-der-physik_1877_2_9/sim_annalen-der-physik_1877_2_9_djvu.txt	?	-
sim_annalen-der-physik_1877_2_contents	https://archive.org/download/sim_annalen-der-physik_1877_2_contents/sim_annalen-der-physik_1877_2_contents_djvu.txt	?	-
sim_annalen-der-physik_1878_3_1	https://archive.org/download/sim_annalen-der-physik_1878_3_1/sim_annalen-der-physik_1878_3_1_djvu.txt	?	-
sim_annalen-der-physik_1878_3_2	https://archive.org/download/sim_annalen-der-physik_1878_3_2/sim_annalen-der-physik_1878_3_2_djvu.txt	?	-
sim_annalen-der-physik_1878_3_3	https://archive.org/download/sim_annalen-der-physik_1878_3_3/sim_annalen-der-physik_1878_3_3_djvu.txt	?	-
sim_annalen-der-physik_1878_3_4	https://archive.org/download/sim_annalen-der-physik_1878_3_4/sim_annalen-der-physik_1878_3_4_djvu.txt	?	-
sim_annalen-der-physik_1878_3_contents	https://archive.org/download/sim_annalen-der-physik_1878_3_contents/sim_annalen-der-physik_1878_3_contents_djvu.txt	?	-
sim_annalen-der-physik_1878_4_5	https://archive.org/download/sim_annalen-der-physik_1878_4_5/sim_annalen-der-physik_1878_4_5_djvu.txt	?	-
sim_annalen-der-physik_1878_4_6	https://archive.org/download/sim_annalen-der-physik_1878_4_6/sim_annalen-der-physik_1878_4_6_djvu.txt	?	-
sim_annalen-der-physik_1878_4_7	https://archive.org/download/sim_annalen-der-physik_1878_4_7/sim_annalen-der-physik_1878_4_7_djvu.txt	?	-
sim_annalen-der-physik_1878_4_8	https://archive.org/download/sim_annalen-der-physik_1878_4_8/sim_annalen-der-physik_1878_4_8_djvu.txt	?	-
sim_annalen-der-physik_1878_4_contents	https://archive.org/download/sim_annalen-der-physik_1878_4_contents/sim_annalen-der-physik_1878_4_contents_djvu.txt	?	-
sim_annalen-der-physik_1878_5_10	https://archive.org/download/sim_annalen-der-physik_1878_5_10/sim_annalen-der-physik_1878_5_10_djvu.txt	?	-
sim_annalen-der-physik_1878_5_11	https://archive.org/download/sim_annalen-der-physik_1878_5_11/sim_annalen-der-physik_1878_5_11_djvu.txt	?	-
sim_annalen-der-physik_1878_5_12	https://archive.org/download/sim_annalen-der-physik_1878_5_12/sim_annalen-der-physik_1878_5_12_djvu.txt	?	-
sim_annalen-der-physik_1878_5_9	https://archive.org/download/sim_annalen-der-physik_1878_5_9/sim_annalen-der-physik_1878_5_9_djvu.txt	?	-
sim_annalen-der-physik_1878_5_contents	https://archive.org/download/sim_annalen-der-physik_1878_5_contents/sim_annalen-der-physik_1878_5_contents_djvu.txt	?	-
sim_annalen-der-physik_1879_6_1	https://archive.org/download/sim_annalen-der-physik_1879_6_1/sim_annalen-der-physik_1879_6_1_djvu.txt	?	-
sim_annalen-der-physik_1879_6_2	https://archive.org/download/sim_annalen-der-physik_1879_6_2/sim_annalen-der-physik_1879_6_2_djvu.txt	?	-
sim_annalen-der-physik_1879_6_3	https://archive.org/download/sim_annalen-der-physik_1879_6_3/sim_annalen-der-physik_1879_6_3_djvu.txt	?	-
sim_annalen-der-physik_1879_6_4	https://archive.org/download/sim_annalen-der-physik_1879_6_4/sim_annalen-der-physik_1879_6_4_djvu.txt	?	-
sim_annalen-der-physik_1879_6_contents	https://archive.org/download/sim_annalen-der-physik_1879_6_contents/sim_annalen-der-physik_1879_6_contents_djvu.txt	?	-
sim_annalen-der-physik_1879_7_5	https://archive.org/download/sim_annalen-der-physik_1879_7_5/sim_annalen-der-physik_1879_7_5_djvu.txt	?	-
sim_annalen-der-physik_1879_7_6	https://archive.org/download/sim_annalen-der-physik_1879_7_6/sim_annalen-der-physik_1879_7_6_djvu.txt	?	-
sim_annalen-der-physik_1879_7_7	https://archive.org/download/sim_annalen-der-physik_1879_7_7/sim_annalen-der-physik_1879_7_7_djvu.txt	?	-
sim_annalen-der-physik_1879_7_8	https://archive.org/download/sim_annalen-der-physik_1879_7_8/sim_annalen-der-physik_1879_7_8_djvu.txt	?	-
sim_annalen-der-physik_1879_7_contents	https://archive.org/download/sim_annalen-der-physik_1879_7_contents/sim_annalen-der-physik_1879_7_contents_djvu.txt	?	-
sim_annalen-der-physik_1879_8_10	https://archive.org/download/sim_annalen-der-physik_1879_8_10/sim_annalen-der-physik_1879_8_10_djvu.txt	?	-
sim_annalen-der-physik_1879_8_11	https://archive.org/download/sim_annalen-der-physik_1879_8_11/sim_annalen-der-physik_1879_8_11_djvu.txt	?	-
sim_annalen-der-physik_1879_8_12	https://archive.org/download/sim_annalen-der-physik_1879_8_12/sim_annalen-der-physik_1879_8_12_djvu.txt	?	-
sim_annalen-der-physik_1879_8_9	https://archive.org/download/sim_annalen-der-physik_1879_8_9/sim_annalen-der-physik_1879_8_9_djvu.txt	?	-
sim_annalen-der-physik_1879_8_contents	https://archive.org/download/sim_annalen-der-physik_1879_8_contents/sim_annalen-der-physik_1879_8_contents_djvu.txt	?	-
sim_annalen-der-physik_1880_10_5	https://archive.org/download/sim_annalen-der-physik_1880_10_5/sim_annalen-der-physik_1880_10_5_djvu.txt	?	-
sim_annalen-der-physik_1880_10_6	https://archive.org/download/sim_annalen-der-physik_1880_10_6/sim_annalen-der-physik_1880_10_6_djvu.txt	?	-
sim_annalen-der-physik_1880_10_7	https://archive.org/download/sim_annalen-der-physik_1880_10_7/sim_annalen-der-physik_1880_10_7_djvu.txt	?	-
sim_annalen-der-physik_1880_10_8	https://archive.org/download/sim_annalen-der-physik_1880_10_8/sim_annalen-der-physik_1880_10_8_djvu.txt	?	-
sim_annalen-der-physik_1880_10_contents	https://archive.org/download/sim_annalen-der-physik_1880_10_contents/sim_annalen-der-physik_1880_10_contents_djvu.txt	?	-
sim_annalen-der-physik_1880_11_10	https://archive.org/download/sim_annalen-der-physik_1880_11_10/sim_annalen-der-physik_1880_11_10_djvu.txt	?	-
sim_annalen-der-physik_1880_11_11	https://archive.org/download/sim_annalen-der-physik_1880_11_11/sim_annalen-der-physik_1880_11_11_djvu.txt	?	-
sim_annalen-der-physik_1880_11_12	https://archive.org/download/sim_annalen-der-physik_1880_11_12/sim_annalen-der-physik_1880_11_12_djvu.txt	?	-
sim_annalen-der-physik_1880_11_9	https://archive.org/download/sim_annalen-der-physik_1880_11_9/sim_annalen-der-physik_1880_11_9_djvu.txt	?	-
sim_annalen-der-physik_1880_11_contents	https://archive.org/download/sim_annalen-der-physik_1880_11_contents/sim_annalen-der-physik_1880_11_contents_djvu.txt	?	-
sim_annalen-der-physik_1880_9_1	https://archive.org/download/sim_annalen-der-physik_1880_9_1/sim_annalen-der-physik_1880_9_1_djvu.txt	?	-
sim_annalen-der-physik_1880_9_2	https://archive.org/download/sim_annalen-der-physik_1880_9_2/sim_annalen-der-physik_1880_9_2_djvu.txt	?	-
sim_annalen-der-physik_1880_9_3	https://archive.org/download/sim_annalen-der-physik_1880_9_3/sim_annalen-der-physik_1880_9_3_djvu.txt	?	-
sim_annalen-der-physik_1880_9_4	https://archive.org/download/sim_annalen-der-physik_1880_9_4/sim_annalen-der-physik_1880_9_4_djvu.txt	?	-
sim_annalen-der-physik_1880_9_contents	https://archive.org/download/sim_annalen-der-physik_1880_9_contents/sim_annalen-der-physik_1880_9_contents_djvu.txt	?	-
sim_annalen-der-physik_1881_12_1	https://archive.org/download/sim_annalen-der-physik_1881_12_1/sim_annalen-der-physik_1881_12_1_djvu.txt	?	-
sim_annalen-der-physik_1881_12_2	https://archive.org/download/sim_annalen-der-physik_1881_12_2/sim_annalen-der-physik_1881_12_2_djvu.txt	?	-
sim_annalen-der-physik_1881_12_3	https://archive.org/download/sim_annalen-der-physik_1881_12_3/sim_annalen-der-physik_1881_12_3_djvu.txt	?	-
sim_annalen-der-physik_1881_12_4	https://archive.org/download/sim_annalen-der-physik_1881_12_4/sim_annalen-der-physik_1881_12_4_djvu.txt	?	-
sim_annalen-der-physik_1881_12_contents	https://archive.org/download/sim_annalen-der-physik_1881_12_contents/sim_annalen-der-physik_1881_12_contents_djvu.txt	?	-
sim_annalen-der-physik_1881_13_5	https://archive.org/download/sim_annalen-der-physik_1881_13_5/sim_annalen-der-physik_1881_13_5_djvu.txt	?	-
sim_annalen-der-physik_1881_13_6	https://archive.org/download/sim_annalen-der-physik_1881_13_6/sim_annalen-der-physik_1881_13_6_djvu.txt	?	-
sim_annalen-der-physik_1881_13_7	https://archive.org/download/sim_annalen-der-physik_1881_13_7/sim_annalen-der-physik_1881_13_7_djvu.txt	?	-
sim_annalen-der-physik_1881_13_8	https://archive.org/download/sim_annalen-der-physik_1881_13_8/sim_annalen-der-physik_1881_13_8_djvu.txt	?	-
sim_annalen-der-physik_1881_13_contents	https://archive.org/download/sim_annalen-der-physik_1881_13_contents/sim_annalen-der-physik_1881_13_contents_djvu.txt	?	-
sim_annalen-der-physik_1881_14_10	https://archive.org/download/sim_annalen-der-physik_1881_14_10/sim_annalen-der-physik_1881_14_10_djvu.txt	?	-
sim_annalen-der-physik_1881_14_11	https://archive.org/download/sim_annalen-der-physik_1881_14_11/sim_annalen-der-physik_1881_14_11_djvu.txt	?	-
sim_annalen-der-physik_1881_14_12	https://archive.org/download/sim_annalen-der-physik_1881_14_12/sim_annalen-der-physik_1881_14_12_djvu.txt	?	-
sim_annalen-der-physik_1881_14_9	https://archive.org/download/sim_annalen-der-physik_1881_14_9/sim_annalen-der-physik_1881_14_9_djvu.txt	?	-
sim_annalen-der-physik_1881_14_contents	https://archive.org/download/sim_annalen-der-physik_1881_14_contents/sim_annalen-der-physik_1881_14_contents_djvu.txt	?	-
sim_annalen-der-physik_1882_15_1	https://archive.org/download/sim_annalen-der-physik_1882_15_1/sim_annalen-der-physik_1882_15_1_djvu.txt	?	-
sim_annalen-der-physik_1882_15_2	https://archive.org/download/sim_annalen-der-physik_1882_15_2/sim_annalen-der-physik_1882_15_2_djvu.txt	?	-
sim_annalen-der-physik_1882_15_3	https://archive.org/download/sim_annalen-der-physik_1882_15_3/sim_annalen-der-physik_1882_15_3_djvu.txt	?	-
sim_annalen-der-physik_1882_15_4	https://archive.org/download/sim_annalen-der-physik_1882_15_4/sim_annalen-der-physik_1882_15_4_djvu.txt	?	-
sim_annalen-der-physik_1882_15_contents	https://archive.org/download/sim_annalen-der-physik_1882_15_contents/sim_annalen-der-physik_1882_15_contents_djvu.txt	?	-
sim_annalen-der-physik_1882_16_5	https://archive.org/download/sim_annalen-der-physik_1882_16_5/sim_annalen-der-physik_1882_16_5_djvu.txt	?	-
sim_annalen-der-physik_1882_16_6	https://archive.org/download/sim_annalen-der-physik_1882_16_6/sim_annalen-der-physik_1882_16_6_djvu.txt	?	-
sim_annalen-der-physik_1882_16_7	https://archive.org/download/sim_annalen-der-physik_1882_16_7/sim_annalen-der-physik_1882_16_7_djvu.txt	?	-
sim_annalen-der-physik_1882_16_8	https://archive.org/download/sim_annalen-der-physik_1882_16_8/sim_annalen-der-physik_1882_16_8_djvu.txt	?	-
sim_annalen-der-physik_1882_16_contents	https://archive.org/download/sim_annalen-der-physik_1882_16_contents/sim_annalen-der-physik_1882_16_contents_djvu.txt	?	-
sim_annalen-der-physik_1882_17_10	https://archive.org/download/sim_annalen-der-physik_1882_17_10/sim_annalen-der-physik_1882_17_10_djvu.txt	?	-
sim_annalen-der-physik_1882_17_11	https://archive.org/download/sim_annalen-der-physik_1882_17_11/sim_annalen-der-physik_1882_17_11_djvu.txt	?	-
sim_annalen-der-physik_1882_17_9	https://archive.org/download/sim_annalen-der-physik_1882_17_9/sim_annalen-der-physik_1882_17_9_djvu.txt	?	-
sim_annalen-der-physik_1882_17_contents	https://archive.org/download/sim_annalen-der-physik_1882_17_contents/sim_annalen-der-physik_1882_17_contents_djvu.txt	?	-
sim_annalen-der-physik_1883_17_12	https://archive.org/download/sim_annalen-der-physik_1883_17_12/sim_annalen-der-physik_1883_17_12_djvu.txt	?	-
sim_annalen-der-physik_1883_18_1	https://archive.org/download/sim_annalen-der-physik_1883_18_1/sim_annalen-der-physik_1883_18_1_djvu.txt	?	-
sim_annalen-der-physik_1883_18_2	https://archive.org/download/sim_annalen-der-physik_1883_18_2/sim_annalen-der-physik_1883_18_2_djvu.txt	?	-
sim_annalen-der-physik_1883_18_3	https://archive.org/download/sim_annalen-der-physik_1883_18_3/sim_annalen-der-physik_1883_18_3_djvu.txt	?	-
sim_annalen-der-physik_1883_18_4	https://archive.org/download/sim_annalen-der-physik_1883_18_4/sim_annalen-der-physik_1883_18_4_djvu.txt	?	-
sim_annalen-der-physik_1883_18_contents	https://archive.org/download/sim_annalen-der-physik_1883_18_contents/sim_annalen-der-physik_1883_18_contents_djvu.txt	?	-
sim_annalen-der-physik_1883_19_5	https://archive.org/download/sim_annalen-der-physik_1883_19_5/sim_annalen-der-physik_1883_19_5_djvu.txt	?	-
sim_annalen-der-physik_1883_19_6	https://archive.org/download/sim_annalen-der-physik_1883_19_6/sim_annalen-der-physik_1883_19_6_djvu.txt	?	-
sim_annalen-der-physik_1883_19_7	https://archive.org/download/sim_annalen-der-physik_1883_19_7/sim_annalen-der-physik_1883_19_7_djvu.txt	?	-
sim_annalen-der-physik_1883_19_8	https://archive.org/download/sim_annalen-der-physik_1883_19_8/sim_annalen-der-physik_1883_19_8_djvu.txt	?	-
sim_annalen-der-physik_1883_19_contents	https://archive.org/download/sim_annalen-der-physik_1883_19_contents/sim_annalen-der-physik_1883_19_contents_djvu.txt	?	-
sim_annalen-der-physik_1883_20_10	https://archive.org/download/sim_annalen-der-physik_1883_20_10/sim_annalen-der-physik_1883_20_10_djvu.txt	?	-
sim_annalen-der-physik_1883_20_11	https://archive.org/download/sim_annalen-der-physik_1883_20_11/sim_annalen-der-physik_1883_20_11_djvu.txt	?	-
sim_annalen-der-physik_1883_20_12	https://archive.org/download/sim_annalen-der-physik_1883_20_12/sim_annalen-der-physik_1883_20_12_djvu.txt	?	-
sim_annalen-der-physik_1883_20_9	https://archive.org/download/sim_annalen-der-physik_1883_20_9/sim_annalen-der-physik_1883_20_9_djvu.txt	?	-
sim_annalen-der-physik_1883_20_contents	https://archive.org/download/sim_annalen-der-physik_1883_20_contents/sim_annalen-der-physik_1883_20_contents_djvu.txt	?	-
sim_annalen-der-physik_1884_21_1	https://archive.org/download/sim_annalen-der-physik_1884_21_1/sim_annalen-der-physik_1884_21_1_djvu.txt	?	-
sim_annalen-der-physik_1884_21_2	https://archive.org/download/sim_annalen-der-physik_1884_21_2/sim_annalen-der-physik_1884_21_2_djvu.txt	?	-
sim_annalen-der-physik_1884_21_3	https://archive.org/download/sim_annalen-der-physik_1884_21_3/sim_annalen-der-physik_1884_21_3_djvu.txt	?	-
sim_annalen-der-physik_1884_21_4	https://archive.org/download/sim_annalen-der-physik_1884_21_4/sim_annalen-der-physik_1884_21_4_djvu.txt	?	-
sim_annalen-der-physik_1884_21_contents	https://archive.org/download/sim_annalen-der-physik_1884_21_contents/sim_annalen-der-physik_1884_21_contents_djvu.txt	?	-
sim_annalen-der-physik_1884_22_5	https://archive.org/download/sim_annalen-der-physik_1884_22_5/sim_annalen-der-physik_1884_22_5_djvu.txt	?	-
sim_annalen-der-physik_1884_22_6	https://archive.org/download/sim_annalen-der-physik_1884_22_6/sim_annalen-der-physik_1884_22_6_djvu.txt	?	-
sim_annalen-der-physik_1884_22_7	https://archive.org/download/sim_annalen-der-physik_1884_22_7/sim_annalen-der-physik_1884_22_7_djvu.txt	?	-
sim_annalen-der-physik_1884_22_8	https://archive.org/download/sim_annalen-der-physik_1884_22_8/sim_annalen-der-physik_1884_22_8_djvu.txt	?	-
sim_annalen-der-physik_1884_22_contents	https://archive.org/download/sim_annalen-der-physik_1884_22_contents/sim_annalen-der-physik_1884_22_contents_djvu.txt	?	-
sim_annalen-der-physik_1884_23_10	https://archive.org/download/sim_annalen-der-physik_1884_23_10/sim_annalen-der-physik_1884_23_10_djvu.txt	?	-
sim_annalen-der-physik_1884_23_11	https://archive.org/download/sim_annalen-der-physik_1884_23_11/sim_annalen-der-physik_1884_23_11_djvu.txt	?	-
sim_annalen-der-physik_1884_23_12	https://archive.org/download/sim_annalen-der-physik_1884_23_12/sim_annalen-der-physik_1884_23_12_djvu.txt	?	-
sim_annalen-der-physik_1884_23_9	https://archive.org/download/sim_annalen-der-physik_1884_23_9/sim_annalen-der-physik_1884_23_9_djvu.txt	?	-
sim_annalen-der-physik_1884_23_contents	https://archive.org/download/sim_annalen-der-physik_1884_23_contents/sim_annalen-der-physik_1884_23_contents_djvu.txt	?	-
sim_annalen-der-physik_1885_24_1	https://archive.org/download/sim_annalen-der-physik_1885_24_1/sim_annalen-der-physik_1885_24_1_djvu.txt	?	-
sim_annalen-der-physik_1885_24_2	https://archive.org/download/sim_annalen-der-physik_1885_24_2/sim_annalen-der-physik_1885_24_2_djvu.txt	?	-
sim_annalen-der-physik_1885_24_3	https://archive.org/download/sim_annalen-der-physik_1885_24_3/sim_annalen-der-physik_1885_24_3_djvu.txt	?	-
sim_annalen-der-physik_1885_24_4	https://archive.org/download/sim_annalen-der-physik_1885_24_4/sim_annalen-der-physik_1885_24_4_djvu.txt	?	-
sim_annalen-der-physik_1885_24_contents	https://archive.org/download/sim_annalen-der-physik_1885_24_contents/sim_annalen-der-physik_1885_24_contents_djvu.txt	?	-
sim_annalen-der-physik_1885_25_5	https://archive.org/download/sim_annalen-der-physik_1885_25_5/sim_annalen-der-physik_1885_25_5_djvu.txt	?	-
sim_annalen-der-physik_1885_25_6	https://archive.org/download/sim_annalen-der-physik_1885_25_6/sim_annalen-der-physik_1885_25_6_djvu.txt	?	-
sim_annalen-der-physik_1885_25_7	https://archive.org/download/sim_annalen-der-physik_1885_25_7/sim_annalen-der-physik_1885_25_7_djvu.txt	?	-
sim_annalen-der-physik_1885_25_8	https://archive.org/download/sim_annalen-der-physik_1885_25_8/sim_annalen-der-physik_1885_25_8_djvu.txt	?	-
sim_annalen-der-physik_1885_25_contents	https://archive.org/download/sim_annalen-der-physik_1885_25_contents/sim_annalen-der-physik_1885_25_contents_djvu.txt	?	-
sim_annalen-der-physik_1885_26_10	https://archive.org/download/sim_annalen-der-physik_1885_26_10/sim_annalen-der-physik_1885_26_10_djvu.txt	?	-
sim_annalen-der-physik_1885_26_11	https://archive.org/download/sim_annalen-der-physik_1885_26_11/sim_annalen-der-physik_1885_26_11_djvu.txt	?	-
sim_annalen-der-physik_1885_26_12	https://archive.org/download/sim_annalen-der-physik_1885_26_12/sim_annalen-der-physik_1885_26_12_djvu.txt	?	-
sim_annalen-der-physik_1885_26_9	https://archive.org/download/sim_annalen-der-physik_1885_26_9/sim_annalen-der-physik_1885_26_9_djvu.txt	?	-
sim_annalen-der-physik_1885_26_contents	https://archive.org/download/sim_annalen-der-physik_1885_26_contents/sim_annalen-der-physik_1885_26_contents_djvu.txt	?	-
sim_annalen-der-physik_1886_27_1	https://archive.org/download/sim_annalen-der-physik_1886_27_1/sim_annalen-der-physik_1886_27_1_djvu.txt	?	-
sim_annalen-der-physik_1886_27_2	https://archive.org/download/sim_annalen-der-physik_1886_27_2/sim_annalen-der-physik_1886_27_2_djvu.txt	?	-
sim_annalen-der-physik_1886_27_3	https://archive.org/download/sim_annalen-der-physik_1886_27_3/sim_annalen-der-physik_1886_27_3_djvu.txt	?	-
sim_annalen-der-physik_1886_27_4	https://archive.org/download/sim_annalen-der-physik_1886_27_4/sim_annalen-der-physik_1886_27_4_djvu.txt	?	-
sim_annalen-der-physik_1886_27_contents	https://archive.org/download/sim_annalen-der-physik_1886_27_contents/sim_annalen-der-physik_1886_27_contents_djvu.txt	?	-
sim_annalen-der-physik_1886_28_5	https://archive.org/download/sim_annalen-der-physik_1886_28_5/sim_annalen-der-physik_1886_28_5_djvu.txt	?	-
sim_annalen-der-physik_1886_28_6	https://archive.org/download/sim_annalen-der-physik_1886_28_6/sim_annalen-der-physik_1886_28_6_djvu.txt	?	-
sim_annalen-der-physik_1886_28_7	https://archive.org/download/sim_annalen-der-physik_1886_28_7/sim_annalen-der-physik_1886_28_7_djvu.txt	?	-
sim_annalen-der-physik_1886_28_8	https://archive.org/download/sim_annalen-der-physik_1886_28_8/sim_annalen-der-physik_1886_28_8_djvu.txt	?	-
sim_annalen-der-physik_1886_28_contents	https://archive.org/download/sim_annalen-der-physik_1886_28_contents/sim_annalen-der-physik_1886_28_contents_djvu.txt	?	-
sim_annalen-der-physik_1886_29_10	https://archive.org/download/sim_annalen-der-physik_1886_29_10/sim_annalen-der-physik_1886_29_10_djvu.txt	?	-
sim_annalen-der-physik_1886_29_11	https://archive.org/download/sim_annalen-der-physik_1886_29_11/sim_annalen-der-physik_1886_29_11_djvu.txt	?	-
sim_annalen-der-physik_1886_29_12	https://archive.org/download/sim_annalen-der-physik_1886_29_12/sim_annalen-der-physik_1886_29_12_djvu.txt	?	-
sim_annalen-der-physik_1886_29_9	https://archive.org/download/sim_annalen-der-physik_1886_29_9/sim_annalen-der-physik_1886_29_9_djvu.txt	?	-
sim_annalen-der-physik_1886_29_contents	https://archive.org/download/sim_annalen-der-physik_1886_29_contents/sim_annalen-der-physik_1886_29_contents_djvu.txt	?	-
sim_annalen-der-physik_1887_30_1	https://archive.org/download/sim_annalen-der-physik_1887_30_1/sim_annalen-der-physik_1887_30_1_djvu.txt	?	-
sim_annalen-der-physik_1887_30_2	https://archive.org/download/sim_annalen-der-physik_1887_30_2/sim_annalen-der-physik_1887_30_2_djvu.txt	?	-
sim_annalen-der-physik_1887_30_3	https://archive.org/download/sim_annalen-der-physik_1887_30_3/sim_annalen-der-physik_1887_30_3_djvu.txt	?	-
sim_annalen-der-physik_1887_30_4	https://archive.org/download/sim_annalen-der-physik_1887_30_4/sim_annalen-der-physik_1887_30_4_djvu.txt	?	-
sim_annalen-der-physik_1887_30_contents	https://archive.org/download/sim_annalen-der-physik_1887_30_contents/sim_annalen-der-physik_1887_30_contents_djvu.txt	?	-
sim_annalen-der-physik_1887_31_5	https://archive.org/download/sim_annalen-der-physik_1887_31_5/sim_annalen-der-physik_1887_31_5_djvu.txt	?	-
sim_annalen-der-physik_1887_31_6	https://archive.org/download/sim_annalen-der-physik_1887_31_6/sim_annalen-der-physik_1887_31_6_djvu.txt	?	-
sim_annalen-der-physik_1887_31_7	https://archive.org/download/sim_annalen-der-physik_1887_31_7/sim_annalen-der-physik_1887_31_7_djvu.txt	?	-
sim_annalen-der-physik_1887_31_8	https://archive.org/download/sim_annalen-der-physik_1887_31_8/sim_annalen-der-physik_1887_31_8_djvu.txt	?	-
sim_annalen-der-physik_1887_31_contents	https://archive.org/download/sim_annalen-der-physik_1887_31_contents/sim_annalen-der-physik_1887_31_contents_djvu.txt	?	-
sim_annalen-der-physik_1887_32_10	https://archive.org/download/sim_annalen-der-physik_1887_32_10/sim_annalen-der-physik_1887_32_10_djvu.txt	?	-
sim_annalen-der-physik_1887_32_11	https://archive.org/download/sim_annalen-der-physik_1887_32_11/sim_annalen-der-physik_1887_32_11_djvu.txt	?	-
sim_annalen-der-physik_1887_32_12	https://archive.org/download/sim_annalen-der-physik_1887_32_12/sim_annalen-der-physik_1887_32_12_djvu.txt	?	-
sim_annalen-der-physik_1887_32_9	https://archive.org/download/sim_annalen-der-physik_1887_32_9/sim_annalen-der-physik_1887_32_9_djvu.txt	?	-
sim_annalen-der-physik_1887_32_contents	https://archive.org/download/sim_annalen-der-physik_1887_32_contents/sim_annalen-der-physik_1887_32_contents_djvu.txt	?	-
sim_annalen-der-physik_1888_33_1	https://archive.org/download/sim_annalen-der-physik_1888_33_1/sim_annalen-der-physik_1888_33_1_djvu.txt	?	-
sim_annalen-der-physik_1888_33_2	https://archive.org/download/sim_annalen-der-physik_1888_33_2/sim_annalen-der-physik_1888_33_2_djvu.txt	?	-
sim_annalen-der-physik_1888_33_3	https://archive.org/download/sim_annalen-der-physik_1888_33_3/sim_annalen-der-physik_1888_33_3_djvu.txt	?	-
sim_annalen-der-physik_1888_33_4	https://archive.org/download/sim_annalen-der-physik_1888_33_4/sim_annalen-der-physik_1888_33_4_djvu.txt	?	-
sim_annalen-der-physik_1888_33_contents	https://archive.org/download/sim_annalen-der-physik_1888_33_contents/sim_annalen-der-physik_1888_33_contents_djvu.txt	?	-
sim_annalen-der-physik_1888_34_5	https://archive.org/download/sim_annalen-der-physik_1888_34_5/sim_annalen-der-physik_1888_34_5_djvu.txt	?	-
sim_annalen-der-physik_1888_34_6	https://archive.org/download/sim_annalen-der-physik_1888_34_6/sim_annalen-der-physik_1888_34_6_djvu.txt	?	-
sim_annalen-der-physik_1888_34_7	https://archive.org/download/sim_annalen-der-physik_1888_34_7/sim_annalen-der-physik_1888_34_7_djvu.txt	?	-
sim_annalen-der-physik_1888_34_8	https://archive.org/download/sim_annalen-der-physik_1888_34_8/sim_annalen-der-physik_1888_34_8_djvu.txt	?	-
sim_annalen-der-physik_1888_34_contents	https://archive.org/download/sim_annalen-der-physik_1888_34_contents/sim_annalen-der-physik_1888_34_contents_djvu.txt	?	-
sim_annalen-der-physik_1888_35_10	https://archive.org/download/sim_annalen-der-physik_1888_35_10/sim_annalen-der-physik_1888_35_10_djvu.txt	?	-
sim_annalen-der-physik_1888_35_11	https://archive.org/download/sim_annalen-der-physik_1888_35_11/sim_annalen-der-physik_1888_35_11_djvu.txt	?	-
sim_annalen-der-physik_1888_35_12	https://archive.org/download/sim_annalen-der-physik_1888_35_12/sim_annalen-der-physik_1888_35_12_djvu.txt	?	-
sim_annalen-der-physik_1888_35_9	https://archive.org/download/sim_annalen-der-physik_1888_35_9/sim_annalen-der-physik_1888_35_9_djvu.txt	?	-
sim_annalen-der-physik_1888_35_contents	https://archive.org/download/sim_annalen-der-physik_1888_35_contents/sim_annalen-der-physik_1888_35_contents_djvu.txt	?	-
sim_annalen-der-physik_1889_36_1	https://archive.org/download/sim_annalen-der-physik_1889_36_1/sim_annalen-der-physik_1889_36_1_djvu.txt	?	-
sim_annalen-der-physik_1889_36_2	https://archive.org/download/sim_annalen-der-physik_1889_36_2/sim_annalen-der-physik_1889_36_2_djvu.txt	?	-
sim_annalen-der-physik_1889_36_3	https://archive.org/download/sim_annalen-der-physik_1889_36_3/sim_annalen-der-physik_1889_36_3_djvu.txt	?	-
sim_annalen-der-physik_1889_36_4	https://archive.org/download/sim_annalen-der-physik_1889_36_4/sim_annalen-der-physik_1889_36_4_djvu.txt	?	-
sim_annalen-der-physik_1889_36_contents	https://archive.org/download/sim_annalen-der-physik_1889_36_contents/sim_annalen-der-physik_1889_36_contents_djvu.txt	?	-
sim_annalen-der-physik_1889_37_5	https://archive.org/download/sim_annalen-der-physik_1889_37_5/sim_annalen-der-physik_1889_37_5_djvu.txt	?	-
sim_annalen-der-physik_1889_37_6	https://archive.org/download/sim_annalen-der-physik_1889_37_6/sim_annalen-der-physik_1889_37_6_djvu.txt	?	-
sim_annalen-der-physik_1889_37_7	https://archive.org/download/sim_annalen-der-physik_1889_37_7/sim_annalen-der-physik_1889_37_7_djvu.txt	?	-
sim_annalen-der-physik_1889_37_8	https://archive.org/download/sim_annalen-der-physik_1889_37_8/sim_annalen-der-physik_1889_37_8_djvu.txt	?	-
sim_annalen-der-physik_1889_37_contents	https://archive.org/download/sim_annalen-der-physik_1889_37_contents/sim_annalen-der-physik_1889_37_contents_djvu.txt	?	-
sim_annalen-der-physik_1889_38_10	https://archive.org/download/sim_annalen-der-physik_1889_38_10/sim_annalen-der-physik_1889_38_10_djvu.txt	?	-
sim_annalen-der-physik_1889_38_11	https://archive.org/download/sim_annalen-der-physik_1889_38_11/sim_annalen-der-physik_1889_38_11_djvu.txt	?	-
sim_annalen-der-physik_1889_38_12	https://archive.org/download/sim_annalen-der-physik_1889_38_12/sim_annalen-der-physik_1889_38_12_djvu.txt	?	-
sim_annalen-der-physik_1889_38_9	https://archive.org/download/sim_annalen-der-physik_1889_38_9/sim_annalen-der-physik_1889_38_9_djvu.txt	?	-
sim_annalen-der-physik_1889_38_contents	https://archive.org/download/sim_annalen-der-physik_1889_38_contents/sim_annalen-der-physik_1889_38_contents_djvu.txt	?	-
sim_annalen-der-physik_1890_39_1	https://archive.org/download/sim_annalen-der-physik_1890_39_1/sim_annalen-der-physik_1890_39_1_djvu.txt	?	-
sim_annalen-der-physik_1890_39_2	https://archive.org/download/sim_annalen-der-physik_1890_39_2/sim_annalen-der-physik_1890_39_2_djvu.txt	?	-
sim_annalen-der-physik_1890_39_3	https://archive.org/download/sim_annalen-der-physik_1890_39_3/sim_annalen-der-physik_1890_39_3_djvu.txt	?	-
sim_annalen-der-physik_1890_39_4	https://archive.org/download/sim_annalen-der-physik_1890_39_4/sim_annalen-der-physik_1890_39_4_djvu.txt	?	-
sim_annalen-der-physik_1890_39_contents	https://archive.org/download/sim_annalen-der-physik_1890_39_contents/sim_annalen-der-physik_1890_39_contents_djvu.txt	?	-
sim_annalen-der-physik_1890_40_5	https://archive.org/download/sim_annalen-der-physik_1890_40_5/sim_annalen-der-physik_1890_40_5_djvu.txt	?	-
sim_annalen-der-physik_1890_40_6	https://archive.org/download/sim_annalen-der-physik_1890_40_6/sim_annalen-der-physik_1890_40_6_djvu.txt	?	-
sim_annalen-der-physik_1890_40_7	https://archive.org/download/sim_annalen-der-physik_1890_40_7/sim_annalen-der-physik_1890_40_7_djvu.txt	?	-
sim_annalen-der-physik_1890_40_8	https://archive.org/download/sim_annalen-der-physik_1890_40_8/sim_annalen-der-physik_1890_40_8_djvu.txt	?	-
sim_annalen-der-physik_1890_40_contents	https://archive.org/download/sim_annalen-der-physik_1890_40_contents/sim_annalen-der-physik_1890_40_contents_djvu.txt	?	-
sim_annalen-der-physik_1890_41_10	https://archive.org/download/sim_annalen-der-physik_1890_41_10/sim_annalen-der-physik_1890_41_10_djvu.txt	?	-
sim_annalen-der-physik_1890_41_11	https://archive.org/download/sim_annalen-der-physik_1890_41_11/sim_annalen-der-physik_1890_41_11_djvu.txt	?	-
sim_annalen-der-physik_1890_41_12	https://archive.org/download/sim_annalen-der-physik_1890_41_12/sim_annalen-der-physik_1890_41_12_djvu.txt	?	-
sim_annalen-der-physik_1890_41_9	https://archive.org/download/sim_annalen-der-physik_1890_41_9/sim_annalen-der-physik_1890_41_9_djvu.txt	?	-
sim_annalen-der-physik_1890_41_contents	https://archive.org/download/sim_annalen-der-physik_1890_41_contents/sim_annalen-der-physik_1890_41_contents_djvu.txt	?	-
sim_annalen-der-physik_1891_42_1	https://archive.org/download/sim_annalen-der-physik_1891_42_1/sim_annalen-der-physik_1891_42_1_djvu.txt	?	-
sim_annalen-der-physik_1891_42_2	https://archive.org/download/sim_annalen-der-physik_1891_42_2/sim_annalen-der-physik_1891_42_2_djvu.txt	?	-
sim_annalen-der-physik_1891_42_3	https://archive.org/download/sim_annalen-der-physik_1891_42_3/sim_annalen-der-physik_1891_42_3_djvu.txt	?	-
sim_annalen-der-physik_1891_42_4	https://archive.org/download/sim_annalen-der-physik_1891_42_4/sim_annalen-der-physik_1891_42_4_djvu.txt	?	-
sim_annalen-der-physik_1891_42_contents	https://archive.org/download/sim_annalen-der-physik_1891_42_contents/sim_annalen-der-physik_1891_42_contents_djvu.txt	?	-
sim_annalen-der-physik_1891_43_5	https://archive.org/download/sim_annalen-der-physik_1891_43_5/sim_annalen-der-physik_1891_43_5_djvu.txt	?	-
sim_annalen-der-physik_1891_43_6	https://archive.org/download/sim_annalen-der-physik_1891_43_6/sim_annalen-der-physik_1891_43_6_djvu.txt	?	-
sim_annalen-der-physik_1891_43_7	https://archive.org/download/sim_annalen-der-physik_1891_43_7/sim_annalen-der-physik_1891_43_7_djvu.txt	?	-
sim_annalen-der-physik_1891_43_8	https://archive.org/download/sim_annalen-der-physik_1891_43_8/sim_annalen-der-physik_1891_43_8_djvu.txt	?	-
sim_annalen-der-physik_1891_43_contents	https://archive.org/download/sim_annalen-der-physik_1891_43_contents/sim_annalen-der-physik_1891_43_contents_djvu.txt	?	-
sim_annalen-der-physik_1891_44_10	https://archive.org/download/sim_annalen-der-physik_1891_44_10/sim_annalen-der-physik_1891_44_10_djvu.txt	?	-
sim_annalen-der-physik_1891_44_11	https://archive.org/download/sim_annalen-der-physik_1891_44_11/sim_annalen-der-physik_1891_44_11_djvu.txt	?	-
sim_annalen-der-physik_1891_44_12	https://archive.org/download/sim_annalen-der-physik_1891_44_12/sim_annalen-der-physik_1891_44_12_djvu.txt	?	-
sim_annalen-der-physik_1891_44_9	https://archive.org/download/sim_annalen-der-physik_1891_44_9/sim_annalen-der-physik_1891_44_9_djvu.txt	?	-
sim_annalen-der-physik_1891_44_contents	https://archive.org/download/sim_annalen-der-physik_1891_44_contents/sim_annalen-der-physik_1891_44_contents_djvu.txt	?	-
sim_annalen-der-physik_1892_45_1	https://archive.org/download/sim_annalen-der-physik_1892_45_1/sim_annalen-der-physik_1892_45_1_djvu.txt	?	-
sim_annalen-der-physik_1892_45_2	https://archive.org/download/sim_annalen-der-physik_1892_45_2/sim_annalen-der-physik_1892_45_2_djvu.txt	?	-
sim_annalen-der-physik_1892_45_3	https://archive.org/download/sim_annalen-der-physik_1892_45_3/sim_annalen-der-physik_1892_45_3_djvu.txt	?	-
sim_annalen-der-physik_1892_45_4	https://archive.org/download/sim_annalen-der-physik_1892_45_4/sim_annalen-der-physik_1892_45_4_djvu.txt	?	-
sim_annalen-der-physik_1892_45_contents	https://archive.org/download/sim_annalen-der-physik_1892_45_contents/sim_annalen-der-physik_1892_45_contents_djvu.txt	?	-
sim_annalen-der-physik_1892_46_5	https://archive.org/download/sim_annalen-der-physik_1892_46_5/sim_annalen-der-physik_1892_46_5_djvu.txt	?	-
sim_annalen-der-physik_1892_46_6	https://archive.org/download/sim_annalen-der-physik_1892_46_6/sim_annalen-der-physik_1892_46_6_djvu.txt	?	-
sim_annalen-der-physik_1892_46_7	https://archive.org/download/sim_annalen-der-physik_1892_46_7/sim_annalen-der-physik_1892_46_7_djvu.txt	?	-
sim_annalen-der-physik_1892_46_8	https://archive.org/download/sim_annalen-der-physik_1892_46_8/sim_annalen-der-physik_1892_46_8_djvu.txt	?	-
sim_annalen-der-physik_1892_46_contents	https://archive.org/download/sim_annalen-der-physik_1892_46_contents/sim_annalen-der-physik_1892_46_contents_djvu.txt	?	-
sim_annalen-der-physik_1892_47_10	https://archive.org/download/sim_annalen-der-physik_1892_47_10/sim_annalen-der-physik_1892_47_10_djvu.txt	?	-
sim_annalen-der-physik_1892_47_11	https://archive.org/download/sim_annalen-der-physik_1892_47_11/sim_annalen-der-physik_1892_47_11_djvu.txt	?	-
sim_annalen-der-physik_1892_47_12	https://archive.org/download/sim_annalen-der-physik_1892_47_12/sim_annalen-der-physik_1892_47_12_djvu.txt	?	-
sim_annalen-der-physik_1892_47_9	https://archive.org/download/sim_annalen-der-physik_1892_47_9/sim_annalen-der-physik_1892_47_9_djvu.txt	?	-
sim_annalen-der-physik_1892_47_contents	https://archive.org/download/sim_annalen-der-physik_1892_47_contents/sim_annalen-der-physik_1892_47_contents_djvu.txt	?	-
sim_annalen-der-physik_1893_48_1	https://archive.org/download/sim_annalen-der-physik_1893_48_1/sim_annalen-der-physik_1893_48_1_djvu.txt	?	-
sim_annalen-der-physik_1893_48_2	https://archive.org/download/sim_annalen-der-physik_1893_48_2/sim_annalen-der-physik_1893_48_2_djvu.txt	?	-
sim_annalen-der-physik_1893_48_3	https://archive.org/download/sim_annalen-der-physik_1893_48_3/sim_annalen-der-physik_1893_48_3_djvu.txt	?	-
sim_annalen-der-physik_1893_48_4	https://archive.org/download/sim_annalen-der-physik_1893_48_4/sim_annalen-der-physik_1893_48_4_djvu.txt	?	-
sim_annalen-der-physik_1893_48_contents	https://archive.org/download/sim_annalen-der-physik_1893_48_contents/sim_annalen-der-physik_1893_48_contents_djvu.txt	?	-
sim_annalen-der-physik_1893_49_5	https://archive.org/download/sim_annalen-der-physik_1893_49_5/sim_annalen-der-physik_1893_49_5_djvu.txt	?	-
sim_annalen-der-physik_1893_49_6	https://archive.org/download/sim_annalen-der-physik_1893_49_6/sim_annalen-der-physik_1893_49_6_djvu.txt	?	-
sim_annalen-der-physik_1893_49_7	https://archive.org/download/sim_annalen-der-physik_1893_49_7/sim_annalen-der-physik_1893_49_7_djvu.txt	?	-
sim_annalen-der-physik_1893_49_8	https://archive.org/download/sim_annalen-der-physik_1893_49_8/sim_annalen-der-physik_1893_49_8_djvu.txt	?	-
sim_annalen-der-physik_1893_49_contents	https://archive.org/download/sim_annalen-der-physik_1893_49_contents/sim_annalen-der-physik_1893_49_contents_djvu.txt	?	-
sim_annalen-der-physik_1893_50_10	https://archive.org/download/sim_annalen-der-physik_1893_50_10/sim_annalen-der-physik_1893_50_10_djvu.txt	?	-
sim_annalen-der-physik_1893_50_11	https://archive.org/download/sim_annalen-der-physik_1893_50_11/sim_annalen-der-physik_1893_50_11_djvu.txt	?	-
sim_annalen-der-physik_1893_50_12	https://archive.org/download/sim_annalen-der-physik_1893_50_12/sim_annalen-der-physik_1893_50_12_djvu.txt	?	-
sim_annalen-der-physik_1893_50_9	https://archive.org/download/sim_annalen-der-physik_1893_50_9/sim_annalen-der-physik_1893_50_9_djvu.txt	?	-
sim_annalen-der-physik_1893_50_contents	https://archive.org/download/sim_annalen-der-physik_1893_50_contents/sim_annalen-der-physik_1893_50_contents_djvu.txt	?	-
sim_annalen-der-physik_1894-1909_cumulative-index	https://archive.org/download/sim_annalen-der-physik_1894-1909_cumulative-index/sim_annalen-der-physik_1894-1909_cumulative-index_djvu.txt	?	-
sim_annalen-der-physik_1894_51_1	https://archive.org/download/sim_annalen-der-physik_1894_51_1/sim_annalen-der-physik_1894_51_1_djvu.txt	?	-
sim_annalen-der-physik_1894_51_2	https://archive.org/download/sim_annalen-der-physik_1894_51_2/sim_annalen-der-physik_1894_51_2_djvu.txt	?	-
sim_annalen-der-physik_1894_51_3	https://archive.org/download/sim_annalen-der-physik_1894_51_3/sim_annalen-der-physik_1894_51_3_djvu.txt	?	-
sim_annalen-der-physik_1894_51_4	https://archive.org/download/sim_annalen-der-physik_1894_51_4/sim_annalen-der-physik_1894_51_4_djvu.txt	?	-
sim_annalen-der-physik_1894_51_contents	https://archive.org/download/sim_annalen-der-physik_1894_51_contents/sim_annalen-der-physik_1894_51_contents_djvu.txt	?	-
sim_annalen-der-physik_1894_52_5	https://archive.org/download/sim_annalen-der-physik_1894_52_5/sim_annalen-der-physik_1894_52_5_djvu.txt	?	-
sim_annalen-der-physik_1894_52_6	https://archive.org/download/sim_annalen-der-physik_1894_52_6/sim_annalen-der-physik_1894_52_6_djvu.txt	?	-
sim_annalen-der-physik_1894_52_7	https://archive.org/download/sim_annalen-der-physik_1894_52_7/sim_annalen-der-physik_1894_52_7_djvu.txt	?	-
sim_annalen-der-physik_1894_52_8	https://archive.org/download/sim_annalen-der-physik_1894_52_8/sim_annalen-der-physik_1894_52_8_djvu.txt	?	-
sim_annalen-der-physik_1894_52_contents	https://archive.org/download/sim_annalen-der-physik_1894_52_contents/sim_annalen-der-physik_1894_52_contents_djvu.txt	?	-
sim_annalen-der-physik_1894_53_10	https://archive.org/download/sim_annalen-der-physik_1894_53_10/sim_annalen-der-physik_1894_53_10_djvu.txt	?	-
sim_annalen-der-physik_1894_53_11	https://archive.org/download/sim_annalen-der-physik_1894_53_11/sim_annalen-der-physik_1894_53_11_djvu.txt	?	-
sim_annalen-der-physik_1894_53_12	https://archive.org/download/sim_annalen-der-physik_1894_53_12/sim_annalen-der-physik_1894_53_12_djvu.txt	?	-
sim_annalen-der-physik_1894_53_9	https://archive.org/download/sim_annalen-der-physik_1894_53_9/sim_annalen-der-physik_1894_53_9_djvu.txt	?	-
sim_annalen-der-physik_1894_53_contents	https://archive.org/download/sim_annalen-der-physik_1894_53_contents/sim_annalen-der-physik_1894_53_contents_djvu.txt	?	-
sim_annalen-der-physik_1895_54_1	https://archive.org/download/sim_annalen-der-physik_1895_54_1/sim_annalen-der-physik_1895_54_1_djvu.txt	?	-
sim_annalen-der-physik_1895_54_2	https://archive.org/download/sim_annalen-der-physik_1895_54_2/sim_annalen-der-physik_1895_54_2_djvu.txt	?	-
sim_annalen-der-physik_1895_54_3	https://archive.org/download/sim_annalen-der-physik_1895_54_3/sim_annalen-der-physik_1895_54_3_djvu.txt	?	-
sim_annalen-der-physik_1895_54_4	https://archive.org/download/sim_annalen-der-physik_1895_54_4/sim_annalen-der-physik_1895_54_4_djvu.txt	?	-
sim_annalen-der-physik_1895_54_contents	https://archive.org/download/sim_annalen-der-physik_1895_54_contents/sim_annalen-der-physik_1895_54_contents_djvu.txt	?	-
sim_annalen-der-physik_1895_55_5	https://archive.org/download/sim_annalen-der-physik_1895_55_5/sim_annalen-der-physik_1895_55_5_djvu.txt	?	-
sim_annalen-der-physik_1895_55_6	https://archive.org/download/sim_annalen-der-physik_1895_55_6/sim_annalen-der-physik_1895_55_6_djvu.txt	?	-
sim_annalen-der-physik_1895_55_7	https://archive.org/download/sim_annalen-der-physik_1895_55_7/sim_annalen-der-physik_1895_55_7_djvu.txt	?	-
sim_annalen-der-physik_1895_55_8	https://archive.org/download/sim_annalen-der-physik_1895_55_8/sim_annalen-der-physik_1895_55_8_djvu.txt	?	-
sim_annalen-der-physik_1895_55_contents	https://archive.org/download/sim_annalen-der-physik_1895_55_contents/sim_annalen-der-physik_1895_55_contents_djvu.txt	?	-
sim_annalen-der-physik_1895_56_10	https://archive.org/download/sim_annalen-der-physik_1895_56_10/sim_annalen-der-physik_1895_56_10_djvu.txt	?	-
sim_annalen-der-physik_1895_56_11	https://archive.org/download/sim_annalen-der-physik_1895_56_11/sim_annalen-der-physik_1895_56_11_djvu.txt	?	-
sim_annalen-der-physik_1895_56_12	https://archive.org/download/sim_annalen-der-physik_1895_56_12/sim_annalen-der-physik_1895_56_12_djvu.txt	?	-
sim_annalen-der-physik_1895_56_9	https://archive.org/download/sim_annalen-der-physik_1895_56_9/sim_annalen-der-physik_1895_56_9_djvu.txt	?	-
sim_annalen-der-physik_1895_56_contents	https://archive.org/download/sim_annalen-der-physik_1895_56_contents/sim_annalen-der-physik_1895_56_contents_djvu.txt	?	-
sim_annalen-der-physik_1896_57_1	https://archive.org/download/sim_annalen-der-physik_1896_57_1/sim_annalen-der-physik_1896_57_1_djvu.txt	?	-
sim_annalen-der-physik_1896_57_2	https://archive.org/download/sim_annalen-der-physik_1896_57_2/sim_annalen-der-physik_1896_57_2_djvu.txt	?	-
sim_annalen-der-physik_1896_57_3	https://archive.org/download/sim_annalen-der-physik_1896_57_3/sim_annalen-der-physik_1896_57_3_djvu.txt	?	-
sim_annalen-der-physik_1896_57_4	https://archive.org/download/sim_annalen-der-physik_1896_57_4/sim_annalen-der-physik_1896_57_4_djvu.txt	?	-
sim_annalen-der-physik_1896_57_contents	https://archive.org/download/sim_annalen-der-physik_1896_57_contents/sim_annalen-der-physik_1896_57_contents_djvu.txt	?	-
sim_annalen-der-physik_1896_57_index	https://archive.org/download/sim_annalen-der-physik_1896_57_index/sim_annalen-der-physik_1896_57_index_djvu.txt	?	-
sim_annalen-der-physik_1896_58_1	https://archive.org/download/sim_annalen-der-physik_1896_58_1/sim_annalen-der-physik_1896_58_1_djvu.txt	?	-
sim_annalen-der-physik_1896_58_2	https://archive.org/download/sim_annalen-der-physik_1896_58_2/sim_annalen-der-physik_1896_58_2_djvu.txt	?	-
sim_annalen-der-physik_1896_58_3	https://archive.org/download/sim_annalen-der-physik_1896_58_3/sim_annalen-der-physik_1896_58_3_djvu.txt	?	-
sim_annalen-der-physik_1896_58_4	https://archive.org/download/sim_annalen-der-physik_1896_58_4/sim_annalen-der-physik_1896_58_4_djvu.txt	?	-
sim_annalen-der-physik_1896_58_contents	https://archive.org/download/sim_annalen-der-physik_1896_58_contents/sim_annalen-der-physik_1896_58_contents_djvu.txt	?	-
sim_annalen-der-physik_1896_59_1	https://archive.org/download/sim_annalen-der-physik_1896_59_1/sim_annalen-der-physik_1896_59_1_djvu.txt	?	-
sim_annalen-der-physik_1896_59_2	https://archive.org/download/sim_annalen-der-physik_1896_59_2/sim_annalen-der-physik_1896_59_2_djvu.txt	?	-
sim_annalen-der-physik_1896_59_3	https://archive.org/download/sim_annalen-der-physik_1896_59_3/sim_annalen-der-physik_1896_59_3_djvu.txt	?	-
sim_annalen-der-physik_1896_59_4	https://archive.org/download/sim_annalen-der-physik_1896_59_4/sim_annalen-der-physik_1896_59_4_djvu.txt	?	-
sim_annalen-der-physik_1896_59_contents	https://archive.org/download/sim_annalen-der-physik_1896_59_contents/sim_annalen-der-physik_1896_59_contents_djvu.txt	?	-
sim_annalen-der-physik_1897_60_1	https://archive.org/download/sim_annalen-der-physik_1897_60_1/sim_annalen-der-physik_1897_60_1_djvu.txt	?	-
sim_annalen-der-physik_1897_60_2	https://archive.org/download/sim_annalen-der-physik_1897_60_2/sim_annalen-der-physik_1897_60_2_djvu.txt	?	-
sim_annalen-der-physik_1897_60_3	https://archive.org/download/sim_annalen-der-physik_1897_60_3/sim_annalen-der-physik_1897_60_3_djvu.txt	?	-
sim_annalen-der-physik_1897_60_4	https://archive.org/download/sim_annalen-der-physik_1897_60_4/sim_annalen-der-physik_1897_60_4_djvu.txt	?	-
sim_annalen-der-physik_1897_60_contents	https://archive.org/download/sim_annalen-der-physik_1897_60_contents/sim_annalen-der-physik_1897_60_contents_djvu.txt	?	-
sim_annalen-der-physik_1897_61_1	https://archive.org/download/sim_annalen-der-physik_1897_61_1/sim_annalen-der-physik_1897_61_1_djvu.txt	?	-
sim_annalen-der-physik_1897_61_2	https://archive.org/download/sim_annalen-der-physik_1897_61_2/sim_annalen-der-physik_1897_61_2_djvu.txt	?	-
sim_annalen-der-physik_1897_61_3	https://archive.org/download/sim_annalen-der-physik_1897_61_3/sim_annalen-der-physik_1897_61_3_djvu.txt	?	-
sim_annalen-der-physik_1897_61_4	https://archive.org/download/sim_annalen-der-physik_1897_61_4/sim_annalen-der-physik_1897_61_4_djvu.txt	?	-
sim_annalen-der-physik_1897_61_contents	https://archive.org/download/sim_annalen-der-physik_1897_61_contents/sim_annalen-der-physik_1897_61_contents_djvu.txt	?	-
sim_annalen-der-physik_1897_62_1	https://archive.org/download/sim_annalen-der-physik_1897_62_1/sim_annalen-der-physik_1897_62_1_djvu.txt	?	-
sim_annalen-der-physik_1897_62_2	https://archive.org/download/sim_annalen-der-physik_1897_62_2/sim_annalen-der-physik_1897_62_2_djvu.txt	?	-
sim_annalen-der-physik_1897_62_3	https://archive.org/download/sim_annalen-der-physik_1897_62_3/sim_annalen-der-physik_1897_62_3_djvu.txt	?	-
sim_annalen-der-physik_1897_62_4	https://archive.org/download/sim_annalen-der-physik_1897_62_4/sim_annalen-der-physik_1897_62_4_djvu.txt	?	-
sim_annalen-der-physik_1897_62_contents	https://archive.org/download/sim_annalen-der-physik_1897_62_contents/sim_annalen-der-physik_1897_62_contents_djvu.txt	?	-
sim_annalen-der-physik_1897_63	https://archive.org/download/sim_annalen-der-physik_1897_63/sim_annalen-der-physik_1897_63_djvu.txt	?	-
sim_annalen-der-physik_1897_63_index-contents	https://archive.org/download/sim_annalen-der-physik_1897_63_index-contents/sim_annalen-der-physik_1897_63_index-contents_djvu.txt	?	-
sim_annalen-der-physik_1898_64_1	https://archive.org/download/sim_annalen-der-physik_1898_64_1/sim_annalen-der-physik_1898_64_1_djvu.txt	?	-
sim_annalen-der-physik_1898_64_2	https://archive.org/download/sim_annalen-der-physik_1898_64_2/sim_annalen-der-physik_1898_64_2_djvu.txt	?	-
sim_annalen-der-physik_1898_64_3	https://archive.org/download/sim_annalen-der-physik_1898_64_3/sim_annalen-der-physik_1898_64_3_djvu.txt	?	-
sim_annalen-der-physik_1898_64_4	https://archive.org/download/sim_annalen-der-physik_1898_64_4/sim_annalen-der-physik_1898_64_4_djvu.txt	?	-
sim_annalen-der-physik_1898_64_contents	https://archive.org/download/sim_annalen-der-physik_1898_64_contents/sim_annalen-der-physik_1898_64_contents_djvu.txt	?	-
sim_annalen-der-physik_1898_65_1	https://archive.org/download/sim_annalen-der-physik_1898_65_1/sim_annalen-der-physik_1898_65_1_djvu.txt	?	-
sim_annalen-der-physik_1898_65_2	https://archive.org/download/sim_annalen-der-physik_1898_65_2/sim_annalen-der-physik_1898_65_2_djvu.txt	?	-
sim_annalen-der-physik_1898_65_3	https://archive.org/download/sim_annalen-der-physik_1898_65_3/sim_annalen-der-physik_1898_65_3_djvu.txt	?	-
sim_annalen-der-physik_1898_65_4	https://archive.org/download/sim_annalen-der-physik_1898_65_4/sim_annalen-der-physik_1898_65_4_djvu.txt	?	-
sim_annalen-der-physik_1898_65_contents	https://archive.org/download/sim_annalen-der-physik_1898_65_contents/sim_annalen-der-physik_1898_65_contents_djvu.txt	?	-
sim_annalen-der-physik_1898_66	https://archive.org/download/sim_annalen-der-physik_1898_66/sim_annalen-der-physik_1898_66_djvu.txt	?	-
sim_annalen-der-physik_1898_66_contents	https://archive.org/download/sim_annalen-der-physik_1898_66_contents/sim_annalen-der-physik_1898_66_contents_djvu.txt	?	-
sim_annalen-der-physik_1898_66_index	https://archive.org/download/sim_annalen-der-physik_1898_66_index/sim_annalen-der-physik_1898_66_index_djvu.txt	?	-
sim_annalen-der-physik_1899_67	https://archive.org/download/sim_annalen-der-physik_1899_67/sim_annalen-der-physik_1899_67_djvu.txt	?	-
sim_annalen-der-physik_1899_67_contents	https://archive.org/download/sim_annalen-der-physik_1899_67_contents/sim_annalen-der-physik_1899_67_contents_djvu.txt	?	-
sim_annalen-der-physik_1899_67_index	https://archive.org/download/sim_annalen-der-physik_1899_67_index/sim_annalen-der-physik_1899_67_index_djvu.txt	?	-
sim_annalen-der-physik_1899_68_1	https://archive.org/download/sim_annalen-der-physik_1899_68_1/sim_annalen-der-physik_1899_68_1_djvu.txt	?	-
sim_annalen-der-physik_1899_68_2	https://archive.org/download/sim_annalen-der-physik_1899_68_2/sim_annalen-der-physik_1899_68_2_djvu.txt	?	-
sim_annalen-der-physik_1899_68_3	https://archive.org/download/sim_annalen-der-physik_1899_68_3/sim_annalen-der-physik_1899_68_3_djvu.txt	?	-
sim_annalen-der-physik_1899_68_4	https://archive.org/download/sim_annalen-der-physik_1899_68_4/sim_annalen-der-physik_1899_68_4_djvu.txt	?	-
sim_annalen-der-physik_1899_68_contents	https://archive.org/download/sim_annalen-der-physik_1899_68_contents/sim_annalen-der-physik_1899_68_contents_djvu.txt	?	-
sim_annalen-der-physik_1899_69_1	https://archive.org/download/sim_annalen-der-physik_1899_69_1/sim_annalen-der-physik_1899_69_1_djvu.txt	?	-
sim_annalen-der-physik_1899_69_2	https://archive.org/download/sim_annalen-der-physik_1899_69_2/sim_annalen-der-physik_1899_69_2_djvu.txt	?	-
sim_annalen-der-physik_1899_69_3	https://archive.org/download/sim_annalen-der-physik_1899_69_3/sim_annalen-der-physik_1899_69_3_djvu.txt	?	-
sim_annalen-der-physik_1899_69_4	https://archive.org/download/sim_annalen-der-physik_1899_69_4/sim_annalen-der-physik_1899_69_4_djvu.txt	?	-
sim_annalen-der-physik_1899_69_contents	https://archive.org/download/sim_annalen-der-physik_1899_69_contents/sim_annalen-der-physik_1899_69_contents_djvu.txt	?	-
sim_annalen-der-physik_1900_1-3_index	https://archive.org/download/sim_annalen-der-physik_1900_1-3_index/sim_annalen-der-physik_1900_1-3_index_djvu.txt	?	-
sim_annalen-der-physik_1900_1_1	https://archive.org/download/sim_annalen-der-physik_1900_1_1/sim_annalen-der-physik_1900_1_1_djvu.txt	?	-
sim_annalen-der-physik_1900_1_2	https://archive.org/download/sim_annalen-der-physik_1900_1_2/sim_annalen-der-physik_1900_1_2_djvu.txt	?	-
sim_annalen-der-physik_1900_1_3	https://archive.org/download/sim_annalen-der-physik_1900_1_3/sim_annalen-der-physik_1900_1_3_djvu.txt	?	-
sim_annalen-der-physik_1900_1_4	https://archive.org/download/sim_annalen-der-physik_1900_1_4/sim_annalen-der-physik_1900_1_4_djvu.txt	?	-
sim_annalen-der-physik_1900_1_contents	https://archive.org/download/sim_annalen-der-physik_1900_1_contents/sim_annalen-der-physik_1900_1_contents_djvu.txt	?	-
sim_annalen-der-physik_1900_2_1	https://archive.org/download/sim_annalen-der-physik_1900_2_1/sim_annalen-der-physik_1900_2_1_djvu.txt	?	-
sim_annalen-der-physik_1900_2_2	https://archive.org/download/sim_annalen-der-physik_1900_2_2/sim_annalen-der-physik_1900_2_2_djvu.txt	?	-
sim_annalen-der-physik_1900_2_3	https://archive.org/download/sim_annalen-der-physik_1900_2_3/sim_annalen-der-physik_1900_2_3_djvu.txt	?	-
sim_annalen-der-physik_1900_2_4	https://archive.org/download/sim_annalen-der-physik_1900_2_4/sim_annalen-der-physik_1900_2_4_djvu.txt	?	-
sim_annalen-der-physik_1900_2_contents	https://archive.org/download/sim_annalen-der-physik_1900_2_contents/sim_annalen-der-physik_1900_2_contents_djvu.txt	?	-
sim_annalen-der-physik_1900_3_1	https://archive.org/download/sim_annalen-der-physik_1900_3_1/sim_annalen-der-physik_1900_3_1_djvu.txt	?	-
sim_annalen-der-physik_1900_3_2	https://archive.org/download/sim_annalen-der-physik_1900_3_2/sim_annalen-der-physik_1900_3_2_djvu.txt	?	-
sim_annalen-der-physik_1900_3_3	https://archive.org/download/sim_annalen-der-physik_1900_3_3/sim_annalen-der-physik_1900_3_3_djvu.txt	?	-
sim_annalen-der-physik_1900_3_4	https://archive.org/download/sim_annalen-der-physik_1900_3_4/sim_annalen-der-physik_1900_3_4_djvu.txt	?	-
sim_annalen-der-physik_1900_3_contents	https://archive.org/download/sim_annalen-der-physik_1900_3_contents/sim_annalen-der-physik_1900_3_contents_djvu.txt	?	-
sim_annalen-der-physik_1901_4-6_index	https://archive.org/download/sim_annalen-der-physik_1901_4-6_index/sim_annalen-der-physik_1901_4-6_index_djvu.txt	?	-
sim_annalen-der-physik_1901_4_1	https://archive.org/download/sim_annalen-der-physik_1901_4_1/sim_annalen-der-physik_1901_4_1_djvu.txt	?	-
sim_annalen-der-physik_1901_4_2	https://archive.org/download/sim_annalen-der-physik_1901_4_2/sim_annalen-der-physik_1901_4_2_djvu.txt	?	-
sim_annalen-der-physik_1901_4_3	https://archive.org/download/sim_annalen-der-physik_1901_4_3/sim_annalen-der-physik_1901_4_3_djvu.txt	?	-
sim_annalen-der-physik_1901_4_4	https://archive.org/download/sim_annalen-der-physik_1901_4_4/sim_annalen-der-physik_1901_4_4_djvu.txt	?	-
sim_annalen-der-physik_1901_4_contents	https://archive.org/download/sim_annalen-der-physik_1901_4_contents/sim_annalen-der-physik_1901_4_contents_djvu.txt	?	-
sim_annalen-der-physik_1901_5_1	https://archive.org/download/sim_annalen-der-physik_1901_5_1/sim_annalen-der-physik_1901_5_1_djvu.txt	?	-
sim_annalen-der-physik_1901_5_2	https://archive.org/download/sim_annalen-der-physik_1901_5_2/sim_annalen-der-physik_1901_5_2_djvu.txt	?	-
sim_annalen-der-physik_1901_5_3	https://archive.org/download/sim_annalen-der-physik_1901_5_3/sim_annalen-der-physik_1901_5_3_djvu.txt	?	-
sim_annalen-der-physik_1901_5_4	https://archive.org/download/sim_annalen-der-physik_1901_5_4/sim_annalen-der-physik_1901_5_4_djvu.txt	?	-
sim_annalen-der-physik_1901_5_contents	https://archive.org/download/sim_annalen-der-physik_1901_5_contents/sim_annalen-der-physik_1901_5_contents_djvu.txt	?	-
sim_annalen-der-physik_1901_6_1	https://archive.org/download/sim_annalen-der-physik_1901_6_1/sim_annalen-der-physik_1901_6_1_djvu.txt	?	-
sim_annalen-der-physik_1901_6_2	https://archive.org/download/sim_annalen-der-physik_1901_6_2/sim_annalen-der-physik_1901_6_2_djvu.txt	?	-
sim_annalen-der-physik_1901_6_3	https://archive.org/download/sim_annalen-der-physik_1901_6_3/sim_annalen-der-physik_1901_6_3_djvu.txt	?	-
sim_annalen-der-physik_1901_6_4	https://archive.org/download/sim_annalen-der-physik_1901_6_4/sim_annalen-der-physik_1901_6_4_djvu.txt	?	-
sim_annalen-der-physik_1901_6_contents	https://archive.org/download/sim_annalen-der-physik_1901_6_contents/sim_annalen-der-physik_1901_6_contents_djvu.txt	?	-
sim_annalen-der-physik_1902_7-9_index	https://archive.org/download/sim_annalen-der-physik_1902_7-9_index/sim_annalen-der-physik_1902_7-9_index_djvu.txt	?	-
sim_annalen-der-physik_1902_7_1	https://archive.org/download/sim_annalen-der-physik_1902_7_1/sim_annalen-der-physik_1902_7_1_djvu.txt	?	-
sim_annalen-der-physik_1902_7_2	https://archive.org/download/sim_annalen-der-physik_1902_7_2/sim_annalen-der-physik_1902_7_2_djvu.txt	?	-
sim_annalen-der-physik_1902_7_3	https://archive.org/download/sim_annalen-der-physik_1902_7_3/sim_annalen-der-physik_1902_7_3_djvu.txt	?	-
sim_annalen-der-physik_1902_7_4	https://archive.org/download/sim_annalen-der-physik_1902_7_4/sim_annalen-der-physik_1902_7_4_djvu.txt	?	-
sim_annalen-der-physik_1902_7_contents	https://archive.org/download/sim_annalen-der-physik_1902_7_contents/sim_annalen-der-physik_1902_7_contents_djvu.txt	?	-
sim_annalen-der-physik_1902_8_1	https://archive.org/download/sim_annalen-der-physik_1902_8_1/sim_annalen-der-physik_1902_8_1_djvu.txt	?	-
sim_annalen-der-physik_1902_8_2	https://archive.org/download/sim_annalen-der-physik_1902_8_2/sim_annalen-der-physik_1902_8_2_djvu.txt	?	-
sim_annalen-der-physik_1902_8_3	https://archive.org/download/sim_annalen-der-physik_1902_8_3/sim_annalen-der-physik_1902_8_3_djvu.txt	?	-
sim_annalen-der-physik_1902_8_4	https://archive.org/download/sim_annalen-der-physik_1902_8_4/sim_annalen-der-physik_1902_8_4_djvu.txt	?	-
sim_annalen-der-physik_1902_8_contents	https://archive.org/download/sim_annalen-der-physik_1902_8_contents/sim_annalen-der-physik_1902_8_contents_djvu.txt	?	-
sim_annalen-der-physik_1902_9_1	https://archive.org/download/sim_annalen-der-physik_1902_9_1/sim_annalen-der-physik_1902_9_1_djvu.txt	?	-
sim_annalen-der-physik_1902_9_2	https://archive.org/download/sim_annalen-der-physik_1902_9_2/sim_annalen-der-physik_1902_9_2_djvu.txt	?	-
sim_annalen-der-physik_1902_9_3	https://archive.org/download/sim_annalen-der-physik_1902_9_3/sim_annalen-der-physik_1902_9_3_djvu.txt	?	-
sim_annalen-der-physik_1902_9_4	https://archive.org/download/sim_annalen-der-physik_1902_9_4/sim_annalen-der-physik_1902_9_4_djvu.txt	?	-
sim_annalen-der-physik_1902_9_5	https://archive.org/download/sim_annalen-der-physik_1902_9_5/sim_annalen-der-physik_1902_9_5_djvu.txt	?	-
sim_annalen-der-physik_1902_9_contents	https://archive.org/download/sim_annalen-der-physik_1902_9_contents/sim_annalen-der-physik_1902_9_contents_djvu.txt	?	-
sim_annalen-der-physik_1903_10-12_index	https://archive.org/download/sim_annalen-der-physik_1903_10-12_index/sim_annalen-der-physik_1903_10-12_index_djvu.txt	?	-
sim_annalen-der-physik_1903_10_1	https://archive.org/download/sim_annalen-der-physik_1903_10_1/sim_annalen-der-physik_1903_10_1_djvu.txt	?	-
sim_annalen-der-physik_1903_10_2	https://archive.org/download/sim_annalen-der-physik_1903_10_2/sim_annalen-der-physik_1903_10_2_djvu.txt	?	-
sim_annalen-der-physik_1903_10_3	https://archive.org/download/sim_annalen-der-physik_1903_10_3/sim_annalen-der-physik_1903_10_3_djvu.txt	?	-
sim_annalen-der-physik_1903_10_4	https://archive.org/download/sim_annalen-der-physik_1903_10_4/sim_annalen-der-physik_1903_10_4_djvu.txt	?	-
sim_annalen-der-physik_1903_10_contents	https://archive.org/download/sim_annalen-der-physik_1903_10_contents/sim_annalen-der-physik_1903_10_contents_djvu.txt	?	-
sim_annalen-der-physik_1903_11_1	https://archive.org/download/sim_annalen-der-physik_1903_11_1/sim_annalen-der-physik_1903_11_1_djvu.txt	?	-
sim_annalen-der-physik_1903_11_2	https://archive.org/download/sim_annalen-der-physik_1903_11_2/sim_annalen-der-physik_1903_11_2_djvu.txt	?	-
sim_annalen-der-physik_1903_11_3	https://archive.org/download/sim_annalen-der-physik_1903_11_3/sim_annalen-der-physik_1903_11_3_djvu.txt	?	-
sim_annalen-der-physik_1903_11_4	https://archive.org/download/sim_annalen-der-physik_1903_11_4/sim_annalen-der-physik_1903_11_4_djvu.txt	?	-
sim_annalen-der-physik_1903_11_5	https://archive.org/download/sim_annalen-der-physik_1903_11_5/sim_annalen-der-physik_1903_11_5_djvu.txt	?	-
sim_annalen-der-physik_1903_11_contents	https://archive.org/download/sim_annalen-der-physik_1903_11_contents/sim_annalen-der-physik_1903_11_contents_djvu.txt	?	-
sim_annalen-der-physik_1903_12_1	https://archive.org/download/sim_annalen-der-physik_1903_12_1/sim_annalen-der-physik_1903_12_1_djvu.txt	?	-
sim_annalen-der-physik_1903_12_2	https://archive.org/download/sim_annalen-der-physik_1903_12_2/sim_annalen-der-physik_1903_12_2_djvu.txt	?	-
sim_annalen-der-physik_1903_12_3	https://archive.org/download/sim_annalen-der-physik_1903_12_3/sim_annalen-der-physik_1903_12_3_djvu.txt	?	-
sim_annalen-der-physik_1903_12_4	https://archive.org/download/sim_annalen-der-physik_1903_12_4/sim_annalen-der-physik_1903_12_4_djvu.txt	?	-
sim_annalen-der-physik_1903_12_5	https://archive.org/download/sim_annalen-der-physik_1903_12_5/sim_annalen-der-physik_1903_12_5_djvu.txt	?	-
sim_annalen-der-physik_1903_12_contents	https://archive.org/download/sim_annalen-der-physik_1903_12_contents/sim_annalen-der-physik_1903_12_contents_djvu.txt	?	-
sim_annalen-der-physik_1904_13-15_index	https://archive.org/download/sim_annalen-der-physik_1904_13-15_index/sim_annalen-der-physik_1904_13-15_index_djvu.txt	?	-
sim_annalen-der-physik_1904_13_1	https://archive.org/download/sim_annalen-der-physik_1904_13_1/sim_annalen-der-physik_1904_13_1_djvu.txt	?	-
sim_annalen-der-physik_1904_13_2	https://archive.org/download/sim_annalen-der-physik_1904_13_2/sim_annalen-der-physik_1904_13_2_djvu.txt	?	-
sim_annalen-der-physik_1904_13_3	https://archive.org/download/sim_annalen-der-physik_1904_13_3/sim_annalen-der-physik_1904_13_3_djvu.txt	?	-
sim_annalen-der-physik_1904_13_4	https://archive.org/download/sim_annalen-der-physik_1904_13_4/sim_annalen-der-physik_1904_13_4_djvu.txt	?	-
sim_annalen-der-physik_1904_13_5	https://archive.org/download/sim_annalen-der-physik_1904_13_5/sim_annalen-der-physik_1904_13_5_djvu.txt	?	-
sim_annalen-der-physik_1904_13_contents	https://archive.org/download/sim_annalen-der-physik_1904_13_contents/sim_annalen-der-physik_1904_13_contents_djvu.txt	?	-
sim_annalen-der-physik_1904_14_1	https://archive.org/download/sim_annalen-der-physik_1904_14_1/sim_annalen-der-physik_1904_14_1_djvu.txt	?	-
sim_annalen-der-physik_1904_14_2	https://archive.org/download/sim_annalen-der-physik_1904_14_2/sim_annalen-der-physik_1904_14_2_djvu.txt	?	-
sim_annalen-der-physik_1904_14_3	https://archive.org/download/sim_annalen-der-physik_1904_14_3/sim_annalen-der-physik_1904_14_3_djvu.txt	?	-
sim_annalen-der-physik_1904_14_4	https://archive.org/download/sim_annalen-der-physik_1904_14_4/sim_annalen-der-physik_1904_14_4_djvu.txt	?	-
sim_annalen-der-physik_1904_14_5	https://archive.org/download/sim_annalen-der-physik_1904_14_5/sim_annalen-der-physik_1904_14_5_djvu.txt	?	-
sim_annalen-der-physik_1904_14_contents	https://archive.org/download/sim_annalen-der-physik_1904_14_contents/sim_annalen-der-physik_1904_14_contents_djvu.txt	?	-
sim_annalen-der-physik_1904_15_1	https://archive.org/download/sim_annalen-der-physik_1904_15_1/sim_annalen-der-physik_1904_15_1_djvu.txt	?	-
sim_annalen-der-physik_1904_15_2	https://archive.org/download/sim_annalen-der-physik_1904_15_2/sim_annalen-der-physik_1904_15_2_djvu.txt	?	-
sim_annalen-der-physik_1904_15_3	https://archive.org/download/sim_annalen-der-physik_1904_15_3/sim_annalen-der-physik_1904_15_3_djvu.txt	?	-
sim_annalen-der-physik_1904_15_4	https://archive.org/download/sim_annalen-der-physik_1904_15_4/sim_annalen-der-physik_1904_15_4_djvu.txt	?	-
sim_annalen-der-physik_1904_15_5	https://archive.org/download/sim_annalen-der-physik_1904_15_5/sim_annalen-der-physik_1904_15_5_djvu.txt	?	-
sim_annalen-der-physik_1904_15_contents	https://archive.org/download/sim_annalen-der-physik_1904_15_contents/sim_annalen-der-physik_1904_15_contents_djvu.txt	?	-
sim_annalen-der-physik_1905_16-18_index	https://archive.org/download/sim_annalen-der-physik_1905_16-18_index/sim_annalen-der-physik_1905_16-18_index_djvu.txt	?	-
sim_annalen-der-physik_1905_16_1	https://archive.org/download/sim_annalen-der-physik_1905_16_1/sim_annalen-der-physik_1905_16_1_djvu.txt	?	-
sim_annalen-der-physik_1905_16_2	https://archive.org/download/sim_annalen-der-physik_1905_16_2/sim_annalen-der-physik_1905_16_2_djvu.txt	?	-
sim_annalen-der-physik_1905_16_3	https://archive.org/download/sim_annalen-der-physik_1905_16_3/sim_annalen-der-physik_1905_16_3_djvu.txt	?	-
sim_annalen-der-physik_1905_16_4	https://archive.org/download/sim_annalen-der-physik_1905_16_4/sim_annalen-der-physik_1905_16_4_djvu.txt	?	-
sim_annalen-der-physik_1905_16_5	https://archive.org/download/sim_annalen-der-physik_1905_16_5/sim_annalen-der-physik_1905_16_5_djvu.txt	?	-
sim_annalen-der-physik_1905_16_contents	https://archive.org/download/sim_annalen-der-physik_1905_16_contents/sim_annalen-der-physik_1905_16_contents_djvu.txt	?	-
sim_annalen-der-physik_1905_17_1	https://archive.org/download/sim_annalen-der-physik_1905_17_1/sim_annalen-der-physik_1905_17_1_djvu.txt	?	-
sim_annalen-der-physik_1905_17_2	https://archive.org/download/sim_annalen-der-physik_1905_17_2/sim_annalen-der-physik_1905_17_2_djvu.txt	?	-
sim_annalen-der-physik_1905_17_3	https://archive.org/download/sim_annalen-der-physik_1905_17_3/sim_annalen-der-physik_1905_17_3_djvu.txt	?	-
sim_annalen-der-physik_1905_17_4	https://archive.org/download/sim_annalen-der-physik_1905_17_4/sim_annalen-der-physik_1905_17_4_djvu.txt	?	-
sim_annalen-der-physik_1905_17_5	https://archive.org/download/sim_annalen-der-physik_1905_17_5/sim_annalen-der-physik_1905_17_5_djvu.txt	?	-
sim_annalen-der-physik_1905_17_contents	https://archive.org/download/sim_annalen-der-physik_1905_17_contents/sim_annalen-der-physik_1905_17_contents_djvu.txt	?	-
sim_annalen-der-physik_1905_18_1	https://archive.org/download/sim_annalen-der-physik_1905_18_1/sim_annalen-der-physik_1905_18_1_djvu.txt	?	-
sim_annalen-der-physik_1905_18_2	https://archive.org/download/sim_annalen-der-physik_1905_18_2/sim_annalen-der-physik_1905_18_2_djvu.txt	?	-
sim_annalen-der-physik_1905_18_3	https://archive.org/download/sim_annalen-der-physik_1905_18_3/sim_annalen-der-physik_1905_18_3_djvu.txt	?	-
sim_annalen-der-physik_1905_18_4	https://archive.org/download/sim_annalen-der-physik_1905_18_4/sim_annalen-der-physik_1905_18_4_djvu.txt	?	-
sim_annalen-der-physik_1905_18_5	https://archive.org/download/sim_annalen-der-physik_1905_18_5/sim_annalen-der-physik_1905_18_5_djvu.txt	?	-
sim_annalen-der-physik_1905_18_contents	https://archive.org/download/sim_annalen-der-physik_1905_18_contents/sim_annalen-der-physik_1905_18_contents_djvu.txt	?	-
sim_annalen-der-physik_1906_19-21_index	https://archive.org/download/sim_annalen-der-physik_1906_19-21_index/sim_annalen-der-physik_1906_19-21_index_djvu.txt	?	-
sim_annalen-der-physik_1906_19_1	https://archive.org/download/sim_annalen-der-physik_1906_19_1/sim_annalen-der-physik_1906_19_1_djvu.txt	?	-
sim_annalen-der-physik_1906_19_2	https://archive.org/download/sim_annalen-der-physik_1906_19_2/sim_annalen-der-physik_1906_19_2_djvu.txt	?	-
sim_annalen-der-physik_1906_19_3	https://archive.org/download/sim_annalen-der-physik_1906_19_3/sim_annalen-der-physik_1906_19_3_djvu.txt	?	-
sim_annalen-der-physik_1906_19_4	https://archive.org/download/sim_annalen-der-physik_1906_19_4/sim_annalen-der-physik_1906_19_4_djvu.txt	?	-
sim_annalen-der-physik_1906_19_5	https://archive.org/download/sim_annalen-der-physik_1906_19_5/sim_annalen-der-physik_1906_19_5_djvu.txt	?	-
sim_annalen-der-physik_1906_19_contents	https://archive.org/download/sim_annalen-der-physik_1906_19_contents/sim_annalen-der-physik_1906_19_contents_djvu.txt	?	-
sim_annalen-der-physik_1906_20	https://archive.org/download/sim_annalen-der-physik_1906_20/sim_annalen-der-physik_1906_20_djvu.txt	?	-
sim_annalen-der-physik_1906_20_contents	https://archive.org/download/sim_annalen-der-physik_1906_20_contents/sim_annalen-der-physik_1906_20_contents_djvu.txt	?	-
sim_annalen-der-physik_1906_21_1	https://archive.org/download/sim_annalen-der-physik_1906_21_1/sim_annalen-der-physik_1906_21_1_djvu.txt	?	-
sim_annalen-der-physik_1906_21_2	https://archive.org/download/sim_annalen-der-physik_1906_21_2/sim_annalen-der-physik_1906_21_2_djvu.txt	?	-
sim_annalen-der-physik_1906_21_3	https://archive.org/download/sim_annalen-der-physik_1906_21_3/sim_annalen-der-physik_1906_21_3_djvu.txt	?	-
sim_annalen-der-physik_1906_21_4	https://archive.org/download/sim_annalen-der-physik_1906_21_4/sim_annalen-der-physik_1906_21_4_djvu.txt	?	-
sim_annalen-der-physik_1906_21_5	https://archive.org/download/sim_annalen-der-physik_1906_21_5/sim_annalen-der-physik_1906_21_5_djvu.txt	?	-
sim_annalen-der-physik_1906_21_contents	https://archive.org/download/sim_annalen-der-physik_1906_21_contents/sim_annalen-der-physik_1906_21_contents_djvu.txt	?	-
sim_annalen-der-physik_1907_22_1	https://archive.org/download/sim_annalen-der-physik_1907_22_1/sim_annalen-der-physik_1907_22_1_djvu.txt	?	-
sim_annalen-der-physik_1907_22_2	https://archive.org/download/sim_annalen-der-physik_1907_22_2/sim_annalen-der-physik_1907_22_2_djvu.txt	?	-
sim_annalen-der-physik_1907_22_3	https://archive.org/download/sim_annalen-der-physik_1907_22_3/sim_annalen-der-physik_1907_22_3_djvu.txt	?	-
sim_annalen-der-physik_1907_22_4	https://archive.org/download/sim_annalen-der-physik_1907_22_4/sim_annalen-der-physik_1907_22_4_djvu.txt	?	-
sim_annalen-der-physik_1907_22_5	https://archive.org/download/sim_annalen-der-physik_1907_22_5/sim_annalen-der-physik_1907_22_5_djvu.txt	?	-
sim_annalen-der-physik_1907_22_contents	https://archive.org/download/sim_annalen-der-physik_1907_22_contents/sim_annalen-der-physik_1907_22_contents_djvu.txt	?	-
sim_annalen-der-physik_1907_22_index	https://archive.org/download/sim_annalen-der-physik_1907_22_index/sim_annalen-der-physik_1907_22_index_djvu.txt	?	-
sim_annalen-der-physik_1907_23_10	https://archive.org/download/sim_annalen-der-physik_1907_23_10/sim_annalen-der-physik_1907_23_10_djvu.txt	?	-
sim_annalen-der-physik_1907_23_6	https://archive.org/download/sim_annalen-der-physik_1907_23_6/sim_annalen-der-physik_1907_23_6_djvu.txt	?	-
sim_annalen-der-physik_1907_23_7	https://archive.org/download/sim_annalen-der-physik_1907_23_7/sim_annalen-der-physik_1907_23_7_djvu.txt	?	-
sim_annalen-der-physik_1907_23_8	https://archive.org/download/sim_annalen-der-physik_1907_23_8/sim_annalen-der-physik_1907_23_8_djvu.txt	?	-
sim_annalen-der-physik_1907_23_9	https://archive.org/download/sim_annalen-der-physik_1907_23_9/sim_annalen-der-physik_1907_23_9_djvu.txt	?	-
sim_annalen-der-physik_1907_23_contents	https://archive.org/download/sim_annalen-der-physik_1907_23_contents/sim_annalen-der-physik_1907_23_contents_djvu.txt	?	-
sim_annalen-der-physik_1907_24_11	https://archive.org/download/sim_annalen-der-physik_1907_24_11/sim_annalen-der-physik_1907_24_11_djvu.txt	?	-
sim_annalen-der-physik_1907_24_12	https://archive.org/download/sim_annalen-der-physik_1907_24_12/sim_annalen-der-physik_1907_24_12_djvu.txt	?	-
sim_annalen-der-physik_1907_24_13	https://archive.org/download/sim_annalen-der-physik_1907_24_13/sim_annalen-der-physik_1907_24_13_djvu.txt	?	-
sim_annalen-der-physik_1907_24_14	https://archive.org/download/sim_annalen-der-physik_1907_24_14/sim_annalen-der-physik_1907_24_14_djvu.txt	?	-
sim_annalen-der-physik_1907_24_15	https://archive.org/download/sim_annalen-der-physik_1907_24_15/sim_annalen-der-physik_1907_24_15_djvu.txt	?	-
sim_annalen-der-physik_1907_24_index	https://archive.org/download/sim_annalen-der-physik_1907_24_index/sim_annalen-der-physik_1907_24_index_djvu.txt	?	-
sim_annalen-der-physik_1908_25_1	https://archive.org/download/sim_annalen-der-physik_1908_25_1/sim_annalen-der-physik_1908_25_1_djvu.txt	?	-
sim_annalen-der-physik_1908_25_2	https://archive.org/download/sim_annalen-der-physik_1908_25_2/sim_annalen-der-physik_1908_25_2_djvu.txt	?	-
sim_annalen-der-physik_1908_25_3	https://archive.org/download/sim_annalen-der-physik_1908_25_3/sim_annalen-der-physik_1908_25_3_djvu.txt	?	-
sim_annalen-der-physik_1908_25_4	https://archive.org/download/sim_annalen-der-physik_1908_25_4/sim_annalen-der-physik_1908_25_4_djvu.txt	?	-
sim_annalen-der-physik_1908_25_5	https://archive.org/download/sim_annalen-der-physik_1908_25_5/sim_annalen-der-physik_1908_25_5_djvu.txt	?	-
sim_annalen-der-physik_1908_25_contents	https://archive.org/download/sim_annalen-der-physik_1908_25_contents/sim_annalen-der-physik_1908_25_contents_djvu.txt	?	-
sim_annalen-der-physik_1908_25_index	https://archive.org/download/sim_annalen-der-physik_1908_25_index/sim_annalen-der-physik_1908_25_index_djvu.txt	?	-
sim_annalen-der-physik_1908_26_10	https://archive.org/download/sim_annalen-der-physik_1908_26_10/sim_annalen-der-physik_1908_26_10_djvu.txt	?	-
sim_annalen-der-physik_1908_26_6	https://archive.org/download/sim_annalen-der-physik_1908_26_6/sim_annalen-der-physik_1908_26_6_djvu.txt	?	-
sim_annalen-der-physik_1908_26_7	https://archive.org/download/sim_annalen-der-physik_1908_26_7/sim_annalen-der-physik_1908_26_7_djvu.txt	?	-
sim_annalen-der-physik_1908_26_8	https://archive.org/download/sim_annalen-der-physik_1908_26_8/sim_annalen-der-physik_1908_26_8_djvu.txt	?	-
sim_annalen-der-physik_1908_26_9	https://archive.org/download/sim_annalen-der-physik_1908_26_9/sim_annalen-der-physik_1908_26_9_djvu.txt	?	-
sim_annalen-der-physik_1908_26_contents	https://archive.org/download/sim_annalen-der-physik_1908_26_contents/sim_annalen-der-physik_1908_26_contents_djvu.txt	?	-
sim_annalen-der-physik_1908_27_11	https://archive.org/download/sim_annalen-der-physik_1908_27_11/sim_annalen-der-physik_1908_27_11_djvu.txt	?	-
sim_annalen-der-physik_1908_27_12	https://archive.org/download/sim_annalen-der-physik_1908_27_12/sim_annalen-der-physik_1908_27_12_djvu.txt	?	-
sim_annalen-der-physik_1908_27_13	https://archive.org/download/sim_annalen-der-physik_1908_27_13/sim_annalen-der-physik_1908_27_13_djvu.txt	?	-
sim_annalen-der-physik_1908_27_14	https://archive.org/download/sim_annalen-der-physik_1908_27_14/sim_annalen-der-physik_1908_27_14_djvu.txt	?	-
sim_annalen-der-physik_1908_27_15	https://archive.org/download/sim_annalen-der-physik_1908_27_15/sim_annalen-der-physik_1908_27_15_djvu.txt	?	-
sim_annalen-der-physik_1908_27_contents	https://archive.org/download/sim_annalen-der-physik_1908_27_contents/sim_annalen-der-physik_1908_27_contents_djvu.txt	?	-
sim_annalen-der-physik_1909_28_1	https://archive.org/download/sim_annalen-der-physik_1909_28_1/sim_annalen-der-physik_1909_28_1_djvu.txt	?	-
sim_annalen-der-physik_1909_28_2	https://archive.org/download/sim_annalen-der-physik_1909_28_2/sim_annalen-der-physik_1909_28_2_djvu.txt	?	-
sim_annalen-der-physik_1909_28_3	https://archive.org/download/sim_annalen-der-physik_1909_28_3/sim_annalen-der-physik_1909_28_3_djvu.txt	?	-
sim_annalen-der-physik_1909_28_4	https://archive.org/download/sim_annalen-der-physik_1909_28_4/sim_annalen-der-physik_1909_28_4_djvu.txt	?	-
sim_annalen-der-physik_1909_28_5	https://archive.org/download/sim_annalen-der-physik_1909_28_5/sim_annalen-der-physik_1909_28_5_djvu.txt	?	-
sim_annalen-der-physik_1909_28_contents	https://archive.org/download/sim_annalen-der-physik_1909_28_contents/sim_annalen-der-physik_1909_28_contents_djvu.txt	?	-
sim_annalen-der-physik_1909_28_index	https://archive.org/download/sim_annalen-der-physik_1909_28_index/sim_annalen-der-physik_1909_28_index_djvu.txt	?	-
sim_annalen-der-physik_1909_29_10	https://archive.org/download/sim_annalen-der-physik_1909_29_10/sim_annalen-der-physik_1909_29_10_djvu.txt	?	-
sim_annalen-der-physik_1909_29_6	https://archive.org/download/sim_annalen-der-physik_1909_29_6/sim_annalen-der-physik_1909_29_6_djvu.txt	?	-
sim_annalen-der-physik_1909_29_7	https://archive.org/download/sim_annalen-der-physik_1909_29_7/sim_annalen-der-physik_1909_29_7_djvu.txt	?	-
sim_annalen-der-physik_1909_29_8	https://archive.org/download/sim_annalen-der-physik_1909_29_8/sim_annalen-der-physik_1909_29_8_djvu.txt	?	-
sim_annalen-der-physik_1909_29_9	https://archive.org/download/sim_annalen-der-physik_1909_29_9/sim_annalen-der-physik_1909_29_9_djvu.txt	?	-
sim_annalen-der-physik_1909_29_contents	https://archive.org/download/sim_annalen-der-physik_1909_29_contents/sim_annalen-der-physik_1909_29_contents_djvu.txt	?	-
sim_annalen-der-physik_1909_30_11	https://archive.org/download/sim_annalen-der-physik_1909_30_11/sim_annalen-der-physik_1909_30_11_djvu.txt	?	-
sim_annalen-der-physik_1909_30_12	https://archive.org/download/sim_annalen-der-physik_1909_30_12/sim_annalen-der-physik_1909_30_12_djvu.txt	?	-
sim_annalen-der-physik_1909_30_13	https://archive.org/download/sim_annalen-der-physik_1909_30_13/sim_annalen-der-physik_1909_30_13_djvu.txt	?	-
sim_annalen-der-physik_1909_30_14	https://archive.org/download/sim_annalen-der-physik_1909_30_14/sim_annalen-der-physik_1909_30_14_djvu.txt	?	-
sim_annalen-der-physik_1909_30_15	https://archive.org/download/sim_annalen-der-physik_1909_30_15/sim_annalen-der-physik_1909_30_15_djvu.txt	?	-
sim_annalen-der-physik_1909_30_contents	https://archive.org/download/sim_annalen-der-physik_1909_30_contents/sim_annalen-der-physik_1909_30_contents_djvu.txt	?	-
sim_annalen-der-physik_1910_31_1	https://archive.org/download/sim_annalen-der-physik_1910_31_1/sim_annalen-der-physik_1910_31_1_djvu.txt	?	-
sim_annalen-der-physik_1910_31_2	https://archive.org/download/sim_annalen-der-physik_1910_31_2/sim_annalen-der-physik_1910_31_2_djvu.txt	?	-
sim_annalen-der-physik_1910_31_3	https://archive.org/download/sim_annalen-der-physik_1910_31_3/sim_annalen-der-physik_1910_31_3_djvu.txt	?	-
sim_annalen-der-physik_1910_31_4	https://archive.org/download/sim_annalen-der-physik_1910_31_4/sim_annalen-der-physik_1910_31_4_djvu.txt	?	-
sim_annalen-der-physik_1910_31_5	https://archive.org/download/sim_annalen-der-physik_1910_31_5/sim_annalen-der-physik_1910_31_5_djvu.txt	?	-
sim_annalen-der-physik_1910_31_contents	https://archive.org/download/sim_annalen-der-physik_1910_31_contents/sim_annalen-der-physik_1910_31_contents_djvu.txt	?	-
sim_annalen-der-physik_1910_31_index	https://archive.org/download/sim_annalen-der-physik_1910_31_index/sim_annalen-der-physik_1910_31_index_djvu.txt	?	-
sim_annalen-der-physik_1910_32_10	https://archive.org/download/sim_annalen-der-physik_1910_32_10/sim_annalen-der-physik_1910_32_10_djvu.txt	?	-
sim_annalen-der-physik_1910_32_6	https://archive.org/download/sim_annalen-der-physik_1910_32_6/sim_annalen-der-physik_1910_32_6_djvu.txt	?	-
sim_annalen-der-physik_1910_32_7	https://archive.org/download/sim_annalen-der-physik_1910_32_7/sim_annalen-der-physik_1910_32_7_djvu.txt	?	-
sim_annalen-der-physik_1910_32_8	https://archive.org/download/sim_annalen-der-physik_1910_32_8/sim_annalen-der-physik_1910_32_8_djvu.txt	?	-
sim_annalen-der-physik_1910_32_9	https://archive.org/download/sim_annalen-der-physik_1910_32_9/sim_annalen-der-physik_1910_32_9_djvu.txt	?	-
sim_annalen-der-physik_1910_32_contents	https://archive.org/download/sim_annalen-der-physik_1910_32_contents/sim_annalen-der-physik_1910_32_contents_djvu.txt	?	-
sim_annalen-der-physik_1910_33_11	https://archive.org/download/sim_annalen-der-physik_1910_33_11/sim_annalen-der-physik_1910_33_11_djvu.txt	?	-
sim_annalen-der-physik_1910_33_12	https://archive.org/download/sim_annalen-der-physik_1910_33_12/sim_annalen-der-physik_1910_33_12_djvu.txt	?	-
sim_annalen-der-physik_1910_33_13	https://archive.org/download/sim_annalen-der-physik_1910_33_13/sim_annalen-der-physik_1910_33_13_djvu.txt	?	-
sim_annalen-der-physik_1910_33_14	https://archive.org/download/sim_annalen-der-physik_1910_33_14/sim_annalen-der-physik_1910_33_14_djvu.txt	?	-
sim_annalen-der-physik_1910_33_15	https://archive.org/download/sim_annalen-der-physik_1910_33_15/sim_annalen-der-physik_1910_33_15_djvu.txt	?	-
sim_annalen-der-physik_1910_33_16	https://archive.org/download/sim_annalen-der-physik_1910_33_16/sim_annalen-der-physik_1910_33_16_djvu.txt	?	-
sim_annalen-der-physik_1910_33_contents	https://archive.org/download/sim_annalen-der-physik_1910_33_contents/sim_annalen-der-physik_1910_33_contents_djvu.txt	?	-
sim_annalen-der-physik_1911_34_1	https://archive.org/download/sim_annalen-der-physik_1911_34_1/sim_annalen-der-physik_1911_34_1_djvu.txt	?	-
sim_annalen-der-physik_1911_34_2	https://archive.org/download/sim_annalen-der-physik_1911_34_2/sim_annalen-der-physik_1911_34_2_djvu.txt	?	-
sim_annalen-der-physik_1911_34_3	https://archive.org/download/sim_annalen-der-physik_1911_34_3/sim_annalen-der-physik_1911_34_3_djvu.txt	?	-
sim_annalen-der-physik_1911_34_4	https://archive.org/download/sim_annalen-der-physik_1911_34_4/sim_annalen-der-physik_1911_34_4_djvu.txt	?	-
sim_annalen-der-physik_1911_34_5	https://archive.org/download/sim_annalen-der-physik_1911_34_5/sim_annalen-der-physik_1911_34_5_djvu.txt	?	-
sim_annalen-der-physik_1911_34_contents	https://archive.org/download/sim_annalen-der-physik_1911_34_contents/sim_annalen-der-physik_1911_34_contents_djvu.txt	?	-
sim_annalen-der-physik_1911_34_index	https://archive.org/download/sim_annalen-der-physik_1911_34_index/sim_annalen-der-physik_1911_34_index_djvu.txt	?	-
sim_annalen-der-physik_1911_35_10	https://archive.org/download/sim_annalen-der-physik_1911_35_10/sim_annalen-der-physik_1911_35_10_djvu.txt	?	-
sim_annalen-der-physik_1911_35_6	https://archive.org/download/sim_annalen-der-physik_1911_35_6/sim_annalen-der-physik_1911_35_6_djvu.txt	?	-
sim_annalen-der-physik_1911_35_7	https://archive.org/download/sim_annalen-der-physik_1911_35_7/sim_annalen-der-physik_1911_35_7_djvu.txt	?	-
sim_annalen-der-physik_1911_35_8	https://archive.org/download/sim_annalen-der-physik_1911_35_8/sim_annalen-der-physik_1911_35_8_djvu.txt	?	-
sim_annalen-der-physik_1911_35_9	https://archive.org/download/sim_annalen-der-physik_1911_35_9/sim_annalen-der-physik_1911_35_9_djvu.txt	?	-
sim_annalen-der-physik_1911_35_contents	https://archive.org/download/sim_annalen-der-physik_1911_35_contents/sim_annalen-der-physik_1911_35_contents_djvu.txt	?	-
sim_annalen-der-physik_1911_36_11	https://archive.org/download/sim_annalen-der-physik_1911_36_11/sim_annalen-der-physik_1911_36_11_djvu.txt	?	-
sim_annalen-der-physik_1911_36_12	https://archive.org/download/sim_annalen-der-physik_1911_36_12/sim_annalen-der-physik_1911_36_12_djvu.txt	?	-
sim_annalen-der-physik_1911_36_13	https://archive.org/download/sim_annalen-der-physik_1911_36_13/sim_annalen-der-physik_1911_36_13_djvu.txt	?	-
sim_annalen-der-physik_1911_36_14	https://archive.org/download/sim_annalen-der-physik_1911_36_14/sim_annalen-der-physik_1911_36_14_djvu.txt	?	-
sim_annalen-der-physik_1911_36_15	https://archive.org/download/sim_annalen-der-physik_1911_36_15/sim_annalen-der-physik_1911_36_15_djvu.txt	?	-
sim_annalen-der-physik_1911_36_contents	https://archive.org/download/sim_annalen-der-physik_1911_36_contents/sim_annalen-der-physik_1911_36_contents_djvu.txt	?	-
sim_annalen-der-physik_1912_37_1	https://archive.org/download/sim_annalen-der-physik_1912_37_1/sim_annalen-der-physik_1912_37_1_djvu.txt	?	-
sim_annalen-der-physik_1912_37_2	https://archive.org/download/sim_annalen-der-physik_1912_37_2/sim_annalen-der-physik_1912_37_2_djvu.txt	?	-
sim_annalen-der-physik_1912_37_3	https://archive.org/download/sim_annalen-der-physik_1912_37_3/sim_annalen-der-physik_1912_37_3_djvu.txt	?	-
sim_annalen-der-physik_1912_37_4	https://archive.org/download/sim_annalen-der-physik_1912_37_4/sim_annalen-der-physik_1912_37_4_djvu.txt	?	-
sim_annalen-der-physik_1912_37_5	https://archive.org/download/sim_annalen-der-physik_1912_37_5/sim_annalen-der-physik_1912_37_5_djvu.txt	?	-
sim_annalen-der-physik_1912_37_contents	https://archive.org/download/sim_annalen-der-physik_1912_37_contents/sim_annalen-der-physik_1912_37_contents_djvu.txt	?	-
sim_annalen-der-physik_1912_37_index	https://archive.org/download/sim_annalen-der-physik_1912_37_index/sim_annalen-der-physik_1912_37_index_djvu.txt	?	-
sim_annalen-der-physik_1912_38_10	https://archive.org/download/sim_annalen-der-physik_1912_38_10/sim_annalen-der-physik_1912_38_10_djvu.txt	?	-
sim_annalen-der-physik_1912_38_6	https://archive.org/download/sim_annalen-der-physik_1912_38_6/sim_annalen-der-physik_1912_38_6_djvu.txt	?	-
sim_annalen-der-physik_1912_38_7	https://archive.org/download/sim_annalen-der-physik_1912_38_7/sim_annalen-der-physik_1912_38_7_djvu.txt	?	-
sim_annalen-der-physik_1912_38_8	https://archive.org/download/sim_annalen-der-physik_1912_38_8/sim_annalen-der-physik_1912_38_8_djvu.txt	?	-
sim_annalen-der-physik_1912_38_9	https://archive.org/download/sim_annalen-der-physik_1912_38_9/sim_annalen-der-physik_1912_38_9_djvu.txt	?	-
sim_annalen-der-physik_1912_38_contents	https://archive.org/download/sim_annalen-der-physik_1912_38_contents/sim_annalen-der-physik_1912_38_contents_djvu.txt	?	-
sim_annalen-der-physik_1912_39_11	https://archive.org/download/sim_annalen-der-physik_1912_39_11/sim_annalen-der-physik_1912_39_11_djvu.txt	?	-
sim_annalen-der-physik_1912_39_12	https://archive.org/download/sim_annalen-der-physik_1912_39_12/sim_annalen-der-physik_1912_39_12_djvu.txt	?	-
sim_annalen-der-physik_1912_39_13	https://archive.org/download/sim_annalen-der-physik_1912_39_13/sim_annalen-der-physik_1912_39_13_djvu.txt	?	-
sim_annalen-der-physik_1912_39_14	https://archive.org/download/sim_annalen-der-physik_1912_39_14/sim_annalen-der-physik_1912_39_14_djvu.txt	?	-
sim_annalen-der-physik_1912_39_15	https://archive.org/download/sim_annalen-der-physik_1912_39_15/sim_annalen-der-physik_1912_39_15_djvu.txt	?	-
sim_annalen-der-physik_1912_39_16	https://archive.org/download/sim_annalen-der-physik_1912_39_16/sim_annalen-der-physik_1912_39_16_djvu.txt	?	-
sim_annalen-der-physik_1912_39_contents	https://archive.org/download/sim_annalen-der-physik_1912_39_contents/sim_annalen-der-physik_1912_39_contents_djvu.txt	?	-
sim_annalen-der-physik_1913_40_1	https://archive.org/download/sim_annalen-der-physik_1913_40_1/sim_annalen-der-physik_1913_40_1_djvu.txt	?	-
sim_annalen-der-physik_1913_40_2	https://archive.org/download/sim_annalen-der-physik_1913_40_2/sim_annalen-der-physik_1913_40_2_djvu.txt	?	-
sim_annalen-der-physik_1913_40_3	https://archive.org/download/sim_annalen-der-physik_1913_40_3/sim_annalen-der-physik_1913_40_3_djvu.txt	?	-
sim_annalen-der-physik_1913_40_4	https://archive.org/download/sim_annalen-der-physik_1913_40_4/sim_annalen-der-physik_1913_40_4_djvu.txt	?	-
sim_annalen-der-physik_1913_40_5	https://archive.org/download/sim_annalen-der-physik_1913_40_5/sim_annalen-der-physik_1913_40_5_djvu.txt	?	-
sim_annalen-der-physik_1913_40_contents	https://archive.org/download/sim_annalen-der-physik_1913_40_contents/sim_annalen-der-physik_1913_40_contents_djvu.txt	?	-
sim_annalen-der-physik_1913_41_10	https://archive.org/download/sim_annalen-der-physik_1913_41_10/sim_annalen-der-physik_1913_41_10_djvu.txt	?	-
sim_annalen-der-physik_1913_41_6	https://archive.org/download/sim_annalen-der-physik_1913_41_6/sim_annalen-der-physik_1913_41_6_djvu.txt	?	-
sim_annalen-der-physik_1913_41_7	https://archive.org/download/sim_annalen-der-physik_1913_41_7/sim_annalen-der-physik_1913_41_7_djvu.txt	?	-
sim_annalen-der-physik_1913_41_8	https://archive.org/download/sim_annalen-der-physik_1913_41_8/sim_annalen-der-physik_1913_41_8_djvu.txt	?	-
sim_annalen-der-physik_1913_41_9	https://archive.org/download/sim_annalen-der-physik_1913_41_9/sim_annalen-der-physik_1913_41_9_djvu.txt	?	-
sim_annalen-der-physik_1913_41_index	https://archive.org/download/sim_annalen-der-physik_1913_41_index/sim_annalen-der-physik_1913_41_index_djvu.txt	?	-
sim_annalen-der-physik_1913_42_11	https://archive.org/download/sim_annalen-der-physik_1913_42_11/sim_annalen-der-physik_1913_42_11_djvu.txt	?	-
sim_annalen-der-physik_1913_42_12	https://archive.org/download/sim_annalen-der-physik_1913_42_12/sim_annalen-der-physik_1913_42_12_djvu.txt	?	-
sim_annalen-der-physik_1913_42_13	https://archive.org/download/sim_annalen-der-physik_1913_42_13/sim_annalen-der-physik_1913_42_13_djvu.txt	?	-
sim_annalen-der-physik_1913_42_14	https://archive.org/download/sim_annalen-der-physik_1913_42_14/sim_annalen-der-physik_1913_42_14_djvu.txt	?	-
sim_annalen-der-physik_1913_42_15	https://archive.org/download/sim_annalen-der-physik_1913_42_15/sim_annalen-der-physik_1913_42_15_djvu.txt	?	-
sim_annalen-der-physik_1913_42_16	https://archive.org/download/sim_annalen-der-physik_1913_42_16/sim_annalen-der-physik_1913_42_16_djvu.txt	?	-
sim_annalen-der-physik_1913_42_index	https://archive.org/download/sim_annalen-der-physik_1913_42_index/sim_annalen-der-physik_1913_42_index_djvu.txt	?	-
sim_annalen-der-physik_1914_43_1	https://archive.org/download/sim_annalen-der-physik_1914_43_1/sim_annalen-der-physik_1914_43_1_djvu.txt	?	-
sim_annalen-der-physik_1914_43_2	https://archive.org/download/sim_annalen-der-physik_1914_43_2/sim_annalen-der-physik_1914_43_2_djvu.txt	?	-
sim_annalen-der-physik_1914_43_3	https://archive.org/download/sim_annalen-der-physik_1914_43_3/sim_annalen-der-physik_1914_43_3_djvu.txt	?	-
sim_annalen-der-physik_1914_43_4	https://archive.org/download/sim_annalen-der-physik_1914_43_4/sim_annalen-der-physik_1914_43_4_djvu.txt	?	-
sim_annalen-der-physik_1914_43_5	https://archive.org/download/sim_annalen-der-physik_1914_43_5/sim_annalen-der-physik_1914_43_5_djvu.txt	?	-
sim_annalen-der-physik_1914_43_6	https://archive.org/download/sim_annalen-der-physik_1914_43_6/sim_annalen-der-physik_1914_43_6_djvu.txt	?	-
sim_annalen-der-physik_1914_43_7	https://archive.org/download/sim_annalen-der-physik_1914_43_7/sim_annalen-der-physik_1914_43_7_djvu.txt	?	-
sim_annalen-der-physik_1914_43_8	https://archive.org/download/sim_annalen-der-physik_1914_43_8/sim_annalen-der-physik_1914_43_8_djvu.txt	?	-
sim_annalen-der-physik_1914_43_contents	https://archive.org/download/sim_annalen-der-physik_1914_43_contents/sim_annalen-der-physik_1914_43_contents_djvu.txt	?	-
sim_annalen-der-physik_1914_44_10	https://archive.org/download/sim_annalen-der-physik_1914_44_10/sim_annalen-der-physik_1914_44_10_djvu.txt	?	-
sim_annalen-der-physik_1914_44_11	https://archive.org/download/sim_annalen-der-physik_1914_44_11/sim_annalen-der-physik_1914_44_11_djvu.txt	?	-
sim_annalen-der-physik_1914_44_12	https://archive.org/download/sim_annalen-der-physik_1914_44_12/sim_annalen-der-physik_1914_44_12_djvu.txt	?	-
sim_annalen-der-physik_1914_44_13	https://archive.org/download/sim_annalen-der-physik_1914_44_13/sim_annalen-der-physik_1914_44_13_djvu.txt	?	-
sim_annalen-der-physik_1914_44_14	https://archive.org/download/sim_annalen-der-physik_1914_44_14/sim_annalen-der-physik_1914_44_14_djvu.txt	?	-
sim_annalen-der-physik_1914_44_15	https://archive.org/download/sim_annalen-der-physik_1914_44_15/sim_annalen-der-physik_1914_44_15_djvu.txt	?	-
sim_annalen-der-physik_1914_44_16	https://archive.org/download/sim_annalen-der-physik_1914_44_16/sim_annalen-der-physik_1914_44_16_djvu.txt	?	-
sim_annalen-der-physik_1914_44_9	https://archive.org/download/sim_annalen-der-physik_1914_44_9/sim_annalen-der-physik_1914_44_9_djvu.txt	?	-
sim_annalen-der-physik_1914_44_contents	https://archive.org/download/sim_annalen-der-physik_1914_44_contents/sim_annalen-der-physik_1914_44_contents_djvu.txt	?	-
sim_annalen-der-physik_1914_45_17	https://archive.org/download/sim_annalen-der-physik_1914_45_17/sim_annalen-der-physik_1914_45_17_djvu.txt	?	-
sim_annalen-der-physik_1914_45_18	https://archive.org/download/sim_annalen-der-physik_1914_45_18/sim_annalen-der-physik_1914_45_18_djvu.txt	?	-
sim_annalen-der-physik_1914_45_19	https://archive.org/download/sim_annalen-der-physik_1914_45_19/sim_annalen-der-physik_1914_45_19_djvu.txt	?	-
sim_annalen-der-physik_1914_45_20	https://archive.org/download/sim_annalen-der-physik_1914_45_20/sim_annalen-der-physik_1914_45_20_djvu.txt	?	-
sim_annalen-der-physik_1914_45_21	https://archive.org/download/sim_annalen-der-physik_1914_45_21/sim_annalen-der-physik_1914_45_21_djvu.txt	?	-
sim_annalen-der-physik_1914_45_22	https://archive.org/download/sim_annalen-der-physik_1914_45_22/sim_annalen-der-physik_1914_45_22_djvu.txt	?	-
sim_annalen-der-physik_1914_45_23	https://archive.org/download/sim_annalen-der-physik_1914_45_23/sim_annalen-der-physik_1914_45_23_djvu.txt	?	-
sim_annalen-der-physik_1914_45_24	https://archive.org/download/sim_annalen-der-physik_1914_45_24/sim_annalen-der-physik_1914_45_24_djvu.txt	?	-
sim_annalen-der-physik_1914_45_contents	https://archive.org/download/sim_annalen-der-physik_1914_45_contents/sim_annalen-der-physik_1914_45_contents_djvu.txt	?	-
sim_annalen-der-physik_1915_46_1	https://archive.org/download/sim_annalen-der-physik_1915_46_1/sim_annalen-der-physik_1915_46_1_djvu.txt	?	-
sim_annalen-der-physik_1915_46_2	https://archive.org/download/sim_annalen-der-physik_1915_46_2/sim_annalen-der-physik_1915_46_2_djvu.txt	?	-
sim_annalen-der-physik_1915_46_3	https://archive.org/download/sim_annalen-der-physik_1915_46_3/sim_annalen-der-physik_1915_46_3_djvu.txt	?	-
sim_annalen-der-physik_1915_46_4	https://archive.org/download/sim_annalen-der-physik_1915_46_4/sim_annalen-der-physik_1915_46_4_djvu.txt	?	-
sim_annalen-der-physik_1915_46_5	https://archive.org/download/sim_annalen-der-physik_1915_46_5/sim_annalen-der-physik_1915_46_5_djvu.txt	?	-
sim_annalen-der-physik_1915_46_6	https://archive.org/download/sim_annalen-der-physik_1915_46_6/sim_annalen-der-physik_1915_46_6_djvu.txt	?	-
sim_annalen-der-physik_1915_46_7	https://archive.org/download/sim_annalen-der-physik_1915_46_7/sim_annalen-der-physik_1915_46_7_djvu.txt	?	-
sim_annalen-der-physik_1915_46_8	https://archive.org/download/sim_annalen-der-physik_1915_46_8/sim_annalen-der-physik_1915_46_8_djvu.txt	?	-
sim_annalen-der-physik_1915_46_contents	https://archive.org/download/sim_annalen-der-physik_1915_46_contents/sim_annalen-der-physik_1915_46_contents_djvu.txt	?	-
sim_annalen-der-physik_1915_47_10	https://archive.org/download/sim_annalen-der-physik_1915_47_10/sim_annalen-der-physik_1915_47_10_djvu.txt	?	-
sim_annalen-der-physik_1915_47_11	https://archive.org/download/sim_annalen-der-physik_1915_47_11/sim_annalen-der-physik_1915_47_11_djvu.txt	?	-
sim_annalen-der-physik_1915_47_12	https://archive.org/download/sim_annalen-der-physik_1915_47_12/sim_annalen-der-physik_1915_47_12_djvu.txt	?	-
sim_annalen-der-physik_1915_47_13	https://archive.org/download/sim_annalen-der-physik_1915_47_13/sim_annalen-der-physik_1915_47_13_djvu.txt	?	-
sim_annalen-der-physik_1915_47_14	https://archive.org/download/sim_annalen-der-physik_1915_47_14/sim_annalen-der-physik_1915_47_14_djvu.txt	?	-
sim_annalen-der-physik_1915_47_15	https://archive.org/download/sim_annalen-der-physik_1915_47_15/sim_annalen-der-physik_1915_47_15_djvu.txt	?	-
sim_annalen-der-physik_1915_47_16	https://archive.org/download/sim_annalen-der-physik_1915_47_16/sim_annalen-der-physik_1915_47_16_djvu.txt	?	-
sim_annalen-der-physik_1915_47_9	https://archive.org/download/sim_annalen-der-physik_1915_47_9/sim_annalen-der-physik_1915_47_9_djvu.txt	?	-
sim_annalen-der-physik_1915_47_contents	https://archive.org/download/sim_annalen-der-physik_1915_47_contents/sim_annalen-der-physik_1915_47_contents_djvu.txt	?	-
sim_annalen-der-physik_1915_48_17	https://archive.org/download/sim_annalen-der-physik_1915_48_17/sim_annalen-der-physik_1915_48_17_djvu.txt	?	-
sim_annalen-der-physik_1915_48_18	https://archive.org/download/sim_annalen-der-physik_1915_48_18/sim_annalen-der-physik_1915_48_18_djvu.txt	?	-
sim_annalen-der-physik_1915_48_19	https://archive.org/download/sim_annalen-der-physik_1915_48_19/sim_annalen-der-physik_1915_48_19_djvu.txt	?	-
sim_annalen-der-physik_1915_48_20	https://archive.org/download/sim_annalen-der-physik_1915_48_20/sim_annalen-der-physik_1915_48_20_djvu.txt	?	-
sim_annalen-der-physik_1915_48_21	https://archive.org/download/sim_annalen-der-physik_1915_48_21/sim_annalen-der-physik_1915_48_21_djvu.txt	?	-
sim_annalen-der-physik_1915_48_22	https://archive.org/download/sim_annalen-der-physik_1915_48_22/sim_annalen-der-physik_1915_48_22_djvu.txt	?	-
sim_annalen-der-physik_1915_48_23	https://archive.org/download/sim_annalen-der-physik_1915_48_23/sim_annalen-der-physik_1915_48_23_djvu.txt	?	-
sim_annalen-der-physik_1915_48_24	https://archive.org/download/sim_annalen-der-physik_1915_48_24/sim_annalen-der-physik_1915_48_24_djvu.txt	?	-
sim_annalen-der-physik_1915_48_contents	https://archive.org/download/sim_annalen-der-physik_1915_48_contents/sim_annalen-der-physik_1915_48_contents_djvu.txt	?	-
sim_annalen-der-physik_1916_49_1	https://archive.org/download/sim_annalen-der-physik_1916_49_1/sim_annalen-der-physik_1916_49_1_djvu.txt	?	-
sim_annalen-der-physik_1916_49_2	https://archive.org/download/sim_annalen-der-physik_1916_49_2/sim_annalen-der-physik_1916_49_2_djvu.txt	?	-
sim_annalen-der-physik_1916_49_3	https://archive.org/download/sim_annalen-der-physik_1916_49_3/sim_annalen-der-physik_1916_49_3_djvu.txt	?	-
sim_annalen-der-physik_1916_49_4	https://archive.org/download/sim_annalen-der-physik_1916_49_4/sim_annalen-der-physik_1916_49_4_djvu.txt	?	-
sim_annalen-der-physik_1916_49_5	https://archive.org/download/sim_annalen-der-physik_1916_49_5/sim_annalen-der-physik_1916_49_5_djvu.txt	?	-
sim_annalen-der-physik_1916_49_6	https://archive.org/download/sim_annalen-der-physik_1916_49_6/sim_annalen-der-physik_1916_49_6_djvu.txt	?	-
sim_annalen-der-physik_1916_49_7	https://archive.org/download/sim_annalen-der-physik_1916_49_7/sim_annalen-der-physik_1916_49_7_djvu.txt	?	-
sim_annalen-der-physik_1916_49_8	https://archive.org/download/sim_annalen-der-physik_1916_49_8/sim_annalen-der-physik_1916_49_8_djvu.txt	?	-
sim_annalen-der-physik_1916_49_contents	https://archive.org/download/sim_annalen-der-physik_1916_49_contents/sim_annalen-der-physik_1916_49_contents_djvu.txt	?	-
sim_annalen-der-physik_1916_50_10	https://archive.org/download/sim_annalen-der-physik_1916_50_10/sim_annalen-der-physik_1916_50_10_djvu.txt	?	-
sim_annalen-der-physik_1916_50_11	https://archive.org/download/sim_annalen-der-physik_1916_50_11/sim_annalen-der-physik_1916_50_11_djvu.txt	?	-
sim_annalen-der-physik_1916_50_12	https://archive.org/download/sim_annalen-der-physik_1916_50_12/sim_annalen-der-physik_1916_50_12_djvu.txt	?	-
sim_annalen-der-physik_1916_50_13	https://archive.org/download/sim_annalen-der-physik_1916_50_13/sim_annalen-der-physik_1916_50_13_djvu.txt	?	-
sim_annalen-der-physik_1916_50_14	https://archive.org/download/sim_annalen-der-physik_1916_50_14/sim_annalen-der-physik_1916_50_14_djvu.txt	?	-
sim_annalen-der-physik_1916_50_15	https://archive.org/download/sim_annalen-der-physik_1916_50_15/sim_annalen-der-physik_1916_50_15_djvu.txt	?	-
sim_annalen-der-physik_1916_50_16	https://archive.org/download/sim_annalen-der-physik_1916_50_16/sim_annalen-der-physik_1916_50_16_djvu.txt	?	-
sim_annalen-der-physik_1916_50_9	https://archive.org/download/sim_annalen-der-physik_1916_50_9/sim_annalen-der-physik_1916_50_9_djvu.txt	?	-
sim_annalen-der-physik_1916_50_contents	https://archive.org/download/sim_annalen-der-physik_1916_50_contents/sim_annalen-der-physik_1916_50_contents_djvu.txt	?	-
sim_annalen-der-physik_1916_51_17	https://archive.org/download/sim_annalen-der-physik_1916_51_17/sim_annalen-der-physik_1916_51_17_djvu.txt	?	-
sim_annalen-der-physik_1916_51_18	https://archive.org/download/sim_annalen-der-physik_1916_51_18/sim_annalen-der-physik_1916_51_18_djvu.txt	?	-
sim_annalen-der-physik_1916_51_19	https://archive.org/download/sim_annalen-der-physik_1916_51_19/sim_annalen-der-physik_1916_51_19_djvu.txt	?	-
sim_annalen-der-physik_1916_51_20	https://archive.org/download/sim_annalen-der-physik_1916_51_20/sim_annalen-der-physik_1916_51_20_djvu.txt	?	-
sim_annalen-der-physik_1916_51_21	https://archive.org/download/sim_annalen-der-physik_1916_51_21/sim_annalen-der-physik_1916_51_21_djvu.txt	?	-
sim_annalen-der-physik_1916_51_22	https://archive.org/download/sim_annalen-der-physik_1916_51_22/sim_annalen-der-physik_1916_51_22_djvu.txt	?	-
sim_annalen-der-physik_1916_51_23	https://archive.org/download/sim_annalen-der-physik_1916_51_23/sim_annalen-der-physik_1916_51_23_djvu.txt	?	-
sim_annalen-der-physik_1916_51_24	https://archive.org/download/sim_annalen-der-physik_1916_51_24/sim_annalen-der-physik_1916_51_24_djvu.txt	?	-
sim_annalen-der-physik_1916_51_index	https://archive.org/download/sim_annalen-der-physik_1916_51_index/sim_annalen-der-physik_1916_51_index_djvu.txt	?	-
sim_annalen-der-physik_1917_52_1	https://archive.org/download/sim_annalen-der-physik_1917_52_1/sim_annalen-der-physik_1917_52_1_djvu.txt	?	-
sim_annalen-der-physik_1917_52_2	https://archive.org/download/sim_annalen-der-physik_1917_52_2/sim_annalen-der-physik_1917_52_2_djvu.txt	?	-
sim_annalen-der-physik_1917_52_3	https://archive.org/download/sim_annalen-der-physik_1917_52_3/sim_annalen-der-physik_1917_52_3_djvu.txt	?	-
sim_annalen-der-physik_1917_52_4	https://archive.org/download/sim_annalen-der-physik_1917_52_4/sim_annalen-der-physik_1917_52_4_djvu.txt	?	-
sim_annalen-der-physik_1917_52_5	https://archive.org/download/sim_annalen-der-physik_1917_52_5/sim_annalen-der-physik_1917_52_5_djvu.txt	?	-
sim_annalen-der-physik_1917_52_6	https://archive.org/download/sim_annalen-der-physik_1917_52_6/sim_annalen-der-physik_1917_52_6_djvu.txt	?	-
sim_annalen-der-physik_1917_52_7	https://archive.org/download/sim_annalen-der-physik_1917_52_7/sim_annalen-der-physik_1917_52_7_djvu.txt	?	-
sim_annalen-der-physik_1917_52_8	https://archive.org/download/sim_annalen-der-physik_1917_52_8/sim_annalen-der-physik_1917_52_8_djvu.txt	?	-
sim_annalen-der-physik_1917_52_contents	https://archive.org/download/sim_annalen-der-physik_1917_52_contents/sim_annalen-der-physik_1917_52_contents_djvu.txt	?	-
sim_annalen-der-physik_1917_53_10	https://archive.org/download/sim_annalen-der-physik_1917_53_10/sim_annalen-der-physik_1917_53_10_djvu.txt	?	-
sim_annalen-der-physik_1917_53_11	https://archive.org/download/sim_annalen-der-physik_1917_53_11/sim_annalen-der-physik_1917_53_11_djvu.txt	?	-
sim_annalen-der-physik_1917_53_12	https://archive.org/download/sim_annalen-der-physik_1917_53_12/sim_annalen-der-physik_1917_53_12_djvu.txt	?	-
sim_annalen-der-physik_1917_53_13	https://archive.org/download/sim_annalen-der-physik_1917_53_13/sim_annalen-der-physik_1917_53_13_djvu.txt	?	-
sim_annalen-der-physik_1917_53_14	https://archive.org/download/sim_annalen-der-physik_1917_53_14/sim_annalen-der-physik_1917_53_14_djvu.txt	?	-
sim_annalen-der-physik_1917_53_15	https://archive.org/download/sim_annalen-der-physik_1917_53_15/sim_annalen-der-physik_1917_53_15_djvu.txt	?	-
sim_annalen-der-physik_1917_53_16	https://archive.org/download/sim_annalen-der-physik_1917_53_16/sim_annalen-der-physik_1917_53_16_djvu.txt	?	-
sim_annalen-der-physik_1917_53_9	https://archive.org/download/sim_annalen-der-physik_1917_53_9/sim_annalen-der-physik_1917_53_9_djvu.txt	?	-
sim_annalen-der-physik_1917_53_contents	https://archive.org/download/sim_annalen-der-physik_1917_53_contents/sim_annalen-der-physik_1917_53_contents_djvu.txt	?	-
sim_annalen-der-physik_1917_54_17	https://archive.org/download/sim_annalen-der-physik_1917_54_17/sim_annalen-der-physik_1917_54_17_djvu.txt	?	-
sim_annalen-der-physik_1917_54_18	https://archive.org/download/sim_annalen-der-physik_1917_54_18/sim_annalen-der-physik_1917_54_18_djvu.txt	?	-
sim_annalen-der-physik_1917_54_19	https://archive.org/download/sim_annalen-der-physik_1917_54_19/sim_annalen-der-physik_1917_54_19_djvu.txt	?	-
sim_annalen-der-physik_1917_54_20	https://archive.org/download/sim_annalen-der-physik_1917_54_20/sim_annalen-der-physik_1917_54_20_djvu.txt	?	-
sim_annalen-der-physik_1917_54_21	https://archive.org/download/sim_annalen-der-physik_1917_54_21/sim_annalen-der-physik_1917_54_21_djvu.txt	?	-
sim_annalen-der-physik_1917_54_22	https://archive.org/download/sim_annalen-der-physik_1917_54_22/sim_annalen-der-physik_1917_54_22_djvu.txt	?	-
sim_annalen-der-physik_1917_54_23	https://archive.org/download/sim_annalen-der-physik_1917_54_23/sim_annalen-der-physik_1917_54_23_djvu.txt	?	-
sim_annalen-der-physik_1917_54_24	https://archive.org/download/sim_annalen-der-physik_1917_54_24/sim_annalen-der-physik_1917_54_24_djvu.txt	?	-
sim_annalen-der-physik_1917_54_contents	https://archive.org/download/sim_annalen-der-physik_1917_54_contents/sim_annalen-der-physik_1917_54_contents_djvu.txt	?	-
sim_annalen-der-physik_1918_55_1	https://archive.org/download/sim_annalen-der-physik_1918_55_1/sim_annalen-der-physik_1918_55_1_djvu.txt	?	-
sim_annalen-der-physik_1918_55_2	https://archive.org/download/sim_annalen-der-physik_1918_55_2/sim_annalen-der-physik_1918_55_2_djvu.txt	?	-
sim_annalen-der-physik_1918_55_3	https://archive.org/download/sim_annalen-der-physik_1918_55_3/sim_annalen-der-physik_1918_55_3_djvu.txt	?	-
sim_annalen-der-physik_1918_55_4	https://archive.org/download/sim_annalen-der-physik_1918_55_4/sim_annalen-der-physik_1918_55_4_djvu.txt	?	-
sim_annalen-der-physik_1918_55_5	https://archive.org/download/sim_annalen-der-physik_1918_55_5/sim_annalen-der-physik_1918_55_5_djvu.txt	?	-
sim_annalen-der-physik_1918_55_6	https://archive.org/download/sim_annalen-der-physik_1918_55_6/sim_annalen-der-physik_1918_55_6_djvu.txt	?	-
sim_annalen-der-physik_1918_55_7	https://archive.org/download/sim_annalen-der-physik_1918_55_7/sim_annalen-der-physik_1918_55_7_djvu.txt	?	-
sim_annalen-der-physik_1918_55_8	https://archive.org/download/sim_annalen-der-physik_1918_55_8/sim_annalen-der-physik_1918_55_8_djvu.txt	?	-
sim_annalen-der-physik_1918_55_contents	https://archive.org/download/sim_annalen-der-physik_1918_55_contents/sim_annalen-der-physik_1918_55_contents_djvu.txt	?	-
sim_annalen-der-physik_1918_56_10	https://archive.org/download/sim_annalen-der-physik_1918_56_10/sim_annalen-der-physik_1918_56_10_djvu.txt	?	-
sim_annalen-der-physik_1918_56_11	https://archive.org/download/sim_annalen-der-physik_1918_56_11/sim_annalen-der-physik_1918_56_11_djvu.txt	?	-
sim_annalen-der-physik_1918_56_12	https://archive.org/download/sim_annalen-der-physik_1918_56_12/sim_annalen-der-physik_1918_56_12_djvu.txt	?	-
sim_annalen-der-physik_1918_56_13	https://archive.org/download/sim_annalen-der-physik_1918_56_13/sim_annalen-der-physik_1918_56_13_djvu.txt	?	-
sim_annalen-der-physik_1918_56_14	https://archive.org/download/sim_annalen-der-physik_1918_56_14/sim_annalen-der-physik_1918_56_14_djvu.txt	?	-
sim_annalen-der-physik_1918_56_15	https://archive.org/download/sim_annalen-der-physik_1918_56_15/sim_annalen-der-physik_1918_56_15_djvu.txt	?	-
sim_annalen-der-physik_1918_56_16	https://archive.org/download/sim_annalen-der-physik_1918_56_16/sim_annalen-der-physik_1918_56_16_djvu.txt	?	-
sim_annalen-der-physik_1918_56_9	https://archive.org/download/sim_annalen-der-physik_1918_56_9/sim_annalen-der-physik_1918_56_9_djvu.txt	?	-
sim_annalen-der-physik_1918_56_contents	https://archive.org/download/sim_annalen-der-physik_1918_56_contents/sim_annalen-der-physik_1918_56_contents_djvu.txt	?	-
sim_annalen-der-physik_1918_57_17	https://archive.org/download/sim_annalen-der-physik_1918_57_17/sim_annalen-der-physik_1918_57_17_djvu.txt	?	-
sim_annalen-der-physik_1918_57_18	https://archive.org/download/sim_annalen-der-physik_1918_57_18/sim_annalen-der-physik_1918_57_18_djvu.txt	?	-
sim_annalen-der-physik_1918_57_19	https://archive.org/download/sim_annalen-der-physik_1918_57_19/sim_annalen-der-physik_1918_57_19_djvu.txt	?	-
sim_annalen-der-physik_1918_57_20	https://archive.org/download/sim_annalen-der-physik_1918_57_20/sim_annalen-der-physik_1918_57_20_djvu.txt	?	-
sim_annalen-der-physik_1918_57_21	https://archive.org/download/sim_annalen-der-physik_1918_57_21/sim_annalen-der-physik_1918_57_21_djvu.txt	?	-
sim_annalen-der-physik_1918_57_22	https://archive.org/download/sim_annalen-der-physik_1918_57_22/sim_annalen-der-physik_1918_57_22_djvu.txt	?	-
sim_annalen-der-physik_1918_57_23	https://archive.org/download/sim_annalen-der-physik_1918_57_23/sim_annalen-der-physik_1918_57_23_djvu.txt	?	-
sim_annalen-der-physik_1918_57_contents	https://archive.org/download/sim_annalen-der-physik_1918_57_contents/sim_annalen-der-physik_1918_57_contents_djvu.txt	?	-
sim_annalen-der-physik_1919_58_1	https://archive.org/download/sim_annalen-der-physik_1919_58_1/sim_annalen-der-physik_1919_58_1_djvu.txt	?	-
sim_annalen-der-physik_1919_58_2	https://archive.org/download/sim_annalen-der-physik_1919_58_2/sim_annalen-der-physik_1919_58_2_djvu.txt	?	-
sim_annalen-der-physik_1919_58_3	https://archive.org/download/sim_annalen-der-physik_1919_58_3/sim_annalen-der-physik_1919_58_3_djvu.txt	?	-
sim_annalen-der-physik_1919_58_4	https://archive.org/download/sim_annalen-der-physik_1919_58_4/sim_annalen-der-physik_1919_58_4_djvu.txt	?	-
sim_annalen-der-physik_1919_58_5	https://archive.org/download/sim_annalen-der-physik_1919_58_5/sim_annalen-der-physik_1919_58_5_djvu.txt	?	-
sim_annalen-der-physik_1919_58_6	https://archive.org/download/sim_annalen-der-physik_1919_58_6/sim_annalen-der-physik_1919_58_6_djvu.txt	?	-
sim_annalen-der-physik_1919_58_7	https://archive.org/download/sim_annalen-der-physik_1919_58_7/sim_annalen-der-physik_1919_58_7_djvu.txt	?	-
sim_annalen-der-physik_1919_58_8	https://archive.org/download/sim_annalen-der-physik_1919_58_8/sim_annalen-der-physik_1919_58_8_djvu.txt	?	-
sim_annalen-der-physik_1919_58_contents	https://archive.org/download/sim_annalen-der-physik_1919_58_contents/sim_annalen-der-physik_1919_58_contents_djvu.txt	?	-
sim_annalen-der-physik_1919_59_10	https://archive.org/download/sim_annalen-der-physik_1919_59_10/sim_annalen-der-physik_1919_59_10_djvu.txt	?	-
sim_annalen-der-physik_1919_59_11	https://archive.org/download/sim_annalen-der-physik_1919_59_11/sim_annalen-der-physik_1919_59_11_djvu.txt	?	-
sim_annalen-der-physik_1919_59_12	https://archive.org/download/sim_annalen-der-physik_1919_59_12/sim_annalen-der-physik_1919_59_12_djvu.txt	?	-
sim_annalen-der-physik_1919_59_13	https://archive.org/download/sim_annalen-der-physik_1919_59_13/sim_annalen-der-physik_1919_59_13_djvu.txt	?	-
sim_annalen-der-physik_1919_59_14	https://archive.org/download/sim_annalen-der-physik_1919_59_14/sim_annalen-der-physik_1919_59_14_djvu.txt	?	-
sim_annalen-der-physik_1919_59_15	https://archive.org/download/sim_annalen-der-physik_1919_59_15/sim_annalen-der-physik_1919_59_15_djvu.txt	?	-
sim_annalen-der-physik_1919_59_16	https://archive.org/download/sim_annalen-der-physik_1919_59_16/sim_annalen-der-physik_1919_59_16_djvu.txt	?	-
sim_annalen-der-physik_1919_59_9	https://archive.org/download/sim_annalen-der-physik_1919_59_9/sim_annalen-der-physik_1919_59_9_djvu.txt	?	-
sim_annalen-der-physik_1919_59_contents	https://archive.org/download/sim_annalen-der-physik_1919_59_contents/sim_annalen-der-physik_1919_59_contents_djvu.txt	?	-
sim_annalen-der-physik_1919_60_17	https://archive.org/download/sim_annalen-der-physik_1919_60_17/sim_annalen-der-physik_1919_60_17_djvu.txt	?	-
sim_annalen-der-physik_1919_60_18	https://archive.org/download/sim_annalen-der-physik_1919_60_18/sim_annalen-der-physik_1919_60_18_djvu.txt	?	-
sim_annalen-der-physik_1919_60_19	https://archive.org/download/sim_annalen-der-physik_1919_60_19/sim_annalen-der-physik_1919_60_19_djvu.txt	?	-
sim_annalen-der-physik_1919_60_20	https://archive.org/download/sim_annalen-der-physik_1919_60_20/sim_annalen-der-physik_1919_60_20_djvu.txt	?	-
sim_annalen-der-physik_1919_60_21	https://archive.org/download/sim_annalen-der-physik_1919_60_21/sim_annalen-der-physik_1919_60_21_djvu.txt	?	-
sim_annalen-der-physik_1919_60_22	https://archive.org/download/sim_annalen-der-physik_1919_60_22/sim_annalen-der-physik_1919_60_22_djvu.txt	?	-
sim_annalen-der-physik_1919_60_23	https://archive.org/download/sim_annalen-der-physik_1919_60_23/sim_annalen-der-physik_1919_60_23_djvu.txt	?	-
sim_annalen-der-physik_1919_60_24	https://archive.org/download/sim_annalen-der-physik_1919_60_24/sim_annalen-der-physik_1919_60_24_djvu.txt	?	-
sim_annalen-der-physik_1919_60_contents	https://archive.org/download/sim_annalen-der-physik_1919_60_contents/sim_annalen-der-physik_1919_60_contents_djvu.txt	?	-
sim_annalen-der-physik_1920_61_1	https://archive.org/download/sim_annalen-der-physik_1920_61_1/sim_annalen-der-physik_1920_61_1_djvu.txt	?	-
sim_annalen-der-physik_1920_61_2	https://archive.org/download/sim_annalen-der-physik_1920_61_2/sim_annalen-der-physik_1920_61_2_djvu.txt	?	-
sim_annalen-der-physik_1920_61_3	https://archive.org/download/sim_annalen-der-physik_1920_61_3/sim_annalen-der-physik_1920_61_3_djvu.txt	?	-
sim_annalen-der-physik_1920_61_4	https://archive.org/download/sim_annalen-der-physik_1920_61_4/sim_annalen-der-physik_1920_61_4_djvu.txt	?	-
sim_annalen-der-physik_1920_61_5	https://archive.org/download/sim_annalen-der-physik_1920_61_5/sim_annalen-der-physik_1920_61_5_djvu.txt	?	-
sim_annalen-der-physik_1920_61_6	https://archive.org/download/sim_annalen-der-physik_1920_61_6/sim_annalen-der-physik_1920_61_6_djvu.txt	?	-
sim_annalen-der-physik_1920_61_7	https://archive.org/download/sim_annalen-der-physik_1920_61_7/sim_annalen-der-physik_1920_61_7_djvu.txt	?	-
sim_annalen-der-physik_1920_61_8	https://archive.org/download/sim_annalen-der-physik_1920_61_8/sim_annalen-der-physik_1920_61_8_djvu.txt	?	-
sim_annalen-der-physik_1920_61_contents	https://archive.org/download/sim_annalen-der-physik_1920_61_contents/sim_annalen-der-physik_1920_61_contents_djvu.txt	?	-
sim_annalen-der-physik_1920_62_10	https://archive.org/download/sim_annalen-der-physik_1920_62_10/sim_annalen-der-physik_1920_62_10_djvu.txt	?	-
sim_annalen-der-physik_1920_62_11	https://archive.org/download/sim_annalen-der-physik_1920_62_11/sim_annalen-der-physik_1920_62_11_djvu.txt	?	-
sim_annalen-der-physik_1920_62_12	https://archive.org/download/sim_annalen-der-physik_1920_62_12/sim_annalen-der-physik_1920_62_12_djvu.txt	?	-
sim_annalen-der-physik_1920_62_13	https://archive.org/download/sim_annalen-der-physik_1920_62_13/sim_annalen-der-physik_1920_62_13_djvu.txt	?	-
sim_annalen-der-physik_1920_62_14	https://archive.org/download/sim_annalen-der-physik_1920_62_14/sim_annalen-der-physik_1920_62_14_djvu.txt	?	-
sim_annalen-der-physik_1920_62_15	https://archive.org/download/sim_annalen-der-physik_1920_62_15/sim_annalen-der-physik_1920_62_15_djvu.txt	?	-
sim_annalen-der-physik_1920_62_16	https://archive.org/download/sim_annalen-der-physik_1920_62_16/sim_annalen-der-physik_1920_62_16_djvu.txt	?	-
sim_annalen-der-physik_1920_62_9	https://archive.org/download/sim_annalen-der-physik_1920_62_9/sim_annalen-der-physik_1920_62_9_djvu.txt	?	-
sim_annalen-der-physik_1920_62_contents	https://archive.org/download/sim_annalen-der-physik_1920_62_contents/sim_annalen-der-physik_1920_62_contents_djvu.txt	?	-
sim_annalen-der-physik_1920_63_17	https://archive.org/download/sim_annalen-der-physik_1920_63_17/sim_annalen-der-physik_1920_63_17_djvu.txt	?	-
sim_annalen-der-physik_1920_63_18	https://archive.org/download/sim_annalen-der-physik_1920_63_18/sim_annalen-der-physik_1920_63_18_djvu.txt	?	-
sim_annalen-der-physik_1920_63_19	https://archive.org/download/sim_annalen-der-physik_1920_63_19/sim_annalen-der-physik_1920_63_19_djvu.txt	?	-
sim_annalen-der-physik_1920_63_21	https://archive.org/download/sim_annalen-der-physik_1920_63_21/sim_annalen-der-physik_1920_63_21_djvu.txt	?	-
sim_annalen-der-physik_1920_63_22	https://archive.org/download/sim_annalen-der-physik_1920_63_22/sim_annalen-der-physik_1920_63_22_djvu.txt	?	-
sim_annalen-der-physik_1920_63_23	https://archive.org/download/sim_annalen-der-physik_1920_63_23/sim_annalen-der-physik_1920_63_23_djvu.txt	?	-
sim_annalen-der-physik_1920_63_24	https://archive.org/download/sim_annalen-der-physik_1920_63_24/sim_annalen-der-physik_1920_63_24_djvu.txt	?	-
sim_annalen-der-physik_1920_63_25	https://archive.org/download/sim_annalen-der-physik_1920_63_25/sim_annalen-der-physik_1920_63_25_djvu.txt	?	-
sim_annalen-der-physik_1920_63_contents	https://archive.org/download/sim_annalen-der-physik_1920_63_contents/sim_annalen-der-physik_1920_63_contents_djvu.txt	?	-
sim_annalen-der-physik_1921_64_2	https://archive.org/download/sim_annalen-der-physik_1921_64_2/sim_annalen-der-physik_1921_64_2_djvu.txt	?	-
sim_annalen-der-physik_1921_64_3	https://archive.org/download/sim_annalen-der-physik_1921_64_3/sim_annalen-der-physik_1921_64_3_djvu.txt	?	-
sim_annalen-der-physik_1921_64_4	https://archive.org/download/sim_annalen-der-physik_1921_64_4/sim_annalen-der-physik_1921_64_4_djvu.txt	?	-
sim_annalen-der-physik_1921_64_5	https://archive.org/download/sim_annalen-der-physik_1921_64_5/sim_annalen-der-physik_1921_64_5_djvu.txt	?	-
sim_annalen-der-physik_1921_64_6	https://archive.org/download/sim_annalen-der-physik_1921_64_6/sim_annalen-der-physik_1921_64_6_djvu.txt	?	-
sim_annalen-der-physik_1921_64_7	https://archive.org/download/sim_annalen-der-physik_1921_64_7/sim_annalen-der-physik_1921_64_7_djvu.txt	?	-
sim_annalen-der-physik_1921_64_8	https://archive.org/download/sim_annalen-der-physik_1921_64_8/sim_annalen-der-physik_1921_64_8_djvu.txt	?	-
sim_annalen-der-physik_1921_64_contents	https://archive.org/download/sim_annalen-der-physik_1921_64_contents/sim_annalen-der-physik_1921_64_contents_djvu.txt	?	-
sim_annalen-der-physik_1921_65_10	https://archive.org/download/sim_annalen-der-physik_1921_65_10/sim_annalen-der-physik_1921_65_10_djvu.txt	?	-
sim_annalen-der-physik_1921_65_11	https://archive.org/download/sim_annalen-der-physik_1921_65_11/sim_annalen-der-physik_1921_65_11_djvu.txt	?	-
sim_annalen-der-physik_1921_65_12	https://archive.org/download/sim_annalen-der-physik_1921_65_12/sim_annalen-der-physik_1921_65_12_djvu.txt	?	-
sim_annalen-der-physik_1921_65_13	https://archive.org/download/sim_annalen-der-physik_1921_65_13/sim_annalen-der-physik_1921_65_13_djvu.txt	?	-
sim_annalen-der-physik_1921_65_14	https://archive.org/download/sim_annalen-der-physik_1921_65_14/sim_annalen-der-physik_1921_65_14_djvu.txt	?	-
sim_annalen-der-physik_1921_65_15	https://archive.org/download/sim_annalen-der-physik_1921_65_15/sim_annalen-der-physik_1921_65_15_djvu.txt	?	-
sim_annalen-der-physik_1921_65_16	https://archive.org/download/sim_annalen-der-physik_1921_65_16/sim_annalen-der-physik_1921_65_16_djvu.txt	?	-
sim_annalen-der-physik_1921_65_9	https://archive.org/download/sim_annalen-der-physik_1921_65_9/sim_annalen-der-physik_1921_65_9_djvu.txt	?	-
sim_annalen-der-physik_1921_65_contents	https://archive.org/download/sim_annalen-der-physik_1921_65_contents/sim_annalen-der-physik_1921_65_contents_djvu.txt	?	-
sim_annalen-der-physik_1921_66_17	https://archive.org/download/sim_annalen-der-physik_1921_66_17/sim_annalen-der-physik_1921_66_17_djvu.txt	?	-
sim_annalen-der-physik_1921_66_18	https://archive.org/download/sim_annalen-der-physik_1921_66_18/sim_annalen-der-physik_1921_66_18_djvu.txt	?	-
sim_annalen-der-physik_1921_66_19	https://archive.org/download/sim_annalen-der-physik_1921_66_19/sim_annalen-der-physik_1921_66_19_djvu.txt	?	-
sim_annalen-der-physik_1921_66_20	https://archive.org/download/sim_annalen-der-physik_1921_66_20/sim_annalen-der-physik_1921_66_20_djvu.txt	?	-
sim_annalen-der-physik_1921_66_21	https://archive.org/download/sim_annalen-der-physik_1921_66_21/sim_annalen-der-physik_1921_66_21_djvu.txt	?	-
sim_annalen-der-physik_1921_66_22	https://archive.org/download/sim_annalen-der-physik_1921_66_22/sim_annalen-der-physik_1921_66_22_djvu.txt	?	-
sim_annalen-der-physik_1921_66_23	https://archive.org/download/sim_annalen-der-physik_1921_66_23/sim_annalen-der-physik_1921_66_23_djvu.txt	?	-
sim_annalen-der-physik_1921_66_24	https://archive.org/download/sim_annalen-der-physik_1921_66_24/sim_annalen-der-physik_1921_66_24_djvu.txt	?	-
sim_annalen-der-physik_1921_66_contents	https://archive.org/download/sim_annalen-der-physik_1921_66_contents/sim_annalen-der-physik_1921_66_contents_djvu.txt	?	-
sim_annalen-der-physik_1922_67_1	https://archive.org/download/sim_annalen-der-physik_1922_67_1/sim_annalen-der-physik_1922_67_1_djvu.txt	?	-
sim_annalen-der-physik_1922_67_2	https://archive.org/download/sim_annalen-der-physik_1922_67_2/sim_annalen-der-physik_1922_67_2_djvu.txt	?	-
sim_annalen-der-physik_1922_67_3	https://archive.org/download/sim_annalen-der-physik_1922_67_3/sim_annalen-der-physik_1922_67_3_djvu.txt	?	-
sim_annalen-der-physik_1922_67_4	https://archive.org/download/sim_annalen-der-physik_1922_67_4/sim_annalen-der-physik_1922_67_4_djvu.txt	?	-
sim_annalen-der-physik_1922_67_5-8	https://archive.org/download/sim_annalen-der-physik_1922_67_5-8/sim_annalen-der-physik_1922_67_5-8_djvu.txt	?	-
sim_annalen-der-physik_1922_67_contents	https://archive.org/download/sim_annalen-der-physik_1922_67_contents/sim_annalen-der-physik_1922_67_contents_djvu.txt	?	-
sim_annalen-der-physik_1922_68_10	https://archive.org/download/sim_annalen-der-physik_1922_68_10/sim_annalen-der-physik_1922_68_10_djvu.txt	?	-
sim_annalen-der-physik_1922_68_11	https://archive.org/download/sim_annalen-der-physik_1922_68_11/sim_annalen-der-physik_1922_68_11_djvu.txt	?	-
sim_annalen-der-physik_1922_68_12	https://archive.org/download/sim_annalen-der-physik_1922_68_12/sim_annalen-der-physik_1922_68_12_djvu.txt	?	-
sim_annalen-der-physik_1922_68_13	https://archive.org/download/sim_annalen-der-physik_1922_68_13/sim_annalen-der-physik_1922_68_13_djvu.txt	?	-
sim_annalen-der-physik_1922_68_14	https://archive.org/download/sim_annalen-der-physik_1922_68_14/sim_annalen-der-physik_1922_68_14_djvu.txt	?	-
sim_annalen-der-physik_1922_68_15-16	https://archive.org/download/sim_annalen-der-physik_1922_68_15-16/sim_annalen-der-physik_1922_68_15-16_djvu.txt	?	-
sim_annalen-der-physik_1922_68_9	https://archive.org/download/sim_annalen-der-physik_1922_68_9/sim_annalen-der-physik_1922_68_9_djvu.txt	?	-
sim_annalen-der-physik_1922_68_contents	https://archive.org/download/sim_annalen-der-physik_1922_68_contents/sim_annalen-der-physik_1922_68_contents_djvu.txt	?	-
sim_annalen-der-physik_1922_69_17	https://archive.org/download/sim_annalen-der-physik_1922_69_17/sim_annalen-der-physik_1922_69_17_djvu.txt	?	-
sim_annalen-der-physik_1922_69_18	https://archive.org/download/sim_annalen-der-physik_1922_69_18/sim_annalen-der-physik_1922_69_18_djvu.txt	?	-
sim_annalen-der-physik_1922_69_19	https://archive.org/download/sim_annalen-der-physik_1922_69_19/sim_annalen-der-physik_1922_69_19_djvu.txt	?	-
sim_annalen-der-physik_1922_69_20	https://archive.org/download/sim_annalen-der-physik_1922_69_20/sim_annalen-der-physik_1922_69_20_djvu.txt	?	-
sim_annalen-der-physik_1922_69_21	https://archive.org/download/sim_annalen-der-physik_1922_69_21/sim_annalen-der-physik_1922_69_21_djvu.txt	?	-
sim_annalen-der-physik_1922_69_22	https://archive.org/download/sim_annalen-der-physik_1922_69_22/sim_annalen-der-physik_1922_69_22_djvu.txt	?	-
sim_annalen-der-physik_1922_69_23-24	https://archive.org/download/sim_annalen-der-physik_1922_69_23-24/sim_annalen-der-physik_1922_69_23-24_djvu.txt	?	-
sim_annalen-der-physik_1922_69_contents	https://archive.org/download/sim_annalen-der-physik_1922_69_contents/sim_annalen-der-physik_1922_69_contents_djvu.txt	?	-
sim_annalen-der-physik_1923_70_1	https://archive.org/download/sim_annalen-der-physik_1923_70_1/sim_annalen-der-physik_1923_70_1_djvu.txt	?	-
sim_annalen-der-physik_1923_70_2	https://archive.org/download/sim_annalen-der-physik_1923_70_2/sim_annalen-der-physik_1923_70_2_djvu.txt	?	-
sim_annalen-der-physik_1923_70_3	https://archive.org/download/sim_annalen-der-physik_1923_70_3/sim_annalen-der-physik_1923_70_3_djvu.txt	?	-
sim_annalen-der-physik_1923_70_4	https://archive.org/download/sim_annalen-der-physik_1923_70_4/sim_annalen-der-physik_1923_70_4_djvu.txt	?	-
sim_annalen-der-physik_1923_70_5	https://archive.org/download/sim_annalen-der-physik_1923_70_5/sim_annalen-der-physik_1923_70_5_djvu.txt	?	-
sim_annalen-der-physik_1923_70_6	https://archive.org/download/sim_annalen-der-physik_1923_70_6/sim_annalen-der-physik_1923_70_6_djvu.txt	?	-
sim_annalen-der-physik_1923_70_7	https://archive.org/download/sim_annalen-der-physik_1923_70_7/sim_annalen-der-physik_1923_70_7_djvu.txt	?	-
sim_annalen-der-physik_1923_70_8	https://archive.org/download/sim_annalen-der-physik_1923_70_8/sim_annalen-der-physik_1923_70_8_djvu.txt	?	-
sim_annalen-der-physik_1923_70_contents	https://archive.org/download/sim_annalen-der-physik_1923_70_contents/sim_annalen-der-physik_1923_70_contents_djvu.txt	?	-
sim_annalen-der-physik_1923_71_13	https://archive.org/download/sim_annalen-der-physik_1923_71_13/sim_annalen-der-physik_1923_71_13_djvu.txt	?	-
sim_annalen-der-physik_1923_71_14	https://archive.org/download/sim_annalen-der-physik_1923_71_14/sim_annalen-der-physik_1923_71_14_djvu.txt	?	-
sim_annalen-der-physik_1923_71_15	https://archive.org/download/sim_annalen-der-physik_1923_71_15/sim_annalen-der-physik_1923_71_15_djvu.txt	?	-
sim_annalen-der-physik_1923_71_16	https://archive.org/download/sim_annalen-der-physik_1923_71_16/sim_annalen-der-physik_1923_71_16_djvu.txt	?	-
sim_annalen-der-physik_1923_71_9	https://archive.org/download/sim_annalen-der-physik_1923_71_9/sim_annalen-der-physik_1923_71_9_djvu.txt	?	-
sim_annalen-der-physik_1923_71_contents	https://archive.org/download/sim_annalen-der-physik_1923_71_contents/sim_annalen-der-physik_1923_71_contents_djvu.txt	?	-
sim_annalen-der-physik_1923_72_17	https://archive.org/download/sim_annalen-der-physik_1923_72_17/sim_annalen-der-physik_1923_72_17_djvu.txt	?	-
sim_annalen-der-physik_1923_72_18	https://archive.org/download/sim_annalen-der-physik_1923_72_18/sim_annalen-der-physik_1923_72_18_djvu.txt	?	-
sim_annalen-der-physik_1923_72_19	https://archive.org/download/sim_annalen-der-physik_1923_72_19/sim_annalen-der-physik_1923_72_19_djvu.txt	?	-
sim_annalen-der-physik_1923_72_20	https://archive.org/download/sim_annalen-der-physik_1923_72_20/sim_annalen-der-physik_1923_72_20_djvu.txt	?	-
sim_annalen-der-physik_1923_72_21	https://archive.org/download/sim_annalen-der-physik_1923_72_21/sim_annalen-der-physik_1923_72_21_djvu.txt	?	-
sim_annalen-der-physik_1923_72_22	https://archive.org/download/sim_annalen-der-physik_1923_72_22/sim_annalen-der-physik_1923_72_22_djvu.txt	?	-
sim_annalen-der-physik_1923_72_23	https://archive.org/download/sim_annalen-der-physik_1923_72_23/sim_annalen-der-physik_1923_72_23_djvu.txt	?	-
sim_annalen-der-physik_1923_72_24	https://archive.org/download/sim_annalen-der-physik_1923_72_24/sim_annalen-der-physik_1923_72_24_djvu.txt	?	-
sim_annalen-der-physik_1923_72_contents	https://archive.org/download/sim_annalen-der-physik_1923_72_contents/sim_annalen-der-physik_1923_72_contents_djvu.txt	?	-
sim_annalen-der-physik_1924_73_1-2	https://archive.org/download/sim_annalen-der-physik_1924_73_1-2/sim_annalen-der-physik_1924_73_1-2_djvu.txt	?	-
sim_annalen-der-physik_1924_73_3-4	https://archive.org/download/sim_annalen-der-physik_1924_73_3-4/sim_annalen-der-physik_1924_73_3-4_djvu.txt	?	-
sim_annalen-der-physik_1924_73_5-6	https://archive.org/download/sim_annalen-der-physik_1924_73_5-6/sim_annalen-der-physik_1924_73_5-6_djvu.txt	?	-
sim_annalen-der-physik_1924_73_7-8	https://archive.org/download/sim_annalen-der-physik_1924_73_7-8/sim_annalen-der-physik_1924_73_7-8_djvu.txt	?	-
sim_annalen-der-physik_1924_73_contents	https://archive.org/download/sim_annalen-der-physik_1924_73_contents/sim_annalen-der-physik_1924_73_contents_djvu.txt	?	-
sim_annalen-der-physik_1924_74_10	https://archive.org/download/sim_annalen-der-physik_1924_74_10/sim_annalen-der-physik_1924_74_10_djvu.txt	?	-
sim_annalen-der-physik_1924_74_11	https://archive.org/download/sim_annalen-der-physik_1924_74_11/sim_annalen-der-physik_1924_74_11_djvu.txt	?	-
sim_annalen-der-physik_1924_74_12	https://archive.org/download/sim_annalen-der-physik_1924_74_12/sim_annalen-der-physik_1924_74_12_djvu.txt	?	-
sim_annalen-der-physik_1924_74_13	https://archive.org/download/sim_annalen-der-physik_1924_74_13/sim_annalen-der-physik_1924_74_13_djvu.txt	?	-
sim_annalen-der-physik_1924_74_14	https://archive.org/download/sim_annalen-der-physik_1924_74_14/sim_annalen-der-physik_1924_74_14_djvu.txt	?	-
sim_annalen-der-physik_1924_74_15	https://archive.org/download/sim_annalen-der-physik_1924_74_15/sim_annalen-der-physik_1924_74_15_djvu.txt	?	-
sim_annalen-der-physik_1924_74_16	https://archive.org/download/sim_annalen-der-physik_1924_74_16/sim_annalen-der-physik_1924_74_16_djvu.txt	?	-
sim_annalen-der-physik_1924_74_9	https://archive.org/download/sim_annalen-der-physik_1924_74_9/sim_annalen-der-physik_1924_74_9_djvu.txt	?	-
sim_annalen-der-physik_1924_74_contents	https://archive.org/download/sim_annalen-der-physik_1924_74_contents/sim_annalen-der-physik_1924_74_contents_djvu.txt	?	-
sim_annalen-der-physik_1924_75_17	https://archive.org/download/sim_annalen-der-physik_1924_75_17/sim_annalen-der-physik_1924_75_17_djvu.txt	?	-
sim_annalen-der-physik_1924_75_18	https://archive.org/download/sim_annalen-der-physik_1924_75_18/sim_annalen-der-physik_1924_75_18_djvu.txt	?	-
sim_annalen-der-physik_1924_75_19	https://archive.org/download/sim_annalen-der-physik_1924_75_19/sim_annalen-der-physik_1924_75_19_djvu.txt	?	-
sim_annalen-der-physik_1924_75_20	https://archive.org/download/sim_annalen-der-physik_1924_75_20/sim_annalen-der-physik_1924_75_20_djvu.txt	?	-
sim_annalen-der-physik_1924_75_21	https://archive.org/download/sim_annalen-der-physik_1924_75_21/sim_annalen-der-physik_1924_75_21_djvu.txt	?	-
sim_annalen-der-physik_1924_75_22	https://archive.org/download/sim_annalen-der-physik_1924_75_22/sim_annalen-der-physik_1924_75_22_djvu.txt	?	-
sim_annalen-der-physik_1924_75_23	https://archive.org/download/sim_annalen-der-physik_1924_75_23/sim_annalen-der-physik_1924_75_23_djvu.txt	?	-
sim_annalen-der-physik_1924_75_24	https://archive.org/download/sim_annalen-der-physik_1924_75_24/sim_annalen-der-physik_1924_75_24_djvu.txt	?	-
sim_annalen-der-physik_1924_75_contents	https://archive.org/download/sim_annalen-der-physik_1924_75_contents/sim_annalen-der-physik_1924_75_contents_djvu.txt	?	-
sim_annalen-der-physik_1925_76_1	https://archive.org/download/sim_annalen-der-physik_1925_76_1/sim_annalen-der-physik_1925_76_1_djvu.txt	?	-
sim_annalen-der-physik_1925_76_2-3	https://archive.org/download/sim_annalen-der-physik_1925_76_2-3/sim_annalen-der-physik_1925_76_2-3_djvu.txt	?	-
sim_annalen-der-physik_1925_76_4	https://archive.org/download/sim_annalen-der-physik_1925_76_4/sim_annalen-der-physik_1925_76_4_djvu.txt	?	-
sim_annalen-der-physik_1925_76_5	https://archive.org/download/sim_annalen-der-physik_1925_76_5/sim_annalen-der-physik_1925_76_5_djvu.txt	?	-
sim_annalen-der-physik_1925_76_6	https://archive.org/download/sim_annalen-der-physik_1925_76_6/sim_annalen-der-physik_1925_76_6_djvu.txt	?	-
sim_annalen-der-physik_1925_76_7	https://archive.org/download/sim_annalen-der-physik_1925_76_7/sim_annalen-der-physik_1925_76_7_djvu.txt	?	-
sim_annalen-der-physik_1925_76_8	https://archive.org/download/sim_annalen-der-physik_1925_76_8/sim_annalen-der-physik_1925_76_8_djvu.txt	?	-
sim_annalen-der-physik_1925_76_contents	https://archive.org/download/sim_annalen-der-physik_1925_76_contents/sim_annalen-der-physik_1925_76_contents_djvu.txt	?	-
sim_annalen-der-physik_1925_77_10	https://archive.org/download/sim_annalen-der-physik_1925_77_10/sim_annalen-der-physik_1925_77_10_djvu.txt	?	-
sim_annalen-der-physik_1925_77_11	https://archive.org/download/sim_annalen-der-physik_1925_77_11/sim_annalen-der-physik_1925_77_11_djvu.txt	?	-
sim_annalen-der-physik_1925_77_12	https://archive.org/download/sim_annalen-der-physik_1925_77_12/sim_annalen-der-physik_1925_77_12_djvu.txt	?	-
sim_annalen-der-physik_1925_77_13	https://archive.org/download/sim_annalen-der-physik_1925_77_13/sim_annalen-der-physik_1925_77_13_djvu.txt	?	-
sim_annalen-der-physik_1925_77_14	https://archive.org/download/sim_annalen-der-physik_1925_77_14/sim_annalen-der-physik_1925_77_14_djvu.txt	?	-
sim_annalen-der-physik_1925_77_15	https://archive.org/download/sim_annalen-der-physik_1925_77_15/sim_annalen-der-physik_1925_77_15_djvu.txt	?	-
sim_annalen-der-physik_1925_77_16	https://archive.org/download/sim_annalen-der-physik_1925_77_16/sim_annalen-der-physik_1925_77_16_djvu.txt	?	-
sim_annalen-der-physik_1925_77_9	https://archive.org/download/sim_annalen-der-physik_1925_77_9/sim_annalen-der-physik_1925_77_9_djvu.txt	?	-
sim_annalen-der-physik_1925_77_contents	https://archive.org/download/sim_annalen-der-physik_1925_77_contents/sim_annalen-der-physik_1925_77_contents_djvu.txt	?	-
sim_annalen-der-physik_1925_78_17	https://archive.org/download/sim_annalen-der-physik_1925_78_17/sim_annalen-der-physik_1925_78_17_djvu.txt	?	-
sim_annalen-der-physik_1925_78_18	https://archive.org/download/sim_annalen-der-physik_1925_78_18/sim_annalen-der-physik_1925_78_18_djvu.txt	?	-
sim_annalen-der-physik_1925_78_19	https://archive.org/download/sim_annalen-der-physik_1925_78_19/sim_annalen-der-physik_1925_78_19_djvu.txt	?	-
sim_annalen-der-physik_1925_78_20	https://archive.org/download/sim_annalen-der-physik_1925_78_20/sim_annalen-der-physik_1925_78_20_djvu.txt	?	-
sim_annalen-der-physik_1925_78_21	https://archive.org/download/sim_annalen-der-physik_1925_78_21/sim_annalen-der-physik_1925_78_21_djvu.txt	?	-
sim_annalen-der-physik_1925_78_22	https://archive.org/download/sim_annalen-der-physik_1925_78_22/sim_annalen-der-physik_1925_78_22_djvu.txt	?	-
sim_annalen-der-physik_1925_78_23	https://archive.org/download/sim_annalen-der-physik_1925_78_23/sim_annalen-der-physik_1925_78_23_djvu.txt	?	-
sim_annalen-der-physik_1925_78_24	https://archive.org/download/sim_annalen-der-physik_1925_78_24/sim_annalen-der-physik_1925_78_24_djvu.txt	?	-
sim_annalen-der-physik_1925_78_contents	https://archive.org/download/sim_annalen-der-physik_1925_78_contents/sim_annalen-der-physik_1925_78_contents_djvu.txt	?	-
sim_annalen-der-physik_1926_79_1	https://archive.org/download/sim_annalen-der-physik_1926_79_1/sim_annalen-der-physik_1926_79_1_djvu.txt	?	-
sim_annalen-der-physik_1926_79_2	https://archive.org/download/sim_annalen-der-physik_1926_79_2/sim_annalen-der-physik_1926_79_2_djvu.txt	?	-
sim_annalen-der-physik_1926_79_3	https://archive.org/download/sim_annalen-der-physik_1926_79_3/sim_annalen-der-physik_1926_79_3_djvu.txt	?	-
sim_annalen-der-physik_1926_79_5	https://archive.org/download/sim_annalen-der-physik_1926_79_5/sim_annalen-der-physik_1926_79_5_djvu.txt	?	-
sim_annalen-der-physik_1926_79_6	https://archive.org/download/sim_annalen-der-physik_1926_79_6/sim_annalen-der-physik_1926_79_6_djvu.txt	?	-
sim_annalen-der-physik_1926_79_7	https://archive.org/download/sim_annalen-der-physik_1926_79_7/sim_annalen-der-physik_1926_79_7_djvu.txt	?	-
sim_annalen-der-physik_1926_79_8	https://archive.org/download/sim_annalen-der-physik_1926_79_8/sim_annalen-der-physik_1926_79_8_djvu.txt	?	-
sim_annalen-der-physik_1926_79_contents	https://archive.org/download/sim_annalen-der-physik_1926_79_contents/sim_annalen-der-physik_1926_79_contents_djvu.txt	?	-
sim_annalen-der-physik_1926_80_10	https://archive.org/download/sim_annalen-der-physik_1926_80_10/sim_annalen-der-physik_1926_80_10_djvu.txt	?	-
sim_annalen-der-physik_1926_80_11	https://archive.org/download/sim_annalen-der-physik_1926_80_11/sim_annalen-der-physik_1926_80_11_djvu.txt	?	-
sim_annalen-der-physik_1926_80_12	https://archive.org/download/sim_annalen-der-physik_1926_80_12/sim_annalen-der-physik_1926_80_12_djvu.txt	?	-
sim_annalen-der-physik_1926_80_13	https://archive.org/download/sim_annalen-der-physik_1926_80_13/sim_annalen-der-physik_1926_80_13_djvu.txt	?	-
sim_annalen-der-physik_1926_80_14	https://archive.org/download/sim_annalen-der-physik_1926_80_14/sim_annalen-der-physik_1926_80_14_djvu.txt	?	-
sim_annalen-der-physik_1926_80_15	https://archive.org/download/sim_annalen-der-physik_1926_80_15/sim_annalen-der-physik_1926_80_15_djvu.txt	?	-
sim_annalen-der-physik_1926_80_16	https://archive.org/download/sim_annalen-der-physik_1926_80_16/sim_annalen-der-physik_1926_80_16_djvu.txt	?	-
sim_annalen-der-physik_1926_80_9	https://archive.org/download/sim_annalen-der-physik_1926_80_9/sim_annalen-der-physik_1926_80_9_djvu.txt	?	-
sim_annalen-der-physik_1926_80_contents	https://archive.org/download/sim_annalen-der-physik_1926_80_contents/sim_annalen-der-physik_1926_80_contents_djvu.txt	?	-
sim_annalen-der-physik_1926_81_17	https://archive.org/download/sim_annalen-der-physik_1926_81_17/sim_annalen-der-physik_1926_81_17_djvu.txt	?	-
sim_annalen-der-physik_1926_81_18	https://archive.org/download/sim_annalen-der-physik_1926_81_18/sim_annalen-der-physik_1926_81_18_djvu.txt	?	-
sim_annalen-der-physik_1926_81_19	https://archive.org/download/sim_annalen-der-physik_1926_81_19/sim_annalen-der-physik_1926_81_19_djvu.txt	?	-
sim_annalen-der-physik_1926_81_20	https://archive.org/download/sim_annalen-der-physik_1926_81_20/sim_annalen-der-physik_1926_81_20_djvu.txt	?	-
sim_annalen-der-physik_1926_81_21	https://archive.org/download/sim_annalen-der-physik_1926_81_21/sim_annalen-der-physik_1926_81_21_djvu.txt	?	-
sim_annalen-der-physik_1926_81_22	https://archive.org/download/sim_annalen-der-physik_1926_81_22/sim_annalen-der-physik_1926_81_22_djvu.txt	?	-
sim_annalen-der-physik_1926_81_23	https://archive.org/download/sim_annalen-der-physik_1926_81_23/sim_annalen-der-physik_1926_81_23_djvu.txt	?	-
sim_annalen-der-physik_1926_81_24	https://archive.org/download/sim_annalen-der-physik_1926_81_24/sim_annalen-der-physik_1926_81_24_djvu.txt	?	-
sim_annalen-der-physik_1926_81_25	https://archive.org/download/sim_annalen-der-physik_1926_81_25/sim_annalen-der-physik_1926_81_25_djvu.txt	?	-
sim_annalen-der-physik_1926_81_contents	https://archive.org/download/sim_annalen-der-physik_1926_81_contents/sim_annalen-der-physik_1926_81_contents_djvu.txt	?	-
sim_annalen-der-physik_1927_82_1	https://archive.org/download/sim_annalen-der-physik_1927_82_1/sim_annalen-der-physik_1927_82_1_djvu.txt	?	-
sim_annalen-der-physik_1927_82_2	https://archive.org/download/sim_annalen-der-physik_1927_82_2/sim_annalen-der-physik_1927_82_2_djvu.txt	?	-
sim_annalen-der-physik_1927_82_3	https://archive.org/download/sim_annalen-der-physik_1927_82_3/sim_annalen-der-physik_1927_82_3_djvu.txt	?	-
sim_annalen-der-physik_1927_82_4	https://archive.org/download/sim_annalen-der-physik_1927_82_4/sim_annalen-der-physik_1927_82_4_djvu.txt	?	-
sim_annalen-der-physik_1927_82_5	https://archive.org/download/sim_annalen-der-physik_1927_82_5/sim_annalen-der-physik_1927_82_5_djvu.txt	?	-
sim_annalen-der-physik_1927_82_6	https://archive.org/download/sim_annalen-der-physik_1927_82_6/sim_annalen-der-physik_1927_82_6_djvu.txt	?	-
sim_annalen-der-physik_1927_82_7	https://archive.org/download/sim_annalen-der-physik_1927_82_7/sim_annalen-der-physik_1927_82_7_djvu.txt	?	-
sim_annalen-der-physik_1927_82_8	https://archive.org/download/sim_annalen-der-physik_1927_82_8/sim_annalen-der-physik_1927_82_8_djvu.txt	?	-
sim_annalen-der-physik_1927_82_contents	https://archive.org/download/sim_annalen-der-physik_1927_82_contents/sim_annalen-der-physik_1927_82_contents_djvu.txt	?	-
sim_annalen-der-physik_1927_83_10	https://archive.org/download/sim_annalen-der-physik_1927_83_10/sim_annalen-der-physik_1927_83_10_djvu.txt	?	-
sim_annalen-der-physik_1927_83_11	https://archive.org/download/sim_annalen-der-physik_1927_83_11/sim_annalen-der-physik_1927_83_11_djvu.txt	?	-
sim_annalen-der-physik_1927_83_12	https://archive.org/download/sim_annalen-der-physik_1927_83_12/sim_annalen-der-physik_1927_83_12_djvu.txt	?	-
sim_annalen-der-physik_1927_83_13	https://archive.org/download/sim_annalen-der-physik_1927_83_13/sim_annalen-der-physik_1927_83_13_djvu.txt	?	-
sim_annalen-der-physik_1927_83_14	https://archive.org/download/sim_annalen-der-physik_1927_83_14/sim_annalen-der-physik_1927_83_14_djvu.txt	?	-
sim_annalen-der-physik_1927_83_15	https://archive.org/download/sim_annalen-der-physik_1927_83_15/sim_annalen-der-physik_1927_83_15_djvu.txt	?	-
sim_annalen-der-physik_1927_83_16	https://archive.org/download/sim_annalen-der-physik_1927_83_16/sim_annalen-der-physik_1927_83_16_djvu.txt	?	-
sim_annalen-der-physik_1927_83_9	https://archive.org/download/sim_annalen-der-physik_1927_83_9/sim_annalen-der-physik_1927_83_9_djvu.txt	?	-
sim_annalen-der-physik_1927_83_contents	https://archive.org/download/sim_annalen-der-physik_1927_83_contents/sim_annalen-der-physik_1927_83_contents_djvu.txt	?	-
sim_annalen-der-physik_1927_84_17	https://archive.org/download/sim_annalen-der-physik_1927_84_17/sim_annalen-der-physik_1927_84_17_djvu.txt	?	-
sim_annalen-der-physik_1927_84_18	https://archive.org/download/sim_annalen-der-physik_1927_84_18/sim_annalen-der-physik_1927_84_18_djvu.txt	?	-
sim_annalen-der-physik_1927_84_19	https://archive.org/download/sim_annalen-der-physik_1927_84_19/sim_annalen-der-physik_1927_84_19_djvu.txt	?	-
sim_annalen-der-physik_1927_84_20	https://archive.org/download/sim_annalen-der-physik_1927_84_20/sim_annalen-der-physik_1927_84_20_djvu.txt	?	-
sim_annalen-der-physik_1927_84_21	https://archive.org/download/sim_annalen-der-physik_1927_84_21/sim_annalen-der-physik_1927_84_21_djvu.txt	?	-
sim_annalen-der-physik_1927_84_22	https://archive.org/download/sim_annalen-der-physik_1927_84_22/sim_annalen-der-physik_1927_84_22_djvu.txt	?	-
sim_annalen-der-physik_1927_84_23	https://archive.org/download/sim_annalen-der-physik_1927_84_23/sim_annalen-der-physik_1927_84_23_djvu.txt	?	-
sim_annalen-der-physik_1927_84_24	https://archive.org/download/sim_annalen-der-physik_1927_84_24/sim_annalen-der-physik_1927_84_24_djvu.txt	?	-
sim_annalen-der-physik_1927_84_contents	https://archive.org/download/sim_annalen-der-physik_1927_84_contents/sim_annalen-der-physik_1927_84_contents_djvu.txt	?	-
sim_annalen-der-physik_1928_85_1	https://archive.org/download/sim_annalen-der-physik_1928_85_1/sim_annalen-der-physik_1928_85_1_djvu.txt	?	-
sim_annalen-der-physik_1928_85_2	https://archive.org/download/sim_annalen-der-physik_1928_85_2/sim_annalen-der-physik_1928_85_2_djvu.txt	?	-
sim_annalen-der-physik_1928_85_3	https://archive.org/download/sim_annalen-der-physik_1928_85_3/sim_annalen-der-physik_1928_85_3_djvu.txt	?	-
sim_annalen-der-physik_1928_85_4	https://archive.org/download/sim_annalen-der-physik_1928_85_4/sim_annalen-der-physik_1928_85_4_djvu.txt	?	-
sim_annalen-der-physik_1928_85_6	https://archive.org/download/sim_annalen-der-physik_1928_85_6/sim_annalen-der-physik_1928_85_6_djvu.txt	?	-
sim_annalen-der-physik_1928_85_7	https://archive.org/download/sim_annalen-der-physik_1928_85_7/sim_annalen-der-physik_1928_85_7_djvu.txt	?	-
sim_annalen-der-physik_1928_85_8	https://archive.org/download/sim_annalen-der-physik_1928_85_8/sim_annalen-der-physik_1928_85_8_djvu.txt	?	-
sim_annalen-der-physik_1928_85_contents	https://archive.org/download/sim_annalen-der-physik_1928_85_contents/sim_annalen-der-physik_1928_85_contents_djvu.txt	?	-
sim_annalen-der-physik_1928_86_10	https://archive.org/download/sim_annalen-der-physik_1928_86_10/sim_annalen-der-physik_1928_86_10_djvu.txt	?	-
sim_annalen-der-physik_1928_86_11	https://archive.org/download/sim_annalen-der-physik_1928_86_11/sim_annalen-der-physik_1928_86_11_djvu.txt	?	-
sim_annalen-der-physik_1928_86_12	https://archive.org/download/sim_annalen-der-physik_1928_86_12/sim_annalen-der-physik_1928_86_12_djvu.txt	?	-
sim_annalen-der-physik_1928_86_13	https://archive.org/download/sim_annalen-der-physik_1928_86_13/sim_annalen-der-physik_1928_86_13_djvu.txt	?	-
sim_annalen-der-physik_1928_86_14	https://archive.org/download/sim_annalen-der-physik_1928_86_14/sim_annalen-der-physik_1928_86_14_djvu.txt	?	-
sim_annalen-der-physik_1928_86_15	https://archive.org/download/sim_annalen-der-physik_1928_86_15/sim_annalen-der-physik_1928_86_15_djvu.txt	?	-
sim_annalen-der-physik_1928_86_16	https://archive.org/download/sim_annalen-der-physik_1928_86_16/sim_annalen-der-physik_1928_86_16_djvu.txt	?	-
sim_annalen-der-physik_1928_86_9	https://archive.org/download/sim_annalen-der-physik_1928_86_9/sim_annalen-der-physik_1928_86_9_djvu.txt	?	-
sim_annalen-der-physik_1928_86_contents	https://archive.org/download/sim_annalen-der-physik_1928_86_contents/sim_annalen-der-physik_1928_86_contents_djvu.txt	?	-
sim_annalen-der-physik_1928_87_17	https://archive.org/download/sim_annalen-der-physik_1928_87_17/sim_annalen-der-physik_1928_87_17_djvu.txt	?	-
sim_annalen-der-physik_1928_87_18	https://archive.org/download/sim_annalen-der-physik_1928_87_18/sim_annalen-der-physik_1928_87_18_djvu.txt	?	-
sim_annalen-der-physik_1928_87_19	https://archive.org/download/sim_annalen-der-physik_1928_87_19/sim_annalen-der-physik_1928_87_19_djvu.txt	?	-
sim_annalen-der-physik_1928_87_20	https://archive.org/download/sim_annalen-der-physik_1928_87_20/sim_annalen-der-physik_1928_87_20_djvu.txt	?	-
sim_annalen-der-physik_1928_87_21	https://archive.org/download/sim_annalen-der-physik_1928_87_21/sim_annalen-der-physik_1928_87_21_djvu.txt	?	-
sim_annalen-der-physik_1928_87_22	https://archive.org/download/sim_annalen-der-physik_1928_87_22/sim_annalen-der-physik_1928_87_22_djvu.txt	?	-
sim_annalen-der-physik_1928_87_23	https://archive.org/download/sim_annalen-der-physik_1928_87_23/sim_annalen-der-physik_1928_87_23_djvu.txt	?	-
sim_annalen-der-physik_1928_87_24	https://archive.org/download/sim_annalen-der-physik_1928_87_24/sim_annalen-der-physik_1928_87_24_djvu.txt	?	-
sim_annalen-der-physik_1929_1_1	https://archive.org/download/sim_annalen-der-physik_1929_1_1/sim_annalen-der-physik_1929_1_1_djvu.txt	?	-
sim_annalen-der-physik_1929_1_2	https://archive.org/download/sim_annalen-der-physik_1929_1_2/sim_annalen-der-physik_1929_1_2_djvu.txt	?	-
sim_annalen-der-physik_1929_1_3	https://archive.org/download/sim_annalen-der-physik_1929_1_3/sim_annalen-der-physik_1929_1_3_djvu.txt	?	-
sim_annalen-der-physik_1929_1_4	https://archive.org/download/sim_annalen-der-physik_1929_1_4/sim_annalen-der-physik_1929_1_4_djvu.txt	?	-
sim_annalen-der-physik_1929_1_5	https://archive.org/download/sim_annalen-der-physik_1929_1_5/sim_annalen-der-physik_1929_1_5_djvu.txt	?	-
sim_annalen-der-physik_1929_1_6	https://archive.org/download/sim_annalen-der-physik_1929_1_6/sim_annalen-der-physik_1929_1_6_djvu.txt	?	-
sim_annalen-der-physik_1929_1_7	https://archive.org/download/sim_annalen-der-physik_1929_1_7/sim_annalen-der-physik_1929_1_7_djvu.txt	?	-
sim_annalen-der-physik_1929_1_8	https://archive.org/download/sim_annalen-der-physik_1929_1_8/sim_annalen-der-physik_1929_1_8_djvu.txt	?	-
sim_annalen-der-physik_1929_1_contents	https://archive.org/download/sim_annalen-der-physik_1929_1_contents/sim_annalen-der-physik_1929_1_contents_djvu.txt	?	-
sim_annalen-der-physik_1929_2_10	https://archive.org/download/sim_annalen-der-physik_1929_2_10/sim_annalen-der-physik_1929_2_10_djvu.txt	?	-
sim_annalen-der-physik_1929_2_11	https://archive.org/download/sim_annalen-der-physik_1929_2_11/sim_annalen-der-physik_1929_2_11_djvu.txt	?	-
sim_annalen-der-physik_1929_2_12	https://archive.org/download/sim_annalen-der-physik_1929_2_12/sim_annalen-der-physik_1929_2_12_djvu.txt	?	-
sim_annalen-der-physik_1929_2_13	https://archive.org/download/sim_annalen-der-physik_1929_2_13/sim_annalen-der-physik_1929_2_13_djvu.txt	?	-
sim_annalen-der-physik_1929_2_14	https://archive.org/download/sim_annalen-der-physik_1929_2_14/sim_annalen-der-physik_1929_2_14_djvu.txt	?	-
sim_annalen-der-physik_1929_2_15	https://archive.org/download/sim_annalen-der-physik_1929_2_15/sim_annalen-der-physik_1929_2_15_djvu.txt	?	-
sim_annalen-der-physik_1929_2_16	https://archive.org/download/sim_annalen-der-physik_1929_2_16/sim_annalen-der-physik_1929_2_16_djvu.txt	?	-
sim_annalen-der-physik_1929_2_9	https://archive.org/download/sim_annalen-der-physik_1929_2_9/sim_annalen-der-physik_1929_2_9_djvu.txt	?	-
sim_annalen-der-physik_1929_2_contents	https://archive.org/download/sim_annalen-der-physik_1929_2_contents/sim_annalen-der-physik_1929_2_contents_djvu.txt	?	-
sim_annalen-der-physik_1929_3_17	https://archive.org/download/sim_annalen-der-physik_1929_3_17/sim_annalen-der-physik_1929_3_17_djvu.txt	?	-
sim_annalen-der-physik_1929_3_18	https://archive.org/download/sim_annalen-der-physik_1929_3_18/sim_annalen-der-physik_1929_3_18_djvu.txt	?	-
sim_annalen-der-physik_1929_3_19	https://archive.org/download/sim_annalen-der-physik_1929_3_19/sim_annalen-der-physik_1929_3_19_djvu.txt	?	-
sim_annalen-der-physik_1929_3_20	https://archive.org/download/sim_annalen-der-physik_1929_3_20/sim_annalen-der-physik_1929_3_20_djvu.txt	?	-
sim_annalen-der-physik_1929_3_21	https://archive.org/download/sim_annalen-der-physik_1929_3_21/sim_annalen-der-physik_1929_3_21_djvu.txt	?	-
sim_annalen-der-physik_1929_3_22	https://archive.org/download/sim_annalen-der-physik_1929_3_22/sim_annalen-der-physik_1929_3_22_djvu.txt	?	-
sim_annalen-der-physik_1929_3_23	https://archive.org/download/sim_annalen-der-physik_1929_3_23/sim_annalen-der-physik_1929_3_23_djvu.txt	?	-
sim_annalen-der-physik_1929_3_24	https://archive.org/download/sim_annalen-der-physik_1929_3_24/sim_annalen-der-physik_1929_3_24_djvu.txt	?	-
sim_annalen-der-physik_1930_4_1	https://archive.org/download/sim_annalen-der-physik_1930_4_1/sim_annalen-der-physik_1930_4_1_djvu.txt	?	-
sim_annalen-der-physik_1930_4_2	https://archive.org/download/sim_annalen-der-physik_1930_4_2/sim_annalen-der-physik_1930_4_2_djvu.txt	?	-
sim_annalen-der-physik_1930_4_3	https://archive.org/download/sim_annalen-der-physik_1930_4_3/sim_annalen-der-physik_1930_4_3_djvu.txt	?	-
sim_annalen-der-physik_1930_4_4	https://archive.org/download/sim_annalen-der-physik_1930_4_4/sim_annalen-der-physik_1930_4_4_djvu.txt	?	-
sim_annalen-der-physik_1930_4_5	https://archive.org/download/sim_annalen-der-physik_1930_4_5/sim_annalen-der-physik_1930_4_5_djvu.txt	?	-
sim_annalen-der-physik_1930_4_6	https://archive.org/download/sim_annalen-der-physik_1930_4_6/sim_annalen-der-physik_1930_4_6_djvu.txt	?	-
sim_annalen-der-physik_1930_4_7	https://archive.org/download/sim_annalen-der-physik_1930_4_7/sim_annalen-der-physik_1930_4_7_djvu.txt	?	-
sim_annalen-der-physik_1930_4_8	https://archive.org/download/sim_annalen-der-physik_1930_4_8/sim_annalen-der-physik_1930_4_8_djvu.txt	?	-
sim_annalen-der-physik_1930_4_contents	https://archive.org/download/sim_annalen-der-physik_1930_4_contents/sim_annalen-der-physik_1930_4_contents_djvu.txt	?	-
sim_annalen-der-physik_1930_5_10	https://archive.org/download/sim_annalen-der-physik_1930_5_10/sim_annalen-der-physik_1930_5_10_djvu.txt	?	-
sim_annalen-der-physik_1930_5_11	https://archive.org/download/sim_annalen-der-physik_1930_5_11/sim_annalen-der-physik_1930_5_11_djvu.txt	?	-
sim_annalen-der-physik_1930_5_12	https://archive.org/download/sim_annalen-der-physik_1930_5_12/sim_annalen-der-physik_1930_5_12_djvu.txt	?	-
sim_annalen-der-physik_1930_5_13	https://archive.org/download/sim_annalen-der-physik_1930_5_13/sim_annalen-der-physik_1930_5_13_djvu.txt	?	-
sim_annalen-der-physik_1930_5_14	https://archive.org/download/sim_annalen-der-physik_1930_5_14/sim_annalen-der-physik_1930_5_14_djvu.txt	?	-
sim_annalen-der-physik_1930_5_15	https://archive.org/download/sim_annalen-der-physik_1930_5_15/sim_annalen-der-physik_1930_5_15_djvu.txt	?	-
sim_annalen-der-physik_1930_5_16	https://archive.org/download/sim_annalen-der-physik_1930_5_16/sim_annalen-der-physik_1930_5_16_djvu.txt	?	-
sim_annalen-der-physik_1930_5_9	https://archive.org/download/sim_annalen-der-physik_1930_5_9/sim_annalen-der-physik_1930_5_9_djvu.txt	?	-
sim_annalen-der-physik_1930_5_contents	https://archive.org/download/sim_annalen-der-physik_1930_5_contents/sim_annalen-der-physik_1930_5_contents_djvu.txt	?	-
sim_annalen-der-physik_1930_6_1	https://archive.org/download/sim_annalen-der-physik_1930_6_1/sim_annalen-der-physik_1930_6_1_djvu.txt	?	-
sim_annalen-der-physik_1930_6_2	https://archive.org/download/sim_annalen-der-physik_1930_6_2/sim_annalen-der-physik_1930_6_2_djvu.txt	?	-
sim_annalen-der-physik_1930_6_3	https://archive.org/download/sim_annalen-der-physik_1930_6_3/sim_annalen-der-physik_1930_6_3_djvu.txt	?	-
sim_annalen-der-physik_1930_6_4	https://archive.org/download/sim_annalen-der-physik_1930_6_4/sim_annalen-der-physik_1930_6_4_djvu.txt	?	-
sim_annalen-der-physik_1930_6_5	https://archive.org/download/sim_annalen-der-physik_1930_6_5/sim_annalen-der-physik_1930_6_5_djvu.txt	?	-
sim_annalen-der-physik_1930_6_6	https://archive.org/download/sim_annalen-der-physik_1930_6_6/sim_annalen-der-physik_1930_6_6_djvu.txt	?	-
sim_annalen-der-physik_1930_6_7	https://archive.org/download/sim_annalen-der-physik_1930_6_7/sim_annalen-der-physik_1930_6_7_djvu.txt	?	-
sim_annalen-der-physik_1930_6_8	https://archive.org/download/sim_annalen-der-physik_1930_6_8/sim_annalen-der-physik_1930_6_8_djvu.txt	?	-
sim_annalen-der-physik_1930_6_index	https://archive.org/download/sim_annalen-der-physik_1930_6_index/sim_annalen-der-physik_1930_6_index_djvu.txt	?	-
sim_annalen-der-physik_1930_7_1	https://archive.org/download/sim_annalen-der-physik_1930_7_1/sim_annalen-der-physik_1930_7_1_djvu.txt	?	-
sim_annalen-der-physik_1930_7_2	https://archive.org/download/sim_annalen-der-physik_1930_7_2/sim_annalen-der-physik_1930_7_2_djvu.txt	?	-
sim_annalen-der-physik_1930_7_3	https://archive.org/download/sim_annalen-der-physik_1930_7_3/sim_annalen-der-physik_1930_7_3_djvu.txt	?	-
sim_annalen-der-physik_1930_7_4	https://archive.org/download/sim_annalen-der-physik_1930_7_4/sim_annalen-der-physik_1930_7_4_djvu.txt	?	-
sim_annalen-der-physik_1930_7_5	https://archive.org/download/sim_annalen-der-physik_1930_7_5/sim_annalen-der-physik_1930_7_5_djvu.txt	?	-
sim_annalen-der-physik_1930_7_6	https://archive.org/download/sim_annalen-der-physik_1930_7_6/sim_annalen-der-physik_1930_7_6_djvu.txt	?	-
sim_annalen-der-physik_1930_7_7	https://archive.org/download/sim_annalen-der-physik_1930_7_7/sim_annalen-der-physik_1930_7_7_djvu.txt	?	-
sim_annalen-der-physik_1930_7_8	https://archive.org/download/sim_annalen-der-physik_1930_7_8/sim_annalen-der-physik_1930_7_8_djvu.txt	?	-
sim_annalen-der-physik_1930_7_index	https://archive.org/download/sim_annalen-der-physik_1930_7_index/sim_annalen-der-physik_1930_7_index_djvu.txt	?	-
sim_annalen-der-physik_1931_10_1	https://archive.org/download/sim_annalen-der-physik_1931_10_1/sim_annalen-der-physik_1931_10_1_djvu.txt	?	-
sim_annalen-der-physik_1931_10_2	https://archive.org/download/sim_annalen-der-physik_1931_10_2/sim_annalen-der-physik_1931_10_2_djvu.txt	?	-
sim_annalen-der-physik_1931_10_3	https://archive.org/download/sim_annalen-der-physik_1931_10_3/sim_annalen-der-physik_1931_10_3_djvu.txt	?	-
sim_annalen-der-physik_1931_10_4	https://archive.org/download/sim_annalen-der-physik_1931_10_4/sim_annalen-der-physik_1931_10_4_djvu.txt	?	-
sim_annalen-der-physik_1931_10_5	https://archive.org/download/sim_annalen-der-physik_1931_10_5/sim_annalen-der-physik_1931_10_5_djvu.txt	?	-
sim_annalen-der-physik_1931_10_6	https://archive.org/download/sim_annalen-der-physik_1931_10_6/sim_annalen-der-physik_1931_10_6_djvu.txt	?	-
sim_annalen-der-physik_1931_10_7	https://archive.org/download/sim_annalen-der-physik_1931_10_7/sim_annalen-der-physik_1931_10_7_djvu.txt	?	-
sim_annalen-der-physik_1931_10_8	https://archive.org/download/sim_annalen-der-physik_1931_10_8/sim_annalen-der-physik_1931_10_8_djvu.txt	?	-
sim_annalen-der-physik_1931_10_index	https://archive.org/download/sim_annalen-der-physik_1931_10_index/sim_annalen-der-physik_1931_10_index_djvu.txt	?	-
sim_annalen-der-physik_1931_11_1	https://archive.org/download/sim_annalen-der-physik_1931_11_1/sim_annalen-der-physik_1931_11_1_djvu.txt	?	-
sim_annalen-der-physik_1931_11_2	https://archive.org/download/sim_annalen-der-physik_1931_11_2/sim_annalen-der-physik_1931_11_2_djvu.txt	?	-
sim_annalen-der-physik_1931_11_3	https://archive.org/download/sim_annalen-der-physik_1931_11_3/sim_annalen-der-physik_1931_11_3_djvu.txt	?	-
sim_annalen-der-physik_1931_11_4	https://archive.org/download/sim_annalen-der-physik_1931_11_4/sim_annalen-der-physik_1931_11_4_djvu.txt	?	-
sim_annalen-der-physik_1931_11_5	https://archive.org/download/sim_annalen-der-physik_1931_11_5/sim_annalen-der-physik_1931_11_5_djvu.txt	?	-
sim_annalen-der-physik_1931_11_6	https://archive.org/download/sim_annalen-der-physik_1931_11_6/sim_annalen-der-physik_1931_11_6_djvu.txt	?	-
sim_annalen-der-physik_1931_11_7	https://archive.org/download/sim_annalen-der-physik_1931_11_7/sim_annalen-der-physik_1931_11_7_djvu.txt	?	-
sim_annalen-der-physik_1931_11_8	https://archive.org/download/sim_annalen-der-physik_1931_11_8/sim_annalen-der-physik_1931_11_8_djvu.txt	?	-
sim_annalen-der-physik_1931_11_index	https://archive.org/download/sim_annalen-der-physik_1931_11_index/sim_annalen-der-physik_1931_11_index_djvu.txt	?	-
sim_annalen-der-physik_1931_8_1	https://archive.org/download/sim_annalen-der-physik_1931_8_1/sim_annalen-der-physik_1931_8_1_djvu.txt	?	-
sim_annalen-der-physik_1931_8_2	https://archive.org/download/sim_annalen-der-physik_1931_8_2/sim_annalen-der-physik_1931_8_2_djvu.txt	?	-
sim_annalen-der-physik_1931_8_3	https://archive.org/download/sim_annalen-der-physik_1931_8_3/sim_annalen-der-physik_1931_8_3_djvu.txt	?	-
sim_annalen-der-physik_1931_8_4	https://archive.org/download/sim_annalen-der-physik_1931_8_4/sim_annalen-der-physik_1931_8_4_djvu.txt	?	-
sim_annalen-der-physik_1931_8_5	https://archive.org/download/sim_annalen-der-physik_1931_8_5/sim_annalen-der-physik_1931_8_5_djvu.txt	?	-
sim_annalen-der-physik_1931_8_6	https://archive.org/download/sim_annalen-der-physik_1931_8_6/sim_annalen-der-physik_1931_8_6_djvu.txt	?	-
sim_annalen-der-physik_1931_8_7	https://archive.org/download/sim_annalen-der-physik_1931_8_7/sim_annalen-der-physik_1931_8_7_djvu.txt	?	-
sim_annalen-der-physik_1931_8_8	https://archive.org/download/sim_annalen-der-physik_1931_8_8/sim_annalen-der-physik_1931_8_8_djvu.txt	?	-
sim_annalen-der-physik_1931_8_index	https://archive.org/download/sim_annalen-der-physik_1931_8_index/sim_annalen-der-physik_1931_8_index_djvu.txt	?	-
sim_annalen-der-physik_1931_9_1	https://archive.org/download/sim_annalen-der-physik_1931_9_1/sim_annalen-der-physik_1931_9_1_djvu.txt	?	-
sim_annalen-der-physik_1931_9_2	https://archive.org/download/sim_annalen-der-physik_1931_9_2/sim_annalen-der-physik_1931_9_2_djvu.txt	?	-
sim_annalen-der-physik_1931_9_3	https://archive.org/download/sim_annalen-der-physik_1931_9_3/sim_annalen-der-physik_1931_9_3_djvu.txt	?	-
sim_annalen-der-physik_1931_9_4	https://archive.org/download/sim_annalen-der-physik_1931_9_4/sim_annalen-der-physik_1931_9_4_djvu.txt	?	-
sim_annalen-der-physik_1931_9_5	https://archive.org/download/sim_annalen-der-physik_1931_9_5/sim_annalen-der-physik_1931_9_5_djvu.txt	?	-
sim_annalen-der-physik_1931_9_6	https://archive.org/download/sim_annalen-der-physik_1931_9_6/sim_annalen-der-physik_1931_9_6_djvu.txt	?	-
sim_annalen-der-physik_1931_9_7	https://archive.org/download/sim_annalen-der-physik_1931_9_7/sim_annalen-der-physik_1931_9_7_djvu.txt	?	-
sim_annalen-der-physik_1931_9_8	https://archive.org/download/sim_annalen-der-physik_1931_9_8/sim_annalen-der-physik_1931_9_8_djvu.txt	?	-
sim_annalen-der-physik_1931_9_index	https://archive.org/download/sim_annalen-der-physik_1931_9_index/sim_annalen-der-physik_1931_9_index_djvu.txt	?	-
sim_annalen-der-physik_1932-01_12_3	https://archive.org/download/sim_annalen-der-physik_1932-01_12_3/sim_annalen-der-physik_1932-01_12_3_djvu.txt	?	-
sim_annalen-der-physik_1932-02_12_4	https://archive.org/download/sim_annalen-der-physik_1932-02_12_4/sim_annalen-der-physik_1932-02_12_4_djvu.txt	?	-
sim_annalen-der-physik_1932-02_12_5	https://archive.org/download/sim_annalen-der-physik_1932-02_12_5/sim_annalen-der-physik_1932-02_12_5_djvu.txt	?	-
sim_annalen-der-physik_1932-02_12_6	https://archive.org/download/sim_annalen-der-physik_1932-02_12_6/sim_annalen-der-physik_1932-02_12_6_djvu.txt	?	-
sim_annalen-der-physik_1932-03_12_7	https://archive.org/download/sim_annalen-der-physik_1932-03_12_7/sim_annalen-der-physik_1932-03_12_7_djvu.txt	?	-
sim_annalen-der-physik_1932-03_12_8	https://archive.org/download/sim_annalen-der-physik_1932-03_12_8/sim_annalen-der-physik_1932-03_12_8_djvu.txt	?	-
sim_annalen-der-physik_1932-04_13_1	https://archive.org/download/sim_annalen-der-physik_1932-04_13_1/sim_annalen-der-physik_1932-04_13_1_djvu.txt	?	-
sim_annalen-der-physik_1932-04_13_2	https://archive.org/download/sim_annalen-der-physik_1932-04_13_2/sim_annalen-der-physik_1932-04_13_2_djvu.txt	?	-
sim_annalen-der-physik_1932-04_13_3	https://archive.org/download/sim_annalen-der-physik_1932-04_13_3/sim_annalen-der-physik_1932-04_13_3_djvu.txt	?	-
sim_annalen-der-physik_1932-05_13_4	https://archive.org/download/sim_annalen-der-physik_1932-05_13_4/sim_annalen-der-physik_1932-05_13_4_djvu.txt	?	-
sim_annalen-der-physik_1932-05_13_5	https://archive.org/download/sim_annalen-der-physik_1932-05_13_5/sim_annalen-der-physik_1932-05_13_5_djvu.txt	?	-
sim_annalen-der-physik_1932-05_13_6	https://archive.org/download/sim_annalen-der-physik_1932-05_13_6/sim_annalen-der-physik_1932-05_13_6_djvu.txt	?	-
sim_annalen-der-physik_1932-06_13_7	https://archive.org/download/sim_annalen-der-physik_1932-06_13_7/sim_annalen-der-physik_1932-06_13_7_djvu.txt	?	-
sim_annalen-der-physik_1932-06_13_8	https://archive.org/download/sim_annalen-der-physik_1932-06_13_8/sim_annalen-der-physik_1932-06_13_8_djvu.txt	?	-
sim_annalen-der-physik_1932-07_14_1	https://archive.org/download/sim_annalen-der-physik_1932-07_14_1/sim_annalen-der-physik_1932-07_14_1_djvu.txt	?	-
sim_annalen-der-physik_1932-07_14_2	https://archive.org/download/sim_annalen-der-physik_1932-07_14_2/sim_annalen-der-physik_1932-07_14_2_djvu.txt	?	-
sim_annalen-der-physik_1932-07_14_3	https://archive.org/download/sim_annalen-der-physik_1932-07_14_3/sim_annalen-der-physik_1932-07_14_3_djvu.txt	?	-
sim_annalen-der-physik_1932-08_14_4	https://archive.org/download/sim_annalen-der-physik_1932-08_14_4/sim_annalen-der-physik_1932-08_14_4_djvu.txt	?	-
sim_annalen-der-physik_1932-08_14_5	https://archive.org/download/sim_annalen-der-physik_1932-08_14_5/sim_annalen-der-physik_1932-08_14_5_djvu.txt	?	-
sim_annalen-der-physik_1932-09_14_6	https://archive.org/download/sim_annalen-der-physik_1932-09_14_6/sim_annalen-der-physik_1932-09_14_6_djvu.txt	?	-
sim_annalen-der-physik_1932-09_14_7	https://archive.org/download/sim_annalen-der-physik_1932-09_14_7/sim_annalen-der-physik_1932-09_14_7_djvu.txt	?	-
sim_annalen-der-physik_1932-10_14_8	https://archive.org/download/sim_annalen-der-physik_1932-10_14_8/sim_annalen-der-physik_1932-10_14_8_djvu.txt	?	-
sim_annalen-der-physik_1932-10_15_1	https://archive.org/download/sim_annalen-der-physik_1932-10_15_1/sim_annalen-der-physik_1932-10_15_1_djvu.txt	?	-
sim_annalen-der-physik_1932-11_15_2	https://archive.org/download/sim_annalen-der-physik_1932-11_15_2/sim_annalen-der-physik_1932-11_15_2_djvu.txt	?	-
sim_annalen-der-physik_1932-11_15_3	https://archive.org/download/sim_annalen-der-physik_1932-11_15_3/sim_annalen-der-physik_1932-11_15_3_djvu.txt	?	-
sim_annalen-der-physik_1932-11_15_4	https://archive.org/download/sim_annalen-der-physik_1932-11_15_4/sim_annalen-der-physik_1932-11_15_4_djvu.txt	?	-
sim_annalen-der-physik_1932-12_15_5	https://archive.org/download/sim_annalen-der-physik_1932-12_15_5/sim_annalen-der-physik_1932-12_15_5_djvu.txt	?	-
sim_annalen-der-physik_1932-12_15_6	https://archive.org/download/sim_annalen-der-physik_1932-12_15_6/sim_annalen-der-physik_1932-12_15_6_djvu.txt	?	-
sim_annalen-der-physik_1932-12_15_7	https://archive.org/download/sim_annalen-der-physik_1932-12_15_7/sim_annalen-der-physik_1932-12_15_7_djvu.txt	?	-
sim_annalen-der-physik_1932-12_15_8	https://archive.org/download/sim_annalen-der-physik_1932-12_15_8/sim_annalen-der-physik_1932-12_15_8_djvu.txt	?	-
sim_annalen-der-physik_1932_12_1	https://archive.org/download/sim_annalen-der-physik_1932_12_1/sim_annalen-der-physik_1932_12_1_djvu.txt	?	-
sim_annalen-der-physik_1932_12_2	https://archive.org/download/sim_annalen-der-physik_1932_12_2/sim_annalen-der-physik_1932_12_2_djvu.txt	?	-
sim_annalen-der-physik_1932_12_index	https://archive.org/download/sim_annalen-der-physik_1932_12_index/sim_annalen-der-physik_1932_12_index_djvu.txt	?	-
sim_annalen-der-physik_1932_13_index	https://archive.org/download/sim_annalen-der-physik_1932_13_index/sim_annalen-der-physik_1932_13_index_djvu.txt	?	-
sim_annalen-der-physik_1932_14_index	https://archive.org/download/sim_annalen-der-physik_1932_14_index/sim_annalen-der-physik_1932_14_index_djvu.txt	?	-
sim_annalen-der-physik_1932_15_index	https://archive.org/download/sim_annalen-der-physik_1932_15_index/sim_annalen-der-physik_1932_15_index_djvu.txt	?	-
sim_annalen-der-physik_1933-01_16_1	https://archive.org/download/sim_annalen-der-physik_1933-01_16_1/sim_annalen-der-physik_1933-01_16_1_djvu.txt	?	-
sim_annalen-der-physik_1933-02_16_2	https://archive.org/download/sim_annalen-der-physik_1933-02_16_2/sim_annalen-der-physik_1933-02_16_2_djvu.txt	?	-
sim_annalen-der-physik_1933-02_16_3	https://archive.org/download/sim_annalen-der-physik_1933-02_16_3/sim_annalen-der-physik_1933-02_16_3_djvu.txt	?	-
sim_annalen-der-physik_1933-02_16_4	https://archive.org/download/sim_annalen-der-physik_1933-02_16_4/sim_annalen-der-physik_1933-02_16_4_djvu.txt	?	-
sim_annalen-der-physik_1933-03_16_5	https://archive.org/download/sim_annalen-der-physik_1933-03_16_5/sim_annalen-der-physik_1933-03_16_5_djvu.txt	?	-
sim_annalen-der-physik_1933-03_16_6	https://archive.org/download/sim_annalen-der-physik_1933-03_16_6/sim_annalen-der-physik_1933-03_16_6_djvu.txt	?	-
sim_annalen-der-physik_1933-04_16_7	https://archive.org/download/sim_annalen-der-physik_1933-04_16_7/sim_annalen-der-physik_1933-04_16_7_djvu.txt	?	-
sim_annalen-der-physik_1933-04_16_8	https://archive.org/download/sim_annalen-der-physik_1933-04_16_8/sim_annalen-der-physik_1933-04_16_8_djvu.txt	?	-
sim_annalen-der-physik_1933-05_17_1	https://archive.org/download/sim_annalen-der-physik_1933-05_17_1/sim_annalen-der-physik_1933-05_17_1_djvu.txt	?	-
sim_annalen-der-physik_1933-05_17_2	https://archive.org/download/sim_annalen-der-physik_1933-05_17_2/sim_annalen-der-physik_1933-05_17_2_djvu.txt	?	-
sim_annalen-der-physik_1933-06_17_3	https://archive.org/download/sim_annalen-der-physik_1933-06_17_3/sim_annalen-der-physik_1933-06_17_3_djvu.txt	?	-
sim_annalen-der-physik_1933-06_17_4	https://archive.org/download/sim_annalen-der-physik_1933-06_17_4/sim_annalen-der-physik_1933-06_17_4_djvu.txt	?	-
sim_annalen-der-physik_1933-07_17_5	https://archive.org/download/sim_annalen-der-physik_1933-07_17_5/sim_annalen-der-physik_1933-07_17_5_djvu.txt	?	-
sim_annalen-der-physik_1933-07_17_6	https://archive.org/download/sim_annalen-der-physik_1933-07_17_6/sim_annalen-der-physik_1933-07_17_6_djvu.txt	?	-
sim_annalen-der-physik_1933-08_17_7	https://archive.org/download/sim_annalen-der-physik_1933-08_17_7/sim_annalen-der-physik_1933-08_17_7_djvu.txt	?	-
sim_annalen-der-physik_1933-08_17_8	https://archive.org/download/sim_annalen-der-physik_1933-08_17_8/sim_annalen-der-physik_1933-08_17_8_djvu.txt	?	-
sim_annalen-der-physik_1933-09_18_1	https://archive.org/download/sim_annalen-der-physik_1933-09_18_1/sim_annalen-der-physik_1933-09_18_1_djvu.txt	?	-
sim_annalen-der-physik_1933-09_18_2	https://archive.org/download/sim_annalen-der-physik_1933-09_18_2/sim_annalen-der-physik_1933-09_18_2_djvu.txt	?	-
sim_annalen-der-physik_1933-10_18_3	https://archive.org/download/sim_annalen-der-physik_1933-10_18_3/sim_annalen-der-physik_1933-10_18_3_djvu.txt	?	-
sim_annalen-der-physik_1933-10_18_4	https://archive.org/download/sim_annalen-der-physik_1933-10_18_4/sim_annalen-der-physik_1933-10_18_4_djvu.txt	?	-
sim_annalen-der-physik_1933-11_18_5	https://archive.org/download/sim_annalen-der-physik_1933-11_18_5/sim_annalen-der-physik_1933-11_18_5_djvu.txt	?	-
sim_annalen-der-physik_1933-11_18_6	https://archive.org/download/sim_annalen-der-physik_1933-11_18_6/sim_annalen-der-physik_1933-11_18_6_djvu.txt	?	-
sim_annalen-der-physik_1933-12_18_7	https://archive.org/download/sim_annalen-der-physik_1933-12_18_7/sim_annalen-der-physik_1933-12_18_7_djvu.txt	?	-
sim_annalen-der-physik_1933-12_18_8	https://archive.org/download/sim_annalen-der-physik_1933-12_18_8/sim_annalen-der-physik_1933-12_18_8_djvu.txt	?	-
sim_annalen-der-physik_1933_16_index	https://archive.org/download/sim_annalen-der-physik_1933_16_index/sim_annalen-der-physik_1933_16_index_djvu.txt	?	-
sim_annalen-der-physik_1933_17_index	https://archive.org/download/sim_annalen-der-physik_1933_17_index/sim_annalen-der-physik_1933_17_index_djvu.txt	?	-
sim_annalen-der-physik_1933_18_index	https://archive.org/download/sim_annalen-der-physik_1933_18_index/sim_annalen-der-physik_1933_18_index_djvu.txt	?	-
sim_annalen-der-physik_1934-01_19_1	https://archive.org/download/sim_annalen-der-physik_1934-01_19_1/sim_annalen-der-physik_1934-01_19_1_djvu.txt	?	-
sim_annalen-der-physik_1934-01_19_2	https://archive.org/download/sim_annalen-der-physik_1934-01_19_2/sim_annalen-der-physik_1934-01_19_2_djvu.txt	?	-
sim_annalen-der-physik_1934-02_19_3	https://archive.org/download/sim_annalen-der-physik_1934-02_19_3/sim_annalen-der-physik_1934-02_19_3_djvu.txt	?	-
sim_annalen-der-physik_1934-02_19_4	https://archive.org/download/sim_annalen-der-physik_1934-02_19_4/sim_annalen-der-physik_1934-02_19_4_djvu.txt	?	-
sim_annalen-der-physik_1934-03_19_5	https://archive.org/download/sim_annalen-der-physik_1934-03_19_5/sim_annalen-der-physik_1934-03_19_5_djvu.txt	?	-
sim_annalen-der-physik_1934-04_19_6	https://archive.org/download/sim_annalen-der-physik_1934-04_19_6/sim_annalen-der-physik_1934-04_19_6_djvu.txt	?	-
sim_annalen-der-physik_1934-04_19_7	https://archive.org/download/sim_annalen-der-physik_1934-04_19_7/sim_annalen-der-physik_1934-04_19_7_djvu.txt	?	-
sim_annalen-der-physik_1934-05_19_8	https://archive.org/download/sim_annalen-der-physik_1934-05_19_8/sim_annalen-der-physik_1934-05_19_8_djvu.txt	?	-
sim_annalen-der-physik_1934-05_20_1	https://archive.org/download/sim_annalen-der-physik_1934-05_20_1/sim_annalen-der-physik_1934-05_20_1_djvu.txt	?	-
sim_annalen-der-physik_1934-06_20_2	https://archive.org/download/sim_annalen-der-physik_1934-06_20_2/sim_annalen-der-physik_1934-06_20_2_djvu.txt	?	-
sim_annalen-der-physik_1934-06_20_3	https://archive.org/download/sim_annalen-der-physik_1934-06_20_3/sim_annalen-der-physik_1934-06_20_3_djvu.txt	?	-
sim_annalen-der-physik_1934-07_20_4	https://archive.org/download/sim_annalen-der-physik_1934-07_20_4/sim_annalen-der-physik_1934-07_20_4_djvu.txt	?	-
sim_annalen-der-physik_1934-08_20_5	https://archive.org/download/sim_annalen-der-physik_1934-08_20_5/sim_annalen-der-physik_1934-08_20_5_djvu.txt	?	-
sim_annalen-der-physik_1934-09_20_6	https://archive.org/download/sim_annalen-der-physik_1934-09_20_6/sim_annalen-der-physik_1934-09_20_6_djvu.txt	?	-
sim_annalen-der-physik_1934-09_20_7	https://archive.org/download/sim_annalen-der-physik_1934-09_20_7/sim_annalen-der-physik_1934-09_20_7_djvu.txt	?	-
sim_annalen-der-physik_1934-09_20_8	https://archive.org/download/sim_annalen-der-physik_1934-09_20_8/sim_annalen-der-physik_1934-09_20_8_djvu.txt	?	-
sim_annalen-der-physik_1934-10_21_1	https://archive.org/download/sim_annalen-der-physik_1934-10_21_1/sim_annalen-der-physik_1934-10_21_1_djvu.txt	?	-
sim_annalen-der-physik_1934-10_21_2	https://archive.org/download/sim_annalen-der-physik_1934-10_21_2/sim_annalen-der-physik_1934-10_21_2_djvu.txt	?	-
sim_annalen-der-physik_1934-11_21_3	https://archive.org/download/sim_annalen-der-physik_1934-11_21_3/sim_annalen-der-physik_1934-11_21_3_djvu.txt	?	-
sim_annalen-der-physik_1934-12_21_4	https://archive.org/download/sim_annalen-der-physik_1934-12_21_4/sim_annalen-der-physik_1934-12_21_4_djvu.txt	?	-
sim_annalen-der-physik_1934-12_21_5	https://archive.org/download/sim_annalen-der-physik_1934-12_21_5/sim_annalen-der-physik_1934-12_21_5_djvu.txt	?	-
sim_annalen-der-physik_1934-1935_21_index	https://archive.org/download/sim_annalen-der-physik_1934-1935_21_index/sim_annalen-der-physik_1934-1935_21_index_djvu.txt	?	-
sim_annalen-der-physik_1934_19_index	https://archive.org/download/sim_annalen-der-physik_1934_19_index/sim_annalen-der-physik_1934_19_index_djvu.txt	?	-
sim_annalen-der-physik_1934_20_index	https://archive.org/download/sim_annalen-der-physik_1934_20_index/sim_annalen-der-physik_1934_20_index_djvu.txt	?	-
sim_annalen-der-physik_1935-01_21_6	https://archive.org/download/sim_annalen-der-physik_1935-01_21_6/sim_annalen-der-physik_1935-01_21_6_djvu.txt	?	-
sim_annalen-der-physik_1935-01_21_7	https://archive.org/download/sim_annalen-der-physik_1935-01_21_7/sim_annalen-der-physik_1935-01_21_7_djvu.txt	?	-
sim_annalen-der-physik_1935-01_21_8	https://archive.org/download/sim_annalen-der-physik_1935-01_21_8/sim_annalen-der-physik_1935-01_21_8_djvu.txt	?	-
sim_annalen-der-physik_1935-02_22_1	https://archive.org/download/sim_annalen-der-physik_1935-02_22_1/sim_annalen-der-physik_1935-02_22_1_djvu.txt	?	-
sim_annalen-der-physik_1935-02_22_2	https://archive.org/download/sim_annalen-der-physik_1935-02_22_2/sim_annalen-der-physik_1935-02_22_2_djvu.txt	?	-
sim_annalen-der-physik_1935-03_22_3	https://archive.org/download/sim_annalen-der-physik_1935-03_22_3/sim_annalen-der-physik_1935-03_22_3_djvu.txt	?	-
sim_annalen-der-physik_1935-03_22_4	https://archive.org/download/sim_annalen-der-physik_1935-03_22_4/sim_annalen-der-physik_1935-03_22_4_djvu.txt	?	-
sim_annalen-der-physik_1935-04_22_5	https://archive.org/download/sim_annalen-der-physik_1935-04_22_5/sim_annalen-der-physik_1935-04_22_5_djvu.txt	?	-
sim_annalen-der-physik_1935-04_22_6	https://archive.org/download/sim_annalen-der-physik_1935-04_22_6/sim_annalen-der-physik_1935-04_22_6_djvu.txt	?	-
sim_annalen-der-physik_1935-05_22_7	https://archive.org/download/sim_annalen-der-physik_1935-05_22_7/sim_annalen-der-physik_1935-05_22_7_djvu.txt	?	-
sim_annalen-der-physik_1935-05_22_8	https://archive.org/download/sim_annalen-der-physik_1935-05_22_8/sim_annalen-der-physik_1935-05_22_8_djvu.txt	?	-
sim_annalen-der-physik_1935-05_23_1	https://archive.org/download/sim_annalen-der-physik_1935-05_23_1/sim_annalen-der-physik_1935-05_23_1_djvu.txt	?	-
sim_annalen-der-physik_1935-06_23_2	https://archive.org/download/sim_annalen-der-physik_1935-06_23_2/sim_annalen-der-physik_1935-06_23_2_djvu.txt	?	-
sim_annalen-der-physik_1935-06_23_3	https://archive.org/download/sim_annalen-der-physik_1935-06_23_3/sim_annalen-der-physik_1935-06_23_3_djvu.txt	?	-
sim_annalen-der-physik_1935-07_23_4	https://archive.org/download/sim_annalen-der-physik_1935-07_23_4/sim_annalen-der-physik_1935-07_23_4_djvu.txt	?	-
sim_annalen-der-physik_1935-08_23_5	https://archive.org/download/sim_annalen-der-physik_1935-08_23_5/sim_annalen-der-physik_1935-08_23_5_djvu.txt	?	-
sim_annalen-der-physik_1935-08_23_6	https://archive.org/download/sim_annalen-der-physik_1935-08_23_6/sim_annalen-der-physik_1935-08_23_6_djvu.txt	?	-
sim_annalen-der-physik_1935-09_23_7	https://archive.org/download/sim_annalen-der-physik_1935-09_23_7/sim_annalen-der-physik_1935-09_23_7_djvu.txt	?	-
sim_annalen-der-physik_1935-09_23_8	https://archive.org/download/sim_annalen-der-physik_1935-09_23_8/sim_annalen-der-physik_1935-09_23_8_djvu.txt	?	-
sim_annalen-der-physik_1935-09_24_1	https://archive.org/download/sim_annalen-der-physik_1935-09_24_1/sim_annalen-der-physik_1935-09_24_1_djvu.txt	?	-
sim_annalen-der-physik_1935-10_24_2	https://archive.org/download/sim_annalen-der-physik_1935-10_24_2/sim_annalen-der-physik_1935-10_24_2_djvu.txt	?	-
sim_annalen-der-physik_1935-10_24_3	https://archive.org/download/sim_annalen-der-physik_1935-10_24_3/sim_annalen-der-physik_1935-10_24_3_djvu.txt	?	-
sim_annalen-der-physik_1935-10_24_4	https://archive.org/download/sim_annalen-der-physik_1935-10_24_4/sim_annalen-der-physik_1935-10_24_4_djvu.txt	?	-
sim_annalen-der-physik_1935-11_24_5	https://archive.org/download/sim_annalen-der-physik_1935-11_24_5/sim_annalen-der-physik_1935-11_24_5_djvu.txt	?	-
sim_annalen-der-physik_1935-11_24_6	https://archive.org/download/sim_annalen-der-physik_1935-11_24_6/sim_annalen-der-physik_1935-11_24_6_djvu.txt	?	-
sim_annalen-der-physik_1935-11_24_7	https://archive.org/download/sim_annalen-der-physik_1935-11_24_7/sim_annalen-der-physik_1935-11_24_7_djvu.txt	?	-
sim_annalen-der-physik_1935-12_24_8	https://archive.org/download/sim_annalen-der-physik_1935-12_24_8/sim_annalen-der-physik_1935-12_24_8_djvu.txt	?	-
sim_annalen-der-physik_1935_22_index	https://archive.org/download/sim_annalen-der-physik_1935_22_index/sim_annalen-der-physik_1935_22_index_djvu.txt	?	-
sim_annalen-der-physik_1935_23_index	https://archive.org/download/sim_annalen-der-physik_1935_23_index/sim_annalen-der-physik_1935_23_index_djvu.txt	?	-
sim_annalen-der-physik_1935_24_index	https://archive.org/download/sim_annalen-der-physik_1935_24_index/sim_annalen-der-physik_1935_24_index_djvu.txt	?	-
sim_annalen-der-physik_1936-01_25_1	https://archive.org/download/sim_annalen-der-physik_1936-01_25_1/sim_annalen-der-physik_1936-01_25_1_djvu.txt	?	-
sim_annalen-der-physik_1936-01_25_2	https://archive.org/download/sim_annalen-der-physik_1936-01_25_2/sim_annalen-der-physik_1936-01_25_2_djvu.txt	?	-
sim_annalen-der-physik_1936-02_25_3	https://archive.org/download/sim_annalen-der-physik_1936-02_25_3/sim_annalen-der-physik_1936-02_25_3_djvu.txt	?	-
sim_annalen-der-physik_1936-02_25_4	https://archive.org/download/sim_annalen-der-physik_1936-02_25_4/sim_annalen-der-physik_1936-02_25_4_djvu.txt	?	-
sim_annalen-der-physik_1936-03_25_5	https://archive.org/download/sim_annalen-der-physik_1936-03_25_5/sim_annalen-der-physik_1936-03_25_5_djvu.txt	?	-
sim_annalen-der-physik_1936-03_25_6	https://archive.org/download/sim_annalen-der-physik_1936-03_25_6/sim_annalen-der-physik_1936-03_25_6_djvu.txt	?	-
sim_annalen-der-physik_1936-04_25_7	https://archive.org/download/sim_annalen-der-physik_1936-04_25_7/sim_annalen-der-physik_1936-04_25_7_djvu.txt	?	-
sim_annalen-der-physik_1936-04_25_8	https://archive.org/download/sim_annalen-der-physik_1936-04_25_8/sim_annalen-der-physik_1936-04_25_8_djvu.txt	?	-
sim_annalen-der-physik_1936-05_26_1	https://archive.org/download/sim_annalen-der-physik_1936-05_26_1/sim_annalen-der-physik_1936-05_26_1_djvu.txt	?	-
sim_annalen-der-physik_1936-05_26_2	https://archive.org/download/sim_annalen-der-physik_1936-05_26_2/sim_annalen-der-physik_1936-05_26_2_djvu.txt	?	-
sim_annalen-der-physik_1936-06_26_3	https://archive.org/download/sim_annalen-der-physik_1936-06_26_3/sim_annalen-der-physik_1936-06_26_3_djvu.txt	?	-
sim_annalen-der-physik_1936-06_26_4	https://archive.org/download/sim_annalen-der-physik_1936-06_26_4/sim_annalen-der-physik_1936-06_26_4_djvu.txt	?	-
sim_annalen-der-physik_1936-07_26_5	https://archive.org/download/sim_annalen-der-physik_1936-07_26_5/sim_annalen-der-physik_1936-07_26_5_djvu.txt	?	-
sim_annalen-der-physik_1936-07_26_6	https://archive.org/download/sim_annalen-der-physik_1936-07_26_6/sim_annalen-der-physik_1936-07_26_6_djvu.txt	?	-
sim_annalen-der-physik_1936-08_26_7	https://archive.org/download/sim_annalen-der-physik_1936-08_26_7/sim_annalen-der-physik_1936-08_26_7_djvu.txt	?	-
sim_annalen-der-physik_1936-08_26_8	https://archive.org/download/sim_annalen-der-physik_1936-08_26_8/sim_annalen-der-physik_1936-08_26_8_djvu.txt	?	-
sim_annalen-der-physik_1936-09_27_1	https://archive.org/download/sim_annalen-der-physik_1936-09_27_1/sim_annalen-der-physik_1936-09_27_1_djvu.txt	?	-
sim_annalen-der-physik_1936-09_27_2	https://archive.org/download/sim_annalen-der-physik_1936-09_27_2/sim_annalen-der-physik_1936-09_27_2_djvu.txt	?	-
sim_annalen-der-physik_1936-10_27_3	https://archive.org/download/sim_annalen-der-physik_1936-10_27_3/sim_annalen-der-physik_1936-10_27_3_djvu.txt	?	-
sim_annalen-der-physik_1936-10_27_4	https://archive.org/download/sim_annalen-der-physik_1936-10_27_4/sim_annalen-der-physik_1936-10_27_4_djvu.txt	?	-
sim_annalen-der-physik_1936-11_27_5	https://archive.org/download/sim_annalen-der-physik_1936-11_27_5/sim_annalen-der-physik_1936-11_27_5_djvu.txt	?	-
sim_annalen-der-physik_1936-11_27_6	https://archive.org/download/sim_annalen-der-physik_1936-11_27_6/sim_annalen-der-physik_1936-11_27_6_djvu.txt	?	-
sim_annalen-der-physik_1936-12_27_7	https://archive.org/download/sim_annalen-der-physik_1936-12_27_7/sim_annalen-der-physik_1936-12_27_7_djvu.txt	?	-
sim_annalen-der-physik_1936-12_27_8	https://archive.org/download/sim_annalen-der-physik_1936-12_27_8/sim_annalen-der-physik_1936-12_27_8_djvu.txt	?	-
sim_annalen-der-physik_1936_25_index	https://archive.org/download/sim_annalen-der-physik_1936_25_index/sim_annalen-der-physik_1936_25_index_djvu.txt	?	-
sim_annalen-der-physik_1936_26_index	https://archive.org/download/sim_annalen-der-physik_1936_26_index/sim_annalen-der-physik_1936_26_index_djvu.txt	?	-
sim_annalen-der-physik_1936_27_index	https://archive.org/download/sim_annalen-der-physik_1936_27_index/sim_annalen-der-physik_1936_27_index_djvu.txt	?	-
sim_annalen-der-physik_1937-01_28_1	https://archive.org/download/sim_annalen-der-physik_1937-01_28_1/sim_annalen-der-physik_1937-01_28_1_djvu.txt	?	-
sim_annalen-der-physik_1937-01_28_2	https://archive.org/download/sim_annalen-der-physik_1937-01_28_2/sim_annalen-der-physik_1937-01_28_2_djvu.txt	?	-
sim_annalen-der-physik_1937-02_28_3	https://archive.org/download/sim_annalen-der-physik_1937-02_28_3/sim_annalen-der-physik_1937-02_28_3_djvu.txt	?	-
sim_annalen-der-physik_1937-02_28_4	https://archive.org/download/sim_annalen-der-physik_1937-02_28_4/sim_annalen-der-physik_1937-02_28_4_djvu.txt	?	-
sim_annalen-der-physik_1937-03_28_5	https://archive.org/download/sim_annalen-der-physik_1937-03_28_5/sim_annalen-der-physik_1937-03_28_5_djvu.txt	?	-
sim_annalen-der-physik_1937-03_28_6	https://archive.org/download/sim_annalen-der-physik_1937-03_28_6/sim_annalen-der-physik_1937-03_28_6_djvu.txt	?	-
sim_annalen-der-physik_1937-04_28_7	https://archive.org/download/sim_annalen-der-physik_1937-04_28_7/sim_annalen-der-physik_1937-04_28_7_djvu.txt	?	-
sim_annalen-der-physik_1937-04_28_8	https://archive.org/download/sim_annalen-der-physik_1937-04_28_8/sim_annalen-der-physik_1937-04_28_8_djvu.txt	?	-
sim_annalen-der-physik_1937-05_29_1	https://archive.org/download/sim_annalen-der-physik_1937-05_29_1/sim_annalen-der-physik_1937-05_29_1_djvu.txt	?	-
sim_annalen-der-physik_1937-05_29_2	https://archive.org/download/sim_annalen-der-physik_1937-05_29_2/sim_annalen-der-physik_1937-05_29_2_djvu.txt	?	-
sim_annalen-der-physik_1937-06_29_3-4	https://archive.org/download/sim_annalen-der-physik_1937-06_29_3-4/sim_annalen-der-physik_1937-06_29_3-4_djvu.txt	?	-
sim_annalen-der-physik_1937-07_29_5	https://archive.org/download/sim_annalen-der-physik_1937-07_29_5/sim_annalen-der-physik_1937-07_29_5_djvu.txt	?	-
sim_annalen-der-physik_1937-07_29_6	https://archive.org/download/sim_annalen-der-physik_1937-07_29_6/sim_annalen-der-physik_1937-07_29_6_djvu.txt	?	-
sim_annalen-der-physik_1937-08_29_7	https://archive.org/download/sim_annalen-der-physik_1937-08_29_7/sim_annalen-der-physik_1937-08_29_7_djvu.txt	?	-
sim_annalen-der-physik_1937-08_29_8	https://archive.org/download/sim_annalen-der-physik_1937-08_29_8/sim_annalen-der-physik_1937-08_29_8_djvu.txt	?	-
sim_annalen-der-physik_1937-09_30_1	https://archive.org/download/sim_annalen-der-physik_1937-09_30_1/sim_annalen-der-physik_1937-09_30_1_djvu.txt	?	-
sim_annalen-der-physik_1937-09_30_2	https://archive.org/download/sim_annalen-der-physik_1937-09_30_2/sim_annalen-der-physik_1937-09_30_2_djvu.txt	?	-
sim_annalen-der-physik_1937-10_30_3	https://archive.org/download/sim_annalen-der-physik_1937-10_30_3/sim_annalen-der-physik_1937-10_30_3_djvu.txt	?	-
sim_annalen-der-physik_1937-10_30_4	https://archive.org/download/sim_annalen-der-physik_1937-10_30_4/sim_annalen-der-physik_1937-10_30_4_djvu.txt	?	-
sim_annalen-der-physik_1937-11_30_5	https://archive.org/download/sim_annalen-der-physik_1937-11_30_5/sim_annalen-der-physik_1937-11_30_5_djvu.txt	?	-
sim_annalen-der-physik_1937-11_30_6	https://archive.org/download/sim_annalen-der-physik_1937-11_30_6/sim_annalen-der-physik_1937-11_30_6_djvu.txt	?	-
sim_annalen-der-physik_1937-12_30_7	https://archive.org/download/sim_annalen-der-physik_1937-12_30_7/sim_annalen-der-physik_1937-12_30_7_djvu.txt	?	-
sim_annalen-der-physik_1937-12_30_8	https://archive.org/download/sim_annalen-der-physik_1937-12_30_8/sim_annalen-der-physik_1937-12_30_8_djvu.txt	?	-
sim_annalen-der-physik_1937_28_index	https://archive.org/download/sim_annalen-der-physik_1937_28_index/sim_annalen-der-physik_1937_28_index_djvu.txt	?	-
sim_annalen-der-physik_1937_29_index	https://archive.org/download/sim_annalen-der-physik_1937_29_index/sim_annalen-der-physik_1937_29_index_djvu.txt	?	-
sim_annalen-der-physik_1937_30_index	https://archive.org/download/sim_annalen-der-physik_1937_30_index/sim_annalen-der-physik_1937_30_index_djvu.txt	?	-
sim_annalen-der-physik_1938-01_31_1	https://archive.org/download/sim_annalen-der-physik_1938-01_31_1/sim_annalen-der-physik_1938-01_31_1_djvu.txt	?	-
sim_annalen-der-physik_1938-01_31_2	https://archive.org/download/sim_annalen-der-physik_1938-01_31_2/sim_annalen-der-physik_1938-01_31_2_djvu.txt	?	-
sim_annalen-der-physik_1938-02_31_3	https://archive.org/download/sim_annalen-der-physik_1938-02_31_3/sim_annalen-der-physik_1938-02_31_3_djvu.txt	?	-
sim_annalen-der-physik_1938-02_31_4	https://archive.org/download/sim_annalen-der-physik_1938-02_31_4/sim_annalen-der-physik_1938-02_31_4_djvu.txt	?	-
sim_annalen-der-physik_1938-03_31_5	https://archive.org/download/sim_annalen-der-physik_1938-03_31_5/sim_annalen-der-physik_1938-03_31_5_djvu.txt	?	-
sim_annalen-der-physik_1938-03_31_6	https://archive.org/download/sim_annalen-der-physik_1938-03_31_6/sim_annalen-der-physik_1938-03_31_6_djvu.txt	?	-
sim_annalen-der-physik_1938-04_31_7	https://archive.org/download/sim_annalen-der-physik_1938-04_31_7/sim_annalen-der-physik_1938-04_31_7_djvu.txt	?	-
sim_annalen-der-physik_1938-04_31_8	https://archive.org/download/sim_annalen-der-physik_1938-04_31_8/sim_annalen-der-physik_1938-04_31_8_djvu.txt	?	-
sim_annalen-der-physik_1938-05_32_1-2	https://archive.org/download/sim_annalen-der-physik_1938-05_32_1-2/sim_annalen-der-physik_1938-05_32_1-2_djvu.txt	?	-
sim_annalen-der-physik_1938-06_32_3	https://archive.org/download/sim_annalen-der-physik_1938-06_32_3/sim_annalen-der-physik_1938-06_32_3_djvu.txt	?	-
sim_annalen-der-physik_1938-06_32_4	https://archive.org/download/sim_annalen-der-physik_1938-06_32_4/sim_annalen-der-physik_1938-06_32_4_djvu.txt	?	-
sim_annalen-der-physik_1938-07_32_5	https://archive.org/download/sim_annalen-der-physik_1938-07_32_5/sim_annalen-der-physik_1938-07_32_5_djvu.txt	?	-
sim_annalen-der-physik_1938-07_32_6	https://archive.org/download/sim_annalen-der-physik_1938-07_32_6/sim_annalen-der-physik_1938-07_32_6_djvu.txt	?	-
sim_annalen-der-physik_1938-08_32_7	https://archive.org/download/sim_annalen-der-physik_1938-08_32_7/sim_annalen-der-physik_1938-08_32_7_djvu.txt	?	-
sim_annalen-der-physik_1938-08_32_8	https://archive.org/download/sim_annalen-der-physik_1938-08_32_8/sim_annalen-der-physik_1938-08_32_8_djvu.txt	?	-
sim_annalen-der-physik_1938-09_33_1	https://archive.org/download/sim_annalen-der-physik_1938-09_33_1/sim_annalen-der-physik_1938-09_33_1_djvu.txt	?	-
sim_annalen-der-physik_1938-09_33_2	https://archive.org/download/sim_annalen-der-physik_1938-09_33_2/sim_annalen-der-physik_1938-09_33_2_djvu.txt	?	-
sim_annalen-der-physik_1938-10_33_3	https://archive.org/download/sim_annalen-der-physik_1938-10_33_3/sim_annalen-der-physik_1938-10_33_3_djvu.txt	?	-
sim_annalen-der-physik_1938-10_33_4	https://archive.org/download/sim_annalen-der-physik_1938-10_33_4/sim_annalen-der-physik_1938-10_33_4_djvu.txt	?	-
sim_annalen-der-physik_1938-11_33_5	https://archive.org/download/sim_annalen-der-physik_1938-11_33_5/sim_annalen-der-physik_1938-11_33_5_djvu.txt	?	-
sim_annalen-der-physik_1938-11_33_6	https://archive.org/download/sim_annalen-der-physik_1938-11_33_6/sim_annalen-der-physik_1938-11_33_6_djvu.txt	?	-
sim_annalen-der-physik_1938-12_33_7	https://archive.org/download/sim_annalen-der-physik_1938-12_33_7/sim_annalen-der-physik_1938-12_33_7_djvu.txt	?	-
sim_annalen-der-physik_1938-12_33_8	https://archive.org/download/sim_annalen-der-physik_1938-12_33_8/sim_annalen-der-physik_1938-12_33_8_djvu.txt	?	-
sim_annalen-der-physik_1938_31_index	https://archive.org/download/sim_annalen-der-physik_1938_31_index/sim_annalen-der-physik_1938_31_index_djvu.txt	?	-
sim_annalen-der-physik_1938_32_index	https://archive.org/download/sim_annalen-der-physik_1938_32_index/sim_annalen-der-physik_1938_32_index_djvu.txt	?	-
sim_annalen-der-physik_1938_33_index	https://archive.org/download/sim_annalen-der-physik_1938_33_index/sim_annalen-der-physik_1938_33_index_djvu.txt	?	-
sim_annalen-der-physik_1939-01_34_1	https://archive.org/download/sim_annalen-der-physik_1939-01_34_1/sim_annalen-der-physik_1939-01_34_1_djvu.txt	?	-
sim_annalen-der-physik_1939-01_34_2	https://archive.org/download/sim_annalen-der-physik_1939-01_34_2/sim_annalen-der-physik_1939-01_34_2_djvu.txt	?	-
sim_annalen-der-physik_1939-02_34_3	https://archive.org/download/sim_annalen-der-physik_1939-02_34_3/sim_annalen-der-physik_1939-02_34_3_djvu.txt	?	-
sim_annalen-der-physik_1939-02_34_4	https://archive.org/download/sim_annalen-der-physik_1939-02_34_4/sim_annalen-der-physik_1939-02_34_4_djvu.txt	?	-
sim_annalen-der-physik_1939-03_34_5	https://archive.org/download/sim_annalen-der-physik_1939-03_34_5/sim_annalen-der-physik_1939-03_34_5_djvu.txt	?	-
sim_annalen-der-physik_1939-03_34_6	https://archive.org/download/sim_annalen-der-physik_1939-03_34_6/sim_annalen-der-physik_1939-03_34_6_djvu.txt	?	-
sim_annalen-der-physik_1939-04_34_7	https://archive.org/download/sim_annalen-der-physik_1939-04_34_7/sim_annalen-der-physik_1939-04_34_7_djvu.txt	?	-
sim_annalen-der-physik_1939-04_34_8	https://archive.org/download/sim_annalen-der-physik_1939-04_34_8/sim_annalen-der-physik_1939-04_34_8_djvu.txt	?	-
sim_annalen-der-physik_1939-05_35_1	https://archive.org/download/sim_annalen-der-physik_1939-05_35_1/sim_annalen-der-physik_1939-05_35_1_djvu.txt	?	-
sim_annalen-der-physik_1939-05_35_2	https://archive.org/download/sim_annalen-der-physik_1939-05_35_2/sim_annalen-der-physik_1939-05_35_2_djvu.txt	?	-
sim_annalen-der-physik_1939-06_35_3	https://archive.org/download/sim_annalen-der-physik_1939-06_35_3/sim_annalen-der-physik_1939-06_35_3_djvu.txt	?	-
sim_annalen-der-physik_1939-06_35_4	https://archive.org/download/sim_annalen-der-physik_1939-06_35_4/sim_annalen-der-physik_1939-06_35_4_djvu.txt	?	-
sim_annalen-der-physik_annalen-der-physik_1917_53	https://archive.org/download/sim_annalen-der-physik_annalen-der-physik_1917_53/sim_annalen-der-physik_annalen-der-physik_1917_53_djvu.txt	?	-
sim_annalen-der-physik_annalen-der-physik_1917_54	https://archive.org/download/sim_annalen-der-physik_annalen-der-physik_1917_54/sim_annalen-der-physik_annalen-der-physik_1917_54_djvu.txt	?	-
sim_annalen-der-physik_annalen-der-physik_1918_55	https://archive.org/download/sim_annalen-der-physik_annalen-der-physik_1918_55/sim_annalen-der-physik_annalen-der-physik_1918_55_djvu.txt	?	-
sim_annalen-der-physik_annalen-der-physik_1918_56	https://archive.org/download/sim_annalen-der-physik_annalen-der-physik_1918_56/sim_annalen-der-physik_annalen-der-physik_1918_56_djvu.txt	?	-
sim_annalen-der-physik_annalen-der-physik_1918_57	https://archive.org/download/sim_annalen-der-physik_annalen-der-physik_1918_57/sim_annalen-der-physik_annalen-der-physik_1918_57_djvu.txt	?	-
sim_annalen-der-physik_annalen-der-physik_1919_58	https://archive.org/download/sim_annalen-der-physik_annalen-der-physik_1919_58/sim_annalen-der-physik_annalen-der-physik_1919_58_djvu.txt	?	-
sim_annalen-der-physik_annalen-der-physik_1919_59	https://archive.org/download/sim_annalen-der-physik_annalen-der-physik_1919_59/sim_annalen-der-physik_annalen-der-physik_1919_59_djvu.txt	?	-
sim_annalen-der-physik_annalen-der-physik_1919_60	https://archive.org/download/sim_annalen-der-physik_annalen-der-physik_1919_60/sim_annalen-der-physik_annalen-der-physik_1919_60_djvu.txt	?	-
sim_annalen-der-physik_annalen-der-physik_1920_61	https://archive.org/download/sim_annalen-der-physik_annalen-der-physik_1920_61/sim_annalen-der-physik_annalen-der-physik_1920_61_djvu.txt	?	-
sim_annalen-der-physik_annalen-der-physik_1920_62	https://archive.org/download/sim_annalen-der-physik_annalen-der-physik_1920_62/sim_annalen-der-physik_annalen-der-physik_1920_62_djvu.txt	?	-
sim_annalen-der-physik_annalen-der-physik_1920_63	https://archive.org/download/sim_annalen-der-physik_annalen-der-physik_1920_63/sim_annalen-der-physik_annalen-der-physik_1920_63_djvu.txt	?	-
sim_annalen-der-physik_annalen-der-physik_1921_64	https://archive.org/download/sim_annalen-der-physik_annalen-der-physik_1921_64/sim_annalen-der-physik_annalen-der-physik_1921_64_djvu.txt	?	-
sim_annalen-der-physik_annalen-der-physik_1921_65	https://archive.org/download/sim_annalen-der-physik_annalen-der-physik_1921_65/sim_annalen-der-physik_annalen-der-physik_1921_65_djvu.txt	?	-
sim_annalen-der-physik_annalen-der-physik_1921_66	https://archive.org/download/sim_annalen-der-physik_annalen-der-physik_1921_66/sim_annalen-der-physik_annalen-der-physik_1921_66_djvu.txt	?	-
sim_annalen-der-physik_annalen-der-physik_1922_67	https://archive.org/download/sim_annalen-der-physik_annalen-der-physik_1922_67/sim_annalen-der-physik_annalen-der-physik_1922_67_djvu.txt	?	-
sim_annalen-der-physik_annalen-der-physik_1922_68	https://archive.org/download/sim_annalen-der-physik_annalen-der-physik_1922_68/sim_annalen-der-physik_annalen-der-physik_1922_68_djvu.txt	?	-
sim_annalen-der-physik_annalen-der-physik_1922_69	https://archive.org/download/sim_annalen-der-physik_annalen-der-physik_1922_69/sim_annalen-der-physik_annalen-der-physik_1922_69_djvu.txt	?	-
sim_annalen-der-physik_annalen-der-physik_1923_70	https://archive.org/download/sim_annalen-der-physik_annalen-der-physik_1923_70/sim_annalen-der-physik_annalen-der-physik_1923_70_djvu.txt	?	-
sim_annalen-der-physik_annalen-der-physik_1923_71	https://archive.org/download/sim_annalen-der-physik_annalen-der-physik_1923_71/sim_annalen-der-physik_annalen-der-physik_1923_71_djvu.txt	?	-
sim_annalen-der-physik_annalen-der-physik_1923_72	https://archive.org/download/sim_annalen-der-physik_annalen-der-physik_1923_72/sim_annalen-der-physik_annalen-der-physik_1923_72_djvu.txt	?	-
sim_annalen-der-physik_annalen-der-physik_1924_73	https://archive.org/download/sim_annalen-der-physik_annalen-der-physik_1924_73/sim_annalen-der-physik_annalen-der-physik_1924_73_djvu.txt	?	-
sim_annalen-der-physik_annalen-der-physik_1924_74	https://archive.org/download/sim_annalen-der-physik_annalen-der-physik_1924_74/sim_annalen-der-physik_annalen-der-physik_1924_74_djvu.txt	?	-
sim_annalen-der-physik_annalen-der-physik_1924_75	https://archive.org/download/sim_annalen-der-physik_annalen-der-physik_1924_75/sim_annalen-der-physik_annalen-der-physik_1924_75_djvu.txt	?	-
sim_annalen-der-physik_annalen-der-physik_1925_76	https://archive.org/download/sim_annalen-der-physik_annalen-der-physik_1925_76/sim_annalen-der-physik_annalen-der-physik_1925_76_djvu.txt	?	-
sim_annalen-der-physik_annalen-der-physik_1925_77	https://archive.org/download/sim_annalen-der-physik_annalen-der-physik_1925_77/sim_annalen-der-physik_annalen-der-physik_1925_77_djvu.txt	?	-
sim_annalen-der-physik_annalen-der-physik_1925_78	https://archive.org/download/sim_annalen-der-physik_annalen-der-physik_1925_78/sim_annalen-der-physik_annalen-der-physik_1925_78_djvu.txt	?	-
sim_annalen-der-physik_annalen-der-physik_1926_31-78	https://archive.org/download/sim_annalen-der-physik_annalen-der-physik_1926_31-78/sim_annalen-der-physik_annalen-der-physik_1926_31-78_djvu.txt	?	-
sim_annalen-der-physik_annalen-der-physik_1926_79	https://archive.org/download/sim_annalen-der-physik_annalen-der-physik_1926_79/sim_annalen-der-physik_annalen-der-physik_1926_79_djvu.txt	?	-
sim_annalen-der-physik_annalen-der-physik_1926_80	https://archive.org/download/sim_annalen-der-physik_annalen-der-physik_1926_80/sim_annalen-der-physik_annalen-der-physik_1926_80_djvu.txt	?	-
sim_annalen-der-physik_annalen-der-physik_1926_81	https://archive.org/download/sim_annalen-der-physik_annalen-der-physik_1926_81/sim_annalen-der-physik_annalen-der-physik_1926_81_djvu.txt	?	-
sim_annalen-der-physik_annalen-der-physik_1927_82	https://archive.org/download/sim_annalen-der-physik_annalen-der-physik_1927_82/sim_annalen-der-physik_annalen-der-physik_1927_82_djvu.txt	?	-
sim_annalen-der-physik_annalen-der-physik_1927_83	https://archive.org/download/sim_annalen-der-physik_annalen-der-physik_1927_83/sim_annalen-der-physik_annalen-der-physik_1927_83_djvu.txt	?	-
sim_annalen-der-physik_annalen-der-physik_1927_84	https://archive.org/download/sim_annalen-der-physik_annalen-der-physik_1927_84/sim_annalen-der-physik_annalen-der-physik_1927_84_djvu.txt	?	-
sim_annalen-der-physik_annalen-der-physik_1928_85	https://archive.org/download/sim_annalen-der-physik_annalen-der-physik_1928_85/sim_annalen-der-physik_annalen-der-physik_1928_85_djvu.txt	?	-
sim_annalen-der-physik_annalen-der-physik_1928_85_0	https://archive.org/download/sim_annalen-der-physik_annalen-der-physik_1928_85_0/sim_annalen-der-physik_annalen-der-physik_1928_85_0_djvu.txt	?	-
sim_annalen-der-physik_annalen-der-physik_1928_87	https://archive.org/download/sim_annalen-der-physik_annalen-der-physik_1928_87/sim_annalen-der-physik_annalen-der-physik_1928_87_djvu.txt	?	-
