key	date	precision	year	volume	title	language
sim_annalen-der-physik_1799_1	1799-01-01	year	1799	1	Annalen der Physik 1799: Vol 1	English
sim_annalen-der-physik_1799_1_contents	1799-01-01	year	1799	1	Annalen der Physik 1799: Vol 1 Table of Contents	English
sim_annalen-der-physik_1799_2	1799-01-01	year	1799	2	Annalen der Physik 1799: Vol 2	English
sim_annalen-der-physik_1799_2_contents	1799-01-01	year	1799	2	Annalen der Physik 1799: Vol 2 Table of Contents	English
sim_annalen-der-physik_1800_3	1800-01-01	year	1800	3	Annalen der Physik 1800: Vol 3	English
sim_annalen-der-physik_1800_3_contents	1800-01-01	year	1800	3	Annalen der Physik 1800: Vol 3 Table of Contents	English
sim_annalen-der-physik_1800_4	1800-01-01	year	1800	4	Annalen der Physik 1800: Vol 4	English
sim_annalen-der-physik_1800_4_contents	1800-01-01	year	1800	4	Annalen der Physik 1800: Vol 4 Table of Contents	English
sim_annalen-der-physik_1800_5	1800-01-01	year	1800	5	Annalen der Physik 1800: Vol 5	English
sim_annalen-der-physik_1800_5_contents	1800-01-01	year	1800	5	Annalen der Physik 1800: Vol 5 Table of Contents	English
sim_annalen-der-physik_1800_6	1800-01-01	year	1800	6	Annalen der Physik 1800: Vol 6	English
sim_annalen-der-physik_1800_6_contents	1800-01-01	year	1800	6	Annalen der Physik 1800: Vol 6 Table of Contents	English
sim_annalen-der-physik_1801_7	1801-01-01	year	1801	7	Annalen der Physik 1801: Vol 7	English
sim_annalen-der-physik_1801_7_contents	1801-01-01	year	1801	7	Annalen der Physik 1801: Vol 7 Table of Contents	English
sim_annalen-der-physik_1801_8	1801-01-01	year	1801	8	Annalen der Physik 1801: Vol 8	English
sim_annalen-der-physik_1801_8_contents	1801-01-01	year	1801	8	Annalen der Physik 1801: Vol 8 Table of Contents	English
sim_annalen-der-physik_1801_9	1801-01-01	year	1801	9	Annalen der Physik 1801: Vol 9	English
sim_annalen-der-physik_1801_9_contents	1801-01-01	year	1801	9	Annalen der Physik 1801: Vol 9 Table of Contents	English
sim_annalen-der-physik_1802_10	1802-01-01	year	1802	10	Annalen der Physik 1802: Vol 10	English
sim_annalen-der-physik_1802_10_contents	1802-01-01	year	1802	10	Annalen der Physik 1802: Vol 10 Table of Contents	English
sim_annalen-der-physik_1802_11	1802-01-01	year	1802	11	Annalen der Physik 1802: Vol 11	English
sim_annalen-der-physik_1802_11_contents	1802-01-01	year	1802	11	Annalen der Physik 1802: Vol 11 Table of Contents	English
sim_annalen-der-physik_1803_12	1803-01-01	year	1803	12	Annalen der Physik 1803: Vol 12	English
sim_annalen-der-physik_1803_12_contents	1803-01-01	year	1803	12	Annalen der Physik 1803: Vol 12 Table of Contents	English
sim_annalen-der-physik_1803_13	1803-01-01	year	1803	13	Annalen der Physik 1803: Vol 13	English
sim_annalen-der-physik_1803_13_contents	1803-01-01	year	1803	13	Annalen der Physik 1803: Vol 13 Table of Contents	English
sim_annalen-der-physik_1803_14	1803-01-01	year	1803	14	Annalen der Physik 1803: Vol 14	English
sim_annalen-der-physik_1803_14_contents	1803-01-01	year	1803	14	Annalen der Physik 1803: Vol 14 Table of Contents	English
sim_annalen-der-physik_1803_15	1803-01-01	year	1803	15	Annalen der Physik 1803: Vol 15	English
sim_annalen-der-physik_1803_15_contents	1803-01-01	year	1803	15	Annalen der Physik 1803: Vol 15 Table of Contents	English
sim_annalen-der-physik_1804_16	1804-01-01	year	1804	16	Annalen der Physik 1804: Vol 16	English
sim_annalen-der-physik_1804_16_contents	1804-01-01	year	1804	16	Annalen der Physik 1804: Vol 16 Table of Contents	English
sim_annalen-der-physik_1804_17	1804-01-01	year	1804	17	Annalen der Physik 1804: Vol 17	English
sim_annalen-der-physik_1804_17_contents	1804-01-01	year	1804	17	Annalen der Physik 1804: Vol 17 Table of Contents	English
sim_annalen-der-physik_1804_18	1804-01-01	year	1804	18	Annalen der Physik 1804: Vol 18	English
sim_annalen-der-physik_1804_18_contents	1804-01-01	year	1804	18	Annalen der Physik 1804: Vol 18 Table of Contents	English
sim_annalen-der-physik_1805_19	1805-01-01	year	1805	19	Annalen der Physik 1805: Vol 19	English
sim_annalen-der-physik_1805_19_contents	1805-01-01	year	1805	19	Annalen der Physik 1805: Vol 19 Table of Contents	English
sim_annalen-der-physik_1805_20	1805-01-01	year	1805	20	Annalen der Physik 1805: Vol 20	English
sim_annalen-der-physik_1805_20_contents	1805-01-01	year	1805	20	Annalen der Physik 1805: Vol 20 Table of Contents	English
sim_annalen-der-physik_1805_21	1805-01-01	year	1805	21	Annalen der Physik 1805: Vol 21	English
sim_annalen-der-physik_1805_21_contents	1805-01-01	year	1805	21	Annalen der Physik 1805: Vol 21 Table of Contents	English
sim_annalen-der-physik_1806_22	1806-01-01	year	1806	22	Annalen der Physik 1806: Vol 22	English
sim_annalen-der-physik_1806_22_contents	1806-01-01	year	1806	22	Annalen der Physik 1806: Vol 22 Table of Contents	English
sim_annalen-der-physik_1806_23	1806-01-01	year	1806	23	Annalen der Physik 1806: Vol 23	English
sim_annalen-der-physik_1806_23_contents	1806-01-01	year	1806	23	Annalen der Physik 1806: Vol 23 Table of Contents	English
sim_annalen-der-physik_1806_24	1806-01-01	year	1806	24	Annalen der Physik 1806: Vol 24	English
sim_annalen-der-physik_1806_24_contents	1806-01-01	year	1806	24	Annalen der Physik 1806: Vol 24 Table of Contents	English
sim_annalen-der-physik_1807_25	1807-01-01	year	1807	25	Annalen der Physik 1807: Vol 25	English
sim_annalen-der-physik_1807_25_contents	1807-01-01	year	1807	25	Annalen der Physik 1807: Vol 25 Table of Contents	English
sim_annalen-der-physik_1807_26	1807-01-01	year	1807	26	Annalen der Physik 1807: Vol 26	English
sim_annalen-der-physik_1807_26_contents	1807-01-01	year	1807	26	Annalen der Physik 1807: Vol 26 Table of Contents	English
sim_annalen-der-physik_1807_27	1807-01-01	year	1807	27	Annalen der Physik 1807: Vol 27	English
sim_annalen-der-physik_1807_27_contents	1807-01-01	year	1807	27	Annalen der Physik 1807: Vol 27 Table of Contents	English
sim_annalen-der-physik_1808_28	1808-01-01	year	1808	28	Annalen der Physik 1808: Vol 28	English
sim_annalen-der-physik_1808_28_contents	1808-01-01	year	1808	28	Annalen der Physik 1808: Vol 28 Table of Contents	English
sim_annalen-der-physik_1808_29	1808-01-01	year	1808	29	Annalen der Physik 1808: Vol 29	English
sim_annalen-der-physik_1808_29_contents	1808-01-01	year	1808	29	Annalen der Physik 1808: Vol 29 Table of Contents	English
sim_annalen-der-physik_1808_30	1808-01-01	year	1808	30	Annalen der Physik 1808: Vol 30	English
sim_annalen-der-physik_1808_30_contents	1808-01-01	year	1808	30	Annalen der Physik 1808: Vol 30 Table of Contents	English
sim_annalen-der-physik_1809_31	1809-01-01	year	1809	31	Annalen der Physik 1809: Vol 31	English
sim_annalen-der-physik_1809_31_contents	1809-01-01	year	1809	31	Annalen der Physik 1809: Vol 31 Table of Contents	English
sim_annalen-der-physik_1809_32	1809-01-01	year	1809	32	Annalen der Physik 1809: Vol 32	English
sim_annalen-der-physik_1809_32_contents	1809-01-01	year	1809	32	Annalen der Physik 1809: Vol 32 Table of Contents	English
sim_annalen-der-physik_1809_33	1809-01-01	year	1809	33	Annalen der Physik 1809: Vol 33	English
sim_annalen-der-physik_1809_33_contents	1809-01-01	year	1809	33	Annalen der Physik 1809: Vol 33 Table of Contents	English
sim_annalen-der-physik_1810_34	1810-01-01	year	1810	34	Annalen der Physik 1810: Vol 34	English
sim_annalen-der-physik_1810_34_contents	1810-01-01	year	1810	34	Annalen der Physik 1810: Vol 34 Table of Contents	English
sim_annalen-der-physik_1810_35	1810-01-01	year	1810	35	Annalen der Physik 1810: Vol 35	English
sim_annalen-der-physik_1810_35_contents	1810-01-01	year	1810	35	Annalen der Physik 1810: Vol 35 Table of Contents	English
sim_annalen-der-physik_1810_36	1810-01-01	year	1810	36	Annalen der Physik 1810: Vol 36	English
sim_annalen-der-physik_1810_36_contents	1810-01-01	year	1810	36	Annalen der Physik 1810: Vol 36 Table of Contents	English
sim_annalen-der-physik_1811_37	1811-01-01	year	1811	37	Annalen der Physik 1811: Vol 37	English
sim_annalen-der-physik_1811_37_contents	1811-01-01	year	1811	37	Annalen der Physik 1811: Vol 37 Table of Contents	English
sim_annalen-der-physik_1811_38	1811-01-01	year	1811	38	Annalen der Physik 1811: Vol 38	English
sim_annalen-der-physik_1811_38_contents	1811-01-01	year	1811	38	Annalen der Physik 1811: Vol 38 Table of Contents	English
sim_annalen-der-physik_1811_39	1811-01-01	year	1811	39	Annalen der Physik 1811: Vol 39	English
sim_annalen-der-physik_1811_39_contents	1811-01-01	year	1811	39	Annalen der Physik 1811: Vol 39 Table of Contents	English
sim_annalen-der-physik_1812_40	1812-01-01	year	1812	40	Annalen der Physik 1812: Vol 40	English
sim_annalen-der-physik_1812_40_contents	1812-01-01	year	1812	40	Annalen der Physik 1812: Vol 40 Table of Contents	English
sim_annalen-der-physik_1812_41	1812-01-01	year	1812	41	Annalen der Physik 1812: Vol 41	English
sim_annalen-der-physik_1812_41_contents	1812-01-01	year	1812	41	Annalen der Physik 1812: Vol 41 Table of Contents	English
sim_annalen-der-physik_1812_42	1812-01-01	year	1812	42	Annalen der Physik 1812: Vol 42	English
sim_annalen-der-physik_1812_42_contents	1812-01-01	year	1812	42	Annalen der Physik 1812: Vol 42 Table of Contents	English
sim_annalen-der-physik_1813_43	1813-01-01	year	1813	43	Annalen der Physik 1813: Vol 43	English
sim_annalen-der-physik_1813_43_contents	1813-01-01	year	1813	43	Annalen der Physik 1813: Vol 43 Table of Contents	English
sim_annalen-der-physik_1813_44	1813-01-01	year	1813	44	Annalen der Physik 1813: Vol 44	English
sim_annalen-der-physik_1813_44_contents	1813-01-01	year	1813	44	Annalen der Physik 1813: Vol 44 Table of Contents	English
sim_annalen-der-physik_1813_45	1813-01-01	year	1813	45	Annalen der Physik 1813: Vol 45	English
sim_annalen-der-physik_1813_45_contents	1813-01-01	year	1813	45	Annalen der Physik 1813: Vol 45 Table of Contents	English
sim_annalen-der-physik_1814_46	1814-01-01	year	1814	46	Annalen der Physik 1814: Vol 46	English
sim_annalen-der-physik_1814_46_contents	1814-01-01	year	1814	46	Annalen der Physik 1814: Vol 46 Table of Contents	English
sim_annalen-der-physik_1814_47	1814-01-01	year	1814	47	Annalen der Physik 1814: Vol 47	English
sim_annalen-der-physik_1814_47_contents	1814-01-01	year	1814	47	Annalen der Physik 1814: Vol 47 Table of Contents	English
sim_annalen-der-physik_1814_48	1814-01-01	year	1814	48	Annalen der Physik 1814: Vol 48	English
sim_annalen-der-physik_1814_48_contents	1814-01-01	year	1814	48	Annalen der Physik 1814: Vol 48 Table of Contents	English
sim_annalen-der-physik_1815_49	1815-01-01	year	1815	49	Annalen der Physik 1815: Vol 49	English
sim_annalen-der-physik_1815_49_contents	1815-01-01	year	1815	49	Annalen der Physik 1815: Vol 49 Table of Contents	English
sim_annalen-der-physik_1815_50	1815-01-01	year	1815	50	Annalen der Physik 1815: Vol 50	English
sim_annalen-der-physik_1815_50_contents	1815-01-01	year	1815	50	Annalen der Physik 1815: Vol 50 Table of Contents	English
sim_annalen-der-physik_1815_51	1815-01-01	year	1815	51	Annalen der Physik 1815: Vol 51	English
sim_annalen-der-physik_1815_51_contents	1815-01-01	year	1815	51	Annalen der Physik 1815: Vol 51 Table of Contents	English
sim_annalen-der-physik_1816_52	1816-01-01	year	1816	52	Annalen der Physik 1816: Vol 52	English
sim_annalen-der-physik_1816_52_contents	1816-01-01	year	1816	52	Annalen der Physik 1816: Vol 52 Table of Contents	English
sim_annalen-der-physik_1816_53	1816-01-01	year	1816	53	Annalen der Physik 1816: Vol 53	English
sim_annalen-der-physik_1816_53_contents	1816-01-01	year	1816	53	Annalen der Physik 1816: Vol 53 Table of Contents	English
sim_annalen-der-physik_1816_54	1816-01-01	year	1816	54	Annalen der Physik 1816: Vol 54	English
sim_annalen-der-physik_1816_54_contents	1816-01-01	year	1816	54	Annalen der Physik 1816: Vol 54 Table of Contents	English
sim_annalen-der-physik_1817_55	1817-01-01	year	1817	55	Annalen der Physik 1817: Vol 55	English
sim_annalen-der-physik_1817_55_contents	1817-01-01	year	1817	55	Annalen der Physik 1817: Vol 55 Table of Contents	English
sim_annalen-der-physik_1817_56	1817-01-01	year	1817	56	Annalen der Physik 1817: Vol 56	English
sim_annalen-der-physik_1817_56_contents	1817-01-01	year	1817	56	Annalen der Physik 1817: Vol 56 Table of Contents	English
sim_annalen-der-physik_1817_57	1817-01-01	year	1817	57	Annalen der Physik 1817: Vol 57	English
sim_annalen-der-physik_1817_57_contents	1817-01-01	year	1817	57	Annalen der Physik 1817: Vol 57 Table of Contents	English
sim_annalen-der-physik_1818_58	1818-01-01	year	1818	58	Annalen der Physik 1818: Vol 58	English
sim_annalen-der-physik_1818_58_contents	1818-01-01	year	1818	58	Annalen der Physik 1818: Vol 58 Table of Contents	English
sim_annalen-der-physik_1818_59	1818-01-01	year	1818	59	Annalen der Physik 1818: Vol 59	English
sim_annalen-der-physik_1818_59_contents	1818-01-01	year	1818	59	Annalen der Physik 1818: Vol 59 Table of Contents	English
sim_annalen-der-physik_1818_60	1818-01-01	year	1818	60	Annalen der Physik 1818: Vol 60	English
sim_annalen-der-physik_1818_60_contents	1818-01-01	year	1818	60	Annalen der Physik 1818: Vol 60 Table of Contents	English
sim_annalen-der-physik_1819_61	1819-01-01	year	1819	61	Annalen der Physik 1819: Vol 61	English
sim_annalen-der-physik_1819_61_contents	1819-01-01	year	1819	61	Annalen der Physik 1819: Vol 61 Table of Contents	English
sim_annalen-der-physik_1819_62	1819-01-01	year	1819	62	Annalen der Physik 1819: Vol 62	English
sim_annalen-der-physik_1819_62_contents	1819-01-01	year	1819	62	Annalen der Physik 1819: Vol 62 Table of Contents	English
sim_annalen-der-physik_1819_63	1819-01-01	year	1819	63	Annalen der Physik 1819: Vol 63	English
sim_annalen-der-physik_1819_63_contents	1819-01-01	year	1819	63	Annalen der Physik 1819: Vol 63 Table of Contents	English
sim_annalen-der-physik_1820_64	1820-01-01	year	1820	64	Annalen der Physik 1820: Vol 64	English
sim_annalen-der-physik_1820_64_contents	1820-01-01	year	1820	64	Annalen der Physik 1820: Vol 64 Table of Contents	English
sim_annalen-der-physik_1820_65	1820-01-01	year	1820	65	Annalen der Physik 1820: Vol 65	English
sim_annalen-der-physik_1820_65_contents	1820-01-01	year	1820	65	Annalen der Physik 1820: Vol 65 Table of Contents	English
sim_annalen-der-physik_1820_66	1820-01-01	year	1820	66	Annalen der Physik 1820: Vol 66	English
sim_annalen-der-physik_1820_66_contents	1820-01-01	year	1820	66	Annalen der Physik 1820: Vol 66 Table of Contents	English
sim_annalen-der-physik_1821_67	1821-01-01	year	1821	67	Annalen der Physik 1821: Vol 67	English
sim_annalen-der-physik_1821_67_contents	1821-01-01	year	1821	67	Annalen der Physik 1821: Vol 67 Table of Contents	English
sim_annalen-der-physik_1821_68	1821-01-01	year	1821	68	Annalen der Physik 1821: Vol 68	English
sim_annalen-der-physik_1821_68_contents	1821-01-01	year	1821	68	Annalen der Physik 1821: Vol 68 Table of Contents	English
sim_annalen-der-physik_1821_69	1821-01-01	year	1821	69	Annalen der Physik 1821: Vol 69	English
sim_annalen-der-physik_1821_69_contents	1821-01-01	year	1821	69	Annalen der Physik 1821: Vol 69 Table of Contents	English
sim_annalen-der-physik_1822_70	1822-01-01	year	1822	70	Annalen der Physik 1822: Vol 70	English
sim_annalen-der-physik_1822_70_contents	1822-01-01	year	1822	70	Annalen der Physik 1822: Vol 70 Table of Contents	English
sim_annalen-der-physik_1822_71	1822-01-01	year	1822	71	Annalen der Physik 1822: Vol 71	English
sim_annalen-der-physik_1822_71_contents	1822-01-01	year	1822	71	Annalen der Physik 1822: Vol 71 Table of Contents	English
sim_annalen-der-physik_1822_72	1822-01-01	year	1822	72	Annalen der Physik 1822: Vol 72	English
sim_annalen-der-physik_1822_72_contents	1822-01-01	year	1822	72	Annalen der Physik 1822: Vol 72 Table of Contents	English
sim_annalen-der-physik_1823_73	1823-01-01	year	1823	73	Annalen der Physik 1823: Vol 73	English
sim_annalen-der-physik_1823_73_contents	1823-01-01	year	1823	73	Annalen der Physik 1823: Vol 73 Table of Contents	English
sim_annalen-der-physik_1823_74	1823-01-01	year	1823	74	Annalen der Physik 1823: Vol 74	English
sim_annalen-der-physik_1823_74_contents	1823-01-01	year	1823	74	Annalen der Physik 1823: Vol 74 Table of Contents	English
sim_annalen-der-physik_1823_75	1823-01-01	year	1823	75	Annalen der Physik 1823: Vol 75	English
sim_annalen-der-physik_1823_75_contents	1823-01-01	year	1823	75	Annalen der Physik 1823: Vol 75 Table of Contents	English
sim_annalen-der-physik_1824_1	1824-01-01	year	1824	1	Annalen der Physik 1824: Vol 1	English
sim_annalen-der-physik_1824_1_contents	1824-01-01	year	1824	1	Annalen der Physik 1824: Vol 1 Table of Contents	English
sim_annalen-der-physik_1824_2	1824-01-01	year	1824	2	Annalen der Physik 1824: Vol 2	English
sim_annalen-der-physik_1824_2_contents	1824-01-01	year	1824	2	Annalen der Physik 1824: Vol 2 Table of Contents	English
sim_annalen-der-physik_1824_76	1824-01-01	year	1824	76	Annalen der Physik 1824: Vol 76	English
sim_annalen-der-physik_1824_76_contents	1824-01-01	year	1824	76	Annalen der Physik 1824: Vol 76 Table of Contents	English
sim_annalen-der-physik_1825_3	1825-01-01	year	1825	3	Annalen der Physik 1825: Vol 3	English
sim_annalen-der-physik_1825_3_contents	1825-01-01	year	1825	3	Annalen der Physik 1825: Vol 3 Table of Contents	English
sim_annalen-der-physik_1825_4	1825-01-01	year	1825	4	Annalen der Physik 1825: Vol 4	English
sim_annalen-der-physik_1825_4_contents	1825-01-01	year	1825	4	Annalen der Physik 1825: Vol 4 Table of Contents	English
sim_annalen-der-physik_1825_5	1825-01-01	year	1825	5	Annalen der Physik 1825: Vol 5	English
sim_annalen-der-physik_1825_5_contents	1825-01-01	year	1825	5	Annalen der Physik 1825: Vol 5 Table of Contents	English
sim_annalen-der-physik_1826_6	1826-01-01	year	1826	6	Annalen der Physik und Chemie 1826: Vol 6	English
sim_annalen-der-physik_1826_6_index	1826-01-01	year	1826	6	Annalen der Physik und Chemie 1826: Vol 6 Index	English
sim_annalen-der-physik_1826_7	1826-01-01	year	1826	7	Annalen der Physik und Chemie 1826: Vol 7	English
sim_annalen-der-physik_1826_7_index	1826-01-01	year	1826	7	Annalen der Physik und Chemie 1826: Vol 7 Index	English
sim_annalen-der-physik_1826_8	1826-01-01	year	1826	8	Annalen der Physik und Chemie 1826: Vol 8	English
sim_annalen-der-physik_1826_8_index	1826-01-01	year	1826	8	Annalen der Physik und Chemie 1826: Vol 8 Index	English
sim_annalen-der-physik_1827_10	1827-01-01	year	1827	10	Annalen der Physik und Chemie 1827: Vol 10	English
sim_annalen-der-physik_1827_10_index	1827-01-01	year	1827	10	Annalen der Physik und Chemie 1827: Vol 10 Index	English
sim_annalen-der-physik_1827_11	1827-01-01	year	1827	11	Annalen der Physik und Chemie 1827: Vol 11	English
sim_annalen-der-physik_1827_11_index	1827-01-01	year	1827	11	Annalen der Physik und Chemie 1827: Vol 11 Index	English
sim_annalen-der-physik_1827_9	1827-01-01	year	1827	9	Annalen der Physik und Chemie 1827: Vol 9	English
sim_annalen-der-physik_1827_9_index	1827-01-01	year	1827	9	Annalen der Physik und Chemie 1827: Vol 9 Index	English
sim_annalen-der-physik_1828_12	1828-01-01	year	1828	12	Annalen der Physik und Chemie 1828: Vol 12	English
sim_annalen-der-physik_1828_12_index	1828-01-01	year	1828	12	Annalen der Physik und Chemie 1828: Vol 12 Index	English
sim_annalen-der-physik_1828_13	1828-01-01	year	1828	13	Annalen der Physik und Chemie 1828: Vol 13	English
sim_annalen-der-physik_1828_13_index	1828-01-01	year	1828	13	Annalen der Physik und Chemie 1828: Vol 13 Index	English
sim_annalen-der-physik_1828_14	1828-01-01	year	1828	14	Annalen der Physik und Chemie 1828: Vol 14	English
sim_annalen-der-physik_1828_14_index	1828-01-01	year	1828	14	Annalen der Physik und Chemie 1828: Vol 14 Index	English
sim_annalen-der-physik_1829_15	1829-01-01	year	1829	15	Annalen der Physik und Chemie 1829: Vol 15	English
sim_annalen-der-physik_1829_15_index	1829-01-01	year	1829	15	Annalen der Physik und Chemie 1829: Vol 15 Index	English
sim_annalen-der-physik_1829_16	1829-01-01	year	1829	16	Annalen der Physik und Chemie 1829: Vol 16	English
sim_annalen-der-physik_1829_16_index	1829-01-01	year	1829	16	Annalen der Physik und Chemie 1829: Vol 16 Index	English
sim_annalen-der-physik_1829_17	1829-01-01	year	1829	17	Annalen der Physik und Chemie 1829: Vol 17	English
sim_annalen-der-physik_1829_17_index	1829-01-01	year	1829	17	Annalen der Physik und Chemie 1829: Vol 17 Index	English
sim_annalen-der-physik_1830_18	1830-01-01	year	1830	18	Annalen der Physik und Chemie 1830: Vol 18	English
sim_annalen-der-physik_1830_18_index	1830-01-01	year	1830	18	Annalen der Physik und Chemie 1830: Vol 18 Index	English
sim_annalen-der-physik_1830_19	1830-01-01	year	1830	19	Annalen der Physik und Chemie 1830: Vol 19	English
sim_annalen-der-physik_1830_19_index	1830-01-01	year	1830	19	Annalen der Physik und Chemie 1830: Vol 19 Index	English
sim_annalen-der-physik_1830_20	1830-01-01	year	1830	20	Annalen der Physik und Chemie 1830: Vol 20	English
sim_annalen-der-physik_1830_20_index	1830-01-01	year	1830	20	Annalen der Physik und Chemie 1830: Vol 20 Index	English
sim_annalen-der-physik_1831_21	1831-01-01	year	1831	21	Annalen der Physik und Chemie 1831: Vol 21	English
sim_annalen-der-physik_1831_21_index	1831-01-01	year	1831	21	Annalen der Physik und Chemie 1831: Vol 21 Index	English
sim_annalen-der-physik_1831_22	1831-01-01	year	1831	22	Annalen der Physik und Chemie 1831: Vol 22	English
sim_annalen-der-physik_1831_22_index	1831-01-01	year	1831	22	Annalen der Physik und Chemie 1831: Vol 22 Index	English
sim_annalen-der-physik_1831_23	1831-01-01	year	1831	23	Annalen der Physik und Chemie 1831: Vol 23	English
sim_annalen-der-physik_1831_23_index	1831-01-01	year	1831	23	Annalen der Physik und Chemie 1831: Vol 23 Index	English
sim_annalen-der-physik_1832_24	1832-01-01	year	1832	24	Annalen der Physik und Chemie 1832: Vol 24	English
sim_annalen-der-physik_1832_24_index	1832-01-01	year	1832	24	Annalen der Physik und Chemie 1832: Vol 24 Index	English
sim_annalen-der-physik_1832_25	1832-01-01	year	1832	25	Annalen der Physik und Chemie 1832: Vol 25	English
sim_annalen-der-physik_1832_25_index	1832-01-01	year	1832	25	Annalen der Physik und Chemie 1832: Vol 25 Index	English
sim_annalen-der-physik_1832_26	1832-01-01	year	1832	26	Annalen der Physik und Chemie 1832: Vol 26	English
sim_annalen-der-physik_1832_26_index	1832-01-01	year	1832	26	Annalen der Physik und Chemie 1832: Vol 26 Index	English
sim_annalen-der-physik_1833_27	1833-01-01	year	1833	27	Annalen der Physik und Chemie 1833: Vol 27	English
sim_annalen-der-physik_1833_27_index	1833-01-01	year	1833	27	Annalen der Physik und Chemie 1833: Vol 27 Index	English
sim_annalen-der-physik_1833_28	1833-01-01	year	1833	28	Annalen der Physik und Chemie 1833: Vol 28	English
sim_annalen-der-physik_1833_28_index	1833-01-01	year	1833	28	Annalen der Physik und Chemie 1833: Vol 28 Index	English
sim_annalen-der-physik_1833_29	1833-01-01	year	1833	29	Annalen der Physik und Chemie 1833: Vol 29	English
sim_annalen-der-physik_1833_29_index	1833-01-01	year	1833	29	Annalen der Physik und Chemie 1833: Vol 29 Index	English
sim_annalen-der-physik_1833_30	1833-01-01	year	1833	30	Annalen der Physik und Chemie 1833: Vol 30	English
sim_annalen-der-physik_1833_30_index	1833-01-01	year	1833	30	Annalen der Physik und Chemie 1833: Vol 30 Index	English
sim_annalen-der-physik_1834_31_1	1834-01-01	year	1834	31	Annalen der Physik und Chemie 1834: Vol 31 Iss 1	English
sim_annalen-der-physik_1834_31_10	1834-01-01	year	1834	31	Annalen der Physik und Chemie 1834: Vol 31 Iss 10	English
sim_annalen-der-physik_1834_31_11	1834-01-01	year	1834	31	Annalen der Physik und Chemie 1834: Vol 31 Iss 11	English
sim_annalen-der-physik_1834_31_12	1834-01-01	year	1834	31	Annalen der Physik und Chemie 1834: Vol 31 Iss 12	English
sim_annalen-der-physik_1834_31_13	1834-01-01	year	1834	31	Annalen der Physik und Chemie 1834: Vol 31 Iss 13	English
sim_annalen-der-physik_1834_31_14	1834-01-01	year	1834	31	Annalen der Physik und Chemie 1834: Vol 31 Iss 14	English
sim_annalen-der-physik_1834_31_15	1834-01-01	year	1834	31	Annalen der Physik und Chemie 1834: Vol 31 Iss 15	English
sim_annalen-der-physik_1834_31_16	1834-01-01	year	1834	31	Annalen der Physik und Chemie 1834: Vol 31 Iss 16	English
sim_annalen-der-physik_1834_31_17	1834-01-01	year	1834	31	Annalen der Physik und Chemie 1834: Vol 31 Iss 17	English
sim_annalen-der-physik_1834_31_18	1834-01-01	year	1834	31	Annalen der Physik und Chemie 1834: Vol 31 Iss 18	English
sim_annalen-der-physik_1834_31_19	1834-01-01	year	1834	31	Annalen der Physik und Chemie 1834: Vol 31 Iss 19	English
sim_annalen-der-physik_1834_31_2	1834-01-01	year	1834	31	Annalen der Physik und Chemie 1834: Vol 31 Iss 2	English
sim_annalen-der-physik_1834_31_20	1834-01-01	year	1834	31	Annalen der Physik und Chemie 1834: Vol 31 Iss 20	English
sim_annalen-der-physik_1834_31_21	1834-01-01	year	1834	31	Annalen der Physik und Chemie 1834: Vol 31 Iss 21	English
sim_annalen-der-physik_1834_31_22	1834-01-01	year	1834	31	Annalen der Physik und Chemie 1834: Vol 31 Iss 22	English
sim_annalen-der-physik_1834_31_23	1834-01-01	year	1834	31	Annalen der Physik und Chemie 1834: Vol 31 Iss 23	English
sim_annalen-der-physik_1834_31_24	1834-01-01	year	1834	31	Annalen der Physik und Chemie 1834: Vol 31 Iss 24	English
sim_annalen-der-physik_1834_31_25	1834-01-01	year	1834	31	Annalen der Physik und Chemie 1834: Vol 31 Iss 25	English
sim_annalen-der-physik_1834_31_26	1834-01-01	year	1834	31	Annalen der Physik und Chemie 1834: Vol 31 Iss 26	English
sim_annalen-der-physik_1834_31_27	1834-01-01	year	1834	31	Annalen der Physik und Chemie 1834: Vol 31 Iss 27	English
sim_annalen-der-physik_1834_31_28	1834-01-01	year	1834	31	Annalen der Physik und Chemie 1834: Vol 31 Iss 28	English
sim_annalen-der-physik_1834_31_29	1834-01-01	year	1834	31	Annalen der Physik und Chemie 1834: Vol 31 Iss 29	English
sim_annalen-der-physik_1834_31_3	1834-01-01	year	1834	31	Annalen der Physik und Chemie 1834: Vol 31 Iss 3	English
sim_annalen-der-physik_1834_31_30	1834-01-01	year	1834	31	Annalen der Physik und Chemie 1834: Vol 31 Iss 30	English
sim_annalen-der-physik_1834_31_31	1834-01-01	year	1834	31	Annalen der Physik und Chemie 1834: Vol 31 Iss 31	English
sim_annalen-der-physik_1834_31_32	1834-01-01	year	1834	31	Annalen der Physik und Chemie 1834: Vol 31 Iss 32	English
sim_annalen-der-physik_1834_31_33	1834-01-01	year	1834	31	Annalen der Physik und Chemie 1834: Vol 31 Iss 33	English
sim_annalen-der-physik_1834_31_34	1834-01-01	year	1834	31	Annalen der Physik und Chemie 1834: Vol 31 Iss 34	English
sim_annalen-der-physik_1834_31_35	1834-01-01	year	1834	31	Annalen der Physik und Chemie 1834: Vol 31 Iss 35	English
sim_annalen-der-physik_1834_31_36	1834-01-01	year	1834	31	Annalen der Physik und Chemie 1834: Vol 31 Iss 36	English
sim_annalen-der-physik_1834_31_37	1834-01-01	year	1834	31	Annalen der Physik und Chemie 1834: Vol 31 Iss 37	English
sim_annalen-der-physik_1834_31_38	1834-01-01	year	1834	31	Annalen der Physik und Chemie 1834: Vol 31 Iss 38	English
sim_annalen-der-physik_1834_31_39	1834-01-01	year	1834	31	Annalen der Physik und Chemie 1834: Vol 31 Iss 39	English
sim_annalen-der-physik_1834_31_4	1834-01-01	year	1834	31	Annalen der Physik und Chemie 1834: Vol 31 Iss 4	English
sim_annalen-der-physik_1834_31_40	1834-01-01	year	1834	31	Annalen der Physik und Chemie 1834: Vol 31 Iss 40	English
sim_annalen-der-physik_1834_31_41	1834-01-01	year	1834	31	Annalen der Physik und Chemie 1834: Vol 31 Iss 41	English
sim_annalen-der-physik_1834_31_42	1834-01-01	year	1834	31	Annalen der Physik und Chemie 1834: Vol 31 Iss 42	English
sim_annalen-der-physik_1834_31_5	1834-01-01	year	1834	31	Annalen der Physik und Chemie 1834: Vol 31 Iss 5	English
sim_annalen-der-physik_1834_31_6	1834-01-01	year	1834	31	Annalen der Physik und Chemie 1834: Vol 31 Iss 6	English
sim_annalen-der-physik_1834_31_7	1834-01-01	year	1834	31	Annalen der Physik und Chemie 1834: Vol 31 Iss 7	English
sim_annalen-der-physik_1834_31_8	1834-01-01	year	1834	31	Annalen der Physik und Chemie 1834: Vol 31 Iss 8	English
sim_annalen-der-physik_1834_31_9	1834-01-01	year	1834	31	Annalen der Physik und Chemie 1834: Vol 31 Iss 9	English
sim_annalen-der-physik_1834_31_index	1834-01-01	year	1834	31	Annalen der Physik und Chemie 1834: Vol 31 Index	English
sim_annalen-der-physik_1834_32_1	1834-01-01	year	1834	32	Annalen der Physik und Chemie 1834: Vol 32 Iss 1	English
sim_annalen-der-physik_1834_32_10	1834-01-01	year	1834	32	Annalen der Physik und Chemie 1834: Vol 32 Iss 10	English
sim_annalen-der-physik_1834_32_11	1834-01-01	year	1834	32	Annalen der Physik und Chemie 1834: Vol 32 Iss 11	English
sim_annalen-der-physik_1834_32_12	1834-01-01	year	1834	32	Annalen der Physik und Chemie 1834: Vol 32 Iss 12	English
sim_annalen-der-physik_1834_32_13	1834-01-01	year	1834	32	Annalen der Physik und Chemie 1834: Vol 32 Iss 13	English
sim_annalen-der-physik_1834_32_14	1834-01-01	year	1834	32	Annalen der Physik und Chemie 1834: Vol 32 Iss 14	English
sim_annalen-der-physik_1834_32_15	1834-01-01	year	1834	32	Annalen der Physik und Chemie 1834: Vol 32 Iss 15	English
sim_annalen-der-physik_1834_32_16	1834-01-01	year	1834	32	Annalen der Physik und Chemie 1834: Vol 32 Iss 16	English
sim_annalen-der-physik_1834_32_17	1834-01-01	year	1834	32	Annalen der Physik und Chemie 1834: Vol 32 Iss 17	English
sim_annalen-der-physik_1834_32_18	1834-01-01	year	1834	32	Annalen der Physik und Chemie 1834: Vol 32 Iss 18	English
sim_annalen-der-physik_1834_32_19	1834-01-01	year	1834	32	Annalen der Physik und Chemie 1834: Vol 32 Iss 19	English
sim_annalen-der-physik_1834_32_2	1834-01-01	year	1834	32	Annalen der Physik und Chemie 1834: Vol 32 Iss 2	English
sim_annalen-der-physik_1834_32_20	1834-01-01	year	1834	32	Annalen der Physik und Chemie 1834: Vol 32 Iss 20	English
sim_annalen-der-physik_1834_32_21	1834-01-01	year	1834	32	Annalen der Physik und Chemie 1834: Vol 32 Iss 21	English
sim_annalen-der-physik_1834_32_22	1834-01-01	year	1834	32	Annalen der Physik und Chemie 1834: Vol 32 Iss 22	English
sim_annalen-der-physik_1834_32_23	1834-01-01	year	1834	32	Annalen der Physik und Chemie 1834: Vol 32 Iss 23	English
sim_annalen-der-physik_1834_32_24	1834-01-01	year	1834	32	Annalen der Physik und Chemie 1834: Vol 32 Iss 24	English
sim_annalen-der-physik_1834_32_25	1834-01-01	year	1834	32	Annalen der Physik und Chemie 1834: Vol 32 Iss 25	English
sim_annalen-der-physik_1834_32_26	1834-01-01	year	1834	32	Annalen der Physik und Chemie 1834: Vol 32 Iss 26	English
sim_annalen-der-physik_1834_32_27	1834-01-01	year	1834	32	Annalen der Physik und Chemie 1834: Vol 32 Iss 27	English
sim_annalen-der-physik_1834_32_28	1834-01-01	year	1834	32	Annalen der Physik und Chemie 1834: Vol 32 Iss 28	English
sim_annalen-der-physik_1834_32_29	1834-01-01	year	1834	32	Annalen der Physik und Chemie 1834: Vol 32 Iss 29	English
sim_annalen-der-physik_1834_32_3	1834-01-01	year	1834	32	Annalen der Physik und Chemie 1834: Vol 32 Iss 3	English
sim_annalen-der-physik_1834_32_30	1834-01-01	year	1834	32	Annalen der Physik und Chemie 1834: Vol 32 Iss 30	English
sim_annalen-der-physik_1834_32_31	1834-01-01	year	1834	32	Annalen der Physik und Chemie 1834: Vol 32 Iss 31	English
sim_annalen-der-physik_1834_32_32	1834-01-01	year	1834	32	Annalen der Physik und Chemie 1834: Vol 32 Iss 32	English
sim_annalen-der-physik_1834_32_33	1834-01-01	year	1834	32	Annalen der Physik und Chemie 1834: Vol 32 Iss 33	English
sim_annalen-der-physik_1834_32_34	1834-01-01	year	1834	32	Annalen der Physik und Chemie 1834: Vol 32 Iss 34	English
sim_annalen-der-physik_1834_32_35	1834-01-01	year	1834	32	Annalen der Physik und Chemie 1834: Vol 32 Iss 35	English
sim_annalen-der-physik_1834_32_36	1834-01-01	year	1834	32	Annalen der Physik und Chemie 1834: Vol 32 Iss 36	English
sim_annalen-der-physik_1834_32_37	1834-01-01	year	1834	32	Annalen der Physik und Chemie 1834: Vol 32 Iss 37	English
sim_annalen-der-physik_1834_32_38	1834-01-01	year	1834	32	Annalen der Physik und Chemie 1834: Vol 32 Iss 38	English
sim_annalen-der-physik_1834_32_39	1834-01-01	year	1834	32	Annalen der Physik und Chemie 1834: Vol 32 Iss 39	English
sim_annalen-der-physik_1834_32_4	1834-01-01	year	1834	32	Annalen der Physik und Chemie 1834: Vol 32 Iss 4	English
sim_annalen-der-physik_1834_32_40	1834-01-01	year	1834	32	Annalen der Physik und Chemie 1834: Vol 32 Iss 40	English
sim_annalen-der-physik_1834_32_41	1834-01-01	year	1834	32	Annalen der Physik und Chemie 1834: Vol 32 Iss 41	English
sim_annalen-der-physik_1834_32_5	1834-01-01	year	1834	32	Annalen der Physik und Chemie 1834: Vol 32 Iss 5	English
sim_annalen-der-physik_1834_32_6	1834-01-01	year	1834	32	Annalen der Physik und Chemie 1834: Vol 32 Iss 6	English
sim_annalen-der-physik_1834_32_7	1834-01-01	year	1834	32	Annalen der Physik und Chemie 1834: Vol 32 Iss 7	English
sim_annalen-der-physik_1834_32_8	1834-01-01	year	1834	32	Annalen der Physik und Chemie 1834: Vol 32 Iss 8	English
sim_annalen-der-physik_1834_32_9	1834-01-01	year	1834	32	Annalen der Physik und Chemie 1834: Vol 32 Iss 9	English
sim_annalen-der-physik_1834_32_index	1834-01-01	year	1834	32	Annalen der Physik und Chemie 1834: Vol 32 Index	English
sim_annalen-der-physik_1834_33_1	1834-01-01	year	1834	33	Annalen der Physik und Chemie 1834: Vol 33 Iss 1	English
sim_annalen-der-physik_1834_33_10	1834-01-01	year	1834	33	Annalen der Physik und Chemie 1834: Vol 33 Iss 10	English
sim_annalen-der-physik_1834_33_11	1834-01-01	year	1834	33	Annalen der Physik und Chemie 1834: Vol 33 Iss 11	English
sim_annalen-der-physik_1834_33_12	1834-01-01	year	1834	33	Annalen der Physik und Chemie 1834: Vol 33 Iss 12	English
sim_annalen-der-physik_1834_33_13	1834-01-01	year	1834	33	Annalen der Physik und Chemie 1834: Vol 33 Iss 13	English
sim_annalen-der-physik_1834_33_14	1834-01-01	year	1834	33	Annalen der Physik und Chemie 1834: Vol 33 Iss 14	English
sim_annalen-der-physik_1834_33_15	1834-01-01	year	1834	33	Annalen der Physik und Chemie 1834: Vol 33 Iss 15	English
sim_annalen-der-physik_1834_33_16	1834-01-01	year	1834	33	Annalen der Physik und Chemie 1834: Vol 33 Iss 16	English
sim_annalen-der-physik_1834_33_17	1834-01-01	year	1834	33	Annalen der Physik und Chemie 1834: Vol 33 Iss 17	English
sim_annalen-der-physik_1834_33_18	1834-01-01	year	1834	33	Annalen der Physik und Chemie 1834: Vol 33 Iss 18	English
sim_annalen-der-physik_1834_33_19	1834-01-01	year	1834	33	Annalen der Physik und Chemie 1834: Vol 33 Iss 19	English
sim_annalen-der-physik_1834_33_2	1834-01-01	year	1834	33	Annalen der Physik und Chemie 1834: Vol 33 Iss 2	English
sim_annalen-der-physik_1834_33_20	1834-01-01	year	1834	33	Annalen der Physik und Chemie 1834: Vol 33 Iss 20	English
sim_annalen-der-physik_1834_33_21	1834-01-01	year	1834	33	Annalen der Physik und Chemie 1834: Vol 33 Iss 21	English
sim_annalen-der-physik_1834_33_22	1834-01-01	year	1834	33	Annalen der Physik und Chemie 1834: Vol 33 Iss 22	English
sim_annalen-der-physik_1834_33_23	1834-01-01	year	1834	33	Annalen der Physik und Chemie 1834: Vol 33 Iss 23	English
sim_annalen-der-physik_1834_33_24	1834-01-01	year	1834	33	Annalen der Physik und Chemie 1834: Vol 33 Iss 24	English
sim_annalen-der-physik_1834_33_25	1834-01-01	year	1834	33	Annalen der Physik und Chemie 1834: Vol 33 Iss 25	English
sim_annalen-der-physik_1834_33_26	1834-01-01	year	1834	33	Annalen der Physik und Chemie 1834: Vol 33 Iss 26	English
sim_annalen-der-physik_1834_33_27	1834-01-01	year	1834	33	Annalen der Physik und Chemie 1834: Vol 33 Iss 27	English
sim_annalen-der-physik_1834_33_28	1834-01-01	year	1834	33	Annalen der Physik und Chemie 1834: Vol 33 Iss 28	English
sim_annalen-der-physik_1834_33_29	1834-01-01	year	1834	33	Annalen der Physik und Chemie 1834: Vol 33 Iss 29	English
sim_annalen-der-physik_1834_33_3	1834-01-01	year	1834	33	Annalen der Physik und Chemie 1834: Vol 33 Iss 3	English
sim_annalen-der-physik_1834_33_30	1834-01-01	year	1834	33	Annalen der Physik und Chemie 1834: Vol 33 Iss 30	English
sim_annalen-der-physik_1834_33_31	1834-01-01	year	1834	33	Annalen der Physik und Chemie 1834: Vol 33 Iss 31	English
sim_annalen-der-physik_1834_33_32	1834-01-01	year	1834	33	Annalen der Physik und Chemie 1834: Vol 33 Iss 32	English
sim_annalen-der-physik_1834_33_33	1834-01-01	year	1834	33	Annalen der Physik und Chemie 1834: Vol 33 Iss 33	English
sim_annalen-der-physik_1834_33_34	1834-01-01	year	1834	33	Annalen der Physik und Chemie 1834: Vol 33 Iss 34	English
sim_annalen-der-physik_1834_33_4	1834-01-01	year	1834	33	Annalen der Physik und Chemie 1834: Vol 33 Iss 4	English
sim_annalen-der-physik_1834_33_5	1834-01-01	year	1834	33	Annalen der Physik und Chemie 1834: Vol 33 Iss 5	English
sim_annalen-der-physik_1834_33_6	1834-01-01	year	1834	33	Annalen der Physik und Chemie 1834: Vol 33 Iss 6	English
sim_annalen-der-physik_1834_33_7	1834-01-01	year	1834	33	Annalen der Physik und Chemie 1834: Vol 33 Iss 7	English
sim_annalen-der-physik_1834_33_8	1834-01-01	year	1834	33	Annalen der Physik und Chemie 1834: Vol 33 Iss 8	English
sim_annalen-der-physik_1834_33_9	1834-01-01	year	1834	33	Annalen der Physik und Chemie 1834: Vol 33 Iss 9	English
sim_annalen-der-physik_1834_33_index	1834-01-01	year	1834	33	Annalen der Physik und Chemie 1834: Vol 33 Index	English
sim_annalen-der-physik_1835_34_1	1835-01-01	year	1835	34	Annalen der Physik und Chemie 1835: Vol 34 Iss 1	English
sim_annalen-der-physik_1835_34_2	1835-01-01	year	1835	34	Annalen der Physik und Chemie 1835: Vol 34 Iss 2	English
sim_annalen-der-physik_1835_34_3	1835-01-01	year	1835	34	Annalen der Physik und Chemie 1835: Vol 34 Iss 3	English
sim_annalen-der-physik_1835_34_4	1835-01-01	year	1835	34	Annalen der Physik und Chemie 1835: Vol 34 Iss 4	English
sim_annalen-der-physik_1835_34_index	1835-01-01	year	1835	34	Annalen der Physik und Chemie 1835: Vol 34 Index	English
sim_annalen-der-physik_1835_35_5	1835-01-01	year	1835	35	Annalen der Physik und Chemie 1835: Vol 35 Iss 5	English
sim_annalen-der-physik_1835_35_6	1835-01-01	year	1835	35	Annalen der Physik und Chemie 1835: Vol 35 Iss 6	English
sim_annalen-der-physik_1835_35_7	1835-01-01	year	1835	35	Annalen der Physik und Chemie 1835: Vol 35 Iss 7	English
sim_annalen-der-physik_1835_35_8	1835-01-01	year	1835	35	Annalen der Physik und Chemie 1835: Vol 35 Iss 8	English
sim_annalen-der-physik_1835_35_index	1835-01-01	year	1835	35	Annalen der Physik und Chemie 1835: Vol 35 Index	English
sim_annalen-der-physik_1835_36_10	1835-01-01	year	1835	36	Annalen der Physik und Chemie 1835: Vol 36 Iss 10	English
sim_annalen-der-physik_1835_36_11	1835-01-01	year	1835	36	Annalen der Physik und Chemie 1835: Vol 36 Iss 11	English
sim_annalen-der-physik_1835_36_12	1835-01-01	year	1835	36	Annalen der Physik und Chemie 1835: Vol 36 Iss 12	English
sim_annalen-der-physik_1835_36_9	1835-01-01	year	1835	36	Annalen der Physik und Chemie 1835: Vol 36 Iss 9	English
sim_annalen-der-physik_1835_36_index	1835-01-01	year	1835	36	Annalen der Physik und Chemie 1835: Vol 36 Index	English
sim_annalen-der-physik_1836_37_1	1836-01-01	year	1836	37	Annalen der Physik und Chemie 1836: Vol 37 Iss 1	English
sim_annalen-der-physik_1836_37_2	1836-01-01	year	1836	37	Annalen der Physik und Chemie 1836: Vol 37 Iss 2	English
sim_annalen-der-physik_1836_37_3	1836-01-01	year	1836	37	Annalen der Physik und Chemie 1836: Vol 37 Iss 3	English
sim_annalen-der-physik_1836_37_4	1836-01-01	year	1836	37	Annalen der Physik und Chemie 1836: Vol 37 Iss 4	English
sim_annalen-der-physik_1836_37_index	1836-01-01	year	1836	37	Annalen der Physik und Chemie 1836: Vol 37 Index	English
sim_annalen-der-physik_1836_38_5	1836-01-01	year	1836	38	Annalen der Physik und Chemie 1836: Vol 38 Iss 5	English
sim_annalen-der-physik_1836_38_6	1836-01-01	year	1836	38	Annalen der Physik und Chemie 1836: Vol 38 Iss 6	English
sim_annalen-der-physik_1836_38_7	1836-01-01	year	1836	38	Annalen der Physik und Chemie 1836: Vol 38 Iss 7	English
sim_annalen-der-physik_1836_38_8	1836-01-01	year	1836	38	Annalen der Physik und Chemie 1836: Vol 38 Iss 8	English
sim_annalen-der-physik_1836_38_index	1836-01-01	year	1836	38	Annalen der Physik und Chemie 1836: Vol 38 Index	English
sim_annalen-der-physik_1836_39_10	1836-01-01	year	1836	39	Annalen der Physik und Chemie 1836: Vol 39 Iss 10	English
sim_annalen-der-physik_1836_39_11	1836-01-01	year	1836	39	Annalen der Physik und Chemie 1836: Vol 39 Iss 11	English
sim_annalen-der-physik_1836_39_12	1836-01-01	year	1836	39	Annalen der Physik und Chemie 1836: Vol 39 Iss 12	English
sim_annalen-der-physik_1836_39_9	1836-01-01	year	1836	39	Annalen der Physik und Chemie 1836: Vol 39 Iss 9	English
sim_annalen-der-physik_1836_39_index	1836-01-01	year	1836	39	Annalen der Physik und Chemie 1836: Vol 39 Index	English
sim_annalen-der-physik_1837_40_1	1837-01-01	year	1837	40	Annalen der Physik und Chemie 1837: Vol 40 Iss 1	English
sim_annalen-der-physik_1837_40_2	1837-01-01	year	1837	40	Annalen der Physik und Chemie 1837: Vol 40 Iss 2	English
sim_annalen-der-physik_1837_40_3	1837-01-01	year	1837	40	Annalen der Physik und Chemie 1837: Vol 40 Iss 3	English
sim_annalen-der-physik_1837_40_4	1837-01-01	year	1837	40	Annalen der Physik und Chemie 1837: Vol 40 Iss 4	English
sim_annalen-der-physik_1837_40_index	1837-01-01	year	1837	40	Annalen der Physik und Chemie 1837: Vol 40 Index	English
sim_annalen-der-physik_1837_41_5	1837-01-01	year	1837	41	Annalen der Physik und Chemie 1837: Vol 41 Iss 5	English
sim_annalen-der-physik_1837_41_6	1837-01-01	year	1837	41	Annalen der Physik und Chemie 1837: Vol 41 Iss 6	English
sim_annalen-der-physik_1837_41_7	1837-01-01	year	1837	41	Annalen der Physik und Chemie 1837: Vol 41 Iss 7	English
sim_annalen-der-physik_1837_41_8	1837-01-01	year	1837	41	Annalen der Physik und Chemie 1837: Vol 41 Iss 8	English
sim_annalen-der-physik_1837_41_index	1837-01-01	year	1837	41	Annalen der Physik und Chemie 1837: Vol 41 Index	English
sim_annalen-der-physik_1837_42_10	1837-01-01	year	1837	42	Annalen der Physik und Chemie 1837: Vol 42 Iss 10	English
sim_annalen-der-physik_1837_42_11	1837-01-01	year	1837	42	Annalen der Physik und Chemie 1837: Vol 42 Iss 11	English
sim_annalen-der-physik_1837_42_12	1837-01-01	year	1837	42	Annalen der Physik und Chemie 1837: Vol 42 Iss 12	English
sim_annalen-der-physik_1837_42_13	1837-01-01	year	1837	42	Annalen der Physik und Chemie 1837: Vol 42 Iss 13	English
sim_annalen-der-physik_1837_42_9	1837-01-01	year	1837	42	Annalen der Physik und Chemie 1837: Vol 42 Iss 9	English
sim_annalen-der-physik_1837_42_index	1837-01-01	year	1837	42	Annalen der Physik und Chemie 1837: Vol 42 Index	English
sim_annalen-der-physik_1838_43_1	1838-01-01	year	1838	43	Annalen der Physik und Chemie 1838: Vol 43 Iss 1	English
sim_annalen-der-physik_1838_43_2	1838-01-01	year	1838	43	Annalen der Physik und Chemie 1838: Vol 43 Iss 2	English
sim_annalen-der-physik_1838_43_3	1838-01-01	year	1838	43	Annalen der Physik und Chemie 1838: Vol 43 Iss 3	English
sim_annalen-der-physik_1838_43_4	1838-01-01	year	1838	43	Annalen der Physik und Chemie 1838: Vol 43 Iss 4	English
sim_annalen-der-physik_1838_43_index	1838-01-01	year	1838	43	Annalen der Physik und Chemie 1838: Vol 43 Index	English
sim_annalen-der-physik_1838_44_5	1838-01-01	year	1838	44	Annalen der Physik und Chemie 1838: Vol 44 Iss 5	English
sim_annalen-der-physik_1838_44_6	1838-01-01	year	1838	44	Annalen der Physik und Chemie 1838: Vol 44 Iss 6	English
sim_annalen-der-physik_1838_44_7	1838-01-01	year	1838	44	Annalen der Physik und Chemie 1838: Vol 44 Iss 7	English
sim_annalen-der-physik_1838_44_8	1838-01-01	year	1838	44	Annalen der Physik und Chemie 1838: Vol 44 Iss 8	English
sim_annalen-der-physik_1838_45_10	1838-01-01	year	1838	45	Annalen der Physik und Chemie 1838: Vol 45 Iss 10	English
sim_annalen-der-physik_1838_45_11	1838-01-01	year	1838	45	Annalen der Physik und Chemie 1838: Vol 45 Iss 11	English
sim_annalen-der-physik_1838_45_12	1838-01-01	year	1838	45	Annalen der Physik und Chemie 1838: Vol 45 Iss 12	English
sim_annalen-der-physik_1838_45_9	1838-01-01	year	1838	45	Annalen der Physik und Chemie 1838: Vol 45 Iss 9	English
sim_annalen-der-physik_1838_45_index	1838-01-01	year	1838	45	Annalen der Physik und Chemie 1838: Vol 45 Index	English
sim_annalen-der-physik_1839_46_1	1839-01-01	year	1839	46	Annalen der Physik und Chemie 1839: Vol 46 Iss 1	English
sim_annalen-der-physik_1839_46_2	1839-01-01	year	1839	46	Annalen der Physik und Chemie 1839: Vol 46 Iss 2	English
sim_annalen-der-physik_1839_46_3	1839-01-01	year	1839	46	Annalen der Physik und Chemie 1839: Vol 46 Iss 3	English
sim_annalen-der-physik_1839_46_4	1839-01-01	year	1839	46	Annalen der Physik und Chemie 1839: Vol 46 Iss 4	English
sim_annalen-der-physik_1839_46_index	1839-01-01	year	1839	46	Annalen der Physik und Chemie 1839: Vol 46 Index	English
sim_annalen-der-physik_1839_47_5	1839-01-01	year	1839	47	Annalen der Physik und Chemie 1839: Vol 47 Iss 5	English
sim_annalen-der-physik_1839_47_6	1839-01-01	year	1839	47	Annalen der Physik und Chemie 1839: Vol 47 Iss 6	English
sim_annalen-der-physik_1839_47_7	1839-01-01	year	1839	47	Annalen der Physik und Chemie 1839: Vol 47 Iss 7	English
sim_annalen-der-physik_1839_47_8	1839-01-01	year	1839	47	Annalen der Physik und Chemie 1839: Vol 47 Iss 8	English
sim_annalen-der-physik_1839_47_index	1839-01-01	year	1839	47	Annalen der Physik und Chemie 1839: Vol 47 Index	English
sim_annalen-der-physik_1839_48_10	1839-01-01	year	1839	48	Annalen der Physik und Chemie 1839: Vol 48 Iss 10	English
sim_annalen-der-physik_1839_48_11	1839-01-01	year	1839	48	Annalen der Physik und Chemie 1839: Vol 48 Iss 11	English
sim_annalen-der-physik_1839_48_12	1839-01-01	year	1839	48	Annalen der Physik und Chemie 1839: Vol 48 Iss 12	English
sim_annalen-der-physik_1839_48_9	1839-01-01	year	1839	48	Annalen der Physik und Chemie 1839: Vol 48 Iss 9	English
sim_annalen-der-physik_1839_48_index	1839-01-01	year	1839	48	Annalen der Physik und Chemie 1839: Vol 48 Index	English
sim_annalen-der-physik_1840_49_1	1840-01-01	year	1840	49	Annalen der Physik und Chemie 1840: Vol 49 Iss 1	English
sim_annalen-der-physik_1840_49_2	1840-01-01	year	1840	49	Annalen der Physik und Chemie 1840: Vol 49 Iss 2	English
sim_annalen-der-physik_1840_49_3	1840-01-01	year	1840	49	Annalen der Physik und Chemie 1840: Vol 49 Iss 3	English
sim_annalen-der-physik_1840_49_4	1840-01-01	year	1840	49	Annalen der Physik und Chemie 1840: Vol 49 Iss 4	English
sim_annalen-der-physik_1840_49_index	1840-01-01	year	1840	49	Annalen der Physik und Chemie 1840: Vol 49 Index	English
sim_annalen-der-physik_1840_50_5	1840-01-01	year	1840	50	Annalen der Physik und Chemie 1840: Vol 50 Iss 5	English
sim_annalen-der-physik_1840_50_6	1840-01-01	year	1840	50	Annalen der Physik und Chemie 1840: Vol 50 Iss 6	English
sim_annalen-der-physik_1840_50_7	1840-01-01	year	1840	50	Annalen der Physik und Chemie 1840: Vol 50 Iss 7	English
sim_annalen-der-physik_1840_50_8	1840-01-01	year	1840	50	Annalen der Physik und Chemie 1840: Vol 50 Iss 8	English
sim_annalen-der-physik_1840_50_index	1840-01-01	year	1840	50	Annalen der Physik und Chemie 1840: Vol 50 Index	English
sim_annalen-der-physik_1840_51_10	1840-01-01	year	1840	51	Annalen der Physik und Chemie 1840: Vol 51 Iss 10	English
sim_annalen-der-physik_1840_51_11	1840-01-01	year	1840	51	Annalen der Physik und Chemie 1840: Vol 51 Iss 11	English
sim_annalen-der-physik_1840_51_12	1840-01-01	year	1840	51	Annalen der Physik und Chemie 1840: Vol 51 Iss 12	English
sim_annalen-der-physik_1840_51_9	1840-01-01	year	1840	51	Annalen der Physik und Chemie 1840: Vol 51 Iss 9	English
sim_annalen-der-physik_1840_51_index	1840-01-01	year	1840	51	Annalen der Physik und Chemie 1840: Vol 51 Index	English
sim_annalen-der-physik_1841_52_1	1841-01-01	year	1841	52	Annalen der Physik und Chemie 1841: Vol 52 Iss 1	English
sim_annalen-der-physik_1841_52_2	1841-01-01	year	1841	52	Annalen der Physik und Chemie 1841: Vol 52 Iss 2	English
sim_annalen-der-physik_1841_52_3	1841-01-01	year	1841	52	Annalen der Physik und Chemie 1841: Vol 52 Iss 3	English
sim_annalen-der-physik_1841_52_4	1841-01-01	year	1841	52	Annalen der Physik und Chemie 1841: Vol 52 Iss 4	English
sim_annalen-der-physik_1841_52_index	1841-01-01	year	1841	52	Annalen der Physik und Chemie 1841: Vol 52 Index	English
sim_annalen-der-physik_1841_53_5	1841-01-01	year	1841	53	Annalen der Physik und Chemie 1841: Vol 53 Iss 5	English
sim_annalen-der-physik_1841_53_6	1841-01-01	year	1841	53	Annalen der Physik und Chemie 1841: Vol 53 Iss 6	English
sim_annalen-der-physik_1841_53_7	1841-01-01	year	1841	53	Annalen der Physik und Chemie 1841: Vol 53 Iss 7	English
sim_annalen-der-physik_1841_53_8	1841-01-01	year	1841	53	Annalen der Physik und Chemie 1841: Vol 53 Iss 8	English
sim_annalen-der-physik_1841_53_index	1841-01-01	year	1841	53	Annalen der Physik und Chemie 1841: Vol 53 Index	English
sim_annalen-der-physik_1841_54_10	1841-01-01	year	1841	54	Annalen der Physik und Chemie 1841: Vol 54 Iss 10	English
sim_annalen-der-physik_1841_54_11	1841-01-01	year	1841	54	Annalen der Physik und Chemie 1841: Vol 54 Iss 11	English
sim_annalen-der-physik_1841_54_12	1841-01-01	year	1841	54	Annalen der Physik und Chemie 1841: Vol 54 Iss 12	English
sim_annalen-der-physik_1841_54_9	1841-01-01	year	1841	54	Annalen der Physik und Chemie 1841: Vol 54 Iss 9	English
sim_annalen-der-physik_1841_54_index	1841-01-01	year	1841	54	Annalen der Physik und Chemie 1841: Vol 54 Index	English
sim_annalen-der-physik_1842_55_1	1842-01-01	year	1842	55	Annalen der Physik und Chemie 1842: Vol 55 Iss 1	English
sim_annalen-der-physik_1842_55_2	1842-01-01	year	1842	55	Annalen der Physik und Chemie 1842: Vol 55 Iss 2	English
sim_annalen-der-physik_1842_55_3	1842-01-01	year	1842	55	Annalen der Physik und Chemie 1842: Vol 55 Iss 3	English
sim_annalen-der-physik_1842_55_4	1842-01-01	year	1842	55	Annalen der Physik und Chemie 1842: Vol 55 Iss 4	English
sim_annalen-der-physik_1842_55_index	1842-01-01	year	1842	55	Annalen der Physik und Chemie 1842: Vol 55 Index	English
sim_annalen-der-physik_1842_56_5	1842-01-01	year	1842	56	Annalen der Physik und Chemie 1842: Vol 56 Iss 5	English
sim_annalen-der-physik_1842_56_6	1842-01-01	year	1842	56	Annalen der Physik und Chemie 1842: Vol 56 Iss 6	English
sim_annalen-der-physik_1842_56_7	1842-01-01	year	1842	56	Annalen der Physik und Chemie 1842: Vol 56 Iss 7	English
sim_annalen-der-physik_1842_56_8	1842-01-01	year	1842	56	Annalen der Physik und Chemie 1842: Vol 56 Iss 8	English
sim_annalen-der-physik_1842_56_index	1842-01-01	year	1842	56	Annalen der Physik und Chemie 1842: Vol 56 Index	English
sim_annalen-der-physik_1842_57_10	1842-01-01	year	1842	57	Annalen der Physik und Chemie 1842: Vol 57 Iss 10	English
sim_annalen-der-physik_1842_57_11	1842-01-01	year	1842	57	Annalen der Physik und Chemie 1842: Vol 57 Iss 11	English
sim_annalen-der-physik_1842_57_12	1842-01-01	year	1842	57	Annalen der Physik und Chemie 1842: Vol 57 Iss 12	English
sim_annalen-der-physik_1842_57_9	1842-01-01	year	1842	57	Annalen der Physik und Chemie 1842: Vol 57 Iss 9	English
sim_annalen-der-physik_1842_57_index	1842-01-01	year	1842	57	Annalen der Physik und Chemie 1842: Vol 57 Index	English
sim_annalen-der-physik_1843_58_1	1843-01-01	year	1843	58	Annalen der Physik und Chemie 1843: Vol 58 Iss 1	English
sim_annalen-der-physik_1843_58_2	1843-01-01	year	1843	58	Annalen der Physik und Chemie 1843: Vol 58 Iss 2	English
sim_annalen-der-physik_1843_58_3	1843-01-01	year	1843	58	Annalen der Physik und Chemie 1843: Vol 58 Iss 3	English
sim_annalen-der-physik_1843_58_4	1843-01-01	year	1843	58	Annalen der Physik und Chemie 1843: Vol 58 Iss 4	English
sim_annalen-der-physik_1843_58_index	1843-01-01	year	1843	58	Annalen der Physik und Chemie 1843: Vol 58 Index	English
sim_annalen-der-physik_1843_59_5	1843-01-01	year	1843	59	Annalen der Physik und Chemie 1843: Vol 59 Iss 5	English
sim_annalen-der-physik_1843_59_6	1843-01-01	year	1843	59	Annalen der Physik und Chemie 1843: Vol 59 Iss 6	English
sim_annalen-der-physik_1843_59_7	1843-01-01	year	1843	59	Annalen der Physik und Chemie 1843: Vol 59 Iss 7	English
sim_annalen-der-physik_1843_59_8	1843-01-01	year	1843	59	Annalen der Physik und Chemie 1843: Vol 59 Iss 8	English
sim_annalen-der-physik_1843_59_index	1843-01-01	year	1843	59	Annalen der Physik und Chemie 1843: Vol 59 Index	English
sim_annalen-der-physik_1843_60_10	1843-01-01	year	1843	60	Annalen der Physik und Chemie 1843: Vol 60 Iss 10	English
sim_annalen-der-physik_1843_60_11	1843-01-01	year	1843	60	Annalen der Physik und Chemie 1843: Vol 60 Iss 11	English
sim_annalen-der-physik_1843_60_12	1843-01-01	year	1843	60	Annalen der Physik und Chemie 1843: Vol 60 Iss 12	English
sim_annalen-der-physik_1843_60_9	1843-01-01	year	1843	60	Annalen der Physik und Chemie 1843: Vol 60 Iss 9	English
sim_annalen-der-physik_1843_60_index	1843-01-01	year	1843	60	Annalen der Physik und Chemie 1843: Vol 60 Index	English
sim_annalen-der-physik_1846_69_10	1846-01-01	year	1846	69	Annalen der Physik 1846: Vol 69 Iss 10	English
sim_annalen-der-physik_1846_69_11	1846-01-01	year	1846	69	Annalen der Physik 1846: Vol 69 Iss 11	English
sim_annalen-der-physik_1846_69_12	1846-01-01	year	1846	69	Annalen der Physik 1846: Vol 69 Iss 12	English
sim_annalen-der-physik_1846_69_9	1846-01-01	year	1846	69	Annalen der Physik 1846: Vol 69 Iss 9	English
sim_annalen-der-physik_1846_69_index	1846-01-01	year	1846	69	Annalen der Physik 1846: Vol 69 Index	English
sim_annalen-der-physik_1847_70_1	1847-01-01	year	1847	70	Annalen der Physik 1847: Vol 70 Iss 1	English
sim_annalen-der-physik_1847_70_2	1847-01-01	year	1847	70	Annalen der Physik 1847: Vol 70 Iss 2	English
sim_annalen-der-physik_1847_70_3	1847-01-01	year	1847	70	Annalen der Physik 1847: Vol 70 Iss 3	English
sim_annalen-der-physik_1847_70_4	1847-01-01	year	1847	70	Annalen der Physik 1847: Vol 70 Iss 4	English
sim_annalen-der-physik_1847_70_index	1847-01-01	year	1847	70	Annalen der Physik 1847: Vol 70 Index	English
sim_annalen-der-physik_1847_71_5	1847-01-01	year	1847	71	Annalen der Physik 1847: Vol 71 Iss 5	English
sim_annalen-der-physik_1847_71_6	1847-01-01	year	1847	71	Annalen der Physik 1847: Vol 71 Iss 6	English
sim_annalen-der-physik_1847_71_7	1847-01-01	year	1847	71	Annalen der Physik 1847: Vol 71 Iss 7	English
sim_annalen-der-physik_1847_71_8	1847-01-01	year	1847	71	Annalen der Physik 1847: Vol 71 Iss 8	English
sim_annalen-der-physik_1847_71_index	1847-01-01	year	1847	71	Annalen der Physik 1847: Vol 71 Index	English
sim_annalen-der-physik_1847_72_10	1847-01-01	year	1847	72	Annalen der Physik 1847: Vol 72 Iss 10	English
sim_annalen-der-physik_1847_72_11	1847-01-01	year	1847	72	Annalen der Physik 1847: Vol 72 Iss 11	English
sim_annalen-der-physik_1847_72_12	1847-01-01	year	1847	72	Annalen der Physik 1847: Vol 72 Iss 12	English
sim_annalen-der-physik_1847_72_9	1847-01-01	year	1847	72	Annalen der Physik 1847: Vol 72 Iss 9	English
sim_annalen-der-physik_1847_72_index	1847-01-01	year	1847	72	Annalen der Physik 1847: Vol 72 Index	English
sim_annalen-der-physik_1848_73_1	1848-01-01	year	1848	73	Annalen der Physik 1848: Vol 73 Iss 1	English
sim_annalen-der-physik_1848_73_2	1848-01-01	year	1848	73	Annalen der Physik 1848: Vol 73 Iss 2	English
sim_annalen-der-physik_1848_73_3	1848-01-01	year	1848	73	Annalen der Physik 1848: Vol 73 Iss 3	English
sim_annalen-der-physik_1848_73_4	1848-01-01	year	1848	73	Annalen der Physik 1848: Vol 73 Iss 4	English
sim_annalen-der-physik_1848_73_index	1848-01-01	year	1848	73	Annalen der Physik 1848: Vol 73 Index	English
sim_annalen-der-physik_1848_74_5	1848-01-01	year	1848	74	Annalen der Physik 1848: Vol 74 Iss 5	English
sim_annalen-der-physik_1848_74_6	1848-01-01	year	1848	74	Annalen der Physik 1848: Vol 74 Iss 6	English
sim_annalen-der-physik_1848_74_7	1848-01-01	year	1848	74	Annalen der Physik 1848: Vol 74 Iss 7	English
sim_annalen-der-physik_1848_74_8	1848-01-01	year	1848	74	Annalen der Physik 1848: Vol 74 Iss 8	English
sim_annalen-der-physik_1848_74_index	1848-01-01	year	1848	74	Annalen der Physik 1848: Vol 74 Index	English
sim_annalen-der-physik_1848_75_10	1848-01-01	year	1848	75	Annalen der Physik 1848: Vol 75 Iss 10	English
sim_annalen-der-physik_1848_75_11	1848-01-01	year	1848	75	Annalen der Physik 1848: Vol 75 Iss 11	English
sim_annalen-der-physik_1848_75_12	1848-01-01	year	1848	75	Annalen der Physik 1848: Vol 75 Iss 12	English
sim_annalen-der-physik_1848_75_9	1848-01-01	year	1848	75	Annalen der Physik 1848: Vol 75 Iss 9	English
sim_annalen-der-physik_1848_75_index	1848-01-01	year	1848	75	Annalen der Physik 1848: Vol 75 Index	English
sim_annalen-der-physik_1849_76_1	1849-01-01	year	1849	76	Annalen der Physik 1849: Vol 76 Iss 1	English
sim_annalen-der-physik_1849_76_2	1849-01-01	year	1849	76	Annalen der Physik 1849: Vol 76 Iss 2	English
sim_annalen-der-physik_1849_76_3	1849-01-01	year	1849	76	Annalen der Physik 1849: Vol 76 Iss 3	English
sim_annalen-der-physik_1849_76_4	1849-01-01	year	1849	76	Annalen der Physik 1849: Vol 76 Iss 4	English
sim_annalen-der-physik_1849_76_index	1849-01-01	year	1849	76	Annalen der Physik 1849: Vol 76 Index	English
sim_annalen-der-physik_1849_77_5	1849-01-01	year	1849	77	Annalen der Physik 1849: Vol 77 Iss 5	English
sim_annalen-der-physik_1849_77_6	1849-01-01	year	1849	77	Annalen der Physik 1849: Vol 77 Iss 6	English
sim_annalen-der-physik_1849_77_7	1849-01-01	year	1849	77	Annalen der Physik 1849: Vol 77 Iss 7	English
sim_annalen-der-physik_1849_77_8	1849-01-01	year	1849	77	Annalen der Physik 1849: Vol 77 Iss 8	English
sim_annalen-der-physik_1849_77_index	1849-01-01	year	1849	77	Annalen der Physik 1849: Vol 77 Index	English
sim_annalen-der-physik_1849_78_10	1849-01-01	year	1849	78	Annalen der Physik 1849: Vol 78 Iss 10	English
sim_annalen-der-physik_1849_78_11	1849-01-01	year	1849	78	Annalen der Physik 1849: Vol 78 Iss 11	English
sim_annalen-der-physik_1849_78_12	1849-01-01	year	1849	78	Annalen der Physik 1849: Vol 78 Iss 12	English
sim_annalen-der-physik_1849_78_9	1849-01-01	year	1849	78	Annalen der Physik 1849: Vol 78 Iss 9	English
sim_annalen-der-physik_1849_78_index	1849-01-01	year	1849	78	Annalen der Physik 1849: Vol 78 Index	English
sim_annalen-der-physik_1850_79_1	1850-01-01	year	1850	79	Annalen der Physik 1850: Vol 79 Iss 1	English
sim_annalen-der-physik_1850_79_2	1850-01-01	year	1850	79	Annalen der Physik 1850: Vol 79 Iss 2	English
sim_annalen-der-physik_1850_79_3	1850-01-01	year	1850	79	Annalen der Physik 1850: Vol 79 Iss 3	English
sim_annalen-der-physik_1850_79_4	1850-01-01	year	1850	79	Annalen der Physik 1850: Vol 79 Iss 4	English
sim_annalen-der-physik_1850_79_index	1850-01-01	year	1850	79	Annalen der Physik 1850: Vol 79 Index	English
sim_annalen-der-physik_1850_80_5	1850-01-01	year	1850	80	Annalen der Physik 1850: Vol 80 Iss 5	English
sim_annalen-der-physik_1850_80_6	1850-01-01	year	1850	80	Annalen der Physik 1850: Vol 80 Iss 6	English
sim_annalen-der-physik_1850_80_7	1850-01-01	year	1850	80	Annalen der Physik 1850: Vol 80 Iss 7	English
sim_annalen-der-physik_1850_80_8	1850-01-01	year	1850	80	Annalen der Physik 1850: Vol 80 Iss 8	English
sim_annalen-der-physik_1850_80_index	1850-01-01	year	1850	80	Annalen der Physik 1850: Vol 80 Index	English
sim_annalen-der-physik_1850_81_10	1850-01-01	year	1850	81	Annalen der Physik 1850: Vol 81 Iss 10	English
sim_annalen-der-physik_1850_81_11	1850-01-01	year	1850	81	Annalen der Physik 1850: Vol 81 Iss 11	English
sim_annalen-der-physik_1850_81_12	1850-01-01	year	1850	81	Annalen der Physik 1850: Vol 81 Iss 12	English
sim_annalen-der-physik_1850_81_9	1850-01-01	year	1850	81	Annalen der Physik 1850: Vol 81 Iss 9	English
sim_annalen-der-physik_1850_81_index	1850-01-01	year	1850	81	Annalen der Physik 1850: Vol 81 Index	English
sim_annalen-der-physik_1851_82_1	1851-01-01	year	1851	82	Annalen der Physik 1851: Vol 82 Iss 1	English
sim_annalen-der-physik_1851_82_2	1851-01-01	year	1851	82	Annalen der Physik 1851: Vol 82 Iss 2	English
sim_annalen-der-physik_1851_82_3	1851-01-01	year	1851	82	Annalen der Physik 1851: Vol 82 Iss 3	English
sim_annalen-der-physik_1851_82_4	1851-01-01	year	1851	82	Annalen der Physik 1851: Vol 82 Iss 4	English
sim_annalen-der-physik_1851_82_index	1851-01-01	year	1851	82	Annalen der Physik 1851: Vol 82 Index	English
sim_annalen-der-physik_1851_83_5	1851-01-01	year	1851	83	Annalen der Physik 1851: Vol 83 Iss 5	English
sim_annalen-der-physik_1851_83_6	1851-01-01	year	1851	83	Annalen der Physik 1851: Vol 83 Iss 6	English
sim_annalen-der-physik_1851_83_7	1851-01-01	year	1851	83	Annalen der Physik 1851: Vol 83 Iss 7	English
sim_annalen-der-physik_1851_83_8	1851-01-01	year	1851	83	Annalen der Physik 1851: Vol 83 Iss 8	English
sim_annalen-der-physik_1851_83_index	1851-01-01	year	1851	83	Annalen der Physik 1851: Vol 83 Index	English
sim_annalen-der-physik_1851_84_10	1851-01-01	year	1851	84	Annalen der Physik 1851: Vol 84 Iss 10	English
sim_annalen-der-physik_1851_84_11	1851-01-01	year	1851	84	Annalen der Physik 1851: Vol 84 Iss 11	English
sim_annalen-der-physik_1851_84_12	1851-01-01	year	1851	84	Annalen der Physik 1851: Vol 84 Iss 12	English
sim_annalen-der-physik_1851_84_9	1851-01-01	year	1851	84	Annalen der Physik 1851: Vol 84 Iss 9	English
sim_annalen-der-physik_1851_84_index	1851-01-01	year	1851	84	Annalen der Physik 1851: Vol 84 Index	English
sim_annalen-der-physik_1852_85_1	1852-01-01	year	1852	85	Annalen der Physik 1852: Vol 85 Iss 1	English
sim_annalen-der-physik_1852_85_2	1852-01-01	year	1852	85	Annalen der Physik 1852: Vol 85 Iss 2	English
sim_annalen-der-physik_1852_85_3	1852-01-01	year	1852	85	Annalen der Physik 1852: Vol 85 Iss 3	English
sim_annalen-der-physik_1852_85_4	1852-01-01	year	1852	85	Annalen der Physik 1852: Vol 85 Iss 4	English
sim_annalen-der-physik_1852_85_index	1852-01-01	year	1852	85	Annalen der Physik 1852: Vol 85 Index	English
sim_annalen-der-physik_1852_86_5	1852-01-01	year	1852	86	Annalen der Physik 1852: Vol 86 Iss 5	English
sim_annalen-der-physik_1852_86_6	1852-01-01	year	1852	86	Annalen der Physik 1852: Vol 86 Iss 6	English
sim_annalen-der-physik_1852_86_7	1852-01-01	year	1852	86	Annalen der Physik 1852: Vol 86 Iss 7	English
sim_annalen-der-physik_1852_86_8	1852-01-01	year	1852	86	Annalen der Physik 1852: Vol 86 Iss 8	English
sim_annalen-der-physik_1852_86_index	1852-01-01	year	1852	86	Annalen der Physik 1852: Vol 86 Index	English
sim_annalen-der-physik_1852_87_10	1852-01-01	year	1852	87	Annalen der Physik 1852: Vol 87 Iss 10	English
sim_annalen-der-physik_1852_87_11	1852-01-01	year	1852	87	Annalen der Physik 1852: Vol 87 Iss 11	English
sim_annalen-der-physik_1852_87_12	1852-01-01	year	1852	87	Annalen der Physik 1852: Vol 87 Iss 12	English
sim_annalen-der-physik_1852_87_9	1852-01-01	year	1852	87	Annalen der Physik 1852: Vol 87 Iss 9	English
sim_annalen-der-physik_1852_87_index	1852-01-01	year	1852	87	Annalen der Physik 1852: Vol 87 Index	English
sim_annalen-der-physik_1853_88_1	1853-01-01	year	1853	88	Annalen der Physik 1853: Vol 88 Iss 1	English
sim_annalen-der-physik_1853_88_2	1853-01-01	year	1853	88	Annalen der Physik 1853: Vol 88 Iss 2	English
sim_annalen-der-physik_1853_88_3	1853-01-01	year	1853	88	Annalen der Physik 1853: Vol 88 Iss 3	English
sim_annalen-der-physik_1853_88_4	1853-01-01	year	1853	88	Annalen der Physik 1853: Vol 88 Iss 4	English
sim_annalen-der-physik_1853_88_index	1853-01-01	year	1853	88	Annalen der Physik 1853: Vol 88 Index	English
sim_annalen-der-physik_1853_89_5	1853-01-01	year	1853	89	Annalen der Physik 1853: Vol 89 Iss 5	English
sim_annalen-der-physik_1853_89_6	1853-01-01	year	1853	89	Annalen der Physik 1853: Vol 89 Iss 6	English
sim_annalen-der-physik_1853_89_7	1853-01-01	year	1853	89	Annalen der Physik 1853: Vol 89 Iss 7	English
sim_annalen-der-physik_1853_89_8	1853-01-01	year	1853	89	Annalen der Physik 1853: Vol 89 Iss 8	English
sim_annalen-der-physik_1853_89_index	1853-01-01	year	1853	89	Annalen der Physik 1853: Vol 89 Index	English
sim_annalen-der-physik_1853_90_10	1853-01-01	year	1853	90	Annalen der Physik 1853: Vol 90 Iss 10	English
sim_annalen-der-physik_1853_90_11	1853-01-01	year	1853	90	Annalen der Physik 1853: Vol 90 Iss 11	English
sim_annalen-der-physik_1853_90_12	1853-01-01	year	1853	90	Annalen der Physik 1853: Vol 90 Iss 12	English
sim_annalen-der-physik_1853_90_9	1853-01-01	year	1853	90	Annalen der Physik 1853: Vol 90 Iss 9	English
sim_annalen-der-physik_1853_90_index	1853-01-01	year	1853	90	Annalen der Physik 1853: Vol 90 Index	English
sim_annalen-der-physik_1854_91_1	1854-01-01	year	1854	91	Annalen der Physik 1854: Vol 91 Iss 1	English
sim_annalen-der-physik_1854_91_2	1854-01-01	year	1854	91	Annalen der Physik 1854: Vol 91 Iss 2	English
sim_annalen-der-physik_1854_91_3	1854-01-01	year	1854	91	Annalen der Physik 1854: Vol 91 Iss 3	English
sim_annalen-der-physik_1854_91_4	1854-01-01	year	1854	91	Annalen der Physik 1854: Vol 91 Iss 4	English
sim_annalen-der-physik_1854_91_index	1854-01-01	year	1854	91	Annalen der Physik 1854: Vol 91 Index	English
sim_annalen-der-physik_1854_92_5	1854-01-01	year	1854	92	Annalen der Physik 1854: Vol 92 Iss 5	English
sim_annalen-der-physik_1854_92_6	1854-01-01	year	1854	92	Annalen der Physik 1854: Vol 92 Iss 6	English
sim_annalen-der-physik_1854_92_7	1854-01-01	year	1854	92	Annalen der Physik 1854: Vol 92 Iss 7	English
sim_annalen-der-physik_1854_92_8	1854-01-01	year	1854	92	Annalen der Physik 1854: Vol 92 Iss 8	English
sim_annalen-der-physik_1854_92_index	1854-01-01	year	1854	92	Annalen der Physik 1854: Vol 92 Index	English
sim_annalen-der-physik_1854_93_10	1854-01-01	year	1854	93	Annalen der Physik 1854: Vol 93 Iss 10	English
sim_annalen-der-physik_1854_93_11	1854-01-01	year	1854	93	Annalen der Physik 1854: Vol 93 Iss 11	English
sim_annalen-der-physik_1854_93_12	1854-01-01	year	1854	93	Annalen der Physik 1854: Vol 93 Iss 12	English
sim_annalen-der-physik_1854_93_9	1854-01-01	year	1854	93	Annalen der Physik 1854: Vol 93 Iss 9	English
sim_annalen-der-physik_1854_93_index	1854-01-01	year	1854	93	Annalen der Physik 1854: Vol 93 Index	English
sim_annalen-der-physik_1855_94_1	1855-01-01	year	1855	94	Annalen der Physik 1855: Vol 94 Iss 1	English
sim_annalen-der-physik_1855_94_2	1855-01-01	year	1855	94	Annalen der Physik 1855: Vol 94 Iss 2	English
sim_annalen-der-physik_1855_94_3	1855-01-01	year	1855	94	Annalen der Physik 1855: Vol 94 Iss 3	English
sim_annalen-der-physik_1855_94_4	1855-01-01	year	1855	94	Annalen der Physik 1855: Vol 94 Iss 4	English
sim_annalen-der-physik_1855_94_index	1855-01-01	year	1855	94	Annalen der Physik 1855: Vol 94 Index	English
sim_annalen-der-physik_1855_95_5	1855-01-01	year	1855	95	Annalen der Physik 1855: Vol 95 Iss 5	English
sim_annalen-der-physik_1855_95_6	1855-01-01	year	1855	95	Annalen der Physik 1855: Vol 95 Iss 6	English
sim_annalen-der-physik_1855_95_7	1855-01-01	year	1855	95	Annalen der Physik 1855: Vol 95 Iss 7	English
sim_annalen-der-physik_1855_95_8	1855-01-01	year	1855	95	Annalen der Physik 1855: Vol 95 Iss 8	English
sim_annalen-der-physik_1855_95_index	1855-01-01	year	1855	95	Annalen der Physik 1855: Vol 95 Index	English
sim_annalen-der-physik_1855_96_10	1855-01-01	year	1855	96	Annalen der Physik 1855: Vol 96 Iss 10	English
sim_annalen-der-physik_1855_96_11	1855-01-01	year	1855	96	Annalen der Physik 1855: Vol 96 Iss 11	English
sim_annalen-der-physik_1855_96_12	1855-01-01	year	1855	96	Annalen der Physik 1855: Vol 96 Iss 12	English
sim_annalen-der-physik_1855_96_9	1855-01-01	year	1855	96	Annalen der Physik 1855: Vol 96 Iss 9	English
sim_annalen-der-physik_1855_96_index	1855-01-01	year	1855	96	Annalen der Physik 1855: Vol 96 Index	English
sim_annalen-der-physik_1856_97_1	1856-01-01	year	1856	97	Annalen der Physik 1856: Vol 97 Iss 1	English
sim_annalen-der-physik_1856_97_2	1856-01-01	year	1856	97	Annalen der Physik 1856: Vol 97 Iss 2	English
sim_annalen-der-physik_1856_97_3	1856-01-01	year	1856	97	Annalen der Physik 1856: Vol 97 Iss 3	English
sim_annalen-der-physik_1856_97_4	1856-01-01	year	1856	97	Annalen der Physik 1856: Vol 97 Iss 4	English
sim_annalen-der-physik_1856_97_index	1856-01-01	year	1856	97	Annalen der Physik 1856: Vol 97 Index	English
sim_annalen-der-physik_1856_98_5	1856-01-01	year	1856	98	Annalen der Physik 1856: Vol 98 Iss 5	English
sim_annalen-der-physik_1856_98_6	1856-01-01	year	1856	98	Annalen der Physik 1856: Vol 98 Iss 6	English
sim_annalen-der-physik_1856_98_7	1856-01-01	year	1856	98	Annalen der Physik 1856: Vol 98 Iss 7	English
sim_annalen-der-physik_1856_98_8	1856-01-01	year	1856	98	Annalen der Physik 1856: Vol 98 Iss 8	English
sim_annalen-der-physik_1856_98_index	1856-01-01	year	1856	98	Annalen der Physik 1856: Vol 98 Index	English
sim_annalen-der-physik_1856_99_10	1856-01-01	year	1856	99	Annalen der Physik 1856: Vol 99 Iss 10	English
sim_annalen-der-physik_1856_99_11	1856-01-01	year	1856	99	Annalen der Physik 1856: Vol 99 Iss 11	English
sim_annalen-der-physik_1856_99_12	1856-01-01	year	1856	99	Annalen der Physik 1856: Vol 99 Iss 12	English
sim_annalen-der-physik_1856_99_9	1856-01-01	year	1856	99	Annalen der Physik 1856: Vol 99 Iss 9	English
sim_annalen-der-physik_1856_99_index	1856-01-01	year	1856	99	Annalen der Physik 1856: Vol 99 Index	English
sim_annalen-der-physik_1857_100_1	1857-01-01	year	1857	100	Annalen der Physik 1857: Vol 100 Iss 1	English
sim_annalen-der-physik_1857_100_2	1857-01-01	year	1857	100	Annalen der Physik 1857: Vol 100 Iss 2	English
sim_annalen-der-physik_1857_100_3	1857-01-01	year	1857	100	Annalen der Physik 1857: Vol 100 Iss 3	English
sim_annalen-der-physik_1857_100_4	1857-01-01	year	1857	100	Annalen der Physik 1857: Vol 100 Iss 4	English
sim_annalen-der-physik_1857_100_index	1857-01-01	year	1857	100	Annalen der Physik 1857: Vol 100 Index	English
sim_annalen-der-physik_1857_101_5	1857-01-01	year	1857	101	Annalen der Physik 1857: Vol 101 Iss 5	English
sim_annalen-der-physik_1857_101_6	1857-01-01	year	1857	101	Annalen der Physik 1857: Vol 101 Iss 6	English
sim_annalen-der-physik_1857_101_7	1857-01-01	year	1857	101	Annalen der Physik 1857: Vol 101 Iss 7	English
sim_annalen-der-physik_1857_101_8	1857-01-01	year	1857	101	Annalen der Physik 1857: Vol 101 Iss 8	English
sim_annalen-der-physik_1857_101_index	1857-01-01	year	1857	101	Annalen der Physik 1857: Vol 101 Index	English
sim_annalen-der-physik_1857_102_10	1857-01-01	year	1857	102	Annalen der Physik 1857: Vol 102 Iss 10	English
sim_annalen-der-physik_1857_102_11	1857-01-01	year	1857	102	Annalen der Physik 1857: Vol 102 Iss 11	English
sim_annalen-der-physik_1857_102_12	1857-01-01	year	1857	102	Annalen der Physik 1857: Vol 102 Iss 12	English
sim_annalen-der-physik_1857_102_9	1857-01-01	year	1857	102	Annalen der Physik 1857: Vol 102 Iss 9	English
sim_annalen-der-physik_1857_102_index	1857-01-01	year	1857	102	Annalen der Physik 1857: Vol 102 Index	English
sim_annalen-der-physik_1858_103_1	1858-01-01	year	1858	103	Annalen der Physik 1858: Vol 103 Iss 1	English
sim_annalen-der-physik_1858_103_2	1858-01-01	year	1858	103	Annalen der Physik 1858: Vol 103 Iss 2	English
sim_annalen-der-physik_1858_103_3	1858-01-01	year	1858	103	Annalen der Physik 1858: Vol 103 Iss 3	English
sim_annalen-der-physik_1858_103_4	1858-01-01	year	1858	103	Annalen der Physik 1858: Vol 103 Iss 4	English
sim_annalen-der-physik_1858_103_index	1858-01-01	year	1858	103	Annalen der Physik 1858: Vol 103 Index	English
sim_annalen-der-physik_1858_104_5	1858-01-01	year	1858	104	Annalen der Physik 1858: Vol 104 Iss 5	English
sim_annalen-der-physik_1858_104_6	1858-01-01	year	1858	104	Annalen der Physik 1858: Vol 104 Iss 6	English
sim_annalen-der-physik_1858_104_7	1858-01-01	year	1858	104	Annalen der Physik 1858: Vol 104 Iss 7	English
sim_annalen-der-physik_1858_104_8	1858-01-01	year	1858	104	Annalen der Physik 1858: Vol 104 Iss 8	English
sim_annalen-der-physik_1858_104_index	1858-01-01	year	1858	104	Annalen der Physik 1858: Vol 104 Index	English
sim_annalen-der-physik_1858_105_10	1858-01-01	year	1858	105	Annalen der Physik 1858: Vol 105 Iss 10	English
sim_annalen-der-physik_1858_105_11	1858-01-01	year	1858	105	Annalen der Physik 1858: Vol 105 Iss 11	English
sim_annalen-der-physik_1858_105_12	1858-01-01	year	1858	105	Annalen der Physik 1858: Vol 105 Iss 12	English
sim_annalen-der-physik_1858_105_9	1858-01-01	year	1858	105	Annalen der Physik 1858: Vol 105 Iss 9	English
sim_annalen-der-physik_1858_105_index	1858-01-01	year	1858	105	Annalen der Physik 1858: Vol 105 Index	English
sim_annalen-der-physik_1859_106_1	1859-01-01	year	1859	106	Annalen der Physik 1859: Vol 106 Iss 1	English
sim_annalen-der-physik_1859_106_2	1859-01-01	year	1859	106	Annalen der Physik 1859: Vol 106 Iss 2	English
sim_annalen-der-physik_1859_106_3	1859-01-01	year	1859	106	Annalen der Physik 1859: Vol 106 Iss 3	English
sim_annalen-der-physik_1859_106_4	1859-01-01	year	1859	106	Annalen der Physik 1859: Vol 106 Iss 4	English
sim_annalen-der-physik_1859_106_index	1859-01-01	year	1859	106	Annalen der Physik 1859: Vol 106 Index	English
sim_annalen-der-physik_1859_107_5	1859-01-01	year	1859	107	Annalen der Physik 1859: Vol 107 Iss 5	English
sim_annalen-der-physik_1859_107_6	1859-01-01	year	1859	107	Annalen der Physik 1859: Vol 107 Iss 6	English
sim_annalen-der-physik_1859_107_7	1859-01-01	year	1859	107	Annalen der Physik 1859: Vol 107 Iss 7	English
sim_annalen-der-physik_1859_107_8	1859-01-01	year	1859	107	Annalen der Physik 1859: Vol 107 Iss 8	English
sim_annalen-der-physik_1859_107_index	1859-01-01	year	1859	107	Annalen der Physik 1859: Vol 107 Index	English
sim_annalen-der-physik_1859_108_10	1859-01-01	year	1859	108	Annalen der Physik 1859: Vol 108 Iss 10	English
sim_annalen-der-physik_1859_108_11	1859-01-01	year	1859	108	Annalen der Physik 1859: Vol 108 Iss 11	English
sim_annalen-der-physik_1859_108_12	1859-01-01	year	1859	108	Annalen der Physik 1859: Vol 108 Iss 12	English
sim_annalen-der-physik_1859_108_9	1859-01-01	year	1859	108	Annalen der Physik 1859: Vol 108 Iss 9	English
sim_annalen-der-physik_1859_108_index	1859-01-01	year	1859	108	Annalen der Physik 1859: Vol 108 Index	English
sim_annalen-der-physik_1860_109_1	1860-01-01	year	1860	109	Annalen der Physik 1860: Vol 109 Iss 1	English
sim_annalen-der-physik_1860_109_2	1860-01-01	year	1860	109	Annalen der Physik 1860: Vol 109 Iss 2	English
sim_annalen-der-physik_1860_109_3	1860-01-01	year	1860	109	Annalen der Physik 1860: Vol 109 Iss 3	English
sim_annalen-der-physik_1860_109_4	1860-01-01	year	1860	109	Annalen der Physik 1860: Vol 109 Iss 4	English
sim_annalen-der-physik_1860_109_index	1860-01-01	year	1860	109	Annalen der Physik 1860: Vol 109 Index	English
sim_annalen-der-physik_1860_110_5	1860-01-01	year	1860	110	Annalen der Physik 1860: Vol 110 Iss 5	English
sim_annalen-der-physik_1860_110_6	1860-01-01	year	1860	110	Annalen der Physik 1860: Vol 110 Iss 6	English
sim_annalen-der-physik_1860_110_7	1860-01-01	year	1860	110	Annalen der Physik 1860: Vol 110 Iss 7	English
sim_annalen-der-physik_1860_110_8	1860-01-01	year	1860	110	Annalen der Physik 1860: Vol 110 Iss 8	English
sim_annalen-der-physik_1860_110_index	1860-01-01	year	1860	110	Annalen der Physik 1860: Vol 110 Index	English
sim_annalen-der-physik_1860_111_10	1860-01-01	year	1860	111	Annalen der Physik 1860: Vol 111 Iss 10	English
sim_annalen-der-physik_1860_111_11	1860-01-01	year	1860	111	Annalen der Physik 1860: Vol 111 Iss 11	English
sim_annalen-der-physik_1860_111_12	1860-01-01	year	1860	111	Annalen der Physik 1860: Vol 111 Iss 12	English
sim_annalen-der-physik_1860_111_9	1860-01-01	year	1860	111	Annalen der Physik 1860: Vol 111 Iss 9	English
sim_annalen-der-physik_1860_111_index	1860-01-01	year	1860	111	Annalen der Physik 1860: Vol 111 Index	English
sim_annalen-der-physik_1861_112_1	1861-01-01	year	1861	112	Annalen der Physik 1861: Vol 112 Iss 1	English
sim_annalen-der-physik_1861_112_2	1861-01-01	year	1861	112	Annalen der Physik 1861: Vol 112 Iss 2	English
sim_annalen-der-physik_1861_112_3	1861-01-01	year	1861	112	Annalen der Physik 1861: Vol 112 Iss 3	English
sim_annalen-der-physik_1861_112_4	1861-01-01	year	1861	112	Annalen der Physik 1861: Vol 112 Iss 4	English
sim_annalen-der-physik_1861_112_index	1861-01-01	year	1861	112	Annalen der Physik 1861: Vol 112 Index	English
sim_annalen-der-physik_1861_113_5	1861-01-01	year	1861	113	Annalen der Physik 1861: Vol 113 Iss 5	English
sim_annalen-der-physik_1861_113_6	1861-01-01	year	1861	113	Annalen der Physik 1861: Vol 113 Iss 6	English
sim_annalen-der-physik_1861_113_7	1861-01-01	year	1861	113	Annalen der Physik 1861: Vol 113 Iss 7	English
sim_annalen-der-physik_1861_113_8	1861-01-01	year	1861	113	Annalen der Physik 1861: Vol 113 Iss 8	English
sim_annalen-der-physik_1861_113_index	1861-01-01	year	1861	113	Annalen der Physik 1861: Vol 113 Index	English
sim_annalen-der-physik_1861_114_10	1861-01-01	year	1861	114	Annalen der Physik 1861: Vol 114 Iss 10	English
sim_annalen-der-physik_1861_114_11	1861-01-01	year	1861	114	Annalen der Physik 1861: Vol 114 Iss 11	English
sim_annalen-der-physik_1861_114_12	1861-01-01	year	1861	114	Annalen der Physik 1861: Vol 114 Iss 12	English
sim_annalen-der-physik_1861_114_9	1861-01-01	year	1861	114	Annalen der Physik 1861: Vol 114 Iss 9	English
sim_annalen-der-physik_1861_114_index	1861-01-01	year	1861	114	Annalen der Physik 1861: Vol 114 Index	English
sim_annalen-der-physik_1862_115_1	1862-01-01	year	1862	115	Annalen der Physik 1862: Vol 115 Iss 1	English
sim_annalen-der-physik_1862_115_2	1862-01-01	year	1862	115	Annalen der Physik 1862: Vol 115 Iss 2	English
sim_annalen-der-physik_1862_115_3	1862-01-01	year	1862	115	Annalen der Physik 1862: Vol 115 Iss 3	English
sim_annalen-der-physik_1862_115_4	1862-01-01	year	1862	115	Annalen der Physik 1862: Vol 115 Iss 4	English
sim_annalen-der-physik_1862_115_index	1862-01-01	year	1862	115	Annalen der Physik 1862: Vol 115 Index	English
sim_annalen-der-physik_1862_116_5	1862-01-01	year	1862	116	Annalen der Physik 1862: Vol 116 Iss 5	English
sim_annalen-der-physik_1862_116_6	1862-01-01	year	1862	116	Annalen der Physik 1862: Vol 116 Iss 6	English
sim_annalen-der-physik_1862_116_7	1862-01-01	year	1862	116	Annalen der Physik 1862: Vol 116 Iss 7	English
sim_annalen-der-physik_1862_116_8	1862-01-01	year	1862	116	Annalen der Physik 1862: Vol 116 Iss 8	English
sim_annalen-der-physik_1862_116_index	1862-01-01	year	1862	116	Annalen der Physik 1862: Vol 116 Index	English
sim_annalen-der-physik_1862_117_10	1862-01-01	year	1862	117	Annalen der Physik 1862: Vol 117 Iss 10	English
sim_annalen-der-physik_1862_117_11	1862-01-01	year	1862	117	Annalen der Physik 1862: Vol 117 Iss 11	English
sim_annalen-der-physik_1862_117_12	1862-01-01	year	1862	117	Annalen der Physik 1862: Vol 117 Iss 12	English
sim_annalen-der-physik_1862_117_9	1862-01-01	year	1862	117	Annalen der Physik 1862: Vol 117 Iss 9	English
sim_annalen-der-physik_1862_117_index	1862-01-01	year	1862	117	Annalen der Physik 1862: Vol 117 Index	English
sim_annalen-der-physik_1863_118_1	1863-01-01	year	1863	118	Annalen der Physik 1863: Vol 118 Iss 1	English
sim_annalen-der-physik_1863_118_2	1863-01-01	year	1863	118	Annalen der Physik 1863: Vol 118 Iss 2	English
sim_annalen-der-physik_1863_118_3	1863-01-01	year	1863	118	Annalen der Physik 1863: Vol 118 Iss 3	English
sim_annalen-der-physik_1863_118_4	1863-01-01	year	1863	118	Annalen der Physik 1863: Vol 118 Iss 4	English
sim_annalen-der-physik_1863_118_index	1863-01-01	year	1863	118	Annalen der Physik 1863: Vol 118 Index	English
sim_annalen-der-physik_1863_119_5	1863-01-01	year	1863	119	Annalen der Physik 1863: Vol 119 Iss 5	English
sim_annalen-der-physik_1863_119_6	1863-01-01	year	1863	119	Annalen der Physik 1863: Vol 119 Iss 6	English
sim_annalen-der-physik_1863_119_7	1863-01-01	year	1863	119	Annalen der Physik 1863: Vol 119 Iss 7	English
sim_annalen-der-physik_1863_119_8	1863-01-01	year	1863	119	Annalen der Physik 1863: Vol 119 Iss 8	English
sim_annalen-der-physik_1863_119_index	1863-01-01	year	1863	119	Annalen der Physik 1863: Vol 119 Index	English
sim_annalen-der-physik_1863_120_10	1863-01-01	year	1863	120	Annalen der Physik 1863: Vol 120 Iss 10	English
sim_annalen-der-physik_1863_120_11	1863-01-01	year	1863	120	Annalen der Physik 1863: Vol 120 Iss 11	English
sim_annalen-der-physik_1863_120_12	1863-01-01	year	1863	120	Annalen der Physik 1863: Vol 120 Iss 12	English
sim_annalen-der-physik_1863_120_9	1863-01-01	year	1863	120	Annalen der Physik 1863: Vol 120 Iss 9	English
sim_annalen-der-physik_1863_120_index	1863-01-01	year	1863	120	Annalen der Physik 1863: Vol 120 Index	English
sim_annalen-der-physik_1864_121_1	1864-01-01	year	1864	121	Annalen der Physik 1864: Vol 121 Iss 1	English
sim_annalen-der-physik_1864_121_2	1864-01-01	year	1864	121	Annalen der Physik 1864: Vol 121 Iss 2	English
sim_annalen-der-physik_1864_121_3	1864-01-01	year	1864	121	Annalen der Physik 1864: Vol 121 Iss 3	English
sim_annalen-der-physik_1864_121_4	1864-01-01	year	1864	121	Annalen der Physik 1864: Vol 121 Iss 4	English
sim_annalen-der-physik_1864_121_index	1864-01-01	year	1864	121	Annalen der Physik 1864: Vol 121 Index	English
sim_annalen-der-physik_1864_122_5	1864-01-01	year	1864	122	Annalen der Physik 1864: Vol 122 Iss 5	English
sim_annalen-der-physik_1864_122_6	1864-01-01	year	1864	122	Annalen der Physik 1864: Vol 122 Iss 6	English
sim_annalen-der-physik_1864_122_7	1864-01-01	year	1864	122	Annalen der Physik 1864: Vol 122 Iss 7	English
sim_annalen-der-physik_1864_122_8	1864-01-01	year	1864	122	Annalen der Physik 1864: Vol 122 Iss 8	English
sim_annalen-der-physik_1864_122_index	1864-01-01	year	1864	122	Annalen der Physik 1864: Vol 122 Index	English
sim_annalen-der-physik_1864_123_10	1864-01-01	year	1864	123	Annalen der Physik 1864: Vol 123 Iss 10	English
sim_annalen-der-physik_1864_123_11	1864-01-01	year	1864	123	Annalen der Physik 1864: Vol 123 Iss 11	English
sim_annalen-der-physik_1864_123_12	1864-01-01	year	1864	123	Annalen der Physik 1864: Vol 123 Iss 12	English
sim_annalen-der-physik_1864_123_9	1864-01-01	year	1864	123	Annalen der Physik 1864: Vol 123 Iss 9	English
sim_annalen-der-physik_1864_123_index	1864-01-01	year	1864	123	Annalen der Physik 1864: Vol 123 Index	English
sim_annalen-der-physik_1865_124_1	1865-01-01	year	1865	124	Annalen der Physik 1865: Vol 124 Iss 1	English
sim_annalen-der-physik_1865_124_2	1865-01-01	year	1865	124	Annalen der Physik 1865: Vol 124 Iss 2	English
sim_annalen-der-physik_1865_124_3	1865-01-01	year	1865	124	Annalen der Physik 1865: Vol 124 Iss 3	English
sim_annalen-der-physik_1865_124_4	1865-01-01	year	1865	124	Annalen der Physik 1865: Vol 124 Iss 4	English
sim_annalen-der-physik_1865_124_index	1865-01-01	year	1865	124	Annalen der Physik 1865: Vol 124 Index	English
sim_annalen-der-physik_1865_125_5	1865-01-01	year	1865	125	Annalen der Physik 1865: Vol 125 Iss 5	English
sim_annalen-der-physik_1865_125_6	1865-01-01	year	1865	125	Annalen der Physik 1865: Vol 125 Iss 6	English
sim_annalen-der-physik_1865_125_7	1865-01-01	year	1865	125	Annalen der Physik 1865: Vol 125 Iss 7	English
sim_annalen-der-physik_1865_125_8	1865-01-01	year	1865	125	Annalen der Physik 1865: Vol 125 Iss 8	English
sim_annalen-der-physik_1865_125_index	1865-01-01	year	1865	125	Annalen der Physik 1865: Vol 125 Index	English
sim_annalen-der-physik_1865_126_10	1865-01-01	year	1865	126	Annalen der Physik und Chemie 1865: Vol 126 Iss 10	English
sim_annalen-der-physik_1865_126_11	1865-01-01	year	1865	126	Annalen der Physik und Chemie 1865: Vol 126 Iss 11	English
sim_annalen-der-physik_1865_126_12	1865-01-01	year	1865	126	Annalen der Physik und Chemie 1865: Vol 126 Iss 12	English
sim_annalen-der-physik_1865_126_9	1865-01-01	year	1865	126	Annalen der Physik und Chemie 1865: Vol 126 Iss 9	English
sim_annalen-der-physik_1865_126_contents	1865-01-01	year	1865	126	Annalen der Physik und Chemie 1865: Vol 126 Table of Contents	English
sim_annalen-der-physik_1866_127_1	1866-01-01	year	1866	127	Annalen der Physik und Chemie 1866: Vol 127 Iss 1	English
sim_annalen-der-physik_1866_127_2	1866-01-01	year	1866	127	Annalen der Physik und Chemie 1866: Vol 127 Iss 2	English
sim_annalen-der-physik_1866_127_3	1866-01-01	year	1866	127	Annalen der Physik und Chemie 1866: Vol 127 Iss 3	English
sim_annalen-der-physik_1866_127_4	1866-01-01	year	1866	127	Annalen der Physik und Chemie 1866: Vol 127 Iss 4	English
sim_annalen-der-physik_1866_127_contents	1866-01-01	year	1866	127	Annalen der Physik und Chemie 1866: Vol 127 Table of Contents	English
sim_annalen-der-physik_1866_128_5	1866-01-01	year	1866	128	Annalen der Physik und Chemie 1866: Vol 128 Iss 5	English
sim_annalen-der-physik_1866_128_6	1866-01-01	year	1866	128	Annalen der Physik und Chemie 1866: Vol 128 Iss 6	English
sim_annalen-der-physik_1866_128_7	1866-01-01	year	1866	128	Annalen der Physik und Chemie 1866: Vol 128 Iss 7	English
sim_annalen-der-physik_1866_128_8	1866-01-01	year	1866	128	Annalen der Physik und Chemie 1866: Vol 128 Iss 8	English
sim_annalen-der-physik_1866_128_contents	1866-01-01	year	1866	128	Annalen der Physik und Chemie 1866: Vol 128 Table of Contents	English
sim_annalen-der-physik_1866_129_10	1866-01-01	year	1866	129	Annalen der Physik und Chemie 1866: Vol 129 Iss 10	English
sim_annalen-der-physik_1866_129_11	1866-01-01	year	1866	129	Annalen der Physik und Chemie 1866: Vol 129 Iss 11	English
sim_annalen-der-physik_1866_129_12	1866-01-01	year	1866	129	Annalen der Physik und Chemie 1866: Vol 129 Iss 12	English
sim_annalen-der-physik_1866_129_9	1866-01-01	year	1866	129	Annalen der Physik und Chemie 1866: Vol 129 Iss 9	English
sim_annalen-der-physik_1866_129_contents	1866-01-01	year	1866	129	Annalen der Physik und Chemie 1866: Vol 129 Table of Contents	English
sim_annalen-der-physik_1867_130_1	1867-01-01	year	1867	130	Annalen der Physik und Chemie 1867: Vol 130 Iss 1	English
sim_annalen-der-physik_1867_130_2	1867-01-01	year	1867	130	Annalen der Physik und Chemie 1867: Vol 130 Iss 2	English
sim_annalen-der-physik_1867_130_3	1867-01-01	year	1867	130	Annalen der Physik und Chemie 1867: Vol 130 Iss 3	English
sim_annalen-der-physik_1867_130_4	1867-01-01	year	1867	130	Annalen der Physik und Chemie 1867: Vol 130 Iss 4	English
sim_annalen-der-physik_1867_130_contents	1867-01-01	year	1867	130	Annalen der Physik und Chemie 1867: Vol 130 Table of Contents	English
sim_annalen-der-physik_1867_131_5	1867-01-01	year	1867	131	Annalen der Physik und Chemie 1867: Vol 131 Iss 5	English
sim_annalen-der-physik_1867_131_6	1867-01-01	year	1867	131	Annalen der Physik und Chemie 1867: Vol 131 Iss 6	English
sim_annalen-der-physik_1867_131_7	1867-01-01	year	1867	131	Annalen der Physik und Chemie 1867: Vol 131 Iss 7	English
sim_annalen-der-physik_1867_131_contents	1867-01-01	year	1867	131	Annalen der Physik und Chemie 1867: Vol 131 Table of Contents	English
sim_annalen-der-physik_1867_132_10	1867-01-01	year	1867	132	Annalen der Physik und Chemie 1867: Vol 132 Iss 10	English
sim_annalen-der-physik_1867_132_11	1867-01-01	year	1867	132	Annalen der Physik und Chemie 1867: Vol 132 Iss 11	English
sim_annalen-der-physik_1867_132_12	1867-01-01	year	1867	132	Annalen der Physik und Chemie 1867: Vol 132 Iss 12	English
sim_annalen-der-physik_1867_132_9	1867-01-01	year	1867	132	Annalen der Physik und Chemie 1867: Vol 132 Iss 9	English
sim_annalen-der-physik_1867_132_contents	1867-01-01	year	1867	132	Annalen der Physik und Chemie 1867: Vol 132 Table of Contents	English
sim_annalen-der-physik_1868_133_1	1868-01-01	year	1868	133	Annalen der Physik und Chemie 1868: Vol 133 Iss 1	English
sim_annalen-der-physik_1868_133_2	1868-01-01	year	1868	133	Annalen der Physik und Chemie 1868: Vol 133 Iss 2	English
sim_annalen-der-physik_1868_133_3	1868-01-01	year	1868	133	Annalen der Physik und Chemie 1868: Vol 133 Iss 3	English
sim_annalen-der-physik_1868_133_4	1868-01-01	year	1868	133	Annalen der Physik und Chemie 1868: Vol 133 Iss 4	English
sim_annalen-der-physik_1868_133_contents	1868-01-01	year	1868	133	Annalen der Physik und Chemie 1868: Vol 133 Table of Contents	English
sim_annalen-der-physik_1868_134_5	1868-01-01	year	1868	134	Annalen der Physik und Chemie 1868: Vol 134 Iss 5	English
sim_annalen-der-physik_1868_134_6	1868-01-01	year	1868	134	Annalen der Physik und Chemie 1868: Vol 134 Iss 6	English
sim_annalen-der-physik_1868_134_7	1868-01-01	year	1868	134	Annalen der Physik und Chemie 1868: Vol 134 Iss 7	English
sim_annalen-der-physik_1868_134_8	1868-01-01	year	1868	134	Annalen der Physik und Chemie 1868: Vol 134 Iss 8	English
sim_annalen-der-physik_1868_134_contents	1868-01-01	year	1868	134	Annalen der Physik und Chemie 1868: Vol 134 Table of Contents	English
sim_annalen-der-physik_1868_135_10	1868-01-01	year	1868	135	Annalen der Physik und Chemie 1868: Vol 135 Iss 10	English
sim_annalen-der-physik_1868_135_11	1868-01-01	year	1868	135	Annalen der Physik und Chemie 1868: Vol 135 Iss 11	English
sim_annalen-der-physik_1868_135_12	1868-01-01	year	1868	135	Annalen der Physik und Chemie 1868: Vol 135 Iss 12	English
sim_annalen-der-physik_1868_135_9	1868-01-01	year	1868	135	Annalen der Physik und Chemie 1868: Vol 135 Iss 9	English
sim_annalen-der-physik_1868_135_contents	1868-01-01	year	1868	135	Annalen der Physik und Chemie 1868: Vol 135 Table of Contents	English
sim_annalen-der-physik_1869_136_1	1869-01-01	year	1869	136	Annalen der Physik und Chemie 1869: Vol 136 Iss 1	English
sim_annalen-der-physik_1869_136_2	1869-01-01	year	1869	136	Annalen der Physik und Chemie 1869: Vol 136 Iss 2	English
sim_annalen-der-physik_1869_136_3	1869-01-01	year	1869	136	Annalen der Physik und Chemie 1869: Vol 136 Iss 3	English
sim_annalen-der-physik_1869_136_4	1869-01-01	year	1869	136	Annalen der Physik und Chemie 1869: Vol 136 Iss 4	English
sim_annalen-der-physik_1869_136_contents	1869-01-01	year	1869	136	Annalen der Physik und Chemie 1869: Vol 136 Table of Contents	English
sim_annalen-der-physik_1869_137_5	1869-01-01	year	1869	137	Annalen der Physik und Chemie 1869: Vol 137 Iss 5	English
sim_annalen-der-physik_1869_137_6	1869-01-01	year	1869	137	Annalen der Physik und Chemie 1869: Vol 137 Iss 6	English
sim_annalen-der-physik_1869_137_7	1869-01-01	year	1869	137	Annalen der Physik und Chemie 1869: Vol 137 Iss 7	English
sim_annalen-der-physik_1869_137_8	1869-01-01	year	1869	137	Annalen der Physik und Chemie 1869: Vol 137 Iss 8	English
sim_annalen-der-physik_1869_137_contents	1869-01-01	year	1869	137	Annalen der Physik und Chemie 1869: Vol 137 Table of Contents	English
sim_annalen-der-physik_1869_138_10	1869-01-01	year	1869	138	Annalen der Physik und Chemie 1869: Vol 138 Iss 10	English
sim_annalen-der-physik_1869_138_11	1869-01-01	year	1869	138	Annalen der Physik und Chemie 1869: Vol 138 Iss 11	English
sim_annalen-der-physik_1869_138_12	1869-01-01	year	1869	138	Annalen der Physik und Chemie 1869: Vol 138 Iss 12	English
sim_annalen-der-physik_1869_138_9	1869-01-01	year	1869	138	Annalen der Physik und Chemie 1869: Vol 138 Iss 9	English
sim_annalen-der-physik_1869_138_contents	1869-01-01	year	1869	138	Annalen der Physik und Chemie 1869: Vol 138 Table of Contents	English
sim_annalen-der-physik_1870_139_1	1870-01-01	year	1870	139	Annalen der Physik und Chemie 1870: Vol 139 Iss 1	English
sim_annalen-der-physik_1870_139_2	1870-01-01	year	1870	139	Annalen der Physik und Chemie 1870: Vol 139 Iss 2	English
sim_annalen-der-physik_1870_139_3	1870-01-01	year	1870	139	Annalen der Physik und Chemie 1870: Vol 139 Iss 3	English
sim_annalen-der-physik_1870_139_4	1870-01-01	year	1870	139	Annalen der Physik und Chemie 1870: Vol 139 Iss 4	English
sim_annalen-der-physik_1870_139_contents	1870-01-01	year	1870	139	Annalen der Physik und Chemie 1870: Vol 139 Table of Contents	English
sim_annalen-der-physik_1870_140_5	1870-01-01	year	1870	140	Annalen der Physik und Chemie 1870: Vol 140 Iss 5	English
sim_annalen-der-physik_1870_140_6	1870-01-01	year	1870	140	Annalen der Physik und Chemie 1870: Vol 140 Iss 6	English
sim_annalen-der-physik_1870_140_7	1870-01-01	year	1870	140	Annalen der Physik und Chemie 1870: Vol 140 Iss 7	English
sim_annalen-der-physik_1870_140_8	1870-01-01	year	1870	140	Annalen der Physik und Chemie 1870: Vol 140 Iss 8	English
sim_annalen-der-physik_1870_140_contents	1870-01-01	year	1870	140	Annalen der Physik und Chemie 1870: Vol 140 Table of Contents	English
sim_annalen-der-physik_1870_141_10	1870-01-01	year	1870	141	Annalen der Physik und Chemie 1870: Vol 141 Iss 10	English
sim_annalen-der-physik_1870_141_11	1870-01-01	year	1870	141	Annalen der Physik und Chemie 1870: Vol 141 Iss 11	English
sim_annalen-der-physik_1870_141_12	1870-01-01	year	1870	141	Annalen der Physik und Chemie 1870: Vol 141 Iss 12	English
sim_annalen-der-physik_1870_141_9	1870-01-01	year	1870	141	Annalen der Physik und Chemie 1870: Vol 141 Iss 9	English
sim_annalen-der-physik_1870_141_contents	1870-01-01	year	1870	141	Annalen der Physik und Chemie 1870: Vol 141 Table of Contents	English
sim_annalen-der-physik_1871_142_1	1871-01-01	year	1871	142	Annalen der Physik und Chemie 1871: Vol 142 Iss 1	English
sim_annalen-der-physik_1871_142_2	1871-01-01	year	1871	142	Annalen der Physik und Chemie 1871: Vol 142 Iss 2	English
sim_annalen-der-physik_1871_142_3	1871-01-01	year	1871	142	Annalen der Physik und Chemie 1871: Vol 142 Iss 3	English
sim_annalen-der-physik_1871_142_4	1871-01-01	year	1871	142	Annalen der Physik und Chemie 1871: Vol 142 Iss 4	English
sim_annalen-der-physik_1871_142_contents	1871-01-01	year	1871	142	Annalen der Physik und Chemie 1871: Vol 142 Table of Contents	English
sim_annalen-der-physik_1871_143_5	1871-01-01	year	1871	143	Annalen der Physik und Chemie 1871: Vol 143 Iss 5	English
sim_annalen-der-physik_1871_143_6	1871-01-01	year	1871	143	Annalen der Physik und Chemie 1871: Vol 143 Iss 6	English
sim_annalen-der-physik_1871_143_7	1871-01-01	year	1871	143	Annalen der Physik und Chemie 1871: Vol 143 Iss 7	English
sim_annalen-der-physik_1871_143_8	1871-01-01	year	1871	143	Annalen der Physik und Chemie 1871: Vol 143 Iss 8	English
sim_annalen-der-physik_1871_143_contents	1871-01-01	year	1871	143	Annalen der Physik und Chemie 1871: Vol 143 Table of Contents	English
sim_annalen-der-physik_1871_144_10	1871-01-01	year	1871	144	Annalen der Physik und Chemie 1871: Vol 144 Iss 10	English
sim_annalen-der-physik_1871_144_11	1871-01-01	year	1871	144	Annalen der Physik und Chemie 1871: Vol 144 Iss 11	English
sim_annalen-der-physik_1871_144_12	1871-01-01	year	1871	144	Annalen der Physik und Chemie 1871: Vol 144 Iss 12	English
sim_annalen-der-physik_1871_144_9	1871-01-01	year	1871	144	Annalen der Physik und Chemie 1871: Vol 144 Iss 9	English
sim_annalen-der-physik_1871_144_contents	1871-01-01	year	1871	144	Annalen der Physik und Chemie 1871: Vol 144 Table of Contents	English
sim_annalen-der-physik_1872_145_1	1872-01-01	year	1872	145	Annalen der Physik und Chemie 1872: Vol 145 Iss 1	English
sim_annalen-der-physik_1872_145_2	1872-01-01	year	1872	145	Annalen der Physik und Chemie 1872: Vol 145 Iss 2	English
sim_annalen-der-physik_1872_145_3	1872-01-01	year	1872	145	Annalen der Physik und Chemie 1872: Vol 145 Iss 3	English
sim_annalen-der-physik_1872_145_4	1872-01-01	year	1872	145	Annalen der Physik und Chemie 1872: Vol 145 Iss 4	English
sim_annalen-der-physik_1872_145_contents	1872-01-01	year	1872	145	Annalen der Physik und Chemie 1872: Vol 145 Table of Contents	English
sim_annalen-der-physik_1872_146_5	1872-01-01	year	1872	146	Annalen der Physik und Chemie 1872: Vol 146 Iss 5	English
sim_annalen-der-physik_1872_146_6	1872-01-01	year	1872	146	Annalen der Physik und Chemie 1872: Vol 146 Iss 6	English
sim_annalen-der-physik_1872_146_7	1872-01-01	year	1872	146	Annalen der Physik und Chemie 1872: Vol 146 Iss 7	English
sim_annalen-der-physik_1872_146_8	1872-01-01	year	1872	146	Annalen der Physik und Chemie 1872: Vol 146 Iss 8	English
sim_annalen-der-physik_1872_146_contents	1872-01-01	year	1872	146	Annalen der Physik und Chemie 1872: Vol 146 Table of Contents	English
sim_annalen-der-physik_1872_147_10	1872-01-01	year	1872	147	Annalen der Physik und Chemie 1872: Vol 147 Iss 10	English
sim_annalen-der-physik_1872_147_11	1872-01-01	year	1872	147	Annalen der Physik und Chemie 1872: Vol 147 Iss 11	English
sim_annalen-der-physik_1872_147_12	1872-01-01	year	1872	147	Annalen der Physik und Chemie 1872: Vol 147 Iss 12	English
sim_annalen-der-physik_1872_147_9	1872-01-01	year	1872	147	Annalen der Physik und Chemie 1872: Vol 147 Iss 9	English
sim_annalen-der-physik_1872_147_contents	1872-01-01	year	1872	147	Annalen der Physik und Chemie 1872: Vol 147 Table of Contents	English
sim_annalen-der-physik_1873_148_1	1873-01-01	year	1873	148	Annalen der Physik und Chemie 1873: Vol 148 Iss 1	English
sim_annalen-der-physik_1873_148_2	1873-01-01	year	1873	148	Annalen der Physik und Chemie 1873: Vol 148 Iss 2	English
sim_annalen-der-physik_1873_148_3	1873-01-01	year	1873	148	Annalen der Physik und Chemie 1873: Vol 148 Iss 3	English
sim_annalen-der-physik_1873_148_4	1873-01-01	year	1873	148	Annalen der Physik und Chemie 1873: Vol 148 Iss 4	English
sim_annalen-der-physik_1873_148_contents	1873-01-01	year	1873	148	Annalen der Physik und Chemie 1873: Vol 148 Table of Contents	English
sim_annalen-der-physik_1873_149_5	1873-01-01	year	1873	149	Annalen der Physik und Chemie 1873: Vol 149 Iss 5	English
sim_annalen-der-physik_1873_149_6	1873-01-01	year	1873	149	Annalen der Physik und Chemie 1873: Vol 149 Iss 6	English
sim_annalen-der-physik_1873_149_7	1873-01-01	year	1873	149	Annalen der Physik und Chemie 1873: Vol 149 Iss 7	English
sim_annalen-der-physik_1873_149_8	1873-01-01	year	1873	149	Annalen der Physik und Chemie 1873: Vol 149 Iss 8	English
sim_annalen-der-physik_1873_149_contents	1873-01-01	year	1873	149	Annalen der Physik und Chemie 1873: Vol 149 Table of Contents	English
sim_annalen-der-physik_1873_150_10	1873-01-01	year	1873	150	Annalen der Physik und Chemie 1873: Vol 150 Iss 10	English
sim_annalen-der-physik_1873_150_11	1873-01-01	year	1873	150	Annalen der Physik und Chemie 1873: Vol 150 Iss 11	English
sim_annalen-der-physik_1873_150_12	1873-01-01	year	1873	150	Annalen der Physik und Chemie 1873: Vol 150 Iss 12	English
sim_annalen-der-physik_1873_150_9	1873-01-01	year	1873	150	Annalen der Physik und Chemie 1873: Vol 150 Iss 9	English
sim_annalen-der-physik_1873_150_contents	1873-01-01	year	1873	150	Annalen der Physik und Chemie 1873: Vol 150 Table of Contents	English
sim_annalen-der-physik_1874_151_1	1874-01-01	year	1874	151	Annalen der Physik und Chemie 1874: Vol 151 Iss 1	English
sim_annalen-der-physik_1874_151_2	1874-01-01	year	1874	151	Annalen der Physik und Chemie 1874: Vol 151 Iss 2	English
sim_annalen-der-physik_1874_151_3	1874-01-01	year	1874	151	Annalen der Physik und Chemie 1874: Vol 151 Iss 3	English
sim_annalen-der-physik_1874_151_4	1874-01-01	year	1874	151	Annalen der Physik und Chemie 1874: Vol 151 Iss 4	English
sim_annalen-der-physik_1874_151_contents	1874-01-01	year	1874	151	Annalen der Physik und Chemie 1874: Vol 151 Table of Contents	English
sim_annalen-der-physik_1874_152_5	1874-01-01	year	1874	152	Annalen der Physik und Chemie 1874: Vol 152 Iss 5	English
sim_annalen-der-physik_1874_152_6	1874-01-01	year	1874	152	Annalen der Physik und Chemie 1874: Vol 152 Iss 6	English
sim_annalen-der-physik_1874_152_7	1874-01-01	year	1874	152	Annalen der Physik und Chemie 1874: Vol 152 Iss 7	English
sim_annalen-der-physik_1874_152_8	1874-01-01	year	1874	152	Annalen der Physik und Chemie 1874: Vol 152 Iss 8	English
sim_annalen-der-physik_1874_152_contents	1874-01-01	year	1874	152	Annalen der Physik und Chemie 1874: Vol 152 Table of Contents	English
sim_annalen-der-physik_1874_153_10	1874-01-01	year	1874	153	Annalen der Physik und Chemie 1874: Vol 153 Iss 10	English
sim_annalen-der-physik_1874_153_11	1874-01-01	year	1874	153	Annalen der Physik und Chemie 1874: Vol 153 Iss 11	English
sim_annalen-der-physik_1874_153_12	1874-01-01	year	1874	153	Annalen der Physik und Chemie 1874: Vol 153 Iss 12	English
sim_annalen-der-physik_1874_153_9	1874-01-01	year	1874	153	Annalen der Physik und Chemie 1874: Vol 153 Iss 9	English
sim_annalen-der-physik_1874_153_contents	1874-01-01	year	1874	153	Annalen der Physik und Chemie 1874: Vol 153 Table of Contents	English
sim_annalen-der-physik_1875_154_1	1875-01-01	year	1875	154	Annalen der Physik und Chemie 1875: Vol 154 Iss 1	English
sim_annalen-der-physik_1875_154_2	1875-01-01	year	1875	154	Annalen der Physik und Chemie 1875: Vol 154 Iss 2	English
sim_annalen-der-physik_1875_154_3	1875-01-01	year	1875	154	Annalen der Physik und Chemie 1875: Vol 154 Iss 3	English
sim_annalen-der-physik_1875_154_4	1875-01-01	year	1875	154	Annalen der Physik und Chemie 1875: Vol 154 Iss 4	English
sim_annalen-der-physik_1875_154_contents	1875-01-01	year	1875	154	Annalen der Physik und Chemie 1875: Vol 154 Table of Contents	English
sim_annalen-der-physik_1875_155_5	1875-01-01	year	1875	155	Annalen der Physik und Chemie 1875: Vol 155 Iss 5	English
sim_annalen-der-physik_1875_155_6	1875-01-01	year	1875	155	Annalen der Physik und Chemie 1875: Vol 155 Iss 6	English
sim_annalen-der-physik_1875_155_7	1875-01-01	year	1875	155	Annalen der Physik und Chemie 1875: Vol 155 Iss 7	English
sim_annalen-der-physik_1875_155_8	1875-01-01	year	1875	155	Annalen der Physik und Chemie 1875: Vol 155 Iss 8	English
sim_annalen-der-physik_1875_155_contents	1875-01-01	year	1875	155	Annalen der Physik und Chemie 1875: Vol 155 Table of Contents	English
sim_annalen-der-physik_1875_156_10	1875-01-01	year	1875	156	Annalen der Physik und Chemie 1875: Vol 156 Iss 10	English
sim_annalen-der-physik_1875_156_11	1875-01-01	year	1875	156	Annalen der Physik und Chemie 1875: Vol 156 Iss 11	English
sim_annalen-der-physik_1875_156_12	1875-01-01	year	1875	156	Annalen der Physik und Chemie 1875: Vol 156 Iss 12	English
sim_annalen-der-physik_1875_156_9	1875-01-01	year	1875	156	Annalen der Physik und Chemie 1875: Vol 156 Iss 9	English
sim_annalen-der-physik_1875_156_contents	1875-01-01	year	1875	156	Annalen der Physik und Chemie 1875: Vol 156 Table of Contents	English
sim_annalen-der-physik_1876_157_1	1876-01-01	year	1876	157	Annalen der Physik und Chemie 1876: Vol 157 Iss 1	English
sim_annalen-der-physik_1876_157_2	1876-01-01	year	1876	157	Annalen der Physik und Chemie 1876: Vol 157 Iss 2	English
sim_annalen-der-physik_1876_157_3	1876-01-01	year	1876	157	Annalen der Physik und Chemie 1876: Vol 157 Iss 3	English
sim_annalen-der-physik_1876_157_4	1876-01-01	year	1876	157	Annalen der Physik und Chemie 1876: Vol 157 Iss 4	English
sim_annalen-der-physik_1876_157_contents	1876-01-01	year	1876	157	Annalen der Physik und Chemie 1876: Vol 157 Table of Contents	English
sim_annalen-der-physik_1876_158_5	1876-01-01	year	1876	158	Annalen der Physik und Chemie 1876: Vol 158 Iss 5	English
sim_annalen-der-physik_1876_158_6	1876-01-01	year	1876	158	Annalen der Physik und Chemie 1876: Vol 158 Iss 6	English
sim_annalen-der-physik_1876_158_7	1876-01-01	year	1876	158	Annalen der Physik und Chemie 1876: Vol 158 Iss 7	English
sim_annalen-der-physik_1876_158_8	1876-01-01	year	1876	158	Annalen der Physik und Chemie 1876: Vol 158 Iss 8	English
sim_annalen-der-physik_1876_158_contents	1876-01-01	year	1876	158	Annalen der Physik und Chemie 1876: Vol 158 Table of Contents	English
sim_annalen-der-physik_1876_159_10	1876-01-01	year	1876	159	Annalen der Physik und Chemie 1876: Vol 159 Iss 10	English
sim_annalen-der-physik_1876_159_11	1876-01-01	year	1876	159	Annalen der Physik und Chemie 1876: Vol 159 Iss 11	English
sim_annalen-der-physik_1876_159_12	1876-01-01	year	1876	159	Annalen der Physik und Chemie 1876: Vol 159 Iss 12	English
sim_annalen-der-physik_1876_159_9	1876-01-01	year	1876	159	Annalen der Physik und Chemie 1876: Vol 159 Iss 9	English
sim_annalen-der-physik_1876_159_contents	1876-01-01	year	1876	159	Annalen der Physik und Chemie 1876: Vol 159 Table of Contents	English
sim_annalen-der-physik_1877_160_1	1877-01-01	year	1877	160	Annalen der Physik und Chemie 1877: Vol 160 Iss 1	English
sim_annalen-der-physik_1877_160_2	1877-01-01	year	1877	160	Annalen der Physik und Chemie 1877: Vol 160 Iss 2	English
sim_annalen-der-physik_1877_160_3	1877-01-01	year	1877	160	Annalen der Physik und Chemie 1877: Vol 160 Iss 3	English
sim_annalen-der-physik_1877_160_4	1877-01-01	year	1877	160	Annalen der Physik und Chemie 1877: Vol 160 Iss 4	English
sim_annalen-der-physik_1877_160_contents	1877-01-01	year	1877	160	Annalen der Physik und Chemie 1877: Vol 160 Table of Contents	English
sim_annalen-der-physik_1877_1_5	1877-01-01	year	1877	1	Annalen der Physik und Chemie 1877: Vol 1 Iss 5	English
sim_annalen-der-physik_1877_1_6	1877-01-01	year	1877	1	Annalen der Physik und Chemie 1877: Vol 1 Iss 6	English
sim_annalen-der-physik_1877_1_7	1877-01-01	year	1877	1	Annalen der Physik und Chemie 1877: Vol 1 Iss 7	English
sim_annalen-der-physik_1877_1_8	1877-01-01	year	1877	1	Annalen der Physik und Chemie 1877: Vol 1 Iss 8	English
sim_annalen-der-physik_1877_1_contents	1877-01-01	year	1877	1	Annalen der Physik und Chemie 1877: Vol 1 Table of Contents	English
sim_annalen-der-physik_1877_2_10	1877-01-01	year	1877	2	Annalen der Physik und Chemie 1877: Vol 2 Iss 10	English
sim_annalen-der-physik_1877_2_11	1877-01-01	year	1877	2	Annalen der Physik und Chemie 1877: Vol 2 Iss 11	English
sim_annalen-der-physik_1877_2_12	1877-01-01	year	1877	2	Annalen der Physik und Chemie 1877: Vol 2 Iss 12	English
sim_annalen-der-physik_1877_2_9	1877-01-01	year	1877	2	Annalen der Physik und Chemie 1877: Vol 2 Iss 9	English
sim_annalen-der-physik_1877_2_contents	1877-01-01	year	1877	2	Annalen der Physik und Chemie 1877: Vol 2 Table of Contents	English
sim_annalen-der-physik_1878_3_1	1878-01-01	year	1878	3	Annalen der Physik und Chemie 1878: Vol 3 Iss 1	English
sim_annalen-der-physik_1878_3_2	1878-01-01	year	1878	3	Annalen der Physik und Chemie 1878: Vol 3 Iss 2	English
sim_annalen-der-physik_1878_3_3	1878-01-01	year	1878	3	Annalen der Physik und Chemie 1878: Vol 3 Iss 3	English
sim_annalen-der-physik_1878_3_4	1878-01-01	year	1878	3	Annalen der Physik und Chemie 1878: Vol 3 Iss 4	English
sim_annalen-der-physik_1878_3_contents	1878-01-01	year	1878	3	Annalen der Physik und Chemie 1878: Vol 3 Table of Contents	English
sim_annalen-der-physik_1878_4_5	1878-01-01	year	1878	4	Annalen der Physik und Chemie 1878: Vol 4 Iss 5	English
sim_annalen-der-physik_1878_4_6	1878-01-01	year	1878	4	Annalen der Physik und Chemie 1878: Vol 4 Iss 6	English
sim_annalen-der-physik_1878_4_7	1878-01-01	year	1878	4	Annalen der Physik und Chemie 1878: Vol 4 Iss 7	English
sim_annalen-der-physik_1878_4_8	1878-01-01	year	1878	4	Annalen der Physik und Chemie 1878: Vol 4 Iss 8	English
sim_annalen-der-physik_1878_4_contents	1878-01-01	year	1878	4	Annalen der Physik und Chemie 1878: Vol 4 Table of Contents	English
sim_annalen-der-physik_1878_5_10	1878-01-01	year	1878	5	Annalen der Physik und Chemie 1878: Vol 5 Iss 10	English
sim_annalen-der-physik_1878_5_11	1878-01-01	year	1878	5	Annalen der Physik und Chemie 1878: Vol 5 Iss 11	English
sim_annalen-der-physik_1878_5_12	1878-01-01	year	1878	5	Annalen der Physik und Chemie 1878: Vol 5 Iss 12	English
sim_annalen-der-physik_1878_5_9	1878-01-01	year	1878	5	Annalen der Physik und Chemie 1878: Vol 5 Iss 9	English
sim_annalen-der-physik_1878_5_contents	1878-01-01	year	1878	5	Annalen der Physik und Chemie 1878: Vol 5 Table of Contents	English
sim_annalen-der-physik_1879_6_1	1879-01-01	year	1879	6	Annalen der Physik und Chemie 1879: Vol 6 Iss 1	English
sim_annalen-der-physik_1879_6_2	1879-01-01	year	1879	6	Annalen der Physik und Chemie 1879: Vol 6 Iss 2	English
sim_annalen-der-physik_1879_6_3	1879-01-01	year	1879	6	Annalen der Physik und Chemie 1879: Vol 6 Iss 3	English
sim_annalen-der-physik_1879_6_4	1879-01-01	year	1879	6	Annalen der Physik und Chemie 1879: Vol 6 Iss 4	English
sim_annalen-der-physik_1879_6_contents	1879-01-01	year	1879	6	Annalen der Physik und Chemie 1879: Vol 6 Table of Contents	English
sim_annalen-der-physik_1879_7_5	1879-01-01	year	1879	7	Annalen der Physik und Chemie 1879: Vol 7 Iss 5	English
sim_annalen-der-physik_1879_7_6	1879-01-01	year	1879	7	Annalen der Physik und Chemie 1879: Vol 7 Iss 6	English
sim_annalen-der-physik_1879_7_7	1879-01-01	year	1879	7	Annalen der Physik und Chemie 1879: Vol 7 Iss 7	English
sim_annalen-der-physik_1879_7_8	1879-01-01	year	1879	7	Annalen der Physik und Chemie 1879: Vol 7 Iss 8	English
sim_annalen-der-physik_1879_7_contents	1879-01-01	year	1879	7	Annalen der Physik und Chemie 1879: Vol 7 Table of Contents	English
sim_annalen-der-physik_1879_8_10	1879-01-01	year	1879	8	Annalen der Physik und Chemie 1879: Vol 8 Iss 10	English
sim_annalen-der-physik_1879_8_11	1879-01-01	year	1879	8	Annalen der Physik und Chemie 1879: Vol 8 Iss 11	English
sim_annalen-der-physik_1879_8_12	1879-01-01	year	1879	8	Annalen der Physik und Chemie 1879: Vol 8 Iss 12	English
sim_annalen-der-physik_1879_8_9	1879-01-01	year	1879	8	Annalen der Physik und Chemie 1879: Vol 8 Iss 9	English
sim_annalen-der-physik_1879_8_contents	1879-01-01	year	1879	8	Annalen der Physik und Chemie 1879: Vol 8 Table of Contents	English
sim_annalen-der-physik_1880_10_5	1880-01-01	year	1880	10	Annalen der Physik und Chemie 1880: Vol 10 Iss 5	English
sim_annalen-der-physik_1880_10_6	1880-01-01	year	1880	10	Annalen der Physik und Chemie 1880: Vol 10 Iss 6	English
sim_annalen-der-physik_1880_10_7	1880-01-01	year	1880	10	Annalen der Physik und Chemie 1880: Vol 10 Iss 7	English
sim_annalen-der-physik_1880_10_8	1880-01-01	year	1880	10	Annalen der Physik und Chemie 1880: Vol 10 Iss 8	English
sim_annalen-der-physik_1880_10_contents	1880-01-01	year	1880	10	Annalen der Physik und Chemie 1880: Vol 10 Table of Contents	English
sim_annalen-der-physik_1880_11_10	1880-01-01	year	1880	11	Annalen der Physik und Chemie 1880: Vol 11 Iss 10	English
sim_annalen-der-physik_1880_11_11	1880-01-01	year	1880	11	Annalen der Physik und Chemie 1880: Vol 11 Iss 11	English
sim_annalen-der-physik_1880_11_12	1880-01-01	year	1880	11	Annalen der Physik und Chemie 1880: Vol 11 Iss 12	English
sim_annalen-der-physik_1880_11_9	1880-01-01	year	1880	11	Annalen der Physik und Chemie 1880: Vol 11 Iss 9	English
sim_annalen-der-physik_1880_11_contents	1880-01-01	year	1880	11	Annalen der Physik und Chemie 1880: Vol 11 Table of Contents	English
sim_annalen-der-physik_1880_9_1	1880-01-01	year	1880	9	Annalen der Physik und Chemie 1880: Vol 9 Iss 1	English
sim_annalen-der-physik_1880_9_2	1880-01-01	year	1880	9	Annalen der Physik und Chemie 1880: Vol 9 Iss 2	English
sim_annalen-der-physik_1880_9_3	1880-01-01	year	1880	9	Annalen der Physik und Chemie 1880: Vol 9 Iss 3	English
sim_annalen-der-physik_1880_9_4	1880-01-01	year	1880	9	Annalen der Physik und Chemie 1880: Vol 9 Iss 4	English
sim_annalen-der-physik_1880_9_contents	1880-01-01	year	1880	9	Annalen der Physik und Chemie 1880: Vol 9 Table of Contents	English
sim_annalen-der-physik_1881_12_1	1881-01-01	year	1881	12	Annalen der Physik und Chemie 1881: Vol 12 Iss 1	English
sim_annalen-der-physik_1881_12_2	1881-01-01	year	1881	12	Annalen der Physik und Chemie 1881: Vol 12 Iss 2	English
sim_annalen-der-physik_1881_12_3	1881-01-01	year	1881	12	Annalen der Physik und Chemie 1881: Vol 12 Iss 3	English
sim_annalen-der-physik_1881_12_4	1881-01-01	year	1881	12	Annalen der Physik und Chemie 1881: Vol 12 Iss 4	English
sim_annalen-der-physik_1881_12_contents	1881-01-01	year	1881	12	Annalen der Physik und Chemie 1881: Vol 12 Table of Contents	English
sim_annalen-der-physik_1881_13_5	1881-01-01	year	1881	13	Annalen der Physik und Chemie 1881: Vol 13 Iss 5	English
sim_annalen-der-physik_1881_13_6	1881-01-01	year	1881	13	Annalen der Physik und Chemie 1881: Vol 13 Iss 6	English
sim_annalen-der-physik_1881_13_7	1881-01-01	year	1881	13	Annalen der Physik und Chemie 1881: Vol 13 Iss 7	English
sim_annalen-der-physik_1881_13_8	1881-01-01	year	1881	13	Annalen der Physik und Chemie 1881: Vol 13 Iss 8	English
sim_annalen-der-physik_1881_13_contents	1881-01-01	year	1881	13	Annalen der Physik und Chemie 1881: Vol 13 Table of Contents	English
sim_annalen-der-physik_1881_14_10	1881-01-01	year	1881	14	Annalen der Physik und Chemie 1881: Vol 14 Iss 10	English
sim_annalen-der-physik_1881_14_11	1881-01-01	year	1881	14	Annalen der Physik und Chemie 1881: Vol 14 Iss 11	English
sim_annalen-der-physik_1881_14_12	1881-01-01	year	1881	14	Annalen der Physik und Chemie 1881: Vol 14 Iss 12	English
sim_annalen-der-physik_1881_14_9	1881-01-01	year	1881	14	Annalen der Physik und Chemie 1881: Vol 14 Iss 9	English
sim_annalen-der-physik_1881_14_contents	1881-01-01	year	1881	14	Annalen der Physik und Chemie 1881: Vol 14 Table of Contents	English
sim_annalen-der-physik_1882_15_1	1882-01-01	year	1882	15	Annalen der Physik und Chemie 1882: Vol 15 Iss 1	English
sim_annalen-der-physik_1882_15_2	1882-01-01	year	1882	15	Annalen der Physik und Chemie 1882: Vol 15 Iss 2	English
sim_annalen-der-physik_1882_15_3	1882-01-01	year	1882	15	Annalen der Physik und Chemie 1882: Vol 15 Iss 3	English
sim_annalen-der-physik_1882_15_4	1882-01-01	year	1882	15	Annalen der Physik und Chemie 1882: Vol 15 Iss 4	English
sim_annalen-der-physik_1882_15_contents	1882-01-01	year	1882	15	Annalen der Physik und Chemie 1882: Vol 15 Table of Contents	English
sim_annalen-der-physik_1882_16_5	1882-01-01	year	1882	16	Annalen der Physik und Chemie 1882: Vol 16 Iss 5	English
sim_annalen-der-physik_1882_16_6	1882-01-01	year	1882	16	Annalen der Physik und Chemie 1882: Vol 16 Iss 6	English
sim_annalen-der-physik_1882_16_7	1882-01-01	year	1882	16	Annalen der Physik und Chemie 1882: Vol 16 Iss 7	English
sim_annalen-der-physik_1882_16_8	1882-01-01	year	1882	16	Annalen der Physik und Chemie 1882: Vol 16 Iss 8	English
sim_annalen-der-physik_1882_16_contents	1882-01-01	year	1882	16	Annalen der Physik und Chemie 1882: Vol 16 Table of Contents	English
sim_annalen-der-physik_1882_17_10	1882-01-01	year	1882	17	Annalen der Physik und Chemie 1882: Vol 17 Iss 10	English
sim_annalen-der-physik_1882_17_11	1882-01-01	year	1882	17	Annalen der Physik und Chemie 1882: Vol 17 Iss 11	English
sim_annalen-der-physik_1882_17_9	1882-01-01	year	1882	17	Annalen der Physik und Chemie 1882: Vol 17 Iss 9	English
sim_annalen-der-physik_1882_17_contents	1882-01-01	year	1882	17	Annalen der Physik und Chemie 1882: Vol 17 Table of Contents	English
sim_annalen-der-physik_1883_17_12	1883-01-01	year	1883	17	Annalen der Physik und Chemie 1883: Vol 17 Iss 12	English
sim_annalen-der-physik_1883_18_1	1883-01-01	year	1883	18	Annalen der Physik und Chemie 1883: Vol 18 Iss 1	English
sim_annalen-der-physik_1883_18_2	1883-01-01	year	1883	18	Annalen der Physik und Chemie 1883: Vol 18 Iss 2	English
sim_annalen-der-physik_1883_18_3	1883-01-01	year	1883	18	Annalen der Physik und Chemie 1883: Vol 18 Iss 3	English
sim_annalen-der-physik_1883_18_4	1883-01-01	year	1883	18	Annalen der Physik und Chemie 1883: Vol 18 Iss 4	English
sim_annalen-der-physik_1883_18_contents	1883-01-01	year	1883	18	Annalen der Physik und Chemie 1883: Vol 18 Table of Contents	English
sim_annalen-der-physik_1883_19_5	1883-01-01	year	1883	19	Annalen der Physik und Chemie 1883: Vol 19 Iss 5	English
sim_annalen-der-physik_1883_19_6	1883-01-01	year	1883	19	Annalen der Physik und Chemie 1883: Vol 19 Iss 6	English
sim_annalen-der-physik_1883_19_7	1883-01-01	year	1883	19	Annalen der Physik und Chemie 1883: Vol 19 Iss 7	English
sim_annalen-der-physik_1883_19_8	1883-01-01	year	1883	19	Annalen der Physik und Chemie 1883: Vol 19 Iss 8	English
sim_annalen-der-physik_1883_19_contents	1883-01-01	year	1883	19	Annalen der Physik und Chemie 1883: Vol 19 Table of Contents	English
sim_annalen-der-physik_1883_20_10	1883-01-01	year	1883	20	Annalen der Physik und Chemie 1883: Vol 20 Iss 10	English
sim_annalen-der-physik_1883_20_11	1883-01-01	year	1883	20	Annalen der Physik und Chemie 1883: Vol 20 Iss 11	English
sim_annalen-der-physik_1883_20_12	1883-01-01	year	1883	20	Annalen der Physik und Chemie 1883: Vol 20 Iss 12	English
sim_annalen-der-physik_1883_20_9	1883-01-01	year	1883	20	Annalen der Physik und Chemie 1883: Vol 20 Iss 9	English
sim_annalen-der-physik_1883_20_contents	1883-01-01	year	1883	20	Annalen der Physik und Chemie 1883: Vol 20 Table of Contents	English
sim_annalen-der-physik_1884_21_1	1884-01-01	year	1884	21	Annalen der Physik und Chemie 1884: Vol 21 Iss 1	English
sim_annalen-der-physik_1884_21_2	1884-01-01	year	1884	21	Annalen der Physik und Chemie 1884: Vol 21 Iss 2	English
sim_annalen-der-physik_1884_21_3	1884-01-01	year	1884	21	Annalen der Physik und Chemie 1884: Vol 21 Iss 3	English
sim_annalen-der-physik_1884_21_4	1884-01-01	year	1884	21	Annalen der Physik und Chemie 1884: Vol 21 Iss 4	English
sim_annalen-der-physik_1884_21_contents	1884-01-01	year	1884	21	Annalen der Physik und Chemie 1884: Vol 21 Table of Contents	English
sim_annalen-der-physik_1884_22_5	1884-01-01	year	1884	22	Annalen der Physik und Chemie 1884: Vol 22 Iss 5	English
sim_annalen-der-physik_1884_22_6	1884-01-01	year	1884	22	Annalen der Physik und Chemie 1884: Vol 22 Iss 6	English
sim_annalen-der-physik_1884_22_7	1884-01-01	year	1884	22	Annalen der Physik und Chemie 1884: Vol 22 Iss 7	English
sim_annalen-der-physik_1884_22_8	1884-01-01	year	1884	22	Annalen der Physik und Chemie 1884: Vol 22 Iss 8	English
sim_annalen-der-physik_1884_22_contents	1884-01-01	year	1884	22	Annalen der Physik und Chemie 1884: Vol 22 Table of Contents	English
sim_annalen-der-physik_1884_23_10	1884-01-01	year	1884	23	Annalen der Physik und Chemie 1884: Vol 23 Iss 10	English
sim_annalen-der-physik_1884_23_11	1884-01-01	year	1884	23	Annalen der Physik und Chemie 1884: Vol 23 Iss 11	English
sim_annalen-der-physik_1884_23_12	1884-01-01	year	1884	23	Annalen der Physik und Chemie 1884: Vol 23 Iss 12	English
sim_annalen-der-physik_1884_23_9	1884-01-01	year	1884	23	Annalen der Physik und Chemie 1884: Vol 23 Iss 9	English
sim_annalen-der-physik_1884_23_contents	1884-01-01	year	1884	23	Annalen der Physik und Chemie 1884: Vol 23 Table of Contents	English
sim_annalen-der-physik_1885_24_1	1885-01-01	year	1885	24	Annalen der Physik und Chemie 1885: Vol 24 Iss 1	English
sim_annalen-der-physik_1885_24_2	1885-01-01	year	1885	24	Annalen der Physik und Chemie 1885: Vol 24 Iss 2	English
sim_annalen-der-physik_1885_24_3	1885-01-01	year	1885	24	Annalen der Physik und Chemie 1885: Vol 24 Iss 3	English
sim_annalen-der-physik_1885_24_4	1885-01-01	year	1885	24	Annalen der Physik und Chemie 1885: Vol 24 Iss 4	English
sim_annalen-der-physik_1885_24_contents	1885-01-01	year	1885	24	Annalen der Physik und Chemie 1885: Vol 24 Table of Contents	English
sim_annalen-der-physik_1885_25_5	1885-01-01	year	1885	25	Annalen der Physik und Chemie 1885: Vol 25 Iss 5	English
sim_annalen-der-physik_1885_25_6	1885-01-01	year	1885	25	Annalen der Physik und Chemie 1885: Vol 25 Iss 6	English
sim_annalen-der-physik_1885_25_7	1885-01-01	year	1885	25	Annalen der Physik und Chemie 1885: Vol 25 Iss 7	English
sim_annalen-der-physik_1885_25_8	1885-01-01	year	1885	25	Annalen der Physik und Chemie 1885: Vol 25 Iss 8	English
sim_annalen-der-physik_1885_25_contents	1885-01-01	year	1885	25	Annalen der Physik und Chemie 1885: Vol 25 Table of Contents	English
sim_annalen-der-physik_1885_26_10	1885-01-01	year	1885	26	Annalen der Physik und Chemie 1885: Vol 26 Iss 10	English
sim_annalen-der-physik_1885_26_11	1885-01-01	year	1885	26	Annalen der Physik und Chemie 1885: Vol 26 Iss 11	English
sim_annalen-der-physik_1885_26_12	1885-01-01	year	1885	26	Annalen der Physik und Chemie 1885: Vol 26 Iss 12	English
sim_annalen-der-physik_1885_26_9	1885-01-01	year	1885	26	Annalen der Physik und Chemie 1885: Vol 26 Iss 9	English
sim_annalen-der-physik_1885_26_contents	1885-01-01	year	1885	26	Annalen der Physik und Chemie 1885: Vol 26 Table of Contents	English
sim_annalen-der-physik_1886_27_1	1886-01-01	year	1886	27	Annalen der Physik und Chemie 1886: Vol 27 Iss 1	English
sim_annalen-der-physik_1886_27_2	1886-01-01	year	1886	27	Annalen der Physik und Chemie 1886: Vol 27 Iss 2	English
sim_annalen-der-physik_1886_27_3	1886-01-01	year	1886	27	Annalen der Physik und Chemie 1886: Vol 27 Iss 3	English
sim_annalen-der-physik_1886_27_4	1886-01-01	year	1886	27	Annalen der Physik und Chemie 1886: Vol 27 Iss 4	English
sim_annalen-der-physik_1886_27_contents	1886-01-01	year	1886	27	Annalen der Physik und Chemie 1886: Vol 27 Table of Contents	English
sim_annalen-der-physik_1886_28_5	1886-01-01	year	1886	28	Annalen der Physik und Chemie 1886: Vol 28 Iss 5	English
sim_annalen-der-physik_1886_28_6	1886-01-01	year	1886	28	Annalen der Physik und Chemie 1886: Vol 28 Iss 6	English
sim_annalen-der-physik_1886_28_7	1886-01-01	year	1886	28	Annalen der Physik und Chemie 1886: Vol 28 Iss 7	English
sim_annalen-der-physik_1886_28_8	1886-01-01	year	1886	28	Annalen der Physik und Chemie 1886: Vol 28 Iss 8	English
sim_annalen-der-physik_1886_28_contents	1886-01-01	year	1886	28	Annalen der Physik und Chemie 1886: Vol 28 Table of Contents	English
sim_annalen-der-physik_1886_29_10	1886-01-01	year	1886	29	Annalen der Physik und Chemie 1886: Vol 29 Iss 10	English
sim_annalen-der-physik_1886_29_11	1886-01-01	year	1886	29	Annalen der Physik und Chemie 1886: Vol 29 Iss 11	English
sim_annalen-der-physik_1886_29_12	1886-01-01	year	1886	29	Annalen der Physik und Chemie 1886: Vol 29 Iss 12	English
sim_annalen-der-physik_1886_29_9	1886-01-01	year	1886	29	Annalen der Physik und Chemie 1886: Vol 29 Iss 9	English
sim_annalen-der-physik_1886_29_contents	1886-01-01	year	1886	29	Annalen der Physik und Chemie 1886: Vol 29 Table of Contents	English
sim_annalen-der-physik_1887_30_1	1887-01-01	year	1887	30	Annalen der Physik und Chemie 1887: Vol 30 Iss 1	English
sim_annalen-der-physik_1887_30_2	1887-01-01	year	1887	30	Annalen der Physik und Chemie 1887: Vol 30 Iss 2	English
sim_annalen-der-physik_1887_30_3	1887-01-01	year	1887	30	Annalen der Physik und Chemie 1887: Vol 30 Iss 3	English
sim_annalen-der-physik_1887_30_4	1887-01-01	year	1887	30	Annalen der Physik und Chemie 1887: Vol 30 Iss 4	English
sim_annalen-der-physik_1887_30_contents	1887-01-01	year	1887	30	Annalen der Physik und Chemie 1887: Vol 30 Table of Contents	English
sim_annalen-der-physik_1887_31_5	1887-01-01	year	1887	31	Annalen der Physik und Chemie 1887: Vol 31 Iss 5	English
sim_annalen-der-physik_1887_31_6	1887-01-01	year	1887	31	Annalen der Physik und Chemie 1887: Vol 31 Iss 6	English
sim_annalen-der-physik_1887_31_7	1887-01-01	year	1887	31	Annalen der Physik und Chemie 1887: Vol 31 Iss 7	English
sim_annalen-der-physik_1887_31_8	1887-01-01	year	1887	31	Annalen der Physik und Chemie 1887: Vol 31 Iss 8	English
sim_annalen-der-physik_1887_31_contents	1887-01-01	year	1887	31	Annalen der Physik und Chemie 1887: Vol 31 Table of Contents	English
sim_annalen-der-physik_1887_32_10	1887-01-01	year	1887	32	Annalen der Physik und Chemie 1887: Vol 32 Iss 10	English
sim_annalen-der-physik_1887_32_11	1887-01-01	year	1887	32	Annalen der Physik und Chemie 1887: Vol 32 Iss 11	English
sim_annalen-der-physik_1887_32_12	1887-01-01	year	1887	32	Annalen der Physik und Chemie 1887: Vol 32 Iss 12	English
sim_annalen-der-physik_1887_32_9	1887-01-01	year	1887	32	Annalen der Physik und Chemie 1887: Vol 32 Iss 9	English
sim_annalen-der-physik_1887_32_contents	1887-01-01	year	1887	32	Annalen der Physik und Chemie 1887: Vol 32 Table of Contents	English
sim_annalen-der-physik_1888_33_1	1888-01-01	year	1888	33	Annalen der Physik und Chemie 1888: Vol 33 Iss 1	English
sim_annalen-der-physik_1888_33_2	1888-01-01	year	1888	33	Annalen der Physik und Chemie 1888: Vol 33 Iss 2	English
sim_annalen-der-physik_1888_33_3	1888-01-01	year	1888	33	Annalen der Physik und Chemie 1888: Vol 33 Iss 3	English
sim_annalen-der-physik_1888_33_4	1888-01-01	year	1888	33	Annalen der Physik und Chemie 1888: Vol 33 Iss 4	English
sim_annalen-der-physik_1888_33_contents	1888-01-01	year	1888	33	Annalen der Physik und Chemie 1888: Vol 33 Table of Contents	English
sim_annalen-der-physik_1888_34_5	1888-01-01	year	1888	34	Annalen der Physik und Chemie 1888: Vol 34 Iss 5	English
sim_annalen-der-physik_1888_34_6	1888-01-01	year	1888	34	Annalen der Physik und Chemie 1888: Vol 34 Iss 6	English
sim_annalen-der-physik_1888_34_7	1888-01-01	year	1888	34	Annalen der Physik und Chemie 1888: Vol 34 Iss 7	English
sim_annalen-der-physik_1888_34_8	1888-01-01	year	1888	34	Annalen der Physik und Chemie 1888: Vol 34 Iss 8	English
sim_annalen-der-physik_1888_34_contents	1888-01-01	year	1888	34	Annalen der Physik und Chemie 1888: Vol 34 Table of Contents	English
sim_annalen-der-physik_1888_35_10	1888-01-01	year	1888	35	Annalen der Physik und Chemie 1888: Vol 35 Iss 10	English
sim_annalen-der-physik_1888_35_11	1888-01-01	year	1888	35	Annalen der Physik und Chemie 1888: Vol 35 Iss 11	English
sim_annalen-der-physik_1888_35_12	1888-01-01	year	1888	35	Annalen der Physik und Chemie 1888: Vol 35 Iss 12	English
sim_annalen-der-physik_1888_35_9	1888-01-01	year	1888	35	Annalen der Physik und Chemie 1888: Vol 35 Iss 9	English
sim_annalen-der-physik_1888_35_contents	1888-01-01	year	1888	35	Annalen der Physik und Chemie 1888: Vol 35 Table of Contents	English
sim_annalen-der-physik_1889_36_1	1889-01-01	year	1889	36	Annalen der Physik und Chemie 1889: Vol 36 Iss 1	English
sim_annalen-der-physik_1889_36_2	1889-01-01	year	1889	36	Annalen der Physik und Chemie 1889: Vol 36 Iss 2	English
sim_annalen-der-physik_1889_36_3	1889-01-01	year	1889	36	Annalen der Physik und Chemie 1889: Vol 36 Iss 3	English
sim_annalen-der-physik_1889_36_4	1889-01-01	year	1889	36	Annalen der Physik und Chemie 1889: Vol 36 Iss 4	English
sim_annalen-der-physik_1889_36_contents	1889-01-01	year	1889	36	Annalen der Physik und Chemie 1889: Vol 36 Table of Contents	English
sim_annalen-der-physik_1889_37_5	1889-01-01	year	1889	37	Annalen der Physik und Chemie 1889: Vol 37 Iss 5	English
sim_annalen-der-physik_1889_37_6	1889-01-01	year	1889	37	Annalen der Physik und Chemie 1889: Vol 37 Iss 6	English
sim_annalen-der-physik_1889_37_7	1889-01-01	year	1889	37	Annalen der Physik und Chemie 1889: Vol 37 Iss 7	English
sim_annalen-der-physik_1889_37_8	1889-01-01	year	1889	37	Annalen der Physik und Chemie 1889: Vol 37 Iss 8	English
sim_annalen-der-physik_1889_37_contents	1889-01-01	year	1889	37	Annalen der Physik und Chemie 1889: Vol 37 Table of Contents	English
sim_annalen-der-physik_1889_38_10	1889-01-01	year	1889	38	Annalen der Physik und Chemie 1889: Vol 38 Iss 10	English
sim_annalen-der-physik_1889_38_11	1889-01-01	year	1889	38	Annalen der Physik und Chemie 1889: Vol 38 Iss 11	English
sim_annalen-der-physik_1889_38_12	1889-01-01	year	1889	38	Annalen der Physik und Chemie 1889: Vol 38 Iss 12	English
sim_annalen-der-physik_1889_38_9	1889-01-01	year	1889	38	Annalen der Physik und Chemie 1889: Vol 38 Iss 9	English
sim_annalen-der-physik_1889_38_contents	1889-01-01	year	1889	38	Annalen der Physik und Chemie 1889: Vol 38 Table of Contents	English
sim_annalen-der-physik_1890_39_1	1890-01-01	year	1890	39	Annalen der Physik und Chemie 1890: Vol 39 Iss 1	English
sim_annalen-der-physik_1890_39_2	1890-01-01	year	1890	39	Annalen der Physik und Chemie 1890: Vol 39 Iss 2	English
sim_annalen-der-physik_1890_39_3	1890-01-01	year	1890	39	Annalen der Physik und Chemie 1890: Vol 39 Iss 3	English
sim_annalen-der-physik_1890_39_4	1890-01-01	year	1890	39	Annalen der Physik und Chemie 1890: Vol 39 Iss 4	English
sim_annalen-der-physik_1890_39_contents	1890-01-01	year	1890	39	Annalen der Physik und Chemie 1890: Vol 39 Table of Contents	English
sim_annalen-der-physik_1890_40_5	1890-01-01	year	1890	40	Annalen der Physik und Chemie 1890: Vol 40 Iss 5	English
sim_annalen-der-physik_1890_40_6	1890-01-01	year	1890	40	Annalen der Physik und Chemie 1890: Vol 40 Iss 6	English
sim_annalen-der-physik_1890_40_7	1890-01-01	year	1890	40	Annalen der Physik und Chemie 1890: Vol 40 Iss 7	English
sim_annalen-der-physik_1890_40_8	1890-01-01	year	1890	40	Annalen der Physik und Chemie 1890: Vol 40 Iss 8	English
sim_annalen-der-physik_1890_40_contents	1890-01-01	year	1890	40	Annalen der Physik und Chemie 1890: Vol 40 Table of Contents	English
sim_annalen-der-physik_1890_41_10	1890-01-01	year	1890	41	Annalen der Physik und Chemie 1890: Vol 41 Iss 10	English
sim_annalen-der-physik_1890_41_11	1890-01-01	year	1890	41	Annalen der Physik und Chemie 1890: Vol 41 Iss 11	English
sim_annalen-der-physik_1890_41_12	1890-01-01	year	1890	41	Annalen der Physik und Chemie 1890: Vol 41 Iss 12	English
sim_annalen-der-physik_1890_41_9	1890-01-01	year	1890	41	Annalen der Physik und Chemie 1890: Vol 41 Iss 9	English
sim_annalen-der-physik_1890_41_contents	1890-01-01	year	1890	41	Annalen der Physik und Chemie 1890: Vol 41 Table of Contents	English
sim_annalen-der-physik_1891_42_1	1891-01-01	year	1891	42	Annalen der Physik und Chemie 1891: Vol 42 Iss 1	English
sim_annalen-der-physik_1891_42_2	1891-01-01	year	1891	42	Annalen der Physik und Chemie 1891: Vol 42 Iss 2	English
sim_annalen-der-physik_1891_42_3	1891-01-01	year	1891	42	Annalen der Physik und Chemie 1891: Vol 42 Iss 3	English
sim_annalen-der-physik_1891_42_4	1891-01-01	year	1891	42	Annalen der Physik und Chemie 1891: Vol 42 Iss 4	English
sim_annalen-der-physik_1891_42_contents	1891-01-01	year	1891	42	Annalen der Physik und Chemie 1891: Vol 42 Table of Contents	English
sim_annalen-der-physik_1891_43_5	1891-01-01	year	1891	43	Annalen der Physik und Chemie 1891: Vol 43 Iss 5	English
sim_annalen-der-physik_1891_43_6	1891-01-01	year	1891	43	Annalen der Physik und Chemie 1891: Vol 43 Iss 6	English
sim_annalen-der-physik_1891_43_7	1891-01-01	year	1891	43	Annalen der Physik und Chemie 1891: Vol 43 Iss 7	English
sim_annalen-der-physik_1891_43_8	1891-01-01	year	1891	43	Annalen der Physik und Chemie 1891: Vol 43 Iss 8	English
sim_annalen-der-physik_1891_43_contents	1891-01-01	year	1891	43	Annalen der Physik und Chemie 1891: Vol 43 Table of Contents	English
sim_annalen-der-physik_1891_44_10	1891-01-01	year	1891	44	Annalen der Physik und Chemie 1891: Vol 44 Iss 10	English
sim_annalen-der-physik_1891_44_11	1891-01-01	year	1891	44	Annalen der Physik und Chemie 1891: Vol 44 Iss 11	English
sim_annalen-der-physik_1891_44_12	1891-01-01	year	1891	44	Annalen der Physik und Chemie 1891: Vol 44 Iss 12	English
sim_annalen-der-physik_1891_44_9	1891-01-01	year	1891	44	Annalen der Physik und Chemie 1891: Vol 44 Iss 9	English
sim_annalen-der-physik_1891_44_contents	1891-01-01	year	1891	44	Annalen der Physik und Chemie 1891: Vol 44 Table of Contents	English
sim_annalen-der-physik_1892_45_1	1892-01-01	year	1892	45	Annalen der Physik und Chemie 1892: Vol 45 Iss 1	English
sim_annalen-der-physik_1892_45_2	1892-01-01	year	1892	45	Annalen der Physik und Chemie 1892: Vol 45 Iss 2	English
sim_annalen-der-physik_1892_45_3	1892-01-01	year	1892	45	Annalen der Physik und Chemie 1892: Vol 45 Iss 3	English
sim_annalen-der-physik_1892_45_4	1892-01-01	year	1892	45	Annalen der Physik und Chemie 1892: Vol 45 Iss 4	English
sim_annalen-der-physik_1892_45_contents	1892-01-01	year	1892	45	Annalen der Physik und Chemie 1892: Vol 45 Table of Contents	English
sim_annalen-der-physik_1892_46_5	1892-01-01	year	1892	46	Annalen der Physik und Chemie 1892: Vol 46 Iss 5	English
sim_annalen-der-physik_1892_46_6	1892-01-01	year	1892	46	Annalen der Physik und Chemie 1892: Vol 46 Iss 6	English
sim_annalen-der-physik_1892_46_7	1892-01-01	year	1892	46	Annalen der Physik und Chemie 1892: Vol 46 Iss 7	English
sim_annalen-der-physik_1892_46_8	1892-01-01	year	1892	46	Annalen der Physik und Chemie 1892: Vol 46 Iss 8	English
sim_annalen-der-physik_1892_46_contents	1892-01-01	year	1892	46	Annalen der Physik und Chemie 1892: Vol 46 Table of Contents	English
sim_annalen-der-physik_1892_47_10	1892-01-01	year	1892	47	Annalen der Physik und Chemie 1892: Vol 47 Iss 10	English
sim_annalen-der-physik_1892_47_11	1892-01-01	year	1892	47	Annalen der Physik und Chemie 1892: Vol 47 Iss 11	English
sim_annalen-der-physik_1892_47_12	1892-01-01	year	1892	47	Annalen der Physik und Chemie 1892: Vol 47 Iss 12	English
sim_annalen-der-physik_1892_47_9	1892-01-01	year	1892	47	Annalen der Physik und Chemie 1892: Vol 47 Iss 9	English
sim_annalen-der-physik_1892_47_contents	1892-01-01	year	1892	47	Annalen der Physik und Chemie 1892: Vol 47 Table of Contents	English
sim_annalen-der-physik_1893_48_1	1893-01-01	year	1893	48	Annalen der Physik und Chemie 1893: Vol 48 Iss 1	English
sim_annalen-der-physik_1893_48_2	1893-01-01	year	1893	48	Annalen der Physik und Chemie 1893: Vol 48 Iss 2	English
sim_annalen-der-physik_1893_48_3	1893-01-01	year	1893	48	Annalen der Physik und Chemie 1893: Vol 48 Iss 3	English
sim_annalen-der-physik_1893_48_4	1893-01-01	year	1893	48	Annalen der Physik und Chemie 1893: Vol 48 Iss 4	English
sim_annalen-der-physik_1893_48_contents	1893-01-01	year	1893	48	Annalen der Physik und Chemie 1893: Vol 48 Table of Contents	English
sim_annalen-der-physik_1893_49_5	1893-01-01	year	1893	49	Annalen der Physik und Chemie 1893: Vol 49 Iss 5	English
sim_annalen-der-physik_1893_49_6	1893-01-01	year	1893	49	Annalen der Physik und Chemie 1893: Vol 49 Iss 6	English
sim_annalen-der-physik_1893_49_7	1893-01-01	year	1893	49	Annalen der Physik und Chemie 1893: Vol 49 Iss 7	English
sim_annalen-der-physik_1893_49_8	1893-01-01	year	1893	49	Annalen der Physik und Chemie 1893: Vol 49 Iss 8	English
sim_annalen-der-physik_1893_49_contents	1893-01-01	year	1893	49	Annalen der Physik und Chemie 1893: Vol 49 Table of Contents	English
sim_annalen-der-physik_1893_50_10	1893-01-01	year	1893	50	Annalen der Physik und Chemie 1893: Vol 50 Iss 10	English
sim_annalen-der-physik_1893_50_11	1893-01-01	year	1893	50	Annalen der Physik und Chemie 1893: Vol 50 Iss 11	English
sim_annalen-der-physik_1893_50_12	1893-01-01	year	1893	50	Annalen der Physik und Chemie 1893: Vol 50 Iss 12	English
sim_annalen-der-physik_1893_50_9	1893-01-01	year	1893	50	Annalen der Physik und Chemie 1893: Vol 50 Iss 9	English
sim_annalen-der-physik_1893_50_contents	1893-01-01	year	1893	50	Annalen der Physik und Chemie 1893: Vol 50 Table of Contents	English
sim_annalen-der-physik_1894-1909_cumulative-index	1894-01-01	year	1894		Annalen der Physik 1894 - 1909: Index	English
sim_annalen-der-physik_1894_51_1	1894-01-01	year	1894	51	Annalen der Physik und Chemie 1894: Vol 51 Iss 1	English
sim_annalen-der-physik_1894_51_2	1894-01-01	year	1894	51	Annalen der Physik und Chemie 1894: Vol 51 Iss 2	English
sim_annalen-der-physik_1894_51_3	1894-01-01	year	1894	51	Annalen der Physik und Chemie 1894: Vol 51 Iss 3	English
sim_annalen-der-physik_1894_51_4	1894-01-01	year	1894	51	Annalen der Physik und Chemie 1894: Vol 51 Iss 4	English
sim_annalen-der-physik_1894_51_contents	1894-01-01	year	1894	51	Annalen der Physik und Chemie 1894: Vol 51 Table of Contents	English
sim_annalen-der-physik_1894_52_5	1894-01-01	year	1894	52	Annalen der Physik und Chemie 1894: Vol 52 Iss 5	English
sim_annalen-der-physik_1894_52_6	1894-01-01	year	1894	52	Annalen der Physik und Chemie 1894: Vol 52 Iss 6	English
sim_annalen-der-physik_1894_52_7	1894-01-01	year	1894	52	Annalen der Physik und Chemie 1894: Vol 52 Iss 7	English
sim_annalen-der-physik_1894_52_8	1894-01-01	year	1894	52	Annalen der Physik und Chemie 1894: Vol 52 Iss 8	English
sim_annalen-der-physik_1894_52_contents	1894-01-01	year	1894	52	Annalen der Physik und Chemie 1894: Vol 52 Table of Contents	English
sim_annalen-der-physik_1894_53_10	1894-01-01	year	1894	53	Annalen der Physik und Chemie 1894: Vol 53 Iss 10	English
sim_annalen-der-physik_1894_53_11	1894-01-01	year	1894	53	Annalen der Physik und Chemie 1894: Vol 53 Iss 11	English
sim_annalen-der-physik_1894_53_12	1894-01-01	year	1894	53	Annalen der Physik und Chemie 1894: Vol 53 Iss 12	English
sim_annalen-der-physik_1894_53_9	1894-01-01	year	1894	53	Annalen der Physik und Chemie 1894: Vol 53 Iss 9	English
sim_annalen-der-physik_1894_53_contents	1894-01-01	year	1894	53	Annalen der Physik und Chemie 1894: Vol 53 Table of Contents	English
sim_annalen-der-physik_1895_54_1	1895-01-01	year	1895	54	Annalen der Physik und Chemie 1895: Vol 54 Iss 1	English
sim_annalen-der-physik_1895_54_2	1895-01-01	year	1895	54	Annalen der Physik und Chemie 1895: Vol 54 Iss 2	English
sim_annalen-der-physik_1895_54_3	1895-01-01	year	1895	54	Annalen der Physik und Chemie 1895: Vol 54 Iss 3	English
sim_annalen-der-physik_1895_54_4	1895-01-01	year	1895	54	Annalen der Physik und Chemie 1895: Vol 54 Iss 4	English
sim_annalen-der-physik_1895_54_contents	1895-01-01	year	1895	54	Annalen der Physik und Chemie 1895: Vol 54 Table of Contents	English
sim_annalen-der-physik_1895_55_5	1895-01-01	year	1895	55	Annalen der Physik und Chemie 1895: Vol 55 Iss 5	English
sim_annalen-der-physik_1895_55_6	1895-01-01	year	1895	55	Annalen der Physik und Chemie 1895: Vol 55 Iss 6	English
sim_annalen-der-physik_1895_55_7	1895-01-01	year	1895	55	Annalen der Physik und Chemie 1895: Vol 55 Iss 7	English
sim_annalen-der-physik_1895_55_8	1895-01-01	year	1895	55	Annalen der Physik und Chemie 1895: Vol 55 Iss 8	English
sim_annalen-der-physik_1895_55_contents	1895-01-01	year	1895	55	Annalen der Physik und Chemie 1895: Vol 55 Table of Contents	English
sim_annalen-der-physik_1895_56_10	1895-01-01	year	1895	56	Annalen der Physik und Chemie 1895: Vol 56 Iss 10	English
sim_annalen-der-physik_1895_56_11	1895-01-01	year	1895	56	Annalen der Physik und Chemie 1895: Vol 56 Iss 11	English
sim_annalen-der-physik_1895_56_12	1895-01-01	year	1895	56	Annalen der Physik und Chemie 1895: Vol 56 Iss 12	English
sim_annalen-der-physik_1895_56_9	1895-01-01	year	1895	56	Annalen der Physik und Chemie 1895: Vol 56 Iss 9	English
sim_annalen-der-physik_1895_56_contents	1895-01-01	year	1895	56	Annalen der Physik und Chemie 1895: Vol 56 Table of Contents	English
sim_annalen-der-physik_1896_57_1	1896-01-01	year	1896	57	Annalen der Physik und Chemie 1896: Vol 57 Iss 1	English
sim_annalen-der-physik_1896_57_2	1896-01-01	year	1896	57	Annalen der Physik und Chemie 1896: Vol 57 Iss 2	English
sim_annalen-der-physik_1896_57_3	1896-01-01	year	1896	57	Annalen der Physik und Chemie 1896: Vol 57 Iss 3	English
sim_annalen-der-physik_1896_57_4	1896-01-01	year	1896	57	Annalen der Physik und Chemie 1896: Vol 57 Iss 4	English
sim_annalen-der-physik_1896_57_contents	1896-01-01	year	1896	57	Annalen der Physik und Chemie 1896: Vol 57 Table of Contents	English
sim_annalen-der-physik_1896_57_index	1896-01-01	year	1896	57	Annalen der Physik und Chemie 1896: Vol 57 Index	English
sim_annalen-der-physik_1896_58_1	1896-01-01	year	1896	58	Annalen der Physik und Chemie 1896: Vol 58 Iss 1	English
sim_annalen-der-physik_1896_58_2	1896-01-01	year	1896	58	Annalen der Physik und Chemie 1896: Vol 58 Iss 2	English
sim_annalen-der-physik_1896_58_3	1896-01-01	year	1896	58	Annalen der Physik und Chemie 1896: Vol 58 Iss 3	English
sim_annalen-der-physik_1896_58_4	1896-01-01	year	1896	58	Annalen der Physik und Chemie 1896: Vol 58 Iss 4	English
sim_annalen-der-physik_1896_58_contents	1896-01-01	year	1896	58	Annalen der Physik und Chemie 1896: Vol 58 Table of Contents	English
sim_annalen-der-physik_1896_59_1	1896-01-01	year	1896	59	Annalen der Physik und Chemie 1896: Vol 59 Iss 1	English
sim_annalen-der-physik_1896_59_2	1896-01-01	year	1896	59	Annalen der Physik und Chemie 1896: Vol 59 Iss 2	English
sim_annalen-der-physik_1896_59_3	1896-01-01	year	1896	59	Annalen der Physik und Chemie 1896: Vol 59 Iss 3	English
sim_annalen-der-physik_1896_59_4	1896-01-01	year	1896	59	Annalen der Physik und Chemie 1896: Vol 59 Iss 4	English
sim_annalen-der-physik_1896_59_contents	1896-01-01	year	1896	59	Annalen der Physik und Chemie 1896: Vol 59 Table of Contents	English
sim_annalen-der-physik_1897_60_1	1897-01-01	year	1897	60	Annalen der Physik und Chemie 1897: Vol 60 Iss 1	English
sim_annalen-der-physik_1897_60_2	1897-01-01	year	1897	60	Annalen der Physik und Chemie 1897: Vol 60 Iss 2	English
sim_annalen-der-physik_1897_60_3	1897-01-01	year	1897	60	Annalen der Physik und Chemie 1897: Vol 60 Iss 3	English
sim_annalen-der-physik_1897_60_4	1897-01-01	year	1897	60	Annalen der Physik und Chemie 1897: Vol 60 Iss 4	English
sim_annalen-der-physik_1897_60_contents	1897-01-01	year	1897	60	Annalen der Physik und Chemie 1897: Vol 60 Table of Contents	English
sim_annalen-der-physik_1897_61_1	1897-01-01	year	1897	61	Annalen der Physik und Chemie 1897: Vol 61 Iss 1	English
sim_annalen-der-physik_1897_61_2	1897-01-01	year	1897	61	Annalen der Physik und Chemie 1897: Vol 61 Iss 2	English
sim_annalen-der-physik_1897_61_3	1897-01-01	year	1897	61	Annalen der Physik und Chemie 1897: Vol 61 Iss 3	English
sim_annalen-der-physik_1897_61_4	1897-01-01	year	1897	61	Annalen der Physik und Chemie 1897: Vol 61 Iss 4	English
sim_annalen-der-physik_1897_61_contents	1897-01-01	year	1897	61	Annalen der Physik und Chemie 1897: Vol 61 Table of Contents	English
sim_annalen-der-physik_1897_62_1	1897-01-01	year	1897	62	Annalen der Physik und Chemie 1897: Vol 62 Iss 1	English
sim_annalen-der-physik_1897_62_2	1897-01-01	year	1897	62	Annalen der Physik und Chemie 1897: Vol 62 Iss 2	English
sim_annalen-der-physik_1897_62_3	1897-01-01	year	1897	62	Annalen der Physik und Chemie 1897: Vol 62 Iss 3	English
sim_annalen-der-physik_1897_62_4	1897-01-01	year	1897	62	Annalen der Physik und Chemie 1897: Vol 62 Iss 4	English
sim_annalen-der-physik_1897_62_contents	1897-01-01	year	1897	62	Annalen der Physik und Chemie 1897: Vol 62 Table of Contents	English
sim_annalen-der-physik_1897_63	1897-01-01	year	1897	63	Annalen der Physik und Chemie 1897: Vol 63	English
sim_annalen-der-physik_1897_63_index-contents	1897-01-01	year	1897	63	Annalen der Physik und Chemie 1897: Vol 63 Index & Table of Contents	English
sim_annalen-der-physik_1898_64_1	1898-01-01	year	1898	64	Annalen der Physik und Chemie 1898: Vol 64 Iss 1	English
sim_annalen-der-physik_1898_64_2	1898-01-01	year	1898	64	Annalen der Physik und Chemie 1898: Vol 64 Iss 2	English
sim_annalen-der-physik_1898_64_3	1898-01-01	year	1898	64	Annalen der Physik und Chemie 1898: Vol 64 Iss 3	English
sim_annalen-der-physik_1898_64_4	1898-01-01	year	1898	64	Annalen der Physik und Chemie 1898: Vol 64 Iss 4	English
sim_annalen-der-physik_1898_64_contents	1898-01-01	year	1898	64	Annalen der Physik und Chemie 1898: Vol 64 Table of Contents	English
sim_annalen-der-physik_1898_65_1	1898-01-01	year	1898	65	Annalen der Physik und Chemie 1898: Vol 65 Iss 1	English
sim_annalen-der-physik_1898_65_2	1898-01-01	year	1898	65	Annalen der Physik und Chemie 1898: Vol 65 Iss 2	English
sim_annalen-der-physik_1898_65_3	1898-01-01	year	1898	65	Annalen der Physik und Chemie 1898: Vol 65 Iss 3	English
sim_annalen-der-physik_1898_65_4	1898-01-01	year	1898	65	Annalen der Physik und Chemie 1898: Vol 65 Iss 4	English
sim_annalen-der-physik_1898_65_contents	1898-01-01	year	1898	65	Annalen der Physik und Chemie 1898: Vol 65 Table of Contents	English
sim_annalen-der-physik_1898_66	1898-01-01	year	1898	66	Annalen der Physik und Chemie 1898: Vol 66	English
sim_annalen-der-physik_1898_66_contents	1898-01-01	year	1898	66	Annalen der Physik und Chemie 1898: Vol 66 Table of Contents	English
sim_annalen-der-physik_1898_66_index	1898-01-01	year	1898	66	Annalen der Physik und Chemie 1898: Vol 66 Index	English
sim_annalen-der-physik_1899_67	1899-01-01	year	1899	67	Annalen der Physik und Chemie 1899: Vol 67	English
sim_annalen-der-physik_1899_67_contents	1899-01-01	year	1899	67	Annalen der Physik und Chemie 1899: Vol 67 Table of Contents	English
sim_annalen-der-physik_1899_67_index	1899-01-01	year	1899	67	Annalen der Physik und Chemie 1899: Vol 67 Index	English
sim_annalen-der-physik_1899_68_1	1899-01-01	year	1899	68	Annalen der Physik und Chemie 1899: Vol 68 Iss 1	English
sim_annalen-der-physik_1899_68_2	1899-01-01	year	1899	68	Annalen der Physik und Chemie 1899: Vol 68 Iss 2	English
sim_annalen-der-physik_1899_68_3	1899-01-01	year	1899	68	Annalen der Physik und Chemie 1899: Vol 68 Iss 3	English
sim_annalen-der-physik_1899_68_4	1899-01-01	year	1899	68	Annalen der Physik und Chemie 1899: Vol 68 Iss 4	English
sim_annalen-der-physik_1899_68_contents	1899-01-01	year	1899	68	Annalen der Physik und Chemie 1899: Vol 68 Table of Contents	English
sim_annalen-der-physik_1899_69_1	1899-01-01	year	1899	69	Annalen der Physik und Chemie 1899: Vol 69 Iss 1	English
sim_annalen-der-physik_1899_69_2	1899-01-01	year	1899	69	Annalen der Physik und Chemie 1899: Vol 69 Iss 2	English
sim_annalen-der-physik_1899_69_3	1899-01-01	year	1899	69	Annalen der Physik und Chemie 1899: Vol 69 Iss 3	English
sim_annalen-der-physik_1899_69_4	1899-01-01	year	1899	69	Annalen der Physik und Chemie 1899: Vol 69 Iss 4	English
sim_annalen-der-physik_1899_69_contents	1899-01-01	year	1899	69	Annalen der Physik und Chemie 1899: Vol 69 Table of Contents	English
sim_annalen-der-physik_1900_1-3_index	1900-01-01	year	1900	1-3	Annalen der Physik und Chemie 1900: Vol 1-3 Index	English
sim_annalen-der-physik_1900_1_1	1900-01-01	year	1900	1	Annalen der Physik und Chemie 1900: Vol 1 Iss 1	English
sim_annalen-der-physik_1900_1_2	1900-01-01	year	1900	1	Annalen der Physik und Chemie 1900: Vol 1 Iss 2	English
sim_annalen-der-physik_1900_1_3	1900-01-01	year	1900	1	Annalen der Physik und Chemie 1900: Vol 1 Iss 3	English
sim_annalen-der-physik_1900_1_4	1900-01-01	year	1900	1	Annalen der Physik und Chemie 1900: Vol 1 Iss 4	English
sim_annalen-der-physik_1900_1_contents	1900-01-01	year	1900	1	Annalen der Physik und Chemie 1900: Vol 1 Table of Contents	English
sim_annalen-der-physik_1900_2_1	1900-01-01	year	1900	2	Annalen der Physik und Chemie 1900: Vol 2 Iss 1	English
sim_annalen-der-physik_1900_2_2	1900-01-01	year	1900	2	Annalen der Physik und Chemie 1900: Vol 2 Iss 2	English
sim_annalen-der-physik_1900_2_3	1900-01-01	year	1900	2	Annalen der Physik und Chemie 1900: Vol 2 Iss 3	English
sim_annalen-der-physik_1900_2_4	1900-01-01	year	1900	2	Annalen der Physik und Chemie 1900: Vol 2 Iss 4	English
sim_annalen-der-physik_1900_2_contents	1900-01-01	year	1900	2	Annalen der Physik und Chemie 1900: Vol 2 Table of Contents	English
sim_annalen-der-physik_1900_3_1	1900-01-01	year	1900	3	Annalen der Physik und Chemie 1900: Vol 3 Iss 1	English
sim_annalen-der-physik_1900_3_2	1900-01-01	year	1900	3	Annalen der Physik und Chemie 1900: Vol 3 Iss 2	English
sim_annalen-der-physik_1900_3_3	1900-01-01	year	1900	3	Annalen der Physik und Chemie 1900: Vol 3 Iss 3	English
sim_annalen-der-physik_1900_3_4	1900-01-01	year	1900	3	Annalen der Physik und Chemie 1900: Vol 3 Iss 4	English
sim_annalen-der-physik_1900_3_contents	1900-01-01	year	1900	3	Annalen der Physik und Chemie 1900: Vol 3 Table of Contents	English
sim_annalen-der-physik_1901_4-6_index	1901-01-01	year	1901	4-6	Annalen der Physik und Chemie 1901: Vol 4-6 Index	English
sim_annalen-der-physik_1901_4_1	1901-01-01	year	1901	4	Annalen der Physik und Chemie 1901: Vol 4 Iss 1	English
sim_annalen-der-physik_1901_4_2	1901-01-01	year	1901	4	Annalen der Physik und Chemie 1901: Vol 4 Iss 2	English
sim_annalen-der-physik_1901_4_3	1901-01-01	year	1901	4	Annalen der Physik und Chemie 1901: Vol 4 Iss 3	English
sim_annalen-der-physik_1901_4_4	1901-01-01	year	1901	4	Annalen der Physik und Chemie 1901: Vol 4 Iss 4	English
sim_annalen-der-physik_1901_4_contents	1901-01-01	year	1901	4	Annalen der Physik und Chemie 1901: Vol 4 Table of Contents	English
sim_annalen-der-physik_1901_5_1	1901-01-01	year	1901	5	Annalen der Physik und Chemie 1901: Vol 5 Iss 1	English
sim_annalen-der-physik_1901_5_2	1901-01-01	year	1901	5	Annalen der Physik und Chemie 1901: Vol 5 Iss 2	English
sim_annalen-der-physik_1901_5_3	1901-01-01	year	1901	5	Annalen der Physik und Chemie 1901: Vol 5 Iss 3	English
sim_annalen-der-physik_1901_5_4	1901-01-01	year	1901	5	Annalen der Physik und Chemie 1901: Vol 5 Iss 4	English
sim_annalen-der-physik_1901_5_contents	1901-01-01	year	1901	5	Annalen der Physik und Chemie 1901: Vol 5 Table of Contents	English
sim_annalen-der-physik_1901_6_1	1901-01-01	year	1901	6	Annalen der Physik und Chemie 1901: Vol 6 Iss 1	English
sim_annalen-der-physik_1901_6_2	1901-01-01	year	1901	6	Annalen der Physik und Chemie 1901: Vol 6 Iss 2	English
sim_annalen-der-physik_1901_6_3	1901-01-01	year	1901	6	Annalen der Physik und Chemie 1901: Vol 6 Iss 3	English
sim_annalen-der-physik_1901_6_4	1901-01-01	year	1901	6	Annalen der Physik und Chemie 1901: Vol 6 Iss 4	English
sim_annalen-der-physik_1901_6_contents	1901-01-01	year	1901	6	Annalen der Physik und Chemie 1901: Vol 6 Table of Contents	English
sim_annalen-der-physik_1902_7-9_index	1902-01-01	year	1902	7-9	Annalen der Physik und Chemie 1902: Vol 7-9 Index	English
sim_annalen-der-physik_1902_7_1	1902-01-01	year	1902	7	Annalen der Physik und Chemie 1902: Vol 7 Iss 1	English
sim_annalen-der-physik_1902_7_2	1902-01-01	year	1902	7	Annalen der Physik und Chemie 1902: Vol 7 Iss 2	English
sim_annalen-der-physik_1902_7_3	1902-01-01	year	1902	7	Annalen der Physik und Chemie 1902: Vol 7 Iss 3	English
sim_annalen-der-physik_1902_7_4	1902-01-01	year	1902	7	Annalen der Physik und Chemie 1902: Vol 7 Iss 4	English
sim_annalen-der-physik_1902_7_contents	1902-01-01	year	1902	7	Annalen der Physik und Chemie 1902: Vol 7 Table of Contents	English
sim_annalen-der-physik_1902_8_1	1902-01-01	year	1902	8	Annalen der Physik und Chemie 1902: Vol 8 Iss 1	English
sim_annalen-der-physik_1902_8_2	1902-01-01	year	1902	8	Annalen der Physik und Chemie 1902: Vol 8 Iss 2	English
sim_annalen-der-physik_1902_8_3	1902-01-01	year	1902	8	Annalen der Physik und Chemie 1902: Vol 8 Iss 3	English
sim_annalen-der-physik_1902_8_4	1902-01-01	year	1902	8	Annalen der Physik und Chemie 1902: Vol 8 Iss 4	English
sim_annalen-der-physik_1902_8_contents	1902-01-01	year	1902	8	Annalen der Physik und Chemie 1902: Vol 8 Table of Contents	English
sim_annalen-der-physik_1902_9_1	1902-01-01	year	1902	9	Annalen der Physik und Chemie 1902: Vol 9 Iss 1	English
sim_annalen-der-physik_1902_9_2	1902-01-01	year	1902	9	Annalen der Physik und Chemie 1902: Vol 9 Iss 2	English
sim_annalen-der-physik_1902_9_3	1902-01-01	year	1902	9	Annalen der Physik und Chemie 1902: Vol 9 Iss 3	English
sim_annalen-der-physik_1902_9_4	1902-01-01	year	1902	9	Annalen der Physik und Chemie 1902: Vol 9 Iss 4	English
sim_annalen-der-physik_1902_9_5	1902-01-01	year	1902	9	Annalen der Physik und Chemie 1902: Vol 9 Iss 5	English
sim_annalen-der-physik_1902_9_contents	1902-01-01	year	1902	9	Annalen der Physik und Chemie 1902: Vol 9 Table of Contents	English
sim_annalen-der-physik_1903_10-12_index	1903-01-01	year	1903	10-12	Annalen der Physik und Chemie 1903: Vol 10-12 Index	English
sim_annalen-der-physik_1903_10_1	1903-01-01	year	1903	10	Annalen der Physik und Chemie 1903: Vol 10 Iss 1	English
sim_annalen-der-physik_1903_10_2	1903-01-01	year	1903	10	Annalen der Physik und Chemie 1903: Vol 10 Iss 2	English
sim_annalen-der-physik_1903_10_3	1903-01-01	year	1903	10	Annalen der Physik und Chemie 1903: Vol 10 Iss 3	English
sim_annalen-der-physik_1903_10_4	1903-01-01	year	1903	10	Annalen der Physik und Chemie 1903: Vol 10 Iss 4	English
sim_annalen-der-physik_1903_10_contents	1903-01-01	year	1903	10	Annalen der Physik und Chemie 1903: Vol 10 Table of Contents	English
sim_annalen-der-physik_1903_11_1	1903-01-01	year	1903	11	Annalen der Physik und Chemie 1903: Vol 11 Iss 1	English
sim_annalen-der-physik_1903_11_2	1903-01-01	year	1903	11	Annalen der Physik und Chemie 1903: Vol 11 Iss 2	English
sim_annalen-der-physik_1903_11_3	1903-01-01	year	1903	11	Annalen der Physik und Chemie 1903: Vol 11 Iss 3	English
sim_annalen-der-physik_1903_11_4	1903-01-01	year	1903	11	Annalen der Physik und Chemie 1903: Vol 11 Iss 4	English
sim_annalen-der-physik_1903_11_5	1903-01-01	year	1903	11	Annalen der Physik und Chemie 1903: Vol 11 Iss 5	English
sim_annalen-der-physik_1903_11_contents	1903-01-01	year	1903	11	Annalen der Physik und Chemie 1903: Vol 11 Table of Contents	English
sim_annalen-der-physik_1903_12_1	1903-01-01	year	1903	12	Annalen der Physik und Chemie 1903: Vol 12 Iss 1	English
sim_annalen-der-physik_1903_12_2	1903-01-01	year	1903	12	Annalen der Physik und Chemie 1903: Vol 12 Iss 2	English
sim_annalen-der-physik_1903_12_3	1903-01-01	year	1903	12	Annalen der Physik und Chemie 1903: Vol 12 Iss 3	English
sim_annalen-der-physik_1903_12_4	1903-01-01	year	1903	12	Annalen der Physik und Chemie 1903: Vol 12 Iss 4	English
sim_annalen-der-physik_1903_12_5	1903-01-01	year	1903	12	Annalen der Physik und Chemie 1903: Vol 12 Iss 5	English
sim_annalen-der-physik_1903_12_contents	1903-01-01	year	1903	12	Annalen der Physik und Chemie 1903: Vol 12 Table of Contents	English
sim_annalen-der-physik_1904_13-15_index	1904-01-01	year	1904	13-15	Annalen der Physik und Chemie 1904: Vol 13-15 Index	English
sim_annalen-der-physik_1904_13_1	1904-01-01	year	1904	13	Annalen der Physik und Chemie 1904: Vol 13 Iss 1	English
sim_annalen-der-physik_1904_13_2	1904-01-01	year	1904	13	Annalen der Physik und Chemie 1904: Vol 13 Iss 2	English
sim_annalen-der-physik_1904_13_3	1904-01-01	year	1904	13	Annalen der Physik und Chemie 1904: Vol 13 Iss 3	English
sim_annalen-der-physik_1904_13_4	1904-01-01	year	1904	13	Annalen der Physik und Chemie 1904: Vol 13 Iss 4	English
sim_annalen-der-physik_1904_13_5	1904-01-01	year	1904	13	Annalen der Physik und Chemie 1904: Vol 13 Iss 5	English
sim_annalen-der-physik_1904_13_contents	1904-01-01	year	1904	13	Annalen der Physik und Chemie 1904: Vol 13 Table of Contents	English
sim_annalen-der-physik_1904_14_1	1904-01-01	year	1904	14	Annalen der Physik und Chemie 1904: Vol 14 Iss 1	English
sim_annalen-der-physik_1904_14_2	1904-01-01	year	1904	14	Annalen der Physik und Chemie 1904: Vol 14 Iss 2	English
sim_annalen-der-physik_1904_14_3	1904-01-01	year	1904	14	Annalen der Physik und Chemie 1904: Vol 14 Iss 3	English
sim_annalen-der-physik_1904_14_4	1904-01-01	year	1904	14	Annalen der Physik und Chemie 1904: Vol 14 Iss 4	English
sim_annalen-der-physik_1904_14_5	1904-01-01	year	1904	14	Annalen der Physik und Chemie 1904: Vol 14 Iss 5	English
sim_annalen-der-physik_1904_14_contents	1904-01-01	year	1904	14	Annalen der Physik und Chemie 1904: Vol 14 Table of Contents	English
sim_annalen-der-physik_1904_15_1	1904-01-01	year	1904	15	Annalen der Physik und Chemie 1904: Vol 15 Iss 1	English
sim_annalen-der-physik_1904_15_2	1904-01-01	year	1904	15	Annalen der Physik und Chemie 1904: Vol 15 Iss 2	English
sim_annalen-der-physik_1904_15_3	1904-01-01	year	1904	15	Annalen der Physik und Chemie 1904: Vol 15 Iss 3	English
sim_annalen-der-physik_1904_15_4	1904-01-01	year	1904	15	Annalen der Physik und Chemie 1904: Vol 15 Iss 4	English
sim_annalen-der-physik_1904_15_5	1904-01-01	year	1904	15	Annalen der Physik und Chemie 1904: Vol 15 Iss 5	English
sim_annalen-der-physik_1904_15_contents	1904-01-01	year	1904	15	Annalen der Physik und Chemie 1904: Vol 15 Table of Contents	English
sim_annalen-der-physik_1905_16-18_index	1905-01-01	year	1905	16-18	Annalen der Physik und Chemie 1905: Vol 16-18 Index	English
sim_annalen-der-physik_1905_16_1	1905-01-01	year	1905	16	Annalen der Physik und Chemie 1905: Vol 16 Iss 1	English
sim_annalen-der-physik_1905_16_2	1905-01-01	year	1905	16	Annalen der Physik und Chemie 1905: Vol 16 Iss 2	English
sim_annalen-der-physik_1905_16_3	1905-01-01	year	1905	16	Annalen der Physik und Chemie 1905: Vol 16 Iss 3	English
sim_annalen-der-physik_1905_16_4	1905-01-01	year	1905	16	Annalen der Physik und Chemie 1905: Vol 16 Iss 4	English
sim_annalen-der-physik_1905_16_5	1905-01-01	year	1905	16	Annalen der Physik und Chemie 1905: Vol 16 Iss 5	English
sim_annalen-der-physik_1905_16_contents	1905-01-01	year	1905	16	Annalen der Physik und Chemie 1905: Vol 16 Table of Contents	English
sim_annalen-der-physik_1905_17_1	1905-01-01	year	1905	17	Annalen der Physik und Chemie 1905: Vol 17 Iss 1	English
sim_annalen-der-physik_1905_17_2	1905-01-01	year	1905	17	Annalen der Physik und Chemie 1905: Vol 17 Iss 2	English
sim_annalen-der-physik_1905_17_3	1905-01-01	year	1905	17	Annalen der Physik und Chemie 1905: Vol 17 Iss 3	English
sim_annalen-der-physik_1905_17_4	1905-01-01	year	1905	17	Annalen der Physik und Chemie 1905: Vol 17 Iss 4	English
sim_annalen-der-physik_1905_17_5	1905-01-01	year	1905	17	Annalen der Physik und Chemie 1905: Vol 17 Iss 5	English
sim_annalen-der-physik_1905_17_contents	1905-01-01	year	1905	17	Annalen der Physik und Chemie 1905: Vol 17 Table of Contents	English
sim_annalen-der-physik_1905_18_1	1905-01-01	year	1905	18	Annalen der Physik und Chemie 1905: Vol 18 Iss 1	English
sim_annalen-der-physik_1905_18_2	1905-01-01	year	1905	18	Annalen der Physik und Chemie 1905: Vol 18 Iss 2	English
sim_annalen-der-physik_1905_18_3	1905-01-01	year	1905	18	Annalen der Physik und Chemie 1905: Vol 18 Iss 3	English
sim_annalen-der-physik_1905_18_4	1905-01-01	year	1905	18	Annalen der Physik und Chemie 1905: Vol 18 Iss 4	English
sim_annalen-der-physik_1905_18_5	1905-01-01	year	1905	18	Annalen der Physik und Chemie 1905: Vol 18 Iss 5	English
sim_annalen-der-physik_1905_18_contents	1905-01-01	year	1905	18	Annalen der Physik und Chemie 1905: Vol 18 Table of Contents	English
sim_annalen-der-physik_1906_19-21_index	1906-01-01	year	1906	19-21	Annalen der Physik und Chemie 1906: Vol 19-21 Index	English
sim_annalen-der-physik_1906_19_1	1906-01-01	year	1906	19	Annalen der Physik und Chemie 1906: Vol 19 Iss 1	English
sim_annalen-der-physik_1906_19_2	1906-01-01	year	1906	19	Annalen der Physik und Chemie 1906: Vol 19 Iss 2	English
sim_annalen-der-physik_1906_19_3	1906-01-01	year	1906	19	Annalen der Physik und Chemie 1906: Vol 19 Iss 3	English
sim_annalen-der-physik_1906_19_4	1906-01-01	year	1906	19	Annalen der Physik und Chemie 1906: Vol 19 Iss 4	English
sim_annalen-der-physik_1906_19_5	1906-01-01	year	1906	19	Annalen der Physik und Chemie 1906: Vol 19 Iss 5	English
sim_annalen-der-physik_1906_19_contents	1906-01-01	year	1906	19	Annalen der Physik und Chemie 1906: Vol 19 Table of Contents	English
sim_annalen-der-physik_1906_20	1906-01-01	year	1906	20	Annalen der Physik und Chemie 1906: Vol 20	English
sim_annalen-der-physik_1906_20_contents	1906-01-01	year	1906	20	Annalen der Physik und Chemie 1906: Vol 20 Table of Contents	English
sim_annalen-der-physik_1906_21_1	1906-01-01	year	1906	21	Annalen der Physik und Chemie 1906: Vol 21 Iss 1	English
sim_annalen-der-physik_1906_21_2	1906-01-01	year	1906	21	Annalen der Physik und Chemie 1906: Vol 21 Iss 2	English
sim_annalen-der-physik_1906_21_3	1906-01-01	year	1906	21	Annalen der Physik und Chemie 1906: Vol 21 Iss 3	English
sim_annalen-der-physik_1906_21_4	1906-01-01	year	1906	21	Annalen der Physik und Chemie 1906: Vol 21 Iss 4	English
sim_annalen-der-physik_1906_21_5	1906-01-01	year	1906	21	Annalen der Physik und Chemie 1906: Vol 21 Iss 5	English
sim_annalen-der-physik_1906_21_contents	1906-01-01	year	1906	21	Annalen der Physik und Chemie 1906: Vol 21 Table of Contents	English
sim_annalen-der-physik_1907_22_1	1907-01-01	year	1907	22	Annalen der Physik 1907: Vol 22 Iss 1	English
sim_annalen-der-physik_1907_22_2	1907-01-01	year	1907	22	Annalen der Physik 1907: Vol 22 Iss 2	English
sim_annalen-der-physik_1907_22_3	1907-01-01	year	1907	22	Annalen der Physik 1907: Vol 22 Iss 3	English
sim_annalen-der-physik_1907_22_4	1907-01-01	year	1907	22	Annalen der Physik 1907: Vol 22 Iss 4	English
sim_annalen-der-physik_1907_22_5	1907-01-01	year	1907	22	Annalen der Physik 1907: Vol 22 Iss 5	English
sim_annalen-der-physik_1907_22_contents	1907-01-01	year	1907	22	Annalen der Physik 1907: Vol 22 Table of Contents	English
sim_annalen-der-physik_1907_22_index	1907-01-01	year	1907	22	Annalen der Physik 1907: Vol 22 Index	English
sim_annalen-der-physik_1907_23_10	1907-01-01	year	1907	23	Annalen der Physik 1907: Vol 23 Iss 10	English
sim_annalen-der-physik_1907_23_6	1907-01-01	year	1907	23	Annalen der Physik 1907: Vol 23 Iss 6	English
sim_annalen-der-physik_1907_23_7	1907-01-01	year	1907	23	Annalen der Physik 1907: Vol 23 Iss 7	English
sim_annalen-der-physik_1907_23_8	1907-01-01	year	1907	23	Annalen der Physik 1907: Vol 23 Iss 8	English
sim_annalen-der-physik_1907_23_9	1907-01-01	year	1907	23	Annalen der Physik 1907: Vol 23 Iss 9	English
sim_annalen-der-physik_1907_23_contents	1907-01-01	year	1907	23	Annalen der Physik 1907: Vol 23 Table of Contents	English
sim_annalen-der-physik_1907_24_11	1907-01-01	year	1907	24	Annalen der Physik 1907: Vol 24 Iss 11	English
sim_annalen-der-physik_1907_24_12	1907-01-01	year	1907	24	Annalen der Physik 1907: Vol 24 Iss 12	English
sim_annalen-der-physik_1907_24_13	1907-01-01	year	1907	24	Annalen der Physik 1907: Vol 24 Iss 13	English
sim_annalen-der-physik_1907_24_14	1907-01-01	year	1907	24	Annalen der Physik 1907: Vol 24 Iss 14	English
sim_annalen-der-physik_1907_24_15	1907-01-01	year	1907	24	Annalen der Physik 1907: Vol 24 Iss 15	English
sim_annalen-der-physik_1907_24_index	1907-01-01	year	1907	24	Annalen der Physik 1907: Vol 24 Index	English
sim_annalen-der-physik_1908_25_1	1908-01-01	year	1908	25	Annalen der Physik 1908: Vol 25 Iss 1	English
sim_annalen-der-physik_1908_25_2	1908-01-01	year	1908	25	Annalen der Physik 1908: Vol 25 Iss 2	English
sim_annalen-der-physik_1908_25_3	1908-01-01	year	1908	25	Annalen der Physik 1908: Vol 25 Iss 3	English
sim_annalen-der-physik_1908_25_4	1908-01-01	year	1908	25	Annalen der Physik 1908: Vol 25 Iss 4	English
sim_annalen-der-physik_1908_25_5	1908-01-01	year	1908	25	Annalen der Physik 1908: Vol 25 Iss 5	English
sim_annalen-der-physik_1908_25_contents	1908-01-01	year	1908	25	Annalen der Physik 1908: Vol 25 Table of Contents	English
sim_annalen-der-physik_1908_25_index	1908-01-01	year	1908	25	Annalen der Physik 1908: Vol 25 Index	English
sim_annalen-der-physik_1908_26_10	1908-01-01	year	1908	26	Annalen der Physik 1908: Vol 26 Iss 10	English
sim_annalen-der-physik_1908_26_6	1908-01-01	year	1908	26	Annalen der Physik 1908: Vol 26 Iss 6	English
sim_annalen-der-physik_1908_26_7	1908-01-01	year	1908	26	Annalen der Physik 1908: Vol 26 Iss 7	English
sim_annalen-der-physik_1908_26_8	1908-01-01	year	1908	26	Annalen der Physik 1908: Vol 26 Iss 8	English
sim_annalen-der-physik_1908_26_9	1908-01-01	year	1908	26	Annalen der Physik 1908: Vol 26 Iss 9	English
sim_annalen-der-physik_1908_26_contents	1908-01-01	year	1908	26	Annalen der Physik 1908: Vol 26 Table of Contents	English
sim_annalen-der-physik_1908_27_11	1908-01-01	year	1908	27	Annalen der Physik 1908: Vol 27 Iss 11	English
sim_annalen-der-physik_1908_27_12	1908-01-01	year	1908	27	Annalen der Physik 1908: Vol 27 Iss 12	English
sim_annalen-der-physik_1908_27_13	1908-01-01	year	1908	27	Annalen der Physik 1908: Vol 27 Iss 13	English
sim_annalen-der-physik_1908_27_14	1908-01-01	year	1908	27	Annalen der Physik 1908: Vol 27 Iss 14	English
sim_annalen-der-physik_1908_27_15	1908-01-01	year	1908	27	Annalen der Physik 1908: Vol 27 Iss 15	English
sim_annalen-der-physik_1908_27_contents	1908-01-01	year	1908	27	Annalen der Physik 1908: Vol 27 Table of Contents	English
sim_annalen-der-physik_1909_28_1	1909-01-01	year	1909	28	Annalen der Physik 1909: Vol 28 Iss 1	English
sim_annalen-der-physik_1909_28_2	1909-01-01	year	1909	28	Annalen der Physik 1909: Vol 28 Iss 2	English
sim_annalen-der-physik_1909_28_3	1909-01-01	year	1909	28	Annalen der Physik 1909: Vol 28 Iss 3	English
sim_annalen-der-physik_1909_28_4	1909-01-01	year	1909	28	Annalen der Physik 1909: Vol 28 Iss 4	English
sim_annalen-der-physik_1909_28_5	1909-01-01	year	1909	28	Annalen der Physik 1909: Vol 28 Iss 5	English
sim_annalen-der-physik_1909_28_contents	1909-01-01	year	1909	28	Annalen der Physik 1909: Vol 28 Table of Contents	English
sim_annalen-der-physik_1909_28_index	1909-01-01	year	1909	28	Annalen der Physik 1909: Vol 28 Index	English
sim_annalen-der-physik_1909_29_10	1909-01-01	year	1909	29	Annalen der Physik 1909: Vol 29 Iss 10	English
sim_annalen-der-physik_1909_29_6	1909-01-01	year	1909	29	Annalen der Physik 1909: Vol 29 Iss 6	English
sim_annalen-der-physik_1909_29_7	1909-01-01	year	1909	29	Annalen der Physik 1909: Vol 29 Iss 7	English
sim_annalen-der-physik_1909_29_8	1909-01-01	year	1909	29	Annalen der Physik 1909: Vol 29 Iss 8	English
sim_annalen-der-physik_1909_29_9	1909-01-01	year	1909	29	Annalen der Physik 1909: Vol 29 Iss 9	English
sim_annalen-der-physik_1909_29_contents	1909-01-01	year	1909	29	Annalen der Physik 1909: Vol 29 Table of Contents	English
sim_annalen-der-physik_1909_30_11	1909-01-01	year	1909	30	Annalen der Physik 1909: Vol 30 Iss 11	English
sim_annalen-der-physik_1909_30_12	1909-01-01	year	1909	30	Annalen der Physik 1909: Vol 30 Iss 12	English
sim_annalen-der-physik_1909_30_13	1909-01-01	year	1909	30	Annalen der Physik 1909: Vol 30 Iss 13	English
sim_annalen-der-physik_1909_30_14	1909-01-01	year	1909	30	Annalen der Physik 1909: Vol 30 Iss 14	English
sim_annalen-der-physik_1909_30_15	1909-01-01	year	1909	30	Annalen der Physik 1909: Vol 30 Iss 15	English
sim_annalen-der-physik_1909_30_contents	1909-01-01	year	1909	30	Annalen der Physik 1909: Vol 30 Table of Contents	English
sim_annalen-der-physik_1910_31_1	1910-01-01	year	1910	31	Annalen der Physik 1910: Vol 31 Iss 1	English
sim_annalen-der-physik_1910_31_2	1910-01-01	year	1910	31	Annalen der Physik 1910: Vol 31 Iss 2	English
sim_annalen-der-physik_1910_31_3	1910-01-01	year	1910	31	Annalen der Physik 1910: Vol 31 Iss 3	English
sim_annalen-der-physik_1910_31_4	1910-01-01	year	1910	31	Annalen der Physik 1910: Vol 31 Iss 4	English
sim_annalen-der-physik_1910_31_5	1910-01-01	year	1910	31	Annalen der Physik 1910: Vol 31 Iss 5	English
sim_annalen-der-physik_1910_31_contents	1910-01-01	year	1910	31	Annalen der Physik 1910: Vol 31 Table of Contents	English
sim_annalen-der-physik_1910_31_index	1910-01-01	year	1910	31	Annalen der Physik 1910: Vol 31 Index	English
sim_annalen-der-physik_1910_32_10	1910-01-01	year	1910	32	Annalen der Physik 1910: Vol 32 Iss 10	English
sim_annalen-der-physik_1910_32_6	1910-01-01	year	1910	32	Annalen der Physik 1910: Vol 32 Iss 6	English
sim_annalen-der-physik_1910_32_7	1910-01-01	year	1910	32	Annalen der Physik 1910: Vol 32 Iss 7	English
sim_annalen-der-physik_1910_32_8	1910-01-01	year	1910	32	Annalen der Physik 1910: Vol 32 Iss 8	English
sim_annalen-der-physik_1910_32_9	1910-01-01	year	1910	32	Annalen der Physik 1910: Vol 32 Iss 9	English
sim_annalen-der-physik_1910_32_contents	1910-01-01	year	1910	32	Annalen der Physik 1910: Vol 32 Table of Contents	English
sim_annalen-der-physik_1910_33_11	1910-01-01	year	1910	33	Annalen der Physik 1910: Vol 33 Iss 11	English
sim_annalen-der-physik_1910_33_12	1910-01-01	year	1910	33	Annalen der Physik 1910: Vol 33 Iss 12	English
sim_annalen-der-physik_1910_33_13	1910-01-01	year	1910	33	Annalen der Physik 1910: Vol 33 Iss 13	English
sim_annalen-der-physik_1910_33_14	1910-01-01	year	1910	33	Annalen der Physik 1910: Vol 33 Iss 14	English
sim_annalen-der-physik_1910_33_15	1910-01-01	year	1910	33	Annalen der Physik 1910: Vol 33 Iss 15	English
sim_annalen-der-physik_1910_33_16	1910-01-01	year	1910	33	Annalen der Physik 1910: Vol 33 Iss 16	English
sim_annalen-der-physik_1910_33_contents	1910-01-01	year	1910	33	Annalen der Physik 1910: Vol 33 Table of Contents	English
sim_annalen-der-physik_1911_34_1	1911-01-01	year	1911	34	Annalen der Physik 1911: Vol 34 Iss 1	English
sim_annalen-der-physik_1911_34_2	1911-01-01	year	1911	34	Annalen der Physik 1911: Vol 34 Iss 2	English
sim_annalen-der-physik_1911_34_3	1911-01-01	year	1911	34	Annalen der Physik 1911: Vol 34 Iss 3	English
sim_annalen-der-physik_1911_34_4	1911-01-01	year	1911	34	Annalen der Physik 1911: Vol 34 Iss 4	English
sim_annalen-der-physik_1911_34_5	1911-01-01	year	1911	34	Annalen der Physik 1911: Vol 34 Iss 5	English
sim_annalen-der-physik_1911_34_contents	1911-01-01	year	1911	34	Annalen der Physik 1911: Vol 34 Table of Contents	English
sim_annalen-der-physik_1911_34_index	1911-01-01	year	1911	34	Annalen der Physik 1911: Vol 34 Index	English
sim_annalen-der-physik_1911_35_10	1911-01-01	year	1911	35	Annalen der Physik 1911: Vol 35 Iss 10	English
sim_annalen-der-physik_1911_35_6	1911-01-01	year	1911	35	Annalen der Physik 1911: Vol 35 Iss 6	English
sim_annalen-der-physik_1911_35_7	1911-01-01	year	1911	35	Annalen der Physik 1911: Vol 35 Iss 7	English
sim_annalen-der-physik_1911_35_8	1911-01-01	year	1911	35	Annalen der Physik 1911: Vol 35 Iss 8	English
sim_annalen-der-physik_1911_35_9	1911-01-01	year	1911	35	Annalen der Physik 1911: Vol 35 Iss 9	English
sim_annalen-der-physik_1911_35_contents	1911-01-01	year	1911	35	Annalen der Physik 1911: Vol 35 Table of Contents	English
sim_annalen-der-physik_1911_36_11	1911-01-01	year	1911	36	Annalen der Physik 1911: Vol 36 Iss 11	English
sim_annalen-der-physik_1911_36_12	1911-01-01	year	1911	36	Annalen der Physik 1911: Vol 36 Iss 12	English
sim_annalen-der-physik_1911_36_13	1911-01-01	year	1911	36	Annalen der Physik 1911: Vol 36 Iss 13	English
sim_annalen-der-physik_1911_36_14	1911-01-01	year	1911	36	Annalen der Physik 1911: Vol 36 Iss 14	English
sim_annalen-der-physik_1911_36_15	1911-01-01	year	1911	36	Annalen der Physik 1911: Vol 36 Iss 15	English
sim_annalen-der-physik_1911_36_contents	1911-01-01	year	1911	36	Annalen der Physik 1911: Vol 36 Table of Contents	English
sim_annalen-der-physik_1912_37_1	1912-01-01	year	1912	37	Annalen der Physik 1912: Vol 37 Iss 1	English
sim_annalen-der-physik_1912_37_2	1912-01-01	year	1912	37	Annalen der Physik 1912: Vol 37 Iss 2	English
sim_annalen-der-physik_1912_37_3	1912-01-01	year	1912	37	Annalen der Physik 1912: Vol 37 Iss 3	English
sim_annalen-der-physik_1912_37_4	1912-01-01	year	1912	37	Annalen der Physik 1912: Vol 37 Iss 4	English
sim_annalen-der-physik_1912_37_5	1912-01-01	year	1912	37	Annalen der Physik 1912: Vol 37 Iss 5	English
sim_annalen-der-physik_1912_37_contents	1912-01-01	year	1912	37	Annalen der Physik 1912: Vol 37 Table of Contents	English
sim_annalen-der-physik_1912_37_index	1912-01-01	year	1912	37	Annalen der Physik 1912: Vol 37 Index	English
sim_annalen-der-physik_1912_38_10	1912-01-01	year	1912	38	Annalen der Physik 1912: Vol 38 Iss 10	English
sim_annalen-der-physik_1912_38_6	1912-01-01	year	1912	38	Annalen der Physik 1912: Vol 38 Iss 6	English
sim_annalen-der-physik_1912_38_7	1912-01-01	year	1912	38	Annalen der Physik 1912: Vol 38 Iss 7	English
sim_annalen-der-physik_1912_38_8	1912-01-01	year	1912	38	Annalen der Physik 1912: Vol 38 Iss 8	English
sim_annalen-der-physik_1912_38_9	1912-01-01	year	1912	38	Annalen der Physik 1912: Vol 38 Iss 9	English
sim_annalen-der-physik_1912_38_contents	1912-01-01	year	1912	38	Annalen der Physik 1912: Vol 38 Table of Contents	English
sim_annalen-der-physik_1912_39_11	1912-01-01	year	1912	39	Annalen der Physik 1912: Vol 39 Iss 11	English
sim_annalen-der-physik_1912_39_12	1912-01-01	year	1912	39	Annalen der Physik 1912: Vol 39 Iss 12	English
sim_annalen-der-physik_1912_39_13	1912-01-01	year	1912	39	Annalen der Physik 1912: Vol 39 Iss 13	English
sim_annalen-der-physik_1912_39_14	1912-01-01	year	1912	39	Annalen der Physik 1912: Vol 39 Iss 14	English
sim_annalen-der-physik_1912_39_15	1912-01-01	year	1912	39	Annalen der Physik 1912: Vol 39 Iss 15	English
sim_annalen-der-physik_1912_39_16	1912-01-01	year	1912	39	Annalen der Physik 1912: Vol 39 Iss 16	English
sim_annalen-der-physik_1912_39_contents	1912-01-01	year	1912	39	Annalen der Physik 1912: Vol 39 Table of Contents	English
sim_annalen-der-physik_1913_40_1	1913-01-01	year	1913	40	Annalen der Physik 1913: Vol 40 Iss 1	English
sim_annalen-der-physik_1913_40_2	1913-01-01	year	1913	40	Annalen der Physik 1913: Vol 40 Iss 2	English
sim_annalen-der-physik_1913_40_3	1913-01-01	year	1913	40	Annalen der Physik 1913: Vol 40 Iss 3	English
sim_annalen-der-physik_1913_40_4	1913-01-01	year	1913	40	Annalen der Physik 1913: Vol 40 Iss 4	English
sim_annalen-der-physik_1913_40_5	1913-01-01	year	1913	40	Annalen der Physik 1913: Vol 40 Iss 5	English
sim_annalen-der-physik_1913_40_contents	1913-01-01	year	1913	40	Annalen der Physik 1913: Vol 40 Table of Contents	English
sim_annalen-der-physik_1913_41_10	1913-01-01	year	1913	41	Annalen der Physik 1913: Vol 41 Iss 10	English
sim_annalen-der-physik_1913_41_6	1913-01-01	year	1913	41	Annalen der Physik 1913: Vol 41 Iss 6	English
sim_annalen-der-physik_1913_41_7	1913-01-01	year	1913	41	Annalen der Physik 1913: Vol 41 Iss 7	English
sim_annalen-der-physik_1913_41_8	1913-01-01	year	1913	41	Annalen der Physik 1913: Vol 41 Iss 8	English
sim_annalen-der-physik_1913_41_9	1913-01-01	year	1913	41	Annalen der Physik 1913: Vol 41 Iss 9	English
sim_annalen-der-physik_1913_41_index	1913-01-01	year	1913	41	Annalen der Physik 1913: Vol 41 Index	English
sim_annalen-der-physik_1913_42_11	1913-01-01	year	1913	42	Annalen der Physik 1913: Vol 42 Iss 11	English
sim_annalen-der-physik_1913_42_12	1913-01-01	year	1913	42	Annalen der Physik 1913: Vol 42 Iss 12	English
sim_annalen-der-physik_1913_42_13	1913-01-01	year	1913	42	Annalen der Physik 1913: Vol 42 Iss 13	English
sim_annalen-der-physik_1913_42_14	1913-01-01	year	1913	42	Annalen der Physik 1913: Vol 42 Iss 14	English
sim_annalen-der-physik_1913_42_15	1913-01-01	year	1913	42	Annalen der Physik 1913: Vol 42 Iss 15	English
sim_annalen-der-physik_1913_42_16	1913-01-01	year	1913	42	Annalen der Physik 1913: Vol 42 Iss 16	English
sim_annalen-der-physik_1913_42_index	1913-01-01	year	1913	42	Annalen der Physik 1913: Vol 42 Index	English
sim_annalen-der-physik_1914_43_1	1914-01-01	year	1914	43	Annalen der Physik 1914: Vol 43 Iss 1	English
sim_annalen-der-physik_1914_43_2	1914-01-01	year	1914	43	Annalen der Physik 1914: Vol 43 Iss 2	English
sim_annalen-der-physik_1914_43_3	1914-01-01	year	1914	43	Annalen der Physik 1914: Vol 43 Iss 3	English
sim_annalen-der-physik_1914_43_4	1914-01-01	year	1914	43	Annalen der Physik 1914: Vol 43 Iss 4	English
sim_annalen-der-physik_1914_43_5	1914-01-01	year	1914	43	Annalen der Physik 1914: Vol 43 Iss 5	English
sim_annalen-der-physik_1914_43_6	1914-01-01	year	1914	43	Annalen der Physik 1914: Vol 43 Iss 6	English
sim_annalen-der-physik_1914_43_7	1914-01-01	year	1914	43	Annalen der Physik 1914: Vol 43 Iss 7	English
sim_annalen-der-physik_1914_43_8	1914-01-01	year	1914	43	Annalen der Physik 1914: Vol 43 Iss 8	English
sim_annalen-der-physik_1914_43_contents	1914-01-01	year	1914	43	Annalen der Physik 1914: Vol 43 Table of Contents	English
sim_annalen-der-physik_1914_44_10	1914-01-01	year	1914	44	Annalen der Physik 1914: Vol 44 Iss 10	English
sim_annalen-der-physik_1914_44_11	1914-01-01	year	1914	44	Annalen der Physik 1914: Vol 44 Iss 11	English
sim_annalen-der-physik_1914_44_12	1914-01-01	year	1914	44	Annalen der Physik 1914: Vol 44 Iss 12	English
sim_annalen-der-physik_1914_44_13	1914-01-01	year	1914	44	Annalen der Physik 1914: Vol 44 Iss 13	English
sim_annalen-der-physik_1914_44_14	1914-01-01	year	1914	44	Annalen der Physik 1914: Vol 44 Iss 14	English
sim_annalen-der-physik_1914_44_15	1914-01-01	year	1914	44	Annalen der Physik 1914: Vol 44 Iss 15	English
sim_annalen-der-physik_1914_44_16	1914-01-01	year	1914	44	Annalen der Physik 1914: Vol 44 Iss 16	English
sim_annalen-der-physik_1914_44_9	1914-01-01	year	1914	44	Annalen der Physik 1914: Vol 44 Iss 9	English
sim_annalen-der-physik_1914_44_contents	1914-01-01	year	1914	44	Annalen der Physik 1914: Vol 44 Table of Contents	English
sim_annalen-der-physik_1914_45_17	1914-01-01	year	1914	45	Annalen der Physik 1914: Vol 45 Iss 17	English
sim_annalen-der-physik_1914_45_18	1914-01-01	year	1914	45	Annalen der Physik 1914: Vol 45 Iss 18	English
sim_annalen-der-physik_1914_45_19	1914-01-01	year	1914	45	Annalen der Physik 1914: Vol 45 Iss 19	English
sim_annalen-der-physik_1914_45_20	1914-01-01	year	1914	45	Annalen der Physik 1914: Vol 45 Iss 20	English
sim_annalen-der-physik_1914_45_21	1914-01-01	year	1914	45	Annalen der Physik 1914: Vol 45 Iss 21	English
sim_annalen-der-physik_1914_45_22	1914-01-01	year	1914	45	Annalen der Physik 1914: Vol 45 Iss 22	English
sim_annalen-der-physik_1914_45_23	1914-01-01	year	1914	45	Annalen der Physik 1914: Vol 45 Iss 23	English
sim_annalen-der-physik_1914_45_24	1914-01-01	year	1914	45	Annalen der Physik 1914: Vol 45 Iss 24	English
sim_annalen-der-physik_1914_45_contents	1914-01-01	year	1914	45	Annalen der Physik 1914: Vol 45 Table of Contents	English
sim_annalen-der-physik_1915_46_1	1915-01-01	year	1915	46	Annalen der Physik 1915: Vol 46 Iss 1	English
sim_annalen-der-physik_1915_46_2	1915-01-01	year	1915	46	Annalen der Physik 1915: Vol 46 Iss 2	English
sim_annalen-der-physik_1915_46_3	1915-01-01	year	1915	46	Annalen der Physik 1915: Vol 46 Iss 3	English
sim_annalen-der-physik_1915_46_4	1915-01-01	year	1915	46	Annalen der Physik 1915: Vol 46 Iss 4	English
sim_annalen-der-physik_1915_46_5	1915-01-01	year	1915	46	Annalen der Physik 1915: Vol 46 Iss 5	English
sim_annalen-der-physik_1915_46_6	1915-01-01	year	1915	46	Annalen der Physik 1915: Vol 46 Iss 6	English
sim_annalen-der-physik_1915_46_7	1915-01-01	year	1915	46	Annalen der Physik 1915: Vol 46 Iss 7	English
sim_annalen-der-physik_1915_46_8	1915-01-01	year	1915	46	Annalen der Physik 1915: Vol 46 Iss 8	English
sim_annalen-der-physik_1915_46_contents	1915-01-01	year	1915	46	Annalen der Physik 1915: Vol 46 Table of Contents	English
sim_annalen-der-physik_1915_47_10	1915-01-01	year	1915	47	Annalen der Physik 1915: Vol 47 Iss 10	English
sim_annalen-der-physik_1915_47_11	1915-01-01	year	1915	47	Annalen der Physik 1915: Vol 47 Iss 11	English
sim_annalen-der-physik_1915_47_12	1915-01-01	year	1915	47	Annalen der Physik 1915: Vol 47 Iss 12	English
sim_annalen-der-physik_1915_47_13	1915-01-01	year	1915	47	Annalen der Physik 1915: Vol 47 Iss 13	English
sim_annalen-der-physik_1915_47_14	1915-01-01	year	1915	47	Annalen der Physik 1915: Vol 47 Iss 14	English
sim_annalen-der-physik_1915_47_15	1915-01-01	year	1915	47	Annalen der Physik 1915: Vol 47 Iss 15	English
sim_annalen-der-physik_1915_47_16	1915-01-01	year	1915	47	Annalen der Physik 1915: Vol 47 Iss 16	English
sim_annalen-der-physik_1915_47_9	1915-01-01	year	1915	47	Annalen der Physik 1915: Vol 47 Iss 9	English
sim_annalen-der-physik_1915_47_contents	1915-01-01	year	1915	47	Annalen der Physik 1915: Vol 47 Table of Contents	English
sim_annalen-der-physik_1915_48_17	1915-01-01	year	1915	48	Annalen der Physik 1915: Vol 48 Iss 17	English
sim_annalen-der-physik_1915_48_18	1915-01-01	year	1915	48	Annalen der Physik 1915: Vol 48 Iss 18	English
sim_annalen-der-physik_1915_48_19	1915-01-01	year	1915	48	Annalen der Physik 1915: Vol 48 Iss 19	English
sim_annalen-der-physik_1915_48_20	1915-01-01	year	1915	48	Annalen der Physik 1915: Vol 48 Iss 20	English
sim_annalen-der-physik_1915_48_21	1915-01-01	year	1915	48	Annalen der Physik 1915: Vol 48 Iss 21	English
sim_annalen-der-physik_1915_48_22	1915-01-01	year	1915	48	Annalen der Physik 1915: Vol 48 Iss 22	English
sim_annalen-der-physik_1915_48_23	1915-01-01	year	1915	48	Annalen der Physik 1915: Vol 48 Iss 23	English
sim_annalen-der-physik_1915_48_24	1915-01-01	year	1915	48	Annalen der Physik 1915: Vol 48 Iss 24	English
sim_annalen-der-physik_1915_48_contents	1915-01-01	year	1915	48	Annalen der Physik 1915: Vol 48 Table of Contents	English
sim_annalen-der-physik_1916_49_1	1916-01-01	year	1916	49	Annalen der Physik 1916: Vol 49 Iss 1	English
sim_annalen-der-physik_1916_49_2	1916-01-01	year	1916	49	Annalen der Physik 1916: Vol 49 Iss 2	English
sim_annalen-der-physik_1916_49_3	1916-01-01	year	1916	49	Annalen der Physik 1916: Vol 49 Iss 3	English
sim_annalen-der-physik_1916_49_4	1916-01-01	year	1916	49	Annalen der Physik 1916: Vol 49 Iss 4	English
sim_annalen-der-physik_1916_49_5	1916-01-01	year	1916	49	Annalen der Physik 1916: Vol 49 Iss 5	English
sim_annalen-der-physik_1916_49_6	1916-01-01	year	1916	49	Annalen der Physik 1916: Vol 49 Iss 6	English
sim_annalen-der-physik_1916_49_7	1916-01-01	year	1916	49	Annalen der Physik 1916: Vol 49 Iss 7	English
sim_annalen-der-physik_1916_49_8	1916-01-01	year	1916	49	Annalen der Physik 1916: Vol 49 Iss 8	English
sim_annalen-der-physik_1916_49_contents	1916-01-01	year	1916	49	Annalen der Physik 1916: Vol 49 Table of Contents	English
sim_annalen-der-physik_1916_50_10	1916-01-01	year	1916	50	Annalen der Physik 1916: Vol 50 Iss 10	English
sim_annalen-der-physik_1916_50_11	1916-01-01	year	1916	50	Annalen der Physik 1916: Vol 50 Iss 11	English
sim_annalen-der-physik_1916_50_12	1916-01-01	year	1916	50	Annalen der Physik 1916: Vol 50 Iss 12	English
sim_annalen-der-physik_1916_50_13	1916-01-01	year	1916	50	Annalen der Physik 1916: Vol 50 Iss 13	English
sim_annalen-der-physik_1916_50_14	1916-01-01	year	1916	50	Annalen der Physik 1916: Vol 50 Iss 14	English
sim_annalen-der-physik_1916_50_15	1916-01-01	year	1916	50	Annalen der Physik 1916: Vol 50 Iss 15	English
sim_annalen-der-physik_1916_50_16	1916-01-01	year	1916	50	Annalen der Physik 1916: Vol 50 Iss 16	English
sim_annalen-der-physik_1916_50_9	1916-01-01	year	1916	50	Annalen der Physik 1916: Vol 50 Iss 9	English
sim_annalen-der-physik_1916_50_contents	1916-01-01	year	1916	50	Annalen der Physik 1916: Vol 50 Table of Contents	English
sim_annalen-der-physik_1916_51_17	1916-01-01	year	1916	51	Annalen der Physik 1916: Vol 51 Iss 17	English
sim_annalen-der-physik_1916_51_18	1916-01-01	year	1916	51	Annalen der Physik 1916: Vol 51 Iss 18	English
sim_annalen-der-physik_1916_51_19	1916-01-01	year	1916	51	Annalen der Physik 1916: Vol 51 Iss 19	English
sim_annalen-der-physik_1916_51_20	1916-01-01	year	1916	51	Annalen der Physik 1916: Vol 51 Iss 20	English
sim_annalen-der-physik_1916_51_21	1916-01-01	year	1916	51	Annalen der Physik 1916: Vol 51 Iss 21	English
sim_annalen-der-physik_1916_51_22	1916-01-01	year	1916	51	Annalen der Physik 1916: Vol 51 Iss 22	English
sim_annalen-der-physik_1916_51_23	1916-01-01	year	1916	51	Annalen der Physik 1916: Vol 51 Iss 23	English
sim_annalen-der-physik_1916_51_24	1916-01-01	year	1916	51	Annalen der Physik 1916: Vol 51 Iss 24	English
sim_annalen-der-physik_1916_51_index	1916-01-01	year	1916	51	Annalen der Physik 1916: Vol 51 Index	English
sim_annalen-der-physik_1917_52_1	1917-01-01	year	1917	52	Annalen der Physik 1917: Vol 52 Iss 1	English
sim_annalen-der-physik_1917_52_2	1917-01-01	year	1917	52	Annalen der Physik 1917: Vol 52 Iss 2	English
sim_annalen-der-physik_1917_52_3	1917-01-01	year	1917	52	Annalen der Physik 1917: Vol 52 Iss 3	English
sim_annalen-der-physik_1917_52_4	1917-01-01	year	1917	52	Annalen der Physik 1917: Vol 52 Iss 4	English
sim_annalen-der-physik_1917_52_5	1917-01-01	year	1917	52	Annalen der Physik 1917: Vol 52 Iss 5	English
sim_annalen-der-physik_1917_52_6	1917-01-01	year	1917	52	Annalen der Physik 1917: Vol 52 Iss 6	English
sim_annalen-der-physik_1917_52_7	1917-01-01	year	1917	52	Annalen der Physik 1917: Vol 52 Iss 7	English
sim_annalen-der-physik_1917_52_8	1917-01-01	year	1917	52	Annalen der Physik 1917: Vol 52 Iss 8	English
sim_annalen-der-physik_1917_52_contents	1917-01-01	year	1917	52	Annalen der Physik 1917: Vol 52 Table of Contents	English
sim_annalen-der-physik_1917_53_10	1917-01-01	year	1917	53	Annalen der Physik und Chemie 1917: Vol 53 Iss 10	English
sim_annalen-der-physik_1917_53_11	1917-01-01	year	1917	53	Annalen der Physik und Chemie 1917: Vol 53 Iss 11	English
sim_annalen-der-physik_1917_53_12	1917-01-01	year	1917	53	Annalen der Physik und Chemie 1917: Vol 53 Iss 12	English
sim_annalen-der-physik_1917_53_13	1917-01-01	year	1917	53	Annalen der Physik und Chemie 1917: Vol 53 Iss 13	English
sim_annalen-der-physik_1917_53_14	1917-01-01	year	1917	53	Annalen der Physik und Chemie 1917: Vol 53 Iss 14	English
sim_annalen-der-physik_1917_53_15	1917-01-01	year	1917	53	Annalen der Physik und Chemie 1917: Vol 53 Iss 15	English
sim_annalen-der-physik_1917_53_16	1917-01-01	year	1917	53	Annalen der Physik und Chemie 1917: Vol 53 Iss 16	English
sim_annalen-der-physik_1917_53_9	1917-01-01	year	1917	53	Annalen der Physik und Chemie 1917: Vol 53 Iss 9	English
sim_annalen-der-physik_1917_53_contents	1917-01-01	year	1917	53	Annalen der Physik und Chemie 1917: Vol 53 Table of Contents	English
sim_annalen-der-physik_1917_54_17	1917-01-01	year	1917	54	Annalen der Physik und Chemie 1917: Vol 54 Iss 17	English
sim_annalen-der-physik_1917_54_18	1917-01-01	year	1917	54	Annalen der Physik und Chemie 1917: Vol 54 Iss 18	English
sim_annalen-der-physik_1917_54_19	1917-01-01	year	1917	54	Annalen der Physik und Chemie 1917: Vol 54 Iss 19	English
sim_annalen-der-physik_1917_54_20	1917-01-01	year	1917	54	Annalen der Physik und Chemie 1917: Vol 54 Iss 20	English
sim_annalen-der-physik_1917_54_21	1917-01-01	year	1917	54	Annalen der Physik und Chemie 1917: Vol 54 Iss 21	English
sim_annalen-der-physik_1917_54_22	1917-01-01	year	1917	54	Annalen der Physik und Chemie 1917: Vol 54 Iss 22	English
sim_annalen-der-physik_1917_54_23	1917-01-01	year	1917	54	Annalen der Physik und Chemie 1917: Vol 54 Iss 23	English
sim_annalen-der-physik_1917_54_24	1917-01-01	year	1917	54	Annalen der Physik und Chemie 1917: Vol 54 Iss 24	English
sim_annalen-der-physik_1917_54_contents	1917-01-01	year	1917	54	Annalen der Physik und Chemie 1917: Vol 54 Table of Contents	English
sim_annalen-der-physik_1918_55_1	1918-01-01	year	1918	55	Annalen der Physik und Chemie 1918: Vol 55 Iss 1	English
sim_annalen-der-physik_1918_55_2	1918-01-01	year	1918	55	Annalen der Physik und Chemie 1918: Vol 55 Iss 2	English
sim_annalen-der-physik_1918_55_3	1918-01-01	year	1918	55	Annalen der Physik und Chemie 1918: Vol 55 Iss 3	English
sim_annalen-der-physik_1918_55_4	1918-01-01	year	1918	55	Annalen der Physik und Chemie 1918: Vol 55 Iss 4	English
sim_annalen-der-physik_1918_55_5	1918-01-01	year	1918	55	Annalen der Physik und Chemie 1918: Vol 55 Iss 5	English
sim_annalen-der-physik_1918_55_6	1918-01-01	year	1918	55	Annalen der Physik und Chemie 1918: Vol 55 Iss 6	English
sim_annalen-der-physik_1918_55_7	1918-01-01	year	1918	55	Annalen der Physik und Chemie 1918: Vol 55 Iss 7	English
sim_annalen-der-physik_1918_55_8	1918-01-01	year	1918	55	Annalen der Physik und Chemie 1918: Vol 55 Iss 8	English
sim_annalen-der-physik_1918_55_contents	1918-01-01	year	1918	55	Annalen der Physik und Chemie 1918: Vol 55 Table of Contents	English
sim_annalen-der-physik_1918_56_10	1918-01-01	year	1918	56	Annalen der Physik und Chemie 1918: Vol 56 Iss 10	English
sim_annalen-der-physik_1918_56_11	1918-01-01	year	1918	56	Annalen der Physik und Chemie 1918: Vol 56 Iss 11	English
sim_annalen-der-physik_1918_56_12	1918-01-01	year	1918	56	Annalen der Physik und Chemie 1918: Vol 56 Iss 12	English
sim_annalen-der-physik_1918_56_13	1918-01-01	year	1918	56	Annalen der Physik und Chemie 1918: Vol 56 Iss 13	English
sim_annalen-der-physik_1918_56_14	1918-01-01	year	1918	56	Annalen der Physik und Chemie 1918: Vol 56 Iss 14	English
sim_annalen-der-physik_1918_56_15	1918-01-01	year	1918	56	Annalen der Physik und Chemie 1918: Vol 56 Iss 15	English
sim_annalen-der-physik_1918_56_16	1918-01-01	year	1918	56	Annalen der Physik und Chemie 1918: Vol 56 Iss 16	English
sim_annalen-der-physik_1918_56_9	1918-01-01	year	1918	56	Annalen der Physik und Chemie 1918: Vol 56 Iss 9	English
sim_annalen-der-physik_1918_56_contents	1918-01-01	year	1918	56	Annalen der Physik und Chemie 1918: Vol 56 Table of Contents	English
sim_annalen-der-physik_1918_57_17	1918-01-01	year	1918	57	Annalen der Physik und Chemie 1918: Vol 57 Iss 17	English
sim_annalen-der-physik_1918_57_18	1918-01-01	year	1918	57	Annalen der Physik und Chemie 1918: Vol 57 Iss 18	English
sim_annalen-der-physik_1918_57_19	1918-01-01	year	1918	57	Annalen der Physik und Chemie 1918: Vol 57 Iss 19	English
sim_annalen-der-physik_1918_57_20	1918-01-01	year	1918	57	Annalen der Physik und Chemie 1918: Vol 57 Iss 20	English
sim_annalen-der-physik_1918_57_21	1918-01-01	year	1918	57	Annalen der Physik und Chemie 1918: Vol 57 Iss 21	English
sim_annalen-der-physik_1918_57_22	1918-01-01	year	1918	57	Annalen der Physik und Chemie 1918: Vol 57 Iss 22	English
sim_annalen-der-physik_1918_57_23	1918-01-01	year	1918	57	Annalen der Physik und Chemie 1918: Vol 57 Iss 23	English
sim_annalen-der-physik_1918_57_contents	1918-01-01	year	1918	57	Annalen der Physik und Chemie 1918: Vol 57 Table of Contents	English
sim_annalen-der-physik_1919_58_1	1919-01-01	year	1919	58	Annalen der Physik und Chemie 1919: Vol 58 Iss 1	English
sim_annalen-der-physik_1919_58_2	1919-01-01	year	1919	58	Annalen der Physik und Chemie 1919: Vol 58 Iss 2	English
sim_annalen-der-physik_1919_58_3	1919-01-01	year	1919	58	Annalen der Physik und Chemie 1919: Vol 58 Iss 3	English
sim_annalen-der-physik_1919_58_4	1919-01-01	year	1919	58	Annalen der Physik und Chemie 1919: Vol 58 Iss 4	English
sim_annalen-der-physik_1919_58_5	1919-01-01	year	1919	58	Annalen der Physik und Chemie 1919: Vol 58 Iss 5	English
sim_annalen-der-physik_1919_58_6	1919-01-01	year	1919	58	Annalen der Physik und Chemie 1919: Vol 58 Iss 6	English
sim_annalen-der-physik_1919_58_7	1919-01-01	year	1919	58	Annalen der Physik und Chemie 1919: Vol 58 Iss 7	English
sim_annalen-der-physik_1919_58_8	1919-01-01	year	1919	58	Annalen der Physik und Chemie 1919: Vol 58 Iss 8	English
sim_annalen-der-physik_1919_58_contents	1919-01-01	year	1919	58	Annalen der Physik und Chemie 1919: Vol 58 Table of Contents	English
sim_annalen-der-physik_1919_59_10	1919-01-01	year	1919	59	Annalen der Physik und Chemie 1919: Vol 59 Iss 10	English
sim_annalen-der-physik_1919_59_11	1919-01-01	year	1919	59	Annalen der Physik und Chemie 1919: Vol 59 Iss 11	English
sim_annalen-der-physik_1919_59_12	1919-01-01	year	1919	59	Annalen der Physik und Chemie 1919: Vol 59 Iss 12	English
sim_annalen-der-physik_1919_59_13	1919-01-01	year	1919	59	Annalen der Physik und Chemie 1919: Vol 59 Iss 13	English
sim_annalen-der-physik_1919_59_14	1919-01-01	year	1919	59	Annalen der Physik und Chemie 1919: Vol 59 Iss 14	English
sim_annalen-der-physik_1919_59_15	1919-01-01	year	1919	59	Annalen der Physik und Chemie 1919: Vol 59 Iss 15	English
sim_annalen-der-physik_1919_59_16	1919-01-01	year	1919	59	Annalen der Physik und Chemie 1919: Vol 59 Iss 16	English
sim_annalen-der-physik_1919_59_9	1919-01-01	year	1919	59	Annalen der Physik und Chemie 1919: Vol 59 Iss 9	English
sim_annalen-der-physik_1919_59_contents	1919-01-01	year	1919	59	Annalen der Physik und Chemie 1919: Vol 59 Table of Contents	English
sim_annalen-der-physik_1919_60_17	1919-01-01	year	1919	60	Annalen der Physik und Chemie 1919: Vol 60 Iss 17	English
sim_annalen-der-physik_1919_60_18	1919-01-01	year	1919	60	Annalen der Physik und Chemie 1919: Vol 60 Iss 18	English
sim_annalen-der-physik_1919_60_19	1919-01-01	year	1919	60	Annalen der Physik und Chemie 1919: Vol 60 Iss 19	English
sim_annalen-der-physik_1919_60_20	1919-01-01	year	1919	60	Annalen der Physik und Chemie 1919: Vol 60 Iss 20	English
sim_annalen-der-physik_1919_60_21	1919-01-01	year	1919	60	Annalen der Physik und Chemie 1919: Vol 60 Iss 21	English
sim_annalen-der-physik_1919_60_22	1919-01-01	year	1919	60	Annalen der Physik und Chemie 1919: Vol 60 Iss 22	English
sim_annalen-der-physik_1919_60_23	1919-01-01	year	1919	60	Annalen der Physik und Chemie 1919: Vol 60 Iss 23	English
sim_annalen-der-physik_1919_60_24	1919-01-01	year	1919	60	Annalen der Physik und Chemie 1919: Vol 60 Iss 24	English
sim_annalen-der-physik_1919_60_contents	1919-01-01	year	1919	60	Annalen der Physik und Chemie 1919: Vol 60 Table of Contents	English
sim_annalen-der-physik_1920_61_1	1920-01-01	year	1920	61	Annalen der Physik und Chemie 1920: Vol 61 Iss 1	English
sim_annalen-der-physik_1920_61_2	1920-01-01	year	1920	61	Annalen der Physik und Chemie 1920: Vol 61 Iss 2	English
sim_annalen-der-physik_1920_61_3	1920-01-01	year	1920	61	Annalen der Physik und Chemie 1920: Vol 61 Iss 3	English
sim_annalen-der-physik_1920_61_4	1920-01-01	year	1920	61	Annalen der Physik und Chemie 1920: Vol 61 Iss 4	English
sim_annalen-der-physik_1920_61_5	1920-01-01	year	1920	61	Annalen der Physik und Chemie 1920: Vol 61 Iss 5	English
sim_annalen-der-physik_1920_61_6	1920-01-01	year	1920	61	Annalen der Physik und Chemie 1920: Vol 61 Iss 6	English
sim_annalen-der-physik_1920_61_7	1920-01-01	year	1920	61	Annalen der Physik und Chemie 1920: Vol 61 Iss 7	English
sim_annalen-der-physik_1920_61_8	1920-01-01	year	1920	61	Annalen der Physik und Chemie 1920: Vol 61 Iss 8	English
sim_annalen-der-physik_1920_61_contents	1920-01-01	year	1920	61	Annalen der Physik und Chemie 1920: Vol 61 Table of Contents	English
sim_annalen-der-physik_1920_62_10	1920-01-01	year	1920	62	Annalen der Physik und Chemie 1920: Vol 62 Iss 10	English
sim_annalen-der-physik_1920_62_11	1920-01-01	year	1920	62	Annalen der Physik und Chemie 1920: Vol 62 Iss 11	English
sim_annalen-der-physik_1920_62_12	1920-01-01	year	1920	62	Annalen der Physik und Chemie 1920: Vol 62 Iss 12	English
sim_annalen-der-physik_1920_62_13	1920-01-01	year	1920	62	Annalen der Physik und Chemie 1920: Vol 62 Iss 13	English
sim_annalen-der-physik_1920_62_14	1920-01-01	year	1920	62	Annalen der Physik und Chemie 1920: Vol 62 Iss 14	English
sim_annalen-der-physik_1920_62_15	1920-01-01	year	1920	62	Annalen der Physik und Chemie 1920: Vol 62 Iss 15	English
sim_annalen-der-physik_1920_62_16	1920-01-01	year	1920	62	Annalen der Physik und Chemie 1920: Vol 62 Iss 16	English
sim_annalen-der-physik_1920_62_9	1920-01-01	year	1920	62	Annalen der Physik und Chemie 1920: Vol 62 Iss 9	English
sim_annalen-der-physik_1920_62_contents	1920-01-01	year	1920	62	Annalen der Physik und Chemie 1920: Vol 62 Table of Contents	English
sim_annalen-der-physik_1920_63_17	1920-01-01	year	1920	63	Annalen der Physik und Chemie 1920: Vol 63 Iss 17	English
sim_annalen-der-physik_1920_63_18	1920-01-01	year	1920	63	Annalen der Physik und Chemie 1920: Vol 63 Iss 18	English
sim_annalen-der-physik_1920_63_19	1920-01-01	year	1920	63	Annalen der Physik und Chemie 1920: Vol 63 Iss 19	English
sim_annalen-der-physik_1920_63_21	1920-01-01	year	1920	63	Annalen der Physik und Chemie 1920: Vol 63 Iss 21	English
sim_annalen-der-physik_1920_63_22	1920-01-01	year	1920	63	Annalen der Physik und Chemie 1920: Vol 63 Iss 22	English
sim_annalen-der-physik_1920_63_23	1920-01-01	year	1920	63	Annalen der Physik und Chemie 1920: Vol 63 Iss 23	English
sim_annalen-der-physik_1920_63_24	1920-01-01	year	1920	63	Annalen der Physik und Chemie 1920: Vol 63 Iss 24	English
sim_annalen-der-physik_1920_63_25	1920-01-01	year	1920	63	Annalen der Physik und Chemie 1920: Vol 63 Iss 25	English
sim_annalen-der-physik_1920_63_contents	1920-01-01	year	1920	63	Annalen der Physik und Chemie 1920: Vol 63 Table of Contents	English
sim_annalen-der-physik_1921_64_2	1921-01-01	year	1921	64	Annalen der Physik und Chemie 1921: Vol 64 Iss 2	English
sim_annalen-der-physik_1921_64_3	1921-01-01	year	1921	64	Annalen der Physik und Chemie 1921: Vol 64 Iss 3	English
sim_annalen-der-physik_1921_64_4	1921-01-01	year	1921	64	Annalen der Physik und Chemie 1921: Vol 64 Iss 4	English
sim_annalen-der-physik_1921_64_5	1921-01-01	year	1921	64	Annalen der Physik und Chemie 1921: Vol 64 Iss 5	English
sim_annalen-der-physik_1921_64_6	1921-01-01	year	1921	64	Annalen der Physik und Chemie 1921: Vol 64 Iss 6	English
sim_annalen-der-physik_1921_64_7	1921-01-01	year	1921	64	Annalen der Physik und Chemie 1921: Vol 64 Iss 7	English
sim_annalen-der-physik_1921_64_8	1921-01-01	year	1921	64	Annalen der Physik und Chemie 1921: Vol 64 Iss 8	English
sim_annalen-der-physik_1921_64_contents	1921-01-01	year	1921	64	Annalen der Physik und Chemie 1921: Vol 64 Table of Contents	English
sim_annalen-der-physik_1921_65_10	1921-01-01	year	1921	65	Annalen der Physik und Chemie 1921: Vol 65 Iss 10	English
sim_annalen-der-physik_1921_65_11	1921-01-01	year	1921	65	Annalen der Physik und Chemie 1921: Vol 65 Iss 11	English
sim_annalen-der-physik_1921_65_12	1921-01-01	year	1921	65	Annalen der Physik und Chemie 1921: Vol 65 Iss 12	English
sim_annalen-der-physik_1921_65_13	1921-01-01	year	1921	65	Annalen der Physik und Chemie 1921: Vol 65 Iss 13	English
sim_annalen-der-physik_1921_65_14	1921-01-01	year	1921	65	Annalen der Physik und Chemie 1921: Vol 65 Iss 14	English
sim_annalen-der-physik_1921_65_15	1921-01-01	year	1921	65	Annalen der Physik und Chemie 1921: Vol 65 Iss 15	English
sim_annalen-der-physik_1921_65_16	1921-01-01	year	1921	65	Annalen der Physik und Chemie 1921: Vol 65 Iss 16	English
sim_annalen-der-physik_1921_65_9	1921-01-01	year	1921	65	Annalen der Physik und Chemie 1921: Vol 65 Iss 9	English
sim_annalen-der-physik_1921_65_contents	1921-01-01	year	1921	65	Annalen der Physik und Chemie 1921: Vol 65 Table of Contents	English
sim_annalen-der-physik_1921_66_17	1921-01-01	year	1921	66	Annalen der Physik und Chemie 1921: Vol 66 Iss 17	English
sim_annalen-der-physik_1921_66_18	1921-01-01	year	1921	66	Annalen der Physik und Chemie 1921: Vol 66 Iss 18	English
sim_annalen-der-physik_1921_66_19	1921-01-01	year	1921	66	Annalen der Physik und Chemie 1921: Vol 66 Iss 19	English
sim_annalen-der-physik_1921_66_20	1921-01-01	year	1921	66	Annalen der Physik und Chemie 1921: Vol 66 Iss 20	English
sim_annalen-der-physik_1921_66_21	1921-01-01	year	1921	66	Annalen der Physik und Chemie 1921: Vol 66 Iss 21	English
sim_annalen-der-physik_1921_66_22	1921-01-01	year	1921	66	Annalen der Physik und Chemie 1921: Vol 66 Iss 22	English
sim_annalen-der-physik_1921_66_23	1921-01-01	year	1921	66	Annalen der Physik und Chemie 1921: Vol 66 Iss 23	English
sim_annalen-der-physik_1921_66_24	1921-01-01	year	1921	66	Annalen der Physik und Chemie 1921: Vol 66 Iss 24	English
sim_annalen-der-physik_1921_66_contents	1921-01-01	year	1921	66	Annalen der Physik und Chemie 1921: Vol 66 Table of Contents	English
sim_annalen-der-physik_1922_67_1	1922-01-01	year	1922	67	Annalen der Physik und Chemie 1922: Vol 67 Iss 1	English
sim_annalen-der-physik_1922_67_2	1922-01-01	year	1922	67	Annalen der Physik und Chemie 1922: Vol 67 Iss 2	English
sim_annalen-der-physik_1922_67_3	1922-01-01	year	1922	67	Annalen der Physik und Chemie 1922: Vol 67 Iss 3	English
sim_annalen-der-physik_1922_67_4	1922-01-01	year	1922	67	Annalen der Physik und Chemie 1922: Vol 67 Iss 4	English
sim_annalen-der-physik_1922_67_5-8	1922-01-01	year	1922	67	Annalen der Physik und Chemie 1922: Vol 67 Iss 5-8	English
sim_annalen-der-physik_1922_67_contents	1922-01-01	year	1922	67	Annalen der Physik und Chemie 1922: Vol 67 Table of Contents	English
sim_annalen-der-physik_1922_68_10	1922-01-01	year	1922	68	Annalen der Physik und Chemie 1922: Vol 68 Iss 10	English
sim_annalen-der-physik_1922_68_11	1922-01-01	year	1922	68	Annalen der Physik und Chemie 1922: Vol 68 Iss 11	English
sim_annalen-der-physik_1922_68_12	1922-01-01	year	1922	68	Annalen der Physik und Chemie 1922: Vol 68 Iss 12	English
sim_annalen-der-physik_1922_68_13	1922-01-01	year	1922	68	Annalen der Physik und Chemie 1922: Vol 68 Iss 13	English
sim_annalen-der-physik_1922_68_14	1922-01-01	year	1922	68	Annalen der Physik und Chemie 1922: Vol 68 Iss 14	English
sim_annalen-der-physik_1922_68_15-16	1922-01-01	year	1922	68	Annalen der Physik und Chemie 1922: Vol 68 Iss 15-16	English
sim_annalen-der-physik_1922_68_9	1922-01-01	year	1922	68	Annalen der Physik und Chemie 1922: Vol 68 Iss 9	English
sim_annalen-der-physik_1922_68_contents	1922-01-01	year	1922	68	Annalen der Physik und Chemie 1922: Vol 68 Table of Contents	English
sim_annalen-der-physik_1922_69_17	1922-01-01	year	1922	69	Annalen der Physik und Chemie 1922: Vol 69 Iss 17	English
sim_annalen-der-physik_1922_69_18	1922-01-01	year	1922	69	Annalen der Physik und Chemie 1922: Vol 69 Iss 18	English
sim_annalen-der-physik_1922_69_19	1922-01-01	year	1922	69	Annalen der Physik und Chemie 1922: Vol 69 Iss 19	English
sim_annalen-der-physik_1922_69_20	1922-01-01	year	1922	69	Annalen der Physik und Chemie 1922: Vol 69 Iss 20	English
sim_annalen-der-physik_1922_69_21	1922-01-01	year	1922	69	Annalen der Physik und Chemie 1922: Vol 69 Iss 21	English
sim_annalen-der-physik_1922_69_22	1922-01-01	year	1922	69	Annalen der Physik und Chemie 1922: Vol 69 Iss 22	English
sim_annalen-der-physik_1922_69_23-24	1922-01-01	year	1922	69	Annalen der Physik und Chemie 1922: Vol 69 Iss 23-24	English
sim_annalen-der-physik_1922_69_contents	1922-01-01	year	1922	69	Annalen der Physik und Chemie 1922: Vol 69 Table of Contents	English
sim_annalen-der-physik_1923_70_1	1923-01-01	year	1923	70	Annalen der Physik und Chemie 1923: Vol 70 Iss 1	English
sim_annalen-der-physik_1923_70_2	1923-01-01	year	1923	70	Annalen der Physik und Chemie 1923: Vol 70 Iss 2	English
sim_annalen-der-physik_1923_70_3	1923-01-01	year	1923	70	Annalen der Physik und Chemie 1923: Vol 70 Iss 3	English
sim_annalen-der-physik_1923_70_4	1923-01-01	year	1923	70	Annalen der Physik und Chemie 1923: Vol 70 Iss 4	English
sim_annalen-der-physik_1923_70_5	1923-01-01	year	1923	70	Annalen der Physik und Chemie 1923: Vol 70 Iss 5	English
sim_annalen-der-physik_1923_70_6	1923-01-01	year	1923	70	Annalen der Physik und Chemie 1923: Vol 70 Iss 6	English
sim_annalen-der-physik_1923_70_7	1923-01-01	year	1923	70	Annalen der Physik und Chemie 1923: Vol 70 Iss 7	English
sim_annalen-der-physik_1923_70_8	1923-01-01	year	1923	70	Annalen der Physik und Chemie 1923: Vol 70 Iss 8	English
sim_annalen-der-physik_1923_70_contents	1923-01-01	year	1923	70	Annalen der Physik und Chemie 1923: Vol 70 Table of Contents	English
sim_annalen-der-physik_1923_71_13	1923-01-01	year	1923	71	Annalen der Physik und Chemie 1923: Vol 71 Iss 13	English
sim_annalen-der-physik_1923_71_14	1923-01-01	year	1923	71	Annalen der Physik und Chemie 1923: Vol 71 Iss 14	English
sim_annalen-der-physik_1923_71_15	1923-01-01	year	1923	71	Annalen der Physik und Chemie 1923: Vol 71 Iss 15	English
sim_annalen-der-physik_1923_71_16	1923-01-01	year	1923	71	Annalen der Physik und Chemie 1923: Vol 71 Iss 16	English
sim_annalen-der-physik_1923_71_9	1923-01-01	year	1923	71	Annalen der Physik und Chemie 1923: Vol 71 Iss 9	English
sim_annalen-der-physik_1923_71_contents	1923-01-01	year	1923	71	Annalen der Physik und Chemie 1923: Vol 71 Table of Contents	English
sim_annalen-der-physik_1923_72_17	1923-01-01	year	1923	72	Annalen der Physik und Chemie 1923: Vol 72 Iss 17	English
sim_annalen-der-physik_1923_72_18	1923-01-01	year	1923	72	Annalen der Physik und Chemie 1923: Vol 72 Iss 18	English
sim_annalen-der-physik_1923_72_19	1923-01-01	year	1923	72	Annalen der Physik und Chemie 1923: Vol 72 Iss 19	English
sim_annalen-der-physik_1923_72_20	1923-01-01	year	1923	72	Annalen der Physik und Chemie 1923: Vol 72 Iss 20	English
sim_annalen-der-physik_1923_72_21	1923-01-01	year	1923	72	Annalen der Physik und Chemie 1923: Vol 72 Iss 21	English
sim_annalen-der-physik_1923_72_22	1923-01-01	year	1923	72	Annalen der Physik und Chemie 1923: Vol 72 Iss 22	English
sim_annalen-der-physik_1923_72_23	1923-01-01	year	1923	72	Annalen der Physik und Chemie 1923: Vol 72 Iss 23	English
sim_annalen-der-physik_1923_72_24	1923-01-01	year	1923	72	Annalen der Physik und Chemie 1923: Vol 72 Iss 24	English
sim_annalen-der-physik_1923_72_contents	1923-01-01	year	1923	72	Annalen der Physik und Chemie 1923: Vol 72 Table of Contents	English
sim_annalen-der-physik_1924_73_1-2	1924-01-01	year	1924	73	Annalen der Physik und Chemie 1924: Vol 73 Iss 1-2	English
sim_annalen-der-physik_1924_73_3-4	1924-01-01	year	1924	73	Annalen der Physik und Chemie 1924: Vol 73 Iss 3-4	English
sim_annalen-der-physik_1924_73_5-6	1924-01-01	year	1924	73	Annalen der Physik und Chemie 1924: Vol 73 Iss 5-6	English
sim_annalen-der-physik_1924_73_7-8	1924-01-01	year	1924	73	Annalen der Physik und Chemie 1924: Vol 73 Iss 7-8	English
sim_annalen-der-physik_1924_73_contents	1924-01-01	year	1924	73	Annalen der Physik und Chemie 1924: Vol 73 Table of Contents	English
sim_annalen-der-physik_1924_74_10	1924-01-01	year	1924	74	Annalen der Physik und Chemie 1924: Vol 74 Iss 10	English
sim_annalen-der-physik_1924_74_11	1924-01-01	year	1924	74	Annalen der Physik und Chemie 1924: Vol 74 Iss 11	English
sim_annalen-der-physik_1924_74_12	1924-01-01	year	1924	74	Annalen der Physik und Chemie 1924: Vol 74 Iss 12	English
sim_annalen-der-physik_1924_74_13	1924-01-01	year	1924	74	Annalen der Physik und Chemie 1924: Vol 74 Iss 13	English
sim_annalen-der-physik_1924_74_14	1924-01-01	year	1924	74	Annalen der Physik und Chemie 1924: Vol 74 Iss 14	English
sim_annalen-der-physik_1924_74_15	1924-01-01	year	1924	74	Annalen der Physik und Chemie 1924: Vol 74 Iss 15	English
sim_annalen-der-physik_1924_74_16	1924-01-01	year	1924	74	Annalen der Physik und Chemie 1924: Vol 74 Iss 16	English
sim_annalen-der-physik_1924_74_9	1924-01-01	year	1924	74	Annalen der Physik und Chemie 1924: Vol 74 Iss 9	English
sim_annalen-der-physik_1924_74_contents	1924-01-01	year	1924	74	Annalen der Physik und Chemie 1924: Vol 74 Table of Contents	English
sim_annalen-der-physik_1924_75_17	1924-01-01	year	1924	75	Annalen der Physik und Chemie 1924: Vol 75 Iss 17	English
sim_annalen-der-physik_1924_75_18	1924-01-01	year	1924	75	Annalen der Physik und Chemie 1924: Vol 75 Iss 18	English
sim_annalen-der-physik_1924_75_19	1924-01-01	year	1924	75	Annalen der Physik und Chemie 1924: Vol 75 Iss 19	English
sim_annalen-der-physik_1924_75_20	1924-01-01	year	1924	75	Annalen der Physik und Chemie 1924: Vol 75 Iss 20	English
sim_annalen-der-physik_1924_75_21	1924-01-01	year	1924	75	Annalen der Physik und Chemie 1924: Vol 75 Iss 21	English
sim_annalen-der-physik_1924_75_22	1924-01-01	year	1924	75	Annalen der Physik und Chemie 1924: Vol 75 Iss 22	English
sim_annalen-der-physik_1924_75_23	1924-01-01	year	1924	75	Annalen der Physik und Chemie 1924: Vol 75 Iss 23	English
sim_annalen-der-physik_1924_75_24	1924-01-01	year	1924	75	Annalen der Physik und Chemie 1924: Vol 75 Iss 24	English
sim_annalen-der-physik_1924_75_contents	1924-01-01	year	1924	75	Annalen der Physik und Chemie 1924: Vol 75 Table of Contents	English
sim_annalen-der-physik_1925_76_1	1925-01-01	year	1925	76	Annalen der Physik und Chemie 1925: Vol 76 Iss 1	English
sim_annalen-der-physik_1925_76_2-3	1925-01-01	year	1925	76	Annalen der Physik und Chemie 1925: Vol 76 Iss 2-3	English
sim_annalen-der-physik_1925_76_4	1925-01-01	year	1925	76	Annalen der Physik und Chemie 1925: Vol 76 Iss 4	English
sim_annalen-der-physik_1925_76_5	1925-01-01	year	1925	76	Annalen der Physik und Chemie 1925: Vol 76 Iss 5	English
sim_annalen-der-physik_1925_76_6	1925-01-01	year	1925	76	Annalen der Physik und Chemie 1925: Vol 76 Iss 6	English
sim_annalen-der-physik_1925_76_7	1925-01-01	year	1925	76	Annalen der Physik und Chemie 1925: Vol 76 Iss 7	English
sim_annalen-der-physik_1925_76_8	1925-01-01	year	1925	76	Annalen der Physik und Chemie 1925: Vol 76 Iss 8	English
sim_annalen-der-physik_1925_76_contents	1925-01-01	year	1925	76	Annalen der Physik und Chemie 1925: Vol 76 Table of Contents	English
sim_annalen-der-physik_1925_77_10	1925-01-01	year	1925	77	Annalen der Physik und Chemie 1925: Vol 77 Iss 10	English
sim_annalen-der-physik_1925_77_11	1925-01-01	year	1925	77	Annalen der Physik und Chemie 1925: Vol 77 Iss 11	English
sim_annalen-der-physik_1925_77_12	1925-01-01	year	1925	77	Annalen der Physik und Chemie 1925: Vol 77 Iss 12	English
sim_annalen-der-physik_1925_77_13	1925-01-01	year	1925	77	Annalen der Physik und Chemie 1925: Vol 77 Iss 13	English
sim_annalen-der-physik_1925_77_14	1925-01-01	year	1925	77	Annalen der Physik und Chemie 1925: Vol 77 Iss 14	English
sim_annalen-der-physik_1925_77_15	1925-01-01	year	1925	77	Annalen der Physik und Chemie 1925: Vol 77 Iss 15	English
sim_annalen-der-physik_1925_77_16	1925-01-01	year	1925	77	Annalen der Physik und Chemie 1925: Vol 77 Iss 16	English
sim_annalen-der-physik_1925_77_9	1925-01-01	year	1925	77	Annalen der Physik und Chemie 1925: Vol 77 Iss 9	English
sim_annalen-der-physik_1925_77_contents	1925-01-01	year	1925	77	Annalen der Physik und Chemie 1925: Vol 77 Table of Contents	English
sim_annalen-der-physik_1925_78_17	1925-01-01	year	1925	78	Annalen der Physik und Chemie 1925: Vol 78 Iss 17	English
sim_annalen-der-physik_1925_78_18	1925-01-01	year	1925	78	Annalen der Physik und Chemie 1925: Vol 78 Iss 18	English
sim_annalen-der-physik_1925_78_19	1925-01-01	year	1925	78	Annalen der Physik und Chemie 1925: Vol 78 Iss 19	English
sim_annalen-der-physik_1925_78_20	1925-01-01	year	1925	78	Annalen der Physik und Chemie 1925: Vol 78 Iss 20	English
sim_annalen-der-physik_1925_78_21	1925-01-01	year	1925	78	Annalen der Physik und Chemie 1925: Vol 78 Iss 21	English
sim_annalen-der-physik_1925_78_22	1925-01-01	year	1925	78	Annalen der Physik und Chemie 1925: Vol 78 Iss 22	English
sim_annalen-der-physik_1925_78_23	1925-01-01	year	1925	78	Annalen der Physik und Chemie 1925: Vol 78 Iss 23	English
sim_annalen-der-physik_1925_78_24	1925-01-01	year	1925	78	Annalen der Physik und Chemie 1925: Vol 78 Iss 24	English
sim_annalen-der-physik_1925_78_contents	1925-01-01	year	1925	78	Annalen der Physik und Chemie 1925: Vol 78 Table of Contents	English
sim_annalen-der-physik_1926_79_1	1926-01-01	year	1926	79	Annalen der Physik und Chemie 1926: Vol 79 Iss 1	English
sim_annalen-der-physik_1926_79_2	1926-01-01	year	1926	79	Annalen der Physik und Chemie 1926: Vol 79 Iss 2	English
sim_annalen-der-physik_1926_79_3	1926-01-01	year	1926	79	Annalen der Physik und Chemie 1926: Vol 79 Iss 3	English
sim_annalen-der-physik_1926_79_5	1926-01-01	year	1926	79	Annalen der Physik und Chemie 1926: Vol 79 Iss 5	English
sim_annalen-der-physik_1926_79_6	1926-01-01	year	1926	79	Annalen der Physik und Chemie 1926: Vol 79 Iss 6	English
sim_annalen-der-physik_1926_79_7	1926-01-01	year	1926	79	Annalen der Physik und Chemie 1926: Vol 79 Iss 7	English
sim_annalen-der-physik_1926_79_8	1926-01-01	year	1926	79	Annalen der Physik und Chemie 1926: Vol 79 Iss 8	English
sim_annalen-der-physik_1926_79_contents	1926-01-01	year	1926	79	Annalen der Physik und Chemie 1926: Vol 79 Table of Contents	English
sim_annalen-der-physik_1926_80_10	1926-01-01	year	1926	80	Annalen der Physik und Chemie 1926: Vol 80 Iss 10	English
sim_annalen-der-physik_1926_80_11	1926-01-01	year	1926	80	Annalen der Physik und Chemie 1926: Vol 80 Iss 11	English
sim_annalen-der-physik_1926_80_12	1926-01-01	year	1926	80	Annalen der Physik und Chemie 1926: Vol 80 Iss 12	English
sim_annalen-der-physik_1926_80_13	1926-01-01	year	1926	80	Annalen der Physik und Chemie 1926: Vol 80 Iss 13	English
sim_annalen-der-physik_1926_80_14	1926-01-01	year	1926	80	Annalen der Physik und Chemie 1926: Vol 80 Iss 14	English
sim_annalen-der-physik_1926_80_15	1926-01-01	year	1926	80	Annalen der Physik und Chemie 1926: Vol 80 Iss 15	English
sim_annalen-der-physik_1926_80_16	1926-01-01	year	1926	80	Annalen der Physik und Chemie 1926: Vol 80 Iss 16	English
sim_annalen-der-physik_1926_80_9	1926-01-01	year	1926	80	Annalen der Physik und Chemie 1926: Vol 80 Iss 9	English
sim_annalen-der-physik_1926_80_contents	1926-01-01	year	1926	80	Annalen der Physik und Chemie 1926: Vol 80 Table of Contents	English
sim_annalen-der-physik_1926_81_17	1926-01-01	year	1926	81	Annalen der Physik und Chemie 1926: Vol 81 Iss 17	English
sim_annalen-der-physik_1926_81_18	1926-01-01	year	1926	81	Annalen der Physik und Chemie 1926: Vol 81 Iss 18	English
sim_annalen-der-physik_1926_81_19	1926-01-01	year	1926	81	Annalen der Physik und Chemie 1926: Vol 81 Iss 19	English
sim_annalen-der-physik_1926_81_20	1926-01-01	year	1926	81	Annalen der Physik und Chemie 1926: Vol 81 Iss 20	English
sim_annalen-der-physik_1926_81_21	1926-01-01	year	1926	81	Annalen der Physik und Chemie 1926: Vol 81 Iss 21	English
sim_annalen-der-physik_1926_81_22	1926-01-01	year	1926	81	Annalen der Physik und Chemie 1926: Vol 81 Iss 22	English
sim_annalen-der-physik_1926_81_23	1926-01-01	year	1926	81	Annalen der Physik und Chemie 1926: Vol 81 Iss 23	English
sim_annalen-der-physik_1926_81_24	1926-01-01	year	1926	81	Annalen der Physik und Chemie 1926: Vol 81 Iss 24	English
sim_annalen-der-physik_1926_81_25	1926-01-01	year	1926	81	Annalen der Physik und Chemie 1926: Vol 81 Iss 25	English
sim_annalen-der-physik_1926_81_contents	1926-01-01	year	1926	81	Annalen der Physik und Chemie 1926: Vol 81 Table of Contents	English
sim_annalen-der-physik_1927_82_1	1927-01-01	year	1927	82	Annalen der Physik und Chemie 1927: Vol 82 Iss 1	English
sim_annalen-der-physik_1927_82_2	1927-01-01	year	1927	82	Annalen der Physik und Chemie 1927: Vol 82 Iss 2	English
sim_annalen-der-physik_1927_82_3	1927-01-01	year	1927	82	Annalen der Physik und Chemie 1927: Vol 82 Iss 3	English
sim_annalen-der-physik_1927_82_4	1927-01-01	year	1927	82	Annalen der Physik und Chemie 1927: Vol 82 Iss 4	English
sim_annalen-der-physik_1927_82_5	1927-01-01	year	1927	82	Annalen der Physik und Chemie 1927: Vol 82 Iss 5	English
sim_annalen-der-physik_1927_82_6	1927-01-01	year	1927	82	Annalen der Physik und Chemie 1927: Vol 82 Iss 6	English
sim_annalen-der-physik_1927_82_7	1927-01-01	year	1927	82	Annalen der Physik und Chemie 1927: Vol 82 Iss 7	English
sim_annalen-der-physik_1927_82_8	1927-01-01	year	1927	82	Annalen der Physik und Chemie 1927: Vol 82 Iss 8	English
sim_annalen-der-physik_1927_82_contents	1927-01-01	year	1927	82	Annalen der Physik und Chemie 1927: Vol 82 Table of Contents	English
sim_annalen-der-physik_1927_83_10	1927-01-01	year	1927	83	Annalen der Physik und Chemie 1927: Vol 83 Iss 10	English
sim_annalen-der-physik_1927_83_11	1927-01-01	year	1927	83	Annalen der Physik und Chemie 1927: Vol 83 Iss 11	English
sim_annalen-der-physik_1927_83_12	1927-01-01	year	1927	83	Annalen der Physik und Chemie 1927: Vol 83 Iss 12	English
sim_annalen-der-physik_1927_83_13	1927-01-01	year	1927	83	Annalen der Physik und Chemie 1927: Vol 83 Iss 13	English
sim_annalen-der-physik_1927_83_14	1927-01-01	year	1927	83	Annalen der Physik und Chemie 1927: Vol 83 Iss 14	English
sim_annalen-der-physik_1927_83_15	1927-01-01	year	1927	83	Annalen der Physik und Chemie 1927: Vol 83 Iss 15	English
sim_annalen-der-physik_1927_83_16	1927-01-01	year	1927	83	Annalen der Physik und Chemie 1927: Vol 83 Iss 16	English
sim_annalen-der-physik_1927_83_9	1927-01-01	year	1927	83	Annalen der Physik und Chemie 1927: Vol 83 Iss 9	English
sim_annalen-der-physik_1927_83_contents	1927-01-01	year	1927	83	Annalen der Physik und Chemie 1927: Vol 83 Table of Contents	English
sim_annalen-der-physik_1927_84_17	1927-01-01	year	1927	84	Annalen der Physik und Chemie 1927: Vol 84 Iss 17	English
sim_annalen-der-physik_1927_84_18	1927-01-01	year	1927	84	Annalen der Physik und Chemie 1927: Vol 84 Iss 18	English
sim_annalen-der-physik_1927_84_19	1927-01-01	year	1927	84	Annalen der Physik und Chemie 1927: Vol 84 Iss 19	English
sim_annalen-der-physik_1927_84_20	1927-01-01	year	1927	84	Annalen der Physik und Chemie 1927: Vol 84 Iss 20	English
sim_annalen-der-physik_1927_84_21	1927-01-01	year	1927	84	Annalen der Physik und Chemie 1927: Vol 84 Iss 21	English
sim_annalen-der-physik_1927_84_22	1927-01-01	year	1927	84	Annalen der Physik und Chemie 1927: Vol 84 Iss 22	English
sim_annalen-der-physik_1927_84_23	1927-01-01	year	1927	84	Annalen der Physik und Chemie 1927: Vol 84 Iss 23	English
sim_annalen-der-physik_1927_84_24	1927-01-01	year	1927	84	Annalen der Physik und Chemie 1927: Vol 84 Iss 24	English
sim_annalen-der-physik_1927_84_contents	1927-01-01	year	1927	84	Annalen der Physik und Chemie 1927: Vol 84 Table of Contents	English
sim_annalen-der-physik_1928_85_1	1928-01-01	year	1928	85	Annalen der Physik und Chemie 1928: Vol 85 Iss 1	English
sim_annalen-der-physik_1928_85_2	1928-01-01	year	1928	85	Annalen der Physik und Chemie 1928: Vol 85 Iss 2	English
sim_annalen-der-physik_1928_85_3	1928-01-01	year	1928	85	Annalen der Physik und Chemie 1928: Vol 85 Iss 3	English
sim_annalen-der-physik_1928_85_4	1928-01-01	year	1928	85	Annalen der Physik und Chemie 1928: Vol 85 Iss 4	English
sim_annalen-der-physik_1928_85_6	1928-01-01	year	1928	85	Annalen der Physik und Chemie 1928: Vol 85 Iss 6	English
sim_annalen-der-physik_1928_85_7	1928-01-01	year	1928	85	Annalen der Physik und Chemie 1928: Vol 85 Iss 7	English
sim_annalen-der-physik_1928_85_8	1928-01-01	year	1928	85	Annalen der Physik und Chemie 1928: Vol 85 Iss 8	English
sim_annalen-der-physik_1928_85_contents	1928-01-01	year	1928	85	Annalen der Physik und Chemie 1928: Vol 85 Table of Contents	English
sim_annalen-der-physik_1928_86_10	1928-01-01	year	1928	86	Annalen der Physik und Chemie 1928: Vol 86 Iss 10	English
sim_annalen-der-physik_1928_86_11	1928-01-01	year	1928	86	Annalen der Physik und Chemie 1928: Vol 86 Iss 11	English
sim_annalen-der-physik_1928_86_12	1928-01-01	year	1928	86	Annalen der Physik und Chemie 1928: Vol 86 Iss 12	English
sim_annalen-der-physik_1928_86_13	1928-01-01	year	1928	86	Annalen der Physik und Chemie 1928: Vol 86 Iss 13	English
sim_annalen-der-physik_1928_86_14	1928-01-01	year	1928	86	Annalen der Physik und Chemie 1928: Vol 86 Iss 14	English
sim_annalen-der-physik_1928_86_15	1928-01-01	year	1928	86	Annalen der Physik und Chemie 1928: Vol 86 Iss 15	English
sim_annalen-der-physik_1928_86_16	1928-01-01	year	1928	86	Annalen der Physik und Chemie 1928: Vol 86 Iss 16	English
sim_annalen-der-physik_1928_86_9	1928-01-01	year	1928	86	Annalen der Physik und Chemie 1928: Vol 86 Iss 9	English
sim_annalen-der-physik_1928_86_contents	1928-01-01	year	1928	86	Annalen der Physik und Chemie 1928: Vol 86 Table of Contents	English
sim_annalen-der-physik_1928_87_17	1928-01-01	year	1928	87	Annalen der Physik und Chemie 1928: Vol 87 Iss 17	English
sim_annalen-der-physik_1928_87_18	1928-01-01	year	1928	87	Annalen der Physik und Chemie 1928: Vol 87 Iss 18	English
sim_annalen-der-physik_1928_87_19	1928-01-01	year	1928	87	Annalen der Physik und Chemie 1928: Vol 87 Iss 19	English
sim_annalen-der-physik_1928_87_20	1928-01-01	year	1928	87	Annalen der Physik und Chemie 1928: Vol 87 Iss 20	English
sim_annalen-der-physik_1928_87_21	1928-01-01	year	1928	87	Annalen der Physik und Chemie 1928: Vol 87 Iss 21	English
sim_annalen-der-physik_1928_87_22	1928-01-01	year	1928	87	Annalen der Physik und Chemie 1928: Vol 87 Iss 22	English
sim_annalen-der-physik_1928_87_23	1928-01-01	year	1928	87	Annalen der Physik und Chemie 1928: Vol 87 Iss 23	English
sim_annalen-der-physik_1928_87_24	1928-01-01	year	1928	87	Annalen der Physik und Chemie 1928: Vol 87 Iss 24	English
sim_annalen-der-physik_1929_1_1	1929-01-01	year	1929	1	Annalen der Physik und Chemie 1929: Vol 1 Iss 1	English
sim_annalen-der-physik_1929_1_2	1929-01-01	year	1929	1	Annalen der Physik und Chemie 1929: Vol 1 Iss 2	English
sim_annalen-der-physik_1929_1_3	1929-01-01	year	1929	1	Annalen der Physik und Chemie 1929: Vol 1 Iss 3	English
sim_annalen-der-physik_1929_1_4	1929-01-01	year	1929	1	Annalen der Physik und Chemie 1929: Vol 1 Iss 4	English
sim_annalen-der-physik_1929_1_5	1929-01-01	year	1929	1	Annalen der Physik und Chemie 1929: Vol 1 Iss 5	English
sim_annalen-der-physik_1929_1_6	1929-01-01	year	1929	1	Annalen der Physik und Chemie 1929: Vol 1 Iss 6	English
sim_annalen-der-physik_1929_1_7	1929-01-01	year	1929	1	Annalen der Physik und Chemie 1929: Vol 1 Iss 7	English
sim_annalen-der-physik_1929_1_8	1929-01-01	year	1929	1	Annalen der Physik und Chemie 1929: Vol 1 Iss 8	English
sim_annalen-der-physik_1929_1_contents	1929-01-01	year	1929	1	Annalen der Physik und Chemie 1929: Vol 1 Table of Contents	English
sim_annalen-der-physik_1929_2_10	1929-01-01	year	1929	2	Annalen der Physik und Chemie 1929: Vol 2 Iss 10	English
sim_annalen-der-physik_1929_2_11	1929-01-01	year	1929	2	Annalen der Physik und Chemie 1929: Vol 2 Iss 11	English
sim_annalen-der-physik_1929_2_12	1929-01-01	year	1929	2	Annalen der Physik und Chemie 1929: Vol 2 Iss 12	English
sim_annalen-der-physik_1929_2_13	1929-01-01	year	1929	2	Annalen der Physik und Chemie 1929: Vol 2 Iss 13	English
sim_annalen-der-physik_1929_2_14	1929-01-01	year	1929	2	Annalen der Physik und Chemie 1929: Vol 2 Iss 14	English
sim_annalen-der-physik_1929_2_15	1929-01-01	year	1929	2	Annalen der Physik und Chemie 1929: Vol 2 Iss 15	English
sim_annalen-der-physik_1929_2_16	1929-01-01	year	1929	2	Annalen der Physik und Chemie 1929: Vol 2 Iss 16	English
sim_annalen-der-physik_1929_2_9	1929-01-01	year	1929	2	Annalen der Physik und Chemie 1929: Vol 2 Iss 9	English
sim_annalen-der-physik_1929_2_contents	1929-01-01	year	1929	2	Annalen der Physik und Chemie 1929: Vol 2 Table of Contents	English
sim_annalen-der-physik_1929_3_17	1929-01-01	year	1929	3	Annalen der Physik und Chemie 1929: Vol 3 Iss 17	English
sim_annalen-der-physik_1929_3_18	1929-01-01	year	1929	3	Annalen der Physik und Chemie 1929: Vol 3 Iss 18	English
sim_annalen-der-physik_1929_3_19	1929-01-01	year	1929	3	Annalen der Physik und Chemie 1929: Vol 3 Iss 19	English
sim_annalen-der-physik_1929_3_20	1929-01-01	year	1929	3	Annalen der Physik und Chemie 1929: Vol 3 Iss 20	English
sim_annalen-der-physik_1929_3_21	1929-01-01	year	1929	3	Annalen der Physik und Chemie 1929: Vol 3 Iss 21	English
sim_annalen-der-physik_1929_3_22	1929-01-01	year	1929	3	Annalen der Physik und Chemie 1929: Vol 3 Iss 22	English
sim_annalen-der-physik_1929_3_23	1929-01-01	year	1929	3	Annalen der Physik und Chemie 1929: Vol 3 Iss 23	English
sim_annalen-der-physik_1929_3_24	1929-01-01	year	1929	3	Annalen der Physik und Chemie 1929: Vol 3 Iss 24	English
sim_annalen-der-physik_1930_4_1	1930-01-01	year	1930	4	Annalen der Physik und Chemie 1930: Vol 4 Iss 1	English
sim_annalen-der-physik_1930_4_2	1930-01-01	year	1930	4	Annalen der Physik und Chemie 1930: Vol 4 Iss 2	English
sim_annalen-der-physik_1930_4_3	1930-01-01	year	1930	4	Annalen der Physik und Chemie 1930: Vol 4 Iss 3	English
sim_annalen-der-physik_1930_4_4	1930-01-01	year	1930	4	Annalen der Physik und Chemie 1930: Vol 4 Iss 4	English
sim_annalen-der-physik_1930_4_5	1930-01-01	year	1930	4	Annalen der Physik und Chemie 1930: Vol 4 Iss 5	English
sim_annalen-der-physik_1930_4_6	1930-01-01	year	1930	4	Annalen der Physik und Chemie 1930: Vol 4 Iss 6	English
sim_annalen-der-physik_1930_4_7	1930-01-01	year	1930	4	Annalen der Physik und Chemie 1930: Vol 4 Iss 7	English
sim_annalen-der-physik_1930_4_8	1930-01-01	year	1930	4	Annalen der Physik und Chemie 1930: Vol 4 Iss 8	English
sim_annalen-der-physik_1930_4_contents	1930-01-01	year	1930	4	Annalen der Physik und Chemie 1930: Vol 4 Table of Contents	English
sim_annalen-der-physik_1930_5_10	1930-01-01	year	1930	5	Annalen der Physik und Chemie 1930: Vol 5 Iss 10	English
sim_annalen-der-physik_1930_5_11	1930-01-01	year	1930	5	Annalen der Physik und Chemie 1930: Vol 5 Iss 11	English
sim_annalen-der-physik_1930_5_12	1930-01-01	year	1930	5	Annalen der Physik und Chemie 1930: Vol 5 Iss 12	English
sim_annalen-der-physik_1930_5_13	1930-01-01	year	1930	5	Annalen der Physik und Chemie 1930: Vol 5 Iss 13	English
sim_annalen-der-physik_1930_5_14	1930-01-01	year	1930	5	Annalen der Physik und Chemie 1930: Vol 5 Iss 14	English
sim_annalen-der-physik_1930_5_15	1930-01-01	year	1930	5	Annalen der Physik und Chemie 1930: Vol 5 Iss 15	English
sim_annalen-der-physik_1930_5_16	1930-01-01	year	1930	5	Annalen der Physik und Chemie 1930: Vol 5 Iss 16	English
sim_annalen-der-physik_1930_5_9	1930-01-01	year	1930	5	Annalen der Physik und Chemie 1930: Vol 5 Iss 9	English
sim_annalen-der-physik_1930_5_contents	1930-01-01	year	1930	5	Annalen der Physik und Chemie 1930: Vol 5 Table of Contents	English
sim_annalen-der-physik_1930_6_1	1930-01-01	year	1930	6	Annalen der Physik 1930: Vol 6 Iss 1	English
sim_annalen-der-physik_1930_6_2	1930-01-01	year	1930	6	Annalen der Physik 1930: Vol 6 Iss 2	English
sim_annalen-der-physik_1930_6_3	1930-01-01	year	1930	6	Annalen der Physik 1930: Vol 6 Iss 3	English
sim_annalen-der-physik_1930_6_4	1930-01-01	year	1930	6	Annalen der Physik 1930: Vol 6 Iss 4	English
sim_annalen-der-physik_1930_6_5	1930-01-01	year	1930	6	Annalen der Physik 1930: Vol 6 Iss 5	English
sim_annalen-der-physik_1930_6_6	1930-01-01	year	1930	6	Annalen der Physik 1930: Vol 6 Iss 6	English
sim_annalen-der-physik_1930_6_7	1930-01-01	year	1930	6	Annalen der Physik 1930: Vol 6 Iss 7	English
sim_annalen-der-physik_1930_6_8	1930-01-01	year	1930	6	Annalen der Physik 1930: Vol 6 Iss 8	English
sim_annalen-der-physik_1930_6_index	1930-01-01	year	1930	6	Annalen der Physik 1930: Vol 6 Index	English
sim_annalen-der-physik_1930_7_1	1930-01-01	year	1930	7	Annalen der Physik 1930: Vol 7 Iss 1	English
sim_annalen-der-physik_1930_7_2	1930-01-01	year	1930	7	Annalen der Physik 1930: Vol 7 Iss 2	English
sim_annalen-der-physik_1930_7_3	1930-01-01	year	1930	7	Annalen der Physik 1930: Vol 7 Iss 3	English
sim_annalen-der-physik_1930_7_4	1930-01-01	year	1930	7	Annalen der Physik 1930: Vol 7 Iss 4	English
sim_annalen-der-physik_1930_7_5	1930-01-01	year	1930	7	Annalen der Physik 1930: Vol 7 Iss 5	English
sim_annalen-der-physik_1930_7_6	1930-01-01	year	1930	7	Annalen der Physik 1930: Vol 7 Iss 6	English
sim_annalen-der-physik_1930_7_7	1930-01-01	year	1930	7	Annalen der Physik 1930: Vol 7 Iss 7	English
sim_annalen-der-physik_1930_7_8	1930-01-01	year	1930	7	Annalen der Physik 1930: Vol 7 Iss 8	English
sim_annalen-der-physik_1930_7_index	1930-01-01	year	1930	7	Annalen der Physik 1930: Vol 7 Index	English
sim_annalen-der-physik_1931_10_1	1931-01-01	year	1931	10	Annalen der Physik 1931: Vol 10 Iss 1	English
sim_annalen-der-physik_1931_10_2	1931-01-01	year	1931	10	Annalen der Physik 1931: Vol 10 Iss 2	English
sim_annalen-der-physik_1931_10_3	1931-01-01	year	1931	10	Annalen der Physik 1931: Vol 10 Iss 3	English
sim_annalen-der-physik_1931_10_4	1931-01-01	year	1931	10	Annalen der Physik 1931: Vol 10 Iss 4	English
sim_annalen-der-physik_1931_10_5	1931-01-01	year	1931	10	Annalen der Physik 1931: Vol 10 Iss 5	English
sim_annalen-der-physik_1931_10_6	1931-01-01	year	1931	10	Annalen der Physik 1931: Vol 10 Iss 6	English
sim_annalen-der-physik_1931_10_7	1931-01-01	year	1931	10	Annalen der Physik 1931: Vol 10 Iss 7	English
sim_annalen-der-physik_1931_10_8	1931-01-01	year	1931	10	Annalen der Physik 1931: Vol 10 Iss 8	English
sim_annalen-der-physik_1931_10_index	1931-01-01	year	1931	10	Annalen der Physik 1931: Vol 10 Index	English
sim_annalen-der-physik_1931_11_1	1931-01-01	year	1931	11	Annalen der Physik 1931: Vol 11 Iss 1	English
sim_annalen-der-physik_1931_11_2	1931-01-01	year	1931	11	Annalen der Physik 1931: Vol 11 Iss 2	English
sim_annalen-der-physik_1931_11_3	1931-01-01	year	1931	11	Annalen der Physik 1931: Vol 11 Iss 3	English
sim_annalen-der-physik_1931_11_4	1931-01-01	year	1931	11	Annalen der Physik 1931: Vol 11 Iss 4	English
sim_annalen-der-physik_1931_11_5	1931-01-01	year	1931	11	Annalen der Physik 1931: Vol 11 Iss 5	English
sim_annalen-der-physik_1931_11_6	1931-01-01	year	1931	11	Annalen der Physik 1931: Vol 11 Iss 6	English
sim_annalen-der-physik_1931_11_7	1931-01-01	year	1931	11	Annalen der Physik 1931: Vol 11 Iss 7	English
sim_annalen-der-physik_1931_11_8	1931-01-01	year	1931	11	Annalen der Physik 1931: Vol 11 Iss 8	English
sim_annalen-der-physik_1931_11_index	1931-01-01	year	1931	11	Annalen der Physik 1931: Vol 11 Index	English
sim_annalen-der-physik_1931_8_1	1931-01-01	year	1931	8	Annalen der Physik 1931: Vol 8 Iss 1	English
sim_annalen-der-physik_1931_8_2	1931-01-01	year	1931	8	Annalen der Physik 1931: Vol 8 Iss 2	English
sim_annalen-der-physik_1931_8_3	1931-01-01	year	1931	8	Annalen der Physik 1931: Vol 8 Iss 3	English
sim_annalen-der-physik_1931_8_4	1931-01-01	year	1931	8	Annalen der Physik 1931: Vol 8 Iss 4	English
sim_annalen-der-physik_1931_8_5	1931-01-01	year	1931	8	Annalen der Physik 1931: Vol 8 Iss 5	English
sim_annalen-der-physik_1931_8_6	1931-01-01	year	1931	8	Annalen der Physik 1931: Vol 8 Iss 6	English
sim_annalen-der-physik_1931_8_7	1931-01-01	year	1931	8	Annalen der Physik 1931: Vol 8 Iss 7	English
sim_annalen-der-physik_1931_8_8	1931-01-01	year	1931	8	Annalen der Physik 1931: Vol 8 Iss 8	English
sim_annalen-der-physik_1931_8_index	1931-01-01	year	1931	8	Annalen der Physik 1931: Vol 8 Index	English
sim_annalen-der-physik_1931_9_1	1931-01-01	year	1931	9	Annalen der Physik 1931: Vol 9 Iss 1	English
sim_annalen-der-physik_1931_9_2	1931-01-01	year	1931	9	Annalen der Physik 1931: Vol 9 Iss 2	English
sim_annalen-der-physik_1931_9_3	1931-01-01	year	1931	9	Annalen der Physik 1931: Vol 9 Iss 3	English
sim_annalen-der-physik_1931_9_4	1931-01-01	year	1931	9	Annalen der Physik 1931: Vol 9 Iss 4	English
sim_annalen-der-physik_1931_9_5	1931-01-01	year	1931	9	Annalen der Physik 1931: Vol 9 Iss 5	English
sim_annalen-der-physik_1931_9_6	1931-01-01	year	1931	9	Annalen der Physik 1931: Vol 9 Iss 6	English
sim_annalen-der-physik_1931_9_7	1931-01-01	year	1931	9	Annalen der Physik 1931: Vol 9 Iss 7	English
sim_annalen-der-physik_1931_9_8	1931-01-01	year	1931	9	Annalen der Physik 1931: Vol 9 Iss 8	English
sim_annalen-der-physik_1931_9_index	1931-01-01	year	1931	9	Annalen der Physik 1931: Vol 9 Index	English
sim_annalen-der-physik_1932-01_12_3	1932-01-01	month	1932	12	Annalen der Physik 1932-01: Vol 12 Iss 3	English
sim_annalen-der-physik_1932-02_12_4	1932-02-01	month	1932	12	Annalen der Physik 1932-02: Vol 12 Iss 4	English
sim_annalen-der-physik_1932-02_12_5	1932-02-01	month	1932	12	Annalen der Physik 1932-02: Vol 12 Iss 5	English
sim_annalen-der-physik_1932-02_12_6	1932-02-01	month	1932	12	Annalen der Physik 1932-02: Vol 12 Iss 6	English
sim_annalen-der-physik_1932-03_12_7	1932-03-01	month	1932	12	Annalen der Physik 1932-03: Vol 12 Iss 7	English
sim_annalen-der-physik_1932-03_12_8	1932-03-01	month	1932	12	Annalen der Physik 1932-03: Vol 12 Iss 8	English
sim_annalen-der-physik_1932-04_13_1	1932-04-01	month	1932	13	Annalen der Physik 1932-04: Vol 13 Iss 1	English
sim_annalen-der-physik_1932-04_13_2	1932-04-01	month	1932	13	Annalen der Physik 1932-04: Vol 13 Iss 2	English
sim_annalen-der-physik_1932-04_13_3	1932-04-01	month	1932	13	Annalen der Physik 1932-04: Vol 13 Iss 3	English
sim_annalen-der-physik_1932-05_13_4	1932-05-01	month	1932	13	Annalen der Physik 1932-05: Vol 13 Iss 4	English
sim_annalen-der-physik_1932-05_13_5	1932-05-01	month	1932	13	Annalen der Physik 1932-05: Vol 13 Iss 5	English
sim_annalen-der-physik_1932-05_13_6	1932-05-01	month	1932	13	Annalen der Physik 1932-05: Vol 13 Iss 6	English
sim_annalen-der-physik_1932-06_13_7	1932-06-01	month	1932	13	Annalen der Physik 1932-06: Vol 13 Iss 7	English
sim_annalen-der-physik_1932-06_13_8	1932-06-01	month	1932	13	Annalen der Physik 1932-06: Vol 13 Iss 8	English
sim_annalen-der-physik_1932-07_14_1	1932-07-01	month	1932	14	Annalen der Physik 1932-07: Vol 14 Iss 1	English
sim_annalen-der-physik_1932-07_14_2	1932-07-01	month	1932	14	Annalen der Physik 1932-07: Vol 14 Iss 2	English
sim_annalen-der-physik_1932-07_14_3	1932-07-01	month	1932	14	Annalen der Physik 1932-07: Vol 14 Iss 3	English
sim_annalen-der-physik_1932-08_14_4	1932-08-01	month	1932	14	Annalen der Physik 1932-08: Vol 14 Iss 4	English
sim_annalen-der-physik_1932-08_14_5	1932-08-01	month	1932	14	Annalen der Physik 1932-08: Vol 14 Iss 5	English
sim_annalen-der-physik_1932-09_14_6	1932-09-01	month	1932	14	Annalen der Physik 1932-09: Vol 14 Iss 6	English
sim_annalen-der-physik_1932-09_14_7	1932-09-01	month	1932	14	Annalen der Physik 1932-09: Vol 14 Iss 7	English
sim_annalen-der-physik_1932-10_14_8	1932-10-01	month	1932	14	Annalen der Physik 1932-10: Vol 14 Iss 8	English
sim_annalen-der-physik_1932-10_15_1	1932-10-01	month	1932	15	Annalen der Physik 1932-10: Vol 15 Iss 1	English
sim_annalen-der-physik_1932-11_15_2	1932-11-01	month	1932	15	Annalen der Physik 1932-11: Vol 15 Iss 2	English
sim_annalen-der-physik_1932-11_15_3	1932-11-01	month	1932	15	Annalen der Physik 1932-11: Vol 15 Iss 3	English
sim_annalen-der-physik_1932-11_15_4	1932-11-01	month	1932	15	Annalen der Physik 1932-11: Vol 15 Iss 4	English
sim_annalen-der-physik_1932-12_15_5	1932-12-01	month	1932	15	Annalen der Physik 1932-12: Vol 15 Iss 5	English
sim_annalen-der-physik_1932-12_15_6	1932-12-01	month	1932	15	Annalen der Physik 1932-12: Vol 15 Iss 6	English
sim_annalen-der-physik_1932-12_15_7	1932-12-01	month	1932	15	Annalen der Physik 1932-12: Vol 15 Iss 7	English
sim_annalen-der-physik_1932-12_15_8	1932-12-01	month	1932	15	Annalen der Physik 1932-12: Vol 15 Iss 8	English
sim_annalen-der-physik_1932_12_1	1932-01-01	year	1932	12	Annalen der Physik 1932: Vol 12 Iss 1	English
sim_annalen-der-physik_1932_12_2	1932-01-01	year	1932	12	Annalen der Physik 1932: Vol 12 Iss 2	English
sim_annalen-der-physik_1932_12_index	1932-01-01	year	1932	12	Annalen der Physik 1932: Vol 12 Index	English
sim_annalen-der-physik_1932_13_index	1932-01-01	year	1932	13	Annalen der Physik 1932: Vol 13 Index	English
sim_annalen-der-physik_1932_14_index	1932-01-01	year	1932	14	Annalen der Physik 1932: Vol 14 Index	English
sim_annalen-der-physik_1932_15_index	1932-01-01	year	1932	15	Annalen der Physik 1932: Vol 15 Index	English
sim_annalen-der-physik_1933-01_16_1	1933-01-01	month	1933	16	Annalen der Physik 1933-01: Vol 16 Iss 1	English
sim_annalen-der-physik_1933-02_16_2	1933-02-01	month	1933	16	Annalen der Physik 1933-02: Vol 16 Iss 2	English
sim_annalen-der-physik_1933-02_16_3	1933-02-01	month	1933	16	Annalen der Physik 1933-02: Vol 16 Iss 3	English
sim_annalen-der-physik_1933-02_16_4	1933-02-01	month	1933	16	Annalen der Physik 1933-02: Vol 16 Iss 4	English
sim_annalen-der-physik_1933-03_16_5	1933-03-01	month	1933	16	Annalen der Physik 1933-03: Vol 16 Iss 5	English
sim_annalen-der-physik_1933-03_16_6	1933-03-01	month	1933	16	Annalen der Physik 1933-03: Vol 16 Iss 6	English
sim_annalen-der-physik_1933-04_16_7	1933-04-01	month	1933	16	Annalen der Physik 1933-04: Vol 16 Iss 7	English
sim_annalen-der-physik_1933-04_16_8	1933-04-01	month	1933	16	Annalen der Physik 1933-04: Vol 16 Iss 8	English
sim_annalen-der-physik_1933-05_17_1	1933-05-01	month	1933	17	Annalen der Physik 1933-05: Vol 17 Iss 1	English
sim_annalen-der-physik_1933-05_17_2	1933-05-01	month	1933	17	Annalen der Physik 1933-05: Vol 17 Iss 2	English
sim_annalen-der-physik_1933-06_17_3	1933-06-01	month	1933	17	Annalen der Physik 1933-06: Vol 17 Iss 3	English
sim_annalen-der-physik_1933-06_17_4	1933-06-01	month	1933	17	Annalen der Physik 1933-06: Vol 17 Iss 4	English
sim_annalen-der-physik_1933-07_17_5	1933-07-01	month	1933	17	Annalen der Physik 1933-07: Vol 17 Iss 5	English
sim_annalen-der-physik_1933-07_17_6	1933-07-01	month	1933	17	Annalen der Physik 1933-07: Vol 17 Iss 6	English
sim_annalen-der-physik_1933-08_17_7	1933-08-01	month	1933	17	Annalen der Physik 1933-08: Vol 17 Iss 7	English
sim_annalen-der-physik_1933-08_17_8	1933-08-01	month	1933	17	Annalen der Physik 1933-08: Vol 17 Iss 8	English
sim_annalen-der-physik_1933-09_18_1	1933-09-01	month	1933	18	Annalen der Physik 1933-09: Vol 18 Iss 1	English
sim_annalen-der-physik_1933-09_18_2	1933-09-01	month	1933	18	Annalen der Physik 1933-09: Vol 18 Iss 2	English
sim_annalen-der-physik_1933-10_18_3	1933-10-01	month	1933	18	Annalen der Physik 1933-10: Vol 18 Iss 3	English
sim_annalen-der-physik_1933-10_18_4	1933-10-01	month	1933	18	Annalen der Physik 1933-10: Vol 18 Iss 4	English
sim_annalen-der-physik_1933-11_18_5	1933-11-01	month	1933	18	Annalen der Physik 1933-11: Vol 18 Iss 5	English
sim_annalen-der-physik_1933-11_18_6	1933-11-01	month	1933	18	Annalen der Physik 1933-11: Vol 18 Iss 6	English
sim_annalen-der-physik_1933-12_18_7	1933-12-01	month	1933	18	Annalen der Physik 1933-12: Vol 18 Iss 7	English
sim_annalen-der-physik_1933-12_18_8	1933-12-01	month	1933	18	Annalen der Physik 1933-12: Vol 18 Iss 8	English
sim_annalen-der-physik_1933_16_index	1933-01-01	year	1933	16	Annalen der Physik 1933: Vol 16 Index	English
sim_annalen-der-physik_1933_17_index	1933-01-01	year	1933	17	Annalen der Physik 1933: Vol 17 Index	English
sim_annalen-der-physik_1933_18_index	1933-01-01	year	1933	18	Annalen der Physik 1933: Vol 18 Index	English
sim_annalen-der-physik_1934-01_19_1	1934-01-01	month	1934	19	Annalen der Physik 1934-01: Vol 19 Iss 1	English
sim_annalen-der-physik_1934-01_19_2	1934-01-01	month	1934	19	Annalen der Physik 1934-01: Vol 19 Iss 2	English
sim_annalen-der-physik_1934-02_19_3	1934-02-01	month	1934	19	Annalen der Physik 1934-02: Vol 19 Iss 3	English
sim_annalen-der-physik_1934-02_19_4	1934-02-01	month	1934	19	Annalen der Physik 1934-02: Vol 19 Iss 4	English
sim_annalen-der-physik_1934-03_19_5	1934-03-01	month	1934	19	Annalen der Physik 1934-03: Vol 19 Iss 5	English
sim_annalen-der-physik_1934-04_19_6	1934-04-01	month	1934	19	Annalen der Physik 1934-04: Vol 19 Iss 6	English
sim_annalen-der-physik_1934-04_19_7	1934-04-01	month	1934	19	Annalen der Physik 1934-04: Vol 19 Iss 7	English
sim_annalen-der-physik_1934-05_19_8	1934-05-01	month	1934	19	Annalen der Physik 1934-05: Vol 19 Iss 8	English
sim_annalen-der-physik_1934-05_20_1	1934-05-01	month	1934	20	Annalen der Physik 1934-05: Vol 20 Iss 1	English
sim_annalen-der-physik_1934-06_20_2	1934-06-01	month	1934	20	Annalen der Physik 1934-06: Vol 20 Iss 2	English
sim_annalen-der-physik_1934-06_20_3	1934-06-01	month	1934	20	Annalen der Physik 1934-06: Vol 20 Iss 3	English
sim_annalen-der-physik_1934-07_20_4	1934-07-01	month	1934	20	Annalen der Physik 1934-07: Vol 20 Iss 4	English
sim_annalen-der-physik_1934-08_20_5	1934-08-01	month	1934	20	Annalen der Physik 1934-08: Vol 20 Iss 5	English
sim_annalen-der-physik_1934-09_20_6	1934-09-01	month	1934	20	Annalen der Physik 1934-09: Vol 20 Iss 6	English
sim_annalen-der-physik_1934-09_20_7	1934-09-01	month	1934	20	Annalen der Physik 1934-09: Vol 20 Iss 7	English
sim_annalen-der-physik_1934-09_20_8	1934-09-01	month	1934	20	Annalen der Physik 1934-09: Vol 20 Iss 8	English
sim_annalen-der-physik_1934-10_21_1	1934-10-01	month	1934	21	Annalen der Physik 1934-10: Vol 21 Iss 1	English
sim_annalen-der-physik_1934-10_21_2	1934-10-01	month	1934	21	Annalen der Physik 1934-10: Vol 21 Iss 2	English
sim_annalen-der-physik_1934-11_21_3	1934-11-01	month	1934	21	Annalen der Physik 1934-11: Vol 21 Iss 3	English
sim_annalen-der-physik_1934-12_21_4	1934-12-01	month	1934	21	Annalen der Physik 1934-12: Vol 21 Iss 4	English
sim_annalen-der-physik_1934-12_21_5	1934-12-01	month	1934	21	Annalen der Physik 1934-12: Vol 21 Iss 5	English
sim_annalen-der-physik_1934-1935_21_index	1934-01-01	year	1934	21	Annalen der Physik 1934 - 1935: Vol 21 Index	English
sim_annalen-der-physik_1934_19_index	1934-01-01	year	1934	19	Annalen der Physik 1934: Vol 19 Index	English
sim_annalen-der-physik_1934_20_index	1934-01-01	year	1934	20	Annalen der Physik 1934: Vol 20 Index	English
sim_annalen-der-physik_1935-01_21_6	1935-01-01	month	1935	21	Annalen der Physik 1935-01: Vol 21 Iss 6	English
sim_annalen-der-physik_1935-01_21_7	1935-01-01	month	1935	21	Annalen der Physik 1935-01: Vol 21 Iss 7	English
sim_annalen-der-physik_1935-01_21_8	1935-01-01	month	1935	21	Annalen der Physik 1935-01: Vol 21 Iss 8	English
sim_annalen-der-physik_1935-02_22_1	1935-02-01	month	1935	22	Annalen der Physik 1935-02: Vol 22 Iss 1	English
sim_annalen-der-physik_1935-02_22_2	1935-02-01	month	1935	22	Annalen der Physik 1935-02: Vol 22 Iss 2	English
sim_annalen-der-physik_1935-03_22_3	1935-03-01	month	1935	22	Annalen der Physik 1935-03: Vol 22 Iss 3	English
sim_annalen-der-physik_1935-03_22_4	1935-03-01	month	1935	22	Annalen der Physik 1935-03: Vol 22 Iss 4	English
sim_annalen-der-physik_1935-04_22_5	1935-04-01	month	1935	22	Annalen der Physik 1935-04: Vol 22 Iss 5	English
sim_annalen-der-physik_1935-04_22_6	1935-04-01	month	1935	22	Annalen der Physik 1935-04: Vol 22 Iss 6	English
sim_annalen-der-physik_1935-05_22_7	1935-05-01	month	1935	22	Annalen der Physik 1935-05: Vol 22 Iss 7	English
sim_annalen-der-physik_1935-05_22_8	1935-05-01	month	1935	22	Annalen der Physik 1935-05: Vol 22 Iss 8	English
sim_annalen-der-physik_1935-05_23_1	1935-05-01	month	1935	23	Annalen der Physik 1935-05: Vol 23 Iss 1	English
sim_annalen-der-physik_1935-06_23_2	1935-06-01	month	1935	23	Annalen der Physik 1935-06: Vol 23 Iss 2	English
sim_annalen-der-physik_1935-06_23_3	1935-06-01	month	1935	23	Annalen der Physik 1935-06: Vol 23 Iss 3	English
sim_annalen-der-physik_1935-07_23_4	1935-07-01	month	1935	23	Annalen der Physik 1935-07: Vol 23 Iss 4	English
sim_annalen-der-physik_1935-08_23_5	1935-08-01	month	1935	23	Annalen der Physik 1935-08: Vol 23 Iss 5	English
sim_annalen-der-physik_1935-08_23_6	1935-08-01	month	1935	23	Annalen der Physik 1935-08: Vol 23 Iss 6	English
sim_annalen-der-physik_1935-09_23_7	1935-09-01	month	1935	23	Annalen der Physik 1935-09: Vol 23 Iss 7	English
sim_annalen-der-physik_1935-09_23_8	1935-09-01	month	1935	23	Annalen der Physik 1935-09: Vol 23 Iss 8	English
sim_annalen-der-physik_1935-09_24_1	1935-09-01	month	1935	24	Annalen der Physik 1935-09: Vol 24 Iss 1	English
sim_annalen-der-physik_1935-10_24_2	1935-10-01	month	1935	24	Annalen der Physik 1935-10: Vol 24 Iss 2	English
sim_annalen-der-physik_1935-10_24_3	1935-10-01	month	1935	24	Annalen der Physik 1935-10: Vol 24 Iss 3	English
sim_annalen-der-physik_1935-10_24_4	1935-10-01	month	1935	24	Annalen der Physik 1935-10: Vol 24 Iss 4	English
sim_annalen-der-physik_1935-11_24_5	1935-11-01	month	1935	24	Annalen der Physik 1935-11: Vol 24 Iss 5	English
sim_annalen-der-physik_1935-11_24_6	1935-11-01	month	1935	24	Annalen der Physik 1935-11: Vol 24 Iss 6	English
sim_annalen-der-physik_1935-11_24_7	1935-11-01	month	1935	24	Annalen der Physik 1935-11: Vol 24 Iss 7	English
sim_annalen-der-physik_1935-12_24_8	1935-12-01	month	1935	24	Annalen der Physik 1935-12: Vol 24 Iss 8	English
sim_annalen-der-physik_1935_22_index	1935-01-01	year	1935	22	Annalen der Physik 1935: Vol 22 Index	English
sim_annalen-der-physik_1935_23_index	1935-01-01	year	1935	23	Annalen der Physik 1935: Vol 23 Index	English
sim_annalen-der-physik_1935_24_index	1935-01-01	year	1935	24	Annalen der Physik 1935: Vol 24 Index	English
sim_annalen-der-physik_1936-01_25_1	1936-01-01	month	1936	25	Annalen der Physik 1936-01: Vol 25 Iss 1	English
sim_annalen-der-physik_1936-01_25_2	1936-01-01	month	1936	25	Annalen der Physik 1936-01: Vol 25 Iss 2	English
sim_annalen-der-physik_1936-02_25_3	1936-02-01	month	1936	25	Annalen der Physik 1936-02: Vol 25 Iss 3	English
sim_annalen-der-physik_1936-02_25_4	1936-02-01	month	1936	25	Annalen der Physik 1936-02: Vol 25 Iss 4	English
sim_annalen-der-physik_1936-03_25_5	1936-03-01	month	1936	25	Annalen der Physik 1936-03: Vol 25 Iss 5	English
sim_annalen-der-physik_1936-03_25_6	1936-03-01	month	1936	25	Annalen der Physik 1936-03: Vol 25 Iss 6	English
sim_annalen-der-physik_1936-04_25_7	1936-04-01	month	1936	25	Annalen der Physik 1936-04: Vol 25 Iss 7	English
sim_annalen-der-physik_1936-04_25_8	1936-04-01	month	1936	25	Annalen der Physik 1936-04: Vol 25 Iss 8	English
sim_annalen-der-physik_1936-05_26_1	1936-05-01	month	1936	26	Annalen der Physik 1936-05: Vol 26 Iss 1	English
sim_annalen-der-physik_1936-05_26_2	1936-05-01	month	1936	26	Annalen der Physik 1936-05: Vol 26 Iss 2	English
sim_annalen-der-physik_1936-06_26_3	1936-06-01	month	1936	26	Annalen der Physik 1936-06: Vol 26 Iss 3	English
sim_annalen-der-physik_1936-06_26_4	1936-06-01	month	1936	26	Annalen der Physik 1936-06: Vol 26 Iss 4	English
sim_annalen-der-physik_1936-07_26_5	1936-07-01	month	1936	26	Annalen der Physik 1936-07: Vol 26 Iss 5	English
sim_annalen-der-physik_1936-07_26_6	1936-07-01	month	1936	26	Annalen der Physik 1936-07: Vol 26 Iss 6	English
sim_annalen-der-physik_1936-08_26_7	1936-08-01	month	1936	26	Annalen der Physik 1936-08: Vol 26 Iss 7	English
sim_annalen-der-physik_1936-08_26_8	1936-08-01	month	1936	26	Annalen der Physik 1936-08: Vol 26 Iss 8	English
sim_annalen-der-physik_1936-09_27_1	1936-09-01	month	1936	27	Annalen der Physik 1936-09: Vol 27 Iss 1	English
sim_annalen-der-physik_1936-09_27_2	1936-09-01	month	1936	27	Annalen der Physik 1936-09: Vol 27 Iss 2	English
sim_annalen-der-physik_1936-10_27_3	1936-10-01	month	1936	27	Annalen der Physik 1936-10: Vol 27 Iss 3	English
sim_annalen-der-physik_1936-10_27_4	1936-10-01	month	1936	27	Annalen der Physik 1936-10: Vol 27 Iss 4	English
sim_annalen-der-physik_1936-11_27_5	1936-11-01	month	1936	27	Annalen der Physik 1936-11: Vol 27 Iss 5	English
sim_annalen-der-physik_1936-11_27_6	1936-11-01	month	1936	27	Annalen der Physik 1936-11: Vol 27 Iss 6	English
sim_annalen-der-physik_1936-12_27_7	1936-12-01	month	1936	27	Annalen der Physik 1936-12: Vol 27 Iss 7	English
sim_annalen-der-physik_1936-12_27_8	1936-12-01	month	1936	27	Annalen der Physik 1936-12: Vol 27 Iss 8	English
sim_annalen-der-physik_1936_25_index	1936-01-01	year	1936	25	Annalen der Physik 1936: Vol 25 Index	English
sim_annalen-der-physik_1936_26_index	1936-01-01	year	1936	26	Annalen der Physik 1936: Vol 26 Index	English
sim_annalen-der-physik_1936_27_index	1936-01-01	year	1936	27	Annalen der Physik 1936: Vol 27 Index	English
sim_annalen-der-physik_1937-01_28_1	1937-01-01	month	1937	28	Annalen der Physik 1937-01: Vol 28 Iss 1	English
sim_annalen-der-physik_1937-01_28_2	1937-01-01	month	1937	28	Annalen der Physik 1937-01: Vol 28 Iss 2	English
sim_annalen-der-physik_1937-02_28_3	1937-02-01	month	1937	28	Annalen der Physik 1937-02: Vol 28 Iss 3	English
sim_annalen-der-physik_1937-02_28_4	1937-02-01	month	1937	28	Annalen der Physik 1937-02: Vol 28 Iss 4	English
sim_annalen-der-physik_1937-03_28_5	1937-03-01	month	1937	28	Annalen der Physik 1937-03: Vol 28 Iss 5	English
sim_annalen-der-physik_1937-03_28_6	1937-03-01	month	1937	28	Annalen der Physik 1937-03: Vol 28 Iss 6	English
sim_annalen-der-physik_1937-04_28_7	1937-04-01	month	1937	28	Annalen der Physik 1937-04: Vol 28 Iss 7	English
sim_annalen-der-physik_1937-04_28_8	1937-04-01	month	1937	28	Annalen der Physik 1937-04: Vol 28 Iss 8	English
sim_annalen-der-physik_1937-05_29_1	1937-05-01	month	1937	29	Annalen der Physik 1937-05: Vol 29 Iss 1	English
sim_annalen-der-physik_1937-05_29_2	1937-05-01	month	1937	29	Annalen der Physik 1937-05: Vol 29 Iss 2	English
sim_annalen-der-physik_1937-06_29_3-4	1937-06-01	month	1937	29	Annalen der Physik 1937-06: Vol 29 Iss 3-4	English
sim_annalen-der-physik_1937-07_29_5	1937-07-01	month	1937	29	Annalen der Physik 1937-07: Vol 29 Iss 5	English
sim_annalen-der-physik_1937-07_29_6	1937-07-01	month	1937	29	Annalen der Physik 1937-07: Vol 29 Iss 6	English
sim_annalen-der-physik_1937-08_29_7	1937-08-01	month	1937	29	Annalen der Physik 1937-08: Vol 29 Iss 7	English
sim_annalen-der-physik_1937-08_29_8	1937-08-01	month	1937	29	Annalen der Physik 1937-08: Vol 29 Iss 8	English
sim_annalen-der-physik_1937-09_30_1	1937-09-01	month	1937	30	Annalen der Physik 1937-09: Vol 30 Iss 1	English
sim_annalen-der-physik_1937-09_30_2	1937-09-01	month	1937	30	Annalen der Physik 1937-09: Vol 30 Iss 2	English
sim_annalen-der-physik_1937-10_30_3	1937-10-01	month	1937	30	Annalen der Physik 1937-10: Vol 30 Iss 3	English
sim_annalen-der-physik_1937-10_30_4	1937-10-01	month	1937	30	Annalen der Physik 1937-10: Vol 30 Iss 4	English
sim_annalen-der-physik_1937-11_30_5	1937-11-01	month	1937	30	Annalen der Physik 1937-11: Vol 30 Iss 5	English
sim_annalen-der-physik_1937-11_30_6	1937-11-01	month	1937	30	Annalen der Physik 1937-11: Vol 30 Iss 6	English
sim_annalen-der-physik_1937-12_30_7	1937-12-01	month	1937	30	Annalen der Physik 1937-12: Vol 30 Iss 7	English
sim_annalen-der-physik_1937-12_30_8	1937-12-01	month	1937	30	Annalen der Physik 1937-12: Vol 30 Iss 8	English
sim_annalen-der-physik_1937_28_index	1937-01-01	year	1937	28	Annalen der Physik 1937: Vol 28 Index	English
sim_annalen-der-physik_1937_29_index	1937-01-01	year	1937	29	Annalen der Physik 1937: Vol 29 Index	English
sim_annalen-der-physik_1937_30_index	1937-01-01	year	1937	30	Annalen der Physik 1937: Vol 30 Index	English
sim_annalen-der-physik_1938-01_31_1	1938-01-01	month	1938	31	Annalen der Physik 1938-01: Vol 31 Iss 1	English
sim_annalen-der-physik_1938-01_31_2	1938-01-01	month	1938	31	Annalen der Physik 1938-01: Vol 31 Iss 2	English
sim_annalen-der-physik_1938-02_31_3	1938-02-01	month	1938	31	Annalen der Physik 1938-02: Vol 31 Iss 3	English
sim_annalen-der-physik_1938-02_31_4	1938-02-01	month	1938	31	Annalen der Physik 1938-02: Vol 31 Iss 4	English
sim_annalen-der-physik_1938-03_31_5	1938-03-01	month	1938	31	Annalen der Physik 1938-03: Vol 31 Iss 5	English
sim_annalen-der-physik_1938-03_31_6	1938-03-01	month	1938	31	Annalen der Physik 1938-03: Vol 31 Iss 6	English
sim_annalen-der-physik_1938-04_31_7	1938-04-01	month	1938	31	Annalen der Physik 1938-04: Vol 31 Iss 7	English
sim_annalen-der-physik_1938-04_31_8	1938-04-01	month	1938	31	Annalen der Physik 1938-04: Vol 31 Iss 8	English
sim_annalen-der-physik_1938-05_32_1-2	1938-05-01	month	1938	32	Annalen der Physik 1938-05: Vol 32 Iss 1-2	English
sim_annalen-der-physik_1938-06_32_3	1938-06-01	month	1938	32	Annalen der Physik 1938-06: Vol 32 Iss 3	English
sim_annalen-der-physik_1938-06_32_4	1938-06-01	month	1938	32	Annalen der Physik 1938-06: Vol 32 Iss 4	English
sim_annalen-der-physik_1938-07_32_5	1938-07-01	month	1938	32	Annalen der Physik 1938-07: Vol 32 Iss 5	English
sim_annalen-der-physik_1938-07_32_6	1938-07-01	month	1938	32	Annalen der Physik 1938-07: Vol 32 Iss 6	English
sim_annalen-der-physik_1938-08_32_7	1938-08-01	month	1938	32	Annalen der Physik 1938-08: Vol 32 Iss 7	English
sim_annalen-der-physik_1938-08_32_8	1938-08-01	month	1938	32	Annalen der Physik 1938-08: Vol 32 Iss 8	English
sim_annalen-der-physik_1938-09_33_1	1938-09-01	month	1938	33	Annalen der Physik 1938-09: Vol 33 Iss 1	English
sim_annalen-der-physik_1938-09_33_2	1938-09-01	month	1938	33	Annalen der Physik 1938-09: Vol 33 Iss 2	English
sim_annalen-der-physik_1938-10_33_3	1938-10-01	month	1938	33	Annalen der Physik 1938-10: Vol 33 Iss 3	English
sim_annalen-der-physik_1938-10_33_4	1938-10-01	month	1938	33	Annalen der Physik 1938-10: Vol 33 Iss 4	English
sim_annalen-der-physik_1938-11_33_5	1938-11-01	month	1938	33	Annalen der Physik 1938-11: Vol 33 Iss 5	English
sim_annalen-der-physik_1938-11_33_6	1938-11-01	month	1938	33	Annalen der Physik 1938-11: Vol 33 Iss 6	English
sim_annalen-der-physik_1938-12_33_7	1938-12-01	month	1938	33	Annalen der Physik 1938-12: Vol 33 Iss 7	English
sim_annalen-der-physik_1938-12_33_8	1938-12-01	month	1938	33	Annalen der Physik 1938-12: Vol 33 Iss 8	English
sim_annalen-der-physik_1938_31_index	1938-01-01	year	1938	31	Annalen der Physik 1938: Vol 31 Index	English
sim_annalen-der-physik_1938_32_index	1938-01-01	year	1938	32	Annalen der Physik 1938: Vol 32 Index	English
sim_annalen-der-physik_1938_33_index	1938-01-01	year	1938	33	Annalen der Physik 1938: Vol 33 Index	English
sim_annalen-der-physik_1939-01_34_1	1939-01-01	month	1939	34	Annalen der Physik 1939-01: Vol 34 Iss 1	English
sim_annalen-der-physik_1939-01_34_2	1939-01-01	month	1939	34	Annalen der Physik 1939-01: Vol 34 Iss 2	English
sim_annalen-der-physik_1939-02_34_3	1939-02-01	month	1939	34	Annalen der Physik 1939-02: Vol 34 Iss 3	English
sim_annalen-der-physik_1939-02_34_4	1939-02-01	month	1939	34	Annalen der Physik 1939-02: Vol 34 Iss 4	English
sim_annalen-der-physik_1939-03_34_5	1939-03-01	month	1939	34	Annalen der Physik 1939-03: Vol 34 Iss 5	English
sim_annalen-der-physik_1939-03_34_6	1939-03-01	month	1939	34	Annalen der Physik 1939-03: Vol 34 Iss 6	English
sim_annalen-der-physik_1939-04_34_7	1939-04-01	month	1939	34	Annalen der Physik 1939-04: Vol 34 Iss 7	English
sim_annalen-der-physik_1939-04_34_8	1939-04-01	month	1939	34	Annalen der Physik 1939-04: Vol 34 Iss 8	English
sim_annalen-der-physik_1939-05_35_1	1939-05-01	month	1939	35	Annalen der Physik 1939-05: Vol 35 Iss 1	English
sim_annalen-der-physik_1939-05_35_2	1939-05-01	month	1939	35	Annalen der Physik 1939-05: Vol 35 Iss 2	English
sim_annalen-der-physik_1939-06_35_3	1939-06-01	month	1939	35	Annalen der Physik 1939-06: Vol 35 Iss 3	English
sim_annalen-der-physik_1939-06_35_4	1939-06-01	month	1939	35	Annalen der Physik 1939-06: Vol 35 Iss 4	English
sim_annalen-der-physik_annalen-der-physik_1917_53	1917-01-01	year	1917	53	Annalen der Physik 1917: Vol 53	English
sim_annalen-der-physik_annalen-der-physik_1917_54	1917-01-01	year	1917	54	Annalen der Physik 1917: Vol 54	English
sim_annalen-der-physik_annalen-der-physik_1918_55	1918-01-01	year	1918	55	Annalen der Physik 1918: Vol 55	English
sim_annalen-der-physik_annalen-der-physik_1918_56	1918-01-01	year	1918	56	Annalen der Physik 1918: Vol 56	English
sim_annalen-der-physik_annalen-der-physik_1918_57	1918-01-01	year	1918	57	Annalen der Physik 1918: Vol 57	English
sim_annalen-der-physik_annalen-der-physik_1919_58	1919-01-01	year	1919	58	Annalen der Physik 1919: Vol 58	English
sim_annalen-der-physik_annalen-der-physik_1919_59	1919-01-01	year	1919	59	Annalen der Physik 1919: Vol 59	English
sim_annalen-der-physik_annalen-der-physik_1919_60	1919-01-01	year	1919	60	Annalen der Physik 1919: Vol 60	English
sim_annalen-der-physik_annalen-der-physik_1920_61	1920-01-01	year	1920	61	Annalen der Physik 1920: Vol 61	English
sim_annalen-der-physik_annalen-der-physik_1920_62	1920-01-01	year	1920	62	Annalen der Physik 1920: Vol 62	English
sim_annalen-der-physik_annalen-der-physik_1920_63	1920-01-01	year	1920	63	Annalen der Physik 1920: Vol 63	English
sim_annalen-der-physik_annalen-der-physik_1921_64	1921-01-01	year	1921	64	Annalen der Physik 1921: Vol 64	English
sim_annalen-der-physik_annalen-der-physik_1921_65	1921-01-01	year	1921	65	Annalen der Physik 1921: Vol 65	English
sim_annalen-der-physik_annalen-der-physik_1921_66	1921-01-01	year	1921	66	Annalen der Physik 1921: Vol 66	English
sim_annalen-der-physik_annalen-der-physik_1922_67	1922-01-01	year	1922	67	Annalen der Physik 1922: Vol 67	English
sim_annalen-der-physik_annalen-der-physik_1922_68	1922-01-01	year	1922	68	Annalen der Physik 1922: Vol 68	English
sim_annalen-der-physik_annalen-der-physik_1922_69	1922-01-01	year	1922	69	Annalen der Physik 1922: Vol 69	English
sim_annalen-der-physik_annalen-der-physik_1923_70	1923-01-01	year	1923	70	Annalen der Physik 1923: Vol 70	English
sim_annalen-der-physik_annalen-der-physik_1923_71	1923-01-01	year	1923	71	Annalen der Physik 1923: Vol 71	English
sim_annalen-der-physik_annalen-der-physik_1923_72	1923-01-01	year	1923	72	Annalen der Physik 1923: Vol 72	English
sim_annalen-der-physik_annalen-der-physik_1924_73	1924-01-01	year	1924	73	Annalen der Physik 1924: Vol 73	English
sim_annalen-der-physik_annalen-der-physik_1924_74	1924-01-01	year	1924	74	Annalen der Physik 1924: Vol 74	English
sim_annalen-der-physik_annalen-der-physik_1924_75	1924-01-01	year	1924	75	Annalen der Physik 1924: Vol 75	English
sim_annalen-der-physik_annalen-der-physik_1925_76	1925-01-01	year	1925	76	Annalen der Physik 1925: Vol 76	English
sim_annalen-der-physik_annalen-der-physik_1925_77	1925-01-01	year	1925	77	Annalen der Physik 1925: Vol 77	English
sim_annalen-der-physik_annalen-der-physik_1925_78	1925-01-01	year	1925	78	Annalen der Physik 1925: Vol 78	English
sim_annalen-der-physik_annalen-der-physik_1926_31-78	1926-01-01	year	1926	31-78	Annalen der Physik 1926: Vol 31-78	English
sim_annalen-der-physik_annalen-der-physik_1926_79	1926-01-01	year	1926	79	Annalen der Physik 1926: Vol 79	English
sim_annalen-der-physik_annalen-der-physik_1926_80	1926-01-01	year	1926	80	Annalen der Physik 1926: Vol 80	English
sim_annalen-der-physik_annalen-der-physik_1926_81	1926-01-01	year	1926	81	Annalen der Physik 1926: Vol 81	English
sim_annalen-der-physik_annalen-der-physik_1927_82	1927-01-01	year	1927	82	Annalen der Physik 1927: Vol 82	English
sim_annalen-der-physik_annalen-der-physik_1927_83	1927-01-01	year	1927	83	Annalen der Physik 1927: Vol 83	English
sim_annalen-der-physik_annalen-der-physik_1927_84	1927-01-01	year	1927	84	Annalen der Physik 1927: Vol 84	English
sim_annalen-der-physik_annalen-der-physik_1928_85	1928-01-01	year	1928	85	Annalen der Physik 1928: Vol 85	English
sim_annalen-der-physik_annalen-der-physik_1928_85_0	1928-01-01	year	1928	85	Annalen der Physik 1928: Vol 85	English
sim_annalen-der-physik_annalen-der-physik_1928_87	1928-01-01	year	1928	87	Annalen der Physik 1928: Vol 87	English
