# bams_ia: archive.org djvu.txt, query 'collection:pub_american-mathematical-society-bulletin', window 1891-01-01..1939-06-30; built 2026-10-06 by src.data.ia_catalog
key	url	bytes	checksum
sim_american-mathematical-society-bulletin_1894-10_1	https://archive.org/download/sim_american-mathematical-society-bulletin_1894-10_1/sim_american-mathematical-society-bulletin_1894-10_1_djvu.txt	?	-
sim_american-mathematical-society-bulletin_1894-11_1	https://archive.org/download/sim_american-mathematical-society-bulletin_1894-11_1/sim_american-mathematical-society-bulletin_1894-11_1_djvu.txt	?	-
sim_american-mathematical-society-bulletin_1894-12_1	https://archive.org/download/sim_american-mathematical-society-bulletin_1894-12_1/sim_american-mathematical-society-bulletin_1894-12_1_djvu.txt	?	-
sim_american-mathematical-society-bulletin_1894-1895_1_contents	https://archive.org/download/sim_american-mathematical-society-bulletin_1894-1895_1_contents/sim_american-mathematical-society-bulletin_1894-1895_1_contents_djvu.txt	?	-
sim_american-mathematical-society-bulletin_1894-1895_1_index	https://archive.org/download/sim_american-mathematical-society-bulletin_1894-1895_1_index/sim_american-mathematical-society-bulletin_1894-1895_1_index_djvu.txt	?	-
sim_american-mathematical-society-bulletin_1895-01_1	https://archive.org/download/sim_american-mathematical-society-bulletin_1895-01_1/sim_american-mathematical-society-bulletin_1895-01_1_djvu.txt	?	-
sim_american-mathematical-society-bulletin_1895-02_1	https://archive.org/download/sim_american-mathematical-society-bulletin_1895-02_1/sim_american-mathematical-society-bulletin_1895-02_1_djvu.txt	?	-
sim_american-mathematical-society-bulletin_1895-03_1	https://archive.org/download/sim_american-mathematical-society-bulletin_1895-03_1/sim_american-mathematical-society-bulletin_1895-03_1_djvu.txt	?	-
sim_american-mathematical-society-bulletin_1895-04_1	https://archive.org/download/sim_american-mathematical-society-bulletin_1895-04_1/sim_american-mathematical-society-bulletin_1895-04_1_djvu.txt	?	-
sim_american-mathematical-society-bulletin_1895-05_1	https://archive.org/download/sim_american-mathematical-society-bulletin_1895-05_1/sim_american-mathematical-society-bulletin_1895-05_1_djvu.txt	?	-
sim_american-mathematical-society-bulletin_1895-06_1	https://archive.org/download/sim_american-mathematical-society-bulletin_1895-06_1/sim_american-mathematical-society-bulletin_1895-06_1_djvu.txt	?	-
sim_american-mathematical-society-bulletin_1895-07_1	https://archive.org/download/sim_american-mathematical-society-bulletin_1895-07_1/sim_american-mathematical-society-bulletin_1895-07_1_djvu.txt	?	-
sim_american-mathematical-society-bulletin_1895-10_2	https://archive.org/download/sim_american-mathematical-society-bulletin_1895-10_2/sim_american-mathematical-society-bulletin_1895-10_2_djvu.txt	?	-
sim_american-mathematical-society-bulletin_1895-11_2	https://archive.org/download/sim_american-mathematical-society-bulletin_1895-11_2/sim_american-mathematical-society-bulletin_1895-11_2_djvu.txt	?	-
sim_american-mathematical-society-bulletin_1895-12_2	https://archive.org/download/sim_american-mathematical-society-bulletin_1895-12_2/sim_american-mathematical-society-bulletin_1895-12_2_djvu.txt	?	-
sim_american-mathematical-society-bulletin_1895-1896_2_contents	https://archive.org/download/sim_american-mathematical-society-bulletin_1895-1896_2_contents/sim_american-mathematical-society-bulletin_1895-1896_2_contents_djvu.txt	?	-
sim_american-mathematical-society-bulletin_1895-1896_2_index	https://archive.org/download/sim_american-mathematical-society-bulletin_1895-1896_2_index/sim_american-mathematical-society-bulletin_1895-1896_2_index_djvu.txt	?	-
sim_american-mathematical-society-bulletin_1896-01_2	https://archive.org/download/sim_american-mathematical-society-bulletin_1896-01_2/sim_american-mathematical-society-bulletin_1896-01_2_djvu.txt	?	-
sim_american-mathematical-society-bulletin_1896-02_2	https://archive.org/download/sim_american-mathematical-society-bulletin_1896-02_2/sim_american-mathematical-society-bulletin_1896-02_2_djvu.txt	?	-
sim_american-mathematical-society-bulletin_1896-03_2	https://archive.org/download/sim_american-mathematical-society-bulletin_1896-03_2/sim_american-mathematical-society-bulletin_1896-03_2_djvu.txt	?	-
sim_american-mathematical-society-bulletin_1896-04_2	https://archive.org/download/sim_american-mathematical-society-bulletin_1896-04_2/sim_american-mathematical-society-bulletin_1896-04_2_djvu.txt	?	-
sim_american-mathematical-society-bulletin_1896-05_2	https://archive.org/download/sim_american-mathematical-society-bulletin_1896-05_2/sim_american-mathematical-society-bulletin_1896-05_2_djvu.txt	?	-
sim_american-mathematical-society-bulletin_1896-06_2	https://archive.org/download/sim_american-mathematical-society-bulletin_1896-06_2/sim_american-mathematical-society-bulletin_1896-06_2_djvu.txt	?	-
sim_american-mathematical-society-bulletin_1896-07_2	https://archive.org/download/sim_american-mathematical-society-bulletin_1896-07_2/sim_american-mathematical-society-bulletin_1896-07_2_djvu.txt	?	-
sim_american-mathematical-society-bulletin_1896-10_3	https://archive.org/download/sim_american-mathematical-society-bulletin_1896-10_3/sim_american-mathematical-society-bulletin_1896-10_3_djvu.txt	?	-
sim_american-mathematical-society-bulletin_1896-11_3	https://archive.org/download/sim_american-mathematical-society-bulletin_1896-11_3/sim_american-mathematical-society-bulletin_1896-11_3_djvu.txt	?	-
sim_american-mathematical-society-bulletin_1896-12_3	https://archive.org/download/sim_american-mathematical-society-bulletin_1896-12_3/sim_american-mathematical-society-bulletin_1896-12_3_djvu.txt	?	-
sim_american-mathematical-society-bulletin_1896-1897_3_contents	https://archive.org/download/sim_american-mathematical-society-bulletin_1896-1897_3_contents/sim_american-mathematical-society-bulletin_1896-1897_3_contents_djvu.txt	?	-
sim_american-mathematical-society-bulletin_1896-1897_3_index	https://archive.org/download/sim_american-mathematical-society-bulletin_1896-1897_3_index/sim_american-mathematical-society-bulletin_1896-1897_3_index_djvu.txt	?	-
sim_american-mathematical-society-bulletin_1897-01_3	https://archive.org/download/sim_american-mathematical-society-bulletin_1897-01_3/sim_american-mathematical-society-bulletin_1897-01_3_djvu.txt	?	-
sim_american-mathematical-society-bulletin_1897-02_3	https://archive.org/download/sim_american-mathematical-society-bulletin_1897-02_3/sim_american-mathematical-society-bulletin_1897-02_3_djvu.txt	?	-
sim_american-mathematical-society-bulletin_1897-03_3	https://archive.org/download/sim_american-mathematical-society-bulletin_1897-03_3/sim_american-mathematical-society-bulletin_1897-03_3_djvu.txt	?	-
sim_american-mathematical-society-bulletin_1897-04_3	https://archive.org/download/sim_american-mathematical-society-bulletin_1897-04_3/sim_american-mathematical-society-bulletin_1897-04_3_djvu.txt	?	-
sim_american-mathematical-society-bulletin_1897-05_3	https://archive.org/download/sim_american-mathematical-society-bulletin_1897-05_3/sim_american-mathematical-society-bulletin_1897-05_3_djvu.txt	?	-
sim_american-mathematical-society-bulletin_1897-06_3	https://archive.org/download/sim_american-mathematical-society-bulletin_1897-06_3/sim_american-mathematical-society-bulletin_1897-06_3_djvu.txt	?	-
sim_american-mathematical-society-bulletin_1897-07_3	https://archive.org/download/sim_american-mathematical-society-bulletin_1897-07_3/sim_american-mathematical-society-bulletin_1897-07_3_djvu.txt	?	-
sim_american-mathematical-society-bulletin_1897-10_4	https://archive.org/download/sim_american-mathematical-society-bulletin_1897-10_4/sim_american-mathematical-society-bulletin_1897-10_4_djvu.txt	?	-
sim_american-mathematical-society-bulletin_1897-11_4	https://archive.org/download/sim_american-mathematical-society-bulletin_1897-11_4/sim_american-mathematical-society-bulletin_1897-11_4_djvu.txt	?	-
sim_american-mathematical-society-bulletin_1897-12_4	https://archive.org/download/sim_american-mathematical-society-bulletin_1897-12_4/sim_american-mathematical-society-bulletin_1897-12_4_djvu.txt	?	-
sim_american-mathematical-society-bulletin_1897-1898_4_contents	https://archive.org/download/sim_american-mathematical-society-bulletin_1897-1898_4_contents/sim_american-mathematical-society-bulletin_1897-1898_4_contents_djvu.txt	?	-
sim_american-mathematical-society-bulletin_1897-1898_4_index	https://archive.org/download/sim_american-mathematical-society-bulletin_1897-1898_4_index/sim_american-mathematical-society-bulletin_1897-1898_4_index_djvu.txt	?	-
sim_american-mathematical-society-bulletin_1898-01_4	https://archive.org/download/sim_american-mathematical-society-bulletin_1898-01_4/sim_american-mathematical-society-bulletin_1898-01_4_djvu.txt	?	-
sim_american-mathematical-society-bulletin_1898-02_4	https://archive.org/download/sim_american-mathematical-society-bulletin_1898-02_4/sim_american-mathematical-society-bulletin_1898-02_4_djvu.txt	?	-
sim_american-mathematical-society-bulletin_1898-03_4	https://archive.org/download/sim_american-mathematical-society-bulletin_1898-03_4/sim_american-mathematical-society-bulletin_1898-03_4_djvu.txt	?	-
sim_american-mathematical-society-bulletin_1898-04_4	https://archive.org/download/sim_american-mathematical-society-bulletin_1898-04_4/sim_american-mathematical-society-bulletin_1898-04_4_djvu.txt	?	-
sim_american-mathematical-society-bulletin_1898-05_4	https://archive.org/download/sim_american-mathematical-society-bulletin_1898-05_4/sim_american-mathematical-society-bulletin_1898-05_4_djvu.txt	?	-
sim_american-mathematical-society-bulletin_1898-06_4	https://archive.org/download/sim_american-mathematical-society-bulletin_1898-06_4/sim_american-mathematical-society-bulletin_1898-06_4_djvu.txt	?	-
sim_american-mathematical-society-bulletin_1898-07_4	https://archive.org/download/sim_american-mathematical-society-bulletin_1898-07_4/sim_american-mathematical-society-bulletin_1898-07_4_djvu.txt	?	-
sim_american-mathematical-society-bulletin_1898-10_5	https://archive.org/download/sim_american-mathematical-society-bulletin_1898-10_5/sim_american-mathematical-society-bulletin_1898-10_5_djvu.txt	?	-
sim_american-mathematical-society-bulletin_1898-11_5	https://archive.org/download/sim_american-mathematical-society-bulletin_1898-11_5/sim_american-mathematical-society-bulletin_1898-11_5_djvu.txt	?	-
sim_american-mathematical-society-bulletin_1898-12_5	https://archive.org/download/sim_american-mathematical-society-bulletin_1898-12_5/sim_american-mathematical-society-bulletin_1898-12_5_djvu.txt	?	-
sim_american-mathematical-society-bulletin_1898-1899_5_contents	https://archive.org/download/sim_american-mathematical-society-bulletin_1898-1899_5_contents/sim_american-mathematical-society-bulletin_1898-1899_5_contents_djvu.txt	?	-
sim_american-mathematical-society-bulletin_1898-1899_5_index	https://archive.org/download/sim_american-mathematical-society-bulletin_1898-1899_5_index/sim_american-mathematical-society-bulletin_1898-1899_5_index_djvu.txt	?	-
sim_american-mathematical-society-bulletin_1899-01_5	https://archive.org/download/sim_american-mathematical-society-bulletin_1899-01_5/sim_american-mathematical-society-bulletin_1899-01_5_djvu.txt	?	-
sim_american-mathematical-society-bulletin_1899-02_5	https://archive.org/download/sim_american-mathematical-society-bulletin_1899-02_5/sim_american-mathematical-society-bulletin_1899-02_5_djvu.txt	?	-
sim_american-mathematical-society-bulletin_1899-03_5	https://archive.org/download/sim_american-mathematical-society-bulletin_1899-03_5/sim_american-mathematical-society-bulletin_1899-03_5_djvu.txt	?	-
sim_american-mathematical-society-bulletin_1899-04_5	https://archive.org/download/sim_american-mathematical-society-bulletin_1899-04_5/sim_american-mathematical-society-bulletin_1899-04_5_djvu.txt	?	-
sim_american-mathematical-society-bulletin_1899-05_5	https://archive.org/download/sim_american-mathematical-society-bulletin_1899-05_5/sim_american-mathematical-society-bulletin_1899-05_5_djvu.txt	?	-
sim_american-mathematical-society-bulletin_1899-06_5	https://archive.org/download/sim_american-mathematical-society-bulletin_1899-06_5/sim_american-mathematical-society-bulletin_1899-06_5_djvu.txt	?	-
sim_american-mathematical-society-bulletin_1899-07_5	https://archive.org/download/sim_american-mathematical-society-bulletin_1899-07_5/sim_american-mathematical-society-bulletin_1899-07_5_djvu.txt	?	-
sim_american-mathematical-society-bulletin_1899-10_6	https://archive.org/download/sim_american-mathematical-society-bulletin_1899-10_6/sim_american-mathematical-society-bulletin_1899-10_6_djvu.txt	?	-
sim_american-mathematical-society-bulletin_1899-11_6	https://archive.org/download/sim_american-mathematical-society-bulletin_1899-11_6/sim_american-mathematical-society-bulletin_1899-11_6_djvu.txt	?	-
sim_american-mathematical-society-bulletin_1899-12_6	https://archive.org/download/sim_american-mathematical-society-bulletin_1899-12_6/sim_american-mathematical-society-bulletin_1899-12_6_djvu.txt	?	-
sim_american-mathematical-society-bulletin_1899-1900_6_contents	https://archive.org/download/sim_american-mathematical-society-bulletin_1899-1900_6_contents/sim_american-mathematical-society-bulletin_1899-1900_6_contents_djvu.txt	?	-
sim_american-mathematical-society-bulletin_1899-1900_6_index	https://archive.org/download/sim_american-mathematical-society-bulletin_1899-1900_6_index/sim_american-mathematical-society-bulletin_1899-1900_6_index_djvu.txt	?	-
sim_american-mathematical-society-bulletin_1900-01_6	https://archive.org/download/sim_american-mathematical-society-bulletin_1900-01_6/sim_american-mathematical-society-bulletin_1900-01_6_djvu.txt	?	-
sim_american-mathematical-society-bulletin_1900-02_6	https://archive.org/download/sim_american-mathematical-society-bulletin_1900-02_6/sim_american-mathematical-society-bulletin_1900-02_6_djvu.txt	?	-
sim_american-mathematical-society-bulletin_1900-03_6	https://archive.org/download/sim_american-mathematical-society-bulletin_1900-03_6/sim_american-mathematical-society-bulletin_1900-03_6_djvu.txt	?	-
sim_american-mathematical-society-bulletin_1900-04_6	https://archive.org/download/sim_american-mathematical-society-bulletin_1900-04_6/sim_american-mathematical-society-bulletin_1900-04_6_djvu.txt	?	-
sim_american-mathematical-society-bulletin_1900-05_6	https://archive.org/download/sim_american-mathematical-society-bulletin_1900-05_6/sim_american-mathematical-society-bulletin_1900-05_6_djvu.txt	?	-
sim_american-mathematical-society-bulletin_1900-06_6	https://archive.org/download/sim_american-mathematical-society-bulletin_1900-06_6/sim_american-mathematical-society-bulletin_1900-06_6_djvu.txt	?	-
sim_american-mathematical-society-bulletin_1900-07_6	https://archive.org/download/sim_american-mathematical-society-bulletin_1900-07_6/sim_american-mathematical-society-bulletin_1900-07_6_djvu.txt	?	-
sim_american-mathematical-society-bulletin_1900-10_7	https://archive.org/download/sim_american-mathematical-society-bulletin_1900-10_7/sim_american-mathematical-society-bulletin_1900-10_7_djvu.txt	?	-
sim_american-mathematical-society-bulletin_1900-11_7	https://archive.org/download/sim_american-mathematical-society-bulletin_1900-11_7/sim_american-mathematical-society-bulletin_1900-11_7_djvu.txt	?	-
sim_american-mathematical-society-bulletin_1900-12_7	https://archive.org/download/sim_american-mathematical-society-bulletin_1900-12_7/sim_american-mathematical-society-bulletin_1900-12_7_djvu.txt	?	-
sim_american-mathematical-society-bulletin_1900-1901_7_contents	https://archive.org/download/sim_american-mathematical-society-bulletin_1900-1901_7_contents/sim_american-mathematical-society-bulletin_1900-1901_7_contents_djvu.txt	?	-
sim_american-mathematical-society-bulletin_1900-1901_7_index	https://archive.org/download/sim_american-mathematical-society-bulletin_1900-1901_7_index/sim_american-mathematical-society-bulletin_1900-1901_7_index_djvu.txt	?	-
sim_american-mathematical-society-bulletin_1901-01_7	https://archive.org/download/sim_american-mathematical-society-bulletin_1901-01_7/sim_american-mathematical-society-bulletin_1901-01_7_djvu.txt	?	-
sim_american-mathematical-society-bulletin_1901-02_7	https://archive.org/download/sim_american-mathematical-society-bulletin_1901-02_7/sim_american-mathematical-society-bulletin_1901-02_7_djvu.txt	?	-
sim_american-mathematical-society-bulletin_1901-03_7	https://archive.org/download/sim_american-mathematical-society-bulletin_1901-03_7/sim_american-mathematical-society-bulletin_1901-03_7_djvu.txt	?	-
sim_american-mathematical-society-bulletin_1901-04_7	https://archive.org/download/sim_american-mathematical-society-bulletin_1901-04_7/sim_american-mathematical-society-bulletin_1901-04_7_djvu.txt	?	-
sim_american-mathematical-society-bulletin_1901-05_7	https://archive.org/download/sim_american-mathematical-society-bulletin_1901-05_7/sim_american-mathematical-society-bulletin_1901-05_7_djvu.txt	?	-
sim_american-mathematical-society-bulletin_1901-06_7	https://archive.org/download/sim_american-mathematical-society-bulletin_1901-06_7/sim_american-mathematical-society-bulletin_1901-06_7_djvu.txt	?	-
sim_american-mathematical-society-bulletin_1901-07_7	https://archive.org/download/sim_american-mathematical-society-bulletin_1901-07_7/sim_american-mathematical-society-bulletin_1901-07_7_djvu.txt	?	-
sim_american-mathematical-society-bulletin_1901-10_8	https://archive.org/download/sim_american-mathematical-society-bulletin_1901-10_8/sim_american-mathematical-society-bulletin_1901-10_8_djvu.txt	?	-
sim_american-mathematical-society-bulletin_1901-11_8	https://archive.org/download/sim_american-mathematical-society-bulletin_1901-11_8/sim_american-mathematical-society-bulletin_1901-11_8_djvu.txt	?	-
sim_american-mathematical-society-bulletin_1901-12_8	https://archive.org/download/sim_american-mathematical-society-bulletin_1901-12_8/sim_american-mathematical-society-bulletin_1901-12_8_djvu.txt	?	-
sim_american-mathematical-society-bulletin_1901-1902_8_contents	https://archive.org/download/sim_american-mathematical-society-bulletin_1901-1902_8_contents/sim_american-mathematical-society-bulletin_1901-1902_8_contents_djvu.txt	?	-
sim_american-mathematical-society-bulletin_1901-1902_8_index	https://archive.org/download/sim_american-mathematical-society-bulletin_1901-1902_8_index/sim_american-mathematical-society-bulletin_1901-1902_8_index_djvu.txt	?	-
sim_american-mathematical-society-bulletin_1902-01_8	https://archive.org/download/sim_american-mathematical-society-bulletin_1902-01_8/sim_american-mathematical-society-bulletin_1902-01_8_djvu.txt	?	-
sim_american-mathematical-society-bulletin_1902-02_8	https://archive.org/download/sim_american-mathematical-society-bulletin_1902-02_8/sim_american-mathematical-society-bulletin_1902-02_8_djvu.txt	?	-
sim_american-mathematical-society-bulletin_1902-03_8	https://archive.org/download/sim_american-mathematical-society-bulletin_1902-03_8/sim_american-mathematical-society-bulletin_1902-03_8_djvu.txt	?	-
sim_american-mathematical-society-bulletin_1902-04_8	https://archive.org/download/sim_american-mathematical-society-bulletin_1902-04_8/sim_american-mathematical-society-bulletin_1902-04_8_djvu.txt	?	-
sim_american-mathematical-society-bulletin_1902-05_8	https://archive.org/download/sim_american-mathematical-society-bulletin_1902-05_8/sim_american-mathematical-society-bulletin_1902-05_8_djvu.txt	?	-
sim_american-mathematical-society-bulletin_1902-06_8	https://archive.org/download/sim_american-mathematical-society-bulletin_1902-06_8/sim_american-mathematical-society-bulletin_1902-06_8_djvu.txt	?	-
sim_american-mathematical-society-bulletin_1902-07_8	https://archive.org/download/sim_american-mathematical-society-bulletin_1902-07_8/sim_american-mathematical-society-bulletin_1902-07_8_djvu.txt	?	-
sim_american-mathematical-society-bulletin_1902-10_9	https://archive.org/download/sim_american-mathematical-society-bulletin_1902-10_9/sim_american-mathematical-society-bulletin_1902-10_9_djvu.txt	?	-
sim_american-mathematical-society-bulletin_1902-11_9	https://archive.org/download/sim_american-mathematical-society-bulletin_1902-11_9/sim_american-mathematical-society-bulletin_1902-11_9_djvu.txt	?	-
sim_american-mathematical-society-bulletin_1902-12_9	https://archive.org/download/sim_american-mathematical-society-bulletin_1902-12_9/sim_american-mathematical-society-bulletin_1902-12_9_djvu.txt	?	-
sim_american-mathematical-society-bulletin_1902-1903_9_contents	https://archive.org/download/sim_american-mathematical-society-bulletin_1902-1903_9_contents/sim_american-mathematical-society-bulletin_1902-1903_9_contents_djvu.txt	?	-
sim_american-mathematical-society-bulletin_1902-1903_9_index	https://archive.org/download/sim_american-mathematical-society-bulletin_1902-1903_9_index/sim_american-mathematical-society-bulletin_1902-1903_9_index_djvu.txt	?	-
sim_american-mathematical-society-bulletin_1903-01_9	https://archive.org/download/sim_american-mathematical-society-bulletin_1903-01_9/sim_american-mathematical-society-bulletin_1903-01_9_djvu.txt	?	-
sim_american-mathematical-society-bulletin_1903-02_9	https://archive.org/download/sim_american-mathematical-society-bulletin_1903-02_9/sim_american-mathematical-society-bulletin_1903-02_9_djvu.txt	?	-
sim_american-mathematical-society-bulletin_1903-03_9	https://archive.org/download/sim_american-mathematical-society-bulletin_1903-03_9/sim_american-mathematical-society-bulletin_1903-03_9_djvu.txt	?	-
sim_american-mathematical-society-bulletin_1903-04_9	https://archive.org/download/sim_american-mathematical-society-bulletin_1903-04_9/sim_american-mathematical-society-bulletin_1903-04_9_djvu.txt	?	-
sim_american-mathematical-society-bulletin_1903-05_9	https://archive.org/download/sim_american-mathematical-society-bulletin_1903-05_9/sim_american-mathematical-society-bulletin_1903-05_9_djvu.txt	?	-
sim_american-mathematical-society-bulletin_1903-06_9	https://archive.org/download/sim_american-mathematical-society-bulletin_1903-06_9/sim_american-mathematical-society-bulletin_1903-06_9_djvu.txt	?	-
sim_american-mathematical-society-bulletin_1903-07_9	https://archive.org/download/sim_american-mathematical-society-bulletin_1903-07_9/sim_american-mathematical-society-bulletin_1903-07_9_djvu.txt	?	-
sim_american-mathematical-society-bulletin_1903-10_10	https://archive.org/download/sim_american-mathematical-society-bulletin_1903-10_10/sim_american-mathematical-society-bulletin_1903-10_10_djvu.txt	?	-
sim_american-mathematical-society-bulletin_1903-11_10	https://archive.org/download/sim_american-mathematical-society-bulletin_1903-11_10/sim_american-mathematical-society-bulletin_1903-11_10_djvu.txt	?	-
sim_american-mathematical-society-bulletin_1903-12_10	https://archive.org/download/sim_american-mathematical-society-bulletin_1903-12_10/sim_american-mathematical-society-bulletin_1903-12_10_djvu.txt	?	-
sim_american-mathematical-society-bulletin_1903-1904_10_contents	https://archive.org/download/sim_american-mathematical-society-bulletin_1903-1904_10_contents/sim_american-mathematical-society-bulletin_1903-1904_10_contents_djvu.txt	?	-
sim_american-mathematical-society-bulletin_1903-1904_10_index	https://archive.org/download/sim_american-mathematical-society-bulletin_1903-1904_10_index/sim_american-mathematical-society-bulletin_1903-1904_10_index_djvu.txt	?	-
sim_american-mathematical-society-bulletin_1904-01_10	https://archive.org/download/sim_american-mathematical-society-bulletin_1904-01_10/sim_american-mathematical-society-bulletin_1904-01_10_djvu.txt	?	-
sim_american-mathematical-society-bulletin_1904-02_10	https://archive.org/download/sim_american-mathematical-society-bulletin_1904-02_10/sim_american-mathematical-society-bulletin_1904-02_10_djvu.txt	?	-
sim_american-mathematical-society-bulletin_1904-03_10	https://archive.org/download/sim_american-mathematical-society-bulletin_1904-03_10/sim_american-mathematical-society-bulletin_1904-03_10_djvu.txt	?	-
sim_american-mathematical-society-bulletin_1904-04_10	https://archive.org/download/sim_american-mathematical-society-bulletin_1904-04_10/sim_american-mathematical-society-bulletin_1904-04_10_djvu.txt	?	-
sim_american-mathematical-society-bulletin_1904-05_10	https://archive.org/download/sim_american-mathematical-society-bulletin_1904-05_10/sim_american-mathematical-society-bulletin_1904-05_10_djvu.txt	?	-
sim_american-mathematical-society-bulletin_1904-06_10	https://archive.org/download/sim_american-mathematical-society-bulletin_1904-06_10/sim_american-mathematical-society-bulletin_1904-06_10_djvu.txt	?	-
sim_american-mathematical-society-bulletin_1904-07_10	https://archive.org/download/sim_american-mathematical-society-bulletin_1904-07_10/sim_american-mathematical-society-bulletin_1904-07_10_djvu.txt	?	-
sim_american-mathematical-society-bulletin_1904-10_11	https://archive.org/download/sim_american-mathematical-society-bulletin_1904-10_11/sim_american-mathematical-society-bulletin_1904-10_11_djvu.txt	?	-
sim_american-mathematical-society-bulletin_1904-11_11	https://archive.org/download/sim_american-mathematical-society-bulletin_1904-11_11/sim_american-mathematical-society-bulletin_1904-11_11_djvu.txt	?	-
sim_american-mathematical-society-bulletin_1904-12_11	https://archive.org/download/sim_american-mathematical-society-bulletin_1904-12_11/sim_american-mathematical-society-bulletin_1904-12_11_djvu.txt	?	-
sim_american-mathematical-society-bulletin_1904-1905_11_contents	https://archive.org/download/sim_american-mathematical-society-bulletin_1904-1905_11_contents/sim_american-mathematical-society-bulletin_1904-1905_11_contents_djvu.txt	?	-
sim_american-mathematical-society-bulletin_1904-1905_11_index	https://archive.org/download/sim_american-mathematical-society-bulletin_1904-1905_11_index/sim_american-mathematical-society-bulletin_1904-1905_11_index_djvu.txt	?	-
sim_american-mathematical-society-bulletin_1905-01_11	https://archive.org/download/sim_american-mathematical-society-bulletin_1905-01_11/sim_american-mathematical-society-bulletin_1905-01_11_djvu.txt	?	-
sim_american-mathematical-society-bulletin_1905-02_11	https://archive.org/download/sim_american-mathematical-society-bulletin_1905-02_11/sim_american-mathematical-society-bulletin_1905-02_11_djvu.txt	?	-
sim_american-mathematical-society-bulletin_1905-03_11	https://archive.org/download/sim_american-mathematical-society-bulletin_1905-03_11/sim_american-mathematical-society-bulletin_1905-03_11_djvu.txt	?	-
sim_american-mathematical-society-bulletin_1905-04_11	https://archive.org/download/sim_american-mathematical-society-bulletin_1905-04_11/sim_american-mathematical-society-bulletin_1905-04_11_djvu.txt	?	-
sim_american-mathematical-society-bulletin_1905-05_11	https://archive.org/download/sim_american-mathematical-society-bulletin_1905-05_11/sim_american-mathematical-society-bulletin_1905-05_11_djvu.txt	?	-
sim_american-mathematical-society-bulletin_1905-06_11	https://archive.org/download/sim_american-mathematical-society-bulletin_1905-06_11/sim_american-mathematical-society-bulletin_1905-06_11_djvu.txt	?	-
sim_american-mathematical-society-bulletin_1905-07_11	https://archive.org/download/sim_american-mathematical-society-bulletin_1905-07_11/sim_american-mathematical-society-bulletin_1905-07_11_djvu.txt	?	-
sim_american-mathematical-society-bulletin_1905-10_12	https://archive.org/download/sim_american-mathematical-society-bulletin_1905-10_12/sim_american-mathematical-society-bulletin_1905-10_12_djvu.txt	?	-
sim_american-mathematical-society-bulletin_1905-11_12	https://archive.org/download/sim_american-mathematical-society-bulletin_1905-11_12/sim_american-mathematical-society-bulletin_1905-11_12_djvu.txt	?	-
sim_american-mathematical-society-bulletin_1905-12_12	https://archive.org/download/sim_american-mathematical-society-bulletin_1905-12_12/sim_american-mathematical-society-bulletin_1905-12_12_djvu.txt	?	-
sim_american-mathematical-society-bulletin_1905-1906_12_contents	https://archive.org/download/sim_american-mathematical-society-bulletin_1905-1906_12_contents/sim_american-mathematical-society-bulletin_1905-1906_12_contents_djvu.txt	?	-
sim_american-mathematical-society-bulletin_1905-1906_12_index	https://archive.org/download/sim_american-mathematical-society-bulletin_1905-1906_12_index/sim_american-mathematical-society-bulletin_1905-1906_12_index_djvu.txt	?	-
sim_american-mathematical-society-bulletin_1906-01_12	https://archive.org/download/sim_american-mathematical-society-bulletin_1906-01_12/sim_american-mathematical-society-bulletin_1906-01_12_djvu.txt	?	-
sim_american-mathematical-society-bulletin_1906-02_12	https://archive.org/download/sim_american-mathematical-society-bulletin_1906-02_12/sim_american-mathematical-society-bulletin_1906-02_12_djvu.txt	?	-
sim_american-mathematical-society-bulletin_1906-03_12	https://archive.org/download/sim_american-mathematical-society-bulletin_1906-03_12/sim_american-mathematical-society-bulletin_1906-03_12_djvu.txt	?	-
sim_american-mathematical-society-bulletin_1906-04_12	https://archive.org/download/sim_american-mathematical-society-bulletin_1906-04_12/sim_american-mathematical-society-bulletin_1906-04_12_djvu.txt	?	-
sim_american-mathematical-society-bulletin_1906-05_12	https://archive.org/download/sim_american-mathematical-society-bulletin_1906-05_12/sim_american-mathematical-society-bulletin_1906-05_12_djvu.txt	?	-
sim_american-mathematical-society-bulletin_1906-06_12	https://archive.org/download/sim_american-mathematical-society-bulletin_1906-06_12/sim_american-mathematical-society-bulletin_1906-06_12_djvu.txt	?	-
sim_american-mathematical-society-bulletin_1906-07_12	https://archive.org/download/sim_american-mathematical-society-bulletin_1906-07_12/sim_american-mathematical-society-bulletin_1906-07_12_djvu.txt	?	-
sim_american-mathematical-society-bulletin_1906-10_13	https://archive.org/download/sim_american-mathematical-society-bulletin_1906-10_13/sim_american-mathematical-society-bulletin_1906-10_13_djvu.txt	?	-
sim_american-mathematical-society-bulletin_1906-11_13	https://archive.org/download/sim_american-mathematical-society-bulletin_1906-11_13/sim_american-mathematical-society-bulletin_1906-11_13_djvu.txt	?	-
sim_american-mathematical-society-bulletin_1906-12_13	https://archive.org/download/sim_american-mathematical-society-bulletin_1906-12_13/sim_american-mathematical-society-bulletin_1906-12_13_djvu.txt	?	-
sim_american-mathematical-society-bulletin_1906-1907_13_contents	https://archive.org/download/sim_american-mathematical-society-bulletin_1906-1907_13_contents/sim_american-mathematical-society-bulletin_1906-1907_13_contents_djvu.txt	?	-
sim_american-mathematical-society-bulletin_1906-1907_13_index	https://archive.org/download/sim_american-mathematical-society-bulletin_1906-1907_13_index/sim_american-mathematical-society-bulletin_1906-1907_13_index_djvu.txt	?	-
sim_american-mathematical-society-bulletin_1907-01_13	https://archive.org/download/sim_american-mathematical-society-bulletin_1907-01_13/sim_american-mathematical-society-bulletin_1907-01_13_djvu.txt	?	-
sim_american-mathematical-society-bulletin_1907-02_13	https://archive.org/download/sim_american-mathematical-society-bulletin_1907-02_13/sim_american-mathematical-society-bulletin_1907-02_13_djvu.txt	?	-
sim_american-mathematical-society-bulletin_1907-03_13	https://archive.org/download/sim_american-mathematical-society-bulletin_1907-03_13/sim_american-mathematical-society-bulletin_1907-03_13_djvu.txt	?	-
sim_american-mathematical-society-bulletin_1907-04_13	https://archive.org/download/sim_american-mathematical-society-bulletin_1907-04_13/sim_american-mathematical-society-bulletin_1907-04_13_djvu.txt	?	-
sim_american-mathematical-society-bulletin_1907-05_13	https://archive.org/download/sim_american-mathematical-society-bulletin_1907-05_13/sim_american-mathematical-society-bulletin_1907-05_13_djvu.txt	?	-
sim_american-mathematical-society-bulletin_1907-06_13	https://archive.org/download/sim_american-mathematical-society-bulletin_1907-06_13/sim_american-mathematical-society-bulletin_1907-06_13_djvu.txt	?	-
sim_american-mathematical-society-bulletin_1907-07_13	https://archive.org/download/sim_american-mathematical-society-bulletin_1907-07_13/sim_american-mathematical-society-bulletin_1907-07_13_djvu.txt	?	-
sim_american-mathematical-society-bulletin_1907-10_14	https://archive.org/download/sim_american-mathematical-society-bulletin_1907-10_14/sim_american-mathematical-society-bulletin_1907-10_14_djvu.txt	?	-
sim_american-mathematical-society-bulletin_1907-11_14	https://archive.org/download/sim_american-mathematical-society-bulletin_1907-11_14/sim_american-mathematical-society-bulletin_1907-11_14_djvu.txt	?	-
sim_american-mathematical-society-bulletin_1907-12_14	https://archive.org/download/sim_american-mathematical-society-bulletin_1907-12_14/sim_american-mathematical-society-bulletin_1907-12_14_djvu.txt	?	-
sim_american-mathematical-society-bulletin_1907-1908_14_contents	https://archive.org/download/sim_american-mathematical-society-bulletin_1907-1908_14_contents/sim_american-mathematical-society-bulletin_1907-1908_14_contents_djvu.txt	?	-
sim_american-mathematical-society-bulletin_1907-1908_14_index	https://archive.org/download/sim_american-mathematical-society-bulletin_1907-1908_14_index/sim_american-mathematical-society-bulletin_1907-1908_14_index_djvu.txt	?	-
sim_american-mathematical-society-bulletin_1908-01_14	https://archive.org/download/sim_american-mathematical-society-bulletin_1908-01_14/sim_american-mathematical-society-bulletin_1908-01_14_djvu.txt	?	-
sim_american-mathematical-society-bulletin_1908-02_14	https://archive.org/download/sim_american-mathematical-society-bulletin_1908-02_14/sim_american-mathematical-society-bulletin_1908-02_14_djvu.txt	?	-
sim_american-mathematical-society-bulletin_1908-03_14	https://archive.org/download/sim_american-mathematical-society-bulletin_1908-03_14/sim_american-mathematical-society-bulletin_1908-03_14_djvu.txt	?	-
sim_american-mathematical-society-bulletin_1908-04_14	https://archive.org/download/sim_american-mathematical-society-bulletin_1908-04_14/sim_american-mathematical-society-bulletin_1908-04_14_djvu.txt	?	-
sim_american-mathematical-society-bulletin_1908-05_14	https://archive.org/download/sim_american-mathematical-society-bulletin_1908-05_14/sim_american-mathematical-society-bulletin_1908-05_14_djvu.txt	?	-
sim_american-mathematical-society-bulletin_1908-06_14	https://archive.org/download/sim_american-mathematical-society-bulletin_1908-06_14/sim_american-mathematical-society-bulletin_1908-06_14_djvu.txt	?	-
sim_american-mathematical-society-bulletin_1908-07_14	https://archive.org/download/sim_american-mathematical-society-bulletin_1908-07_14/sim_american-mathematical-society-bulletin_1908-07_14_djvu.txt	?	-
sim_american-mathematical-society-bulletin_1908-10_15	https://archive.org/download/sim_american-mathematical-society-bulletin_1908-10_15/sim_american-mathematical-society-bulletin_1908-10_15_djvu.txt	?	-
sim_american-mathematical-society-bulletin_1908-11_15	https://archive.org/download/sim_american-mathematical-society-bulletin_1908-11_15/sim_american-mathematical-society-bulletin_1908-11_15_djvu.txt	?	-
sim_american-mathematical-society-bulletin_1908-12_15	https://archive.org/download/sim_american-mathematical-society-bulletin_1908-12_15/sim_american-mathematical-society-bulletin_1908-12_15_djvu.txt	?	-
sim_american-mathematical-society-bulletin_1908-1909_15_contents	https://archive.org/download/sim_american-mathematical-society-bulletin_1908-1909_15_contents/sim_american-mathematical-society-bulletin_1908-1909_15_contents_djvu.txt	?	-
sim_american-mathematical-society-bulletin_1908-1909_15_index	https://archive.org/download/sim_american-mathematical-society-bulletin_1908-1909_15_index/sim_american-mathematical-society-bulletin_1908-1909_15_index_djvu.txt	?	-
sim_american-mathematical-society-bulletin_1909-01_15	https://archive.org/download/sim_american-mathematical-society-bulletin_1909-01_15/sim_american-mathematical-society-bulletin_1909-01_15_djvu.txt	?	-
sim_american-mathematical-society-bulletin_1909-02_15	https://archive.org/download/sim_american-mathematical-society-bulletin_1909-02_15/sim_american-mathematical-society-bulletin_1909-02_15_djvu.txt	?	-
sim_american-mathematical-society-bulletin_1909-03_15	https://archive.org/download/sim_american-mathematical-society-bulletin_1909-03_15/sim_american-mathematical-society-bulletin_1909-03_15_djvu.txt	?	-
sim_american-mathematical-society-bulletin_1909-04_15	https://archive.org/download/sim_american-mathematical-society-bulletin_1909-04_15/sim_american-mathematical-society-bulletin_1909-04_15_djvu.txt	?	-
sim_american-mathematical-society-bulletin_1909-05_15	https://archive.org/download/sim_american-mathematical-society-bulletin_1909-05_15/sim_american-mathematical-society-bulletin_1909-05_15_djvu.txt	?	-
sim_american-mathematical-society-bulletin_1909-06_15	https://archive.org/download/sim_american-mathematical-society-bulletin_1909-06_15/sim_american-mathematical-society-bulletin_1909-06_15_djvu.txt	?	-
sim_american-mathematical-society-bulletin_1909-07_15	https://archive.org/download/sim_american-mathematical-society-bulletin_1909-07_15/sim_american-mathematical-society-bulletin_1909-07_15_djvu.txt	?	-
sim_american-mathematical-society-bulletin_1909-10_16	https://archive.org/download/sim_american-mathematical-society-bulletin_1909-10_16/sim_american-mathematical-society-bulletin_1909-10_16_djvu.txt	?	-
sim_american-mathematical-society-bulletin_1909-11_16	https://archive.org/download/sim_american-mathematical-society-bulletin_1909-11_16/sim_american-mathematical-society-bulletin_1909-11_16_djvu.txt	?	-
sim_american-mathematical-society-bulletin_1909-12_16	https://archive.org/download/sim_american-mathematical-society-bulletin_1909-12_16/sim_american-mathematical-society-bulletin_1909-12_16_djvu.txt	?	-
sim_american-mathematical-society-bulletin_1909-1910_16_contents	https://archive.org/download/sim_american-mathematical-society-bulletin_1909-1910_16_contents/sim_american-mathematical-society-bulletin_1909-1910_16_contents_djvu.txt	?	-
sim_american-mathematical-society-bulletin_1909-1910_16_index	https://archive.org/download/sim_american-mathematical-society-bulletin_1909-1910_16_index/sim_american-mathematical-society-bulletin_1909-1910_16_index_djvu.txt	?	-
sim_american-mathematical-society-bulletin_1910-01_16	https://archive.org/download/sim_american-mathematical-society-bulletin_1910-01_16/sim_american-mathematical-society-bulletin_1910-01_16_djvu.txt	?	-
sim_american-mathematical-society-bulletin_1910-02_16	https://archive.org/download/sim_american-mathematical-society-bulletin_1910-02_16/sim_american-mathematical-society-bulletin_1910-02_16_djvu.txt	?	-
sim_american-mathematical-society-bulletin_1910-03_16	https://archive.org/download/sim_american-mathematical-society-bulletin_1910-03_16/sim_american-mathematical-society-bulletin_1910-03_16_djvu.txt	?	-
sim_american-mathematical-society-bulletin_1910-04_16	https://archive.org/download/sim_american-mathematical-society-bulletin_1910-04_16/sim_american-mathematical-society-bulletin_1910-04_16_djvu.txt	?	-
sim_american-mathematical-society-bulletin_1910-05_16	https://archive.org/download/sim_american-mathematical-society-bulletin_1910-05_16/sim_american-mathematical-society-bulletin_1910-05_16_djvu.txt	?	-
sim_american-mathematical-society-bulletin_1910-06_16	https://archive.org/download/sim_american-mathematical-society-bulletin_1910-06_16/sim_american-mathematical-society-bulletin_1910-06_16_djvu.txt	?	-
sim_american-mathematical-society-bulletin_1910-07_16	https://archive.org/download/sim_american-mathematical-society-bulletin_1910-07_16/sim_american-mathematical-society-bulletin_1910-07_16_djvu.txt	?	-
sim_american-mathematical-society-bulletin_1910-10_17	https://archive.org/download/sim_american-mathematical-society-bulletin_1910-10_17/sim_american-mathematical-society-bulletin_1910-10_17_djvu.txt	?	-
sim_american-mathematical-society-bulletin_1910-11_17	https://archive.org/download/sim_american-mathematical-society-bulletin_1910-11_17/sim_american-mathematical-society-bulletin_1910-11_17_djvu.txt	?	-
sim_american-mathematical-society-bulletin_1910-12_17	https://archive.org/download/sim_american-mathematical-society-bulletin_1910-12_17/sim_american-mathematical-society-bulletin_1910-12_17_djvu.txt	?	-
sim_american-mathematical-society-bulletin_1910-1911_17_contents	https://archive.org/download/sim_american-mathematical-society-bulletin_1910-1911_17_contents/sim_american-mathematical-society-bulletin_1910-1911_17_contents_djvu.txt	?	-
sim_american-mathematical-society-bulletin_1910-1911_17_index	https://archive.org/download/sim_american-mathematical-society-bulletin_1910-1911_17_index/sim_american-mathematical-society-bulletin_1910-1911_17_index_djvu.txt	?	-
sim_american-mathematical-society-bulletin_1911-01_17	https://archive.org/download/sim_american-mathematical-society-bulletin_1911-01_17/sim_american-mathematical-society-bulletin_1911-01_17_djvu.txt	?	-
sim_american-mathematical-society-bulletin_1911-02_17	https://archive.org/download/sim_american-mathematical-society-bulletin_1911-02_17/sim_american-mathematical-society-bulletin_1911-02_17_djvu.txt	?	-
sim_american-mathematical-society-bulletin_1911-03_17	https://archive.org/download/sim_american-mathematical-society-bulletin_1911-03_17/sim_american-mathematical-society-bulletin_1911-03_17_djvu.txt	?	-
sim_american-mathematical-society-bulletin_1911-04_17	https://archive.org/download/sim_american-mathematical-society-bulletin_1911-04_17/sim_american-mathematical-society-bulletin_1911-04_17_djvu.txt	?	-
sim_american-mathematical-society-bulletin_1911-05_17	https://archive.org/download/sim_american-mathematical-society-bulletin_1911-05_17/sim_american-mathematical-society-bulletin_1911-05_17_djvu.txt	?	-
sim_american-mathematical-society-bulletin_1911-06_17	https://archive.org/download/sim_american-mathematical-society-bulletin_1911-06_17/sim_american-mathematical-society-bulletin_1911-06_17_djvu.txt	?	-
sim_american-mathematical-society-bulletin_1911-07_17	https://archive.org/download/sim_american-mathematical-society-bulletin_1911-07_17/sim_american-mathematical-society-bulletin_1911-07_17_djvu.txt	?	-
sim_american-mathematical-society-bulletin_1911-10_18	https://archive.org/download/sim_american-mathematical-society-bulletin_1911-10_18/sim_american-mathematical-society-bulletin_1911-10_18_djvu.txt	?	-
sim_american-mathematical-society-bulletin_1911-11_18	https://archive.org/download/sim_american-mathematical-society-bulletin_1911-11_18/sim_american-mathematical-society-bulletin_1911-11_18_djvu.txt	?	-
sim_american-mathematical-society-bulletin_1911-12_18	https://archive.org/download/sim_american-mathematical-society-bulletin_1911-12_18/sim_american-mathematical-society-bulletin_1911-12_18_djvu.txt	?	-
sim_american-mathematical-society-bulletin_1911-1912_18_contents	https://archive.org/download/sim_american-mathematical-society-bulletin_1911-1912_18_contents/sim_american-mathematical-society-bulletin_1911-1912_18_contents_djvu.txt	?	-
sim_american-mathematical-society-bulletin_1911-1912_18_index	https://archive.org/download/sim_american-mathematical-society-bulletin_1911-1912_18_index/sim_american-mathematical-society-bulletin_1911-1912_18_index_djvu.txt	?	-
sim_american-mathematical-society-bulletin_1912-01_18	https://archive.org/download/sim_american-mathematical-society-bulletin_1912-01_18/sim_american-mathematical-society-bulletin_1912-01_18_djvu.txt	?	-
sim_american-mathematical-society-bulletin_1912-02_18	https://archive.org/download/sim_american-mathematical-society-bulletin_1912-02_18/sim_american-mathematical-society-bulletin_1912-02_18_djvu.txt	?	-
sim_american-mathematical-society-bulletin_1912-03_18	https://archive.org/download/sim_american-mathematical-society-bulletin_1912-03_18/sim_american-mathematical-society-bulletin_1912-03_18_djvu.txt	?	-
sim_american-mathematical-society-bulletin_1912-04_18	https://archive.org/download/sim_american-mathematical-society-bulletin_1912-04_18/sim_american-mathematical-society-bulletin_1912-04_18_djvu.txt	?	-
sim_american-mathematical-society-bulletin_1912-05_18	https://archive.org/download/sim_american-mathematical-society-bulletin_1912-05_18/sim_american-mathematical-society-bulletin_1912-05_18_djvu.txt	?	-
sim_american-mathematical-society-bulletin_1912-06_18	https://archive.org/download/sim_american-mathematical-society-bulletin_1912-06_18/sim_american-mathematical-society-bulletin_1912-06_18_djvu.txt	?	-
sim_american-mathematical-society-bulletin_1912-07_18	https://archive.org/download/sim_american-mathematical-society-bulletin_1912-07_18/sim_american-mathematical-society-bulletin_1912-07_18_djvu.txt	?	-
sim_american-mathematical-society-bulletin_1912-10_19	https://archive.org/download/sim_american-mathematical-society-bulletin_1912-10_19/sim_american-mathematical-society-bulletin_1912-10_19_djvu.txt	?	-
sim_american-mathematical-society-bulletin_1912-11_19	https://archive.org/download/sim_american-mathematical-society-bulletin_1912-11_19/sim_american-mathematical-society-bulletin_1912-11_19_djvu.txt	?	-
sim_american-mathematical-society-bulletin_1912-12_19	https://archive.org/download/sim_american-mathematical-society-bulletin_1912-12_19/sim_american-mathematical-society-bulletin_1912-12_19_djvu.txt	?	-
sim_american-mathematical-society-bulletin_1912-1913_19_contents	https://archive.org/download/sim_american-mathematical-society-bulletin_1912-1913_19_contents/sim_american-mathematical-society-bulletin_1912-1913_19_contents_djvu.txt	?	-
sim_american-mathematical-society-bulletin_1912-1913_19_index	https://archive.org/download/sim_american-mathematical-society-bulletin_1912-1913_19_index/sim_american-mathematical-society-bulletin_1912-1913_19_index_djvu.txt	?	-
sim_american-mathematical-society-bulletin_1913-01_19	https://archive.org/download/sim_american-mathematical-society-bulletin_1913-01_19/sim_american-mathematical-society-bulletin_1913-01_19_djvu.txt	?	-
sim_american-mathematical-society-bulletin_1913-02_19	https://archive.org/download/sim_american-mathematical-society-bulletin_1913-02_19/sim_american-mathematical-society-bulletin_1913-02_19_djvu.txt	?	-
sim_american-mathematical-society-bulletin_1913-03_19	https://archive.org/download/sim_american-mathematical-society-bulletin_1913-03_19/sim_american-mathematical-society-bulletin_1913-03_19_djvu.txt	?	-
sim_american-mathematical-society-bulletin_1913-04_19	https://archive.org/download/sim_american-mathematical-society-bulletin_1913-04_19/sim_american-mathematical-society-bulletin_1913-04_19_djvu.txt	?	-
sim_american-mathematical-society-bulletin_1913-05_19	https://archive.org/download/sim_american-mathematical-society-bulletin_1913-05_19/sim_american-mathematical-society-bulletin_1913-05_19_djvu.txt	?	-
sim_american-mathematical-society-bulletin_1913-06_19	https://archive.org/download/sim_american-mathematical-society-bulletin_1913-06_19/sim_american-mathematical-society-bulletin_1913-06_19_djvu.txt	?	-
sim_american-mathematical-society-bulletin_1913-07_19	https://archive.org/download/sim_american-mathematical-society-bulletin_1913-07_19/sim_american-mathematical-society-bulletin_1913-07_19_djvu.txt	?	-
sim_american-mathematical-society-bulletin_1913-11_20	https://archive.org/download/sim_american-mathematical-society-bulletin_1913-11_20/sim_american-mathematical-society-bulletin_1913-11_20_djvu.txt	?	-
sim_american-mathematical-society-bulletin_1913-12_20	https://archive.org/download/sim_american-mathematical-society-bulletin_1913-12_20/sim_american-mathematical-society-bulletin_1913-12_20_djvu.txt	?	-
sim_american-mathematical-society-bulletin_1913-1914_20_contents	https://archive.org/download/sim_american-mathematical-society-bulletin_1913-1914_20_contents/sim_american-mathematical-society-bulletin_1913-1914_20_contents_djvu.txt	?	-
sim_american-mathematical-society-bulletin_1913-1914_20_index	https://archive.org/download/sim_american-mathematical-society-bulletin_1913-1914_20_index/sim_american-mathematical-society-bulletin_1913-1914_20_index_djvu.txt	?	-
sim_american-mathematical-society-bulletin_1914-01_20	https://archive.org/download/sim_american-mathematical-society-bulletin_1914-01_20/sim_american-mathematical-society-bulletin_1914-01_20_djvu.txt	?	-
sim_american-mathematical-society-bulletin_1914-02_20	https://archive.org/download/sim_american-mathematical-society-bulletin_1914-02_20/sim_american-mathematical-society-bulletin_1914-02_20_djvu.txt	?	-
sim_american-mathematical-society-bulletin_1914-03_20	https://archive.org/download/sim_american-mathematical-society-bulletin_1914-03_20/sim_american-mathematical-society-bulletin_1914-03_20_djvu.txt	?	-
sim_american-mathematical-society-bulletin_1914-04_20	https://archive.org/download/sim_american-mathematical-society-bulletin_1914-04_20/sim_american-mathematical-society-bulletin_1914-04_20_djvu.txt	?	-
sim_american-mathematical-society-bulletin_1914-05_20	https://archive.org/download/sim_american-mathematical-society-bulletin_1914-05_20/sim_american-mathematical-society-bulletin_1914-05_20_djvu.txt	?	-
sim_american-mathematical-society-bulletin_1914-06_20	https://archive.org/download/sim_american-mathematical-society-bulletin_1914-06_20/sim_american-mathematical-society-bulletin_1914-06_20_djvu.txt	?	-
sim_american-mathematical-society-bulletin_1914-07_20	https://archive.org/download/sim_american-mathematical-society-bulletin_1914-07_20/sim_american-mathematical-society-bulletin_1914-07_20_djvu.txt	?	-
sim_american-mathematical-society-bulletin_1914-10_21	https://archive.org/download/sim_american-mathematical-society-bulletin_1914-10_21/sim_american-mathematical-society-bulletin_1914-10_21_djvu.txt	?	-
sim_american-mathematical-society-bulletin_1914-11_21	https://archive.org/download/sim_american-mathematical-society-bulletin_1914-11_21/sim_american-mathematical-society-bulletin_1914-11_21_djvu.txt	?	-
sim_american-mathematical-society-bulletin_1914-12_21	https://archive.org/download/sim_american-mathematical-society-bulletin_1914-12_21/sim_american-mathematical-society-bulletin_1914-12_21_djvu.txt	?	-
sim_american-mathematical-society-bulletin_1914-1915_21_index-contents	https://archive.org/download/sim_american-mathematical-society-bulletin_1914-1915_21_index-contents/sim_american-mathematical-society-bulletin_1914-1915_21_index-contents_djvu.txt	?	-
sim_american-mathematical-society-bulletin_1915-01_21	https://archive.org/download/sim_american-mathematical-society-bulletin_1915-01_21/sim_american-mathematical-society-bulletin_1915-01_21_djvu.txt	?	-
sim_american-mathematical-society-bulletin_1915-02_21	https://archive.org/download/sim_american-mathematical-society-bulletin_1915-02_21/sim_american-mathematical-society-bulletin_1915-02_21_djvu.txt	?	-
sim_american-mathematical-society-bulletin_1915-03_21	https://archive.org/download/sim_american-mathematical-society-bulletin_1915-03_21/sim_american-mathematical-society-bulletin_1915-03_21_djvu.txt	?	-
sim_american-mathematical-society-bulletin_1915-04_21	https://archive.org/download/sim_american-mathematical-society-bulletin_1915-04_21/sim_american-mathematical-society-bulletin_1915-04_21_djvu.txt	?	-
sim_american-mathematical-society-bulletin_1915-05_21	https://archive.org/download/sim_american-mathematical-society-bulletin_1915-05_21/sim_american-mathematical-society-bulletin_1915-05_21_djvu.txt	?	-
sim_american-mathematical-society-bulletin_1915-06_21	https://archive.org/download/sim_american-mathematical-society-bulletin_1915-06_21/sim_american-mathematical-society-bulletin_1915-06_21_djvu.txt	?	-
sim_american-mathematical-society-bulletin_1915-07_21	https://archive.org/download/sim_american-mathematical-society-bulletin_1915-07_21/sim_american-mathematical-society-bulletin_1915-07_21_djvu.txt	?	-
sim_american-mathematical-society-bulletin_1915-10_22	https://archive.org/download/sim_american-mathematical-society-bulletin_1915-10_22/sim_american-mathematical-society-bulletin_1915-10_22_djvu.txt	?	-
sim_american-mathematical-society-bulletin_1915-11_22	https://archive.org/download/sim_american-mathematical-society-bulletin_1915-11_22/sim_american-mathematical-society-bulletin_1915-11_22_djvu.txt	?	-
sim_american-mathematical-society-bulletin_1915-12_22	https://archive.org/download/sim_american-mathematical-society-bulletin_1915-12_22/sim_american-mathematical-society-bulletin_1915-12_22_djvu.txt	?	-
sim_american-mathematical-society-bulletin_1915-1916_22_index-contents	https://archive.org/download/sim_american-mathematical-society-bulletin_1915-1916_22_index-contents/sim_american-mathematical-society-bulletin_1915-1916_22_index-contents_djvu.txt	?	-
sim_american-mathematical-society-bulletin_1916-01_22	https://archive.org/download/sim_american-mathematical-society-bulletin_1916-01_22/sim_american-mathematical-society-bulletin_1916-01_22_djvu.txt	?	-
sim_american-mathematical-society-bulletin_1916-02_22	https://archive.org/download/sim_american-mathematical-society-bulletin_1916-02_22/sim_american-mathematical-society-bulletin_1916-02_22_djvu.txt	?	-
sim_american-mathematical-society-bulletin_1916-03_22	https://archive.org/download/sim_american-mathematical-society-bulletin_1916-03_22/sim_american-mathematical-society-bulletin_1916-03_22_djvu.txt	?	-
sim_american-mathematical-society-bulletin_1916-04_22	https://archive.org/download/sim_american-mathematical-society-bulletin_1916-04_22/sim_american-mathematical-society-bulletin_1916-04_22_djvu.txt	?	-
sim_american-mathematical-society-bulletin_1916-05_22	https://archive.org/download/sim_american-mathematical-society-bulletin_1916-05_22/sim_american-mathematical-society-bulletin_1916-05_22_djvu.txt	?	-
sim_american-mathematical-society-bulletin_1916-06_22	https://archive.org/download/sim_american-mathematical-society-bulletin_1916-06_22/sim_american-mathematical-society-bulletin_1916-06_22_djvu.txt	?	-
sim_american-mathematical-society-bulletin_1916-07_22	https://archive.org/download/sim_american-mathematical-society-bulletin_1916-07_22/sim_american-mathematical-society-bulletin_1916-07_22_djvu.txt	?	-
sim_american-mathematical-society-bulletin_1916-10_23	https://archive.org/download/sim_american-mathematical-society-bulletin_1916-10_23/sim_american-mathematical-society-bulletin_1916-10_23_djvu.txt	?	-
sim_american-mathematical-society-bulletin_1916-11_23	https://archive.org/download/sim_american-mathematical-society-bulletin_1916-11_23/sim_american-mathematical-society-bulletin_1916-11_23_djvu.txt	?	-
sim_american-mathematical-society-bulletin_1916-12_23	https://archive.org/download/sim_american-mathematical-society-bulletin_1916-12_23/sim_american-mathematical-society-bulletin_1916-12_23_djvu.txt	?	-
sim_american-mathematical-society-bulletin_1916-1917_23_index-contents	https://archive.org/download/sim_american-mathematical-society-bulletin_1916-1917_23_index-contents/sim_american-mathematical-society-bulletin_1916-1917_23_index-contents_djvu.txt	?	-
sim_american-mathematical-society-bulletin_1917-01_23	https://archive.org/download/sim_american-mathematical-society-bulletin_1917-01_23/sim_american-mathematical-society-bulletin_1917-01_23_djvu.txt	?	-
sim_american-mathematical-society-bulletin_1917-02_23	https://archive.org/download/sim_american-mathematical-society-bulletin_1917-02_23/sim_american-mathematical-society-bulletin_1917-02_23_djvu.txt	?	-
sim_american-mathematical-society-bulletin_1917-03_23	https://archive.org/download/sim_american-mathematical-society-bulletin_1917-03_23/sim_american-mathematical-society-bulletin_1917-03_23_djvu.txt	?	-
sim_american-mathematical-society-bulletin_1917-04_23	https://archive.org/download/sim_american-mathematical-society-bulletin_1917-04_23/sim_american-mathematical-society-bulletin_1917-04_23_djvu.txt	?	-
sim_american-mathematical-society-bulletin_1917-05_23	https://archive.org/download/sim_american-mathematical-society-bulletin_1917-05_23/sim_american-mathematical-society-bulletin_1917-05_23_djvu.txt	?	-
sim_american-mathematical-society-bulletin_1917-06_23	https://archive.org/download/sim_american-mathematical-society-bulletin_1917-06_23/sim_american-mathematical-society-bulletin_1917-06_23_djvu.txt	?	-
sim_american-mathematical-society-bulletin_1917-07_23	https://archive.org/download/sim_american-mathematical-society-bulletin_1917-07_23/sim_american-mathematical-society-bulletin_1917-07_23_djvu.txt	?	-
sim_american-mathematical-society-bulletin_1917-10_24	https://archive.org/download/sim_american-mathematical-society-bulletin_1917-10_24/sim_american-mathematical-society-bulletin_1917-10_24_djvu.txt	?	-
sim_american-mathematical-society-bulletin_1917-11_24	https://archive.org/download/sim_american-mathematical-society-bulletin_1917-11_24/sim_american-mathematical-society-bulletin_1917-11_24_djvu.txt	?	-
sim_american-mathematical-society-bulletin_1917-12_24	https://archive.org/download/sim_american-mathematical-society-bulletin_1917-12_24/sim_american-mathematical-society-bulletin_1917-12_24_djvu.txt	?	-
sim_american-mathematical-society-bulletin_1917-1918_24_index-contents	https://archive.org/download/sim_american-mathematical-society-bulletin_1917-1918_24_index-contents/sim_american-mathematical-society-bulletin_1917-1918_24_index-contents_djvu.txt	?	-
sim_american-mathematical-society-bulletin_1918-01_24	https://archive.org/download/sim_american-mathematical-society-bulletin_1918-01_24/sim_american-mathematical-society-bulletin_1918-01_24_djvu.txt	?	-
sim_american-mathematical-society-bulletin_1918-02_24	https://archive.org/download/sim_american-mathematical-society-bulletin_1918-02_24/sim_american-mathematical-society-bulletin_1918-02_24_djvu.txt	?	-
sim_american-mathematical-society-bulletin_1918-03_24	https://archive.org/download/sim_american-mathematical-society-bulletin_1918-03_24/sim_american-mathematical-society-bulletin_1918-03_24_djvu.txt	?	-
sim_american-mathematical-society-bulletin_1918-04_24	https://archive.org/download/sim_american-mathematical-society-bulletin_1918-04_24/sim_american-mathematical-society-bulletin_1918-04_24_djvu.txt	?	-
sim_american-mathematical-society-bulletin_1918-05_24	https://archive.org/download/sim_american-mathematical-society-bulletin_1918-05_24/sim_american-mathematical-society-bulletin_1918-05_24_djvu.txt	?	-
sim_american-mathematical-society-bulletin_1918-06_24	https://archive.org/download/sim_american-mathematical-society-bulletin_1918-06_24/sim_american-mathematical-society-bulletin_1918-06_24_djvu.txt	?	-
sim_american-mathematical-society-bulletin_1918-07_24	https://archive.org/download/sim_american-mathematical-society-bulletin_1918-07_24/sim_american-mathematical-society-bulletin_1918-07_24_djvu.txt	?	-
sim_american-mathematical-society-bulletin_1918-10_25	https://archive.org/download/sim_american-mathematical-society-bulletin_1918-10_25/sim_american-mathematical-society-bulletin_1918-10_25_djvu.txt	?	-
sim_american-mathematical-society-bulletin_1918-11_25	https://archive.org/download/sim_american-mathematical-society-bulletin_1918-11_25/sim_american-mathematical-society-bulletin_1918-11_25_djvu.txt	?	-
sim_american-mathematical-society-bulletin_1918-12_25	https://archive.org/download/sim_american-mathematical-society-bulletin_1918-12_25/sim_american-mathematical-society-bulletin_1918-12_25_djvu.txt	?	-
sim_american-mathematical-society-bulletin_1918-1919_25_contents	https://archive.org/download/sim_american-mathematical-society-bulletin_1918-1919_25_contents/sim_american-mathematical-society-bulletin_1918-1919_25_contents_djvu.txt	?	-
sim_american-mathematical-society-bulletin_1918-1919_25_index	https://archive.org/download/sim_american-mathematical-society-bulletin_1918-1919_25_index/sim_american-mathematical-society-bulletin_1918-1919_25_index_djvu.txt	?	-
sim_american-mathematical-society-bulletin_1919-01_25	https://archive.org/download/sim_american-mathematical-society-bulletin_1919-01_25/sim_american-mathematical-society-bulletin_1919-01_25_djvu.txt	?	-
sim_american-mathematical-society-bulletin_1919-02_25	https://archive.org/download/sim_american-mathematical-society-bulletin_1919-02_25/sim_american-mathematical-society-bulletin_1919-02_25_djvu.txt	?	-
sim_american-mathematical-society-bulletin_1919-03_25	https://archive.org/download/sim_american-mathematical-society-bulletin_1919-03_25/sim_american-mathematical-society-bulletin_1919-03_25_djvu.txt	?	-
sim_american-mathematical-society-bulletin_1919-04_25	https://archive.org/download/sim_american-mathematical-society-bulletin_1919-04_25/sim_american-mathematical-society-bulletin_1919-04_25_djvu.txt	?	-
sim_american-mathematical-society-bulletin_1919-05_25	https://archive.org/download/sim_american-mathematical-society-bulletin_1919-05_25/sim_american-mathematical-society-bulletin_1919-05_25_djvu.txt	?	-
sim_american-mathematical-society-bulletin_1919-06_25	https://archive.org/download/sim_american-mathematical-society-bulletin_1919-06_25/sim_american-mathematical-society-bulletin_1919-06_25_djvu.txt	?	-
sim_american-mathematical-society-bulletin_1919-07_25	https://archive.org/download/sim_american-mathematical-society-bulletin_1919-07_25/sim_american-mathematical-society-bulletin_1919-07_25_djvu.txt	?	-
sim_american-mathematical-society-bulletin_1919-10_26	https://archive.org/download/sim_american-mathematical-society-bulletin_1919-10_26/sim_american-mathematical-society-bulletin_1919-10_26_djvu.txt	?	-
sim_american-mathematical-society-bulletin_1919-11_26	https://archive.org/download/sim_american-mathematical-society-bulletin_1919-11_26/sim_american-mathematical-society-bulletin_1919-11_26_djvu.txt	?	-
sim_american-mathematical-society-bulletin_1919-12_26	https://archive.org/download/sim_american-mathematical-society-bulletin_1919-12_26/sim_american-mathematical-society-bulletin_1919-12_26_djvu.txt	?	-
sim_american-mathematical-society-bulletin_1919-1920_26_contents	https://archive.org/download/sim_american-mathematical-society-bulletin_1919-1920_26_contents/sim_american-mathematical-society-bulletin_1919-1920_26_contents_djvu.txt	?	-
sim_american-mathematical-society-bulletin_1919-1920_26_index	https://archive.org/download/sim_american-mathematical-society-bulletin_1919-1920_26_index/sim_american-mathematical-society-bulletin_1919-1920_26_index_djvu.txt	?	-
sim_american-mathematical-society-bulletin_1920-01_26	https://archive.org/download/sim_american-mathematical-society-bulletin_1920-01_26/sim_american-mathematical-society-bulletin_1920-01_26_djvu.txt	?	-
sim_american-mathematical-society-bulletin_1920-02_26	https://archive.org/download/sim_american-mathematical-society-bulletin_1920-02_26/sim_american-mathematical-society-bulletin_1920-02_26_djvu.txt	?	-
sim_american-mathematical-society-bulletin_1920-03_26	https://archive.org/download/sim_american-mathematical-society-bulletin_1920-03_26/sim_american-mathematical-society-bulletin_1920-03_26_djvu.txt	?	-
sim_american-mathematical-society-bulletin_1920-04_26	https://archive.org/download/sim_american-mathematical-society-bulletin_1920-04_26/sim_american-mathematical-society-bulletin_1920-04_26_djvu.txt	?	-
sim_american-mathematical-society-bulletin_1920-05_26	https://archive.org/download/sim_american-mathematical-society-bulletin_1920-05_26/sim_american-mathematical-society-bulletin_1920-05_26_djvu.txt	?	-
sim_american-mathematical-society-bulletin_1920-06_26	https://archive.org/download/sim_american-mathematical-society-bulletin_1920-06_26/sim_american-mathematical-society-bulletin_1920-06_26_djvu.txt	?	-
sim_american-mathematical-society-bulletin_1920-07_26	https://archive.org/download/sim_american-mathematical-society-bulletin_1920-07_26/sim_american-mathematical-society-bulletin_1920-07_26_djvu.txt	?	-
sim_american-mathematical-society-bulletin_1920-10_27	https://archive.org/download/sim_american-mathematical-society-bulletin_1920-10_27/sim_american-mathematical-society-bulletin_1920-10_27_djvu.txt	?	-
sim_american-mathematical-society-bulletin_1920-11_27	https://archive.org/download/sim_american-mathematical-society-bulletin_1920-11_27/sim_american-mathematical-society-bulletin_1920-11_27_djvu.txt	?	-
sim_american-mathematical-society-bulletin_1920-12_27	https://archive.org/download/sim_american-mathematical-society-bulletin_1920-12_27/sim_american-mathematical-society-bulletin_1920-12_27_djvu.txt	?	-
sim_american-mathematical-society-bulletin_1920-1921_27_contents	https://archive.org/download/sim_american-mathematical-society-bulletin_1920-1921_27_contents/sim_american-mathematical-society-bulletin_1920-1921_27_contents_djvu.txt	?	-
sim_american-mathematical-society-bulletin_1920-1921_27_index	https://archive.org/download/sim_american-mathematical-society-bulletin_1920-1921_27_index/sim_american-mathematical-society-bulletin_1920-1921_27_index_djvu.txt	?	-
sim_american-mathematical-society-bulletin_1921-01_27	https://archive.org/download/sim_american-mathematical-society-bulletin_1921-01_27/sim_american-mathematical-society-bulletin_1921-01_27_djvu.txt	?	-
sim_american-mathematical-society-bulletin_1921-02_27	https://archive.org/download/sim_american-mathematical-society-bulletin_1921-02_27/sim_american-mathematical-society-bulletin_1921-02_27_djvu.txt	?	-
sim_american-mathematical-society-bulletin_1921-03_27	https://archive.org/download/sim_american-mathematical-society-bulletin_1921-03_27/sim_american-mathematical-society-bulletin_1921-03_27_djvu.txt	?	-
sim_american-mathematical-society-bulletin_1921-04_27	https://archive.org/download/sim_american-mathematical-society-bulletin_1921-04_27/sim_american-mathematical-society-bulletin_1921-04_27_djvu.txt	?	-
sim_american-mathematical-society-bulletin_1921-05_27	https://archive.org/download/sim_american-mathematical-society-bulletin_1921-05_27/sim_american-mathematical-society-bulletin_1921-05_27_djvu.txt	?	-
sim_american-mathematical-society-bulletin_1922-03_28	https://archive.org/download/sim_american-mathematical-society-bulletin_1922-03_28/sim_american-mathematical-society-bulletin_1922-03_28_djvu.txt	?	-
sim_american-mathematical-society-bulletin_1922-06_28	https://archive.org/download/sim_american-mathematical-society-bulletin_1922-06_28/sim_american-mathematical-society-bulletin_1922-06_28_djvu.txt	?	-
sim_american-mathematical-society-bulletin_1922-07_28	https://archive.org/download/sim_american-mathematical-society-bulletin_1922-07_28/sim_american-mathematical-society-bulletin_1922-07_28_djvu.txt	?	-
sim_american-mathematical-society-bulletin_1922-10_28	https://archive.org/download/sim_american-mathematical-society-bulletin_1922-10_28/sim_american-mathematical-society-bulletin_1922-10_28_djvu.txt	?	-
sim_american-mathematical-society-bulletin_1922-11_28	https://archive.org/download/sim_american-mathematical-society-bulletin_1922-11_28/sim_american-mathematical-society-bulletin_1922-11_28_djvu.txt	?	-
sim_american-mathematical-society-bulletin_1922-12_28	https://archive.org/download/sim_american-mathematical-society-bulletin_1922-12_28/sim_american-mathematical-society-bulletin_1922-12_28_djvu.txt	?	-
sim_american-mathematical-society-bulletin_1922_28_contents	https://archive.org/download/sim_american-mathematical-society-bulletin_1922_28_contents/sim_american-mathematical-society-bulletin_1922_28_contents_djvu.txt	?	-
sim_american-mathematical-society-bulletin_1922_28_index	https://archive.org/download/sim_american-mathematical-society-bulletin_1922_28_index/sim_american-mathematical-society-bulletin_1922_28_index_djvu.txt	?	-
sim_american-mathematical-society-bulletin_1923-01_29	https://archive.org/download/sim_american-mathematical-society-bulletin_1923-01_29/sim_american-mathematical-society-bulletin_1923-01_29_djvu.txt	?	-
sim_american-mathematical-society-bulletin_1923-02_29	https://archive.org/download/sim_american-mathematical-society-bulletin_1923-02_29/sim_american-mathematical-society-bulletin_1923-02_29_djvu.txt	?	-
sim_american-mathematical-society-bulletin_1923-03_29	https://archive.org/download/sim_american-mathematical-society-bulletin_1923-03_29/sim_american-mathematical-society-bulletin_1923-03_29_djvu.txt	?	-
sim_american-mathematical-society-bulletin_1923-04_29	https://archive.org/download/sim_american-mathematical-society-bulletin_1923-04_29/sim_american-mathematical-society-bulletin_1923-04_29_djvu.txt	?	-
sim_american-mathematical-society-bulletin_1923-05_29	https://archive.org/download/sim_american-mathematical-society-bulletin_1923-05_29/sim_american-mathematical-society-bulletin_1923-05_29_djvu.txt	?	-
sim_american-mathematical-society-bulletin_1923-06_29	https://archive.org/download/sim_american-mathematical-society-bulletin_1923-06_29/sim_american-mathematical-society-bulletin_1923-06_29_djvu.txt	?	-
sim_american-mathematical-society-bulletin_1923-07_29	https://archive.org/download/sim_american-mathematical-society-bulletin_1923-07_29/sim_american-mathematical-society-bulletin_1923-07_29_djvu.txt	?	-
sim_american-mathematical-society-bulletin_1923-10_29	https://archive.org/download/sim_american-mathematical-society-bulletin_1923-10_29/sim_american-mathematical-society-bulletin_1923-10_29_djvu.txt	?	-
sim_american-mathematical-society-bulletin_1923-11_29	https://archive.org/download/sim_american-mathematical-society-bulletin_1923-11_29/sim_american-mathematical-society-bulletin_1923-11_29_djvu.txt	?	-
sim_american-mathematical-society-bulletin_1923-12_29	https://archive.org/download/sim_american-mathematical-society-bulletin_1923-12_29/sim_american-mathematical-society-bulletin_1923-12_29_djvu.txt	?	-
sim_american-mathematical-society-bulletin_1923_29_index	https://archive.org/download/sim_american-mathematical-society-bulletin_1923_29_index/sim_american-mathematical-society-bulletin_1923_29_index_djvu.txt	?	-
sim_american-mathematical-society-bulletin_1924-07_30	https://archive.org/download/sim_american-mathematical-society-bulletin_1924-07_30/sim_american-mathematical-society-bulletin_1924-07_30_djvu.txt	?	-
sim_american-mathematical-society-bulletin_1924-10_30	https://archive.org/download/sim_american-mathematical-society-bulletin_1924-10_30/sim_american-mathematical-society-bulletin_1924-10_30_djvu.txt	?	-
sim_american-mathematical-society-bulletin_1924-11_30	https://archive.org/download/sim_american-mathematical-society-bulletin_1924-11_30/sim_american-mathematical-society-bulletin_1924-11_30_djvu.txt	?	-
sim_american-mathematical-society-bulletin_1924-12_30	https://archive.org/download/sim_american-mathematical-society-bulletin_1924-12_30/sim_american-mathematical-society-bulletin_1924-12_30_djvu.txt	?	-
sim_american-mathematical-society-bulletin_1924_30_contents	https://archive.org/download/sim_american-mathematical-society-bulletin_1924_30_contents/sim_american-mathematical-society-bulletin_1924_30_contents_djvu.txt	?	-
sim_american-mathematical-society-bulletin_1924_30_index	https://archive.org/download/sim_american-mathematical-society-bulletin_1924_30_index/sim_american-mathematical-society-bulletin_1924_30_index_djvu.txt	?	-
sim_american-mathematical-society-bulletin_1925-07_31	https://archive.org/download/sim_american-mathematical-society-bulletin_1925-07_31/sim_american-mathematical-society-bulletin_1925-07_31_djvu.txt	?	-
sim_american-mathematical-society-bulletin_1925-10_31	https://archive.org/download/sim_american-mathematical-society-bulletin_1925-10_31/sim_american-mathematical-society-bulletin_1925-10_31_djvu.txt	?	-
sim_american-mathematical-society-bulletin_1925_31_contents	https://archive.org/download/sim_american-mathematical-society-bulletin_1925_31_contents/sim_american-mathematical-society-bulletin_1925_31_contents_djvu.txt	?	-
sim_american-mathematical-society-bulletin_1925_31_index	https://archive.org/download/sim_american-mathematical-society-bulletin_1925_31_index/sim_american-mathematical-society-bulletin_1925_31_index_djvu.txt	?	-
sim_american-mathematical-society-bulletin_1926_32_contents	https://archive.org/download/sim_american-mathematical-society-bulletin_1926_32_contents/sim_american-mathematical-society-bulletin_1926_32_contents_djvu.txt	?	-
sim_american-mathematical-society-bulletin_1926_32_index	https://archive.org/download/sim_american-mathematical-society-bulletin_1926_32_index/sim_american-mathematical-society-bulletin_1926_32_index_djvu.txt	?	-
sim_american-mathematical-society-bulletin_1927_33_index	https://archive.org/download/sim_american-mathematical-society-bulletin_1927_33_index/sim_american-mathematical-society-bulletin_1927_33_index_djvu.txt	?	-
sim_american-mathematical-society-bulletin_1928_34_index	https://archive.org/download/sim_american-mathematical-society-bulletin_1928_34_index/sim_american-mathematical-society-bulletin_1928_34_index_djvu.txt	?	-
sim_american-mathematical-society-bulletin_1929_35_index	https://archive.org/download/sim_american-mathematical-society-bulletin_1929_35_index/sim_american-mathematical-society-bulletin_1929_35_index_djvu.txt	?	-
sim_american-mathematical-society-bulletin_1930-01_36_1	https://archive.org/download/sim_american-mathematical-society-bulletin_1930-01_36_1/sim_american-mathematical-society-bulletin_1930-01_36_1_djvu.txt	?	-
sim_american-mathematical-society-bulletin_1930-02_36_2	https://archive.org/download/sim_american-mathematical-society-bulletin_1930-02_36_2/sim_american-mathematical-society-bulletin_1930-02_36_2_djvu.txt	?	-
sim_american-mathematical-society-bulletin_1930-03_36_3	https://archive.org/download/sim_american-mathematical-society-bulletin_1930-03_36_3/sim_american-mathematical-society-bulletin_1930-03_36_3_djvu.txt	?	-
sim_american-mathematical-society-bulletin_1930-04_36_4	https://archive.org/download/sim_american-mathematical-society-bulletin_1930-04_36_4/sim_american-mathematical-society-bulletin_1930-04_36_4_djvu.txt	?	-
sim_american-mathematical-society-bulletin_1930-05_36_5	https://archive.org/download/sim_american-mathematical-society-bulletin_1930-05_36_5/sim_american-mathematical-society-bulletin_1930-05_36_5_djvu.txt	?	-
sim_american-mathematical-society-bulletin_1930-06_36_6	https://archive.org/download/sim_american-mathematical-society-bulletin_1930-06_36_6/sim_american-mathematical-society-bulletin_1930-06_36_6_djvu.txt	?	-
sim_american-mathematical-society-bulletin_1930-07_36_7	https://archive.org/download/sim_american-mathematical-society-bulletin_1930-07_36_7/sim_american-mathematical-society-bulletin_1930-07_36_7_djvu.txt	?	-
sim_american-mathematical-society-bulletin_1930-08_36_8	https://archive.org/download/sim_american-mathematical-society-bulletin_1930-08_36_8/sim_american-mathematical-society-bulletin_1930-08_36_8_djvu.txt	?	-
sim_american-mathematical-society-bulletin_1930-09_36_9	https://archive.org/download/sim_american-mathematical-society-bulletin_1930-09_36_9/sim_american-mathematical-society-bulletin_1930-09_36_9_djvu.txt	?	-
sim_american-mathematical-society-bulletin_1930-10_36_10	https://archive.org/download/sim_american-mathematical-society-bulletin_1930-10_36_10/sim_american-mathematical-society-bulletin_1930-10_36_10_djvu.txt	?	-
sim_american-mathematical-society-bulletin_1930-11_36_11	https://archive.org/download/sim_american-mathematical-society-bulletin_1930-11_36_11/sim_american-mathematical-society-bulletin_1930-11_36_11_djvu.txt	?	-
sim_american-mathematical-society-bulletin_1930-12_36_12	https://archive.org/download/sim_american-mathematical-society-bulletin_1930-12_36_12/sim_american-mathematical-society-bulletin_1930-12_36_12_djvu.txt	?	-
sim_american-mathematical-society-bulletin_1930_36_index	https://archive.org/download/sim_american-mathematical-society-bulletin_1930_36_index/sim_american-mathematical-society-bulletin_1930_36_index_djvu.txt	?	-
sim_american-mathematical-society-bulletin_1931-01_37_1	https://archive.org/download/sim_american-mathematical-society-bulletin_1931-01_37_1/sim_american-mathematical-society-bulletin_1931-01_37_1_djvu.txt	?	-
sim_american-mathematical-society-bulletin_1931-02_37_1	https://archive.org/download/sim_american-mathematical-society-bulletin_1931-02_37_1/sim_american-mathematical-society-bulletin_1931-02_37_1_djvu.txt	?	-
sim_american-mathematical-society-bulletin_1931-03_37_2	https://archive.org/download/sim_american-mathematical-society-bulletin_1931-03_37_2/sim_american-mathematical-society-bulletin_1931-03_37_2_djvu.txt	?	-
sim_american-mathematical-society-bulletin_1931-04_37_3	https://archive.org/download/sim_american-mathematical-society-bulletin_1931-04_37_3/sim_american-mathematical-society-bulletin_1931-04_37_3_djvu.txt	?	-
sim_american-mathematical-society-bulletin_1931-05_37_4	https://archive.org/download/sim_american-mathematical-society-bulletin_1931-05_37_4/sim_american-mathematical-society-bulletin_1931-05_37_4_djvu.txt	?	-
sim_american-mathematical-society-bulletin_1931-06_37_5	https://archive.org/download/sim_american-mathematical-society-bulletin_1931-06_37_5/sim_american-mathematical-society-bulletin_1931-06_37_5_djvu.txt	?	-
sim_american-mathematical-society-bulletin_1931-08_37_7	https://archive.org/download/sim_american-mathematical-society-bulletin_1931-08_37_7/sim_american-mathematical-society-bulletin_1931-08_37_7_djvu.txt	?	-
sim_american-mathematical-society-bulletin_1931-09_37_6	https://archive.org/download/sim_american-mathematical-society-bulletin_1931-09_37_6/sim_american-mathematical-society-bulletin_1931-09_37_6_djvu.txt	?	-
sim_american-mathematical-society-bulletin_1931-09_37_8	https://archive.org/download/sim_american-mathematical-society-bulletin_1931-09_37_8/sim_american-mathematical-society-bulletin_1931-09_37_8_djvu.txt	?	-
sim_american-mathematical-society-bulletin_1931-09_37_9	https://archive.org/download/sim_american-mathematical-society-bulletin_1931-09_37_9/sim_american-mathematical-society-bulletin_1931-09_37_9_djvu.txt	?	-
sim_american-mathematical-society-bulletin_1931-10_37_10	https://archive.org/download/sim_american-mathematical-society-bulletin_1931-10_37_10/sim_american-mathematical-society-bulletin_1931-10_37_10_djvu.txt	?	-
sim_american-mathematical-society-bulletin_1931-11_37_11	https://archive.org/download/sim_american-mathematical-society-bulletin_1931-11_37_11/sim_american-mathematical-society-bulletin_1931-11_37_11_djvu.txt	?	-
sim_american-mathematical-society-bulletin_1931-12_37_12	https://archive.org/download/sim_american-mathematical-society-bulletin_1931-12_37_12/sim_american-mathematical-society-bulletin_1931-12_37_12_djvu.txt	?	-
sim_american-mathematical-society-bulletin_1931_37_index	https://archive.org/download/sim_american-mathematical-society-bulletin_1931_37_index/sim_american-mathematical-society-bulletin_1931_37_index_djvu.txt	?	-
sim_american-mathematical-society-bulletin_1932-01_38_1	https://archive.org/download/sim_american-mathematical-society-bulletin_1932-01_38_1/sim_american-mathematical-society-bulletin_1932-01_38_1_djvu.txt	?	-
sim_american-mathematical-society-bulletin_1932-02_38_2	https://archive.org/download/sim_american-mathematical-society-bulletin_1932-02_38_2/sim_american-mathematical-society-bulletin_1932-02_38_2_djvu.txt	?	-
sim_american-mathematical-society-bulletin_1932-03_38_3	https://archive.org/download/sim_american-mathematical-society-bulletin_1932-03_38_3/sim_american-mathematical-society-bulletin_1932-03_38_3_djvu.txt	?	-
sim_american-mathematical-society-bulletin_1932-04_38_4	https://archive.org/download/sim_american-mathematical-society-bulletin_1932-04_38_4/sim_american-mathematical-society-bulletin_1932-04_38_4_djvu.txt	?	-
sim_american-mathematical-society-bulletin_1932-05_38_5	https://archive.org/download/sim_american-mathematical-society-bulletin_1932-05_38_5/sim_american-mathematical-society-bulletin_1932-05_38_5_djvu.txt	?	-
sim_american-mathematical-society-bulletin_1932-06_38_6	https://archive.org/download/sim_american-mathematical-society-bulletin_1932-06_38_6/sim_american-mathematical-society-bulletin_1932-06_38_6_djvu.txt	?	-
sim_american-mathematical-society-bulletin_1932-07_38_7	https://archive.org/download/sim_american-mathematical-society-bulletin_1932-07_38_7/sim_american-mathematical-society-bulletin_1932-07_38_7_djvu.txt	?	-
sim_american-mathematical-society-bulletin_1932-08_38_8	https://archive.org/download/sim_american-mathematical-society-bulletin_1932-08_38_8/sim_american-mathematical-society-bulletin_1932-08_38_8_djvu.txt	?	-
sim_american-mathematical-society-bulletin_1932-09_38_9	https://archive.org/download/sim_american-mathematical-society-bulletin_1932-09_38_9/sim_american-mathematical-society-bulletin_1932-09_38_9_djvu.txt	?	-
sim_american-mathematical-society-bulletin_1932-10_38_10	https://archive.org/download/sim_american-mathematical-society-bulletin_1932-10_38_10/sim_american-mathematical-society-bulletin_1932-10_38_10_djvu.txt	?	-
sim_american-mathematical-society-bulletin_1932-11_38_11	https://archive.org/download/sim_american-mathematical-society-bulletin_1932-11_38_11/sim_american-mathematical-society-bulletin_1932-11_38_11_djvu.txt	?	-
sim_american-mathematical-society-bulletin_1932-11_38_11_0	https://archive.org/download/sim_american-mathematical-society-bulletin_1932-11_38_11_0/sim_american-mathematical-society-bulletin_1932-11_38_11_0_djvu.txt	?	-
sim_american-mathematical-society-bulletin_1932-12_38_12	https://archive.org/download/sim_american-mathematical-society-bulletin_1932-12_38_12/sim_american-mathematical-society-bulletin_1932-12_38_12_djvu.txt	?	-
sim_american-mathematical-society-bulletin_1932-12_38_12_0	https://archive.org/download/sim_american-mathematical-society-bulletin_1932-12_38_12_0/sim_american-mathematical-society-bulletin_1932-12_38_12_0_djvu.txt	?	-
sim_american-mathematical-society-bulletin_1932_38_index	https://archive.org/download/sim_american-mathematical-society-bulletin_1932_38_index/sim_american-mathematical-society-bulletin_1932_38_index_djvu.txt	?	-
sim_american-mathematical-society-bulletin_1933-01_39_2	https://archive.org/download/sim_american-mathematical-society-bulletin_1933-01_39_2/sim_american-mathematical-society-bulletin_1933-01_39_2_djvu.txt	?	-
sim_american-mathematical-society-bulletin_1933-02_39_3	https://archive.org/download/sim_american-mathematical-society-bulletin_1933-02_39_3/sim_american-mathematical-society-bulletin_1933-02_39_3_djvu.txt	?	-
sim_american-mathematical-society-bulletin_1933-03_39_4	https://archive.org/download/sim_american-mathematical-society-bulletin_1933-03_39_4/sim_american-mathematical-society-bulletin_1933-03_39_4_djvu.txt	?	-
sim_american-mathematical-society-bulletin_1933-04_39_5	https://archive.org/download/sim_american-mathematical-society-bulletin_1933-04_39_5/sim_american-mathematical-society-bulletin_1933-04_39_5_djvu.txt	?	-
sim_american-mathematical-society-bulletin_1933-05_39_6	https://archive.org/download/sim_american-mathematical-society-bulletin_1933-05_39_6/sim_american-mathematical-society-bulletin_1933-05_39_6_djvu.txt	?	-
sim_american-mathematical-society-bulletin_1933-06_39_7	https://archive.org/download/sim_american-mathematical-society-bulletin_1933-06_39_7/sim_american-mathematical-society-bulletin_1933-06_39_7_djvu.txt	?	-
sim_american-mathematical-society-bulletin_1933-07_39_8	https://archive.org/download/sim_american-mathematical-society-bulletin_1933-07_39_8/sim_american-mathematical-society-bulletin_1933-07_39_8_djvu.txt	?	-
sim_american-mathematical-society-bulletin_1933-08_39_9	https://archive.org/download/sim_american-mathematical-society-bulletin_1933-08_39_9/sim_american-mathematical-society-bulletin_1933-08_39_9_djvu.txt	?	-
sim_american-mathematical-society-bulletin_1933-09_39_10	https://archive.org/download/sim_american-mathematical-society-bulletin_1933-09_39_10/sim_american-mathematical-society-bulletin_1933-09_39_10_djvu.txt	?	-
sim_american-mathematical-society-bulletin_1933-10_39_11	https://archive.org/download/sim_american-mathematical-society-bulletin_1933-10_39_11/sim_american-mathematical-society-bulletin_1933-10_39_11_djvu.txt	?	-
sim_american-mathematical-society-bulletin_1933-11_39_12	https://archive.org/download/sim_american-mathematical-society-bulletin_1933-11_39_12/sim_american-mathematical-society-bulletin_1933-11_39_12_djvu.txt	?	-
sim_american-mathematical-society-bulletin_1933-12_39_12	https://archive.org/download/sim_american-mathematical-society-bulletin_1933-12_39_12/sim_american-mathematical-society-bulletin_1933-12_39_12_djvu.txt	?	-
sim_american-mathematical-society-bulletin_1933_39_index	https://archive.org/download/sim_american-mathematical-society-bulletin_1933_39_index/sim_american-mathematical-society-bulletin_1933_39_index_djvu.txt	?	-
sim_american-mathematical-society-bulletin_1934-01_40_1	https://archive.org/download/sim_american-mathematical-society-bulletin_1934-01_40_1/sim_american-mathematical-society-bulletin_1934-01_40_1_djvu.txt	?	-
sim_american-mathematical-society-bulletin_1934-02_40_1	https://archive.org/download/sim_american-mathematical-society-bulletin_1934-02_40_1/sim_american-mathematical-society-bulletin_1934-02_40_1_djvu.txt	?	-
sim_american-mathematical-society-bulletin_1934-03_40_2	https://archive.org/download/sim_american-mathematical-society-bulletin_1934-03_40_2/sim_american-mathematical-society-bulletin_1934-03_40_2_djvu.txt	?	-
sim_american-mathematical-society-bulletin_1934-04_40_3	https://archive.org/download/sim_american-mathematical-society-bulletin_1934-04_40_3/sim_american-mathematical-society-bulletin_1934-04_40_3_djvu.txt	?	-
sim_american-mathematical-society-bulletin_1934-05_40_4	https://archive.org/download/sim_american-mathematical-society-bulletin_1934-05_40_4/sim_american-mathematical-society-bulletin_1934-05_40_4_djvu.txt	?	-
sim_american-mathematical-society-bulletin_1934-06_40_5	https://archive.org/download/sim_american-mathematical-society-bulletin_1934-06_40_5/sim_american-mathematical-society-bulletin_1934-06_40_5_djvu.txt	?	-
sim_american-mathematical-society-bulletin_1934-07_40_6	https://archive.org/download/sim_american-mathematical-society-bulletin_1934-07_40_6/sim_american-mathematical-society-bulletin_1934-07_40_6_djvu.txt	?	-
sim_american-mathematical-society-bulletin_1934-08_40_7	https://archive.org/download/sim_american-mathematical-society-bulletin_1934-08_40_7/sim_american-mathematical-society-bulletin_1934-08_40_7_djvu.txt	?	-
sim_american-mathematical-society-bulletin_1934-09_40_8	https://archive.org/download/sim_american-mathematical-society-bulletin_1934-09_40_8/sim_american-mathematical-society-bulletin_1934-09_40_8_djvu.txt	?	-
sim_american-mathematical-society-bulletin_1934-09_40_9	https://archive.org/download/sim_american-mathematical-society-bulletin_1934-09_40_9/sim_american-mathematical-society-bulletin_1934-09_40_9_djvu.txt	?	-
sim_american-mathematical-society-bulletin_1934-10_40_10	https://archive.org/download/sim_american-mathematical-society-bulletin_1934-10_40_10/sim_american-mathematical-society-bulletin_1934-10_40_10_djvu.txt	?	-
sim_american-mathematical-society-bulletin_1934-11_40_11	https://archive.org/download/sim_american-mathematical-society-bulletin_1934-11_40_11/sim_american-mathematical-society-bulletin_1934-11_40_11_djvu.txt	?	-
sim_american-mathematical-society-bulletin_1934-12_40_12	https://archive.org/download/sim_american-mathematical-society-bulletin_1934-12_40_12/sim_american-mathematical-society-bulletin_1934-12_40_12_djvu.txt	?	-
sim_american-mathematical-society-bulletin_1934_40_cumulative-index	https://archive.org/download/sim_american-mathematical-society-bulletin_1934_40_cumulative-index/sim_american-mathematical-society-bulletin_1934_40_cumulative-index_djvu.txt	?	-
sim_american-mathematical-society-bulletin_1934_40_index	https://archive.org/download/sim_american-mathematical-society-bulletin_1934_40_index/sim_american-mathematical-society-bulletin_1934_40_index_djvu.txt	?	-
sim_american-mathematical-society-bulletin_1935-01_41_1	https://archive.org/download/sim_american-mathematical-society-bulletin_1935-01_41_1/sim_american-mathematical-society-bulletin_1935-01_41_1_djvu.txt	?	-
sim_american-mathematical-society-bulletin_1935-01_41_1_0	https://archive.org/download/sim_american-mathematical-society-bulletin_1935-01_41_1_0/sim_american-mathematical-society-bulletin_1935-01_41_1_0_djvu.txt	?	-
sim_american-mathematical-society-bulletin_1935-02_41_2	https://archive.org/download/sim_american-mathematical-society-bulletin_1935-02_41_2/sim_american-mathematical-society-bulletin_1935-02_41_2_djvu.txt	?	-
sim_american-mathematical-society-bulletin_1935-03_41_3	https://archive.org/download/sim_american-mathematical-society-bulletin_1935-03_41_3/sim_american-mathematical-society-bulletin_1935-03_41_3_djvu.txt	?	-
sim_american-mathematical-society-bulletin_1935-04_41_4	https://archive.org/download/sim_american-mathematical-society-bulletin_1935-04_41_4/sim_american-mathematical-society-bulletin_1935-04_41_4_djvu.txt	?	-
sim_american-mathematical-society-bulletin_1935-05_41_5	https://archive.org/download/sim_american-mathematical-society-bulletin_1935-05_41_5/sim_american-mathematical-society-bulletin_1935-05_41_5_djvu.txt	?	-
sim_american-mathematical-society-bulletin_1935-06_41_6	https://archive.org/download/sim_american-mathematical-society-bulletin_1935-06_41_6/sim_american-mathematical-society-bulletin_1935-06_41_6_djvu.txt	?	-
sim_american-mathematical-society-bulletin_1935-07_41_7	https://archive.org/download/sim_american-mathematical-society-bulletin_1935-07_41_7/sim_american-mathematical-society-bulletin_1935-07_41_7_djvu.txt	?	-
sim_american-mathematical-society-bulletin_1935-08_41_8	https://archive.org/download/sim_american-mathematical-society-bulletin_1935-08_41_8/sim_american-mathematical-society-bulletin_1935-08_41_8_djvu.txt	?	-
sim_american-mathematical-society-bulletin_1935-09_41_9	https://archive.org/download/sim_american-mathematical-society-bulletin_1935-09_41_9/sim_american-mathematical-society-bulletin_1935-09_41_9_djvu.txt	?	-
sim_american-mathematical-society-bulletin_1935-10_41_10	https://archive.org/download/sim_american-mathematical-society-bulletin_1935-10_41_10/sim_american-mathematical-society-bulletin_1935-10_41_10_djvu.txt	?	-
sim_american-mathematical-society-bulletin_1935-11_41_11	https://archive.org/download/sim_american-mathematical-society-bulletin_1935-11_41_11/sim_american-mathematical-society-bulletin_1935-11_41_11_djvu.txt	?	-
sim_american-mathematical-society-bulletin_1935-12_41_12	https://archive.org/download/sim_american-mathematical-society-bulletin_1935-12_41_12/sim_american-mathematical-society-bulletin_1935-12_41_12_djvu.txt	?	-
sim_american-mathematical-society-bulletin_1935_41_index	https://archive.org/download/sim_american-mathematical-society-bulletin_1935_41_index/sim_american-mathematical-society-bulletin_1935_41_index_djvu.txt	?	-
sim_american-mathematical-society-bulletin_1936-01_42_1	https://archive.org/download/sim_american-mathematical-society-bulletin_1936-01_42_1/sim_american-mathematical-society-bulletin_1936-01_42_1_djvu.txt	?	-
sim_american-mathematical-society-bulletin_1936-02_42_2	https://archive.org/download/sim_american-mathematical-society-bulletin_1936-02_42_2/sim_american-mathematical-society-bulletin_1936-02_42_2_djvu.txt	?	-
sim_american-mathematical-society-bulletin_1936-03_42_3	https://archive.org/download/sim_american-mathematical-society-bulletin_1936-03_42_3/sim_american-mathematical-society-bulletin_1936-03_42_3_djvu.txt	?	-
sim_american-mathematical-society-bulletin_1936-04_42_4	https://archive.org/download/sim_american-mathematical-society-bulletin_1936-04_42_4/sim_american-mathematical-society-bulletin_1936-04_42_4_djvu.txt	?	-
sim_american-mathematical-society-bulletin_1936-05_42_5	https://archive.org/download/sim_american-mathematical-society-bulletin_1936-05_42_5/sim_american-mathematical-society-bulletin_1936-05_42_5_djvu.txt	?	-
sim_american-mathematical-society-bulletin_1936-06_42_6	https://archive.org/download/sim_american-mathematical-society-bulletin_1936-06_42_6/sim_american-mathematical-society-bulletin_1936-06_42_6_djvu.txt	?	-
sim_american-mathematical-society-bulletin_1936-07_42_7	https://archive.org/download/sim_american-mathematical-society-bulletin_1936-07_42_7/sim_american-mathematical-society-bulletin_1936-07_42_7_djvu.txt	?	-
sim_american-mathematical-society-bulletin_1936-08_42_8	https://archive.org/download/sim_american-mathematical-society-bulletin_1936-08_42_8/sim_american-mathematical-society-bulletin_1936-08_42_8_djvu.txt	?	-
sim_american-mathematical-society-bulletin_1936-09_42_9	https://archive.org/download/sim_american-mathematical-society-bulletin_1936-09_42_9/sim_american-mathematical-society-bulletin_1936-09_42_9_djvu.txt	?	-
sim_american-mathematical-society-bulletin_1936-10_42_10	https://archive.org/download/sim_american-mathematical-society-bulletin_1936-10_42_10/sim_american-mathematical-society-bulletin_1936-10_42_10_djvu.txt	?	-
sim_american-mathematical-society-bulletin_1936-11_42_11	https://archive.org/download/sim_american-mathematical-society-bulletin_1936-11_42_11/sim_american-mathematical-society-bulletin_1936-11_42_11_djvu.txt	?	-
sim_american-mathematical-society-bulletin_1936-12_42_12	https://archive.org/download/sim_american-mathematical-society-bulletin_1936-12_42_12/sim_american-mathematical-society-bulletin_1936-12_42_12_djvu.txt	?	-
sim_american-mathematical-society-bulletin_1936_42_index	https://archive.org/download/sim_american-mathematical-society-bulletin_1936_42_index/sim_american-mathematical-society-bulletin_1936_42_index_djvu.txt	?	-
sim_american-mathematical-society-bulletin_1937-01_43_1	https://archive.org/download/sim_american-mathematical-society-bulletin_1937-01_43_1/sim_american-mathematical-society-bulletin_1937-01_43_1_djvu.txt	?	-
sim_american-mathematical-society-bulletin_1937-01_43_1_0	https://archive.org/download/sim_american-mathematical-society-bulletin_1937-01_43_1_0/sim_american-mathematical-society-bulletin_1937-01_43_1_0_djvu.txt	?	-
sim_american-mathematical-society-bulletin_1937-02_43_2	https://archive.org/download/sim_american-mathematical-society-bulletin_1937-02_43_2/sim_american-mathematical-society-bulletin_1937-02_43_2_djvu.txt	?	-
sim_american-mathematical-society-bulletin_1937-03_43_3	https://archive.org/download/sim_american-mathematical-society-bulletin_1937-03_43_3/sim_american-mathematical-society-bulletin_1937-03_43_3_djvu.txt	?	-
sim_american-mathematical-society-bulletin_1937-04_43_4	https://archive.org/download/sim_american-mathematical-society-bulletin_1937-04_43_4/sim_american-mathematical-society-bulletin_1937-04_43_4_djvu.txt	?	-
sim_american-mathematical-society-bulletin_1937-05_43_5	https://archive.org/download/sim_american-mathematical-society-bulletin_1937-05_43_5/sim_american-mathematical-society-bulletin_1937-05_43_5_djvu.txt	?	-
sim_american-mathematical-society-bulletin_1937-06_43_6	https://archive.org/download/sim_american-mathematical-society-bulletin_1937-06_43_6/sim_american-mathematical-society-bulletin_1937-06_43_6_djvu.txt	?	-
sim_american-mathematical-society-bulletin_1937-07_43_7	https://archive.org/download/sim_american-mathematical-society-bulletin_1937-07_43_7/sim_american-mathematical-society-bulletin_1937-07_43_7_djvu.txt	?	-
sim_american-mathematical-society-bulletin_1937-08_43_8	https://archive.org/download/sim_american-mathematical-society-bulletin_1937-08_43_8/sim_american-mathematical-society-bulletin_1937-08_43_8_djvu.txt	?	-
sim_american-mathematical-society-bulletin_1937-09_43_9	https://archive.org/download/sim_american-mathematical-society-bulletin_1937-09_43_9/sim_american-mathematical-society-bulletin_1937-09_43_9_djvu.txt	?	-
sim_american-mathematical-society-bulletin_1937-10_43_10	https://archive.org/download/sim_american-mathematical-society-bulletin_1937-10_43_10/sim_american-mathematical-society-bulletin_1937-10_43_10_djvu.txt	?	-
sim_american-mathematical-society-bulletin_1937-11_43_11	https://archive.org/download/sim_american-mathematical-society-bulletin_1937-11_43_11/sim_american-mathematical-society-bulletin_1937-11_43_11_djvu.txt	?	-
sim_american-mathematical-society-bulletin_1937-12_43_12	https://archive.org/download/sim_american-mathematical-society-bulletin_1937-12_43_12/sim_american-mathematical-society-bulletin_1937-12_43_12_djvu.txt	?	-
sim_american-mathematical-society-bulletin_1937_43_index	https://archive.org/download/sim_american-mathematical-society-bulletin_1937_43_index/sim_american-mathematical-society-bulletin_1937_43_index_djvu.txt	?	-
sim_american-mathematical-society-bulletin_1938-01_44_1	https://archive.org/download/sim_american-mathematical-society-bulletin_1938-01_44_1/sim_american-mathematical-society-bulletin_1938-01_44_1_djvu.txt	?	-
sim_american-mathematical-society-bulletin_1938-02_44_2	https://archive.org/download/sim_american-mathematical-society-bulletin_1938-02_44_2/sim_american-mathematical-society-bulletin_1938-02_44_2_djvu.txt	?	-
sim_american-mathematical-society-bulletin_1938-03_44_3	https://archive.org/download/sim_american-mathematical-society-bulletin_1938-03_44_3/sim_american-mathematical-society-bulletin_1938-03_44_3_djvu.txt	?	-
sim_american-mathematical-society-bulletin_1938-04_44_4	https://archive.org/download/sim_american-mathematical-society-bulletin_1938-04_44_4/sim_american-mathematical-society-bulletin_1938-04_44_4_djvu.txt	?	-
sim_american-mathematical-society-bulletin_1938-05_44_5	https://archive.org/download/sim_american-mathematical-society-bulletin_1938-05_44_5/sim_american-mathematical-society-bulletin_1938-05_44_5_djvu.txt	?	-
sim_american-mathematical-society-bulletin_1938-06_44_6	https://archive.org/download/sim_american-mathematical-society-bulletin_1938-06_44_6/sim_american-mathematical-society-bulletin_1938-06_44_6_djvu.txt	?	-
sim_american-mathematical-society-bulletin_1938-07_44_7	https://archive.org/download/sim_american-mathematical-society-bulletin_1938-07_44_7/sim_american-mathematical-society-bulletin_1938-07_44_7_djvu.txt	?	-
sim_american-mathematical-society-bulletin_1938-08_44_8	https://archive.org/download/sim_american-mathematical-society-bulletin_1938-08_44_8/sim_american-mathematical-society-bulletin_1938-08_44_8_djvu.txt	?	-
sim_american-mathematical-society-bulletin_1938-09_44_9	https://archive.org/download/sim_american-mathematical-society-bulletin_1938-09_44_9/sim_american-mathematical-society-bulletin_1938-09_44_9_djvu.txt	?	-
sim_american-mathematical-society-bulletin_1938-10_44_10	https://archive.org/download/sim_american-mathematical-society-bulletin_1938-10_44_10/sim_american-mathematical-society-bulletin_1938-10_44_10_djvu.txt	?	-
sim_american-mathematical-society-bulletin_1938-11_44_11	https://archive.org/download/sim_american-mathematical-society-bulletin_1938-11_44_11/sim_american-mathematical-society-bulletin_1938-11_44_11_djvu.txt	?	-
sim_american-mathematical-society-bulletin_1938-12_44_12	https://archive.org/download/sim_american-mathematical-society-bulletin_1938-12_44_12/sim_american-mathematical-society-bulletin_1938-12_44_12_djvu.txt	?	-
sim_american-mathematical-society-bulletin_1938_44_contents	https://archive.org/download/sim_american-mathematical-society-bulletin_1938_44_contents/sim_american-mathematical-society-bulletin_1938_44_contents_djvu.txt	?	-
sim_american-mathematical-society-bulletin_1938_44_index	https://archive.org/download/sim_american-mathematical-society-bulletin_1938_44_index/sim_american-mathematical-society-bulletin_1938_44_index_djvu.txt	?	-
sim_american-mathematical-society-bulletin_1939-01_45_1	https://archive.org/download/sim_american-mathematical-society-bulletin_1939-01_45_1/sim_american-mathematical-society-bulletin_1939-01_45_1_djvu.txt	?	-
sim_american-mathematical-society-bulletin_1939-02_45_2	https://archive.org/download/sim_american-mathematical-society-bulletin_1939-02_45_2/sim_american-mathematical-society-bulletin_1939-02_45_2_djvu.txt	?	-
sim_american-mathematical-society-bulletin_1939-03_45_3	https://archive.org/download/sim_american-mathematical-society-bulletin_1939-03_45_3/sim_american-mathematical-society-bulletin_1939-03_45_3_djvu.txt	?	-
sim_american-mathematical-society-bulletin_1939-04_45_4	https://archive.org/download/sim_american-mathematical-society-bulletin_1939-04_45_4/sim_american-mathematical-society-bulletin_1939-04_45_4_djvu.txt	?	-
sim_american-mathematical-society-bulletin_1939-05_45_5	https://archive.org/download/sim_american-mathematical-society-bulletin_1939-05_45_5/sim_american-mathematical-society-bulletin_1939-05_45_5_djvu.txt	?	-
sim_american-mathematical-society-bulletin_1939-06_45_6	https://archive.org/download/sim_american-mathematical-society-bulletin_1939-06_45_6/sim_american-mathematical-society-bulletin_1939-06_45_6_djvu.txt	?	-
sim_american-mathematical-society-bulletin_april-may-1922_28	https://archive.org/download/sim_american-mathematical-society-bulletin_april-may-1922_28/sim_american-mathematical-society-bulletin_april-may-1922_28_djvu.txt	?	-
sim_american-mathematical-society-bulletin_january-february-1922_28	https://archive.org/download/sim_american-mathematical-society-bulletin_january-february-1922_28/sim_american-mathematical-society-bulletin_january-february-1922_28_djvu.txt	?	-
sim_american-mathematical-society-bulletin_january-february-1924_30	https://archive.org/download/sim_american-mathematical-society-bulletin_january-february-1924_30/sim_american-mathematical-society-bulletin_january-february-1924_30_djvu.txt	?	-
sim_american-mathematical-society-bulletin_january-february-1925_31	https://archive.org/download/sim_american-mathematical-society-bulletin_january-february-1925_31/sim_american-mathematical-society-bulletin_january-february-1925_31_djvu.txt	?	-
sim_american-mathematical-society-bulletin_january-february-1926_32	https://archive.org/download/sim_american-mathematical-society-bulletin_january-february-1926_32/sim_american-mathematical-society-bulletin_january-february-1926_32_djvu.txt	?	-
sim_american-mathematical-society-bulletin_january-february-1927_33	https://archive.org/download/sim_american-mathematical-society-bulletin_january-february-1927_33/sim_american-mathematical-society-bulletin_january-february-1927_33_djvu.txt	?	-
sim_american-mathematical-society-bulletin_january-february-1928_34	https://archive.org/download/sim_american-mathematical-society-bulletin_january-february-1928_34/sim_american-mathematical-society-bulletin_january-february-1928_34_djvu.txt	?	-
sim_american-mathematical-society-bulletin_january-february-1929_35	https://archive.org/download/sim_american-mathematical-society-bulletin_january-february-1929_35/sim_american-mathematical-society-bulletin_january-february-1929_35_djvu.txt	?	-
sim_american-mathematical-society-bulletin_july-august-1926_32	https://archive.org/download/sim_american-mathematical-society-bulletin_july-august-1926_32/sim_american-mathematical-society-bulletin_july-august-1926_32_djvu.txt	?	-
sim_american-mathematical-society-bulletin_july-august-1927_33	https://archive.org/download/sim_american-mathematical-society-bulletin_july-august-1927_33/sim_american-mathematical-society-bulletin_july-august-1927_33_djvu.txt	?	-
sim_american-mathematical-society-bulletin_july-august-1928_34	https://archive.org/download/sim_american-mathematical-society-bulletin_july-august-1928_34/sim_american-mathematical-society-bulletin_july-august-1928_34_djvu.txt	?	-
sim_american-mathematical-society-bulletin_july-august-1929_35	https://archive.org/download/sim_american-mathematical-society-bulletin_july-august-1929_35/sim_american-mathematical-society-bulletin_july-august-1929_35_djvu.txt	?	-
sim_american-mathematical-society-bulletin_june-july-1921_27	https://archive.org/download/sim_american-mathematical-society-bulletin_june-july-1921_27/sim_american-mathematical-society-bulletin_june-july-1921_27_djvu.txt	?	-
sim_american-mathematical-society-bulletin_march-april-1924_30	https://archive.org/download/sim_american-mathematical-society-bulletin_march-april-1924_30/sim_american-mathematical-society-bulletin_march-april-1924_30_djvu.txt	?	-
sim_american-mathematical-society-bulletin_march-april-1925_31	https://archive.org/download/sim_american-mathematical-society-bulletin_march-april-1925_31/sim_american-mathematical-society-bulletin_march-april-1925_31_djvu.txt	?	-
sim_american-mathematical-society-bulletin_march-april-1926_32	https://archive.org/download/sim_american-mathematical-society-bulletin_march-april-1926_32/sim_american-mathematical-society-bulletin_march-april-1926_32_djvu.txt	?	-
sim_american-mathematical-society-bulletin_march-april-1927_33	https://archive.org/download/sim_american-mathematical-society-bulletin_march-april-1927_33/sim_american-mathematical-society-bulletin_march-april-1927_33_djvu.txt	?	-
sim_american-mathematical-society-bulletin_march-april-1928_34	https://archive.org/download/sim_american-mathematical-society-bulletin_march-april-1928_34/sim_american-mathematical-society-bulletin_march-april-1928_34_djvu.txt	?	-
sim_american-mathematical-society-bulletin_march-april-1929_35	https://archive.org/download/sim_american-mathematical-society-bulletin_march-april-1929_35/sim_american-mathematical-society-bulletin_march-april-1929_35_djvu.txt	?	-
sim_american-mathematical-society-bulletin_may-june-1924_30	https://archive.org/download/sim_american-mathematical-society-bulletin_may-june-1924_30/sim_american-mathematical-society-bulletin_may-june-1924_30_djvu.txt	?	-
sim_american-mathematical-society-bulletin_may-june-1925_31	https://archive.org/download/sim_american-mathematical-society-bulletin_may-june-1925_31/sim_american-mathematical-society-bulletin_may-june-1925_31_djvu.txt	?	-
sim_american-mathematical-society-bulletin_may-june-1926_32	https://archive.org/download/sim_american-mathematical-society-bulletin_may-june-1926_32/sim_american-mathematical-society-bulletin_may-june-1926_32_djvu.txt	?	-
sim_american-mathematical-society-bulletin_may-june-1927_33	https://archive.org/download/sim_american-mathematical-society-bulletin_may-june-1927_33/sim_american-mathematical-society-bulletin_may-june-1927_33_djvu.txt	?	-
sim_american-mathematical-society-bulletin_may-june-1928_34	https://archive.org/download/sim_american-mathematical-society-bulletin_may-june-1928_34/sim_american-mathematical-society-bulletin_may-june-1928_34_djvu.txt	?	-
sim_american-mathematical-society-bulletin_may-june-1929_35	https://archive.org/download/sim_american-mathematical-society-bulletin_may-june-1929_35/sim_american-mathematical-society-bulletin_may-june-1929_35_djvu.txt	?	-
sim_american-mathematical-society-bulletin_november-december-1925_31	https://archive.org/download/sim_american-mathematical-society-bulletin_november-december-1925_31/sim_american-mathematical-society-bulletin_november-december-1925_31_djvu.txt	?	-
sim_american-mathematical-society-bulletin_november-december-1926_32	https://archive.org/download/sim_american-mathematical-society-bulletin_november-december-1926_32/sim_american-mathematical-society-bulletin_november-december-1926_32_djvu.txt	?	-
sim_american-mathematical-society-bulletin_november-december-1927_33	https://archive.org/download/sim_american-mathematical-society-bulletin_november-december-1927_33/sim_american-mathematical-society-bulletin_november-december-1927_33_djvu.txt	?	-
sim_american-mathematical-society-bulletin_november-december-1928_34	https://archive.org/download/sim_american-mathematical-society-bulletin_november-december-1928_34/sim_american-mathematical-society-bulletin_november-december-1928_34_djvu.txt	?	-
sim_american-mathematical-society-bulletin_november-december-1929_35	https://archive.org/download/sim_american-mathematical-society-bulletin_november-december-1929_35/sim_american-mathematical-society-bulletin_november-december-1929_35_djvu.txt	?	-
sim_american-mathematical-society-bulletin_september-october-1926_32	https://archive.org/download/sim_american-mathematical-society-bulletin_september-october-1926_32/sim_american-mathematical-society-bulletin_september-october-1926_32_djvu.txt	?	-
sim_american-mathematical-society-bulletin_september-october-1927_33	https://archive.org/download/sim_american-mathematical-society-bulletin_september-october-1927_33/sim_american-mathematical-society-bulletin_september-october-1927_33_djvu.txt	?	-
sim_american-mathematical-society-bulletin_september-october-1928_34	https://archive.org/download/sim_american-mathematical-society-bulletin_september-october-1928_34/sim_american-mathematical-society-bulletin_september-october-1928_34_djvu.txt	?	-
sim_american-mathematical-society-bulletin_september-october-1929_35	https://archive.org/download/sim_american-mathematical-society-bulletin_september-october-1929_35/sim_american-mathematical-society-bulletin_september-october-1929_35_djvu.txt	?	-
