# Caselaw Access Project (static.case.law, CC0) volume zips published 1925-1942 (decisions <= 1939-06-30
# are selected per case at ingest). Puerto Rico reporters (pr, pr-dec: Spanish / translated) excluded.
# No sizes or checksums are published: bytes '?', verified as intact zips, own sha256 recorded. 2026-10-05.
key	url	bytes	checksum
ad__210	https://static.case.law/ad/210.zip	?	-
ad__211	https://static.case.law/ad/211.zip	?	-
ad__212	https://static.case.law/ad/212.zip	?	-
ad__213	https://static.case.law/ad/213.zip	?	-
ad__214	https://static.case.law/ad/214.zip	?	-
ad__215	https://static.case.law/ad/215.zip	?	-
ad__216	https://static.case.law/ad/216.zip	?	-
ad__217	https://static.case.law/ad/217.zip	?	-
ad__218	https://static.case.law/ad/218.zip	?	-
ad__219	https://static.case.law/ad/219.zip	?	-
ad__220	https://static.case.law/ad/220.zip	?	-
ad__221	https://static.case.law/ad/221.zip	?	-
ad__222	https://static.case.law/ad/222.zip	?	-
ad__223	https://static.case.law/ad/223.zip	?	-
ad__224	https://static.case.law/ad/224.zip	?	-
ad__225	https://static.case.law/ad/225.zip	?	-
ad__226	https://static.case.law/ad/226.zip	?	-
ad__227	https://static.case.law/ad/227.zip	?	-
ad__228	https://static.case.law/ad/228.zip	?	-
ad__229	https://static.case.law/ad/229.zip	?	-
ad__230	https://static.case.law/ad/230.zip	?	-
ad__231	https://static.case.law/ad/231.zip	?	-
ad__232	https://static.case.law/ad/232.zip	?	-
ad__233	https://static.case.law/ad/233.zip	?	-
ad__234	https://static.case.law/ad/234.zip	?	-
ad__235	https://static.case.law/ad/235.zip	?	-
ad__236	https://static.case.law/ad/236.zip	?	-
ad__237	https://static.case.law/ad/237.zip	?	-
ad__238	https://static.case.law/ad/238.zip	?	-
ad__239	https://static.case.law/ad/239.zip	?	-
ad__240	https://static.case.law/ad/240.zip	?	-
ad__241	https://static.case.law/ad/241.zip	?	-
ad__242	https://static.case.law/ad/242.zip	?	-
ad__243	https://static.case.law/ad/243.zip	?	-
ad__244	https://static.case.law/ad/244.zip	?	-
ad__245	https://static.case.law/ad/245.zip	?	-
ad__246	https://static.case.law/ad/246.zip	?	-
ad__247	https://static.case.law/ad/247.zip	?	-
ad__248	https://static.case.law/ad/248.zip	?	-
ad__249	https://static.case.law/ad/249.zip	?	-
ad__250	https://static.case.law/ad/250.zip	?	-
ad__251	https://static.case.law/ad/251.zip	?	-
ad__252	https://static.case.law/ad/252.zip	?	-
ad__253	https://static.case.law/ad/253.zip	?	-
ad__254	https://static.case.law/ad/254.zip	?	-
ad__255	https://static.case.law/ad/255.zip	?	-
ad__256	https://static.case.law/ad/256.zip	?	-
ad__257	https://static.case.law/ad/257.zip	?	-
ad__258	https://static.case.law/ad/258.zip	?	-
ad__259	https://static.case.law/ad/259.zip	?	-
ad__260	https://static.case.law/ad/260.zip	?	-
ad__261	https://static.case.law/ad/261.zip	?	-
ad__262	https://static.case.law/ad/262.zip	?	-
ad__263	https://static.case.law/ad/263.zip	?	-
ad__264	https://static.case.law/ad/264.zip	?	-
ala__211	https://static.case.law/ala/211.zip	?	-
ala__212	https://static.case.law/ala/212.zip	?	-
ala__213	https://static.case.law/ala/213.zip	?	-
ala__214	https://static.case.law/ala/214.zip	?	-
ala__215	https://static.case.law/ala/215.zip	?	-
ala__216	https://static.case.law/ala/216.zip	?	-
ala__217	https://static.case.law/ala/217.zip	?	-
ala__218	https://static.case.law/ala/218.zip	?	-
ala__219	https://static.case.law/ala/219.zip	?	-
ala__220	https://static.case.law/ala/220.zip	?	-
ala__221	https://static.case.law/ala/221.zip	?	-
ala__222	https://static.case.law/ala/222.zip	?	-
ala__223	https://static.case.law/ala/223.zip	?	-
ala__224	https://static.case.law/ala/224.zip	?	-
ala__225	https://static.case.law/ala/225.zip	?	-
ala__226	https://static.case.law/ala/226.zip	?	-
ala__227	https://static.case.law/ala/227.zip	?	-
ala__228	https://static.case.law/ala/228.zip	?	-
ala__229	https://static.case.law/ala/229.zip	?	-
ala__230	https://static.case.law/ala/230.zip	?	-
ala__231	https://static.case.law/ala/231.zip	?	-
ala__232	https://static.case.law/ala/232.zip	?	-
ala__233	https://static.case.law/ala/233.zip	?	-
ala__234	https://static.case.law/ala/234.zip	?	-
ala__235	https://static.case.law/ala/235.zip	?	-
ala__236	https://static.case.law/ala/236.zip	?	-
ala__237	https://static.case.law/ala/237.zip	?	-
ala__238	https://static.case.law/ala/238.zip	?	-
ala__239	https://static.case.law/ala/239.zip	?	-
ala__240	https://static.case.law/ala/240.zip	?	-
ala__241	https://static.case.law/ala/241.zip	?	-
ala__242	https://static.case.law/ala/242.zip	?	-
ala-app__20	https://static.case.law/ala-app/20.zip	?	-
ala-app__21	https://static.case.law/ala-app/21.zip	?	-
ala-app__22	https://static.case.law/ala-app/22.zip	?	-
ala-app__23	https://static.case.law/ala-app/23.zip	?	-
ala-app__24	https://static.case.law/ala-app/24.zip	?	-
ala-app__25	https://static.case.law/ala-app/25.zip	?	-
ala-app__26	https://static.case.law/ala-app/26.zip	?	-
ala-app__27	https://static.case.law/ala-app/27.zip	?	-
ala-app__28	https://static.case.law/ala-app/28.zip	?	-
ala-app__29	https://static.case.law/ala-app/29.zip	?	-
alaska__7	https://static.case.law/alaska/7.zip	?	-
alaska__8	https://static.case.law/alaska/8.zip	?	-
alaska__9	https://static.case.law/alaska/9.zip	?	-
alaska-fed__1	https://static.case.law/alaska-fed/1.zip	?	-
alaska-fed__2	https://static.case.law/alaska-fed/2.zip	?	-
alaska-fed__3	https://static.case.law/alaska-fed/3.zip	?	-
alaska-fed__4	https://static.case.law/alaska-fed/4.zip	?	-
alaska-fed__5	https://static.case.law/alaska-fed/5.zip	?	-
ariz__26	https://static.case.law/ariz/26.zip	?	-
ariz__27	https://static.case.law/ariz/27.zip	?	-
ariz__28	https://static.case.law/ariz/28.zip	?	-
ariz__29	https://static.case.law/ariz/29.zip	?	-
ariz__30	https://static.case.law/ariz/30.zip	?	-
ariz__31	https://static.case.law/ariz/31.zip	?	-
ariz__32	https://static.case.law/ariz/32.zip	?	-
ariz__33	https://static.case.law/ariz/33.zip	?	-
ariz__34	https://static.case.law/ariz/34.zip	?	-
ariz__35	https://static.case.law/ariz/35.zip	?	-
ariz__36	https://static.case.law/ariz/36.zip	?	-
ariz__37	https://static.case.law/ariz/37.zip	?	-
ariz__38	https://static.case.law/ariz/38.zip	?	-
ariz__39	https://static.case.law/ariz/39.zip	?	-
ariz__40	https://static.case.law/ariz/40.zip	?	-
ariz__41	https://static.case.law/ariz/41.zip	?	-
ariz__42	https://static.case.law/ariz/42.zip	?	-
ariz__43	https://static.case.law/ariz/43.zip	?	-
ariz__44	https://static.case.law/ariz/44.zip	?	-
ariz__45	https://static.case.law/ariz/45.zip	?	-
ariz__46	https://static.case.law/ariz/46.zip	?	-
ariz__47	https://static.case.law/ariz/47.zip	?	-
ariz__48	https://static.case.law/ariz/48.zip	?	-
ariz__49	https://static.case.law/ariz/49.zip	?	-
ariz__50	https://static.case.law/ariz/50.zip	?	-
ariz__51	https://static.case.law/ariz/51.zip	?	-
ariz__52	https://static.case.law/ariz/52.zip	?	-
ariz__53	https://static.case.law/ariz/53.zip	?	-
ariz__54	https://static.case.law/ariz/54.zip	?	-
ariz__55	https://static.case.law/ariz/55.zip	?	-
ariz__56	https://static.case.law/ariz/56.zip	?	-
ariz__57	https://static.case.law/ariz/57.zip	?	-
ark__165	https://static.case.law/ark/165.zip	?	-
ark__166	https://static.case.law/ark/166.zip	?	-
ark__167	https://static.case.law/ark/167.zip	?	-
ark__168	https://static.case.law/ark/168.zip	?	-
ark__169	https://static.case.law/ark/169.zip	?	-
ark__170	https://static.case.law/ark/170.zip	?	-
ark__171	https://static.case.law/ark/171.zip	?	-
ark__172	https://static.case.law/ark/172.zip	?	-
ark__173	https://static.case.law/ark/173.zip	?	-
ark__174	https://static.case.law/ark/174.zip	?	-
ark__175	https://static.case.law/ark/175.zip	?	-
ark__176	https://static.case.law/ark/176.zip	?	-
ark__177	https://static.case.law/ark/177.zip	?	-
ark__178	https://static.case.law/ark/178.zip	?	-
ark__179	https://static.case.law/ark/179.zip	?	-
ark__180	https://static.case.law/ark/180.zip	?	-
ark__181	https://static.case.law/ark/181.zip	?	-
ark__182	https://static.case.law/ark/182.zip	?	-
ark__183	https://static.case.law/ark/183.zip	?	-
ark__184	https://static.case.law/ark/184.zip	?	-
ark__185	https://static.case.law/ark/185.zip	?	-
ark__186	https://static.case.law/ark/186.zip	?	-
ark__187	https://static.case.law/ark/187.zip	?	-
ark__188	https://static.case.law/ark/188.zip	?	-
ark__189	https://static.case.law/ark/189.zip	?	-
ark__190	https://static.case.law/ark/190.zip	?	-
ark__191	https://static.case.law/ark/191.zip	?	-
ark__192	https://static.case.law/ark/192.zip	?	-
ark__193	https://static.case.law/ark/193.zip	?	-
ark__194	https://static.case.law/ark/194.zip	?	-
ark__195	https://static.case.law/ark/195.zip	?	-
ark__196	https://static.case.law/ark/196.zip	?	-
ark__197	https://static.case.law/ark/197.zip	?	-
ark__198	https://static.case.law/ark/198.zip	?	-
ark__199	https://static.case.law/ark/199.zip	?	-
ark__200	https://static.case.law/ark/200.zip	?	-
ark__201	https://static.case.law/ark/201.zip	?	-
ark__202	https://static.case.law/ark/202.zip	?	-
ark__203	https://static.case.law/ark/203.zip	?	-
balt-c-rep__1	https://static.case.law/balt-c-rep/1.zip	?	-
balt-c-rep__2	https://static.case.law/balt-c-rep/2.zip	?	-
balt-c-rep__3	https://static.case.law/balt-c-rep/3.zip	?	-
balt-c-rep__4	https://static.case.law/balt-c-rep/4.zip	?	-
blume-sup-ct-trans__1	https://static.case.law/blume-sup-ct-trans/1.zip	?	-
blume-sup-ct-trans__2	https://static.case.law/blume-sup-ct-trans/2.zip	?	-
blume-sup-ct-trans__3	https://static.case.law/blume-sup-ct-trans/3.zip	?	-
blume-sup-ct-trans__5	https://static.case.law/blume-sup-ct-trans/5.zip	?	-
bta__1	https://static.case.law/bta/1.zip	?	-
bta__10	https://static.case.law/bta/10.zip	?	-
bta__11	https://static.case.law/bta/11.zip	?	-
bta__12	https://static.case.law/bta/12.zip	?	-
bta__13	https://static.case.law/bta/13.zip	?	-
bta__14	https://static.case.law/bta/14.zip	?	-
bta__15	https://static.case.law/bta/15.zip	?	-
bta__16	https://static.case.law/bta/16.zip	?	-
bta__17	https://static.case.law/bta/17.zip	?	-
bta__18	https://static.case.law/bta/18.zip	?	-
bta__19	https://static.case.law/bta/19.zip	?	-
bta__2	https://static.case.law/bta/2.zip	?	-
bta__20	https://static.case.law/bta/20.zip	?	-
bta__21	https://static.case.law/bta/21.zip	?	-
bta__22	https://static.case.law/bta/22.zip	?	-
bta__23	https://static.case.law/bta/23.zip	?	-
bta__24	https://static.case.law/bta/24.zip	?	-
bta__25	https://static.case.law/bta/25.zip	?	-
bta__26	https://static.case.law/bta/26.zip	?	-
bta__27	https://static.case.law/bta/27.zip	?	-
bta__28	https://static.case.law/bta/28.zip	?	-
bta__29	https://static.case.law/bta/29.zip	?	-
bta__3	https://static.case.law/bta/3.zip	?	-
bta__30	https://static.case.law/bta/30.zip	?	-
bta__31	https://static.case.law/bta/31.zip	?	-
bta__32	https://static.case.law/bta/32.zip	?	-
bta__33	https://static.case.law/bta/33.zip	?	-
bta__34	https://static.case.law/bta/34.zip	?	-
bta__35	https://static.case.law/bta/35.zip	?	-
bta__36	https://static.case.law/bta/36.zip	?	-
bta__37	https://static.case.law/bta/37.zip	?	-
bta__38	https://static.case.law/bta/38.zip	?	-
bta__39	https://static.case.law/bta/39.zip	?	-
bta__4	https://static.case.law/bta/4.zip	?	-
bta__40	https://static.case.law/bta/40.zip	?	-
bta__41	https://static.case.law/bta/41.zip	?	-
bta__42	https://static.case.law/bta/42.zip	?	-
bta__43	https://static.case.law/bta/43.zip	?	-
bta__44	https://static.case.law/bta/44.zip	?	-
bta__45	https://static.case.law/bta/45.zip	?	-
bta__5	https://static.case.law/bta/5.zip	?	-
bta__6	https://static.case.law/bta/6.zip	?	-
bta__7	https://static.case.law/bta/7.zip	?	-
bta__8	https://static.case.law/bta/8.zip	?	-
bta__9	https://static.case.law/bta/9.zip	?	-
cal__193	https://static.case.law/cal/193.zip	?	-
cal__194	https://static.case.law/cal/194.zip	?	-
cal__195	https://static.case.law/cal/195.zip	?	-
cal__196	https://static.case.law/cal/196.zip	?	-
cal__197	https://static.case.law/cal/197.zip	?	-
cal__198	https://static.case.law/cal/198.zip	?	-
cal__199	https://static.case.law/cal/199.zip	?	-
cal__200	https://static.case.law/cal/200.zip	?	-
cal__201	https://static.case.law/cal/201.zip	?	-
cal__202	https://static.case.law/cal/202.zip	?	-
cal__203	https://static.case.law/cal/203.zip	?	-
cal__204	https://static.case.law/cal/204.zip	?	-
cal__205	https://static.case.law/cal/205.zip	?	-
cal__206	https://static.case.law/cal/206.zip	?	-
cal__207	https://static.case.law/cal/207.zip	?	-
cal__208	https://static.case.law/cal/208.zip	?	-
cal__209	https://static.case.law/cal/209.zip	?	-
cal__210	https://static.case.law/cal/210.zip	?	-
cal__211	https://static.case.law/cal/211.zip	?	-
cal__212	https://static.case.law/cal/212.zip	?	-
cal__213	https://static.case.law/cal/213.zip	?	-
cal__214	https://static.case.law/cal/214.zip	?	-
cal__215	https://static.case.law/cal/215.zip	?	-
cal__216	https://static.case.law/cal/216.zip	?	-
cal__217	https://static.case.law/cal/217.zip	?	-
cal__218	https://static.case.law/cal/218.zip	?	-
cal__219	https://static.case.law/cal/219.zip	?	-
cal__220	https://static.case.law/cal/220.zip	?	-
cal-2d__1	https://static.case.law/cal-2d/1.zip	?	-
cal-2d__10	https://static.case.law/cal-2d/10.zip	?	-
cal-2d__11	https://static.case.law/cal-2d/11.zip	?	-
cal-2d__12	https://static.case.law/cal-2d/12.zip	?	-
cal-2d__13	https://static.case.law/cal-2d/13.zip	?	-
cal-2d__14	https://static.case.law/cal-2d/14.zip	?	-
cal-2d__15	https://static.case.law/cal-2d/15.zip	?	-
cal-2d__16	https://static.case.law/cal-2d/16.zip	?	-
cal-2d__17	https://static.case.law/cal-2d/17.zip	?	-
cal-2d__18	https://static.case.law/cal-2d/18.zip	?	-
cal-2d__19	https://static.case.law/cal-2d/19.zip	?	-
cal-2d__2	https://static.case.law/cal-2d/2.zip	?	-
cal-2d__20	https://static.case.law/cal-2d/20.zip	?	-
cal-2d__3	https://static.case.law/cal-2d/3.zip	?	-
cal-2d__4	https://static.case.law/cal-2d/4.zip	?	-
cal-2d__5	https://static.case.law/cal-2d/5.zip	?	-
cal-2d__6	https://static.case.law/cal-2d/6.zip	?	-
cal-2d__7	https://static.case.law/cal-2d/7.zip	?	-
cal-2d__8	https://static.case.law/cal-2d/8.zip	?	-
cal-2d__9	https://static.case.law/cal-2d/9.zip	?	-
cal-app__100	https://static.case.law/cal-app/100.zip	?	-
cal-app__101	https://static.case.law/cal-app/101.zip	?	-
cal-app__102	https://static.case.law/cal-app/102.zip	?	-
cal-app__103	https://static.case.law/cal-app/103.zip	?	-
cal-app__104	https://static.case.law/cal-app/104.zip	?	-
cal-app__105	https://static.case.law/cal-app/105.zip	?	-
cal-app__106	https://static.case.law/cal-app/106.zip	?	-
cal-app__107	https://static.case.law/cal-app/107.zip	?	-
cal-app__108	https://static.case.law/cal-app/108.zip	?	-
cal-app__109	https://static.case.law/cal-app/109.zip	?	-
cal-app__110	https://static.case.law/cal-app/110.zip	?	-
cal-app__111	https://static.case.law/cal-app/111.zip	?	-
cal-app__112	https://static.case.law/cal-app/112.zip	?	-
cal-app__113	https://static.case.law/cal-app/113.zip	?	-
cal-app__114	https://static.case.law/cal-app/114.zip	?	-
cal-app__115	https://static.case.law/cal-app/115.zip	?	-
cal-app__116	https://static.case.law/cal-app/116.zip	?	-
cal-app__117	https://static.case.law/cal-app/117.zip	?	-
cal-app__118	https://static.case.law/cal-app/118.zip	?	-
cal-app__119	https://static.case.law/cal-app/119.zip	?	-
cal-app__120	https://static.case.law/cal-app/120.zip	?	-
cal-app__121	https://static.case.law/cal-app/121.zip	?	-
cal-app__122	https://static.case.law/cal-app/122.zip	?	-
cal-app__123	https://static.case.law/cal-app/123.zip	?	-
cal-app__124	https://static.case.law/cal-app/124.zip	?	-
cal-app__125	https://static.case.law/cal-app/125.zip	?	-
cal-app__126	https://static.case.law/cal-app/126.zip	?	-
cal-app__127	https://static.case.law/cal-app/127.zip	?	-
cal-app__128	https://static.case.law/cal-app/128.zip	?	-
cal-app__129	https://static.case.law/cal-app/129.zip	?	-
cal-app__130	https://static.case.law/cal-app/130.zip	?	-
cal-app__131	https://static.case.law/cal-app/131.zip	?	-
cal-app__132	https://static.case.law/cal-app/132.zip	?	-
cal-app__133	https://static.case.law/cal-app/133.zip	?	-
cal-app__134	https://static.case.law/cal-app/134.zip	?	-
cal-app__135	https://static.case.law/cal-app/135.zip	?	-
cal-app__136	https://static.case.law/cal-app/136.zip	?	-
cal-app__137	https://static.case.law/cal-app/137.zip	?	-
cal-app__138	https://static.case.law/cal-app/138.zip	?	-
cal-app__139	https://static.case.law/cal-app/139.zip	?	-
cal-app__140	https://static.case.law/cal-app/140.zip	?	-
cal-app__65	https://static.case.law/cal-app/65.zip	?	-
cal-app__66	https://static.case.law/cal-app/66.zip	?	-
cal-app__67	https://static.case.law/cal-app/67.zip	?	-
cal-app__68	https://static.case.law/cal-app/68.zip	?	-
cal-app__69	https://static.case.law/cal-app/69.zip	?	-
cal-app__70	https://static.case.law/cal-app/70.zip	?	-
cal-app__71	https://static.case.law/cal-app/71.zip	?	-
cal-app__72	https://static.case.law/cal-app/72.zip	?	-
cal-app__73	https://static.case.law/cal-app/73.zip	?	-
cal-app__74	https://static.case.law/cal-app/74.zip	?	-
cal-app__75	https://static.case.law/cal-app/75.zip	?	-
cal-app__76	https://static.case.law/cal-app/76.zip	?	-
cal-app__77	https://static.case.law/cal-app/77.zip	?	-
cal-app__78	https://static.case.law/cal-app/78.zip	?	-
cal-app__79	https://static.case.law/cal-app/79.zip	?	-
cal-app__80	https://static.case.law/cal-app/80.zip	?	-
cal-app__81	https://static.case.law/cal-app/81.zip	?	-
cal-app__82	https://static.case.law/cal-app/82.zip	?	-
cal-app__83	https://static.case.law/cal-app/83.zip	?	-
cal-app__84	https://static.case.law/cal-app/84.zip	?	-
cal-app__85	https://static.case.law/cal-app/85.zip	?	-
cal-app__86	https://static.case.law/cal-app/86.zip	?	-
cal-app__87	https://static.case.law/cal-app/87.zip	?	-
cal-app__88	https://static.case.law/cal-app/88.zip	?	-
cal-app__89	https://static.case.law/cal-app/89.zip	?	-
cal-app__90	https://static.case.law/cal-app/90.zip	?	-
cal-app__91	https://static.case.law/cal-app/91.zip	?	-
cal-app__92	https://static.case.law/cal-app/92.zip	?	-
cal-app__93	https://static.case.law/cal-app/93.zip	?	-
cal-app__94	https://static.case.law/cal-app/94.zip	?	-
cal-app__95	https://static.case.law/cal-app/95.zip	?	-
cal-app__96	https://static.case.law/cal-app/96.zip	?	-
cal-app__97	https://static.case.law/cal-app/97.zip	?	-
cal-app__98	https://static.case.law/cal-app/98.zip	?	-
cal-app__99	https://static.case.law/cal-app/99.zip	?	-
cal-app-2d__1	https://static.case.law/cal-app-2d/1.zip	?	-
cal-app-2d__10	https://static.case.law/cal-app-2d/10.zip	?	-
cal-app-2d__11	https://static.case.law/cal-app-2d/11.zip	?	-
cal-app-2d__12	https://static.case.law/cal-app-2d/12.zip	?	-
cal-app-2d__13	https://static.case.law/cal-app-2d/13.zip	?	-
cal-app-2d__14	https://static.case.law/cal-app-2d/14.zip	?	-
cal-app-2d__15	https://static.case.law/cal-app-2d/15.zip	?	-
cal-app-2d__16	https://static.case.law/cal-app-2d/16.zip	?	-
cal-app-2d__17	https://static.case.law/cal-app-2d/17.zip	?	-
cal-app-2d__18	https://static.case.law/cal-app-2d/18.zip	?	-
cal-app-2d__19	https://static.case.law/cal-app-2d/19.zip	?	-
cal-app-2d__2	https://static.case.law/cal-app-2d/2.zip	?	-
cal-app-2d__20	https://static.case.law/cal-app-2d/20.zip	?	-
cal-app-2d__21	https://static.case.law/cal-app-2d/21.zip	?	-
cal-app-2d__22	https://static.case.law/cal-app-2d/22.zip	?	-
cal-app-2d__23	https://static.case.law/cal-app-2d/23.zip	?	-
cal-app-2d__24	https://static.case.law/cal-app-2d/24.zip	?	-
cal-app-2d__25	https://static.case.law/cal-app-2d/25.zip	?	-
cal-app-2d__26	https://static.case.law/cal-app-2d/26.zip	?	-
cal-app-2d__27	https://static.case.law/cal-app-2d/27.zip	?	-
cal-app-2d__28	https://static.case.law/cal-app-2d/28.zip	?	-
cal-app-2d__29	https://static.case.law/cal-app-2d/29.zip	?	-
cal-app-2d__3	https://static.case.law/cal-app-2d/3.zip	?	-
cal-app-2d__30	https://static.case.law/cal-app-2d/30.zip	?	-
cal-app-2d__31	https://static.case.law/cal-app-2d/31.zip	?	-
cal-app-2d__32	https://static.case.law/cal-app-2d/32.zip	?	-
cal-app-2d__33	https://static.case.law/cal-app-2d/33.zip	?	-
cal-app-2d__34	https://static.case.law/cal-app-2d/34.zip	?	-
cal-app-2d__35	https://static.case.law/cal-app-2d/35.zip	?	-
cal-app-2d__36	https://static.case.law/cal-app-2d/36.zip	?	-
cal-app-2d__37	https://static.case.law/cal-app-2d/37.zip	?	-
cal-app-2d__38	https://static.case.law/cal-app-2d/38.zip	?	-
cal-app-2d__39	https://static.case.law/cal-app-2d/39.zip	?	-
cal-app-2d__4	https://static.case.law/cal-app-2d/4.zip	?	-
cal-app-2d__40	https://static.case.law/cal-app-2d/40.zip	?	-
cal-app-2d__41	https://static.case.law/cal-app-2d/41.zip	?	-
cal-app-2d__42	https://static.case.law/cal-app-2d/42.zip	?	-
cal-app-2d__43	https://static.case.law/cal-app-2d/43.zip	?	-
cal-app-2d__44	https://static.case.law/cal-app-2d/44.zip	?	-
cal-app-2d__45	https://static.case.law/cal-app-2d/45.zip	?	-
cal-app-2d__46	https://static.case.law/cal-app-2d/46.zip	?	-
cal-app-2d__47	https://static.case.law/cal-app-2d/47.zip	?	-
cal-app-2d__48	https://static.case.law/cal-app-2d/48.zip	?	-
cal-app-2d__49	https://static.case.law/cal-app-2d/49.zip	?	-
cal-app-2d__5	https://static.case.law/cal-app-2d/5.zip	?	-
cal-app-2d__50	https://static.case.law/cal-app-2d/50.zip	?	-
cal-app-2d__51	https://static.case.law/cal-app-2d/51.zip	?	-
cal-app-2d__52	https://static.case.law/cal-app-2d/52.zip	?	-
cal-app-2d__53	https://static.case.law/cal-app-2d/53.zip	?	-
cal-app-2d__6	https://static.case.law/cal-app-2d/6.zip	?	-
cal-app-2d__7	https://static.case.law/cal-app-2d/7.zip	?	-
cal-app-2d__8	https://static.case.law/cal-app-2d/8.zip	?	-
cal-app-2d__9	https://static.case.law/cal-app-2d/9.zip	?	-
cal-super-ct__2	https://static.case.law/cal-super-ct/2.zip	?	-
ccpa__17	https://static.case.law/ccpa/17.zip	?	-
ccpa__17-2	https://static.case.law/ccpa/17-2.zip	?	-
ccpa__18	https://static.case.law/ccpa/18.zip	?	-
ccpa__18-2	https://static.case.law/ccpa/18-2.zip	?	-
ccpa__19	https://static.case.law/ccpa/19.zip	?	-
ccpa__19-2	https://static.case.law/ccpa/19-2.zip	?	-
ccpa__20	https://static.case.law/ccpa/20.zip	?	-
ccpa__20-2	https://static.case.law/ccpa/20-2.zip	?	-
ccpa__21	https://static.case.law/ccpa/21.zip	?	-
ccpa__21-2	https://static.case.law/ccpa/21-2.zip	?	-
ccpa__22	https://static.case.law/ccpa/22.zip	?	-
ccpa__22-2	https://static.case.law/ccpa/22-2.zip	?	-
ccpa__23	https://static.case.law/ccpa/23.zip	?	-
ccpa__23-2	https://static.case.law/ccpa/23-2.zip	?	-
ccpa__24	https://static.case.law/ccpa/24.zip	?	-
ccpa__24-2	https://static.case.law/ccpa/24-2.zip	?	-
ccpa__25	https://static.case.law/ccpa/25.zip	?	-
ccpa__25-2	https://static.case.law/ccpa/25-2.zip	?	-
ccpa__26	https://static.case.law/ccpa/26.zip	?	-
ccpa__26-2	https://static.case.law/ccpa/26-2.zip	?	-
ccpa__27	https://static.case.law/ccpa/27.zip	?	-
ccpa__27-2	https://static.case.law/ccpa/27-2.zip	?	-
ccpa__28	https://static.case.law/ccpa/28.zip	?	-
ccpa__28-2	https://static.case.law/ccpa/28-2.zip	?	-
ccpa__29	https://static.case.law/ccpa/29.zip	?	-
ccpa__29-2	https://static.case.law/ccpa/29-2.zip	?	-
colo__100	https://static.case.law/colo/100.zip	?	-
colo__101	https://static.case.law/colo/101.zip	?	-
colo__102	https://static.case.law/colo/102.zip	?	-
colo__103	https://static.case.law/colo/103.zip	?	-
colo__104	https://static.case.law/colo/104.zip	?	-
colo__105	https://static.case.law/colo/105.zip	?	-
colo__106	https://static.case.law/colo/106.zip	?	-
colo__107	https://static.case.law/colo/107.zip	?	-
colo__108	https://static.case.law/colo/108.zip	?	-
colo__109	https://static.case.law/colo/109.zip	?	-
colo__75	https://static.case.law/colo/75.zip	?	-
colo__76	https://static.case.law/colo/76.zip	?	-
colo__77	https://static.case.law/colo/77.zip	?	-
colo__78	https://static.case.law/colo/78.zip	?	-
colo__79	https://static.case.law/colo/79.zip	?	-
colo__80	https://static.case.law/colo/80.zip	?	-
colo__81	https://static.case.law/colo/81.zip	?	-
colo__82	https://static.case.law/colo/82.zip	?	-
colo__83	https://static.case.law/colo/83.zip	?	-
colo__84	https://static.case.law/colo/84.zip	?	-
colo__85	https://static.case.law/colo/85.zip	?	-
colo__86	https://static.case.law/colo/86.zip	?	-
colo__87	https://static.case.law/colo/87.zip	?	-
colo__88	https://static.case.law/colo/88.zip	?	-
colo__89	https://static.case.law/colo/89.zip	?	-
colo__90	https://static.case.law/colo/90.zip	?	-
colo__91	https://static.case.law/colo/91.zip	?	-
colo__92	https://static.case.law/colo/92.zip	?	-
colo__93	https://static.case.law/colo/93.zip	?	-
colo__94	https://static.case.law/colo/94.zip	?	-
colo__95	https://static.case.law/colo/95.zip	?	-
colo__96	https://static.case.law/colo/96.zip	?	-
colo__97	https://static.case.law/colo/97.zip	?	-
colo__98	https://static.case.law/colo/98.zip	?	-
colo__99	https://static.case.law/colo/99.zip	?	-
colo-n-p__1	https://static.case.law/colo-n-p/1.zip	?	-
conn__101	https://static.case.law/conn/101.zip	?	-
conn__102	https://static.case.law/conn/102.zip	?	-
conn__103	https://static.case.law/conn/103.zip	?	-
conn__104	https://static.case.law/conn/104.zip	?	-
conn__105	https://static.case.law/conn/105.zip	?	-
conn__106	https://static.case.law/conn/106.zip	?	-
conn__107	https://static.case.law/conn/107.zip	?	-
conn__108	https://static.case.law/conn/108.zip	?	-
conn__109	https://static.case.law/conn/109.zip	?	-
conn__110	https://static.case.law/conn/110.zip	?	-
conn__111	https://static.case.law/conn/111.zip	?	-
conn__112	https://static.case.law/conn/112.zip	?	-
conn__113	https://static.case.law/conn/113.zip	?	-
conn__114	https://static.case.law/conn/114.zip	?	-
conn__115	https://static.case.law/conn/115.zip	?	-
conn__116	https://static.case.law/conn/116.zip	?	-
conn__117	https://static.case.law/conn/117.zip	?	-
conn__118	https://static.case.law/conn/118.zip	?	-
conn__119	https://static.case.law/conn/119.zip	?	-
conn__120	https://static.case.law/conn/120.zip	?	-
conn__121	https://static.case.law/conn/121.zip	?	-
conn__122	https://static.case.law/conn/122.zip	?	-
conn__123	https://static.case.law/conn/123.zip	?	-
conn__124	https://static.case.law/conn/124.zip	?	-
conn__125	https://static.case.law/conn/125.zip	?	-
conn__126	https://static.case.law/conn/126.zip	?	-
conn__127	https://static.case.law/conn/127.zip	?	-
conn__128	https://static.case.law/conn/128.zip	?	-
conn-supp__1	https://static.case.law/conn-supp/1.zip	?	-
conn-supp__10	https://static.case.law/conn-supp/10.zip	?	-
conn-supp__2	https://static.case.law/conn-supp/2.zip	?	-
conn-supp__3	https://static.case.law/conn-supp/3.zip	?	-
conn-supp__4	https://static.case.law/conn-supp/4.zip	?	-
conn-supp__5	https://static.case.law/conn-supp/5.zip	?	-
conn-supp__6	https://static.case.law/conn-supp/6.zip	?	-
conn-supp__7	https://static.case.law/conn-supp/7.zip	?	-
conn-supp__8	https://static.case.law/conn-supp/8.zip	?	-
conn-supp__9	https://static.case.law/conn-supp/9.zip	?	-
ct-cust__12	https://static.case.law/ct-cust/12.zip	?	-
ct-cust__13	https://static.case.law/ct-cust/13.zip	?	-
ct-cust__14	https://static.case.law/ct-cust/14.zip	?	-
ct-cust__15	https://static.case.law/ct-cust/15.zip	?	-
ct-cust__16	https://static.case.law/ct-cust/16.zip	?	-
cust-ct__1	https://static.case.law/cust-ct/1.zip	?	-
cust-ct__2	https://static.case.law/cust-ct/2.zip	?	-
cust-ct__3	https://static.case.law/cust-ct/3.zip	?	-
cust-ct__4	https://static.case.law/cust-ct/4.zip	?	-
cust-ct__5	https://static.case.law/cust-ct/5.zip	?	-
cust-ct__6	https://static.case.law/cust-ct/6.zip	?	-
cust-ct__7	https://static.case.law/cust-ct/7.zip	?	-
cust-ct__8	https://static.case.law/cust-ct/8.zip	?	-
del__31	https://static.case.law/del/31.zip	?	-
del__32	https://static.case.law/del/32.zip	?	-
del__33	https://static.case.law/del/33.zip	?	-
del__34	https://static.case.law/del/34.zip	?	-
del__35	https://static.case.law/del/35.zip	?	-
del__36	https://static.case.law/del/36.zip	?	-
del__37	https://static.case.law/del/37.zip	?	-
del__38	https://static.case.law/del/38.zip	?	-
del__39	https://static.case.law/del/39.zip	?	-
del__40	https://static.case.law/del/40.zip	?	-
del__41	https://static.case.law/del/41.zip	?	-
del-ch__13	https://static.case.law/del-ch/13.zip	?	-
del-ch__14	https://static.case.law/del-ch/14.zip	?	-
del-ch__15	https://static.case.law/del-ch/15.zip	?	-
del-ch__16	https://static.case.law/del-ch/16.zip	?	-
del-ch__17	https://static.case.law/del-ch/17.zip	?	-
del-ch__18	https://static.case.law/del-ch/18.zip	?	-
del-ch__19	https://static.case.law/del-ch/19.zip	?	-
del-ch__20	https://static.case.law/del-ch/20.zip	?	-
del-ch__21	https://static.case.law/del-ch/21.zip	?	-
del-ch__22	https://static.case.law/del-ch/22.zip	?	-
f__300	https://static.case.law/f/300.zip	?	-
f-supp__1	https://static.case.law/f-supp/1.zip	?	-
f-supp__10	https://static.case.law/f-supp/10.zip	?	-
f-supp__11	https://static.case.law/f-supp/11.zip	?	-
f-supp__12	https://static.case.law/f-supp/12.zip	?	-
f-supp__13	https://static.case.law/f-supp/13.zip	?	-
f-supp__14	https://static.case.law/f-supp/14.zip	?	-
f-supp__15	https://static.case.law/f-supp/15.zip	?	-
f-supp__16	https://static.case.law/f-supp/16.zip	?	-
f-supp__17	https://static.case.law/f-supp/17.zip	?	-
f-supp__18	https://static.case.law/f-supp/18.zip	?	-
f-supp__19	https://static.case.law/f-supp/19.zip	?	-
f-supp__2	https://static.case.law/f-supp/2.zip	?	-
f-supp__20	https://static.case.law/f-supp/20.zip	?	-
f-supp__21	https://static.case.law/f-supp/21.zip	?	-
f-supp__22	https://static.case.law/f-supp/22.zip	?	-
f-supp__23	https://static.case.law/f-supp/23.zip	?	-
f-supp__24	https://static.case.law/f-supp/24.zip	?	-
f-supp__25	https://static.case.law/f-supp/25.zip	?	-
f-supp__26	https://static.case.law/f-supp/26.zip	?	-
f-supp__27	https://static.case.law/f-supp/27.zip	?	-
f-supp__28	https://static.case.law/f-supp/28.zip	?	-
f-supp__29	https://static.case.law/f-supp/29.zip	?	-
f-supp__3	https://static.case.law/f-supp/3.zip	?	-
f-supp__30	https://static.case.law/f-supp/30.zip	?	-
f-supp__31	https://static.case.law/f-supp/31.zip	?	-
f-supp__32	https://static.case.law/f-supp/32.zip	?	-
f-supp__33	https://static.case.law/f-supp/33.zip	?	-
f-supp__34	https://static.case.law/f-supp/34.zip	?	-
f-supp__35	https://static.case.law/f-supp/35.zip	?	-
f-supp__36	https://static.case.law/f-supp/36.zip	?	-
f-supp__37	https://static.case.law/f-supp/37.zip	?	-
f-supp__38	https://static.case.law/f-supp/38.zip	?	-
f-supp__39	https://static.case.law/f-supp/39.zip	?	-
f-supp__4	https://static.case.law/f-supp/4.zip	?	-
f-supp__40	https://static.case.law/f-supp/40.zip	?	-
f-supp__41	https://static.case.law/f-supp/41.zip	?	-
f-supp__42	https://static.case.law/f-supp/42.zip	?	-
f-supp__43	https://static.case.law/f-supp/43.zip	?	-
f-supp__44	https://static.case.law/f-supp/44.zip	?	-
f-supp__45	https://static.case.law/f-supp/45.zip	?	-
f-supp__5	https://static.case.law/f-supp/5.zip	?	-
f-supp__6	https://static.case.law/f-supp/6.zip	?	-
f-supp__7	https://static.case.law/f-supp/7.zip	?	-
f-supp__8	https://static.case.law/f-supp/8.zip	?	-
f-supp__9	https://static.case.law/f-supp/9.zip	?	-
f2d__1	https://static.case.law/f2d/1.zip	?	-
f2d__10	https://static.case.law/f2d/10.zip	?	-
f2d__100	https://static.case.law/f2d/100.zip	?	-
f2d__101	https://static.case.law/f2d/101.zip	?	-
f2d__102	https://static.case.law/f2d/102.zip	?	-
f2d__103	https://static.case.law/f2d/103.zip	?	-
f2d__104	https://static.case.law/f2d/104.zip	?	-
f2d__105	https://static.case.law/f2d/105.zip	?	-
f2d__106	https://static.case.law/f2d/106.zip	?	-
f2d__107	https://static.case.law/f2d/107.zip	?	-
f2d__108	https://static.case.law/f2d/108.zip	?	-
f2d__109	https://static.case.law/f2d/109.zip	?	-
f2d__11	https://static.case.law/f2d/11.zip	?	-
f2d__110	https://static.case.law/f2d/110.zip	?	-
f2d__111	https://static.case.law/f2d/111.zip	?	-
f2d__112	https://static.case.law/f2d/112.zip	?	-
f2d__113	https://static.case.law/f2d/113.zip	?	-
f2d__114	https://static.case.law/f2d/114.zip	?	-
f2d__115	https://static.case.law/f2d/115.zip	?	-
f2d__116	https://static.case.law/f2d/116.zip	?	-
f2d__117	https://static.case.law/f2d/117.zip	?	-
f2d__118	https://static.case.law/f2d/118.zip	?	-
f2d__119	https://static.case.law/f2d/119.zip	?	-
f2d__12	https://static.case.law/f2d/12.zip	?	-
f2d__120	https://static.case.law/f2d/120.zip	?	-
f2d__121	https://static.case.law/f2d/121.zip	?	-
f2d__122	https://static.case.law/f2d/122.zip	?	-
f2d__123	https://static.case.law/f2d/123.zip	?	-
f2d__124	https://static.case.law/f2d/124.zip	?	-
f2d__125	https://static.case.law/f2d/125.zip	?	-
f2d__126	https://static.case.law/f2d/126.zip	?	-
f2d__127	https://static.case.law/f2d/127.zip	?	-
f2d__128	https://static.case.law/f2d/128.zip	?	-
f2d__129	https://static.case.law/f2d/129.zip	?	-
f2d__13	https://static.case.law/f2d/13.zip	?	-
f2d__14	https://static.case.law/f2d/14.zip	?	-
f2d__15	https://static.case.law/f2d/15.zip	?	-
f2d__16	https://static.case.law/f2d/16.zip	?	-
f2d__17	https://static.case.law/f2d/17.zip	?	-
f2d__18	https://static.case.law/f2d/18.zip	?	-
f2d__19	https://static.case.law/f2d/19.zip	?	-
f2d__2	https://static.case.law/f2d/2.zip	?	-
f2d__20	https://static.case.law/f2d/20.zip	?	-
f2d__21	https://static.case.law/f2d/21.zip	?	-
f2d__22	https://static.case.law/f2d/22.zip	?	-
f2d__23	https://static.case.law/f2d/23.zip	?	-
f2d__24	https://static.case.law/f2d/24.zip	?	-
f2d__25	https://static.case.law/f2d/25.zip	?	-
f2d__26	https://static.case.law/f2d/26.zip	?	-
f2d__27	https://static.case.law/f2d/27.zip	?	-
f2d__28	https://static.case.law/f2d/28.zip	?	-
f2d__29	https://static.case.law/f2d/29.zip	?	-
f2d__3	https://static.case.law/f2d/3.zip	?	-
f2d__30	https://static.case.law/f2d/30.zip	?	-
f2d__31	https://static.case.law/f2d/31.zip	?	-
f2d__32	https://static.case.law/f2d/32.zip	?	-
f2d__33	https://static.case.law/f2d/33.zip	?	-
f2d__34	https://static.case.law/f2d/34.zip	?	-
f2d__35	https://static.case.law/f2d/35.zip	?	-
f2d__36	https://static.case.law/f2d/36.zip	?	-
f2d__37	https://static.case.law/f2d/37.zip	?	-
f2d__38	https://static.case.law/f2d/38.zip	?	-
f2d__39	https://static.case.law/f2d/39.zip	?	-
f2d__4	https://static.case.law/f2d/4.zip	?	-
f2d__40	https://static.case.law/f2d/40.zip	?	-
f2d__41	https://static.case.law/f2d/41.zip	?	-
f2d__42	https://static.case.law/f2d/42.zip	?	-
f2d__43	https://static.case.law/f2d/43.zip	?	-
f2d__44	https://static.case.law/f2d/44.zip	?	-
f2d__45	https://static.case.law/f2d/45.zip	?	-
f2d__46	https://static.case.law/f2d/46.zip	?	-
f2d__47	https://static.case.law/f2d/47.zip	?	-
f2d__48	https://static.case.law/f2d/48.zip	?	-
f2d__49	https://static.case.law/f2d/49.zip	?	-
f2d__5	https://static.case.law/f2d/5.zip	?	-
f2d__50	https://static.case.law/f2d/50.zip	?	-
f2d__51	https://static.case.law/f2d/51.zip	?	-
f2d__52	https://static.case.law/f2d/52.zip	?	-
f2d__53	https://static.case.law/f2d/53.zip	?	-
f2d__54	https://static.case.law/f2d/54.zip	?	-
f2d__55	https://static.case.law/f2d/55.zip	?	-
f2d__56	https://static.case.law/f2d/56.zip	?	-
f2d__57	https://static.case.law/f2d/57.zip	?	-
f2d__58	https://static.case.law/f2d/58.zip	?	-
f2d__59	https://static.case.law/f2d/59.zip	?	-
f2d__6	https://static.case.law/f2d/6.zip	?	-
f2d__60	https://static.case.law/f2d/60.zip	?	-
f2d__61	https://static.case.law/f2d/61.zip	?	-
f2d__62	https://static.case.law/f2d/62.zip	?	-
f2d__63	https://static.case.law/f2d/63.zip	?	-
f2d__64	https://static.case.law/f2d/64.zip	?	-
f2d__65	https://static.case.law/f2d/65.zip	?	-
f2d__66	https://static.case.law/f2d/66.zip	?	-
f2d__67	https://static.case.law/f2d/67.zip	?	-
f2d__68	https://static.case.law/f2d/68.zip	?	-
f2d__69	https://static.case.law/f2d/69.zip	?	-
f2d__7	https://static.case.law/f2d/7.zip	?	-
f2d__70	https://static.case.law/f2d/70.zip	?	-
f2d__71	https://static.case.law/f2d/71.zip	?	-
f2d__72	https://static.case.law/f2d/72.zip	?	-
f2d__73	https://static.case.law/f2d/73.zip	?	-
f2d__74	https://static.case.law/f2d/74.zip	?	-
f2d__75	https://static.case.law/f2d/75.zip	?	-
f2d__76	https://static.case.law/f2d/76.zip	?	-
f2d__77	https://static.case.law/f2d/77.zip	?	-
f2d__78	https://static.case.law/f2d/78.zip	?	-
f2d__79	https://static.case.law/f2d/79.zip	?	-
f2d__8	https://static.case.law/f2d/8.zip	?	-
f2d__80	https://static.case.law/f2d/80.zip	?	-
f2d__81	https://static.case.law/f2d/81.zip	?	-
f2d__82	https://static.case.law/f2d/82.zip	?	-
f2d__83	https://static.case.law/f2d/83.zip	?	-
f2d__84	https://static.case.law/f2d/84.zip	?	-
f2d__85	https://static.case.law/f2d/85.zip	?	-
f2d__86	https://static.case.law/f2d/86.zip	?	-
f2d__87	https://static.case.law/f2d/87.zip	?	-
f2d__88	https://static.case.law/f2d/88.zip	?	-
f2d__89	https://static.case.law/f2d/89.zip	?	-
f2d__9	https://static.case.law/f2d/9.zip	?	-
f2d__90	https://static.case.law/f2d/90.zip	?	-
f2d__91	https://static.case.law/f2d/91.zip	?	-
f2d__92	https://static.case.law/f2d/92.zip	?	-
f2d__93	https://static.case.law/f2d/93.zip	?	-
f2d__94	https://static.case.law/f2d/94.zip	?	-
f2d__95	https://static.case.law/f2d/95.zip	?	-
f2d__96	https://static.case.law/f2d/96.zip	?	-
f2d__97	https://static.case.law/f2d/97.zip	?	-
f2d__98	https://static.case.law/f2d/98.zip	?	-
f2d__99	https://static.case.law/f2d/99.zip	?	-
fla__100	https://static.case.law/fla/100.zip	?	-
fla__100-2	https://static.case.law/fla/100-2.zip	?	-
fla__101	https://static.case.law/fla/101.zip	?	-
fla__102	https://static.case.law/fla/102.zip	?	-
fla__103	https://static.case.law/fla/103.zip	?	-
fla__104	https://static.case.law/fla/104.zip	?	-
fla__105	https://static.case.law/fla/105.zip	?	-
fla__106	https://static.case.law/fla/106.zip	?	-
fla__107	https://static.case.law/fla/107.zip	?	-
fla__108	https://static.case.law/fla/108.zip	?	-
fla__109	https://static.case.law/fla/109.zip	?	-
fla__110	https://static.case.law/fla/110.zip	?	-
fla__111	https://static.case.law/fla/111.zip	?	-
fla__112	https://static.case.law/fla/112.zip	?	-
fla__113	https://static.case.law/fla/113.zip	?	-
fla__114	https://static.case.law/fla/114.zip	?	-
fla__115	https://static.case.law/fla/115.zip	?	-
fla__116	https://static.case.law/fla/116.zip	?	-
fla__117	https://static.case.law/fla/117.zip	?	-
fla__118	https://static.case.law/fla/118.zip	?	-
fla__119	https://static.case.law/fla/119.zip	?	-
fla__120	https://static.case.law/fla/120.zip	?	-
fla__121	https://static.case.law/fla/121.zip	?	-
fla__122	https://static.case.law/fla/122.zip	?	-
fla__123	https://static.case.law/fla/123.zip	?	-
fla__124	https://static.case.law/fla/124.zip	?	-
fla__125	https://static.case.law/fla/125.zip	?	-
fla__126	https://static.case.law/fla/126.zip	?	-
fla__127	https://static.case.law/fla/127.zip	?	-
fla__128	https://static.case.law/fla/128.zip	?	-
fla__129	https://static.case.law/fla/129.zip	?	-
fla__130	https://static.case.law/fla/130.zip	?	-
fla__131	https://static.case.law/fla/131.zip	?	-
fla__132	https://static.case.law/fla/132.zip	?	-
fla__133	https://static.case.law/fla/133.zip	?	-
fla__134	https://static.case.law/fla/134.zip	?	-
fla__135	https://static.case.law/fla/135.zip	?	-
fla__136	https://static.case.law/fla/136.zip	?	-
fla__137	https://static.case.law/fla/137.zip	?	-
fla__138	https://static.case.law/fla/138.zip	?	-
fla__139	https://static.case.law/fla/139.zip	?	-
fla__140	https://static.case.law/fla/140.zip	?	-
fla__141	https://static.case.law/fla/141.zip	?	-
fla__142	https://static.case.law/fla/142.zip	?	-
fla__143	https://static.case.law/fla/143.zip	?	-
fla__144	https://static.case.law/fla/144.zip	?	-
fla__145	https://static.case.law/fla/145.zip	?	-
fla__146	https://static.case.law/fla/146.zip	?	-
fla__147	https://static.case.law/fla/147.zip	?	-
fla__148	https://static.case.law/fla/148.zip	?	-
fla__149	https://static.case.law/fla/149.zip	?	-
fla__150	https://static.case.law/fla/150.zip	?	-
fla__151	https://static.case.law/fla/151.zip	?	-
fla__17	https://static.case.law/fla/17.zip	?	-
fla__85	https://static.case.law/fla/85.zip	?	-
fla__89	https://static.case.law/fla/89.zip	?	-
fla__90	https://static.case.law/fla/90.zip	?	-
fla__91	https://static.case.law/fla/91.zip	?	-
fla__92	https://static.case.law/fla/92.zip	?	-
fla__93	https://static.case.law/fla/93.zip	?	-
fla__94	https://static.case.law/fla/94.zip	?	-
fla__95	https://static.case.law/fla/95.zip	?	-
fla__96	https://static.case.law/fla/96.zip	?	-
fla__97	https://static.case.law/fla/97.zip	?	-
fla__98	https://static.case.law/fla/98.zip	?	-
fla__99	https://static.case.law/fla/99.zip	?	-
frd__1	https://static.case.law/frd/1.zip	?	-
ga__159	https://static.case.law/ga/159.zip	?	-
ga__160	https://static.case.law/ga/160.zip	?	-
ga__161	https://static.case.law/ga/161.zip	?	-
ga__162	https://static.case.law/ga/162.zip	?	-
ga__163	https://static.case.law/ga/163.zip	?	-
ga__164	https://static.case.law/ga/164.zip	?	-
ga__165	https://static.case.law/ga/165.zip	?	-
ga__166	https://static.case.law/ga/166.zip	?	-
ga__167	https://static.case.law/ga/167.zip	?	-
ga__168	https://static.case.law/ga/168.zip	?	-
ga__169	https://static.case.law/ga/169.zip	?	-
ga__170	https://static.case.law/ga/170.zip	?	-
ga__171	https://static.case.law/ga/171.zip	?	-
ga__172	https://static.case.law/ga/172.zip	?	-
ga__173	https://static.case.law/ga/173.zip	?	-
ga__174	https://static.case.law/ga/174.zip	?	-
ga__175	https://static.case.law/ga/175.zip	?	-
ga__176	https://static.case.law/ga/176.zip	?	-
ga__177	https://static.case.law/ga/177.zip	?	-
ga__178	https://static.case.law/ga/178.zip	?	-
ga__179	https://static.case.law/ga/179.zip	?	-
ga__180	https://static.case.law/ga/180.zip	?	-
ga__181	https://static.case.law/ga/181.zip	?	-
ga__182	https://static.case.law/ga/182.zip	?	-
ga__183	https://static.case.law/ga/183.zip	?	-
ga__184	https://static.case.law/ga/184.zip	?	-
ga__185	https://static.case.law/ga/185.zip	?	-
ga__186	https://static.case.law/ga/186.zip	?	-
ga__187	https://static.case.law/ga/187.zip	?	-
ga__188	https://static.case.law/ga/188.zip	?	-
ga__189	https://static.case.law/ga/189.zip	?	-
ga__190	https://static.case.law/ga/190.zip	?	-
ga__191	https://static.case.law/ga/191.zip	?	-
ga__192	https://static.case.law/ga/192.zip	?	-
ga__193	https://static.case.law/ga/193.zip	?	-
ga-app__32	https://static.case.law/ga-app/32.zip	?	-
ga-app__33	https://static.case.law/ga-app/33.zip	?	-
ga-app__34	https://static.case.law/ga-app/34.zip	?	-
ga-app__35	https://static.case.law/ga-app/35.zip	?	-
ga-app__36	https://static.case.law/ga-app/36.zip	?	-
ga-app__37	https://static.case.law/ga-app/37.zip	?	-
ga-app__38	https://static.case.law/ga-app/38.zip	?	-
ga-app__39	https://static.case.law/ga-app/39.zip	?	-
ga-app__40	https://static.case.law/ga-app/40.zip	?	-
ga-app__41	https://static.case.law/ga-app/41.zip	?	-
ga-app__42	https://static.case.law/ga-app/42.zip	?	-
ga-app__43	https://static.case.law/ga-app/43.zip	?	-
ga-app__44	https://static.case.law/ga-app/44.zip	?	-
ga-app__45	https://static.case.law/ga-app/45.zip	?	-
ga-app__46	https://static.case.law/ga-app/46.zip	?	-
ga-app__47	https://static.case.law/ga-app/47.zip	?	-
ga-app__48	https://static.case.law/ga-app/48.zip	?	-
ga-app__49	https://static.case.law/ga-app/49.zip	?	-
ga-app__50	https://static.case.law/ga-app/50.zip	?	-
ga-app__51	https://static.case.law/ga-app/51.zip	?	-
ga-app__52	https://static.case.law/ga-app/52.zip	?	-
ga-app__53	https://static.case.law/ga-app/53.zip	?	-
ga-app__54	https://static.case.law/ga-app/54.zip	?	-
ga-app__55	https://static.case.law/ga-app/55.zip	?	-
ga-app__56	https://static.case.law/ga-app/56.zip	?	-
ga-app__57	https://static.case.law/ga-app/57.zip	?	-
ga-app__58	https://static.case.law/ga-app/58.zip	?	-
ga-app__59	https://static.case.law/ga-app/59.zip	?	-
ga-app__60	https://static.case.law/ga-app/60.zip	?	-
ga-app__61	https://static.case.law/ga-app/61.zip	?	-
ga-app__62	https://static.case.law/ga-app/62.zip	?	-
ga-app__63	https://static.case.law/ga-app/63.zip	?	-
ga-app__64	https://static.case.law/ga-app/64.zip	?	-
ga-app__65	https://static.case.law/ga-app/65.zip	?	-
ga-app__66	https://static.case.law/ga-app/66.zip	?	-
ga-app__67	https://static.case.law/ga-app/67.zip	?	-
haw__28	https://static.case.law/haw/28.zip	?	-
haw__29	https://static.case.law/haw/29.zip	?	-
haw__30	https://static.case.law/haw/30.zip	?	-
haw__31	https://static.case.law/haw/31.zip	?	-
haw__32	https://static.case.law/haw/32.zip	?	-
haw__33	https://static.case.law/haw/33.zip	?	-
haw__34	https://static.case.law/haw/34.zip	?	-
haw__35	https://static.case.law/haw/35.zip	?	-
idaho__39	https://static.case.law/idaho/39.zip	?	-
idaho__40	https://static.case.law/idaho/40.zip	?	-
idaho__41	https://static.case.law/idaho/41.zip	?	-
idaho__42	https://static.case.law/idaho/42.zip	?	-
idaho__43	https://static.case.law/idaho/43.zip	?	-
idaho__44	https://static.case.law/idaho/44.zip	?	-
idaho__45	https://static.case.law/idaho/45.zip	?	-
idaho__46	https://static.case.law/idaho/46.zip	?	-
idaho__47	https://static.case.law/idaho/47.zip	?	-
idaho__48	https://static.case.law/idaho/48.zip	?	-
idaho__49	https://static.case.law/idaho/49.zip	?	-
idaho__50	https://static.case.law/idaho/50.zip	?	-
idaho__51	https://static.case.law/idaho/51.zip	?	-
idaho__52	https://static.case.law/idaho/52.zip	?	-
idaho__53	https://static.case.law/idaho/53.zip	?	-
idaho__54	https://static.case.law/idaho/54.zip	?	-
idaho__55	https://static.case.law/idaho/55.zip	?	-
idaho__56	https://static.case.law/idaho/56.zip	?	-
idaho__57	https://static.case.law/idaho/57.zip	?	-
idaho__58	https://static.case.law/idaho/58.zip	?	-
idaho__59	https://static.case.law/idaho/59.zip	?	-
idaho__60	https://static.case.law/idaho/60.zip	?	-
idaho__61	https://static.case.law/idaho/61.zip	?	-
idaho__62	https://static.case.law/idaho/62.zip	?	-
ill__313	https://static.case.law/ill/313.zip	?	-
ill__314	https://static.case.law/ill/314.zip	?	-
ill__315	https://static.case.law/ill/315.zip	?	-
ill__316	https://static.case.law/ill/316.zip	?	-
ill__317	https://static.case.law/ill/317.zip	?	-
ill__318	https://static.case.law/ill/318.zip	?	-
ill__319	https://static.case.law/ill/319.zip	?	-
ill__320	https://static.case.law/ill/320.zip	?	-
ill__321	https://static.case.law/ill/321.zip	?	-
ill__322	https://static.case.law/ill/322.zip	?	-
ill__323	https://static.case.law/ill/323.zip	?	-
ill__324	https://static.case.law/ill/324.zip	?	-
ill__325	https://static.case.law/ill/325.zip	?	-
ill__326	https://static.case.law/ill/326.zip	?	-
ill__327	https://static.case.law/ill/327.zip	?	-
ill__328	https://static.case.law/ill/328.zip	?	-
ill__329	https://static.case.law/ill/329.zip	?	-
ill__330	https://static.case.law/ill/330.zip	?	-
ill__331	https://static.case.law/ill/331.zip	?	-
ill__332	https://static.case.law/ill/332.zip	?	-
ill__333	https://static.case.law/ill/333.zip	?	-
ill__334	https://static.case.law/ill/334.zip	?	-
ill__335	https://static.case.law/ill/335.zip	?	-
ill__336	https://static.case.law/ill/336.zip	?	-
ill__337	https://static.case.law/ill/337.zip	?	-
ill__338	https://static.case.law/ill/338.zip	?	-
ill__339	https://static.case.law/ill/339.zip	?	-
ill__340	https://static.case.law/ill/340.zip	?	-
ill__341	https://static.case.law/ill/341.zip	?	-
ill__342	https://static.case.law/ill/342.zip	?	-
ill__343	https://static.case.law/ill/343.zip	?	-
ill__344	https://static.case.law/ill/344.zip	?	-
ill__345	https://static.case.law/ill/345.zip	?	-
ill__346	https://static.case.law/ill/346.zip	?	-
ill__347	https://static.case.law/ill/347.zip	?	-
ill__348	https://static.case.law/ill/348.zip	?	-
ill__349	https://static.case.law/ill/349.zip	?	-
ill__350	https://static.case.law/ill/350.zip	?	-
ill__351	https://static.case.law/ill/351.zip	?	-
ill__352	https://static.case.law/ill/352.zip	?	-
ill__353	https://static.case.law/ill/353.zip	?	-
ill__354	https://static.case.law/ill/354.zip	?	-
ill__355	https://static.case.law/ill/355.zip	?	-
ill__356	https://static.case.law/ill/356.zip	?	-
ill__357	https://static.case.law/ill/357.zip	?	-
ill__358	https://static.case.law/ill/358.zip	?	-
ill__359	https://static.case.law/ill/359.zip	?	-
ill__360	https://static.case.law/ill/360.zip	?	-
ill__361	https://static.case.law/ill/361.zip	?	-
ill__362	https://static.case.law/ill/362.zip	?	-
ill__363	https://static.case.law/ill/363.zip	?	-
ill__364	https://static.case.law/ill/364.zip	?	-
ill__365	https://static.case.law/ill/365.zip	?	-
ill__366	https://static.case.law/ill/366.zip	?	-
ill__367	https://static.case.law/ill/367.zip	?	-
ill__368	https://static.case.law/ill/368.zip	?	-
ill__369	https://static.case.law/ill/369.zip	?	-
ill__370	https://static.case.law/ill/370.zip	?	-
ill__371	https://static.case.law/ill/371.zip	?	-
ill__372	https://static.case.law/ill/372.zip	?	-
ill__373	https://static.case.law/ill/373.zip	?	-
ill__374	https://static.case.law/ill/374.zip	?	-
ill__375	https://static.case.law/ill/375.zip	?	-
ill__376	https://static.case.law/ill/376.zip	?	-
ill__377	https://static.case.law/ill/377.zip	?	-
ill__378	https://static.case.law/ill/378.zip	?	-
ill__379	https://static.case.law/ill/379.zip	?	-
ill-app__232	https://static.case.law/ill-app/232.zip	?	-
ill-app__233	https://static.case.law/ill-app/233.zip	?	-
ill-app__234	https://static.case.law/ill-app/234.zip	?	-
ill-app__235	https://static.case.law/ill-app/235.zip	?	-
ill-app__236	https://static.case.law/ill-app/236.zip	?	-
ill-app__237	https://static.case.law/ill-app/237.zip	?	-
ill-app__238	https://static.case.law/ill-app/238.zip	?	-
ill-app__239	https://static.case.law/ill-app/239.zip	?	-
ill-app__240	https://static.case.law/ill-app/240.zip	?	-
ill-app__241	https://static.case.law/ill-app/241.zip	?	-
ill-app__242	https://static.case.law/ill-app/242.zip	?	-
ill-app__243	https://static.case.law/ill-app/243.zip	?	-
ill-app__244	https://static.case.law/ill-app/244.zip	?	-
ill-app__245	https://static.case.law/ill-app/245.zip	?	-
ill-app__246	https://static.case.law/ill-app/246.zip	?	-
ill-app__247	https://static.case.law/ill-app/247.zip	?	-
ill-app__248	https://static.case.law/ill-app/248.zip	?	-
ill-app__249	https://static.case.law/ill-app/249.zip	?	-
ill-app__250	https://static.case.law/ill-app/250.zip	?	-
ill-app__251	https://static.case.law/ill-app/251.zip	?	-
ill-app__252	https://static.case.law/ill-app/252.zip	?	-
ill-app__253	https://static.case.law/ill-app/253.zip	?	-
ill-app__254	https://static.case.law/ill-app/254.zip	?	-
ill-app__255	https://static.case.law/ill-app/255.zip	?	-
ill-app__256	https://static.case.law/ill-app/256.zip	?	-
ill-app__257	https://static.case.law/ill-app/257.zip	?	-
ill-app__258	https://static.case.law/ill-app/258.zip	?	-
ill-app__259	https://static.case.law/ill-app/259.zip	?	-
ill-app__260	https://static.case.law/ill-app/260.zip	?	-
ill-app__261	https://static.case.law/ill-app/261.zip	?	-
ill-app__262	https://static.case.law/ill-app/262.zip	?	-
ill-app__263	https://static.case.law/ill-app/263.zip	?	-
ill-app__264	https://static.case.law/ill-app/264.zip	?	-
ill-app__265	https://static.case.law/ill-app/265.zip	?	-
ill-app__266	https://static.case.law/ill-app/266.zip	?	-
ill-app__267	https://static.case.law/ill-app/267.zip	?	-
ill-app__268	https://static.case.law/ill-app/268.zip	?	-
ill-app__269	https://static.case.law/ill-app/269.zip	?	-
ill-app__270	https://static.case.law/ill-app/270.zip	?	-
ill-app__271	https://static.case.law/ill-app/271.zip	?	-
ill-app__272	https://static.case.law/ill-app/272.zip	?	-
ill-app__273	https://static.case.law/ill-app/273.zip	?	-
ill-app__274	https://static.case.law/ill-app/274.zip	?	-
ill-app__275	https://static.case.law/ill-app/275.zip	?	-
ill-app__276	https://static.case.law/ill-app/276.zip	?	-
ill-app__277	https://static.case.law/ill-app/277.zip	?	-
ill-app__278	https://static.case.law/ill-app/278.zip	?	-
ill-app__279	https://static.case.law/ill-app/279.zip	?	-
ill-app__280	https://static.case.law/ill-app/280.zip	?	-
ill-app__281	https://static.case.law/ill-app/281.zip	?	-
ill-app__282	https://static.case.law/ill-app/282.zip	?	-
ill-app__283	https://static.case.law/ill-app/283.zip	?	-
ill-app__284	https://static.case.law/ill-app/284.zip	?	-
ill-app__285	https://static.case.law/ill-app/285.zip	?	-
ill-app__286	https://static.case.law/ill-app/286.zip	?	-
ill-app__287	https://static.case.law/ill-app/287.zip	?	-
ill-app__288	https://static.case.law/ill-app/288.zip	?	-
ill-app__289	https://static.case.law/ill-app/289.zip	?	-
ill-app__290	https://static.case.law/ill-app/290.zip	?	-
ill-app__291	https://static.case.law/ill-app/291.zip	?	-
ill-app__292	https://static.case.law/ill-app/292.zip	?	-
ill-app__293	https://static.case.law/ill-app/293.zip	?	-
ill-app__294	https://static.case.law/ill-app/294.zip	?	-
ill-app__295	https://static.case.law/ill-app/295.zip	?	-
ill-app__296	https://static.case.law/ill-app/296.zip	?	-
ill-app__297	https://static.case.law/ill-app/297.zip	?	-
ill-app__298	https://static.case.law/ill-app/298.zip	?	-
ill-app__299	https://static.case.law/ill-app/299.zip	?	-
ill-app__300	https://static.case.law/ill-app/300.zip	?	-
ill-app__301	https://static.case.law/ill-app/301.zip	?	-
ill-app__302	https://static.case.law/ill-app/302.zip	?	-
ill-app__303	https://static.case.law/ill-app/303.zip	?	-
ill-app__304	https://static.case.law/ill-app/304.zip	?	-
ill-app__305	https://static.case.law/ill-app/305.zip	?	-
ill-app__306	https://static.case.law/ill-app/306.zip	?	-
ill-app__307	https://static.case.law/ill-app/307.zip	?	-
ill-app__308	https://static.case.law/ill-app/308.zip	?	-
ill-app__309	https://static.case.law/ill-app/309.zip	?	-
ill-app__310	https://static.case.law/ill-app/310.zip	?	-
ill-app__311	https://static.case.law/ill-app/311.zip	?	-
ill-app__312	https://static.case.law/ill-app/312.zip	?	-
ill-app__313	https://static.case.law/ill-app/313.zip	?	-
ill-app__314	https://static.case.law/ill-app/314.zip	?	-
ill-app__315	https://static.case.law/ill-app/315.zip	?	-
ill-ct-cl__10	https://static.case.law/ill-ct-cl/10.zip	?	-
ill-ct-cl__11	https://static.case.law/ill-ct-cl/11.zip	?	-
ill-ct-cl__5	https://static.case.law/ill-ct-cl/5.zip	?	-
ill-ct-cl__6	https://static.case.law/ill-ct-cl/6.zip	?	-
ill-ct-cl__7	https://static.case.law/ill-ct-cl/7.zip	?	-
ill-ct-cl__8	https://static.case.law/ill-ct-cl/8.zip	?	-
ill-ct-cl__9	https://static.case.law/ill-ct-cl/9.zip	?	-
ind__193	https://static.case.law/ind/193.zip	?	-
ind__194	https://static.case.law/ind/194.zip	?	-
ind__195	https://static.case.law/ind/195.zip	?	-
ind__196	https://static.case.law/ind/196.zip	?	-
ind__197	https://static.case.law/ind/197.zip	?	-
ind__198	https://static.case.law/ind/198.zip	?	-
ind__199	https://static.case.law/ind/199.zip	?	-
ind__200	https://static.case.law/ind/200.zip	?	-
ind__201	https://static.case.law/ind/201.zip	?	-
ind__202	https://static.case.law/ind/202.zip	?	-
ind__203	https://static.case.law/ind/203.zip	?	-
ind__204	https://static.case.law/ind/204.zip	?	-
ind__205	https://static.case.law/ind/205.zip	?	-
ind__206	https://static.case.law/ind/206.zip	?	-
ind__207	https://static.case.law/ind/207.zip	?	-
ind__208	https://static.case.law/ind/208.zip	?	-
ind__209	https://static.case.law/ind/209.zip	?	-
ind__210	https://static.case.law/ind/210.zip	?	-
ind__211	https://static.case.law/ind/211.zip	?	-
ind__212	https://static.case.law/ind/212.zip	?	-
ind__213	https://static.case.law/ind/213.zip	?	-
ind__214	https://static.case.law/ind/214.zip	?	-
ind__215	https://static.case.law/ind/215.zip	?	-
ind__216	https://static.case.law/ind/216.zip	?	-
ind__217	https://static.case.law/ind/217.zip	?	-
ind__218	https://static.case.law/ind/218.zip	?	-
ind__219	https://static.case.law/ind/219.zip	?	-
ind-app__100	https://static.case.law/ind-app/100.zip	?	-
ind-app__101	https://static.case.law/ind-app/101.zip	?	-
ind-app__102	https://static.case.law/ind-app/102.zip	?	-
ind-app__103	https://static.case.law/ind-app/103.zip	?	-
ind-app__104	https://static.case.law/ind-app/104.zip	?	-
ind-app__105	https://static.case.law/ind-app/105.zip	?	-
ind-app__106	https://static.case.law/ind-app/106.zip	?	-
ind-app__107	https://static.case.law/ind-app/107.zip	?	-
ind-app__108	https://static.case.law/ind-app/108.zip	?	-
ind-app__109	https://static.case.law/ind-app/109.zip	?	-
ind-app__80	https://static.case.law/ind-app/80.zip	?	-
ind-app__81	https://static.case.law/ind-app/81.zip	?	-
ind-app__82	https://static.case.law/ind-app/82.zip	?	-
ind-app__83	https://static.case.law/ind-app/83.zip	?	-
ind-app__84	https://static.case.law/ind-app/84.zip	?	-
ind-app__85	https://static.case.law/ind-app/85.zip	?	-
ind-app__86	https://static.case.law/ind-app/86.zip	?	-
ind-app__87	https://static.case.law/ind-app/87.zip	?	-
ind-app__88	https://static.case.law/ind-app/88.zip	?	-
ind-app__89	https://static.case.law/ind-app/89.zip	?	-
ind-app__90	https://static.case.law/ind-app/90.zip	?	-
ind-app__91	https://static.case.law/ind-app/91.zip	?	-
ind-app__92	https://static.case.law/ind-app/92.zip	?	-
ind-app__93	https://static.case.law/ind-app/93.zip	?	-
ind-app__94	https://static.case.law/ind-app/94.zip	?	-
ind-app__95	https://static.case.law/ind-app/95.zip	?	-
ind-app__96	https://static.case.law/ind-app/96.zip	?	-
ind-app__97	https://static.case.law/ind-app/97.zip	?	-
ind-app__98	https://static.case.law/ind-app/98.zip	?	-
ind-app__99	https://static.case.law/ind-app/99.zip	?	-
iowa__198	https://static.case.law/iowa/198.zip	?	-
iowa__199	https://static.case.law/iowa/199.zip	?	-
iowa__200	https://static.case.law/iowa/200.zip	?	-
iowa__201	https://static.case.law/iowa/201.zip	?	-
iowa__202	https://static.case.law/iowa/202.zip	?	-
iowa__203	https://static.case.law/iowa/203.zip	?	-
iowa__204	https://static.case.law/iowa/204.zip	?	-
iowa__205	https://static.case.law/iowa/205.zip	?	-
iowa__206	https://static.case.law/iowa/206.zip	?	-
iowa__207	https://static.case.law/iowa/207.zip	?	-
iowa__208	https://static.case.law/iowa/208.zip	?	-
iowa__209	https://static.case.law/iowa/209.zip	?	-
iowa__210	https://static.case.law/iowa/210.zip	?	-
iowa__211	https://static.case.law/iowa/211.zip	?	-
iowa__212	https://static.case.law/iowa/212.zip	?	-
iowa__213	https://static.case.law/iowa/213.zip	?	-
iowa__214	https://static.case.law/iowa/214.zip	?	-
iowa__215	https://static.case.law/iowa/215.zip	?	-
iowa__216	https://static.case.law/iowa/216.zip	?	-
iowa__217	https://static.case.law/iowa/217.zip	?	-
iowa__218	https://static.case.law/iowa/218.zip	?	-
iowa__219	https://static.case.law/iowa/219.zip	?	-
iowa__220	https://static.case.law/iowa/220.zip	?	-
iowa__221	https://static.case.law/iowa/221.zip	?	-
iowa__222	https://static.case.law/iowa/222.zip	?	-
iowa__223	https://static.case.law/iowa/223.zip	?	-
iowa__224	https://static.case.law/iowa/224.zip	?	-
iowa__225	https://static.case.law/iowa/225.zip	?	-
iowa__226	https://static.case.law/iowa/226.zip	?	-
iowa__227	https://static.case.law/iowa/227.zip	?	-
iowa__228	https://static.case.law/iowa/228.zip	?	-
iowa__229	https://static.case.law/iowa/229.zip	?	-
iowa__230	https://static.case.law/iowa/230.zip	?	-
kan__117	https://static.case.law/kan/117.zip	?	-
kan__118	https://static.case.law/kan/118.zip	?	-
kan__119	https://static.case.law/kan/119.zip	?	-
kan__120	https://static.case.law/kan/120.zip	?	-
kan__121	https://static.case.law/kan/121.zip	?	-
kan__122	https://static.case.law/kan/122.zip	?	-
kan__123	https://static.case.law/kan/123.zip	?	-
kan__124	https://static.case.law/kan/124.zip	?	-
kan__125	https://static.case.law/kan/125.zip	?	-
kan__126	https://static.case.law/kan/126.zip	?	-
kan__127	https://static.case.law/kan/127.zip	?	-
kan__128	https://static.case.law/kan/128.zip	?	-
kan__129	https://static.case.law/kan/129.zip	?	-
kan__130	https://static.case.law/kan/130.zip	?	-
kan__131	https://static.case.law/kan/131.zip	?	-
kan__132	https://static.case.law/kan/132.zip	?	-
kan__133	https://static.case.law/kan/133.zip	?	-
kan__134	https://static.case.law/kan/134.zip	?	-
kan__135	https://static.case.law/kan/135.zip	?	-
kan__136	https://static.case.law/kan/136.zip	?	-
kan__137	https://static.case.law/kan/137.zip	?	-
kan__138	https://static.case.law/kan/138.zip	?	-
kan__139	https://static.case.law/kan/139.zip	?	-
kan__140	https://static.case.law/kan/140.zip	?	-
kan__141	https://static.case.law/kan/141.zip	?	-
kan__142	https://static.case.law/kan/142.zip	?	-
kan__143	https://static.case.law/kan/143.zip	?	-
kan__144	https://static.case.law/kan/144.zip	?	-
kan__145	https://static.case.law/kan/145.zip	?	-
kan__146	https://static.case.law/kan/146.zip	?	-
kan__147	https://static.case.law/kan/147.zip	?	-
kan__148	https://static.case.law/kan/148.zip	?	-
kan__149	https://static.case.law/kan/149.zip	?	-
kan__150	https://static.case.law/kan/150.zip	?	-
kan__151	https://static.case.law/kan/151.zip	?	-
kan__152	https://static.case.law/kan/152.zip	?	-
kan__153	https://static.case.law/kan/153.zip	?	-
kan__154	https://static.case.law/kan/154.zip	?	-
kirby__2	https://static.case.law/kirby/2.zip	?	-
ky__202	https://static.case.law/ky/202.zip	?	-
ky__205	https://static.case.law/ky/205.zip	?	-
ky__206	https://static.case.law/ky/206.zip	?	-
ky__207	https://static.case.law/ky/207.zip	?	-
ky__208	https://static.case.law/ky/208.zip	?	-
ky__209	https://static.case.law/ky/209.zip	?	-
ky__210	https://static.case.law/ky/210.zip	?	-
ky__211	https://static.case.law/ky/211.zip	?	-
ky__212	https://static.case.law/ky/212.zip	?	-
ky__213	https://static.case.law/ky/213.zip	?	-
ky__214	https://static.case.law/ky/214.zip	?	-
ky__215	https://static.case.law/ky/215.zip	?	-
ky__216	https://static.case.law/ky/216.zip	?	-
ky__217	https://static.case.law/ky/217.zip	?	-
ky__218	https://static.case.law/ky/218.zip	?	-
ky__219	https://static.case.law/ky/219.zip	?	-
ky__220	https://static.case.law/ky/220.zip	?	-
ky__221	https://static.case.law/ky/221.zip	?	-
ky__222	https://static.case.law/ky/222.zip	?	-
ky__223	https://static.case.law/ky/223.zip	?	-
ky__224	https://static.case.law/ky/224.zip	?	-
ky__225	https://static.case.law/ky/225.zip	?	-
ky__226	https://static.case.law/ky/226.zip	?	-
ky__227	https://static.case.law/ky/227.zip	?	-
ky__228	https://static.case.law/ky/228.zip	?	-
ky__229	https://static.case.law/ky/229.zip	?	-
ky__230	https://static.case.law/ky/230.zip	?	-
ky__231	https://static.case.law/ky/231.zip	?	-
ky__232	https://static.case.law/ky/232.zip	?	-
ky__233	https://static.case.law/ky/233.zip	?	-
ky__234	https://static.case.law/ky/234.zip	?	-
ky__235	https://static.case.law/ky/235.zip	?	-
ky__236	https://static.case.law/ky/236.zip	?	-
ky__237	https://static.case.law/ky/237.zip	?	-
ky__238	https://static.case.law/ky/238.zip	?	-
ky__239	https://static.case.law/ky/239.zip	?	-
ky__240	https://static.case.law/ky/240.zip	?	-
ky__241	https://static.case.law/ky/241.zip	?	-
ky__242	https://static.case.law/ky/242.zip	?	-
ky__243	https://static.case.law/ky/243.zip	?	-
ky__244	https://static.case.law/ky/244.zip	?	-
ky__245	https://static.case.law/ky/245.zip	?	-
ky__246	https://static.case.law/ky/246.zip	?	-
ky__247	https://static.case.law/ky/247.zip	?	-
ky__248	https://static.case.law/ky/248.zip	?	-
ky__249	https://static.case.law/ky/249.zip	?	-
ky__250	https://static.case.law/ky/250.zip	?	-
ky__251	https://static.case.law/ky/251.zip	?	-
ky__252	https://static.case.law/ky/252.zip	?	-
ky__253	https://static.case.law/ky/253.zip	?	-
ky__254	https://static.case.law/ky/254.zip	?	-
ky__255	https://static.case.law/ky/255.zip	?	-
ky__256	https://static.case.law/ky/256.zip	?	-
ky__257	https://static.case.law/ky/257.zip	?	-
ky__258	https://static.case.law/ky/258.zip	?	-
ky__259	https://static.case.law/ky/259.zip	?	-
ky__260	https://static.case.law/ky/260.zip	?	-
ky__261	https://static.case.law/ky/261.zip	?	-
ky__262	https://static.case.law/ky/262.zip	?	-
ky__263	https://static.case.law/ky/263.zip	?	-
ky__264	https://static.case.law/ky/264.zip	?	-
ky__265	https://static.case.law/ky/265.zip	?	-
ky__266	https://static.case.law/ky/266.zip	?	-
ky__267	https://static.case.law/ky/267.zip	?	-
ky__268	https://static.case.law/ky/268.zip	?	-
ky__269	https://static.case.law/ky/269.zip	?	-
ky__270	https://static.case.law/ky/270.zip	?	-
ky__271	https://static.case.law/ky/271.zip	?	-
ky__272	https://static.case.law/ky/272.zip	?	-
ky__273	https://static.case.law/ky/273.zip	?	-
ky__274	https://static.case.law/ky/274.zip	?	-
ky__275	https://static.case.law/ky/275.zip	?	-
ky__276	https://static.case.law/ky/276.zip	?	-
ky__277	https://static.case.law/ky/277.zip	?	-
ky__278	https://static.case.law/ky/278.zip	?	-
ky__279	https://static.case.law/ky/279.zip	?	-
ky__280	https://static.case.law/ky/280.zip	?	-
ky__281	https://static.case.law/ky/281.zip	?	-
ky__282	https://static.case.law/ky/282.zip	?	-
ky__283	https://static.case.law/ky/283.zip	?	-
ky__284	https://static.case.law/ky/284.zip	?	-
ky__285	https://static.case.law/ky/285.zip	?	-
ky__286	https://static.case.law/ky/286.zip	?	-
ky__287	https://static.case.law/ky/287.zip	?	-
ky__288	https://static.case.law/ky/288.zip	?	-
ky__290	https://static.case.law/ky/290.zip	?	-
ky__291	https://static.case.law/ky/291.zip	?	-
la__156	https://static.case.law/la/156.zip	?	-
la__157	https://static.case.law/la/157.zip	?	-
la__158	https://static.case.law/la/158.zip	?	-
la__159	https://static.case.law/la/159.zip	?	-
la__160	https://static.case.law/la/160.zip	?	-
la__161	https://static.case.law/la/161.zip	?	-
la__162	https://static.case.law/la/162.zip	?	-
la__163	https://static.case.law/la/163.zip	?	-
la__164	https://static.case.law/la/164.zip	?	-
la__165	https://static.case.law/la/165.zip	?	-
la__166	https://static.case.law/la/166.zip	?	-
la__167	https://static.case.law/la/167.zip	?	-
la__168	https://static.case.law/la/168.zip	?	-
la__169	https://static.case.law/la/169.zip	?	-
la__170	https://static.case.law/la/170.zip	?	-
la__171	https://static.case.law/la/171.zip	?	-
la__172	https://static.case.law/la/172.zip	?	-
la__173	https://static.case.law/la/173.zip	?	-
la__174	https://static.case.law/la/174.zip	?	-
la__175	https://static.case.law/la/175.zip	?	-
la__176	https://static.case.law/la/176.zip	?	-
la__177	https://static.case.law/la/177.zip	?	-
la__178	https://static.case.law/la/178.zip	?	-
la__179	https://static.case.law/la/179.zip	?	-
la__180	https://static.case.law/la/180.zip	?	-
la__181	https://static.case.law/la/181.zip	?	-
la__182	https://static.case.law/la/182.zip	?	-
la__183	https://static.case.law/la/183.zip	?	-
la__184	https://static.case.law/la/184.zip	?	-
la__185	https://static.case.law/la/185.zip	?	-
la__186	https://static.case.law/la/186.zip	?	-
la__187	https://static.case.law/la/187.zip	?	-
la__188	https://static.case.law/la/188.zip	?	-
la__189	https://static.case.law/la/189.zip	?	-
la__190	https://static.case.law/la/190.zip	?	-
la__191	https://static.case.law/la/191.zip	?	-
la__192	https://static.case.law/la/192.zip	?	-
la__193	https://static.case.law/la/193.zip	?	-
la__194	https://static.case.law/la/194.zip	?	-
la__195	https://static.case.law/la/195.zip	?	-
la__196	https://static.case.law/la/196.zip	?	-
la__197	https://static.case.law/la/197.zip	?	-
la__198	https://static.case.law/la/198.zip	?	-
la__199	https://static.case.law/la/199.zip	?	-
la__200	https://static.case.law/la/200.zip	?	-
la-app__1	https://static.case.law/la-app/1.zip	?	-
la-app__10	https://static.case.law/la-app/10.zip	?	-
la-app__11	https://static.case.law/la-app/11.zip	?	-
la-app__12	https://static.case.law/la-app/12.zip	?	-
la-app__13	https://static.case.law/la-app/13.zip	?	-
la-app__14	https://static.case.law/la-app/14.zip	?	-
la-app__15	https://static.case.law/la-app/15.zip	?	-
la-app__16	https://static.case.law/la-app/16.zip	?	-
la-app__17	https://static.case.law/la-app/17.zip	?	-
la-app__18	https://static.case.law/la-app/18.zip	?	-
la-app__19	https://static.case.law/la-app/19.zip	?	-
la-app__2	https://static.case.law/la-app/2.zip	?	-
la-app__3	https://static.case.law/la-app/3.zip	?	-
la-app__4	https://static.case.law/la-app/4.zip	?	-
la-app__5	https://static.case.law/la-app/5.zip	?	-
la-app__6	https://static.case.law/la-app/6.zip	?	-
la-app__7	https://static.case.law/la-app/7.zip	?	-
la-app__8	https://static.case.law/la-app/8.zip	?	-
la-app__9	https://static.case.law/la-app/9.zip	?	-
mass__248	https://static.case.law/mass/248.zip	?	-
mass__249	https://static.case.law/mass/249.zip	?	-
mass__250	https://static.case.law/mass/250.zip	?	-
mass__251	https://static.case.law/mass/251.zip	?	-
mass__252	https://static.case.law/mass/252.zip	?	-
mass__253	https://static.case.law/mass/253.zip	?	-
mass__254	https://static.case.law/mass/254.zip	?	-
mass__255	https://static.case.law/mass/255.zip	?	-
mass__256	https://static.case.law/mass/256.zip	?	-
mass__257	https://static.case.law/mass/257.zip	?	-
mass__258	https://static.case.law/mass/258.zip	?	-
mass__259	https://static.case.law/mass/259.zip	?	-
mass__260	https://static.case.law/mass/260.zip	?	-
mass__261	https://static.case.law/mass/261.zip	?	-
mass__262	https://static.case.law/mass/262.zip	?	-
mass__263	https://static.case.law/mass/263.zip	?	-
mass__264	https://static.case.law/mass/264.zip	?	-
mass__265	https://static.case.law/mass/265.zip	?	-
mass__266	https://static.case.law/mass/266.zip	?	-
mass__267	https://static.case.law/mass/267.zip	?	-
mass__268	https://static.case.law/mass/268.zip	?	-
mass__269	https://static.case.law/mass/269.zip	?	-
mass__270	https://static.case.law/mass/270.zip	?	-
mass__271	https://static.case.law/mass/271.zip	?	-
mass__272	https://static.case.law/mass/272.zip	?	-
mass__273	https://static.case.law/mass/273.zip	?	-
mass__274	https://static.case.law/mass/274.zip	?	-
mass__275	https://static.case.law/mass/275.zip	?	-
mass__276	https://static.case.law/mass/276.zip	?	-
mass__277	https://static.case.law/mass/277.zip	?	-
mass__278	https://static.case.law/mass/278.zip	?	-
mass__279	https://static.case.law/mass/279.zip	?	-
mass__280	https://static.case.law/mass/280.zip	?	-
mass__281	https://static.case.law/mass/281.zip	?	-
mass__282	https://static.case.law/mass/282.zip	?	-
mass__283	https://static.case.law/mass/283.zip	?	-
mass__284	https://static.case.law/mass/284.zip	?	-
mass__285	https://static.case.law/mass/285.zip	?	-
mass__286	https://static.case.law/mass/286.zip	?	-
mass__287	https://static.case.law/mass/287.zip	?	-
mass__288	https://static.case.law/mass/288.zip	?	-
mass__289	https://static.case.law/mass/289.zip	?	-
mass__290	https://static.case.law/mass/290.zip	?	-
mass__291	https://static.case.law/mass/291.zip	?	-
mass__292	https://static.case.law/mass/292.zip	?	-
mass__293	https://static.case.law/mass/293.zip	?	-
mass__294	https://static.case.law/mass/294.zip	?	-
mass__295	https://static.case.law/mass/295.zip	?	-
mass__296	https://static.case.law/mass/296.zip	?	-
mass__297	https://static.case.law/mass/297.zip	?	-
mass__298	https://static.case.law/mass/298.zip	?	-
mass__299	https://static.case.law/mass/299.zip	?	-
mass__300	https://static.case.law/mass/300.zip	?	-
mass__301	https://static.case.law/mass/301.zip	?	-
mass__302	https://static.case.law/mass/302.zip	?	-
mass__303	https://static.case.law/mass/303.zip	?	-
mass__304	https://static.case.law/mass/304.zip	?	-
mass__305	https://static.case.law/mass/305.zip	?	-
mass__306	https://static.case.law/mass/306.zip	?	-
mass__307	https://static.case.law/mass/307.zip	?	-
mass__308	https://static.case.law/mass/308.zip	?	-
mass__309	https://static.case.law/mass/309.zip	?	-
mass__310	https://static.case.law/mass/310.zip	?	-
mass__311	https://static.case.law/mass/311.zip	?	-
mass-app-div__1	https://static.case.law/mass-app-div/1.zip	?	-
mass-app-div__2	https://static.case.law/mass-app-div/2.zip	?	-
mass-app-div__3	https://static.case.law/mass-app-div/3.zip	?	-
mass-app-div__4	https://static.case.law/mass-app-div/4.zip	?	-
mass-app-div__5	https://static.case.law/mass-app-div/5.zip	?	-
mass-app-div__6	https://static.case.law/mass-app-div/6.zip	?	-
md__146	https://static.case.law/md/146.zip	?	-
md__147	https://static.case.law/md/147.zip	?	-
md__148	https://static.case.law/md/148.zip	?	-
md__149	https://static.case.law/md/149.zip	?	-
md__150	https://static.case.law/md/150.zip	?	-
md__151	https://static.case.law/md/151.zip	?	-
md__152	https://static.case.law/md/152.zip	?	-
md__153	https://static.case.law/md/153.zip	?	-
md__154	https://static.case.law/md/154.zip	?	-
md__155	https://static.case.law/md/155.zip	?	-
md__156	https://static.case.law/md/156.zip	?	-
md__157	https://static.case.law/md/157.zip	?	-
md__158	https://static.case.law/md/158.zip	?	-
md__159	https://static.case.law/md/159.zip	?	-
md__160	https://static.case.law/md/160.zip	?	-
md__161	https://static.case.law/md/161.zip	?	-
md__162	https://static.case.law/md/162.zip	?	-
md__163	https://static.case.law/md/163.zip	?	-
md__164	https://static.case.law/md/164.zip	?	-
md__165	https://static.case.law/md/165.zip	?	-
md__166	https://static.case.law/md/166.zip	?	-
md__167	https://static.case.law/md/167.zip	?	-
md__168	https://static.case.law/md/168.zip	?	-
md__169	https://static.case.law/md/169.zip	?	-
md__170	https://static.case.law/md/170.zip	?	-
md__171	https://static.case.law/md/171.zip	?	-
md__172	https://static.case.law/md/172.zip	?	-
md__173	https://static.case.law/md/173.zip	?	-
md__174	https://static.case.law/md/174.zip	?	-
md__175	https://static.case.law/md/175.zip	?	-
md__176	https://static.case.law/md/176.zip	?	-
md__177	https://static.case.law/md/177.zip	?	-
md__178	https://static.case.law/md/178.zip	?	-
md__179	https://static.case.law/md/179.zip	?	-
me__124	https://static.case.law/me/124.zip	?	-
me__125	https://static.case.law/me/125.zip	?	-
me__126	https://static.case.law/me/126.zip	?	-
me__127	https://static.case.law/me/127.zip	?	-
me__128	https://static.case.law/me/128.zip	?	-
me__129	https://static.case.law/me/129.zip	?	-
me__130	https://static.case.law/me/130.zip	?	-
me__131	https://static.case.law/me/131.zip	?	-
me__132	https://static.case.law/me/132.zip	?	-
me__133	https://static.case.law/me/133.zip	?	-
me__134	https://static.case.law/me/134.zip	?	-
me__135	https://static.case.law/me/135.zip	?	-
me__136	https://static.case.law/me/136.zip	?	-
me__137	https://static.case.law/me/137.zip	?	-
mich__227	https://static.case.law/mich/227.zip	?	-
mich__228	https://static.case.law/mich/228.zip	?	-
mich__229	https://static.case.law/mich/229.zip	?	-
mich__230	https://static.case.law/mich/230.zip	?	-
mich__231	https://static.case.law/mich/231.zip	?	-
mich__232	https://static.case.law/mich/232.zip	?	-
mich__233	https://static.case.law/mich/233.zip	?	-
mich__234	https://static.case.law/mich/234.zip	?	-
mich__235	https://static.case.law/mich/235.zip	?	-
mich__236	https://static.case.law/mich/236.zip	?	-
mich__237	https://static.case.law/mich/237.zip	?	-
mich__238	https://static.case.law/mich/238.zip	?	-
mich__239	https://static.case.law/mich/239.zip	?	-
mich__240	https://static.case.law/mich/240.zip	?	-
mich__241	https://static.case.law/mich/241.zip	?	-
mich__242	https://static.case.law/mich/242.zip	?	-
mich__243	https://static.case.law/mich/243.zip	?	-
mich__244	https://static.case.law/mich/244.zip	?	-
mich__245	https://static.case.law/mich/245.zip	?	-
mich__246	https://static.case.law/mich/246.zip	?	-
mich__247	https://static.case.law/mich/247.zip	?	-
mich__248	https://static.case.law/mich/248.zip	?	-
mich__249	https://static.case.law/mich/249.zip	?	-
mich__250	https://static.case.law/mich/250.zip	?	-
mich__251	https://static.case.law/mich/251.zip	?	-
mich__252	https://static.case.law/mich/252.zip	?	-
mich__253	https://static.case.law/mich/253.zip	?	-
mich__254	https://static.case.law/mich/254.zip	?	-
mich__255	https://static.case.law/mich/255.zip	?	-
mich__256	https://static.case.law/mich/256.zip	?	-
mich__257	https://static.case.law/mich/257.zip	?	-
mich__258	https://static.case.law/mich/258.zip	?	-
mich__259	https://static.case.law/mich/259.zip	?	-
mich__260	https://static.case.law/mich/260.zip	?	-
mich__261	https://static.case.law/mich/261.zip	?	-
mich__262	https://static.case.law/mich/262.zip	?	-
mich__263	https://static.case.law/mich/263.zip	?	-
mich__264	https://static.case.law/mich/264.zip	?	-
mich__265	https://static.case.law/mich/265.zip	?	-
mich__266	https://static.case.law/mich/266.zip	?	-
mich__267	https://static.case.law/mich/267.zip	?	-
mich__268	https://static.case.law/mich/268.zip	?	-
mich__269	https://static.case.law/mich/269.zip	?	-
mich__270	https://static.case.law/mich/270.zip	?	-
mich__271	https://static.case.law/mich/271.zip	?	-
mich__272	https://static.case.law/mich/272.zip	?	-
mich__273	https://static.case.law/mich/273.zip	?	-
mich__274	https://static.case.law/mich/274.zip	?	-
mich__275	https://static.case.law/mich/275.zip	?	-
mich__276	https://static.case.law/mich/276.zip	?	-
mich__277	https://static.case.law/mich/277.zip	?	-
mich__278	https://static.case.law/mich/278.zip	?	-
mich__279	https://static.case.law/mich/279.zip	?	-
mich__280	https://static.case.law/mich/280.zip	?	-
mich__281	https://static.case.law/mich/281.zip	?	-
mich__282	https://static.case.law/mich/282.zip	?	-
mich__283	https://static.case.law/mich/283.zip	?	-
mich__284	https://static.case.law/mich/284.zip	?	-
mich__285	https://static.case.law/mich/285.zip	?	-
mich__286	https://static.case.law/mich/286.zip	?	-
mich__287	https://static.case.law/mich/287.zip	?	-
mich__288	https://static.case.law/mich/288.zip	?	-
mich__289	https://static.case.law/mich/289.zip	?	-
mich__290	https://static.case.law/mich/290.zip	?	-
mich__291	https://static.case.law/mich/291.zip	?	-
mich__292	https://static.case.law/mich/292.zip	?	-
mich__293	https://static.case.law/mich/293.zip	?	-
mich__294	https://static.case.law/mich/294.zip	?	-
mich__295	https://static.case.law/mich/295.zip	?	-
mich__296	https://static.case.law/mich/296.zip	?	-
mich__297	https://static.case.law/mich/297.zip	?	-
mich__298	https://static.case.law/mich/298.zip	?	-
mich__299	https://static.case.law/mich/299.zip	?	-
mich__300	https://static.case.law/mich/300.zip	?	-
mich__301	https://static.case.law/mich/301.zip	?	-
minn__158	https://static.case.law/minn/158.zip	?	-
minn__159	https://static.case.law/minn/159.zip	?	-
minn__160	https://static.case.law/minn/160.zip	?	-
minn__161	https://static.case.law/minn/161.zip	?	-
minn__162	https://static.case.law/minn/162.zip	?	-
minn__163	https://static.case.law/minn/163.zip	?	-
minn__164	https://static.case.law/minn/164.zip	?	-
minn__165	https://static.case.law/minn/165.zip	?	-
minn__166	https://static.case.law/minn/166.zip	?	-
minn__167	https://static.case.law/minn/167.zip	?	-
minn__168	https://static.case.law/minn/168.zip	?	-
minn__169	https://static.case.law/minn/169.zip	?	-
minn__170	https://static.case.law/minn/170.zip	?	-
minn__171	https://static.case.law/minn/171.zip	?	-
minn__172	https://static.case.law/minn/172.zip	?	-
minn__173	https://static.case.law/minn/173.zip	?	-
minn__174	https://static.case.law/minn/174.zip	?	-
minn__175	https://static.case.law/minn/175.zip	?	-
minn__176	https://static.case.law/minn/176.zip	?	-
minn__177	https://static.case.law/minn/177.zip	?	-
minn__178	https://static.case.law/minn/178.zip	?	-
minn__179	https://static.case.law/minn/179.zip	?	-
minn__180	https://static.case.law/minn/180.zip	?	-
minn__181	https://static.case.law/minn/181.zip	?	-
minn__182	https://static.case.law/minn/182.zip	?	-
minn__183	https://static.case.law/minn/183.zip	?	-
minn__184	https://static.case.law/minn/184.zip	?	-
minn__185	https://static.case.law/minn/185.zip	?	-
minn__186	https://static.case.law/minn/186.zip	?	-
minn__187	https://static.case.law/minn/187.zip	?	-
minn__188	https://static.case.law/minn/188.zip	?	-
minn__189	https://static.case.law/minn/189.zip	?	-
minn__190	https://static.case.law/minn/190.zip	?	-
minn__191	https://static.case.law/minn/191.zip	?	-
minn__192	https://static.case.law/minn/192.zip	?	-
minn__193	https://static.case.law/minn/193.zip	?	-
minn__194	https://static.case.law/minn/194.zip	?	-
minn__195	https://static.case.law/minn/195.zip	?	-
minn__196	https://static.case.law/minn/196.zip	?	-
minn__197	https://static.case.law/minn/197.zip	?	-
minn__198	https://static.case.law/minn/198.zip	?	-
minn__199	https://static.case.law/minn/199.zip	?	-
minn__200	https://static.case.law/minn/200.zip	?	-
minn__201	https://static.case.law/minn/201.zip	?	-
minn__202	https://static.case.law/minn/202.zip	?	-
minn__203	https://static.case.law/minn/203.zip	?	-
minn__204	https://static.case.law/minn/204.zip	?	-
minn__205	https://static.case.law/minn/205.zip	?	-
minn__206	https://static.case.law/minn/206.zip	?	-
minn__207	https://static.case.law/minn/207.zip	?	-
minn__208	https://static.case.law/minn/208.zip	?	-
minn__209	https://static.case.law/minn/209.zip	?	-
minn__210	https://static.case.law/minn/210.zip	?	-
minn__211	https://static.case.law/minn/211.zip	?	-
minn__212	https://static.case.law/minn/212.zip	?	-
misc__123	https://static.case.law/misc/123.zip	?	-
misc__124	https://static.case.law/misc/124.zip	?	-
misc__125	https://static.case.law/misc/125.zip	?	-
misc__126	https://static.case.law/misc/126.zip	?	-
misc__127	https://static.case.law/misc/127.zip	?	-
misc__128	https://static.case.law/misc/128.zip	?	-
misc__129	https://static.case.law/misc/129.zip	?	-
misc__130	https://static.case.law/misc/130.zip	?	-
misc__131	https://static.case.law/misc/131.zip	?	-
misc__132	https://static.case.law/misc/132.zip	?	-
misc__133	https://static.case.law/misc/133.zip	?	-
misc__134	https://static.case.law/misc/134.zip	?	-
misc__135	https://static.case.law/misc/135.zip	?	-
misc__136	https://static.case.law/misc/136.zip	?	-
misc__137	https://static.case.law/misc/137.zip	?	-
misc__138	https://static.case.law/misc/138.zip	?	-
misc__139	https://static.case.law/misc/139.zip	?	-
misc__140	https://static.case.law/misc/140.zip	?	-
misc__141	https://static.case.law/misc/141.zip	?	-
misc__142	https://static.case.law/misc/142.zip	?	-
misc__143	https://static.case.law/misc/143.zip	?	-
misc__144	https://static.case.law/misc/144.zip	?	-
misc__145	https://static.case.law/misc/145.zip	?	-
misc__146	https://static.case.law/misc/146.zip	?	-
misc__147	https://static.case.law/misc/147.zip	?	-
misc__148	https://static.case.law/misc/148.zip	?	-
misc__149	https://static.case.law/misc/149.zip	?	-
misc__150	https://static.case.law/misc/150.zip	?	-
misc__151	https://static.case.law/misc/151.zip	?	-
misc__152	https://static.case.law/misc/152.zip	?	-
misc__153	https://static.case.law/misc/153.zip	?	-
misc__154	https://static.case.law/misc/154.zip	?	-
misc__155	https://static.case.law/misc/155.zip	?	-
misc__156	https://static.case.law/misc/156.zip	?	-
misc__157	https://static.case.law/misc/157.zip	?	-
misc__158	https://static.case.law/misc/158.zip	?	-
misc__159	https://static.case.law/misc/159.zip	?	-
misc__160	https://static.case.law/misc/160.zip	?	-
misc__161	https://static.case.law/misc/161.zip	?	-
misc__162	https://static.case.law/misc/162.zip	?	-
misc__163	https://static.case.law/misc/163.zip	?	-
misc__164	https://static.case.law/misc/164.zip	?	-
misc__165	https://static.case.law/misc/165.zip	?	-
misc__166	https://static.case.law/misc/166.zip	?	-
misc__167	https://static.case.law/misc/167.zip	?	-
misc__168	https://static.case.law/misc/168.zip	?	-
misc__169	https://static.case.law/misc/169.zip	?	-
misc__170	https://static.case.law/misc/170.zip	?	-
misc__171	https://static.case.law/misc/171.zip	?	-
misc__172	https://static.case.law/misc/172.zip	?	-
misc__173	https://static.case.law/misc/173.zip	?	-
misc__174	https://static.case.law/misc/174.zip	?	-
misc__175	https://static.case.law/misc/175.zip	?	-
misc__176	https://static.case.law/misc/176.zip	?	-
misc__177	https://static.case.law/misc/177.zip	?	-
misc__178	https://static.case.law/misc/178.zip	?	-
miss__136	https://static.case.law/miss/136.zip	?	-
miss__137	https://static.case.law/miss/137.zip	?	-
miss__138	https://static.case.law/miss/138.zip	?	-
miss__139	https://static.case.law/miss/139.zip	?	-
miss__140	https://static.case.law/miss/140.zip	?	-
miss__141	https://static.case.law/miss/141.zip	?	-
miss__142	https://static.case.law/miss/142.zip	?	-
miss__143	https://static.case.law/miss/143.zip	?	-
miss__144	https://static.case.law/miss/144.zip	?	-
miss__145	https://static.case.law/miss/145.zip	?	-
miss__146	https://static.case.law/miss/146.zip	?	-
miss__147	https://static.case.law/miss/147.zip	?	-
miss__148	https://static.case.law/miss/148.zip	?	-
miss__149	https://static.case.law/miss/149.zip	?	-
miss__150	https://static.case.law/miss/150.zip	?	-
miss__151	https://static.case.law/miss/151.zip	?	-
miss__152	https://static.case.law/miss/152.zip	?	-
miss__153	https://static.case.law/miss/153.zip	?	-
miss__154	https://static.case.law/miss/154.zip	?	-
miss__155	https://static.case.law/miss/155.zip	?	-
miss__156	https://static.case.law/miss/156.zip	?	-
miss__157	https://static.case.law/miss/157.zip	?	-
miss__158	https://static.case.law/miss/158.zip	?	-
miss__159	https://static.case.law/miss/159.zip	?	-
miss__160	https://static.case.law/miss/160.zip	?	-
miss__161	https://static.case.law/miss/161.zip	?	-
miss__162	https://static.case.law/miss/162.zip	?	-
miss__163	https://static.case.law/miss/163.zip	?	-
miss__164	https://static.case.law/miss/164.zip	?	-
miss__165	https://static.case.law/miss/165.zip	?	-
miss__166	https://static.case.law/miss/166.zip	?	-
miss__167	https://static.case.law/miss/167.zip	?	-
miss__168	https://static.case.law/miss/168.zip	?	-
miss__169	https://static.case.law/miss/169.zip	?	-
miss__170	https://static.case.law/miss/170.zip	?	-
miss__171	https://static.case.law/miss/171.zip	?	-
miss__172	https://static.case.law/miss/172.zip	?	-
miss__173	https://static.case.law/miss/173.zip	?	-
miss__174	https://static.case.law/miss/174.zip	?	-
miss__175	https://static.case.law/miss/175.zip	?	-
miss__176	https://static.case.law/miss/176.zip	?	-
miss__177	https://static.case.law/miss/177.zip	?	-
miss__178	https://static.case.law/miss/178.zip	?	-
miss__179	https://static.case.law/miss/179.zip	?	-
miss__180	https://static.case.law/miss/180.zip	?	-
miss__181	https://static.case.law/miss/181.zip	?	-
miss__182	https://static.case.law/miss/182.zip	?	-
miss__183	https://static.case.law/miss/183.zip	?	-
miss__184	https://static.case.law/miss/184.zip	?	-
miss__185	https://static.case.law/miss/185.zip	?	-
miss__186	https://static.case.law/miss/186.zip	?	-
miss__187	https://static.case.law/miss/187.zip	?	-
miss__188	https://static.case.law/miss/188.zip	?	-
miss__189	https://static.case.law/miss/189.zip	?	-
miss__190	https://static.case.law/miss/190.zip	?	-
miss__191	https://static.case.law/miss/191.zip	?	-
miss__192	https://static.case.law/miss/192.zip	?	-
mo__304	https://static.case.law/mo/304.zip	?	-
mo__305	https://static.case.law/mo/305.zip	?	-
mo__306	https://static.case.law/mo/306.zip	?	-
mo__307	https://static.case.law/mo/307.zip	?	-
mo__308	https://static.case.law/mo/308.zip	?	-
mo__309	https://static.case.law/mo/309.zip	?	-
mo__310	https://static.case.law/mo/310.zip	?	-
mo__311	https://static.case.law/mo/311.zip	?	-
mo__312	https://static.case.law/mo/312.zip	?	-
mo__313	https://static.case.law/mo/313.zip	?	-
mo__314	https://static.case.law/mo/314.zip	?	-
mo__315	https://static.case.law/mo/315.zip	?	-
mo__316	https://static.case.law/mo/316.zip	?	-
mo__317	https://static.case.law/mo/317.zip	?	-
mo__318	https://static.case.law/mo/318.zip	?	-
mo__319	https://static.case.law/mo/319.zip	?	-
mo__320	https://static.case.law/mo/320.zip	?	-
mo__321	https://static.case.law/mo/321.zip	?	-
mo__322	https://static.case.law/mo/322.zip	?	-
mo__323	https://static.case.law/mo/323.zip	?	-
mo__324	https://static.case.law/mo/324.zip	?	-
mo__325	https://static.case.law/mo/325.zip	?	-
mo__326	https://static.case.law/mo/326.zip	?	-
mo__327	https://static.case.law/mo/327.zip	?	-
mo__328	https://static.case.law/mo/328.zip	?	-
mo__329	https://static.case.law/mo/329.zip	?	-
mo__330	https://static.case.law/mo/330.zip	?	-
mo__331	https://static.case.law/mo/331.zip	?	-
mo__332	https://static.case.law/mo/332.zip	?	-
mo__333	https://static.case.law/mo/333.zip	?	-
mo__334	https://static.case.law/mo/334.zip	?	-
mo__335	https://static.case.law/mo/335.zip	?	-
mo__336	https://static.case.law/mo/336.zip	?	-
mo__337	https://static.case.law/mo/337.zip	?	-
mo__338	https://static.case.law/mo/338.zip	?	-
mo__339	https://static.case.law/mo/339.zip	?	-
mo__340	https://static.case.law/mo/340.zip	?	-
mo__341	https://static.case.law/mo/341.zip	?	-
mo__342	https://static.case.law/mo/342.zip	?	-
mo__343	https://static.case.law/mo/343.zip	?	-
mo__344	https://static.case.law/mo/344.zip	?	-
mo__345	https://static.case.law/mo/345.zip	?	-
mo__346	https://static.case.law/mo/346.zip	?	-
mo__347	https://static.case.law/mo/347.zip	?	-
mo__348	https://static.case.law/mo/348.zip	?	-
mo__349	https://static.case.law/mo/349.zip	?	-
mo-app__214	https://static.case.law/mo-app/214.zip	?	-
mo-app__215	https://static.case.law/mo-app/215.zip	?	-
mo-app__216	https://static.case.law/mo-app/216.zip	?	-
mo-app__217	https://static.case.law/mo-app/217.zip	?	-
mo-app__218	https://static.case.law/mo-app/218.zip	?	-
mo-app__219	https://static.case.law/mo-app/219.zip	?	-
mo-app__220	https://static.case.law/mo-app/220.zip	?	-
mo-app__221	https://static.case.law/mo-app/221.zip	?	-
mo-app__222	https://static.case.law/mo-app/222.zip	?	-
mo-app__223	https://static.case.law/mo-app/223.zip	?	-
mo-app__224	https://static.case.law/mo-app/224.zip	?	-
mo-app__225	https://static.case.law/mo-app/225.zip	?	-
mo-app__226	https://static.case.law/mo-app/226.zip	?	-
mo-app__227	https://static.case.law/mo-app/227.zip	?	-
mo-app__228	https://static.case.law/mo-app/228.zip	?	-
mo-app__229	https://static.case.law/mo-app/229.zip	?	-
mo-app__230	https://static.case.law/mo-app/230.zip	?	-
mo-app__231	https://static.case.law/mo-app/231.zip	?	-
mo-app__232	https://static.case.law/mo-app/232.zip	?	-
mo-app__233	https://static.case.law/mo-app/233.zip	?	-
mo-app__234	https://static.case.law/mo-app/234.zip	?	-
mo-app__235	https://static.case.law/mo-app/235.zip	?	-
mont__100	https://static.case.law/mont/100.zip	?	-
mont__101	https://static.case.law/mont/101.zip	?	-
mont__102	https://static.case.law/mont/102.zip	?	-
mont__103	https://static.case.law/mont/103.zip	?	-
mont__104	https://static.case.law/mont/104.zip	?	-
mont__105	https://static.case.law/mont/105.zip	?	-
mont__106	https://static.case.law/mont/106.zip	?	-
mont__107	https://static.case.law/mont/107.zip	?	-
mont__108	https://static.case.law/mont/108.zip	?	-
mont__109	https://static.case.law/mont/109.zip	?	-
mont__110	https://static.case.law/mont/110.zip	?	-
mont__111	https://static.case.law/mont/111.zip	?	-
mont__112	https://static.case.law/mont/112.zip	?	-
mont__69	https://static.case.law/mont/69.zip	?	-
mont__70	https://static.case.law/mont/70.zip	?	-
mont__71	https://static.case.law/mont/71.zip	?	-
mont__72	https://static.case.law/mont/72.zip	?	-
mont__73	https://static.case.law/mont/73.zip	?	-
mont__74	https://static.case.law/mont/74.zip	?	-
mont__75	https://static.case.law/mont/75.zip	?	-
mont__76	https://static.case.law/mont/76.zip	?	-
mont__77	https://static.case.law/mont/77.zip	?	-
mont__78	https://static.case.law/mont/78.zip	?	-
mont__79	https://static.case.law/mont/79.zip	?	-
mont__80	https://static.case.law/mont/80.zip	?	-
mont__81	https://static.case.law/mont/81.zip	?	-
mont__82	https://static.case.law/mont/82.zip	?	-
mont__83	https://static.case.law/mont/83.zip	?	-
mont__84	https://static.case.law/mont/84.zip	?	-
mont__85	https://static.case.law/mont/85.zip	?	-
mont__86	https://static.case.law/mont/86.zip	?	-
mont__87	https://static.case.law/mont/87.zip	?	-
mont__88	https://static.case.law/mont/88.zip	?	-
mont__89	https://static.case.law/mont/89.zip	?	-
mont__90	https://static.case.law/mont/90.zip	?	-
mont__91	https://static.case.law/mont/91.zip	?	-
mont__92	https://static.case.law/mont/92.zip	?	-
mont__93	https://static.case.law/mont/93.zip	?	-
mont__94	https://static.case.law/mont/94.zip	?	-
mont__95	https://static.case.law/mont/95.zip	?	-
mont__96	https://static.case.law/mont/96.zip	?	-
mont__97	https://static.case.law/mont/97.zip	?	-
mont__98	https://static.case.law/mont/98.zip	?	-
mont__99	https://static.case.law/mont/99.zip	?	-
nc__188	https://static.case.law/nc/188.zip	?	-
nc__189	https://static.case.law/nc/189.zip	?	-
nc__190	https://static.case.law/nc/190.zip	?	-
nc__191	https://static.case.law/nc/191.zip	?	-
nc__192	https://static.case.law/nc/192.zip	?	-
nc__193	https://static.case.law/nc/193.zip	?	-
nc__194	https://static.case.law/nc/194.zip	?	-
nc__195	https://static.case.law/nc/195.zip	?	-
nc__196	https://static.case.law/nc/196.zip	?	-
nc__197	https://static.case.law/nc/197.zip	?	-
nc__198	https://static.case.law/nc/198.zip	?	-
nc__199	https://static.case.law/nc/199.zip	?	-
nc__200	https://static.case.law/nc/200.zip	?	-
nc__201	https://static.case.law/nc/201.zip	?	-
nc__202	https://static.case.law/nc/202.zip	?	-
nc__203	https://static.case.law/nc/203.zip	?	-
nc__204	https://static.case.law/nc/204.zip	?	-
nc__205	https://static.case.law/nc/205.zip	?	-
nc__206	https://static.case.law/nc/206.zip	?	-
nc__207	https://static.case.law/nc/207.zip	?	-
nc__208	https://static.case.law/nc/208.zip	?	-
nc__209	https://static.case.law/nc/209.zip	?	-
nc__210	https://static.case.law/nc/210.zip	?	-
nc__211	https://static.case.law/nc/211.zip	?	-
nc__212	https://static.case.law/nc/212.zip	?	-
nc__213	https://static.case.law/nc/213.zip	?	-
nc__214	https://static.case.law/nc/214.zip	?	-
nc__215	https://static.case.law/nc/215.zip	?	-
nc__216	https://static.case.law/nc/216.zip	?	-
nc__217	https://static.case.law/nc/217.zip	?	-
nc__218	https://static.case.law/nc/218.zip	?	-
nc__219	https://static.case.law/nc/219.zip	?	-
nc__220	https://static.case.law/nc/220.zip	?	-
nc__221	https://static.case.law/nc/221.zip	?	-
nd__49	https://static.case.law/nd/49.zip	?	-
nd__50	https://static.case.law/nd/50.zip	?	-
nd__51	https://static.case.law/nd/51.zip	?	-
nd__52	https://static.case.law/nd/52.zip	?	-
nd__53	https://static.case.law/nd/53.zip	?	-
nd__54	https://static.case.law/nd/54.zip	?	-
nd__55	https://static.case.law/nd/55.zip	?	-
nd__56	https://static.case.law/nd/56.zip	?	-
nd__57	https://static.case.law/nd/57.zip	?	-
nd__58	https://static.case.law/nd/58.zip	?	-
nd__59	https://static.case.law/nd/59.zip	?	-
nd__60	https://static.case.law/nd/60.zip	?	-
nd__61	https://static.case.law/nd/61.zip	?	-
nd__62	https://static.case.law/nd/62.zip	?	-
nd__63	https://static.case.law/nd/63.zip	?	-
nd__64	https://static.case.law/nd/64.zip	?	-
nd__65	https://static.case.law/nd/65.zip	?	-
nd__66	https://static.case.law/nd/66.zip	?	-
nd__67	https://static.case.law/nd/67.zip	?	-
nd__68	https://static.case.law/nd/68.zip	?	-
nd__69	https://static.case.law/nd/69.zip	?	-
nd__70	https://static.case.law/nd/70.zip	?	-
nd__71	https://static.case.law/nd/71.zip	?	-
neb__111	https://static.case.law/neb/111.zip	?	-
neb__112	https://static.case.law/neb/112.zip	?	-
neb__113	https://static.case.law/neb/113.zip	?	-
neb__114	https://static.case.law/neb/114.zip	?	-
neb__115	https://static.case.law/neb/115.zip	?	-
neb__116	https://static.case.law/neb/116.zip	?	-
neb__117	https://static.case.law/neb/117.zip	?	-
neb__118	https://static.case.law/neb/118.zip	?	-
neb__119	https://static.case.law/neb/119.zip	?	-
neb__120	https://static.case.law/neb/120.zip	?	-
neb__121	https://static.case.law/neb/121.zip	?	-
neb__122	https://static.case.law/neb/122.zip	?	-
neb__123	https://static.case.law/neb/123.zip	?	-
neb__124	https://static.case.law/neb/124.zip	?	-
neb__125	https://static.case.law/neb/125.zip	?	-
neb__126	https://static.case.law/neb/126.zip	?	-
neb__127	https://static.case.law/neb/127.zip	?	-
neb__128	https://static.case.law/neb/128.zip	?	-
neb__129	https://static.case.law/neb/129.zip	?	-
neb__130	https://static.case.law/neb/130.zip	?	-
neb__131	https://static.case.law/neb/131.zip	?	-
neb__132	https://static.case.law/neb/132.zip	?	-
neb__133	https://static.case.law/neb/133.zip	?	-
neb__134	https://static.case.law/neb/134.zip	?	-
neb__135	https://static.case.law/neb/135.zip	?	-
neb__136	https://static.case.law/neb/136.zip	?	-
neb__137	https://static.case.law/neb/137.zip	?	-
neb__138	https://static.case.law/neb/138.zip	?	-
neb__139	https://static.case.law/neb/139.zip	?	-
neb__140	https://static.case.law/neb/140.zip	?	-
nev__48	https://static.case.law/nev/48.zip	?	-
nev__49	https://static.case.law/nev/49.zip	?	-
nev__50	https://static.case.law/nev/50.zip	?	-
nev__51	https://static.case.law/nev/51.zip	?	-
nev__52	https://static.case.law/nev/52.zip	?	-
nev__53	https://static.case.law/nev/53.zip	?	-
nev__54	https://static.case.law/nev/54.zip	?	-
nev__55	https://static.case.law/nev/55.zip	?	-
nev__56	https://static.case.law/nev/56.zip	?	-
nev__57	https://static.case.law/nev/57.zip	?	-
nev__58	https://static.case.law/nev/58.zip	?	-
nev__59	https://static.case.law/nev/59.zip	?	-
nev__60	https://static.case.law/nev/60.zip	?	-
nh__81	https://static.case.law/nh/81.zip	?	-
nh__82	https://static.case.law/nh/82.zip	?	-
nh__83	https://static.case.law/nh/83.zip	?	-
nh__84	https://static.case.law/nh/84.zip	?	-
nh__85	https://static.case.law/nh/85.zip	?	-
nh__86	https://static.case.law/nh/86.zip	?	-
nh__87	https://static.case.law/nh/87.zip	?	-
nh__88	https://static.case.law/nh/88.zip	?	-
nh__89	https://static.case.law/nh/89.zip	?	-
nh__90	https://static.case.law/nh/90.zip	?	-
nh__91	https://static.case.law/nh/91.zip	?	-
nj-eq__100	https://static.case.law/nj-eq/100.zip	?	-
nj-eq__101	https://static.case.law/nj-eq/101.zip	?	-
nj-eq__102	https://static.case.law/nj-eq/102.zip	?	-
nj-eq__103	https://static.case.law/nj-eq/103.zip	?	-
nj-eq__104	https://static.case.law/nj-eq/104.zip	?	-
nj-eq__105	https://static.case.law/nj-eq/105.zip	?	-
nj-eq__106	https://static.case.law/nj-eq/106.zip	?	-
nj-eq__107	https://static.case.law/nj-eq/107.zip	?	-
nj-eq__108	https://static.case.law/nj-eq/108.zip	?	-
nj-eq__109	https://static.case.law/nj-eq/109.zip	?	-
nj-eq__110	https://static.case.law/nj-eq/110.zip	?	-
nj-eq__111	https://static.case.law/nj-eq/111.zip	?	-
nj-eq__112	https://static.case.law/nj-eq/112.zip	?	-
nj-eq__113	https://static.case.law/nj-eq/113.zip	?	-
nj-eq__114	https://static.case.law/nj-eq/114.zip	?	-
nj-eq__115	https://static.case.law/nj-eq/115.zip	?	-
nj-eq__116	https://static.case.law/nj-eq/116.zip	?	-
nj-eq__117	https://static.case.law/nj-eq/117.zip	?	-
nj-eq__118	https://static.case.law/nj-eq/118.zip	?	-
nj-eq__119	https://static.case.law/nj-eq/119.zip	?	-
nj-eq__120	https://static.case.law/nj-eq/120.zip	?	-
nj-eq__121	https://static.case.law/nj-eq/121.zip	?	-
nj-eq__122	https://static.case.law/nj-eq/122.zip	?	-
nj-eq__123	https://static.case.law/nj-eq/123.zip	?	-
nj-eq__124	https://static.case.law/nj-eq/124.zip	?	-
nj-eq__125	https://static.case.law/nj-eq/125.zip	?	-
nj-eq__126	https://static.case.law/nj-eq/126.zip	?	-
nj-eq__127	https://static.case.law/nj-eq/127.zip	?	-
nj-eq__128	https://static.case.law/nj-eq/128.zip	?	-
nj-eq__129	https://static.case.law/nj-eq/129.zip	?	-
nj-eq__130	https://static.case.law/nj-eq/130.zip	?	-
nj-eq__131	https://static.case.law/nj-eq/131.zip	?	-
nj-eq__96	https://static.case.law/nj-eq/96.zip	?	-
nj-eq__97	https://static.case.law/nj-eq/97.zip	?	-
nj-eq__98	https://static.case.law/nj-eq/98.zip	?	-
nj-eq__99	https://static.case.law/nj-eq/99.zip	?	-
nj-misc__10	https://static.case.law/nj-misc/10.zip	?	-
nj-misc__11	https://static.case.law/nj-misc/11.zip	?	-
nj-misc__12	https://static.case.law/nj-misc/12.zip	?	-
nj-misc__13	https://static.case.law/nj-misc/13.zip	?	-
nj-misc__14	https://static.case.law/nj-misc/14.zip	?	-
nj-misc__15	https://static.case.law/nj-misc/15.zip	?	-
nj-misc__16	https://static.case.law/nj-misc/16.zip	?	-
nj-misc__17	https://static.case.law/nj-misc/17.zip	?	-
nj-misc__18	https://static.case.law/nj-misc/18.zip	?	-
nj-misc__19	https://static.case.law/nj-misc/19.zip	?	-
nj-misc__2	https://static.case.law/nj-misc/2.zip	?	-
nj-misc__3	https://static.case.law/nj-misc/3.zip	?	-
nj-misc__4	https://static.case.law/nj-misc/4.zip	?	-
nj-misc__5	https://static.case.law/nj-misc/5.zip	?	-
nj-misc__6	https://static.case.law/nj-misc/6.zip	?	-
nj-misc__7	https://static.case.law/nj-misc/7.zip	?	-
nj-misc__8	https://static.case.law/nj-misc/8.zip	?	-
nj-misc__9	https://static.case.law/nj-misc/9.zip	?	-
njl__100	https://static.case.law/njl/100.zip	?	-
njl__101	https://static.case.law/njl/101.zip	?	-
njl__102	https://static.case.law/njl/102.zip	?	-
njl__103	https://static.case.law/njl/103.zip	?	-
njl__104	https://static.case.law/njl/104.zip	?	-
njl__105	https://static.case.law/njl/105.zip	?	-
njl__106	https://static.case.law/njl/106.zip	?	-
njl__107	https://static.case.law/njl/107.zip	?	-
njl__108	https://static.case.law/njl/108.zip	?	-
njl__109	https://static.case.law/njl/109.zip	?	-
njl__110	https://static.case.law/njl/110.zip	?	-
njl__111	https://static.case.law/njl/111.zip	?	-
njl__112	https://static.case.law/njl/112.zip	?	-
njl__113	https://static.case.law/njl/113.zip	?	-
njl__114	https://static.case.law/njl/114.zip	?	-
njl__115	https://static.case.law/njl/115.zip	?	-
njl__116	https://static.case.law/njl/116.zip	?	-
njl__117	https://static.case.law/njl/117.zip	?	-
njl__118	https://static.case.law/njl/118.zip	?	-
njl__119	https://static.case.law/njl/119.zip	?	-
njl__120	https://static.case.law/njl/120.zip	?	-
njl__121	https://static.case.law/njl/121.zip	?	-
njl__122	https://static.case.law/njl/122.zip	?	-
njl__123	https://static.case.law/njl/123.zip	?	-
njl__124	https://static.case.law/njl/124.zip	?	-
njl__125	https://static.case.law/njl/125.zip	?	-
njl__126	https://static.case.law/njl/126.zip	?	-
njl__127	https://static.case.law/njl/127.zip	?	-
njl__128	https://static.case.law/njl/128.zip	?	-
njl__99	https://static.case.law/njl/99.zip	?	-
nm__29	https://static.case.law/nm/29.zip	?	-
nm__30	https://static.case.law/nm/30.zip	?	-
nm__31	https://static.case.law/nm/31.zip	?	-
nm__32	https://static.case.law/nm/32.zip	?	-
nm__33	https://static.case.law/nm/33.zip	?	-
nm__34	https://static.case.law/nm/34.zip	?	-
nm__35	https://static.case.law/nm/35.zip	?	-
nm__36	https://static.case.law/nm/36.zip	?	-
nm__37	https://static.case.law/nm/37.zip	?	-
nm__38	https://static.case.law/nm/38.zip	?	-
nm__39	https://static.case.law/nm/39.zip	?	-
nm__40	https://static.case.law/nm/40.zip	?	-
nm__41	https://static.case.law/nm/41.zip	?	-
nm__42	https://static.case.law/nm/42.zip	?	-
nm__43	https://static.case.law/nm/43.zip	?	-
nm__44	https://static.case.law/nm/44.zip	?	-
nm__45	https://static.case.law/nm/45.zip	?	-
ny__239	https://static.case.law/ny/239.zip	?	-
ny__240	https://static.case.law/ny/240.zip	?	-
ny__241	https://static.case.law/ny/241.zip	?	-
ny__242	https://static.case.law/ny/242.zip	?	-
ny__243	https://static.case.law/ny/243.zip	?	-
ny__244	https://static.case.law/ny/244.zip	?	-
ny__245	https://static.case.law/ny/245.zip	?	-
ny__246	https://static.case.law/ny/246.zip	?	-
ny__247	https://static.case.law/ny/247.zip	?	-
ny__248	https://static.case.law/ny/248.zip	?	-
ny__249	https://static.case.law/ny/249.zip	?	-
ny__250	https://static.case.law/ny/250.zip	?	-
ny__251	https://static.case.law/ny/251.zip	?	-
ny__252	https://static.case.law/ny/252.zip	?	-
ny__253	https://static.case.law/ny/253.zip	?	-
ny__254	https://static.case.law/ny/254.zip	?	-
ny__255	https://static.case.law/ny/255.zip	?	-
ny__256	https://static.case.law/ny/256.zip	?	-
ny__257	https://static.case.law/ny/257.zip	?	-
ny__258	https://static.case.law/ny/258.zip	?	-
ny__259	https://static.case.law/ny/259.zip	?	-
ny__260	https://static.case.law/ny/260.zip	?	-
ny__261	https://static.case.law/ny/261.zip	?	-
ny__262	https://static.case.law/ny/262.zip	?	-
ny__263	https://static.case.law/ny/263.zip	?	-
ny__264	https://static.case.law/ny/264.zip	?	-
ny__265	https://static.case.law/ny/265.zip	?	-
ny__266	https://static.case.law/ny/266.zip	?	-
ny__267	https://static.case.law/ny/267.zip	?	-
ny__268	https://static.case.law/ny/268.zip	?	-
ny__269	https://static.case.law/ny/269.zip	?	-
ny__270	https://static.case.law/ny/270.zip	?	-
ny__271	https://static.case.law/ny/271.zip	?	-
ny__272	https://static.case.law/ny/272.zip	?	-
ny__273	https://static.case.law/ny/273.zip	?	-
ny__274	https://static.case.law/ny/274.zip	?	-
ny__275	https://static.case.law/ny/275.zip	?	-
ny__276	https://static.case.law/ny/276.zip	?	-
ny__277	https://static.case.law/ny/277.zip	?	-
ny__278	https://static.case.law/ny/278.zip	?	-
ny__279	https://static.case.law/ny/279.zip	?	-
ny__280	https://static.case.law/ny/280.zip	?	-
ny__281	https://static.case.law/ny/281.zip	?	-
ny__282	https://static.case.law/ny/282.zip	?	-
ny__283	https://static.case.law/ny/283.zip	?	-
ny__284	https://static.case.law/ny/284.zip	?	-
ny__285	https://static.case.law/ny/285.zip	?	-
ny__286	https://static.case.law/ny/286.zip	?	-
ny__287	https://static.case.law/ny/287.zip	?	-
ny__288	https://static.case.law/ny/288.zip	?	-
ny-crim__41	https://static.case.law/ny-crim/41.zip	?	-
ohio-app__17	https://static.case.law/ohio-app/17.zip	?	-
ohio-app__18	https://static.case.law/ohio-app/18.zip	?	-
ohio-app__19	https://static.case.law/ohio-app/19.zip	?	-
ohio-app__20	https://static.case.law/ohio-app/20.zip	?	-
ohio-app__21	https://static.case.law/ohio-app/21.zip	?	-
ohio-app__22	https://static.case.law/ohio-app/22.zip	?	-
ohio-app__23	https://static.case.law/ohio-app/23.zip	?	-
ohio-app__24	https://static.case.law/ohio-app/24.zip	?	-
ohio-app__25	https://static.case.law/ohio-app/25.zip	?	-
ohio-app__26	https://static.case.law/ohio-app/26.zip	?	-
ohio-app__27	https://static.case.law/ohio-app/27.zip	?	-
ohio-app__28	https://static.case.law/ohio-app/28.zip	?	-
ohio-app__29	https://static.case.law/ohio-app/29.zip	?	-
ohio-app__30	https://static.case.law/ohio-app/30.zip	?	-
ohio-app__31	https://static.case.law/ohio-app/31.zip	?	-
ohio-app__32	https://static.case.law/ohio-app/32.zip	?	-
ohio-app__33	https://static.case.law/ohio-app/33.zip	?	-
ohio-app__34	https://static.case.law/ohio-app/34.zip	?	-
ohio-app__35	https://static.case.law/ohio-app/35.zip	?	-
ohio-app__36	https://static.case.law/ohio-app/36.zip	?	-
ohio-app__37	https://static.case.law/ohio-app/37.zip	?	-
ohio-app__38	https://static.case.law/ohio-app/38.zip	?	-
ohio-app__39	https://static.case.law/ohio-app/39.zip	?	-
ohio-app__40	https://static.case.law/ohio-app/40.zip	?	-
ohio-app__41	https://static.case.law/ohio-app/41.zip	?	-
ohio-app__42	https://static.case.law/ohio-app/42.zip	?	-
ohio-app__43	https://static.case.law/ohio-app/43.zip	?	-
ohio-app__44	https://static.case.law/ohio-app/44.zip	?	-
ohio-app__45	https://static.case.law/ohio-app/45.zip	?	-
ohio-app__46	https://static.case.law/ohio-app/46.zip	?	-
ohio-app__47	https://static.case.law/ohio-app/47.zip	?	-
ohio-app__48	https://static.case.law/ohio-app/48.zip	?	-
ohio-app__49	https://static.case.law/ohio-app/49.zip	?	-
ohio-app__50	https://static.case.law/ohio-app/50.zip	?	-
ohio-app__51	https://static.case.law/ohio-app/51.zip	?	-
ohio-app__52	https://static.case.law/ohio-app/52.zip	?	-
ohio-app__53	https://static.case.law/ohio-app/53.zip	?	-
ohio-app__54	https://static.case.law/ohio-app/54.zip	?	-
ohio-app__55	https://static.case.law/ohio-app/55.zip	?	-
ohio-app__56	https://static.case.law/ohio-app/56.zip	?	-
ohio-app__57	https://static.case.law/ohio-app/57.zip	?	-
ohio-app__58	https://static.case.law/ohio-app/58.zip	?	-
ohio-app__59	https://static.case.law/ohio-app/59.zip	?	-
ohio-app__60	https://static.case.law/ohio-app/60.zip	?	-
ohio-app__61	https://static.case.law/ohio-app/61.zip	?	-
ohio-app__62	https://static.case.law/ohio-app/62.zip	?	-
ohio-app__63	https://static.case.law/ohio-app/63.zip	?	-
ohio-app__64	https://static.case.law/ohio-app/64.zip	?	-
ohio-app__65	https://static.case.law/ohio-app/65.zip	?	-
ohio-app__66	https://static.case.law/ohio-app/66.zip	?	-
ohio-app__67	https://static.case.law/ohio-app/67.zip	?	-
ohio-app__68	https://static.case.law/ohio-app/68.zip	?	-
ohio-app__69	https://static.case.law/ohio-app/69.zip	?	-
ohio-law-abs__10	https://static.case.law/ohio-law-abs/10.zip	?	-
ohio-law-abs__11	https://static.case.law/ohio-law-abs/11.zip	?	-
ohio-law-abs__12	https://static.case.law/ohio-law-abs/12.zip	?	-
ohio-law-abs__13	https://static.case.law/ohio-law-abs/13.zip	?	-
ohio-law-abs__14	https://static.case.law/ohio-law-abs/14.zip	?	-
ohio-law-abs__15	https://static.case.law/ohio-law-abs/15.zip	?	-
ohio-law-abs__16	https://static.case.law/ohio-law-abs/16.zip	?	-
ohio-law-abs__17	https://static.case.law/ohio-law-abs/17.zip	?	-
ohio-law-abs__18	https://static.case.law/ohio-law-abs/18.zip	?	-
ohio-law-abs__19	https://static.case.law/ohio-law-abs/19.zip	?	-
ohio-law-abs__20	https://static.case.law/ohio-law-abs/20.zip	?	-
ohio-law-abs__21	https://static.case.law/ohio-law-abs/21.zip	?	-
ohio-law-abs__22	https://static.case.law/ohio-law-abs/22.zip	?	-
ohio-law-abs__23	https://static.case.law/ohio-law-abs/23.zip	?	-
ohio-law-abs__24	https://static.case.law/ohio-law-abs/24.zip	?	-
ohio-law-abs__25	https://static.case.law/ohio-law-abs/25.zip	?	-
ohio-law-abs__26	https://static.case.law/ohio-law-abs/26.zip	?	-
ohio-law-abs__27	https://static.case.law/ohio-law-abs/27.zip	?	-
ohio-law-abs__28	https://static.case.law/ohio-law-abs/28.zip	?	-
ohio-law-abs__29	https://static.case.law/ohio-law-abs/29.zip	?	-
ohio-law-abs__3	https://static.case.law/ohio-law-abs/3.zip	?	-
ohio-law-abs__30	https://static.case.law/ohio-law-abs/30.zip	?	-
ohio-law-abs__31	https://static.case.law/ohio-law-abs/31.zip	?	-
ohio-law-abs__32	https://static.case.law/ohio-law-abs/32.zip	?	-
ohio-law-abs__33	https://static.case.law/ohio-law-abs/33.zip	?	-
ohio-law-abs__34	https://static.case.law/ohio-law-abs/34.zip	?	-
ohio-law-abs__35	https://static.case.law/ohio-law-abs/35.zip	?	-
ohio-law-abs__4	https://static.case.law/ohio-law-abs/4.zip	?	-
ohio-law-abs__5	https://static.case.law/ohio-law-abs/5.zip	?	-
ohio-law-abs__6	https://static.case.law/ohio-law-abs/6.zip	?	-
ohio-law-abs__7	https://static.case.law/ohio-law-abs/7.zip	?	-
ohio-law-abs__8	https://static.case.law/ohio-law-abs/8.zip	?	-
ohio-law-abs__9	https://static.case.law/ohio-law-abs/9.zip	?	-
ohio-np-ns__25	https://static.case.law/ohio-np-ns/25.zip	?	-
ohio-np-ns__26	https://static.case.law/ohio-np-ns/26.zip	?	-
ohio-np-ns__27	https://static.case.law/ohio-np-ns/27.zip	?	-
ohio-np-ns__28	https://static.case.law/ohio-np-ns/28.zip	?	-
ohio-np-ns__29	https://static.case.law/ohio-np-ns/29.zip	?	-
ohio-np-ns__30	https://static.case.law/ohio-np-ns/30.zip	?	-
ohio-np-ns__31	https://static.case.law/ohio-np-ns/31.zip	?	-
ohio-np-ns__32	https://static.case.law/ohio-np-ns/32.zip	?	-
ohio-st__110	https://static.case.law/ohio-st/110.zip	?	-
ohio-st__111	https://static.case.law/ohio-st/111.zip	?	-
ohio-st__112	https://static.case.law/ohio-st/112.zip	?	-
ohio-st__113	https://static.case.law/ohio-st/113.zip	?	-
ohio-st__114	https://static.case.law/ohio-st/114.zip	?	-
ohio-st__115	https://static.case.law/ohio-st/115.zip	?	-
ohio-st__116	https://static.case.law/ohio-st/116.zip	?	-
ohio-st__117	https://static.case.law/ohio-st/117.zip	?	-
ohio-st__118	https://static.case.law/ohio-st/118.zip	?	-
ohio-st__119	https://static.case.law/ohio-st/119.zip	?	-
ohio-st__120	https://static.case.law/ohio-st/120.zip	?	-
ohio-st__121	https://static.case.law/ohio-st/121.zip	?	-
ohio-st__122	https://static.case.law/ohio-st/122.zip	?	-
ohio-st__123	https://static.case.law/ohio-st/123.zip	?	-
ohio-st__124	https://static.case.law/ohio-st/124.zip	?	-
ohio-st__125	https://static.case.law/ohio-st/125.zip	?	-
ohio-st__126	https://static.case.law/ohio-st/126.zip	?	-
ohio-st__127	https://static.case.law/ohio-st/127.zip	?	-
ohio-st__128	https://static.case.law/ohio-st/128.zip	?	-
ohio-st__129	https://static.case.law/ohio-st/129.zip	?	-
ohio-st__130	https://static.case.law/ohio-st/130.zip	?	-
ohio-st__131	https://static.case.law/ohio-st/131.zip	?	-
ohio-st__132	https://static.case.law/ohio-st/132.zip	?	-
ohio-st__133	https://static.case.law/ohio-st/133.zip	?	-
ohio-st__134	https://static.case.law/ohio-st/134.zip	?	-
ohio-st__135	https://static.case.law/ohio-st/135.zip	?	-
ohio-st__136	https://static.case.law/ohio-st/136.zip	?	-
ohio-st__137	https://static.case.law/ohio-st/137.zip	?	-
ohio-st__138	https://static.case.law/ohio-st/138.zip	?	-
ohio-st__139	https://static.case.law/ohio-st/139.zip	?	-
okla__103	https://static.case.law/okla/103.zip	?	-
okla__104	https://static.case.law/okla/104.zip	?	-
okla__105	https://static.case.law/okla/105.zip	?	-
okla__106	https://static.case.law/okla/106.zip	?	-
okla__107	https://static.case.law/okla/107.zip	?	-
okla__108	https://static.case.law/okla/108.zip	?	-
okla__109	https://static.case.law/okla/109.zip	?	-
okla__110	https://static.case.law/okla/110.zip	?	-
okla__111	https://static.case.law/okla/111.zip	?	-
okla__112	https://static.case.law/okla/112.zip	?	-
okla__113	https://static.case.law/okla/113.zip	?	-
okla__114	https://static.case.law/okla/114.zip	?	-
okla__115	https://static.case.law/okla/115.zip	?	-
okla__116	https://static.case.law/okla/116.zip	?	-
okla__117	https://static.case.law/okla/117.zip	?	-
okla__118	https://static.case.law/okla/118.zip	?	-
okla__119	https://static.case.law/okla/119.zip	?	-
okla__120	https://static.case.law/okla/120.zip	?	-
okla__121	https://static.case.law/okla/121.zip	?	-
okla__122	https://static.case.law/okla/122.zip	?	-
okla__123	https://static.case.law/okla/123.zip	?	-
okla__124	https://static.case.law/okla/124.zip	?	-
okla__125	https://static.case.law/okla/125.zip	?	-
okla__126	https://static.case.law/okla/126.zip	?	-
okla__127	https://static.case.law/okla/127.zip	?	-
okla__128	https://static.case.law/okla/128.zip	?	-
okla__129	https://static.case.law/okla/129.zip	?	-
okla__130	https://static.case.law/okla/130.zip	?	-
okla__131	https://static.case.law/okla/131.zip	?	-
okla__132	https://static.case.law/okla/132.zip	?	-
okla__133	https://static.case.law/okla/133.zip	?	-
okla__134	https://static.case.law/okla/134.zip	?	-
okla__135	https://static.case.law/okla/135.zip	?	-
okla__136	https://static.case.law/okla/136.zip	?	-
okla__137	https://static.case.law/okla/137.zip	?	-
okla__138	https://static.case.law/okla/138.zip	?	-
okla__139	https://static.case.law/okla/139.zip	?	-
okla__140	https://static.case.law/okla/140.zip	?	-
okla__141	https://static.case.law/okla/141.zip	?	-
okla__142	https://static.case.law/okla/142.zip	?	-
okla__143	https://static.case.law/okla/143.zip	?	-
okla__144	https://static.case.law/okla/144.zip	?	-
okla__145	https://static.case.law/okla/145.zip	?	-
okla__146	https://static.case.law/okla/146.zip	?	-
okla__147	https://static.case.law/okla/147.zip	?	-
okla__148	https://static.case.law/okla/148.zip	?	-
okla__149	https://static.case.law/okla/149.zip	?	-
okla__150	https://static.case.law/okla/150.zip	?	-
okla__151	https://static.case.law/okla/151.zip	?	-
okla__152	https://static.case.law/okla/152.zip	?	-
okla__153	https://static.case.law/okla/153.zip	?	-
okla__154	https://static.case.law/okla/154.zip	?	-
okla__155	https://static.case.law/okla/155.zip	?	-
okla__156	https://static.case.law/okla/156.zip	?	-
okla__157	https://static.case.law/okla/157.zip	?	-
okla__158	https://static.case.law/okla/158.zip	?	-
okla__159	https://static.case.law/okla/159.zip	?	-
okla__160	https://static.case.law/okla/160.zip	?	-
okla__161	https://static.case.law/okla/161.zip	?	-
okla__162	https://static.case.law/okla/162.zip	?	-
okla__163	https://static.case.law/okla/163.zip	?	-
okla__164	https://static.case.law/okla/164.zip	?	-
okla__165	https://static.case.law/okla/165.zip	?	-
okla__166	https://static.case.law/okla/166.zip	?	-
okla__167	https://static.case.law/okla/167.zip	?	-
okla__168	https://static.case.law/okla/168.zip	?	-
okla__169	https://static.case.law/okla/169.zip	?	-
okla__170	https://static.case.law/okla/170.zip	?	-
okla__171	https://static.case.law/okla/171.zip	?	-
okla__172	https://static.case.law/okla/172.zip	?	-
okla__173	https://static.case.law/okla/173.zip	?	-
okla__174	https://static.case.law/okla/174.zip	?	-
okla__175	https://static.case.law/okla/175.zip	?	-
okla__176	https://static.case.law/okla/176.zip	?	-
okla__177	https://static.case.law/okla/177.zip	?	-
okla__178	https://static.case.law/okla/178.zip	?	-
okla__179	https://static.case.law/okla/179.zip	?	-
okla__180	https://static.case.law/okla/180.zip	?	-
okla__181	https://static.case.law/okla/181.zip	?	-
okla__182	https://static.case.law/okla/182.zip	?	-
okla__183	https://static.case.law/okla/183.zip	?	-
okla__184	https://static.case.law/okla/184.zip	?	-
okla__185	https://static.case.law/okla/185.zip	?	-
okla__186	https://static.case.law/okla/186.zip	?	-
okla__187	https://static.case.law/okla/187.zip	?	-
okla__188	https://static.case.law/okla/188.zip	?	-
okla__189	https://static.case.law/okla/189.zip	?	-
okla__190	https://static.case.law/okla/190.zip	?	-
okla-crim__18	https://static.case.law/okla-crim/18.zip	?	-
okla-crim__19	https://static.case.law/okla-crim/19.zip	?	-
okla-crim__20	https://static.case.law/okla-crim/20.zip	?	-
okla-crim__21	https://static.case.law/okla-crim/21.zip	?	-
okla-crim__22	https://static.case.law/okla-crim/22.zip	?	-
okla-crim__23	https://static.case.law/okla-crim/23.zip	?	-
okla-crim__24	https://static.case.law/okla-crim/24.zip	?	-
okla-crim__25	https://static.case.law/okla-crim/25.zip	?	-
okla-crim__26	https://static.case.law/okla-crim/26.zip	?	-
okla-crim__27	https://static.case.law/okla-crim/27.zip	?	-
okla-crim__28	https://static.case.law/okla-crim/28.zip	?	-
okla-crim__29	https://static.case.law/okla-crim/29.zip	?	-
okla-crim__30	https://static.case.law/okla-crim/30.zip	?	-
okla-crim__31	https://static.case.law/okla-crim/31.zip	?	-
okla-crim__32	https://static.case.law/okla-crim/32.zip	?	-
okla-crim__33	https://static.case.law/okla-crim/33.zip	?	-
okla-crim__34	https://static.case.law/okla-crim/34.zip	?	-
okla-crim__35	https://static.case.law/okla-crim/35.zip	?	-
okla-crim__36	https://static.case.law/okla-crim/36.zip	?	-
okla-crim__37	https://static.case.law/okla-crim/37.zip	?	-
okla-crim__38	https://static.case.law/okla-crim/38.zip	?	-
okla-crim__39	https://static.case.law/okla-crim/39.zip	?	-
okla-crim__40	https://static.case.law/okla-crim/40.zip	?	-
okla-crim__41	https://static.case.law/okla-crim/41.zip	?	-
okla-crim__42	https://static.case.law/okla-crim/42.zip	?	-
okla-crim__43	https://static.case.law/okla-crim/43.zip	?	-
okla-crim__44	https://static.case.law/okla-crim/44.zip	?	-
okla-crim__45	https://static.case.law/okla-crim/45.zip	?	-
okla-crim__46	https://static.case.law/okla-crim/46.zip	?	-
okla-crim__47	https://static.case.law/okla-crim/47.zip	?	-
okla-crim__48	https://static.case.law/okla-crim/48.zip	?	-
okla-crim__49	https://static.case.law/okla-crim/49.zip	?	-
okla-crim__50	https://static.case.law/okla-crim/50.zip	?	-
okla-crim__51	https://static.case.law/okla-crim/51.zip	?	-
okla-crim__52	https://static.case.law/okla-crim/52.zip	?	-
okla-crim__53	https://static.case.law/okla-crim/53.zip	?	-
okla-crim__54	https://static.case.law/okla-crim/54.zip	?	-
okla-crim__55	https://static.case.law/okla-crim/55.zip	?	-
okla-crim__56	https://static.case.law/okla-crim/56.zip	?	-
okla-crim__57	https://static.case.law/okla-crim/57.zip	?	-
okla-crim__58	https://static.case.law/okla-crim/58.zip	?	-
okla-crim__59	https://static.case.law/okla-crim/59.zip	?	-
okla-crim__60	https://static.case.law/okla-crim/60.zip	?	-
okla-crim__61	https://static.case.law/okla-crim/61.zip	?	-
okla-crim__62	https://static.case.law/okla-crim/62.zip	?	-
okla-crim__63	https://static.case.law/okla-crim/63.zip	?	-
okla-crim__64	https://static.case.law/okla-crim/64.zip	?	-
okla-crim__65	https://static.case.law/okla-crim/65.zip	?	-
okla-crim__66	https://static.case.law/okla-crim/66.zip	?	-
okla-crim__67	https://static.case.law/okla-crim/67.zip	?	-
okla-crim__68	https://static.case.law/okla-crim/68.zip	?	-
okla-crim__69	https://static.case.law/okla-crim/69.zip	?	-
okla-crim__70	https://static.case.law/okla-crim/70.zip	?	-
okla-crim__71	https://static.case.law/okla-crim/71.zip	?	-
okla-crim__72	https://static.case.law/okla-crim/72.zip	?	-
okla-crim__73	https://static.case.law/okla-crim/73.zip	?	-
or__111	https://static.case.law/or/111.zip	?	-
or__112	https://static.case.law/or/112.zip	?	-
or__113	https://static.case.law/or/113.zip	?	-
or__114	https://static.case.law/or/114.zip	?	-
or__115	https://static.case.law/or/115.zip	?	-
or__116	https://static.case.law/or/116.zip	?	-
or__117	https://static.case.law/or/117.zip	?	-
or__118	https://static.case.law/or/118.zip	?	-
or__119	https://static.case.law/or/119.zip	?	-
or__120	https://static.case.law/or/120.zip	?	-
or__121	https://static.case.law/or/121.zip	?	-
or__122	https://static.case.law/or/122.zip	?	-
or__123	https://static.case.law/or/123.zip	?	-
or__124	https://static.case.law/or/124.zip	?	-
or__125	https://static.case.law/or/125.zip	?	-
or__126	https://static.case.law/or/126.zip	?	-
or__127	https://static.case.law/or/127.zip	?	-
or__128	https://static.case.law/or/128.zip	?	-
or__129	https://static.case.law/or/129.zip	?	-
or__130	https://static.case.law/or/130.zip	?	-
or__131	https://static.case.law/or/131.zip	?	-
or__132	https://static.case.law/or/132.zip	?	-
or__133	https://static.case.law/or/133.zip	?	-
or__134	https://static.case.law/or/134.zip	?	-
or__135	https://static.case.law/or/135.zip	?	-
or__136	https://static.case.law/or/136.zip	?	-
or__137	https://static.case.law/or/137.zip	?	-
or__138	https://static.case.law/or/138.zip	?	-
or__139	https://static.case.law/or/139.zip	?	-
or__140	https://static.case.law/or/140.zip	?	-
or__141	https://static.case.law/or/141.zip	?	-
or__142	https://static.case.law/or/142.zip	?	-
or__143	https://static.case.law/or/143.zip	?	-
or__144	https://static.case.law/or/144.zip	?	-
or__145	https://static.case.law/or/145.zip	?	-
or__146	https://static.case.law/or/146.zip	?	-
or__147	https://static.case.law/or/147.zip	?	-
or__148	https://static.case.law/or/148.zip	?	-
or__149	https://static.case.law/or/149.zip	?	-
or__150	https://static.case.law/or/150.zip	?	-
or__151	https://static.case.law/or/151.zip	?	-
or__152	https://static.case.law/or/152.zip	?	-
or__153	https://static.case.law/or/153.zip	?	-
or__154	https://static.case.law/or/154.zip	?	-
or__155	https://static.case.law/or/155.zip	?	-
or__156	https://static.case.law/or/156.zip	?	-
or__157	https://static.case.law/or/157.zip	?	-
or__158	https://static.case.law/or/158.zip	?	-
or__159	https://static.case.law/or/159.zip	?	-
or__160	https://static.case.law/or/160.zip	?	-
or__161	https://static.case.law/or/161.zip	?	-
or__162	https://static.case.law/or/162.zip	?	-
or__163	https://static.case.law/or/163.zip	?	-
or__164	https://static.case.law/or/164.zip	?	-
or__165	https://static.case.law/or/165.zip	?	-
or__166	https://static.case.law/or/166.zip	?	-
or__167	https://static.case.law/or/167.zip	?	-
or__168	https://static.case.law/or/168.zip	?	-
pa__281	https://static.case.law/pa/281.zip	?	-
pa__282	https://static.case.law/pa/282.zip	?	-
pa__283	https://static.case.law/pa/283.zip	?	-
pa__284	https://static.case.law/pa/284.zip	?	-
pa__285	https://static.case.law/pa/285.zip	?	-
pa__286	https://static.case.law/pa/286.zip	?	-
pa__287	https://static.case.law/pa/287.zip	?	-
pa__288	https://static.case.law/pa/288.zip	?	-
pa__289	https://static.case.law/pa/289.zip	?	-
pa__290	https://static.case.law/pa/290.zip	?	-
pa__291	https://static.case.law/pa/291.zip	?	-
pa__292	https://static.case.law/pa/292.zip	?	-
pa__293	https://static.case.law/pa/293.zip	?	-
pa__294	https://static.case.law/pa/294.zip	?	-
pa__295	https://static.case.law/pa/295.zip	?	-
pa__296	https://static.case.law/pa/296.zip	?	-
pa__297	https://static.case.law/pa/297.zip	?	-
pa__298	https://static.case.law/pa/298.zip	?	-
pa__299	https://static.case.law/pa/299.zip	?	-
pa__300	https://static.case.law/pa/300.zip	?	-
pa__301	https://static.case.law/pa/301.zip	?	-
pa__302	https://static.case.law/pa/302.zip	?	-
pa__303	https://static.case.law/pa/303.zip	?	-
pa__304	https://static.case.law/pa/304.zip	?	-
pa__305	https://static.case.law/pa/305.zip	?	-
pa__306	https://static.case.law/pa/306.zip	?	-
pa__307	https://static.case.law/pa/307.zip	?	-
pa__308	https://static.case.law/pa/308.zip	?	-
pa__309	https://static.case.law/pa/309.zip	?	-
pa__310	https://static.case.law/pa/310.zip	?	-
pa__311	https://static.case.law/pa/311.zip	?	-
pa__312	https://static.case.law/pa/312.zip	?	-
pa__313	https://static.case.law/pa/313.zip	?	-
pa__314	https://static.case.law/pa/314.zip	?	-
pa__315	https://static.case.law/pa/315.zip	?	-
pa__316	https://static.case.law/pa/316.zip	?	-
pa__317	https://static.case.law/pa/317.zip	?	-
pa__318	https://static.case.law/pa/318.zip	?	-
pa__319	https://static.case.law/pa/319.zip	?	-
pa__320	https://static.case.law/pa/320.zip	?	-
pa__321	https://static.case.law/pa/321.zip	?	-
pa__322	https://static.case.law/pa/322.zip	?	-
pa__323	https://static.case.law/pa/323.zip	?	-
pa__324	https://static.case.law/pa/324.zip	?	-
pa__325	https://static.case.law/pa/325.zip	?	-
pa__326	https://static.case.law/pa/326.zip	?	-
pa__327	https://static.case.law/pa/327.zip	?	-
pa__328	https://static.case.law/pa/328.zip	?	-
pa__329	https://static.case.law/pa/329.zip	?	-
pa__330	https://static.case.law/pa/330.zip	?	-
pa__331	https://static.case.law/pa/331.zip	?	-
pa__332	https://static.case.law/pa/332.zip	?	-
pa__333	https://static.case.law/pa/333.zip	?	-
pa__334	https://static.case.law/pa/334.zip	?	-
pa__335	https://static.case.law/pa/335.zip	?	-
pa__336	https://static.case.law/pa/336.zip	?	-
pa__337	https://static.case.law/pa/337.zip	?	-
pa__338	https://static.case.law/pa/338.zip	?	-
pa__339	https://static.case.law/pa/339.zip	?	-
pa__340	https://static.case.law/pa/340.zip	?	-
pa__341	https://static.case.law/pa/341.zip	?	-
pa__342	https://static.case.law/pa/342.zip	?	-
pa__343	https://static.case.law/pa/343.zip	?	-
pa__344	https://static.case.law/pa/344.zip	?	-
pa-d-c__10	https://static.case.law/pa-d-c/10.zip	?	-
pa-d-c__11	https://static.case.law/pa-d-c/11.zip	?	-
pa-d-c__12	https://static.case.law/pa-d-c/12.zip	?	-
pa-d-c__13	https://static.case.law/pa-d-c/13.zip	?	-
pa-d-c__14	https://static.case.law/pa-d-c/14.zip	?	-
pa-d-c__15	https://static.case.law/pa-d-c/15.zip	?	-
pa-d-c__16	https://static.case.law/pa-d-c/16.zip	?	-
pa-d-c__17	https://static.case.law/pa-d-c/17.zip	?	-
pa-d-c__18	https://static.case.law/pa-d-c/18.zip	?	-
pa-d-c__19	https://static.case.law/pa-d-c/19.zip	?	-
pa-d-c__20	https://static.case.law/pa-d-c/20.zip	?	-
pa-d-c__21	https://static.case.law/pa-d-c/21.zip	?	-
pa-d-c__22	https://static.case.law/pa-d-c/22.zip	?	-
pa-d-c__23	https://static.case.law/pa-d-c/23.zip	?	-
pa-d-c__24	https://static.case.law/pa-d-c/24.zip	?	-
pa-d-c__25	https://static.case.law/pa-d-c/25.zip	?	-
pa-d-c__26	https://static.case.law/pa-d-c/26.zip	?	-
pa-d-c__27	https://static.case.law/pa-d-c/27.zip	?	-
pa-d-c__28	https://static.case.law/pa-d-c/28.zip	?	-
pa-d-c__29	https://static.case.law/pa-d-c/29.zip	?	-
pa-d-c__30	https://static.case.law/pa-d-c/30.zip	?	-
pa-d-c__31	https://static.case.law/pa-d-c/31.zip	?	-
pa-d-c__32	https://static.case.law/pa-d-c/32.zip	?	-
pa-d-c__33	https://static.case.law/pa-d-c/33.zip	?	-
pa-d-c__34	https://static.case.law/pa-d-c/34.zip	?	-
pa-d-c__35	https://static.case.law/pa-d-c/35.zip	?	-
pa-d-c__36	https://static.case.law/pa-d-c/36.zip	?	-
pa-d-c__37	https://static.case.law/pa-d-c/37.zip	?	-
pa-d-c__38	https://static.case.law/pa-d-c/38.zip	?	-
pa-d-c__39	https://static.case.law/pa-d-c/39.zip	?	-
pa-d-c__40	https://static.case.law/pa-d-c/40.zip	?	-
pa-d-c__41	https://static.case.law/pa-d-c/41.zip	?	-
pa-d-c__42	https://static.case.law/pa-d-c/42.zip	?	-
pa-d-c__43	https://static.case.law/pa-d-c/43.zip	?	-
pa-d-c__5	https://static.case.law/pa-d-c/5.zip	?	-
pa-d-c__6	https://static.case.law/pa-d-c/6.zip	?	-
pa-d-c__7	https://static.case.law/pa-d-c/7.zip	?	-
pa-d-c__8	https://static.case.law/pa-d-c/8.zip	?	-
pa-d-c__9	https://static.case.law/pa-d-c/9.zip	?	-
pa-super__100	https://static.case.law/pa-super/100.zip	?	-
pa-super__101	https://static.case.law/pa-super/101.zip	?	-
pa-super__102	https://static.case.law/pa-super/102.zip	?	-
pa-super__103	https://static.case.law/pa-super/103.zip	?	-
pa-super__104	https://static.case.law/pa-super/104.zip	?	-
pa-super__105	https://static.case.law/pa-super/105.zip	?	-
pa-super__106	https://static.case.law/pa-super/106.zip	?	-
pa-super__107	https://static.case.law/pa-super/107.zip	?	-
pa-super__108	https://static.case.law/pa-super/108.zip	?	-
pa-super__109	https://static.case.law/pa-super/109.zip	?	-
pa-super__110	https://static.case.law/pa-super/110.zip	?	-
pa-super__111	https://static.case.law/pa-super/111.zip	?	-
pa-super__112	https://static.case.law/pa-super/112.zip	?	-
pa-super__113	https://static.case.law/pa-super/113.zip	?	-
pa-super__114	https://static.case.law/pa-super/114.zip	?	-
pa-super__115	https://static.case.law/pa-super/115.zip	?	-
pa-super__116	https://static.case.law/pa-super/116.zip	?	-
pa-super__117	https://static.case.law/pa-super/117.zip	?	-
pa-super__118	https://static.case.law/pa-super/118.zip	?	-
pa-super__119	https://static.case.law/pa-super/119.zip	?	-
pa-super__120	https://static.case.law/pa-super/120.zip	?	-
pa-super__121	https://static.case.law/pa-super/121.zip	?	-
pa-super__122	https://static.case.law/pa-super/122.zip	?	-
pa-super__123	https://static.case.law/pa-super/123.zip	?	-
pa-super__124	https://static.case.law/pa-super/124.zip	?	-
pa-super__125	https://static.case.law/pa-super/125.zip	?	-
pa-super__126	https://static.case.law/pa-super/126.zip	?	-
pa-super__127	https://static.case.law/pa-super/127.zip	?	-
pa-super__128	https://static.case.law/pa-super/128.zip	?	-
pa-super__129	https://static.case.law/pa-super/129.zip	?	-
pa-super__130	https://static.case.law/pa-super/130.zip	?	-
pa-super__131	https://static.case.law/pa-super/131.zip	?	-
pa-super__132	https://static.case.law/pa-super/132.zip	?	-
pa-super__133	https://static.case.law/pa-super/133.zip	?	-
pa-super__134	https://static.case.law/pa-super/134.zip	?	-
pa-super__135	https://static.case.law/pa-super/135.zip	?	-
pa-super__136	https://static.case.law/pa-super/136.zip	?	-
pa-super__137	https://static.case.law/pa-super/137.zip	?	-
pa-super__138	https://static.case.law/pa-super/138.zip	?	-
pa-super__139	https://static.case.law/pa-super/139.zip	?	-
pa-super__140	https://static.case.law/pa-super/140.zip	?	-
pa-super__141	https://static.case.law/pa-super/141.zip	?	-
pa-super__142	https://static.case.law/pa-super/142.zip	?	-
pa-super__143	https://static.case.law/pa-super/143.zip	?	-
pa-super__144	https://static.case.law/pa-super/144.zip	?	-
pa-super__145	https://static.case.law/pa-super/145.zip	?	-
pa-super__146	https://static.case.law/pa-super/146.zip	?	-
pa-super__147	https://static.case.law/pa-super/147.zip	?	-
pa-super__148	https://static.case.law/pa-super/148.zip	?	-
pa-super__84	https://static.case.law/pa-super/84.zip	?	-
pa-super__85	https://static.case.law/pa-super/85.zip	?	-
pa-super__86	https://static.case.law/pa-super/86.zip	?	-
pa-super__87	https://static.case.law/pa-super/87.zip	?	-
pa-super__88	https://static.case.law/pa-super/88.zip	?	-
pa-super__89	https://static.case.law/pa-super/89.zip	?	-
pa-super__90	https://static.case.law/pa-super/90.zip	?	-
pa-super__91	https://static.case.law/pa-super/91.zip	?	-
pa-super__92	https://static.case.law/pa-super/92.zip	?	-
pa-super__93	https://static.case.law/pa-super/93.zip	?	-
pa-super__94	https://static.case.law/pa-super/94.zip	?	-
pa-super__95	https://static.case.law/pa-super/95.zip	?	-
pa-super__96	https://static.case.law/pa-super/96.zip	?	-
pa-super__97	https://static.case.law/pa-super/97.zip	?	-
pa-super__98	https://static.case.law/pa-super/98.zip	?	-
pa-super__99	https://static.case.law/pa-super/99.zip	?	-
pr-fed__12	https://static.case.law/pr-fed/12.zip	?	-
pr-fed__13	https://static.case.law/pr-fed/13.zip	?	-
rec-co-ct__1	https://static.case.law/rec-co-ct/1.zip	?	-
rec-co-ct__2	https://static.case.law/rec-co-ct/2.zip	?	-
rec-va-ct-ri__1	https://static.case.law/rec-va-ct-ri/1.zip	?	-
ri__47	https://static.case.law/ri/47.zip	?	-
ri__48	https://static.case.law/ri/48.zip	?	-
ri__49	https://static.case.law/ri/49.zip	?	-
ri__50	https://static.case.law/ri/50.zip	?	-
ri__51	https://static.case.law/ri/51.zip	?	-
ri__52	https://static.case.law/ri/52.zip	?	-
ri__53	https://static.case.law/ri/53.zip	?	-
ri__54	https://static.case.law/ri/54.zip	?	-
ri__55	https://static.case.law/ri/55.zip	?	-
ri__56	https://static.case.law/ri/56.zip	?	-
ri__57	https://static.case.law/ri/57.zip	?	-
ri__58	https://static.case.law/ri/58.zip	?	-
ri__59	https://static.case.law/ri/59.zip	?	-
ri__60	https://static.case.law/ri/60.zip	?	-
ri__61	https://static.case.law/ri/61.zip	?	-
ri__62	https://static.case.law/ri/62.zip	?	-
ri__63	https://static.case.law/ri/63.zip	?	-
ri__64	https://static.case.law/ri/64.zip	?	-
ri__65	https://static.case.law/ri/65.zip	?	-
ri__66	https://static.case.law/ri/66.zip	?	-
ri-dec__1	https://static.case.law/ri-dec/1.zip	?	-
ri-dec__10	https://static.case.law/ri-dec/10.zip	?	-
ri-dec__11	https://static.case.law/ri-dec/11.zip	?	-
ri-dec__12	https://static.case.law/ri-dec/12.zip	?	-
ri-dec__2	https://static.case.law/ri-dec/2.zip	?	-
ri-dec__3	https://static.case.law/ri-dec/3.zip	?	-
ri-dec__4	https://static.case.law/ri-dec/4.zip	?	-
ri-dec__5	https://static.case.law/ri-dec/5.zip	?	-
ri-dec__6	https://static.case.law/ri-dec/6.zip	?	-
ri-dec__7	https://static.case.law/ri-dec/7.zip	?	-
ri-dec__8	https://static.case.law/ri-dec/8.zip	?	-
ri-dec__9	https://static.case.law/ri-dec/9.zip	?	-
sc__125	https://static.case.law/sc/125.zip	?	-
sc__126	https://static.case.law/sc/126.zip	?	-
sc__127	https://static.case.law/sc/127.zip	?	-
sc__128	https://static.case.law/sc/128.zip	?	-
sc__129	https://static.case.law/sc/129.zip	?	-
sc__130	https://static.case.law/sc/130.zip	?	-
sc__131	https://static.case.law/sc/131.zip	?	-
sc__132	https://static.case.law/sc/132.zip	?	-
sc__133	https://static.case.law/sc/133.zip	?	-
sc__134	https://static.case.law/sc/134.zip	?	-
sc__135	https://static.case.law/sc/135.zip	?	-
sc__136	https://static.case.law/sc/136.zip	?	-
sc__137	https://static.case.law/sc/137.zip	?	-
sc__138	https://static.case.law/sc/138.zip	?	-
sc__139	https://static.case.law/sc/139.zip	?	-
sc__140	https://static.case.law/sc/140.zip	?	-
sc__141	https://static.case.law/sc/141.zip	?	-
sc__142	https://static.case.law/sc/142.zip	?	-
sc__143	https://static.case.law/sc/143.zip	?	-
sc__144	https://static.case.law/sc/144.zip	?	-
sc__145	https://static.case.law/sc/145.zip	?	-
sc__146	https://static.case.law/sc/146.zip	?	-
sc__147	https://static.case.law/sc/147.zip	?	-
sc__148	https://static.case.law/sc/148.zip	?	-
sc__149	https://static.case.law/sc/149.zip	?	-
sc__150	https://static.case.law/sc/150.zip	?	-
sc__151	https://static.case.law/sc/151.zip	?	-
sc__152	https://static.case.law/sc/152.zip	?	-
sc__153	https://static.case.law/sc/153.zip	?	-
sc__154	https://static.case.law/sc/154.zip	?	-
sc__155	https://static.case.law/sc/155.zip	?	-
sc__156	https://static.case.law/sc/156.zip	?	-
sc__157	https://static.case.law/sc/157.zip	?	-
sc__158	https://static.case.law/sc/158.zip	?	-
sc__159	https://static.case.law/sc/159.zip	?	-
sc__160	https://static.case.law/sc/160.zip	?	-
sc__161	https://static.case.law/sc/161.zip	?	-
sc__162	https://static.case.law/sc/162.zip	?	-
sc__163	https://static.case.law/sc/163.zip	?	-
sc__164	https://static.case.law/sc/164.zip	?	-
sc__165	https://static.case.law/sc/165.zip	?	-
sc__166	https://static.case.law/sc/166.zip	?	-
sc__167	https://static.case.law/sc/167.zip	?	-
sc__168	https://static.case.law/sc/168.zip	?	-
sc__169	https://static.case.law/sc/169.zip	?	-
sc__170	https://static.case.law/sc/170.zip	?	-
sc__171	https://static.case.law/sc/171.zip	?	-
sc__172	https://static.case.law/sc/172.zip	?	-
sc__173	https://static.case.law/sc/173.zip	?	-
sc__174	https://static.case.law/sc/174.zip	?	-
sc__175	https://static.case.law/sc/175.zip	?	-
sc__176	https://static.case.law/sc/176.zip	?	-
sc__177	https://static.case.law/sc/177.zip	?	-
sc__178	https://static.case.law/sc/178.zip	?	-
sc__179	https://static.case.law/sc/179.zip	?	-
sc__180	https://static.case.law/sc/180.zip	?	-
sc__181	https://static.case.law/sc/181.zip	?	-
sc__182	https://static.case.law/sc/182.zip	?	-
sc__183	https://static.case.law/sc/183.zip	?	-
sc__184	https://static.case.law/sc/184.zip	?	-
sc__185	https://static.case.law/sc/185.zip	?	-
sc__186	https://static.case.law/sc/186.zip	?	-
sc__187	https://static.case.law/sc/187.zip	?	-
sc__188	https://static.case.law/sc/188.zip	?	-
sc__189	https://static.case.law/sc/189.zip	?	-
sc__190	https://static.case.law/sc/190.zip	?	-
sc__191	https://static.case.law/sc/191.zip	?	-
sc__192	https://static.case.law/sc/192.zip	?	-
sc__193	https://static.case.law/sc/193.zip	?	-
sc__194	https://static.case.law/sc/194.zip	?	-
sc__195	https://static.case.law/sc/195.zip	?	-
sc__196	https://static.case.law/sc/196.zip	?	-
sc__197	https://static.case.law/sc/197.zip	?	-
sc__198	https://static.case.law/sc/198.zip	?	-
scdc-ns__1	https://static.case.law/scdc-ns/1.zip	?	-
scdc-ns__2	https://static.case.law/scdc-ns/2.zip	?	-
sd__47	https://static.case.law/sd/47.zip	?	-
sd__48	https://static.case.law/sd/48.zip	?	-
sd__49	https://static.case.law/sd/49.zip	?	-
sd__50	https://static.case.law/sd/50.zip	?	-
sd__51	https://static.case.law/sd/51.zip	?	-
sd__52	https://static.case.law/sd/52.zip	?	-
sd__53	https://static.case.law/sd/53.zip	?	-
sd__54	https://static.case.law/sd/54.zip	?	-
sd__55	https://static.case.law/sd/55.zip	?	-
sd__56	https://static.case.law/sd/56.zip	?	-
sd__57	https://static.case.law/sd/57.zip	?	-
sd__58	https://static.case.law/sd/58.zip	?	-
sd__59	https://static.case.law/sd/59.zip	?	-
sd__60	https://static.case.law/sd/60.zip	?	-
sd__61	https://static.case.law/sd/61.zip	?	-
sd__62	https://static.case.law/sd/62.zip	?	-
sd__63	https://static.case.law/sd/63.zip	?	-
sd__64	https://static.case.law/sd/64.zip	?	-
sd__65	https://static.case.law/sd/65.zip	?	-
sd__66	https://static.case.law/sd/66.zip	?	-
sd__67	https://static.case.law/sd/67.zip	?	-
so__137	https://static.case.law/so/137.zip	?	-
so__138	https://static.case.law/so/138.zip	?	-
so__139	https://static.case.law/so/139.zip	?	-
so__140	https://static.case.law/so/140.zip	?	-
so__141	https://static.case.law/so/141.zip	?	-
so__142	https://static.case.law/so/142.zip	?	-
so__143	https://static.case.law/so/143.zip	?	-
so__144	https://static.case.law/so/144.zip	?	-
so__145	https://static.case.law/so/145.zip	?	-
so__146	https://static.case.law/so/146.zip	?	-
so__147	https://static.case.law/so/147.zip	?	-
so__148	https://static.case.law/so/148.zip	?	-
so__149	https://static.case.law/so/149.zip	?	-
so__150	https://static.case.law/so/150.zip	?	-
so__151	https://static.case.law/so/151.zip	?	-
so__152	https://static.case.law/so/152.zip	?	-
so__153	https://static.case.law/so/153.zip	?	-
so__154	https://static.case.law/so/154.zip	?	-
so__155	https://static.case.law/so/155.zip	?	-
so__156	https://static.case.law/so/156.zip	?	-
so__157	https://static.case.law/so/157.zip	?	-
so__158	https://static.case.law/so/158.zip	?	-
so__159	https://static.case.law/so/159.zip	?	-
so__160	https://static.case.law/so/160.zip	?	-
so__161	https://static.case.law/so/161.zip	?	-
so__162	https://static.case.law/so/162.zip	?	-
so__163	https://static.case.law/so/163.zip	?	-
so__164	https://static.case.law/so/164.zip	?	-
so__165	https://static.case.law/so/165.zip	?	-
so__166	https://static.case.law/so/166.zip	?	-
so__167	https://static.case.law/so/167.zip	?	-
so__168	https://static.case.law/so/168.zip	?	-
so__169	https://static.case.law/so/169.zip	?	-
so__170	https://static.case.law/so/170.zip	?	-
so__171	https://static.case.law/so/171.zip	?	-
so__172	https://static.case.law/so/172.zip	?	-
so__173	https://static.case.law/so/173.zip	?	-
so__174	https://static.case.law/so/174.zip	?	-
so__175	https://static.case.law/so/175.zip	?	-
so__176	https://static.case.law/so/176.zip	?	-
so__177	https://static.case.law/so/177.zip	?	-
so__178	https://static.case.law/so/178.zip	?	-
so__179	https://static.case.law/so/179.zip	?	-
so__180	https://static.case.law/so/180.zip	?	-
so__181	https://static.case.law/so/181.zip	?	-
so__182	https://static.case.law/so/182.zip	?	-
so__183	https://static.case.law/so/183.zip	?	-
so__184	https://static.case.law/so/184.zip	?	-
so__185	https://static.case.law/so/185.zip	?	-
so__186	https://static.case.law/so/186.zip	?	-
so__187	https://static.case.law/so/187.zip	?	-
so__188	https://static.case.law/so/188.zip	?	-
so__189	https://static.case.law/so/189.zip	?	-
so__190	https://static.case.law/so/190.zip	?	-
so__191	https://static.case.law/so/191.zip	?	-
so__192	https://static.case.law/so/192.zip	?	-
so__193	https://static.case.law/so/193.zip	?	-
so__194	https://static.case.law/so/194.zip	?	-
so__195	https://static.case.law/so/195.zip	?	-
so__196	https://static.case.law/so/196.zip	?	-
so__197	https://static.case.law/so/197.zip	?	-
so__198	https://static.case.law/so/198.zip	?	-
so__199	https://static.case.law/so/199.zip	?	-
so__200	https://static.case.law/so/200.zip	?	-
so2d__1	https://static.case.law/so2d/1.zip	?	-
so2d__2	https://static.case.law/so2d/2.zip	?	-
so2d__3	https://static.case.law/so2d/3.zip	?	-
so2d__4	https://static.case.law/so2d/4.zip	?	-
so2d__5	https://static.case.law/so2d/5.zip	?	-
so2d__6	https://static.case.law/so2d/6.zip	?	-
so2d__7	https://static.case.law/so2d/7.zip	?	-
so2d__8	https://static.case.law/so2d/8.zip	?	-
sw__264	https://static.case.law/sw/264.zip	?	-
sw__265	https://static.case.law/sw/265.zip	?	-
sw__266	https://static.case.law/sw/266.zip	?	-
sw__267	https://static.case.law/sw/267.zip	?	-
sw__268	https://static.case.law/sw/268.zip	?	-
sw__269	https://static.case.law/sw/269.zip	?	-
sw__270	https://static.case.law/sw/270.zip	?	-
sw__271	https://static.case.law/sw/271.zip	?	-
sw__272	https://static.case.law/sw/272.zip	?	-
sw__273	https://static.case.law/sw/273.zip	?	-
sw__274	https://static.case.law/sw/274.zip	?	-
sw__275	https://static.case.law/sw/275.zip	?	-
sw__276	https://static.case.law/sw/276.zip	?	-
sw__277	https://static.case.law/sw/277.zip	?	-
sw__278	https://static.case.law/sw/278.zip	?	-
sw__279	https://static.case.law/sw/279.zip	?	-
sw__280	https://static.case.law/sw/280.zip	?	-
sw__281	https://static.case.law/sw/281.zip	?	-
sw__282	https://static.case.law/sw/282.zip	?	-
sw__283	https://static.case.law/sw/283.zip	?	-
sw__284	https://static.case.law/sw/284.zip	?	-
sw__285	https://static.case.law/sw/285.zip	?	-
sw__286	https://static.case.law/sw/286.zip	?	-
sw__287	https://static.case.law/sw/287.zip	?	-
sw__288	https://static.case.law/sw/288.zip	?	-
sw__289	https://static.case.law/sw/289.zip	?	-
sw__290	https://static.case.law/sw/290.zip	?	-
sw__291	https://static.case.law/sw/291.zip	?	-
sw__292	https://static.case.law/sw/292.zip	?	-
sw__293	https://static.case.law/sw/293.zip	?	-
sw__294	https://static.case.law/sw/294.zip	?	-
sw__295	https://static.case.law/sw/295.zip	?	-
sw__296	https://static.case.law/sw/296.zip	?	-
sw__297	https://static.case.law/sw/297.zip	?	-
sw__298	https://static.case.law/sw/298.zip	?	-
sw__299	https://static.case.law/sw/299.zip	?	-
sw__300	https://static.case.law/sw/300.zip	?	-
sw2d__1	https://static.case.law/sw2d/1.zip	?	-
sw2d__10	https://static.case.law/sw2d/10.zip	?	-
sw2d__100	https://static.case.law/sw2d/100.zip	?	-
sw2d__101	https://static.case.law/sw2d/101.zip	?	-
sw2d__102	https://static.case.law/sw2d/102.zip	?	-
sw2d__103	https://static.case.law/sw2d/103.zip	?	-
sw2d__104	https://static.case.law/sw2d/104.zip	?	-
sw2d__105	https://static.case.law/sw2d/105.zip	?	-
sw2d__106	https://static.case.law/sw2d/106.zip	?	-
sw2d__107	https://static.case.law/sw2d/107.zip	?	-
sw2d__108	https://static.case.law/sw2d/108.zip	?	-
sw2d__109	https://static.case.law/sw2d/109.zip	?	-
sw2d__11	https://static.case.law/sw2d/11.zip	?	-
sw2d__110	https://static.case.law/sw2d/110.zip	?	-
sw2d__111	https://static.case.law/sw2d/111.zip	?	-
sw2d__112	https://static.case.law/sw2d/112.zip	?	-
sw2d__113	https://static.case.law/sw2d/113.zip	?	-
sw2d__114	https://static.case.law/sw2d/114.zip	?	-
sw2d__115	https://static.case.law/sw2d/115.zip	?	-
sw2d__116	https://static.case.law/sw2d/116.zip	?	-
sw2d__117	https://static.case.law/sw2d/117.zip	?	-
sw2d__118	https://static.case.law/sw2d/118.zip	?	-
sw2d__119	https://static.case.law/sw2d/119.zip	?	-
sw2d__12	https://static.case.law/sw2d/12.zip	?	-
sw2d__120	https://static.case.law/sw2d/120.zip	?	-
sw2d__121	https://static.case.law/sw2d/121.zip	?	-
sw2d__122	https://static.case.law/sw2d/122.zip	?	-
sw2d__123	https://static.case.law/sw2d/123.zip	?	-
sw2d__124	https://static.case.law/sw2d/124.zip	?	-
sw2d__125	https://static.case.law/sw2d/125.zip	?	-
sw2d__126	https://static.case.law/sw2d/126.zip	?	-
sw2d__127	https://static.case.law/sw2d/127.zip	?	-
sw2d__128	https://static.case.law/sw2d/128.zip	?	-
sw2d__129	https://static.case.law/sw2d/129.zip	?	-
sw2d__13	https://static.case.law/sw2d/13.zip	?	-
sw2d__130	https://static.case.law/sw2d/130.zip	?	-
sw2d__131	https://static.case.law/sw2d/131.zip	?	-
sw2d__132	https://static.case.law/sw2d/132.zip	?	-
sw2d__133	https://static.case.law/sw2d/133.zip	?	-
sw2d__134	https://static.case.law/sw2d/134.zip	?	-
sw2d__135	https://static.case.law/sw2d/135.zip	?	-
sw2d__136	https://static.case.law/sw2d/136.zip	?	-
sw2d__137	https://static.case.law/sw2d/137.zip	?	-
sw2d__138	https://static.case.law/sw2d/138.zip	?	-
sw2d__139	https://static.case.law/sw2d/139.zip	?	-
sw2d__14	https://static.case.law/sw2d/14.zip	?	-
sw2d__140	https://static.case.law/sw2d/140.zip	?	-
sw2d__141	https://static.case.law/sw2d/141.zip	?	-
sw2d__142	https://static.case.law/sw2d/142.zip	?	-
sw2d__143	https://static.case.law/sw2d/143.zip	?	-
sw2d__144	https://static.case.law/sw2d/144.zip	?	-
sw2d__145	https://static.case.law/sw2d/145.zip	?	-
sw2d__146	https://static.case.law/sw2d/146.zip	?	-
sw2d__147	https://static.case.law/sw2d/147.zip	?	-
sw2d__148	https://static.case.law/sw2d/148.zip	?	-
sw2d__149	https://static.case.law/sw2d/149.zip	?	-
sw2d__15	https://static.case.law/sw2d/15.zip	?	-
sw2d__150	https://static.case.law/sw2d/150.zip	?	-
sw2d__151	https://static.case.law/sw2d/151.zip	?	-
sw2d__152	https://static.case.law/sw2d/152.zip	?	-
sw2d__153	https://static.case.law/sw2d/153.zip	?	-
sw2d__154	https://static.case.law/sw2d/154.zip	?	-
sw2d__155	https://static.case.law/sw2d/155.zip	?	-
sw2d__156	https://static.case.law/sw2d/156.zip	?	-
sw2d__157	https://static.case.law/sw2d/157.zip	?	-
sw2d__158	https://static.case.law/sw2d/158.zip	?	-
sw2d__159	https://static.case.law/sw2d/159.zip	?	-
sw2d__16	https://static.case.law/sw2d/16.zip	?	-
sw2d__160	https://static.case.law/sw2d/160.zip	?	-
sw2d__161	https://static.case.law/sw2d/161.zip	?	-
sw2d__162	https://static.case.law/sw2d/162.zip	?	-
sw2d__163	https://static.case.law/sw2d/163.zip	?	-
sw2d__164	https://static.case.law/sw2d/164.zip	?	-
sw2d__17	https://static.case.law/sw2d/17.zip	?	-
sw2d__18	https://static.case.law/sw2d/18.zip	?	-
sw2d__19	https://static.case.law/sw2d/19.zip	?	-
sw2d__2	https://static.case.law/sw2d/2.zip	?	-
sw2d__20	https://static.case.law/sw2d/20.zip	?	-
sw2d__21	https://static.case.law/sw2d/21.zip	?	-
sw2d__22	https://static.case.law/sw2d/22.zip	?	-
sw2d__23	https://static.case.law/sw2d/23.zip	?	-
sw2d__24	https://static.case.law/sw2d/24.zip	?	-
sw2d__25	https://static.case.law/sw2d/25.zip	?	-
sw2d__26	https://static.case.law/sw2d/26.zip	?	-
sw2d__27	https://static.case.law/sw2d/27.zip	?	-
sw2d__28	https://static.case.law/sw2d/28.zip	?	-
sw2d__29	https://static.case.law/sw2d/29.zip	?	-
sw2d__3	https://static.case.law/sw2d/3.zip	?	-
sw2d__30	https://static.case.law/sw2d/30.zip	?	-
sw2d__31	https://static.case.law/sw2d/31.zip	?	-
sw2d__32	https://static.case.law/sw2d/32.zip	?	-
sw2d__33	https://static.case.law/sw2d/33.zip	?	-
sw2d__34	https://static.case.law/sw2d/34.zip	?	-
sw2d__35	https://static.case.law/sw2d/35.zip	?	-
sw2d__36	https://static.case.law/sw2d/36.zip	?	-
sw2d__37	https://static.case.law/sw2d/37.zip	?	-
sw2d__38	https://static.case.law/sw2d/38.zip	?	-
sw2d__39	https://static.case.law/sw2d/39.zip	?	-
sw2d__4	https://static.case.law/sw2d/4.zip	?	-
sw2d__40	https://static.case.law/sw2d/40.zip	?	-
sw2d__41	https://static.case.law/sw2d/41.zip	?	-
sw2d__42	https://static.case.law/sw2d/42.zip	?	-
sw2d__43	https://static.case.law/sw2d/43.zip	?	-
sw2d__44	https://static.case.law/sw2d/44.zip	?	-
sw2d__45	https://static.case.law/sw2d/45.zip	?	-
sw2d__46	https://static.case.law/sw2d/46.zip	?	-
sw2d__47	https://static.case.law/sw2d/47.zip	?	-
sw2d__48	https://static.case.law/sw2d/48.zip	?	-
sw2d__49	https://static.case.law/sw2d/49.zip	?	-
sw2d__5	https://static.case.law/sw2d/5.zip	?	-
sw2d__50	https://static.case.law/sw2d/50.zip	?	-
sw2d__51	https://static.case.law/sw2d/51.zip	?	-
sw2d__52	https://static.case.law/sw2d/52.zip	?	-
sw2d__53	https://static.case.law/sw2d/53.zip	?	-
sw2d__54	https://static.case.law/sw2d/54.zip	?	-
sw2d__55	https://static.case.law/sw2d/55.zip	?	-
sw2d__56	https://static.case.law/sw2d/56.zip	?	-
sw2d__57	https://static.case.law/sw2d/57.zip	?	-
sw2d__58	https://static.case.law/sw2d/58.zip	?	-
sw2d__59	https://static.case.law/sw2d/59.zip	?	-
sw2d__6	https://static.case.law/sw2d/6.zip	?	-
sw2d__60	https://static.case.law/sw2d/60.zip	?	-
sw2d__61	https://static.case.law/sw2d/61.zip	?	-
sw2d__62	https://static.case.law/sw2d/62.zip	?	-
sw2d__63	https://static.case.law/sw2d/63.zip	?	-
sw2d__64	https://static.case.law/sw2d/64.zip	?	-
sw2d__65	https://static.case.law/sw2d/65.zip	?	-
sw2d__66	https://static.case.law/sw2d/66.zip	?	-
sw2d__67	https://static.case.law/sw2d/67.zip	?	-
sw2d__68	https://static.case.law/sw2d/68.zip	?	-
sw2d__69	https://static.case.law/sw2d/69.zip	?	-
sw2d__7	https://static.case.law/sw2d/7.zip	?	-
sw2d__70	https://static.case.law/sw2d/70.zip	?	-
sw2d__71	https://static.case.law/sw2d/71.zip	?	-
sw2d__72	https://static.case.law/sw2d/72.zip	?	-
sw2d__73	https://static.case.law/sw2d/73.zip	?	-
sw2d__74	https://static.case.law/sw2d/74.zip	?	-
sw2d__75	https://static.case.law/sw2d/75.zip	?	-
sw2d__76	https://static.case.law/sw2d/76.zip	?	-
sw2d__77	https://static.case.law/sw2d/77.zip	?	-
sw2d__78	https://static.case.law/sw2d/78.zip	?	-
sw2d__79	https://static.case.law/sw2d/79.zip	?	-
sw2d__8	https://static.case.law/sw2d/8.zip	?	-
sw2d__81	https://static.case.law/sw2d/81.zip	?	-
sw2d__82	https://static.case.law/sw2d/82.zip	?	-
sw2d__83	https://static.case.law/sw2d/83.zip	?	-
sw2d__84	https://static.case.law/sw2d/84.zip	?	-
sw2d__85	https://static.case.law/sw2d/85.zip	?	-
sw2d__86	https://static.case.law/sw2d/86.zip	?	-
sw2d__87	https://static.case.law/sw2d/87.zip	?	-
sw2d__88	https://static.case.law/sw2d/88.zip	?	-
sw2d__89	https://static.case.law/sw2d/89.zip	?	-
sw2d__9	https://static.case.law/sw2d/9.zip	?	-
sw2d__90	https://static.case.law/sw2d/90.zip	?	-
sw2d__91	https://static.case.law/sw2d/91.zip	?	-
sw2d__92	https://static.case.law/sw2d/92.zip	?	-
sw2d__93	https://static.case.law/sw2d/93.zip	?	-
sw2d__94	https://static.case.law/sw2d/94.zip	?	-
sw2d__95	https://static.case.law/sw2d/95.zip	?	-
sw2d__96	https://static.case.law/sw2d/96.zip	?	-
sw2d__97	https://static.case.law/sw2d/97.zip	?	-
sw2d__98	https://static.case.law/sw2d/98.zip	?	-
sw2d__99	https://static.case.law/sw2d/99.zip	?	-
tenn__151	https://static.case.law/tenn/151.zip	?	-
tenn__152	https://static.case.law/tenn/152.zip	?	-
tenn__153	https://static.case.law/tenn/153.zip	?	-
tenn__154	https://static.case.law/tenn/154.zip	?	-
tenn__155	https://static.case.law/tenn/155.zip	?	-
tenn__156	https://static.case.law/tenn/156.zip	?	-
tenn__157	https://static.case.law/tenn/157.zip	?	-
tenn__158	https://static.case.law/tenn/158.zip	?	-
tenn__159	https://static.case.law/tenn/159.zip	?	-
tenn__160	https://static.case.law/tenn/160.zip	?	-
tenn__161	https://static.case.law/tenn/161.zip	?	-
tenn__162	https://static.case.law/tenn/162.zip	?	-
tenn__163	https://static.case.law/tenn/163.zip	?	-
tenn__164	https://static.case.law/tenn/164.zip	?	-
tenn__165	https://static.case.law/tenn/165.zip	?	-
tenn__166	https://static.case.law/tenn/166.zip	?	-
tenn__167	https://static.case.law/tenn/167.zip	?	-
tenn__168	https://static.case.law/tenn/168.zip	?	-
tenn__169	https://static.case.law/tenn/169.zip	?	-
tenn__170	https://static.case.law/tenn/170.zip	?	-
tenn__171	https://static.case.law/tenn/171.zip	?	-
tenn__172	https://static.case.law/tenn/172.zip	?	-
tenn__173	https://static.case.law/tenn/173.zip	?	-
tenn__174	https://static.case.law/tenn/174.zip	?	-
tenn__175	https://static.case.law/tenn/175.zip	?	-
tenn__176	https://static.case.law/tenn/176.zip	?	-
tenn__177	https://static.case.law/tenn/177.zip	?	-
tenn__178	https://static.case.law/tenn/178.zip	?	-
tenn__179	https://static.case.law/tenn/179.zip	?	-
tenn-app__1	https://static.case.law/tenn-app/1.zip	?	-
tenn-app__10	https://static.case.law/tenn-app/10.zip	?	-
tenn-app__11	https://static.case.law/tenn-app/11.zip	?	-
tenn-app__12	https://static.case.law/tenn-app/12.zip	?	-
tenn-app__13	https://static.case.law/tenn-app/13.zip	?	-
tenn-app__14	https://static.case.law/tenn-app/14.zip	?	-
tenn-app__15	https://static.case.law/tenn-app/15.zip	?	-
tenn-app__16	https://static.case.law/tenn-app/16.zip	?	-
tenn-app__17	https://static.case.law/tenn-app/17.zip	?	-
tenn-app__18	https://static.case.law/tenn-app/18.zip	?	-
tenn-app__19	https://static.case.law/tenn-app/19.zip	?	-
tenn-app__2	https://static.case.law/tenn-app/2.zip	?	-
tenn-app__20	https://static.case.law/tenn-app/20.zip	?	-
tenn-app__21	https://static.case.law/tenn-app/21.zip	?	-
tenn-app__22	https://static.case.law/tenn-app/22.zip	?	-
tenn-app__23	https://static.case.law/tenn-app/23.zip	?	-
tenn-app__24	https://static.case.law/tenn-app/24.zip	?	-
tenn-app__3	https://static.case.law/tenn-app/3.zip	?	-
tenn-app__4	https://static.case.law/tenn-app/4.zip	?	-
tenn-app__5	https://static.case.law/tenn-app/5.zip	?	-
tenn-app__6	https://static.case.law/tenn-app/6.zip	?	-
tenn-app__7	https://static.case.law/tenn-app/7.zip	?	-
tenn-app__8	https://static.case.law/tenn-app/8.zip	?	-
tenn-app__9	https://static.case.law/tenn-app/9.zip	?	-
tex__114	https://static.case.law/tex/114.zip	?	-
tex__115	https://static.case.law/tex/115.zip	?	-
tex__116	https://static.case.law/tex/116.zip	?	-
tex__117	https://static.case.law/tex/117.zip	?	-
tex__118	https://static.case.law/tex/118.zip	?	-
tex__119	https://static.case.law/tex/119.zip	?	-
tex__120	https://static.case.law/tex/120.zip	?	-
tex__121	https://static.case.law/tex/121.zip	?	-
tex__122	https://static.case.law/tex/122.zip	?	-
tex__123	https://static.case.law/tex/123.zip	?	-
tex__124	https://static.case.law/tex/124.zip	?	-
tex__125	https://static.case.law/tex/125.zip	?	-
tex__126	https://static.case.law/tex/126.zip	?	-
tex__127	https://static.case.law/tex/127.zip	?	-
tex__128	https://static.case.law/tex/128.zip	?	-
tex__129	https://static.case.law/tex/129.zip	?	-
tex__130	https://static.case.law/tex/130.zip	?	-
tex__131	https://static.case.law/tex/131.zip	?	-
tex__132	https://static.case.law/tex/132.zip	?	-
tex__133	https://static.case.law/tex/133.zip	?	-
tex__134	https://static.case.law/tex/134.zip	?	-
tex__135	https://static.case.law/tex/135.zip	?	-
tex__136	https://static.case.law/tex/136.zip	?	-
tex__137	https://static.case.law/tex/137.zip	?	-
tex__138	https://static.case.law/tex/138.zip	?	-
tex-crim__100	https://static.case.law/tex-crim/100.zip	?	-
tex-crim__101	https://static.case.law/tex-crim/101.zip	?	-
tex-crim__102	https://static.case.law/tex-crim/102.zip	?	-
tex-crim__103	https://static.case.law/tex-crim/103.zip	?	-
tex-crim__104	https://static.case.law/tex-crim/104.zip	?	-
tex-crim__105	https://static.case.law/tex-crim/105.zip	?	-
tex-crim__106	https://static.case.law/tex-crim/106.zip	?	-
tex-crim__107	https://static.case.law/tex-crim/107.zip	?	-
tex-crim__108	https://static.case.law/tex-crim/108.zip	?	-
tex-crim__109	https://static.case.law/tex-crim/109.zip	?	-
tex-crim__110	https://static.case.law/tex-crim/110.zip	?	-
tex-crim__111	https://static.case.law/tex-crim/111.zip	?	-
tex-crim__112	https://static.case.law/tex-crim/112.zip	?	-
tex-crim__113	https://static.case.law/tex-crim/113.zip	?	-
tex-crim__114	https://static.case.law/tex-crim/114.zip	?	-
tex-crim__115	https://static.case.law/tex-crim/115.zip	?	-
tex-crim__116	https://static.case.law/tex-crim/116.zip	?	-
tex-crim__117	https://static.case.law/tex-crim/117.zip	?	-
tex-crim__118	https://static.case.law/tex-crim/118.zip	?	-
tex-crim__119	https://static.case.law/tex-crim/119.zip	?	-
tex-crim__120	https://static.case.law/tex-crim/120.zip	?	-
tex-crim__121	https://static.case.law/tex-crim/121.zip	?	-
tex-crim__122	https://static.case.law/tex-crim/122.zip	?	-
tex-crim__123	https://static.case.law/tex-crim/123.zip	?	-
tex-crim__124	https://static.case.law/tex-crim/124.zip	?	-
tex-crim__125	https://static.case.law/tex-crim/125.zip	?	-
tex-crim__126	https://static.case.law/tex-crim/126.zip	?	-
tex-crim__127	https://static.case.law/tex-crim/127.zip	?	-
tex-crim__128	https://static.case.law/tex-crim/128.zip	?	-
tex-crim__129	https://static.case.law/tex-crim/129.zip	?	-
tex-crim__130	https://static.case.law/tex-crim/130.zip	?	-
tex-crim__131	https://static.case.law/tex-crim/131.zip	?	-
tex-crim__132	https://static.case.law/tex-crim/132.zip	?	-
tex-crim__133	https://static.case.law/tex-crim/133.zip	?	-
tex-crim__134	https://static.case.law/tex-crim/134.zip	?	-
tex-crim__135	https://static.case.law/tex-crim/135.zip	?	-
tex-crim__136	https://static.case.law/tex-crim/136.zip	?	-
tex-crim__137	https://static.case.law/tex-crim/137.zip	?	-
tex-crim__138	https://static.case.law/tex-crim/138.zip	?	-
tex-crim__139	https://static.case.law/tex-crim/139.zip	?	-
tex-crim__140	https://static.case.law/tex-crim/140.zip	?	-
tex-crim__141	https://static.case.law/tex-crim/141.zip	?	-
tex-crim__142	https://static.case.law/tex-crim/142.zip	?	-
tex-crim__143	https://static.case.law/tex-crim/143.zip	?	-
tex-crim__98	https://static.case.law/tex-crim/98.zip	?	-
tex-crim__99	https://static.case.law/tex-crim/99.zip	?	-
us__266	https://static.case.law/us/266.zip	?	-
us__267	https://static.case.law/us/267.zip	?	-
us__268	https://static.case.law/us/268.zip	?	-
us__269	https://static.case.law/us/269.zip	?	-
us__270	https://static.case.law/us/270.zip	?	-
us__271	https://static.case.law/us/271.zip	?	-
us__272	https://static.case.law/us/272.zip	?	-
us__273	https://static.case.law/us/273.zip	?	-
us__274	https://static.case.law/us/274.zip	?	-
us__275	https://static.case.law/us/275.zip	?	-
us__276	https://static.case.law/us/276.zip	?	-
us__277	https://static.case.law/us/277.zip	?	-
us__278	https://static.case.law/us/278.zip	?	-
us__279	https://static.case.law/us/279.zip	?	-
us__280	https://static.case.law/us/280.zip	?	-
us__281	https://static.case.law/us/281.zip	?	-
us__282	https://static.case.law/us/282.zip	?	-
us__283	https://static.case.law/us/283.zip	?	-
us__284	https://static.case.law/us/284.zip	?	-
us__285	https://static.case.law/us/285.zip	?	-
us__286	https://static.case.law/us/286.zip	?	-
us__287	https://static.case.law/us/287.zip	?	-
us__288	https://static.case.law/us/288.zip	?	-
us__289	https://static.case.law/us/289.zip	?	-
us__290	https://static.case.law/us/290.zip	?	-
us__291	https://static.case.law/us/291.zip	?	-
us__292	https://static.case.law/us/292.zip	?	-
us__293	https://static.case.law/us/293.zip	?	-
us__294	https://static.case.law/us/294.zip	?	-
us__295	https://static.case.law/us/295.zip	?	-
us__296	https://static.case.law/us/296.zip	?	-
us__297	https://static.case.law/us/297.zip	?	-
us__298	https://static.case.law/us/298.zip	?	-
us__299	https://static.case.law/us/299.zip	?	-
us__300	https://static.case.law/us/300.zip	?	-
us__301	https://static.case.law/us/301.zip	?	-
us__302	https://static.case.law/us/302.zip	?	-
us__303	https://static.case.law/us/303.zip	?	-
us__304	https://static.case.law/us/304.zip	?	-
us__305	https://static.case.law/us/305.zip	?	-
us__306	https://static.case.law/us/306.zip	?	-
us__307	https://static.case.law/us/307.zip	?	-
us__308	https://static.case.law/us/308.zip	?	-
us__309	https://static.case.law/us/309.zip	?	-
us__310	https://static.case.law/us/310.zip	?	-
us__311	https://static.case.law/us/311.zip	?	-
us__312	https://static.case.law/us/312.zip	?	-
us__313	https://static.case.law/us/313.zip	?	-
us__314	https://static.case.law/us/314.zip	?	-
us__315	https://static.case.law/us/315.zip	?	-
us__33	https://static.case.law/us/33.zip	?	-
us-ct-cl__59	https://static.case.law/us-ct-cl/59.zip	?	-
us-ct-cl__60	https://static.case.law/us-ct-cl/60.zip	?	-
us-ct-cl__61	https://static.case.law/us-ct-cl/61.zip	?	-
us-ct-cl__62	https://static.case.law/us-ct-cl/62.zip	?	-
us-ct-cl__63	https://static.case.law/us-ct-cl/63.zip	?	-
us-ct-cl__64	https://static.case.law/us-ct-cl/64.zip	?	-
us-ct-cl__65	https://static.case.law/us-ct-cl/65.zip	?	-
us-ct-cl__66	https://static.case.law/us-ct-cl/66.zip	?	-
us-ct-cl__67	https://static.case.law/us-ct-cl/67.zip	?	-
us-ct-cl__68	https://static.case.law/us-ct-cl/68.zip	?	-
us-ct-cl__69	https://static.case.law/us-ct-cl/69.zip	?	-
us-ct-cl__70	https://static.case.law/us-ct-cl/70.zip	?	-
us-ct-cl__71	https://static.case.law/us-ct-cl/71.zip	?	-
us-ct-cl__72	https://static.case.law/us-ct-cl/72.zip	?	-
us-ct-cl__73	https://static.case.law/us-ct-cl/73.zip	?	-
us-ct-cl__74	https://static.case.law/us-ct-cl/74.zip	?	-
us-ct-cl__75	https://static.case.law/us-ct-cl/75.zip	?	-
us-ct-cl__76	https://static.case.law/us-ct-cl/76.zip	?	-
us-ct-cl__77	https://static.case.law/us-ct-cl/77.zip	?	-
us-ct-cl__78	https://static.case.law/us-ct-cl/78.zip	?	-
us-ct-cl__79	https://static.case.law/us-ct-cl/79.zip	?	-
us-ct-cl__80	https://static.case.law/us-ct-cl/80.zip	?	-
us-ct-cl__81	https://static.case.law/us-ct-cl/81.zip	?	-
us-ct-cl__82	https://static.case.law/us-ct-cl/82.zip	?	-
us-ct-cl__83	https://static.case.law/us-ct-cl/83.zip	?	-
us-ct-cl__84	https://static.case.law/us-ct-cl/84.zip	?	-
us-ct-cl__85	https://static.case.law/us-ct-cl/85.zip	?	-
us-ct-cl__86	https://static.case.law/us-ct-cl/86.zip	?	-
us-ct-cl__87	https://static.case.law/us-ct-cl/87.zip	?	-
us-ct-cl__88	https://static.case.law/us-ct-cl/88.zip	?	-
us-ct-cl__89	https://static.case.law/us-ct-cl/89.zip	?	-
us-ct-cl__90	https://static.case.law/us-ct-cl/90.zip	?	-
us-ct-cl__91	https://static.case.law/us-ct-cl/91.zip	?	-
us-ct-cl__92	https://static.case.law/us-ct-cl/92.zip	?	-
us-ct-cl__93	https://static.case.law/us-ct-cl/93.zip	?	-
us-ct-cl__94	https://static.case.law/us-ct-cl/94.zip	?	-
us-ct-cl__95	https://static.case.law/us-ct-cl/95.zip	?	-
utah__100	https://static.case.law/utah/100.zip	?	-
utah__101	https://static.case.law/utah/101.zip	?	-
utah__63	https://static.case.law/utah/63.zip	?	-
utah__64	https://static.case.law/utah/64.zip	?	-
utah__65	https://static.case.law/utah/65.zip	?	-
utah__66	https://static.case.law/utah/66.zip	?	-
utah__67	https://static.case.law/utah/67.zip	?	-
utah__68	https://static.case.law/utah/68.zip	?	-
utah__69	https://static.case.law/utah/69.zip	?	-
utah__70	https://static.case.law/utah/70.zip	?	-
utah__71	https://static.case.law/utah/71.zip	?	-
utah__72	https://static.case.law/utah/72.zip	?	-
utah__73	https://static.case.law/utah/73.zip	?	-
utah__74	https://static.case.law/utah/74.zip	?	-
utah__75	https://static.case.law/utah/75.zip	?	-
utah__76	https://static.case.law/utah/76.zip	?	-
utah__77	https://static.case.law/utah/77.zip	?	-
utah__78	https://static.case.law/utah/78.zip	?	-
utah__79	https://static.case.law/utah/79.zip	?	-
utah__80	https://static.case.law/utah/80.zip	?	-
utah__81	https://static.case.law/utah/81.zip	?	-
utah__82	https://static.case.law/utah/82.zip	?	-
utah__83	https://static.case.law/utah/83.zip	?	-
utah__84	https://static.case.law/utah/84.zip	?	-
utah__85	https://static.case.law/utah/85.zip	?	-
utah__86	https://static.case.law/utah/86.zip	?	-
utah__87	https://static.case.law/utah/87.zip	?	-
utah__88	https://static.case.law/utah/88.zip	?	-
utah__89	https://static.case.law/utah/89.zip	?	-
utah__90	https://static.case.law/utah/90.zip	?	-
utah__91	https://static.case.law/utah/91.zip	?	-
utah__92	https://static.case.law/utah/92.zip	?	-
utah__93	https://static.case.law/utah/93.zip	?	-
utah__94	https://static.case.law/utah/94.zip	?	-
utah__95	https://static.case.law/utah/95.zip	?	-
utah__96	https://static.case.law/utah/96.zip	?	-
utah__97	https://static.case.law/utah/97.zip	?	-
utah__98	https://static.case.law/utah/98.zip	?	-
utah__99	https://static.case.law/utah/99.zip	?	-
va__139	https://static.case.law/va/139.zip	?	-
va__140	https://static.case.law/va/140.zip	?	-
va__141	https://static.case.law/va/141.zip	?	-
va__142	https://static.case.law/va/142.zip	?	-
va__143	https://static.case.law/va/143.zip	?	-
va__144	https://static.case.law/va/144.zip	?	-
va__145	https://static.case.law/va/145.zip	?	-
va__146	https://static.case.law/va/146.zip	?	-
va__147	https://static.case.law/va/147.zip	?	-
va__148	https://static.case.law/va/148.zip	?	-
va__149	https://static.case.law/va/149.zip	?	-
va__150	https://static.case.law/va/150.zip	?	-
va__151	https://static.case.law/va/151.zip	?	-
va__152	https://static.case.law/va/152.zip	?	-
va__153	https://static.case.law/va/153.zip	?	-
va__154	https://static.case.law/va/154.zip	?	-
va__155	https://static.case.law/va/155.zip	?	-
va__156	https://static.case.law/va/156.zip	?	-
va__157	https://static.case.law/va/157.zip	?	-
va__158	https://static.case.law/va/158.zip	?	-
va__159	https://static.case.law/va/159.zip	?	-
va__160	https://static.case.law/va/160.zip	?	-
va__161	https://static.case.law/va/161.zip	?	-
va__162	https://static.case.law/va/162.zip	?	-
va__163	https://static.case.law/va/163.zip	?	-
va__164	https://static.case.law/va/164.zip	?	-
va__165	https://static.case.law/va/165.zip	?	-
va__166	https://static.case.law/va/166.zip	?	-
va__167	https://static.case.law/va/167.zip	?	-
va__168	https://static.case.law/va/168.zip	?	-
va__169	https://static.case.law/va/169.zip	?	-
va__170	https://static.case.law/va/170.zip	?	-
va__171	https://static.case.law/va/171.zip	?	-
va__172	https://static.case.law/va/172.zip	?	-
va__173	https://static.case.law/va/173.zip	?	-
va__174	https://static.case.law/va/174.zip	?	-
va__175	https://static.case.law/va/175.zip	?	-
va__176	https://static.case.law/va/176.zip	?	-
va__177	https://static.case.law/va/177.zip	?	-
va__178	https://static.case.law/va/178.zip	?	-
va__179	https://static.case.law/va/179.zip	?	-
va__180	https://static.case.law/va/180.zip	?	-
vt__100	https://static.case.law/vt/100.zip	?	-
vt__101	https://static.case.law/vt/101.zip	?	-
vt__102	https://static.case.law/vt/102.zip	?	-
vt__103	https://static.case.law/vt/103.zip	?	-
vt__104	https://static.case.law/vt/104.zip	?	-
vt__105	https://static.case.law/vt/105.zip	?	-
vt__106	https://static.case.law/vt/106.zip	?	-
vt__107	https://static.case.law/vt/107.zip	?	-
vt__108	https://static.case.law/vt/108.zip	?	-
vt__109	https://static.case.law/vt/109.zip	?	-
vt__110	https://static.case.law/vt/110.zip	?	-
vt__111	https://static.case.law/vt/111.zip	?	-
vt__112	https://static.case.law/vt/112.zip	?	-
vt__97	https://static.case.law/vt/97.zip	?	-
vt__98	https://static.case.law/vt/98.zip	?	-
vt__99	https://static.case.law/vt/99.zip	?	-
w-va__100	https://static.case.law/w-va/100.zip	?	-
w-va__101	https://static.case.law/w-va/101.zip	?	-
w-va__102	https://static.case.law/w-va/102.zip	?	-
w-va__103	https://static.case.law/w-va/103.zip	?	-
w-va__104	https://static.case.law/w-va/104.zip	?	-
w-va__105	https://static.case.law/w-va/105.zip	?	-
w-va__106	https://static.case.law/w-va/106.zip	?	-
w-va__107	https://static.case.law/w-va/107.zip	?	-
w-va__108	https://static.case.law/w-va/108.zip	?	-
w-va__109	https://static.case.law/w-va/109.zip	?	-
w-va__110	https://static.case.law/w-va/110.zip	?	-
w-va__111	https://static.case.law/w-va/111.zip	?	-
w-va__112	https://static.case.law/w-va/112.zip	?	-
w-va__113	https://static.case.law/w-va/113.zip	?	-
w-va__114	https://static.case.law/w-va/114.zip	?	-
w-va__115	https://static.case.law/w-va/115.zip	?	-
w-va__116	https://static.case.law/w-va/116.zip	?	-
w-va__117	https://static.case.law/w-va/117.zip	?	-
w-va__118	https://static.case.law/w-va/118.zip	?	-
w-va__119	https://static.case.law/w-va/119.zip	?	-
w-va__120	https://static.case.law/w-va/120.zip	?	-
w-va__121	https://static.case.law/w-va/121.zip	?	-
w-va__122	https://static.case.law/w-va/122.zip	?	-
w-va__123	https://static.case.law/w-va/123.zip	?	-
w-va__97	https://static.case.law/w-va/97.zip	?	-
w-va__98	https://static.case.law/w-va/98.zip	?	-
w-va__99	https://static.case.law/w-va/99.zip	?	-
wash__131	https://static.case.law/wash/131.zip	?	-
wash__132	https://static.case.law/wash/132.zip	?	-
wash__133	https://static.case.law/wash/133.zip	?	-
wash__134	https://static.case.law/wash/134.zip	?	-
wash__135	https://static.case.law/wash/135.zip	?	-
wash__136	https://static.case.law/wash/136.zip	?	-
wash__137	https://static.case.law/wash/137.zip	?	-
wash__138	https://static.case.law/wash/138.zip	?	-
wash__139	https://static.case.law/wash/139.zip	?	-
wash__140	https://static.case.law/wash/140.zip	?	-
wash__141	https://static.case.law/wash/141.zip	?	-
wash__142	https://static.case.law/wash/142.zip	?	-
wash__143	https://static.case.law/wash/143.zip	?	-
wash__144	https://static.case.law/wash/144.zip	?	-
wash__145	https://static.case.law/wash/145.zip	?	-
wash__146	https://static.case.law/wash/146.zip	?	-
wash__147	https://static.case.law/wash/147.zip	?	-
wash__148	https://static.case.law/wash/148.zip	?	-
wash__149	https://static.case.law/wash/149.zip	?	-
wash__150	https://static.case.law/wash/150.zip	?	-
wash__151	https://static.case.law/wash/151.zip	?	-
wash__152	https://static.case.law/wash/152.zip	?	-
wash__153	https://static.case.law/wash/153.zip	?	-
wash__154	https://static.case.law/wash/154.zip	?	-
wash__155	https://static.case.law/wash/155.zip	?	-
wash__156	https://static.case.law/wash/156.zip	?	-
wash__157	https://static.case.law/wash/157.zip	?	-
wash__158	https://static.case.law/wash/158.zip	?	-
wash__159	https://static.case.law/wash/159.zip	?	-
wash__160	https://static.case.law/wash/160.zip	?	-
wash__161	https://static.case.law/wash/161.zip	?	-
wash__162	https://static.case.law/wash/162.zip	?	-
wash__163	https://static.case.law/wash/163.zip	?	-
wash__164	https://static.case.law/wash/164.zip	?	-
wash__165	https://static.case.law/wash/165.zip	?	-
wash__166	https://static.case.law/wash/166.zip	?	-
wash__167	https://static.case.law/wash/167.zip	?	-
wash__168	https://static.case.law/wash/168.zip	?	-
wash__169	https://static.case.law/wash/169.zip	?	-
wash__170	https://static.case.law/wash/170.zip	?	-
wash__171	https://static.case.law/wash/171.zip	?	-
wash__172	https://static.case.law/wash/172.zip	?	-
wash__173	https://static.case.law/wash/173.zip	?	-
wash__174	https://static.case.law/wash/174.zip	?	-
wash__175	https://static.case.law/wash/175.zip	?	-
wash__176	https://static.case.law/wash/176.zip	?	-
wash__177	https://static.case.law/wash/177.zip	?	-
wash__178	https://static.case.law/wash/178.zip	?	-
wash__179	https://static.case.law/wash/179.zip	?	-
wash__180	https://static.case.law/wash/180.zip	?	-
wash__181	https://static.case.law/wash/181.zip	?	-
wash__182	https://static.case.law/wash/182.zip	?	-
wash__183	https://static.case.law/wash/183.zip	?	-
wash__184	https://static.case.law/wash/184.zip	?	-
wash__185	https://static.case.law/wash/185.zip	?	-
wash__186	https://static.case.law/wash/186.zip	?	-
wash__187	https://static.case.law/wash/187.zip	?	-
wash__188	https://static.case.law/wash/188.zip	?	-
wash__189	https://static.case.law/wash/189.zip	?	-
wash__190	https://static.case.law/wash/190.zip	?	-
wash__191	https://static.case.law/wash/191.zip	?	-
wash__192	https://static.case.law/wash/192.zip	?	-
wash__193	https://static.case.law/wash/193.zip	?	-
wash__194	https://static.case.law/wash/194.zip	?	-
wash__195	https://static.case.law/wash/195.zip	?	-
wash__196	https://static.case.law/wash/196.zip	?	-
wash__197	https://static.case.law/wash/197.zip	?	-
wash__198	https://static.case.law/wash/198.zip	?	-
wash__199	https://static.case.law/wash/199.zip	?	-
wash__200	https://static.case.law/wash/200.zip	?	-
wash-2d__1	https://static.case.law/wash-2d/1.zip	?	-
wash-2d__10	https://static.case.law/wash-2d/10.zip	?	-
wash-2d__11	https://static.case.law/wash-2d/11.zip	?	-
wash-2d__12	https://static.case.law/wash-2d/12.zip	?	-
wash-2d__13	https://static.case.law/wash-2d/13.zip	?	-
wash-2d__2	https://static.case.law/wash-2d/2.zip	?	-
wash-2d__3	https://static.case.law/wash-2d/3.zip	?	-
wash-2d__4	https://static.case.law/wash-2d/4.zip	?	-
wash-2d__5	https://static.case.law/wash-2d/5.zip	?	-
wash-2d__6	https://static.case.law/wash-2d/6.zip	?	-
wash-2d__7	https://static.case.law/wash-2d/7.zip	?	-
wash-2d__8	https://static.case.law/wash-2d/8.zip	?	-
wash-2d__9	https://static.case.law/wash-2d/9.zip	?	-
wis__184	https://static.case.law/wis/184.zip	?	-
wis__185	https://static.case.law/wis/185.zip	?	-
wis__186	https://static.case.law/wis/186.zip	?	-
wis__187	https://static.case.law/wis/187.zip	?	-
wis__188	https://static.case.law/wis/188.zip	?	-
wis__189	https://static.case.law/wis/189.zip	?	-
wis__190	https://static.case.law/wis/190.zip	?	-
wis__191	https://static.case.law/wis/191.zip	?	-
wis__192	https://static.case.law/wis/192.zip	?	-
wis__193	https://static.case.law/wis/193.zip	?	-
wis__194	https://static.case.law/wis/194.zip	?	-
wis__195	https://static.case.law/wis/195.zip	?	-
wis__196	https://static.case.law/wis/196.zip	?	-
wis__197	https://static.case.law/wis/197.zip	?	-
wis__198	https://static.case.law/wis/198.zip	?	-
wis__199	https://static.case.law/wis/199.zip	?	-
wis__200	https://static.case.law/wis/200.zip	?	-
wis__201	https://static.case.law/wis/201.zip	?	-
wis__202	https://static.case.law/wis/202.zip	?	-
wis__203	https://static.case.law/wis/203.zip	?	-
wis__204	https://static.case.law/wis/204.zip	?	-
wis__205	https://static.case.law/wis/205.zip	?	-
wis__206	https://static.case.law/wis/206.zip	?	-
wis__207	https://static.case.law/wis/207.zip	?	-
wis__208	https://static.case.law/wis/208.zip	?	-
wis__209	https://static.case.law/wis/209.zip	?	-
wis__210	https://static.case.law/wis/210.zip	?	-
wis__211	https://static.case.law/wis/211.zip	?	-
wis__212	https://static.case.law/wis/212.zip	?	-
wis__213	https://static.case.law/wis/213.zip	?	-
wis__214	https://static.case.law/wis/214.zip	?	-
wis__215	https://static.case.law/wis/215.zip	?	-
wis__216	https://static.case.law/wis/216.zip	?	-
wis__217	https://static.case.law/wis/217.zip	?	-
wis__218	https://static.case.law/wis/218.zip	?	-
wis__219	https://static.case.law/wis/219.zip	?	-
wis__220	https://static.case.law/wis/220.zip	?	-
wis__221	https://static.case.law/wis/221.zip	?	-
wis__222	https://static.case.law/wis/222.zip	?	-
wis__223	https://static.case.law/wis/223.zip	?	-
wis__224	https://static.case.law/wis/224.zip	?	-
wis__225	https://static.case.law/wis/225.zip	?	-
wis__226	https://static.case.law/wis/226.zip	?	-
wis__227	https://static.case.law/wis/227.zip	?	-
wis__228	https://static.case.law/wis/228.zip	?	-
wis__229	https://static.case.law/wis/229.zip	?	-
wis__230	https://static.case.law/wis/230.zip	?	-
wis__231	https://static.case.law/wis/231.zip	?	-
wis__232	https://static.case.law/wis/232.zip	?	-
wis__233	https://static.case.law/wis/233.zip	?	-
wis__234	https://static.case.law/wis/234.zip	?	-
wis__235	https://static.case.law/wis/235.zip	?	-
wis__236	https://static.case.law/wis/236.zip	?	-
wis__237	https://static.case.law/wis/237.zip	?	-
wis__238	https://static.case.law/wis/238.zip	?	-
wis__239	https://static.case.law/wis/239.zip	?	-
wis__240	https://static.case.law/wis/240.zip	?	-
wv-ct-cl__1	https://static.case.law/wv-ct-cl/1.zip	?	-
wyo__31	https://static.case.law/wyo/31.zip	?	-
wyo__32	https://static.case.law/wyo/32.zip	?	-
wyo__33	https://static.case.law/wyo/33.zip	?	-
wyo__34	https://static.case.law/wyo/34.zip	?	-
wyo__35	https://static.case.law/wyo/35.zip	?	-
wyo__36	https://static.case.law/wyo/36.zip	?	-
wyo__37	https://static.case.law/wyo/37.zip	?	-
wyo__38	https://static.case.law/wyo/38.zip	?	-
wyo__39	https://static.case.law/wyo/39.zip	?	-
wyo__40	https://static.case.law/wyo/40.zip	?	-
wyo__41	https://static.case.law/wyo/41.zip	?	-
wyo__42	https://static.case.law/wyo/42.zip	?	-
wyo__43	https://static.case.law/wyo/43.zip	?	-
wyo__44	https://static.case.law/wyo/44.zip	?	-
wyo__45	https://static.case.law/wyo/45.zip	?	-
wyo__46	https://static.case.law/wyo/46.zip	?	-
wyo__47	https://static.case.law/wyo/47.zip	?	-
wyo__48	https://static.case.law/wyo/48.zip	?	-
wyo__49	https://static.case.law/wyo/49.zip	?	-
wyo__50	https://static.case.law/wyo/50.zip	?	-
wyo__51	https://static.case.law/wyo/51.zip	?	-
wyo__52	https://static.case.law/wyo/52.zip	?	-
wyo__53	https://static.case.law/wyo/53.zip	?	-
wyo__54	https://static.case.law/wyo/54.zip	?	-
wyo__55	https://static.case.law/wyo/55.zip	?	-
wyo__56	https://static.case.law/wyo/56.zip	?	-
wyo__57	https://static.case.law/wyo/57.zip	?	-
