# naca_ia: archive.org djvu.txt, query 'collection:NASA_NTRS_Archive AND date:[1915-01-01 TO 1939-06-30]', window 1915-01-01..1939-06-30; built 2026-10-06 by src.data.ia_catalog
key	url	bytes	checksum
NASA_NTRS_Archive_19630039412	https://archive.org/download/NASA_NTRS_Archive_19630039412/NASA_NTRS_Archive_19630039412_djvu.txt	?	-
NASA_NTRS_Archive_19630039634	https://archive.org/download/NASA_NTRS_Archive_19630039634/NASA_NTRS_Archive_19630039634_djvu.txt	?	-
NASA_NTRS_Archive_19670008443	https://archive.org/download/NASA_NTRS_Archive_19670008443/NASA_NTRS_Archive_19670008443_djvu.txt	?	-
NASA_NTRS_Archive_19700032865	https://archive.org/download/NASA_NTRS_Archive_19700032865/NASA_NTRS_Archive_19700032865_djvu.txt	?	-
NASA_NTRS_Archive_19720014843	https://archive.org/download/NASA_NTRS_Archive_19720014843/NASA_NTRS_Archive_19720014843_djvu.txt	?	-
NASA_NTRS_Archive_19760021093	https://archive.org/download/NASA_NTRS_Archive_19760021093/NASA_NTRS_Archive_19760021093_djvu.txt	?	-
NASA_NTRS_Archive_19780011679	https://archive.org/download/NASA_NTRS_Archive_19780011679/NASA_NTRS_Archive_19780011679_djvu.txt	?	-
NASA_NTRS_Archive_19780078805	https://archive.org/download/NASA_NTRS_Archive_19780078805/NASA_NTRS_Archive_19780078805_djvu.txt	?	-
NASA_NTRS_Archive_19930080719	https://archive.org/download/NASA_NTRS_Archive_19930080719/NASA_NTRS_Archive_19930080719_djvu.txt	?	-
NASA_NTRS_Archive_19930080720	https://archive.org/download/NASA_NTRS_Archive_19930080720/NASA_NTRS_Archive_19930080720_djvu.txt	?	-
NASA_NTRS_Archive_19930080721	https://archive.org/download/NASA_NTRS_Archive_19930080721/NASA_NTRS_Archive_19930080721_djvu.txt	?	-
NASA_NTRS_Archive_19930080722	https://archive.org/download/NASA_NTRS_Archive_19930080722/NASA_NTRS_Archive_19930080722_djvu.txt	?	-
NASA_NTRS_Archive_19930080723	https://archive.org/download/NASA_NTRS_Archive_19930080723/NASA_NTRS_Archive_19930080723_djvu.txt	?	-
NASA_NTRS_Archive_19930080724	https://archive.org/download/NASA_NTRS_Archive_19930080724/NASA_NTRS_Archive_19930080724_djvu.txt	?	-
NASA_NTRS_Archive_19930080725	https://archive.org/download/NASA_NTRS_Archive_19930080725/NASA_NTRS_Archive_19930080725_djvu.txt	?	-
NASA_NTRS_Archive_19930080726	https://archive.org/download/NASA_NTRS_Archive_19930080726/NASA_NTRS_Archive_19930080726_djvu.txt	?	-
NASA_NTRS_Archive_19930080727	https://archive.org/download/NASA_NTRS_Archive_19930080727/NASA_NTRS_Archive_19930080727_djvu.txt	?	-
NASA_NTRS_Archive_19930080728	https://archive.org/download/NASA_NTRS_Archive_19930080728/NASA_NTRS_Archive_19930080728_djvu.txt	?	-
NASA_NTRS_Archive_19930080729	https://archive.org/download/NASA_NTRS_Archive_19930080729/NASA_NTRS_Archive_19930080729_djvu.txt	?	-
NASA_NTRS_Archive_19930080730	https://archive.org/download/NASA_NTRS_Archive_19930080730/NASA_NTRS_Archive_19930080730_djvu.txt	?	-
NASA_NTRS_Archive_19930080731	https://archive.org/download/NASA_NTRS_Archive_19930080731/NASA_NTRS_Archive_19930080731_djvu.txt	?	-
NASA_NTRS_Archive_19930080733	https://archive.org/download/NASA_NTRS_Archive_19930080733/NASA_NTRS_Archive_19930080733_djvu.txt	?	-
NASA_NTRS_Archive_19930080734	https://archive.org/download/NASA_NTRS_Archive_19930080734/NASA_NTRS_Archive_19930080734_djvu.txt	?	-
NASA_NTRS_Archive_19930080735	https://archive.org/download/NASA_NTRS_Archive_19930080735/NASA_NTRS_Archive_19930080735_djvu.txt	?	-
NASA_NTRS_Archive_19930080737	https://archive.org/download/NASA_NTRS_Archive_19930080737/NASA_NTRS_Archive_19930080737_djvu.txt	?	-
NASA_NTRS_Archive_19930080739	https://archive.org/download/NASA_NTRS_Archive_19930080739/NASA_NTRS_Archive_19930080739_djvu.txt	?	-
NASA_NTRS_Archive_19930080741	https://archive.org/download/NASA_NTRS_Archive_19930080741/NASA_NTRS_Archive_19930080741_djvu.txt	?	-
NASA_NTRS_Archive_19930080742	https://archive.org/download/NASA_NTRS_Archive_19930080742/NASA_NTRS_Archive_19930080742_djvu.txt	?	-
NASA_NTRS_Archive_19930080747	https://archive.org/download/NASA_NTRS_Archive_19930080747/NASA_NTRS_Archive_19930080747_djvu.txt	?	-
NASA_NTRS_Archive_19930080748	https://archive.org/download/NASA_NTRS_Archive_19930080748/NASA_NTRS_Archive_19930080748_djvu.txt	?	-
NASA_NTRS_Archive_19930080750	https://archive.org/download/NASA_NTRS_Archive_19930080750/NASA_NTRS_Archive_19930080750_djvu.txt	?	-
NASA_NTRS_Archive_19930080751	https://archive.org/download/NASA_NTRS_Archive_19930080751/NASA_NTRS_Archive_19930080751_djvu.txt	?	-
NASA_NTRS_Archive_19930080752	https://archive.org/download/NASA_NTRS_Archive_19930080752/NASA_NTRS_Archive_19930080752_djvu.txt	?	-
NASA_NTRS_Archive_19930080754	https://archive.org/download/NASA_NTRS_Archive_19930080754/NASA_NTRS_Archive_19930080754_djvu.txt	?	-
NASA_NTRS_Archive_19930080756	https://archive.org/download/NASA_NTRS_Archive_19930080756/NASA_NTRS_Archive_19930080756_djvu.txt	?	-
NASA_NTRS_Archive_19930080757	https://archive.org/download/NASA_NTRS_Archive_19930080757/NASA_NTRS_Archive_19930080757_djvu.txt	?	-
NASA_NTRS_Archive_19930080761	https://archive.org/download/NASA_NTRS_Archive_19930080761/NASA_NTRS_Archive_19930080761_djvu.txt	?	-
NASA_NTRS_Archive_19930080762	https://archive.org/download/NASA_NTRS_Archive_19930080762/NASA_NTRS_Archive_19930080762_djvu.txt	?	-
NASA_NTRS_Archive_19930080763	https://archive.org/download/NASA_NTRS_Archive_19930080763/NASA_NTRS_Archive_19930080763_djvu.txt	?	-
NASA_NTRS_Archive_19930080765	https://archive.org/download/NASA_NTRS_Archive_19930080765/NASA_NTRS_Archive_19930080765_djvu.txt	?	-
NASA_NTRS_Archive_19930080769	https://archive.org/download/NASA_NTRS_Archive_19930080769/NASA_NTRS_Archive_19930080769_djvu.txt	?	-
NASA_NTRS_Archive_19930080770	https://archive.org/download/NASA_NTRS_Archive_19930080770/NASA_NTRS_Archive_19930080770_djvu.txt	?	-
NASA_NTRS_Archive_19930080771	https://archive.org/download/NASA_NTRS_Archive_19930080771/NASA_NTRS_Archive_19930080771_djvu.txt	?	-
NASA_NTRS_Archive_19930080772	https://archive.org/download/NASA_NTRS_Archive_19930080772/NASA_NTRS_Archive_19930080772_djvu.txt	?	-
NASA_NTRS_Archive_19930080773	https://archive.org/download/NASA_NTRS_Archive_19930080773/NASA_NTRS_Archive_19930080773_djvu.txt	?	-
NASA_NTRS_Archive_19930080775	https://archive.org/download/NASA_NTRS_Archive_19930080775/NASA_NTRS_Archive_19930080775_djvu.txt	?	-
NASA_NTRS_Archive_19930080776	https://archive.org/download/NASA_NTRS_Archive_19930080776/NASA_NTRS_Archive_19930080776_djvu.txt	?	-
NASA_NTRS_Archive_19930080777	https://archive.org/download/NASA_NTRS_Archive_19930080777/NASA_NTRS_Archive_19930080777_djvu.txt	?	-
NASA_NTRS_Archive_19930080778	https://archive.org/download/NASA_NTRS_Archive_19930080778/NASA_NTRS_Archive_19930080778_djvu.txt	?	-
NASA_NTRS_Archive_19930080780	https://archive.org/download/NASA_NTRS_Archive_19930080780/NASA_NTRS_Archive_19930080780_djvu.txt	?	-
NASA_NTRS_Archive_19930080781	https://archive.org/download/NASA_NTRS_Archive_19930080781/NASA_NTRS_Archive_19930080781_djvu.txt	?	-
NASA_NTRS_Archive_19930080798	https://archive.org/download/NASA_NTRS_Archive_19930080798/NASA_NTRS_Archive_19930080798_djvu.txt	?	-
NASA_NTRS_Archive_19930080799	https://archive.org/download/NASA_NTRS_Archive_19930080799/NASA_NTRS_Archive_19930080799_djvu.txt	?	-
NASA_NTRS_Archive_19930080800	https://archive.org/download/NASA_NTRS_Archive_19930080800/NASA_NTRS_Archive_19930080800_djvu.txt	?	-
NASA_NTRS_Archive_19930080801	https://archive.org/download/NASA_NTRS_Archive_19930080801/NASA_NTRS_Archive_19930080801_djvu.txt	?	-
NASA_NTRS_Archive_19930080802	https://archive.org/download/NASA_NTRS_Archive_19930080802/NASA_NTRS_Archive_19930080802_djvu.txt	?	-
NASA_NTRS_Archive_19930080804	https://archive.org/download/NASA_NTRS_Archive_19930080804/NASA_NTRS_Archive_19930080804_djvu.txt	?	-
NASA_NTRS_Archive_19930080805	https://archive.org/download/NASA_NTRS_Archive_19930080805/NASA_NTRS_Archive_19930080805_djvu.txt	?	-
NASA_NTRS_Archive_19930080806	https://archive.org/download/NASA_NTRS_Archive_19930080806/NASA_NTRS_Archive_19930080806_djvu.txt	?	-
NASA_NTRS_Archive_19930080808	https://archive.org/download/NASA_NTRS_Archive_19930080808/NASA_NTRS_Archive_19930080808_djvu.txt	?	-
NASA_NTRS_Archive_19930080809	https://archive.org/download/NASA_NTRS_Archive_19930080809/NASA_NTRS_Archive_19930080809_djvu.txt	?	-
NASA_NTRS_Archive_19930080812	https://archive.org/download/NASA_NTRS_Archive_19930080812/NASA_NTRS_Archive_19930080812_djvu.txt	?	-
NASA_NTRS_Archive_19930080813	https://archive.org/download/NASA_NTRS_Archive_19930080813/NASA_NTRS_Archive_19930080813_djvu.txt	?	-
NASA_NTRS_Archive_19930080814	https://archive.org/download/NASA_NTRS_Archive_19930080814/NASA_NTRS_Archive_19930080814_djvu.txt	?	-
NASA_NTRS_Archive_19930080815	https://archive.org/download/NASA_NTRS_Archive_19930080815/NASA_NTRS_Archive_19930080815_djvu.txt	?	-
NASA_NTRS_Archive_19930080816	https://archive.org/download/NASA_NTRS_Archive_19930080816/NASA_NTRS_Archive_19930080816_djvu.txt	?	-
NASA_NTRS_Archive_19930080817	https://archive.org/download/NASA_NTRS_Archive_19930080817/NASA_NTRS_Archive_19930080817_djvu.txt	?	-
NASA_NTRS_Archive_19930080818	https://archive.org/download/NASA_NTRS_Archive_19930080818/NASA_NTRS_Archive_19930080818_djvu.txt	?	-
NASA_NTRS_Archive_19930080819	https://archive.org/download/NASA_NTRS_Archive_19930080819/NASA_NTRS_Archive_19930080819_djvu.txt	?	-
NASA_NTRS_Archive_19930080820	https://archive.org/download/NASA_NTRS_Archive_19930080820/NASA_NTRS_Archive_19930080820_djvu.txt	?	-
NASA_NTRS_Archive_19930080822	https://archive.org/download/NASA_NTRS_Archive_19930080822/NASA_NTRS_Archive_19930080822_djvu.txt	?	-
NASA_NTRS_Archive_19930080823	https://archive.org/download/NASA_NTRS_Archive_19930080823/NASA_NTRS_Archive_19930080823_djvu.txt	?	-
NASA_NTRS_Archive_19930080824	https://archive.org/download/NASA_NTRS_Archive_19930080824/NASA_NTRS_Archive_19930080824_djvu.txt	?	-
NASA_NTRS_Archive_19930080825	https://archive.org/download/NASA_NTRS_Archive_19930080825/NASA_NTRS_Archive_19930080825_djvu.txt	?	-
NASA_NTRS_Archive_19930080826	https://archive.org/download/NASA_NTRS_Archive_19930080826/NASA_NTRS_Archive_19930080826_djvu.txt	?	-
NASA_NTRS_Archive_19930080829	https://archive.org/download/NASA_NTRS_Archive_19930080829/NASA_NTRS_Archive_19930080829_djvu.txt	?	-
NASA_NTRS_Archive_19930080830	https://archive.org/download/NASA_NTRS_Archive_19930080830/NASA_NTRS_Archive_19930080830_djvu.txt	?	-
NASA_NTRS_Archive_19930080833	https://archive.org/download/NASA_NTRS_Archive_19930080833/NASA_NTRS_Archive_19930080833_djvu.txt	?	-
NASA_NTRS_Archive_19930080834	https://archive.org/download/NASA_NTRS_Archive_19930080834/NASA_NTRS_Archive_19930080834_djvu.txt	?	-
NASA_NTRS_Archive_19930080835	https://archive.org/download/NASA_NTRS_Archive_19930080835/NASA_NTRS_Archive_19930080835_djvu.txt	?	-
NASA_NTRS_Archive_19930080836	https://archive.org/download/NASA_NTRS_Archive_19930080836/NASA_NTRS_Archive_19930080836_djvu.txt	?	-
NASA_NTRS_Archive_19930080837	https://archive.org/download/NASA_NTRS_Archive_19930080837/NASA_NTRS_Archive_19930080837_djvu.txt	?	-
NASA_NTRS_Archive_19930080838	https://archive.org/download/NASA_NTRS_Archive_19930080838/NASA_NTRS_Archive_19930080838_djvu.txt	?	-
NASA_NTRS_Archive_19930080839	https://archive.org/download/NASA_NTRS_Archive_19930080839/NASA_NTRS_Archive_19930080839_djvu.txt	?	-
NASA_NTRS_Archive_19930080840	https://archive.org/download/NASA_NTRS_Archive_19930080840/NASA_NTRS_Archive_19930080840_djvu.txt	?	-
NASA_NTRS_Archive_19930080841	https://archive.org/download/NASA_NTRS_Archive_19930080841/NASA_NTRS_Archive_19930080841_djvu.txt	?	-
NASA_NTRS_Archive_19930080842	https://archive.org/download/NASA_NTRS_Archive_19930080842/NASA_NTRS_Archive_19930080842_djvu.txt	?	-
NASA_NTRS_Archive_19930080844	https://archive.org/download/NASA_NTRS_Archive_19930080844/NASA_NTRS_Archive_19930080844_djvu.txt	?	-
NASA_NTRS_Archive_19930080845	https://archive.org/download/NASA_NTRS_Archive_19930080845/NASA_NTRS_Archive_19930080845_djvu.txt	?	-
NASA_NTRS_Archive_19930080847	https://archive.org/download/NASA_NTRS_Archive_19930080847/NASA_NTRS_Archive_19930080847_djvu.txt	?	-
NASA_NTRS_Archive_19930080849	https://archive.org/download/NASA_NTRS_Archive_19930080849/NASA_NTRS_Archive_19930080849_djvu.txt	?	-
NASA_NTRS_Archive_19930080850	https://archive.org/download/NASA_NTRS_Archive_19930080850/NASA_NTRS_Archive_19930080850_djvu.txt	?	-
NASA_NTRS_Archive_19930080851	https://archive.org/download/NASA_NTRS_Archive_19930080851/NASA_NTRS_Archive_19930080851_djvu.txt	?	-
NASA_NTRS_Archive_19930080852	https://archive.org/download/NASA_NTRS_Archive_19930080852/NASA_NTRS_Archive_19930080852_djvu.txt	?	-
NASA_NTRS_Archive_19930080853	https://archive.org/download/NASA_NTRS_Archive_19930080853/NASA_NTRS_Archive_19930080853_djvu.txt	?	-
NASA_NTRS_Archive_19930080854	https://archive.org/download/NASA_NTRS_Archive_19930080854/NASA_NTRS_Archive_19930080854_djvu.txt	?	-
NASA_NTRS_Archive_19930080855	https://archive.org/download/NASA_NTRS_Archive_19930080855/NASA_NTRS_Archive_19930080855_djvu.txt	?	-
NASA_NTRS_Archive_19930080856	https://archive.org/download/NASA_NTRS_Archive_19930080856/NASA_NTRS_Archive_19930080856_djvu.txt	?	-
NASA_NTRS_Archive_19930080857	https://archive.org/download/NASA_NTRS_Archive_19930080857/NASA_NTRS_Archive_19930080857_djvu.txt	?	-
NASA_NTRS_Archive_19930080858	https://archive.org/download/NASA_NTRS_Archive_19930080858/NASA_NTRS_Archive_19930080858_djvu.txt	?	-
NASA_NTRS_Archive_19930080859	https://archive.org/download/NASA_NTRS_Archive_19930080859/NASA_NTRS_Archive_19930080859_djvu.txt	?	-
NASA_NTRS_Archive_19930080860	https://archive.org/download/NASA_NTRS_Archive_19930080860/NASA_NTRS_Archive_19930080860_djvu.txt	?	-
NASA_NTRS_Archive_19930080861	https://archive.org/download/NASA_NTRS_Archive_19930080861/NASA_NTRS_Archive_19930080861_djvu.txt	?	-
NASA_NTRS_Archive_19930080862	https://archive.org/download/NASA_NTRS_Archive_19930080862/NASA_NTRS_Archive_19930080862_djvu.txt	?	-
NASA_NTRS_Archive_19930080863	https://archive.org/download/NASA_NTRS_Archive_19930080863/NASA_NTRS_Archive_19930080863_djvu.txt	?	-
NASA_NTRS_Archive_19930080864	https://archive.org/download/NASA_NTRS_Archive_19930080864/NASA_NTRS_Archive_19930080864_djvu.txt	?	-
NASA_NTRS_Archive_19930080865	https://archive.org/download/NASA_NTRS_Archive_19930080865/NASA_NTRS_Archive_19930080865_djvu.txt	?	-
NASA_NTRS_Archive_19930080866	https://archive.org/download/NASA_NTRS_Archive_19930080866/NASA_NTRS_Archive_19930080866_djvu.txt	?	-
NASA_NTRS_Archive_19930080867	https://archive.org/download/NASA_NTRS_Archive_19930080867/NASA_NTRS_Archive_19930080867_djvu.txt	?	-
NASA_NTRS_Archive_19930080868	https://archive.org/download/NASA_NTRS_Archive_19930080868/NASA_NTRS_Archive_19930080868_djvu.txt	?	-
NASA_NTRS_Archive_19930080869	https://archive.org/download/NASA_NTRS_Archive_19930080869/NASA_NTRS_Archive_19930080869_djvu.txt	?	-
NASA_NTRS_Archive_19930080871	https://archive.org/download/NASA_NTRS_Archive_19930080871/NASA_NTRS_Archive_19930080871_djvu.txt	?	-
NASA_NTRS_Archive_19930080872	https://archive.org/download/NASA_NTRS_Archive_19930080872/NASA_NTRS_Archive_19930080872_djvu.txt	?	-
NASA_NTRS_Archive_19930080873	https://archive.org/download/NASA_NTRS_Archive_19930080873/NASA_NTRS_Archive_19930080873_djvu.txt	?	-
NASA_NTRS_Archive_19930080877	https://archive.org/download/NASA_NTRS_Archive_19930080877/NASA_NTRS_Archive_19930080877_djvu.txt	?	-
NASA_NTRS_Archive_19930080878	https://archive.org/download/NASA_NTRS_Archive_19930080878/NASA_NTRS_Archive_19930080878_djvu.txt	?	-
NASA_NTRS_Archive_19930080879	https://archive.org/download/NASA_NTRS_Archive_19930080879/NASA_NTRS_Archive_19930080879_djvu.txt	?	-
NASA_NTRS_Archive_19930080880	https://archive.org/download/NASA_NTRS_Archive_19930080880/NASA_NTRS_Archive_19930080880_djvu.txt	?	-
NASA_NTRS_Archive_19930080881	https://archive.org/download/NASA_NTRS_Archive_19930080881/NASA_NTRS_Archive_19930080881_djvu.txt	?	-
NASA_NTRS_Archive_19930080883	https://archive.org/download/NASA_NTRS_Archive_19930080883/NASA_NTRS_Archive_19930080883_djvu.txt	?	-
NASA_NTRS_Archive_19930080884	https://archive.org/download/NASA_NTRS_Archive_19930080884/NASA_NTRS_Archive_19930080884_djvu.txt	?	-
NASA_NTRS_Archive_19930080886	https://archive.org/download/NASA_NTRS_Archive_19930080886/NASA_NTRS_Archive_19930080886_djvu.txt	?	-
NASA_NTRS_Archive_19930080888	https://archive.org/download/NASA_NTRS_Archive_19930080888/NASA_NTRS_Archive_19930080888_djvu.txt	?	-
NASA_NTRS_Archive_19930080890	https://archive.org/download/NASA_NTRS_Archive_19930080890/NASA_NTRS_Archive_19930080890_djvu.txt	?	-
NASA_NTRS_Archive_19930080891	https://archive.org/download/NASA_NTRS_Archive_19930080891/NASA_NTRS_Archive_19930080891_djvu.txt	?	-
NASA_NTRS_Archive_19930080892	https://archive.org/download/NASA_NTRS_Archive_19930080892/NASA_NTRS_Archive_19930080892_djvu.txt	?	-
NASA_NTRS_Archive_19930080893	https://archive.org/download/NASA_NTRS_Archive_19930080893/NASA_NTRS_Archive_19930080893_djvu.txt	?	-
NASA_NTRS_Archive_19930080894	https://archive.org/download/NASA_NTRS_Archive_19930080894/NASA_NTRS_Archive_19930080894_djvu.txt	?	-
NASA_NTRS_Archive_19930080895	https://archive.org/download/NASA_NTRS_Archive_19930080895/NASA_NTRS_Archive_19930080895_djvu.txt	?	-
NASA_NTRS_Archive_19930080896	https://archive.org/download/NASA_NTRS_Archive_19930080896/NASA_NTRS_Archive_19930080896_djvu.txt	?	-
NASA_NTRS_Archive_19930080897	https://archive.org/download/NASA_NTRS_Archive_19930080897/NASA_NTRS_Archive_19930080897_djvu.txt	?	-
NASA_NTRS_Archive_19930080898	https://archive.org/download/NASA_NTRS_Archive_19930080898/NASA_NTRS_Archive_19930080898_djvu.txt	?	-
NASA_NTRS_Archive_19930080899	https://archive.org/download/NASA_NTRS_Archive_19930080899/NASA_NTRS_Archive_19930080899_djvu.txt	?	-
NASA_NTRS_Archive_19930080900	https://archive.org/download/NASA_NTRS_Archive_19930080900/NASA_NTRS_Archive_19930080900_djvu.txt	?	-
NASA_NTRS_Archive_19930080901	https://archive.org/download/NASA_NTRS_Archive_19930080901/NASA_NTRS_Archive_19930080901_djvu.txt	?	-
NASA_NTRS_Archive_19930080906	https://archive.org/download/NASA_NTRS_Archive_19930080906/NASA_NTRS_Archive_19930080906_djvu.txt	?	-
NASA_NTRS_Archive_19930080907	https://archive.org/download/NASA_NTRS_Archive_19930080907/NASA_NTRS_Archive_19930080907_djvu.txt	?	-
NASA_NTRS_Archive_19930080908	https://archive.org/download/NASA_NTRS_Archive_19930080908/NASA_NTRS_Archive_19930080908_djvu.txt	?	-
NASA_NTRS_Archive_19930080909	https://archive.org/download/NASA_NTRS_Archive_19930080909/NASA_NTRS_Archive_19930080909_djvu.txt	?	-
NASA_NTRS_Archive_19930080911	https://archive.org/download/NASA_NTRS_Archive_19930080911/NASA_NTRS_Archive_19930080911_djvu.txt	?	-
NASA_NTRS_Archive_19930080912	https://archive.org/download/NASA_NTRS_Archive_19930080912/NASA_NTRS_Archive_19930080912_djvu.txt	?	-
NASA_NTRS_Archive_19930080913	https://archive.org/download/NASA_NTRS_Archive_19930080913/NASA_NTRS_Archive_19930080913_djvu.txt	?	-
NASA_NTRS_Archive_19930080914	https://archive.org/download/NASA_NTRS_Archive_19930080914/NASA_NTRS_Archive_19930080914_djvu.txt	?	-
NASA_NTRS_Archive_19930080916	https://archive.org/download/NASA_NTRS_Archive_19930080916/NASA_NTRS_Archive_19930080916_djvu.txt	?	-
NASA_NTRS_Archive_19930080917	https://archive.org/download/NASA_NTRS_Archive_19930080917/NASA_NTRS_Archive_19930080917_djvu.txt	?	-
NASA_NTRS_Archive_19930080919	https://archive.org/download/NASA_NTRS_Archive_19930080919/NASA_NTRS_Archive_19930080919_djvu.txt	?	-
NASA_NTRS_Archive_19930080920	https://archive.org/download/NASA_NTRS_Archive_19930080920/NASA_NTRS_Archive_19930080920_djvu.txt	?	-
NASA_NTRS_Archive_19930080921	https://archive.org/download/NASA_NTRS_Archive_19930080921/NASA_NTRS_Archive_19930080921_djvu.txt	?	-
NASA_NTRS_Archive_19930080922	https://archive.org/download/NASA_NTRS_Archive_19930080922/NASA_NTRS_Archive_19930080922_djvu.txt	?	-
NASA_NTRS_Archive_19930080923	https://archive.org/download/NASA_NTRS_Archive_19930080923/NASA_NTRS_Archive_19930080923_djvu.txt	?	-
NASA_NTRS_Archive_19930080924	https://archive.org/download/NASA_NTRS_Archive_19930080924/NASA_NTRS_Archive_19930080924_djvu.txt	?	-
NASA_NTRS_Archive_19930080925	https://archive.org/download/NASA_NTRS_Archive_19930080925/NASA_NTRS_Archive_19930080925_djvu.txt	?	-
NASA_NTRS_Archive_19930080929	https://archive.org/download/NASA_NTRS_Archive_19930080929/NASA_NTRS_Archive_19930080929_djvu.txt	?	-
NASA_NTRS_Archive_19930080930	https://archive.org/download/NASA_NTRS_Archive_19930080930/NASA_NTRS_Archive_19930080930_djvu.txt	?	-
NASA_NTRS_Archive_19930080931	https://archive.org/download/NASA_NTRS_Archive_19930080931/NASA_NTRS_Archive_19930080931_djvu.txt	?	-
NASA_NTRS_Archive_19930080932	https://archive.org/download/NASA_NTRS_Archive_19930080932/NASA_NTRS_Archive_19930080932_djvu.txt	?	-
NASA_NTRS_Archive_19930080934	https://archive.org/download/NASA_NTRS_Archive_19930080934/NASA_NTRS_Archive_19930080934_djvu.txt	?	-
NASA_NTRS_Archive_19930080936	https://archive.org/download/NASA_NTRS_Archive_19930080936/NASA_NTRS_Archive_19930080936_djvu.txt	?	-
NASA_NTRS_Archive_19930080937	https://archive.org/download/NASA_NTRS_Archive_19930080937/NASA_NTRS_Archive_19930080937_djvu.txt	?	-
NASA_NTRS_Archive_19930080938	https://archive.org/download/NASA_NTRS_Archive_19930080938/NASA_NTRS_Archive_19930080938_djvu.txt	?	-
NASA_NTRS_Archive_19930080941	https://archive.org/download/NASA_NTRS_Archive_19930080941/NASA_NTRS_Archive_19930080941_djvu.txt	?	-
NASA_NTRS_Archive_19930080942	https://archive.org/download/NASA_NTRS_Archive_19930080942/NASA_NTRS_Archive_19930080942_djvu.txt	?	-
NASA_NTRS_Archive_19930080944	https://archive.org/download/NASA_NTRS_Archive_19930080944/NASA_NTRS_Archive_19930080944_djvu.txt	?	-
NASA_NTRS_Archive_19930080945	https://archive.org/download/NASA_NTRS_Archive_19930080945/NASA_NTRS_Archive_19930080945_djvu.txt	?	-
NASA_NTRS_Archive_19930080946	https://archive.org/download/NASA_NTRS_Archive_19930080946/NASA_NTRS_Archive_19930080946_djvu.txt	?	-
NASA_NTRS_Archive_19930080947	https://archive.org/download/NASA_NTRS_Archive_19930080947/NASA_NTRS_Archive_19930080947_djvu.txt	?	-
NASA_NTRS_Archive_19930080949	https://archive.org/download/NASA_NTRS_Archive_19930080949/NASA_NTRS_Archive_19930080949_djvu.txt	?	-
NASA_NTRS_Archive_19930080953	https://archive.org/download/NASA_NTRS_Archive_19930080953/NASA_NTRS_Archive_19930080953_djvu.txt	?	-
NASA_NTRS_Archive_19930080954	https://archive.org/download/NASA_NTRS_Archive_19930080954/NASA_NTRS_Archive_19930080954_djvu.txt	?	-
NASA_NTRS_Archive_19930080955	https://archive.org/download/NASA_NTRS_Archive_19930080955/NASA_NTRS_Archive_19930080955_djvu.txt	?	-
NASA_NTRS_Archive_19930080956	https://archive.org/download/NASA_NTRS_Archive_19930080956/NASA_NTRS_Archive_19930080956_djvu.txt	?	-
NASA_NTRS_Archive_19930080957	https://archive.org/download/NASA_NTRS_Archive_19930080957/NASA_NTRS_Archive_19930080957_djvu.txt	?	-
NASA_NTRS_Archive_19930080958	https://archive.org/download/NASA_NTRS_Archive_19930080958/NASA_NTRS_Archive_19930080958_djvu.txt	?	-
NASA_NTRS_Archive_19930080959	https://archive.org/download/NASA_NTRS_Archive_19930080959/NASA_NTRS_Archive_19930080959_djvu.txt	?	-
NASA_NTRS_Archive_19930080960	https://archive.org/download/NASA_NTRS_Archive_19930080960/NASA_NTRS_Archive_19930080960_djvu.txt	?	-
NASA_NTRS_Archive_19930080961	https://archive.org/download/NASA_NTRS_Archive_19930080961/NASA_NTRS_Archive_19930080961_djvu.txt	?	-
NASA_NTRS_Archive_19930080962	https://archive.org/download/NASA_NTRS_Archive_19930080962/NASA_NTRS_Archive_19930080962_djvu.txt	?	-
NASA_NTRS_Archive_19930080963	https://archive.org/download/NASA_NTRS_Archive_19930080963/NASA_NTRS_Archive_19930080963_djvu.txt	?	-
NASA_NTRS_Archive_19930080964	https://archive.org/download/NASA_NTRS_Archive_19930080964/NASA_NTRS_Archive_19930080964_djvu.txt	?	-
NASA_NTRS_Archive_19930080965	https://archive.org/download/NASA_NTRS_Archive_19930080965/NASA_NTRS_Archive_19930080965_djvu.txt	?	-
NASA_NTRS_Archive_19930080966	https://archive.org/download/NASA_NTRS_Archive_19930080966/NASA_NTRS_Archive_19930080966_djvu.txt	?	-
NASA_NTRS_Archive_19930080967	https://archive.org/download/NASA_NTRS_Archive_19930080967/NASA_NTRS_Archive_19930080967_djvu.txt	?	-
NASA_NTRS_Archive_19930080968	https://archive.org/download/NASA_NTRS_Archive_19930080968/NASA_NTRS_Archive_19930080968_djvu.txt	?	-
NASA_NTRS_Archive_19930080969	https://archive.org/download/NASA_NTRS_Archive_19930080969/NASA_NTRS_Archive_19930080969_djvu.txt	?	-
NASA_NTRS_Archive_19930080971	https://archive.org/download/NASA_NTRS_Archive_19930080971/NASA_NTRS_Archive_19930080971_djvu.txt	?	-
NASA_NTRS_Archive_19930080972	https://archive.org/download/NASA_NTRS_Archive_19930080972/NASA_NTRS_Archive_19930080972_djvu.txt	?	-
NASA_NTRS_Archive_19930080973	https://archive.org/download/NASA_NTRS_Archive_19930080973/NASA_NTRS_Archive_19930080973_djvu.txt	?	-
NASA_NTRS_Archive_19930080974	https://archive.org/download/NASA_NTRS_Archive_19930080974/NASA_NTRS_Archive_19930080974_djvu.txt	?	-
NASA_NTRS_Archive_19930080975	https://archive.org/download/NASA_NTRS_Archive_19930080975/NASA_NTRS_Archive_19930080975_djvu.txt	?	-
NASA_NTRS_Archive_19930080976	https://archive.org/download/NASA_NTRS_Archive_19930080976/NASA_NTRS_Archive_19930080976_djvu.txt	?	-
NASA_NTRS_Archive_19930080977	https://archive.org/download/NASA_NTRS_Archive_19930080977/NASA_NTRS_Archive_19930080977_djvu.txt	?	-
NASA_NTRS_Archive_19930080978	https://archive.org/download/NASA_NTRS_Archive_19930080978/NASA_NTRS_Archive_19930080978_djvu.txt	?	-
NASA_NTRS_Archive_19930080979	https://archive.org/download/NASA_NTRS_Archive_19930080979/NASA_NTRS_Archive_19930080979_djvu.txt	?	-
NASA_NTRS_Archive_19930080980	https://archive.org/download/NASA_NTRS_Archive_19930080980/NASA_NTRS_Archive_19930080980_djvu.txt	?	-
NASA_NTRS_Archive_19930080981	https://archive.org/download/NASA_NTRS_Archive_19930080981/NASA_NTRS_Archive_19930080981_djvu.txt	?	-
NASA_NTRS_Archive_19930080983	https://archive.org/download/NASA_NTRS_Archive_19930080983/NASA_NTRS_Archive_19930080983_djvu.txt	?	-
NASA_NTRS_Archive_19930080984	https://archive.org/download/NASA_NTRS_Archive_19930080984/NASA_NTRS_Archive_19930080984_djvu.txt	?	-
NASA_NTRS_Archive_19930080985	https://archive.org/download/NASA_NTRS_Archive_19930080985/NASA_NTRS_Archive_19930080985_djvu.txt	?	-
NASA_NTRS_Archive_19930080986	https://archive.org/download/NASA_NTRS_Archive_19930080986/NASA_NTRS_Archive_19930080986_djvu.txt	?	-
NASA_NTRS_Archive_19930080988	https://archive.org/download/NASA_NTRS_Archive_19930080988/NASA_NTRS_Archive_19930080988_djvu.txt	?	-
NASA_NTRS_Archive_19930080989	https://archive.org/download/NASA_NTRS_Archive_19930080989/NASA_NTRS_Archive_19930080989_djvu.txt	?	-
NASA_NTRS_Archive_19930080991	https://archive.org/download/NASA_NTRS_Archive_19930080991/NASA_NTRS_Archive_19930080991_djvu.txt	?	-
NASA_NTRS_Archive_19930080993	https://archive.org/download/NASA_NTRS_Archive_19930080993/NASA_NTRS_Archive_19930080993_djvu.txt	?	-
NASA_NTRS_Archive_19930080995	https://archive.org/download/NASA_NTRS_Archive_19930080995/NASA_NTRS_Archive_19930080995_djvu.txt	?	-
NASA_NTRS_Archive_19930080997	https://archive.org/download/NASA_NTRS_Archive_19930080997/NASA_NTRS_Archive_19930080997_djvu.txt	?	-
NASA_NTRS_Archive_19930080998	https://archive.org/download/NASA_NTRS_Archive_19930080998/NASA_NTRS_Archive_19930080998_djvu.txt	?	-
NASA_NTRS_Archive_19930080999	https://archive.org/download/NASA_NTRS_Archive_19930080999/NASA_NTRS_Archive_19930080999_djvu.txt	?	-
NASA_NTRS_Archive_19930081000	https://archive.org/download/NASA_NTRS_Archive_19930081000/NASA_NTRS_Archive_19930081000_djvu.txt	?	-
NASA_NTRS_Archive_19930081001	https://archive.org/download/NASA_NTRS_Archive_19930081001/NASA_NTRS_Archive_19930081001_djvu.txt	?	-
NASA_NTRS_Archive_19930081002	https://archive.org/download/NASA_NTRS_Archive_19930081002/NASA_NTRS_Archive_19930081002_djvu.txt	?	-
NASA_NTRS_Archive_19930081003	https://archive.org/download/NASA_NTRS_Archive_19930081003/NASA_NTRS_Archive_19930081003_djvu.txt	?	-
NASA_NTRS_Archive_19930081004	https://archive.org/download/NASA_NTRS_Archive_19930081004/NASA_NTRS_Archive_19930081004_djvu.txt	?	-
NASA_NTRS_Archive_19930081005	https://archive.org/download/NASA_NTRS_Archive_19930081005/NASA_NTRS_Archive_19930081005_djvu.txt	?	-
NASA_NTRS_Archive_19930081006	https://archive.org/download/NASA_NTRS_Archive_19930081006/NASA_NTRS_Archive_19930081006_djvu.txt	?	-
NASA_NTRS_Archive_19930081007	https://archive.org/download/NASA_NTRS_Archive_19930081007/NASA_NTRS_Archive_19930081007_djvu.txt	?	-
NASA_NTRS_Archive_19930081008	https://archive.org/download/NASA_NTRS_Archive_19930081008/NASA_NTRS_Archive_19930081008_djvu.txt	?	-
NASA_NTRS_Archive_19930081009	https://archive.org/download/NASA_NTRS_Archive_19930081009/NASA_NTRS_Archive_19930081009_djvu.txt	?	-
NASA_NTRS_Archive_19930081011	https://archive.org/download/NASA_NTRS_Archive_19930081011/NASA_NTRS_Archive_19930081011_djvu.txt	?	-
NASA_NTRS_Archive_19930081012	https://archive.org/download/NASA_NTRS_Archive_19930081012/NASA_NTRS_Archive_19930081012_djvu.txt	?	-
NASA_NTRS_Archive_19930081013	https://archive.org/download/NASA_NTRS_Archive_19930081013/NASA_NTRS_Archive_19930081013_djvu.txt	?	-
NASA_NTRS_Archive_19930081014	https://archive.org/download/NASA_NTRS_Archive_19930081014/NASA_NTRS_Archive_19930081014_djvu.txt	?	-
NASA_NTRS_Archive_19930081015	https://archive.org/download/NASA_NTRS_Archive_19930081015/NASA_NTRS_Archive_19930081015_djvu.txt	?	-
NASA_NTRS_Archive_19930081016	https://archive.org/download/NASA_NTRS_Archive_19930081016/NASA_NTRS_Archive_19930081016_djvu.txt	?	-
NASA_NTRS_Archive_19930081018	https://archive.org/download/NASA_NTRS_Archive_19930081018/NASA_NTRS_Archive_19930081018_djvu.txt	?	-
NASA_NTRS_Archive_19930081020	https://archive.org/download/NASA_NTRS_Archive_19930081020/NASA_NTRS_Archive_19930081020_djvu.txt	?	-
NASA_NTRS_Archive_19930081021	https://archive.org/download/NASA_NTRS_Archive_19930081021/NASA_NTRS_Archive_19930081021_djvu.txt	?	-
NASA_NTRS_Archive_19930081023	https://archive.org/download/NASA_NTRS_Archive_19930081023/NASA_NTRS_Archive_19930081023_djvu.txt	?	-
NASA_NTRS_Archive_19930081024	https://archive.org/download/NASA_NTRS_Archive_19930081024/NASA_NTRS_Archive_19930081024_djvu.txt	?	-
NASA_NTRS_Archive_19930081025	https://archive.org/download/NASA_NTRS_Archive_19930081025/NASA_NTRS_Archive_19930081025_djvu.txt	?	-
NASA_NTRS_Archive_19930081026	https://archive.org/download/NASA_NTRS_Archive_19930081026/NASA_NTRS_Archive_19930081026_djvu.txt	?	-
NASA_NTRS_Archive_19930081027	https://archive.org/download/NASA_NTRS_Archive_19930081027/NASA_NTRS_Archive_19930081027_djvu.txt	?	-
NASA_NTRS_Archive_19930081028	https://archive.org/download/NASA_NTRS_Archive_19930081028/NASA_NTRS_Archive_19930081028_djvu.txt	?	-
NASA_NTRS_Archive_19930081030	https://archive.org/download/NASA_NTRS_Archive_19930081030/NASA_NTRS_Archive_19930081030_djvu.txt	?	-
NASA_NTRS_Archive_19930081031	https://archive.org/download/NASA_NTRS_Archive_19930081031/NASA_NTRS_Archive_19930081031_djvu.txt	?	-
NASA_NTRS_Archive_19930081032	https://archive.org/download/NASA_NTRS_Archive_19930081032/NASA_NTRS_Archive_19930081032_djvu.txt	?	-
NASA_NTRS_Archive_19930081033	https://archive.org/download/NASA_NTRS_Archive_19930081033/NASA_NTRS_Archive_19930081033_djvu.txt	?	-
NASA_NTRS_Archive_19930081034	https://archive.org/download/NASA_NTRS_Archive_19930081034/NASA_NTRS_Archive_19930081034_djvu.txt	?	-
NASA_NTRS_Archive_19930081035	https://archive.org/download/NASA_NTRS_Archive_19930081035/NASA_NTRS_Archive_19930081035_djvu.txt	?	-
NASA_NTRS_Archive_19930081037	https://archive.org/download/NASA_NTRS_Archive_19930081037/NASA_NTRS_Archive_19930081037_djvu.txt	?	-
NASA_NTRS_Archive_19930081038	https://archive.org/download/NASA_NTRS_Archive_19930081038/NASA_NTRS_Archive_19930081038_djvu.txt	?	-
NASA_NTRS_Archive_19930081039	https://archive.org/download/NASA_NTRS_Archive_19930081039/NASA_NTRS_Archive_19930081039_djvu.txt	?	-
NASA_NTRS_Archive_19930081040	https://archive.org/download/NASA_NTRS_Archive_19930081040/NASA_NTRS_Archive_19930081040_djvu.txt	?	-
NASA_NTRS_Archive_19930081041	https://archive.org/download/NASA_NTRS_Archive_19930081041/NASA_NTRS_Archive_19930081041_djvu.txt	?	-
NASA_NTRS_Archive_19930081042	https://archive.org/download/NASA_NTRS_Archive_19930081042/NASA_NTRS_Archive_19930081042_djvu.txt	?	-
NASA_NTRS_Archive_19930081043	https://archive.org/download/NASA_NTRS_Archive_19930081043/NASA_NTRS_Archive_19930081043_djvu.txt	?	-
NASA_NTRS_Archive_19930081044	https://archive.org/download/NASA_NTRS_Archive_19930081044/NASA_NTRS_Archive_19930081044_djvu.txt	?	-
NASA_NTRS_Archive_19930081045	https://archive.org/download/NASA_NTRS_Archive_19930081045/NASA_NTRS_Archive_19930081045_djvu.txt	?	-
NASA_NTRS_Archive_19930081046	https://archive.org/download/NASA_NTRS_Archive_19930081046/NASA_NTRS_Archive_19930081046_djvu.txt	?	-
NASA_NTRS_Archive_19930081048	https://archive.org/download/NASA_NTRS_Archive_19930081048/NASA_NTRS_Archive_19930081048_djvu.txt	?	-
NASA_NTRS_Archive_19930081049	https://archive.org/download/NASA_NTRS_Archive_19930081049/NASA_NTRS_Archive_19930081049_djvu.txt	?	-
NASA_NTRS_Archive_19930081050	https://archive.org/download/NASA_NTRS_Archive_19930081050/NASA_NTRS_Archive_19930081050_djvu.txt	?	-
NASA_NTRS_Archive_19930081051	https://archive.org/download/NASA_NTRS_Archive_19930081051/NASA_NTRS_Archive_19930081051_djvu.txt	?	-
NASA_NTRS_Archive_19930081052	https://archive.org/download/NASA_NTRS_Archive_19930081052/NASA_NTRS_Archive_19930081052_djvu.txt	?	-
NASA_NTRS_Archive_19930081053	https://archive.org/download/NASA_NTRS_Archive_19930081053/NASA_NTRS_Archive_19930081053_djvu.txt	?	-
NASA_NTRS_Archive_19930081054	https://archive.org/download/NASA_NTRS_Archive_19930081054/NASA_NTRS_Archive_19930081054_djvu.txt	?	-
NASA_NTRS_Archive_19930081055	https://archive.org/download/NASA_NTRS_Archive_19930081055/NASA_NTRS_Archive_19930081055_djvu.txt	?	-
NASA_NTRS_Archive_19930081056	https://archive.org/download/NASA_NTRS_Archive_19930081056/NASA_NTRS_Archive_19930081056_djvu.txt	?	-
NASA_NTRS_Archive_19930081058	https://archive.org/download/NASA_NTRS_Archive_19930081058/NASA_NTRS_Archive_19930081058_djvu.txt	?	-
NASA_NTRS_Archive_19930081059	https://archive.org/download/NASA_NTRS_Archive_19930081059/NASA_NTRS_Archive_19930081059_djvu.txt	?	-
NASA_NTRS_Archive_19930081060	https://archive.org/download/NASA_NTRS_Archive_19930081060/NASA_NTRS_Archive_19930081060_djvu.txt	?	-
NASA_NTRS_Archive_19930081061	https://archive.org/download/NASA_NTRS_Archive_19930081061/NASA_NTRS_Archive_19930081061_djvu.txt	?	-
NASA_NTRS_Archive_19930081062	https://archive.org/download/NASA_NTRS_Archive_19930081062/NASA_NTRS_Archive_19930081062_djvu.txt	?	-
NASA_NTRS_Archive_19930081063	https://archive.org/download/NASA_NTRS_Archive_19930081063/NASA_NTRS_Archive_19930081063_djvu.txt	?	-
NASA_NTRS_Archive_19930081064	https://archive.org/download/NASA_NTRS_Archive_19930081064/NASA_NTRS_Archive_19930081064_djvu.txt	?	-
NASA_NTRS_Archive_19930081065	https://archive.org/download/NASA_NTRS_Archive_19930081065/NASA_NTRS_Archive_19930081065_djvu.txt	?	-
NASA_NTRS_Archive_19930081066	https://archive.org/download/NASA_NTRS_Archive_19930081066/NASA_NTRS_Archive_19930081066_djvu.txt	?	-
NASA_NTRS_Archive_19930081067	https://archive.org/download/NASA_NTRS_Archive_19930081067/NASA_NTRS_Archive_19930081067_djvu.txt	?	-
NASA_NTRS_Archive_19930081069	https://archive.org/download/NASA_NTRS_Archive_19930081069/NASA_NTRS_Archive_19930081069_djvu.txt	?	-
NASA_NTRS_Archive_19930081070	https://archive.org/download/NASA_NTRS_Archive_19930081070/NASA_NTRS_Archive_19930081070_djvu.txt	?	-
NASA_NTRS_Archive_19930081071	https://archive.org/download/NASA_NTRS_Archive_19930081071/NASA_NTRS_Archive_19930081071_djvu.txt	?	-
NASA_NTRS_Archive_19930081072	https://archive.org/download/NASA_NTRS_Archive_19930081072/NASA_NTRS_Archive_19930081072_djvu.txt	?	-
NASA_NTRS_Archive_19930081073	https://archive.org/download/NASA_NTRS_Archive_19930081073/NASA_NTRS_Archive_19930081073_djvu.txt	?	-
NASA_NTRS_Archive_19930081074	https://archive.org/download/NASA_NTRS_Archive_19930081074/NASA_NTRS_Archive_19930081074_djvu.txt	?	-
NASA_NTRS_Archive_19930081075	https://archive.org/download/NASA_NTRS_Archive_19930081075/NASA_NTRS_Archive_19930081075_djvu.txt	?	-
NASA_NTRS_Archive_19930081077	https://archive.org/download/NASA_NTRS_Archive_19930081077/NASA_NTRS_Archive_19930081077_djvu.txt	?	-
NASA_NTRS_Archive_19930081078	https://archive.org/download/NASA_NTRS_Archive_19930081078/NASA_NTRS_Archive_19930081078_djvu.txt	?	-
NASA_NTRS_Archive_19930081079	https://archive.org/download/NASA_NTRS_Archive_19930081079/NASA_NTRS_Archive_19930081079_djvu.txt	?	-
NASA_NTRS_Archive_19930081080	https://archive.org/download/NASA_NTRS_Archive_19930081080/NASA_NTRS_Archive_19930081080_djvu.txt	?	-
NASA_NTRS_Archive_19930081081	https://archive.org/download/NASA_NTRS_Archive_19930081081/NASA_NTRS_Archive_19930081081_djvu.txt	?	-
NASA_NTRS_Archive_19930081082	https://archive.org/download/NASA_NTRS_Archive_19930081082/NASA_NTRS_Archive_19930081082_djvu.txt	?	-
NASA_NTRS_Archive_19930081083	https://archive.org/download/NASA_NTRS_Archive_19930081083/NASA_NTRS_Archive_19930081083_djvu.txt	?	-
NASA_NTRS_Archive_19930081084	https://archive.org/download/NASA_NTRS_Archive_19930081084/NASA_NTRS_Archive_19930081084_djvu.txt	?	-
NASA_NTRS_Archive_19930081085	https://archive.org/download/NASA_NTRS_Archive_19930081085/NASA_NTRS_Archive_19930081085_djvu.txt	?	-
NASA_NTRS_Archive_19930081086	https://archive.org/download/NASA_NTRS_Archive_19930081086/NASA_NTRS_Archive_19930081086_djvu.txt	?	-
NASA_NTRS_Archive_19930081087	https://archive.org/download/NASA_NTRS_Archive_19930081087/NASA_NTRS_Archive_19930081087_djvu.txt	?	-
NASA_NTRS_Archive_19930081088	https://archive.org/download/NASA_NTRS_Archive_19930081088/NASA_NTRS_Archive_19930081088_djvu.txt	?	-
NASA_NTRS_Archive_19930081089	https://archive.org/download/NASA_NTRS_Archive_19930081089/NASA_NTRS_Archive_19930081089_djvu.txt	?	-
NASA_NTRS_Archive_19930081090	https://archive.org/download/NASA_NTRS_Archive_19930081090/NASA_NTRS_Archive_19930081090_djvu.txt	?	-
NASA_NTRS_Archive_19930081091	https://archive.org/download/NASA_NTRS_Archive_19930081091/NASA_NTRS_Archive_19930081091_djvu.txt	?	-
NASA_NTRS_Archive_19930081092	https://archive.org/download/NASA_NTRS_Archive_19930081092/NASA_NTRS_Archive_19930081092_djvu.txt	?	-
NASA_NTRS_Archive_19930081093	https://archive.org/download/NASA_NTRS_Archive_19930081093/NASA_NTRS_Archive_19930081093_djvu.txt	?	-
NASA_NTRS_Archive_19930081094	https://archive.org/download/NASA_NTRS_Archive_19930081094/NASA_NTRS_Archive_19930081094_djvu.txt	?	-
NASA_NTRS_Archive_19930081095	https://archive.org/download/NASA_NTRS_Archive_19930081095/NASA_NTRS_Archive_19930081095_djvu.txt	?	-
NASA_NTRS_Archive_19930081096	https://archive.org/download/NASA_NTRS_Archive_19930081096/NASA_NTRS_Archive_19930081096_djvu.txt	?	-
NASA_NTRS_Archive_19930081097	https://archive.org/download/NASA_NTRS_Archive_19930081097/NASA_NTRS_Archive_19930081097_djvu.txt	?	-
NASA_NTRS_Archive_19930081098	https://archive.org/download/NASA_NTRS_Archive_19930081098/NASA_NTRS_Archive_19930081098_djvu.txt	?	-
NASA_NTRS_Archive_19930081099	https://archive.org/download/NASA_NTRS_Archive_19930081099/NASA_NTRS_Archive_19930081099_djvu.txt	?	-
NASA_NTRS_Archive_19930081100	https://archive.org/download/NASA_NTRS_Archive_19930081100/NASA_NTRS_Archive_19930081100_djvu.txt	?	-
NASA_NTRS_Archive_19930081101	https://archive.org/download/NASA_NTRS_Archive_19930081101/NASA_NTRS_Archive_19930081101_djvu.txt	?	-
NASA_NTRS_Archive_19930081102	https://archive.org/download/NASA_NTRS_Archive_19930081102/NASA_NTRS_Archive_19930081102_djvu.txt	?	-
NASA_NTRS_Archive_19930081103	https://archive.org/download/NASA_NTRS_Archive_19930081103/NASA_NTRS_Archive_19930081103_djvu.txt	?	-
NASA_NTRS_Archive_19930081104	https://archive.org/download/NASA_NTRS_Archive_19930081104/NASA_NTRS_Archive_19930081104_djvu.txt	?	-
NASA_NTRS_Archive_19930081105	https://archive.org/download/NASA_NTRS_Archive_19930081105/NASA_NTRS_Archive_19930081105_djvu.txt	?	-
NASA_NTRS_Archive_19930081106	https://archive.org/download/NASA_NTRS_Archive_19930081106/NASA_NTRS_Archive_19930081106_djvu.txt	?	-
NASA_NTRS_Archive_19930081107	https://archive.org/download/NASA_NTRS_Archive_19930081107/NASA_NTRS_Archive_19930081107_djvu.txt	?	-
NASA_NTRS_Archive_19930081108	https://archive.org/download/NASA_NTRS_Archive_19930081108/NASA_NTRS_Archive_19930081108_djvu.txt	?	-
NASA_NTRS_Archive_19930081109	https://archive.org/download/NASA_NTRS_Archive_19930081109/NASA_NTRS_Archive_19930081109_djvu.txt	?	-
NASA_NTRS_Archive_19930081110	https://archive.org/download/NASA_NTRS_Archive_19930081110/NASA_NTRS_Archive_19930081110_djvu.txt	?	-
NASA_NTRS_Archive_19930081111	https://archive.org/download/NASA_NTRS_Archive_19930081111/NASA_NTRS_Archive_19930081111_djvu.txt	?	-
NASA_NTRS_Archive_19930081112	https://archive.org/download/NASA_NTRS_Archive_19930081112/NASA_NTRS_Archive_19930081112_djvu.txt	?	-
NASA_NTRS_Archive_19930081113	https://archive.org/download/NASA_NTRS_Archive_19930081113/NASA_NTRS_Archive_19930081113_djvu.txt	?	-
NASA_NTRS_Archive_19930081114	https://archive.org/download/NASA_NTRS_Archive_19930081114/NASA_NTRS_Archive_19930081114_djvu.txt	?	-
NASA_NTRS_Archive_19930081115	https://archive.org/download/NASA_NTRS_Archive_19930081115/NASA_NTRS_Archive_19930081115_djvu.txt	?	-
NASA_NTRS_Archive_19930081116	https://archive.org/download/NASA_NTRS_Archive_19930081116/NASA_NTRS_Archive_19930081116_djvu.txt	?	-
NASA_NTRS_Archive_19930081117	https://archive.org/download/NASA_NTRS_Archive_19930081117/NASA_NTRS_Archive_19930081117_djvu.txt	?	-
NASA_NTRS_Archive_19930081118	https://archive.org/download/NASA_NTRS_Archive_19930081118/NASA_NTRS_Archive_19930081118_djvu.txt	?	-
NASA_NTRS_Archive_19930081119	https://archive.org/download/NASA_NTRS_Archive_19930081119/NASA_NTRS_Archive_19930081119_djvu.txt	?	-
NASA_NTRS_Archive_19930081120	https://archive.org/download/NASA_NTRS_Archive_19930081120/NASA_NTRS_Archive_19930081120_djvu.txt	?	-
NASA_NTRS_Archive_19930081121	https://archive.org/download/NASA_NTRS_Archive_19930081121/NASA_NTRS_Archive_19930081121_djvu.txt	?	-
NASA_NTRS_Archive_19930081122	https://archive.org/download/NASA_NTRS_Archive_19930081122/NASA_NTRS_Archive_19930081122_djvu.txt	?	-
NASA_NTRS_Archive_19930081123	https://archive.org/download/NASA_NTRS_Archive_19930081123/NASA_NTRS_Archive_19930081123_djvu.txt	?	-
NASA_NTRS_Archive_19930081124	https://archive.org/download/NASA_NTRS_Archive_19930081124/NASA_NTRS_Archive_19930081124_djvu.txt	?	-
NASA_NTRS_Archive_19930081126	https://archive.org/download/NASA_NTRS_Archive_19930081126/NASA_NTRS_Archive_19930081126_djvu.txt	?	-
NASA_NTRS_Archive_19930081127	https://archive.org/download/NASA_NTRS_Archive_19930081127/NASA_NTRS_Archive_19930081127_djvu.txt	?	-
NASA_NTRS_Archive_19930081128	https://archive.org/download/NASA_NTRS_Archive_19930081128/NASA_NTRS_Archive_19930081128_djvu.txt	?	-
NASA_NTRS_Archive_19930081129	https://archive.org/download/NASA_NTRS_Archive_19930081129/NASA_NTRS_Archive_19930081129_djvu.txt	?	-
NASA_NTRS_Archive_19930081130	https://archive.org/download/NASA_NTRS_Archive_19930081130/NASA_NTRS_Archive_19930081130_djvu.txt	?	-
NASA_NTRS_Archive_19930081131	https://archive.org/download/NASA_NTRS_Archive_19930081131/NASA_NTRS_Archive_19930081131_djvu.txt	?	-
NASA_NTRS_Archive_19930081132	https://archive.org/download/NASA_NTRS_Archive_19930081132/NASA_NTRS_Archive_19930081132_djvu.txt	?	-
NASA_NTRS_Archive_19930081133	https://archive.org/download/NASA_NTRS_Archive_19930081133/NASA_NTRS_Archive_19930081133_djvu.txt	?	-
NASA_NTRS_Archive_19930081134	https://archive.org/download/NASA_NTRS_Archive_19930081134/NASA_NTRS_Archive_19930081134_djvu.txt	?	-
NASA_NTRS_Archive_19930081135	https://archive.org/download/NASA_NTRS_Archive_19930081135/NASA_NTRS_Archive_19930081135_djvu.txt	?	-
NASA_NTRS_Archive_19930081136	https://archive.org/download/NASA_NTRS_Archive_19930081136/NASA_NTRS_Archive_19930081136_djvu.txt	?	-
NASA_NTRS_Archive_19930081137	https://archive.org/download/NASA_NTRS_Archive_19930081137/NASA_NTRS_Archive_19930081137_djvu.txt	?	-
NASA_NTRS_Archive_19930081139	https://archive.org/download/NASA_NTRS_Archive_19930081139/NASA_NTRS_Archive_19930081139_djvu.txt	?	-
NASA_NTRS_Archive_19930081140	https://archive.org/download/NASA_NTRS_Archive_19930081140/NASA_NTRS_Archive_19930081140_djvu.txt	?	-
NASA_NTRS_Archive_19930081141	https://archive.org/download/NASA_NTRS_Archive_19930081141/NASA_NTRS_Archive_19930081141_djvu.txt	?	-
NASA_NTRS_Archive_19930081142	https://archive.org/download/NASA_NTRS_Archive_19930081142/NASA_NTRS_Archive_19930081142_djvu.txt	?	-
NASA_NTRS_Archive_19930081143	https://archive.org/download/NASA_NTRS_Archive_19930081143/NASA_NTRS_Archive_19930081143_djvu.txt	?	-
NASA_NTRS_Archive_19930081144	https://archive.org/download/NASA_NTRS_Archive_19930081144/NASA_NTRS_Archive_19930081144_djvu.txt	?	-
NASA_NTRS_Archive_19930081145	https://archive.org/download/NASA_NTRS_Archive_19930081145/NASA_NTRS_Archive_19930081145_djvu.txt	?	-
NASA_NTRS_Archive_19930081146	https://archive.org/download/NASA_NTRS_Archive_19930081146/NASA_NTRS_Archive_19930081146_djvu.txt	?	-
NASA_NTRS_Archive_19930081147	https://archive.org/download/NASA_NTRS_Archive_19930081147/NASA_NTRS_Archive_19930081147_djvu.txt	?	-
NASA_NTRS_Archive_19930081148	https://archive.org/download/NASA_NTRS_Archive_19930081148/NASA_NTRS_Archive_19930081148_djvu.txt	?	-
NASA_NTRS_Archive_19930081149	https://archive.org/download/NASA_NTRS_Archive_19930081149/NASA_NTRS_Archive_19930081149_djvu.txt	?	-
NASA_NTRS_Archive_19930081150	https://archive.org/download/NASA_NTRS_Archive_19930081150/NASA_NTRS_Archive_19930081150_djvu.txt	?	-
NASA_NTRS_Archive_19930081151	https://archive.org/download/NASA_NTRS_Archive_19930081151/NASA_NTRS_Archive_19930081151_djvu.txt	?	-
NASA_NTRS_Archive_19930081152	https://archive.org/download/NASA_NTRS_Archive_19930081152/NASA_NTRS_Archive_19930081152_djvu.txt	?	-
NASA_NTRS_Archive_19930081153	https://archive.org/download/NASA_NTRS_Archive_19930081153/NASA_NTRS_Archive_19930081153_djvu.txt	?	-
NASA_NTRS_Archive_19930081154	https://archive.org/download/NASA_NTRS_Archive_19930081154/NASA_NTRS_Archive_19930081154_djvu.txt	?	-
NASA_NTRS_Archive_19930081155	https://archive.org/download/NASA_NTRS_Archive_19930081155/NASA_NTRS_Archive_19930081155_djvu.txt	?	-
NASA_NTRS_Archive_19930081156	https://archive.org/download/NASA_NTRS_Archive_19930081156/NASA_NTRS_Archive_19930081156_djvu.txt	?	-
NASA_NTRS_Archive_19930081157	https://archive.org/download/NASA_NTRS_Archive_19930081157/NASA_NTRS_Archive_19930081157_djvu.txt	?	-
NASA_NTRS_Archive_19930081158	https://archive.org/download/NASA_NTRS_Archive_19930081158/NASA_NTRS_Archive_19930081158_djvu.txt	?	-
NASA_NTRS_Archive_19930081159	https://archive.org/download/NASA_NTRS_Archive_19930081159/NASA_NTRS_Archive_19930081159_djvu.txt	?	-
NASA_NTRS_Archive_19930081160	https://archive.org/download/NASA_NTRS_Archive_19930081160/NASA_NTRS_Archive_19930081160_djvu.txt	?	-
NASA_NTRS_Archive_19930081161	https://archive.org/download/NASA_NTRS_Archive_19930081161/NASA_NTRS_Archive_19930081161_djvu.txt	?	-
NASA_NTRS_Archive_19930081162	https://archive.org/download/NASA_NTRS_Archive_19930081162/NASA_NTRS_Archive_19930081162_djvu.txt	?	-
NASA_NTRS_Archive_19930081163	https://archive.org/download/NASA_NTRS_Archive_19930081163/NASA_NTRS_Archive_19930081163_djvu.txt	?	-
NASA_NTRS_Archive_19930081164	https://archive.org/download/NASA_NTRS_Archive_19930081164/NASA_NTRS_Archive_19930081164_djvu.txt	?	-
NASA_NTRS_Archive_19930081165	https://archive.org/download/NASA_NTRS_Archive_19930081165/NASA_NTRS_Archive_19930081165_djvu.txt	?	-
NASA_NTRS_Archive_19930081166	https://archive.org/download/NASA_NTRS_Archive_19930081166/NASA_NTRS_Archive_19930081166_djvu.txt	?	-
NASA_NTRS_Archive_19930081167	https://archive.org/download/NASA_NTRS_Archive_19930081167/NASA_NTRS_Archive_19930081167_djvu.txt	?	-
NASA_NTRS_Archive_19930081168	https://archive.org/download/NASA_NTRS_Archive_19930081168/NASA_NTRS_Archive_19930081168_djvu.txt	?	-
NASA_NTRS_Archive_19930081169	https://archive.org/download/NASA_NTRS_Archive_19930081169/NASA_NTRS_Archive_19930081169_djvu.txt	?	-
NASA_NTRS_Archive_19930081170	https://archive.org/download/NASA_NTRS_Archive_19930081170/NASA_NTRS_Archive_19930081170_djvu.txt	?	-
NASA_NTRS_Archive_19930081171	https://archive.org/download/NASA_NTRS_Archive_19930081171/NASA_NTRS_Archive_19930081171_djvu.txt	?	-
NASA_NTRS_Archive_19930081172	https://archive.org/download/NASA_NTRS_Archive_19930081172/NASA_NTRS_Archive_19930081172_djvu.txt	?	-
NASA_NTRS_Archive_19930081173	https://archive.org/download/NASA_NTRS_Archive_19930081173/NASA_NTRS_Archive_19930081173_djvu.txt	?	-
NASA_NTRS_Archive_19930081174	https://archive.org/download/NASA_NTRS_Archive_19930081174/NASA_NTRS_Archive_19930081174_djvu.txt	?	-
NASA_NTRS_Archive_19930081175	https://archive.org/download/NASA_NTRS_Archive_19930081175/NASA_NTRS_Archive_19930081175_djvu.txt	?	-
NASA_NTRS_Archive_19930081176	https://archive.org/download/NASA_NTRS_Archive_19930081176/NASA_NTRS_Archive_19930081176_djvu.txt	?	-
NASA_NTRS_Archive_19930081177	https://archive.org/download/NASA_NTRS_Archive_19930081177/NASA_NTRS_Archive_19930081177_djvu.txt	?	-
NASA_NTRS_Archive_19930081178	https://archive.org/download/NASA_NTRS_Archive_19930081178/NASA_NTRS_Archive_19930081178_djvu.txt	?	-
NASA_NTRS_Archive_19930081179	https://archive.org/download/NASA_NTRS_Archive_19930081179/NASA_NTRS_Archive_19930081179_djvu.txt	?	-
NASA_NTRS_Archive_19930081180	https://archive.org/download/NASA_NTRS_Archive_19930081180/NASA_NTRS_Archive_19930081180_djvu.txt	?	-
NASA_NTRS_Archive_19930081181	https://archive.org/download/NASA_NTRS_Archive_19930081181/NASA_NTRS_Archive_19930081181_djvu.txt	?	-
NASA_NTRS_Archive_19930081182	https://archive.org/download/NASA_NTRS_Archive_19930081182/NASA_NTRS_Archive_19930081182_djvu.txt	?	-
NASA_NTRS_Archive_19930081183	https://archive.org/download/NASA_NTRS_Archive_19930081183/NASA_NTRS_Archive_19930081183_djvu.txt	?	-
NASA_NTRS_Archive_19930081184	https://archive.org/download/NASA_NTRS_Archive_19930081184/NASA_NTRS_Archive_19930081184_djvu.txt	?	-
NASA_NTRS_Archive_19930081185	https://archive.org/download/NASA_NTRS_Archive_19930081185/NASA_NTRS_Archive_19930081185_djvu.txt	?	-
NASA_NTRS_Archive_19930081186	https://archive.org/download/NASA_NTRS_Archive_19930081186/NASA_NTRS_Archive_19930081186_djvu.txt	?	-
NASA_NTRS_Archive_19930081187	https://archive.org/download/NASA_NTRS_Archive_19930081187/NASA_NTRS_Archive_19930081187_djvu.txt	?	-
NASA_NTRS_Archive_19930081188	https://archive.org/download/NASA_NTRS_Archive_19930081188/NASA_NTRS_Archive_19930081188_djvu.txt	?	-
NASA_NTRS_Archive_19930081189	https://archive.org/download/NASA_NTRS_Archive_19930081189/NASA_NTRS_Archive_19930081189_djvu.txt	?	-
NASA_NTRS_Archive_19930081190	https://archive.org/download/NASA_NTRS_Archive_19930081190/NASA_NTRS_Archive_19930081190_djvu.txt	?	-
NASA_NTRS_Archive_19930081191	https://archive.org/download/NASA_NTRS_Archive_19930081191/NASA_NTRS_Archive_19930081191_djvu.txt	?	-
NASA_NTRS_Archive_19930081192	https://archive.org/download/NASA_NTRS_Archive_19930081192/NASA_NTRS_Archive_19930081192_djvu.txt	?	-
NASA_NTRS_Archive_19930081193	https://archive.org/download/NASA_NTRS_Archive_19930081193/NASA_NTRS_Archive_19930081193_djvu.txt	?	-
NASA_NTRS_Archive_19930081194	https://archive.org/download/NASA_NTRS_Archive_19930081194/NASA_NTRS_Archive_19930081194_djvu.txt	?	-
NASA_NTRS_Archive_19930081195	https://archive.org/download/NASA_NTRS_Archive_19930081195/NASA_NTRS_Archive_19930081195_djvu.txt	?	-
NASA_NTRS_Archive_19930081196	https://archive.org/download/NASA_NTRS_Archive_19930081196/NASA_NTRS_Archive_19930081196_djvu.txt	?	-
NASA_NTRS_Archive_19930081197	https://archive.org/download/NASA_NTRS_Archive_19930081197/NASA_NTRS_Archive_19930081197_djvu.txt	?	-
NASA_NTRS_Archive_19930081198	https://archive.org/download/NASA_NTRS_Archive_19930081198/NASA_NTRS_Archive_19930081198_djvu.txt	?	-
NASA_NTRS_Archive_19930081199	https://archive.org/download/NASA_NTRS_Archive_19930081199/NASA_NTRS_Archive_19930081199_djvu.txt	?	-
NASA_NTRS_Archive_19930081200	https://archive.org/download/NASA_NTRS_Archive_19930081200/NASA_NTRS_Archive_19930081200_djvu.txt	?	-
NASA_NTRS_Archive_19930081201	https://archive.org/download/NASA_NTRS_Archive_19930081201/NASA_NTRS_Archive_19930081201_djvu.txt	?	-
NASA_NTRS_Archive_19930081202	https://archive.org/download/NASA_NTRS_Archive_19930081202/NASA_NTRS_Archive_19930081202_djvu.txt	?	-
NASA_NTRS_Archive_19930081203	https://archive.org/download/NASA_NTRS_Archive_19930081203/NASA_NTRS_Archive_19930081203_djvu.txt	?	-
NASA_NTRS_Archive_19930081204	https://archive.org/download/NASA_NTRS_Archive_19930081204/NASA_NTRS_Archive_19930081204_djvu.txt	?	-
NASA_NTRS_Archive_19930081205	https://archive.org/download/NASA_NTRS_Archive_19930081205/NASA_NTRS_Archive_19930081205_djvu.txt	?	-
NASA_NTRS_Archive_19930081206	https://archive.org/download/NASA_NTRS_Archive_19930081206/NASA_NTRS_Archive_19930081206_djvu.txt	?	-
NASA_NTRS_Archive_19930081207	https://archive.org/download/NASA_NTRS_Archive_19930081207/NASA_NTRS_Archive_19930081207_djvu.txt	?	-
NASA_NTRS_Archive_19930081208	https://archive.org/download/NASA_NTRS_Archive_19930081208/NASA_NTRS_Archive_19930081208_djvu.txt	?	-
NASA_NTRS_Archive_19930081209	https://archive.org/download/NASA_NTRS_Archive_19930081209/NASA_NTRS_Archive_19930081209_djvu.txt	?	-
NASA_NTRS_Archive_19930081210	https://archive.org/download/NASA_NTRS_Archive_19930081210/NASA_NTRS_Archive_19930081210_djvu.txt	?	-
NASA_NTRS_Archive_19930081211	https://archive.org/download/NASA_NTRS_Archive_19930081211/NASA_NTRS_Archive_19930081211_djvu.txt	?	-
NASA_NTRS_Archive_19930081212	https://archive.org/download/NASA_NTRS_Archive_19930081212/NASA_NTRS_Archive_19930081212_djvu.txt	?	-
NASA_NTRS_Archive_19930081213	https://archive.org/download/NASA_NTRS_Archive_19930081213/NASA_NTRS_Archive_19930081213_djvu.txt	?	-
NASA_NTRS_Archive_19930081214	https://archive.org/download/NASA_NTRS_Archive_19930081214/NASA_NTRS_Archive_19930081214_djvu.txt	?	-
NASA_NTRS_Archive_19930081215	https://archive.org/download/NASA_NTRS_Archive_19930081215/NASA_NTRS_Archive_19930081215_djvu.txt	?	-
NASA_NTRS_Archive_19930081216	https://archive.org/download/NASA_NTRS_Archive_19930081216/NASA_NTRS_Archive_19930081216_djvu.txt	?	-
NASA_NTRS_Archive_19930081217	https://archive.org/download/NASA_NTRS_Archive_19930081217/NASA_NTRS_Archive_19930081217_djvu.txt	?	-
NASA_NTRS_Archive_19930081218	https://archive.org/download/NASA_NTRS_Archive_19930081218/NASA_NTRS_Archive_19930081218_djvu.txt	?	-
NASA_NTRS_Archive_19930081219	https://archive.org/download/NASA_NTRS_Archive_19930081219/NASA_NTRS_Archive_19930081219_djvu.txt	?	-
NASA_NTRS_Archive_19930081220	https://archive.org/download/NASA_NTRS_Archive_19930081220/NASA_NTRS_Archive_19930081220_djvu.txt	?	-
NASA_NTRS_Archive_19930081221	https://archive.org/download/NASA_NTRS_Archive_19930081221/NASA_NTRS_Archive_19930081221_djvu.txt	?	-
NASA_NTRS_Archive_19930081222	https://archive.org/download/NASA_NTRS_Archive_19930081222/NASA_NTRS_Archive_19930081222_djvu.txt	?	-
NASA_NTRS_Archive_19930081223	https://archive.org/download/NASA_NTRS_Archive_19930081223/NASA_NTRS_Archive_19930081223_djvu.txt	?	-
NASA_NTRS_Archive_19930081224	https://archive.org/download/NASA_NTRS_Archive_19930081224/NASA_NTRS_Archive_19930081224_djvu.txt	?	-
NASA_NTRS_Archive_19930081225	https://archive.org/download/NASA_NTRS_Archive_19930081225/NASA_NTRS_Archive_19930081225_djvu.txt	?	-
NASA_NTRS_Archive_19930081226	https://archive.org/download/NASA_NTRS_Archive_19930081226/NASA_NTRS_Archive_19930081226_djvu.txt	?	-
NASA_NTRS_Archive_19930081227	https://archive.org/download/NASA_NTRS_Archive_19930081227/NASA_NTRS_Archive_19930081227_djvu.txt	?	-
NASA_NTRS_Archive_19930081228	https://archive.org/download/NASA_NTRS_Archive_19930081228/NASA_NTRS_Archive_19930081228_djvu.txt	?	-
NASA_NTRS_Archive_19930081229	https://archive.org/download/NASA_NTRS_Archive_19930081229/NASA_NTRS_Archive_19930081229_djvu.txt	?	-
NASA_NTRS_Archive_19930081230	https://archive.org/download/NASA_NTRS_Archive_19930081230/NASA_NTRS_Archive_19930081230_djvu.txt	?	-
NASA_NTRS_Archive_19930081231	https://archive.org/download/NASA_NTRS_Archive_19930081231/NASA_NTRS_Archive_19930081231_djvu.txt	?	-
NASA_NTRS_Archive_19930081232	https://archive.org/download/NASA_NTRS_Archive_19930081232/NASA_NTRS_Archive_19930081232_djvu.txt	?	-
NASA_NTRS_Archive_19930081233	https://archive.org/download/NASA_NTRS_Archive_19930081233/NASA_NTRS_Archive_19930081233_djvu.txt	?	-
NASA_NTRS_Archive_19930081234	https://archive.org/download/NASA_NTRS_Archive_19930081234/NASA_NTRS_Archive_19930081234_djvu.txt	?	-
NASA_NTRS_Archive_19930081235	https://archive.org/download/NASA_NTRS_Archive_19930081235/NASA_NTRS_Archive_19930081235_djvu.txt	?	-
NASA_NTRS_Archive_19930081236	https://archive.org/download/NASA_NTRS_Archive_19930081236/NASA_NTRS_Archive_19930081236_djvu.txt	?	-
NASA_NTRS_Archive_19930081237	https://archive.org/download/NASA_NTRS_Archive_19930081237/NASA_NTRS_Archive_19930081237_djvu.txt	?	-
NASA_NTRS_Archive_19930081238	https://archive.org/download/NASA_NTRS_Archive_19930081238/NASA_NTRS_Archive_19930081238_djvu.txt	?	-
NASA_NTRS_Archive_19930081239	https://archive.org/download/NASA_NTRS_Archive_19930081239/NASA_NTRS_Archive_19930081239_djvu.txt	?	-
NASA_NTRS_Archive_19930081240	https://archive.org/download/NASA_NTRS_Archive_19930081240/NASA_NTRS_Archive_19930081240_djvu.txt	?	-
NASA_NTRS_Archive_19930081241	https://archive.org/download/NASA_NTRS_Archive_19930081241/NASA_NTRS_Archive_19930081241_djvu.txt	?	-
NASA_NTRS_Archive_19930081242	https://archive.org/download/NASA_NTRS_Archive_19930081242/NASA_NTRS_Archive_19930081242_djvu.txt	?	-
NASA_NTRS_Archive_19930081247	https://archive.org/download/NASA_NTRS_Archive_19930081247/NASA_NTRS_Archive_19930081247_djvu.txt	?	-
NASA_NTRS_Archive_19930081248	https://archive.org/download/NASA_NTRS_Archive_19930081248/NASA_NTRS_Archive_19930081248_djvu.txt	?	-
NASA_NTRS_Archive_19930081249	https://archive.org/download/NASA_NTRS_Archive_19930081249/NASA_NTRS_Archive_19930081249_djvu.txt	?	-
NASA_NTRS_Archive_19930081250	https://archive.org/download/NASA_NTRS_Archive_19930081250/NASA_NTRS_Archive_19930081250_djvu.txt	?	-
NASA_NTRS_Archive_19930081251	https://archive.org/download/NASA_NTRS_Archive_19930081251/NASA_NTRS_Archive_19930081251_djvu.txt	?	-
NASA_NTRS_Archive_19930081252	https://archive.org/download/NASA_NTRS_Archive_19930081252/NASA_NTRS_Archive_19930081252_djvu.txt	?	-
NASA_NTRS_Archive_19930081253	https://archive.org/download/NASA_NTRS_Archive_19930081253/NASA_NTRS_Archive_19930081253_djvu.txt	?	-
NASA_NTRS_Archive_19930081254	https://archive.org/download/NASA_NTRS_Archive_19930081254/NASA_NTRS_Archive_19930081254_djvu.txt	?	-
NASA_NTRS_Archive_19930081255	https://archive.org/download/NASA_NTRS_Archive_19930081255/NASA_NTRS_Archive_19930081255_djvu.txt	?	-
NASA_NTRS_Archive_19930081256	https://archive.org/download/NASA_NTRS_Archive_19930081256/NASA_NTRS_Archive_19930081256_djvu.txt	?	-
NASA_NTRS_Archive_19930081257	https://archive.org/download/NASA_NTRS_Archive_19930081257/NASA_NTRS_Archive_19930081257_djvu.txt	?	-
NASA_NTRS_Archive_19930081258	https://archive.org/download/NASA_NTRS_Archive_19930081258/NASA_NTRS_Archive_19930081258_djvu.txt	?	-
NASA_NTRS_Archive_19930081260	https://archive.org/download/NASA_NTRS_Archive_19930081260/NASA_NTRS_Archive_19930081260_djvu.txt	?	-
NASA_NTRS_Archive_19930081261	https://archive.org/download/NASA_NTRS_Archive_19930081261/NASA_NTRS_Archive_19930081261_djvu.txt	?	-
NASA_NTRS_Archive_19930081262	https://archive.org/download/NASA_NTRS_Archive_19930081262/NASA_NTRS_Archive_19930081262_djvu.txt	?	-
NASA_NTRS_Archive_19930081263	https://archive.org/download/NASA_NTRS_Archive_19930081263/NASA_NTRS_Archive_19930081263_djvu.txt	?	-
NASA_NTRS_Archive_19930081264	https://archive.org/download/NASA_NTRS_Archive_19930081264/NASA_NTRS_Archive_19930081264_djvu.txt	?	-
NASA_NTRS_Archive_19930081265	https://archive.org/download/NASA_NTRS_Archive_19930081265/NASA_NTRS_Archive_19930081265_djvu.txt	?	-
NASA_NTRS_Archive_19930081266	https://archive.org/download/NASA_NTRS_Archive_19930081266/NASA_NTRS_Archive_19930081266_djvu.txt	?	-
NASA_NTRS_Archive_19930081267	https://archive.org/download/NASA_NTRS_Archive_19930081267/NASA_NTRS_Archive_19930081267_djvu.txt	?	-
NASA_NTRS_Archive_19930081268	https://archive.org/download/NASA_NTRS_Archive_19930081268/NASA_NTRS_Archive_19930081268_djvu.txt	?	-
NASA_NTRS_Archive_19930081269	https://archive.org/download/NASA_NTRS_Archive_19930081269/NASA_NTRS_Archive_19930081269_djvu.txt	?	-
NASA_NTRS_Archive_19930081270	https://archive.org/download/NASA_NTRS_Archive_19930081270/NASA_NTRS_Archive_19930081270_djvu.txt	?	-
NASA_NTRS_Archive_19930081271	https://archive.org/download/NASA_NTRS_Archive_19930081271/NASA_NTRS_Archive_19930081271_djvu.txt	?	-
NASA_NTRS_Archive_19930081272	https://archive.org/download/NASA_NTRS_Archive_19930081272/NASA_NTRS_Archive_19930081272_djvu.txt	?	-
NASA_NTRS_Archive_19930081273	https://archive.org/download/NASA_NTRS_Archive_19930081273/NASA_NTRS_Archive_19930081273_djvu.txt	?	-
NASA_NTRS_Archive_19930081274	https://archive.org/download/NASA_NTRS_Archive_19930081274/NASA_NTRS_Archive_19930081274_djvu.txt	?	-
NASA_NTRS_Archive_19930081275	https://archive.org/download/NASA_NTRS_Archive_19930081275/NASA_NTRS_Archive_19930081275_djvu.txt	?	-
NASA_NTRS_Archive_19930081276	https://archive.org/download/NASA_NTRS_Archive_19930081276/NASA_NTRS_Archive_19930081276_djvu.txt	?	-
NASA_NTRS_Archive_19930081277	https://archive.org/download/NASA_NTRS_Archive_19930081277/NASA_NTRS_Archive_19930081277_djvu.txt	?	-
NASA_NTRS_Archive_19930081278	https://archive.org/download/NASA_NTRS_Archive_19930081278/NASA_NTRS_Archive_19930081278_djvu.txt	?	-
NASA_NTRS_Archive_19930081279	https://archive.org/download/NASA_NTRS_Archive_19930081279/NASA_NTRS_Archive_19930081279_djvu.txt	?	-
NASA_NTRS_Archive_19930081280	https://archive.org/download/NASA_NTRS_Archive_19930081280/NASA_NTRS_Archive_19930081280_djvu.txt	?	-
NASA_NTRS_Archive_19930081281	https://archive.org/download/NASA_NTRS_Archive_19930081281/NASA_NTRS_Archive_19930081281_djvu.txt	?	-
NASA_NTRS_Archive_19930081282	https://archive.org/download/NASA_NTRS_Archive_19930081282/NASA_NTRS_Archive_19930081282_djvu.txt	?	-
NASA_NTRS_Archive_19930081283	https://archive.org/download/NASA_NTRS_Archive_19930081283/NASA_NTRS_Archive_19930081283_djvu.txt	?	-
NASA_NTRS_Archive_19930081284	https://archive.org/download/NASA_NTRS_Archive_19930081284/NASA_NTRS_Archive_19930081284_djvu.txt	?	-
NASA_NTRS_Archive_19930081285	https://archive.org/download/NASA_NTRS_Archive_19930081285/NASA_NTRS_Archive_19930081285_djvu.txt	?	-
NASA_NTRS_Archive_19930081286	https://archive.org/download/NASA_NTRS_Archive_19930081286/NASA_NTRS_Archive_19930081286_djvu.txt	?	-
NASA_NTRS_Archive_19930081287	https://archive.org/download/NASA_NTRS_Archive_19930081287/NASA_NTRS_Archive_19930081287_djvu.txt	?	-
NASA_NTRS_Archive_19930081288	https://archive.org/download/NASA_NTRS_Archive_19930081288/NASA_NTRS_Archive_19930081288_djvu.txt	?	-
NASA_NTRS_Archive_19930081291	https://archive.org/download/NASA_NTRS_Archive_19930081291/NASA_NTRS_Archive_19930081291_djvu.txt	?	-
NASA_NTRS_Archive_19930081292	https://archive.org/download/NASA_NTRS_Archive_19930081292/NASA_NTRS_Archive_19930081292_djvu.txt	?	-
NASA_NTRS_Archive_19930081293	https://archive.org/download/NASA_NTRS_Archive_19930081293/NASA_NTRS_Archive_19930081293_djvu.txt	?	-
NASA_NTRS_Archive_19930081294	https://archive.org/download/NASA_NTRS_Archive_19930081294/NASA_NTRS_Archive_19930081294_djvu.txt	?	-
NASA_NTRS_Archive_19930081295	https://archive.org/download/NASA_NTRS_Archive_19930081295/NASA_NTRS_Archive_19930081295_djvu.txt	?	-
NASA_NTRS_Archive_19930081296	https://archive.org/download/NASA_NTRS_Archive_19930081296/NASA_NTRS_Archive_19930081296_djvu.txt	?	-
NASA_NTRS_Archive_19930081297	https://archive.org/download/NASA_NTRS_Archive_19930081297/NASA_NTRS_Archive_19930081297_djvu.txt	?	-
NASA_NTRS_Archive_19930081298	https://archive.org/download/NASA_NTRS_Archive_19930081298/NASA_NTRS_Archive_19930081298_djvu.txt	?	-
NASA_NTRS_Archive_19930081299	https://archive.org/download/NASA_NTRS_Archive_19930081299/NASA_NTRS_Archive_19930081299_djvu.txt	?	-
NASA_NTRS_Archive_19930081300	https://archive.org/download/NASA_NTRS_Archive_19930081300/NASA_NTRS_Archive_19930081300_djvu.txt	?	-
NASA_NTRS_Archive_19930081301	https://archive.org/download/NASA_NTRS_Archive_19930081301/NASA_NTRS_Archive_19930081301_djvu.txt	?	-
NASA_NTRS_Archive_19930081302	https://archive.org/download/NASA_NTRS_Archive_19930081302/NASA_NTRS_Archive_19930081302_djvu.txt	?	-
NASA_NTRS_Archive_19930081303	https://archive.org/download/NASA_NTRS_Archive_19930081303/NASA_NTRS_Archive_19930081303_djvu.txt	?	-
NASA_NTRS_Archive_19930081304	https://archive.org/download/NASA_NTRS_Archive_19930081304/NASA_NTRS_Archive_19930081304_djvu.txt	?	-
NASA_NTRS_Archive_19930081305	https://archive.org/download/NASA_NTRS_Archive_19930081305/NASA_NTRS_Archive_19930081305_djvu.txt	?	-
NASA_NTRS_Archive_19930081306	https://archive.org/download/NASA_NTRS_Archive_19930081306/NASA_NTRS_Archive_19930081306_djvu.txt	?	-
NASA_NTRS_Archive_19930081307	https://archive.org/download/NASA_NTRS_Archive_19930081307/NASA_NTRS_Archive_19930081307_djvu.txt	?	-
NASA_NTRS_Archive_19930081308	https://archive.org/download/NASA_NTRS_Archive_19930081308/NASA_NTRS_Archive_19930081308_djvu.txt	?	-
NASA_NTRS_Archive_19930081309	https://archive.org/download/NASA_NTRS_Archive_19930081309/NASA_NTRS_Archive_19930081309_djvu.txt	?	-
NASA_NTRS_Archive_19930081310	https://archive.org/download/NASA_NTRS_Archive_19930081310/NASA_NTRS_Archive_19930081310_djvu.txt	?	-
NASA_NTRS_Archive_19930081311	https://archive.org/download/NASA_NTRS_Archive_19930081311/NASA_NTRS_Archive_19930081311_djvu.txt	?	-
NASA_NTRS_Archive_19930081312	https://archive.org/download/NASA_NTRS_Archive_19930081312/NASA_NTRS_Archive_19930081312_djvu.txt	?	-
NASA_NTRS_Archive_19930081313	https://archive.org/download/NASA_NTRS_Archive_19930081313/NASA_NTRS_Archive_19930081313_djvu.txt	?	-
NASA_NTRS_Archive_19930081314	https://archive.org/download/NASA_NTRS_Archive_19930081314/NASA_NTRS_Archive_19930081314_djvu.txt	?	-
NASA_NTRS_Archive_19930081315	https://archive.org/download/NASA_NTRS_Archive_19930081315/NASA_NTRS_Archive_19930081315_djvu.txt	?	-
NASA_NTRS_Archive_19930081316	https://archive.org/download/NASA_NTRS_Archive_19930081316/NASA_NTRS_Archive_19930081316_djvu.txt	?	-
NASA_NTRS_Archive_19930081317	https://archive.org/download/NASA_NTRS_Archive_19930081317/NASA_NTRS_Archive_19930081317_djvu.txt	?	-
NASA_NTRS_Archive_19930081318	https://archive.org/download/NASA_NTRS_Archive_19930081318/NASA_NTRS_Archive_19930081318_djvu.txt	?	-
NASA_NTRS_Archive_19930081319	https://archive.org/download/NASA_NTRS_Archive_19930081319/NASA_NTRS_Archive_19930081319_djvu.txt	?	-
NASA_NTRS_Archive_19930081320	https://archive.org/download/NASA_NTRS_Archive_19930081320/NASA_NTRS_Archive_19930081320_djvu.txt	?	-
NASA_NTRS_Archive_19930081321	https://archive.org/download/NASA_NTRS_Archive_19930081321/NASA_NTRS_Archive_19930081321_djvu.txt	?	-
NASA_NTRS_Archive_19930081322	https://archive.org/download/NASA_NTRS_Archive_19930081322/NASA_NTRS_Archive_19930081322_djvu.txt	?	-
NASA_NTRS_Archive_19930081323	https://archive.org/download/NASA_NTRS_Archive_19930081323/NASA_NTRS_Archive_19930081323_djvu.txt	?	-
NASA_NTRS_Archive_19930081324	https://archive.org/download/NASA_NTRS_Archive_19930081324/NASA_NTRS_Archive_19930081324_djvu.txt	?	-
NASA_NTRS_Archive_19930081325	https://archive.org/download/NASA_NTRS_Archive_19930081325/NASA_NTRS_Archive_19930081325_djvu.txt	?	-
NASA_NTRS_Archive_19930081326	https://archive.org/download/NASA_NTRS_Archive_19930081326/NASA_NTRS_Archive_19930081326_djvu.txt	?	-
NASA_NTRS_Archive_19930081327	https://archive.org/download/NASA_NTRS_Archive_19930081327/NASA_NTRS_Archive_19930081327_djvu.txt	?	-
NASA_NTRS_Archive_19930081328	https://archive.org/download/NASA_NTRS_Archive_19930081328/NASA_NTRS_Archive_19930081328_djvu.txt	?	-
NASA_NTRS_Archive_19930081329	https://archive.org/download/NASA_NTRS_Archive_19930081329/NASA_NTRS_Archive_19930081329_djvu.txt	?	-
NASA_NTRS_Archive_19930081330	https://archive.org/download/NASA_NTRS_Archive_19930081330/NASA_NTRS_Archive_19930081330_djvu.txt	?	-
NASA_NTRS_Archive_19930081331	https://archive.org/download/NASA_NTRS_Archive_19930081331/NASA_NTRS_Archive_19930081331_djvu.txt	?	-
NASA_NTRS_Archive_19930081332	https://archive.org/download/NASA_NTRS_Archive_19930081332/NASA_NTRS_Archive_19930081332_djvu.txt	?	-
NASA_NTRS_Archive_19930081333	https://archive.org/download/NASA_NTRS_Archive_19930081333/NASA_NTRS_Archive_19930081333_djvu.txt	?	-
NASA_NTRS_Archive_19930081334	https://archive.org/download/NASA_NTRS_Archive_19930081334/NASA_NTRS_Archive_19930081334_djvu.txt	?	-
NASA_NTRS_Archive_19930081335	https://archive.org/download/NASA_NTRS_Archive_19930081335/NASA_NTRS_Archive_19930081335_djvu.txt	?	-
NASA_NTRS_Archive_19930081336	https://archive.org/download/NASA_NTRS_Archive_19930081336/NASA_NTRS_Archive_19930081336_djvu.txt	?	-
NASA_NTRS_Archive_19930081337	https://archive.org/download/NASA_NTRS_Archive_19930081337/NASA_NTRS_Archive_19930081337_djvu.txt	?	-
NASA_NTRS_Archive_19930081338	https://archive.org/download/NASA_NTRS_Archive_19930081338/NASA_NTRS_Archive_19930081338_djvu.txt	?	-
NASA_NTRS_Archive_19930081339	https://archive.org/download/NASA_NTRS_Archive_19930081339/NASA_NTRS_Archive_19930081339_djvu.txt	?	-
NASA_NTRS_Archive_19930081340	https://archive.org/download/NASA_NTRS_Archive_19930081340/NASA_NTRS_Archive_19930081340_djvu.txt	?	-
NASA_NTRS_Archive_19930081341	https://archive.org/download/NASA_NTRS_Archive_19930081341/NASA_NTRS_Archive_19930081341_djvu.txt	?	-
NASA_NTRS_Archive_19930081342	https://archive.org/download/NASA_NTRS_Archive_19930081342/NASA_NTRS_Archive_19930081342_djvu.txt	?	-
NASA_NTRS_Archive_19930081343	https://archive.org/download/NASA_NTRS_Archive_19930081343/NASA_NTRS_Archive_19930081343_djvu.txt	?	-
NASA_NTRS_Archive_19930081344	https://archive.org/download/NASA_NTRS_Archive_19930081344/NASA_NTRS_Archive_19930081344_djvu.txt	?	-
NASA_NTRS_Archive_19930081345	https://archive.org/download/NASA_NTRS_Archive_19930081345/NASA_NTRS_Archive_19930081345_djvu.txt	?	-
NASA_NTRS_Archive_19930081346	https://archive.org/download/NASA_NTRS_Archive_19930081346/NASA_NTRS_Archive_19930081346_djvu.txt	?	-
NASA_NTRS_Archive_19930081347	https://archive.org/download/NASA_NTRS_Archive_19930081347/NASA_NTRS_Archive_19930081347_djvu.txt	?	-
NASA_NTRS_Archive_19930081348	https://archive.org/download/NASA_NTRS_Archive_19930081348/NASA_NTRS_Archive_19930081348_djvu.txt	?	-
NASA_NTRS_Archive_19930081349	https://archive.org/download/NASA_NTRS_Archive_19930081349/NASA_NTRS_Archive_19930081349_djvu.txt	?	-
NASA_NTRS_Archive_19930081350	https://archive.org/download/NASA_NTRS_Archive_19930081350/NASA_NTRS_Archive_19930081350_djvu.txt	?	-
NASA_NTRS_Archive_19930081351	https://archive.org/download/NASA_NTRS_Archive_19930081351/NASA_NTRS_Archive_19930081351_djvu.txt	?	-
NASA_NTRS_Archive_19930081352	https://archive.org/download/NASA_NTRS_Archive_19930081352/NASA_NTRS_Archive_19930081352_djvu.txt	?	-
NASA_NTRS_Archive_19930081353	https://archive.org/download/NASA_NTRS_Archive_19930081353/NASA_NTRS_Archive_19930081353_djvu.txt	?	-
NASA_NTRS_Archive_19930081354	https://archive.org/download/NASA_NTRS_Archive_19930081354/NASA_NTRS_Archive_19930081354_djvu.txt	?	-
NASA_NTRS_Archive_19930081355	https://archive.org/download/NASA_NTRS_Archive_19930081355/NASA_NTRS_Archive_19930081355_djvu.txt	?	-
NASA_NTRS_Archive_19930081356	https://archive.org/download/NASA_NTRS_Archive_19930081356/NASA_NTRS_Archive_19930081356_djvu.txt	?	-
NASA_NTRS_Archive_19930081357	https://archive.org/download/NASA_NTRS_Archive_19930081357/NASA_NTRS_Archive_19930081357_djvu.txt	?	-
NASA_NTRS_Archive_19930081358	https://archive.org/download/NASA_NTRS_Archive_19930081358/NASA_NTRS_Archive_19930081358_djvu.txt	?	-
NASA_NTRS_Archive_19930081359	https://archive.org/download/NASA_NTRS_Archive_19930081359/NASA_NTRS_Archive_19930081359_djvu.txt	?	-
NASA_NTRS_Archive_19930081360	https://archive.org/download/NASA_NTRS_Archive_19930081360/NASA_NTRS_Archive_19930081360_djvu.txt	?	-
NASA_NTRS_Archive_19930081361	https://archive.org/download/NASA_NTRS_Archive_19930081361/NASA_NTRS_Archive_19930081361_djvu.txt	?	-
NASA_NTRS_Archive_19930081364	https://archive.org/download/NASA_NTRS_Archive_19930081364/NASA_NTRS_Archive_19930081364_djvu.txt	?	-
NASA_NTRS_Archive_19930081365	https://archive.org/download/NASA_NTRS_Archive_19930081365/NASA_NTRS_Archive_19930081365_djvu.txt	?	-
NASA_NTRS_Archive_19930081366	https://archive.org/download/NASA_NTRS_Archive_19930081366/NASA_NTRS_Archive_19930081366_djvu.txt	?	-
NASA_NTRS_Archive_19930081367	https://archive.org/download/NASA_NTRS_Archive_19930081367/NASA_NTRS_Archive_19930081367_djvu.txt	?	-
NASA_NTRS_Archive_19930081368	https://archive.org/download/NASA_NTRS_Archive_19930081368/NASA_NTRS_Archive_19930081368_djvu.txt	?	-
NASA_NTRS_Archive_19930081369	https://archive.org/download/NASA_NTRS_Archive_19930081369/NASA_NTRS_Archive_19930081369_djvu.txt	?	-
NASA_NTRS_Archive_19930081370	https://archive.org/download/NASA_NTRS_Archive_19930081370/NASA_NTRS_Archive_19930081370_djvu.txt	?	-
NASA_NTRS_Archive_19930081371	https://archive.org/download/NASA_NTRS_Archive_19930081371/NASA_NTRS_Archive_19930081371_djvu.txt	?	-
NASA_NTRS_Archive_19930081372	https://archive.org/download/NASA_NTRS_Archive_19930081372/NASA_NTRS_Archive_19930081372_djvu.txt	?	-
NASA_NTRS_Archive_19930081373	https://archive.org/download/NASA_NTRS_Archive_19930081373/NASA_NTRS_Archive_19930081373_djvu.txt	?	-
NASA_NTRS_Archive_19930081374	https://archive.org/download/NASA_NTRS_Archive_19930081374/NASA_NTRS_Archive_19930081374_djvu.txt	?	-
NASA_NTRS_Archive_19930081375	https://archive.org/download/NASA_NTRS_Archive_19930081375/NASA_NTRS_Archive_19930081375_djvu.txt	?	-
NASA_NTRS_Archive_19930081376	https://archive.org/download/NASA_NTRS_Archive_19930081376/NASA_NTRS_Archive_19930081376_djvu.txt	?	-
NASA_NTRS_Archive_19930081377	https://archive.org/download/NASA_NTRS_Archive_19930081377/NASA_NTRS_Archive_19930081377_djvu.txt	?	-
NASA_NTRS_Archive_19930081378	https://archive.org/download/NASA_NTRS_Archive_19930081378/NASA_NTRS_Archive_19930081378_djvu.txt	?	-
NASA_NTRS_Archive_19930081379	https://archive.org/download/NASA_NTRS_Archive_19930081379/NASA_NTRS_Archive_19930081379_djvu.txt	?	-
NASA_NTRS_Archive_19930081380	https://archive.org/download/NASA_NTRS_Archive_19930081380/NASA_NTRS_Archive_19930081380_djvu.txt	?	-
NASA_NTRS_Archive_19930081381	https://archive.org/download/NASA_NTRS_Archive_19930081381/NASA_NTRS_Archive_19930081381_djvu.txt	?	-
NASA_NTRS_Archive_19930081382	https://archive.org/download/NASA_NTRS_Archive_19930081382/NASA_NTRS_Archive_19930081382_djvu.txt	?	-
NASA_NTRS_Archive_19930081383	https://archive.org/download/NASA_NTRS_Archive_19930081383/NASA_NTRS_Archive_19930081383_djvu.txt	?	-
NASA_NTRS_Archive_19930081384	https://archive.org/download/NASA_NTRS_Archive_19930081384/NASA_NTRS_Archive_19930081384_djvu.txt	?	-
NASA_NTRS_Archive_19930081385	https://archive.org/download/NASA_NTRS_Archive_19930081385/NASA_NTRS_Archive_19930081385_djvu.txt	?	-
NASA_NTRS_Archive_19930081386	https://archive.org/download/NASA_NTRS_Archive_19930081386/NASA_NTRS_Archive_19930081386_djvu.txt	?	-
NASA_NTRS_Archive_19930081387	https://archive.org/download/NASA_NTRS_Archive_19930081387/NASA_NTRS_Archive_19930081387_djvu.txt	?	-
NASA_NTRS_Archive_19930081388	https://archive.org/download/NASA_NTRS_Archive_19930081388/NASA_NTRS_Archive_19930081388_djvu.txt	?	-
NASA_NTRS_Archive_19930081389	https://archive.org/download/NASA_NTRS_Archive_19930081389/NASA_NTRS_Archive_19930081389_djvu.txt	?	-
NASA_NTRS_Archive_19930081390	https://archive.org/download/NASA_NTRS_Archive_19930081390/NASA_NTRS_Archive_19930081390_djvu.txt	?	-
NASA_NTRS_Archive_19930081391	https://archive.org/download/NASA_NTRS_Archive_19930081391/NASA_NTRS_Archive_19930081391_djvu.txt	?	-
NASA_NTRS_Archive_19930081392	https://archive.org/download/NASA_NTRS_Archive_19930081392/NASA_NTRS_Archive_19930081392_djvu.txt	?	-
NASA_NTRS_Archive_19930081393	https://archive.org/download/NASA_NTRS_Archive_19930081393/NASA_NTRS_Archive_19930081393_djvu.txt	?	-
NASA_NTRS_Archive_19930081394	https://archive.org/download/NASA_NTRS_Archive_19930081394/NASA_NTRS_Archive_19930081394_djvu.txt	?	-
NASA_NTRS_Archive_19930081395	https://archive.org/download/NASA_NTRS_Archive_19930081395/NASA_NTRS_Archive_19930081395_djvu.txt	?	-
NASA_NTRS_Archive_19930081396	https://archive.org/download/NASA_NTRS_Archive_19930081396/NASA_NTRS_Archive_19930081396_djvu.txt	?	-
NASA_NTRS_Archive_19930081397	https://archive.org/download/NASA_NTRS_Archive_19930081397/NASA_NTRS_Archive_19930081397_djvu.txt	?	-
NASA_NTRS_Archive_19930081398	https://archive.org/download/NASA_NTRS_Archive_19930081398/NASA_NTRS_Archive_19930081398_djvu.txt	?	-
NASA_NTRS_Archive_19930081399	https://archive.org/download/NASA_NTRS_Archive_19930081399/NASA_NTRS_Archive_19930081399_djvu.txt	?	-
NASA_NTRS_Archive_19930081400	https://archive.org/download/NASA_NTRS_Archive_19930081400/NASA_NTRS_Archive_19930081400_djvu.txt	?	-
NASA_NTRS_Archive_19930081401	https://archive.org/download/NASA_NTRS_Archive_19930081401/NASA_NTRS_Archive_19930081401_djvu.txt	?	-
NASA_NTRS_Archive_19930081402	https://archive.org/download/NASA_NTRS_Archive_19930081402/NASA_NTRS_Archive_19930081402_djvu.txt	?	-
NASA_NTRS_Archive_19930081403	https://archive.org/download/NASA_NTRS_Archive_19930081403/NASA_NTRS_Archive_19930081403_djvu.txt	?	-
NASA_NTRS_Archive_19930081404	https://archive.org/download/NASA_NTRS_Archive_19930081404/NASA_NTRS_Archive_19930081404_djvu.txt	?	-
NASA_NTRS_Archive_19930081405	https://archive.org/download/NASA_NTRS_Archive_19930081405/NASA_NTRS_Archive_19930081405_djvu.txt	?	-
NASA_NTRS_Archive_19930081406	https://archive.org/download/NASA_NTRS_Archive_19930081406/NASA_NTRS_Archive_19930081406_djvu.txt	?	-
NASA_NTRS_Archive_19930081407	https://archive.org/download/NASA_NTRS_Archive_19930081407/NASA_NTRS_Archive_19930081407_djvu.txt	?	-
NASA_NTRS_Archive_19930081408	https://archive.org/download/NASA_NTRS_Archive_19930081408/NASA_NTRS_Archive_19930081408_djvu.txt	?	-
NASA_NTRS_Archive_19930081409	https://archive.org/download/NASA_NTRS_Archive_19930081409/NASA_NTRS_Archive_19930081409_djvu.txt	?	-
NASA_NTRS_Archive_19930081410	https://archive.org/download/NASA_NTRS_Archive_19930081410/NASA_NTRS_Archive_19930081410_djvu.txt	?	-
NASA_NTRS_Archive_19930081411	https://archive.org/download/NASA_NTRS_Archive_19930081411/NASA_NTRS_Archive_19930081411_djvu.txt	?	-
NASA_NTRS_Archive_19930081412	https://archive.org/download/NASA_NTRS_Archive_19930081412/NASA_NTRS_Archive_19930081412_djvu.txt	?	-
NASA_NTRS_Archive_19930081413	https://archive.org/download/NASA_NTRS_Archive_19930081413/NASA_NTRS_Archive_19930081413_djvu.txt	?	-
NASA_NTRS_Archive_19930081414	https://archive.org/download/NASA_NTRS_Archive_19930081414/NASA_NTRS_Archive_19930081414_djvu.txt	?	-
NASA_NTRS_Archive_19930081415	https://archive.org/download/NASA_NTRS_Archive_19930081415/NASA_NTRS_Archive_19930081415_djvu.txt	?	-
NASA_NTRS_Archive_19930081416	https://archive.org/download/NASA_NTRS_Archive_19930081416/NASA_NTRS_Archive_19930081416_djvu.txt	?	-
NASA_NTRS_Archive_19930081417	https://archive.org/download/NASA_NTRS_Archive_19930081417/NASA_NTRS_Archive_19930081417_djvu.txt	?	-
NASA_NTRS_Archive_19930081418	https://archive.org/download/NASA_NTRS_Archive_19930081418/NASA_NTRS_Archive_19930081418_djvu.txt	?	-
NASA_NTRS_Archive_19930081419	https://archive.org/download/NASA_NTRS_Archive_19930081419/NASA_NTRS_Archive_19930081419_djvu.txt	?	-
NASA_NTRS_Archive_19930081420	https://archive.org/download/NASA_NTRS_Archive_19930081420/NASA_NTRS_Archive_19930081420_djvu.txt	?	-
NASA_NTRS_Archive_19930081421	https://archive.org/download/NASA_NTRS_Archive_19930081421/NASA_NTRS_Archive_19930081421_djvu.txt	?	-
NASA_NTRS_Archive_19930081422	https://archive.org/download/NASA_NTRS_Archive_19930081422/NASA_NTRS_Archive_19930081422_djvu.txt	?	-
NASA_NTRS_Archive_19930081423	https://archive.org/download/NASA_NTRS_Archive_19930081423/NASA_NTRS_Archive_19930081423_djvu.txt	?	-
NASA_NTRS_Archive_19930081425	https://archive.org/download/NASA_NTRS_Archive_19930081425/NASA_NTRS_Archive_19930081425_djvu.txt	?	-
NASA_NTRS_Archive_19930081427	https://archive.org/download/NASA_NTRS_Archive_19930081427/NASA_NTRS_Archive_19930081427_djvu.txt	?	-
NASA_NTRS_Archive_19930081428	https://archive.org/download/NASA_NTRS_Archive_19930081428/NASA_NTRS_Archive_19930081428_djvu.txt	?	-
NASA_NTRS_Archive_19930081429	https://archive.org/download/NASA_NTRS_Archive_19930081429/NASA_NTRS_Archive_19930081429_djvu.txt	?	-
NASA_NTRS_Archive_19930081430	https://archive.org/download/NASA_NTRS_Archive_19930081430/NASA_NTRS_Archive_19930081430_djvu.txt	?	-
NASA_NTRS_Archive_19930081432	https://archive.org/download/NASA_NTRS_Archive_19930081432/NASA_NTRS_Archive_19930081432_djvu.txt	?	-
NASA_NTRS_Archive_19930081433	https://archive.org/download/NASA_NTRS_Archive_19930081433/NASA_NTRS_Archive_19930081433_djvu.txt	?	-
NASA_NTRS_Archive_19930081435	https://archive.org/download/NASA_NTRS_Archive_19930081435/NASA_NTRS_Archive_19930081435_djvu.txt	?	-
NASA_NTRS_Archive_19930081437	https://archive.org/download/NASA_NTRS_Archive_19930081437/NASA_NTRS_Archive_19930081437_djvu.txt	?	-
NASA_NTRS_Archive_19930081438	https://archive.org/download/NASA_NTRS_Archive_19930081438/NASA_NTRS_Archive_19930081438_djvu.txt	?	-
NASA_NTRS_Archive_19930081439	https://archive.org/download/NASA_NTRS_Archive_19930081439/NASA_NTRS_Archive_19930081439_djvu.txt	?	-
NASA_NTRS_Archive_19930081440	https://archive.org/download/NASA_NTRS_Archive_19930081440/NASA_NTRS_Archive_19930081440_djvu.txt	?	-
NASA_NTRS_Archive_19930081441	https://archive.org/download/NASA_NTRS_Archive_19930081441/NASA_NTRS_Archive_19930081441_djvu.txt	?	-
NASA_NTRS_Archive_19930081442	https://archive.org/download/NASA_NTRS_Archive_19930081442/NASA_NTRS_Archive_19930081442_djvu.txt	?	-
NASA_NTRS_Archive_19930081444	https://archive.org/download/NASA_NTRS_Archive_19930081444/NASA_NTRS_Archive_19930081444_djvu.txt	?	-
NASA_NTRS_Archive_19930081445	https://archive.org/download/NASA_NTRS_Archive_19930081445/NASA_NTRS_Archive_19930081445_djvu.txt	?	-
NASA_NTRS_Archive_19930081446	https://archive.org/download/NASA_NTRS_Archive_19930081446/NASA_NTRS_Archive_19930081446_djvu.txt	?	-
NASA_NTRS_Archive_19930081447	https://archive.org/download/NASA_NTRS_Archive_19930081447/NASA_NTRS_Archive_19930081447_djvu.txt	?	-
NASA_NTRS_Archive_19930081450	https://archive.org/download/NASA_NTRS_Archive_19930081450/NASA_NTRS_Archive_19930081450_djvu.txt	?	-
NASA_NTRS_Archive_19930081451	https://archive.org/download/NASA_NTRS_Archive_19930081451/NASA_NTRS_Archive_19930081451_djvu.txt	?	-
NASA_NTRS_Archive_19930081452	https://archive.org/download/NASA_NTRS_Archive_19930081452/NASA_NTRS_Archive_19930081452_djvu.txt	?	-
NASA_NTRS_Archive_19930081454	https://archive.org/download/NASA_NTRS_Archive_19930081454/NASA_NTRS_Archive_19930081454_djvu.txt	?	-
NASA_NTRS_Archive_19930081456	https://archive.org/download/NASA_NTRS_Archive_19930081456/NASA_NTRS_Archive_19930081456_djvu.txt	?	-
NASA_NTRS_Archive_19930081457	https://archive.org/download/NASA_NTRS_Archive_19930081457/NASA_NTRS_Archive_19930081457_djvu.txt	?	-
NASA_NTRS_Archive_19930081459	https://archive.org/download/NASA_NTRS_Archive_19930081459/NASA_NTRS_Archive_19930081459_djvu.txt	?	-
NASA_NTRS_Archive_19930081460	https://archive.org/download/NASA_NTRS_Archive_19930081460/NASA_NTRS_Archive_19930081460_djvu.txt	?	-
NASA_NTRS_Archive_19930081462	https://archive.org/download/NASA_NTRS_Archive_19930081462/NASA_NTRS_Archive_19930081462_djvu.txt	?	-
NASA_NTRS_Archive_19930081463	https://archive.org/download/NASA_NTRS_Archive_19930081463/NASA_NTRS_Archive_19930081463_djvu.txt	?	-
NASA_NTRS_Archive_19930081465	https://archive.org/download/NASA_NTRS_Archive_19930081465/NASA_NTRS_Archive_19930081465_djvu.txt	?	-
NASA_NTRS_Archive_19930081466	https://archive.org/download/NASA_NTRS_Archive_19930081466/NASA_NTRS_Archive_19930081466_djvu.txt	?	-
NASA_NTRS_Archive_19930081467	https://archive.org/download/NASA_NTRS_Archive_19930081467/NASA_NTRS_Archive_19930081467_djvu.txt	?	-
NASA_NTRS_Archive_19930081469	https://archive.org/download/NASA_NTRS_Archive_19930081469/NASA_NTRS_Archive_19930081469_djvu.txt	?	-
NASA_NTRS_Archive_19930081471	https://archive.org/download/NASA_NTRS_Archive_19930081471/NASA_NTRS_Archive_19930081471_djvu.txt	?	-
NASA_NTRS_Archive_19930081472	https://archive.org/download/NASA_NTRS_Archive_19930081472/NASA_NTRS_Archive_19930081472_djvu.txt	?	-
NASA_NTRS_Archive_19930081474	https://archive.org/download/NASA_NTRS_Archive_19930081474/NASA_NTRS_Archive_19930081474_djvu.txt	?	-
NASA_NTRS_Archive_19930081475	https://archive.org/download/NASA_NTRS_Archive_19930081475/NASA_NTRS_Archive_19930081475_djvu.txt	?	-
NASA_NTRS_Archive_19930081476	https://archive.org/download/NASA_NTRS_Archive_19930081476/NASA_NTRS_Archive_19930081476_djvu.txt	?	-
NASA_NTRS_Archive_19930081478	https://archive.org/download/NASA_NTRS_Archive_19930081478/NASA_NTRS_Archive_19930081478_djvu.txt	?	-
NASA_NTRS_Archive_19930081479	https://archive.org/download/NASA_NTRS_Archive_19930081479/NASA_NTRS_Archive_19930081479_djvu.txt	?	-
NASA_NTRS_Archive_19930081480	https://archive.org/download/NASA_NTRS_Archive_19930081480/NASA_NTRS_Archive_19930081480_djvu.txt	?	-
NASA_NTRS_Archive_19930081481	https://archive.org/download/NASA_NTRS_Archive_19930081481/NASA_NTRS_Archive_19930081481_djvu.txt	?	-
NASA_NTRS_Archive_19930081486	https://archive.org/download/NASA_NTRS_Archive_19930081486/NASA_NTRS_Archive_19930081486_djvu.txt	?	-
NASA_NTRS_Archive_19930081487	https://archive.org/download/NASA_NTRS_Archive_19930081487/NASA_NTRS_Archive_19930081487_djvu.txt	?	-
NASA_NTRS_Archive_19930081488	https://archive.org/download/NASA_NTRS_Archive_19930081488/NASA_NTRS_Archive_19930081488_djvu.txt	?	-
NASA_NTRS_Archive_19930081490	https://archive.org/download/NASA_NTRS_Archive_19930081490/NASA_NTRS_Archive_19930081490_djvu.txt	?	-
NASA_NTRS_Archive_19930081493	https://archive.org/download/NASA_NTRS_Archive_19930081493/NASA_NTRS_Archive_19930081493_djvu.txt	?	-
NASA_NTRS_Archive_19930081495	https://archive.org/download/NASA_NTRS_Archive_19930081495/NASA_NTRS_Archive_19930081495_djvu.txt	?	-
NASA_NTRS_Archive_19930081499	https://archive.org/download/NASA_NTRS_Archive_19930081499/NASA_NTRS_Archive_19930081499_djvu.txt	?	-
NASA_NTRS_Archive_19930081502	https://archive.org/download/NASA_NTRS_Archive_19930081502/NASA_NTRS_Archive_19930081502_djvu.txt	?	-
NASA_NTRS_Archive_19930081504	https://archive.org/download/NASA_NTRS_Archive_19930081504/NASA_NTRS_Archive_19930081504_djvu.txt	?	-
NASA_NTRS_Archive_19930081507	https://archive.org/download/NASA_NTRS_Archive_19930081507/NASA_NTRS_Archive_19930081507_djvu.txt	?	-
NASA_NTRS_Archive_19930081509	https://archive.org/download/NASA_NTRS_Archive_19930081509/NASA_NTRS_Archive_19930081509_djvu.txt	?	-
NASA_NTRS_Archive_19930081511	https://archive.org/download/NASA_NTRS_Archive_19930081511/NASA_NTRS_Archive_19930081511_djvu.txt	?	-
NASA_NTRS_Archive_19930081519	https://archive.org/download/NASA_NTRS_Archive_19930081519/NASA_NTRS_Archive_19930081519_djvu.txt	?	-
NASA_NTRS_Archive_19930081522	https://archive.org/download/NASA_NTRS_Archive_19930081522/NASA_NTRS_Archive_19930081522_djvu.txt	?	-
NASA_NTRS_Archive_19930081529	https://archive.org/download/NASA_NTRS_Archive_19930081529/NASA_NTRS_Archive_19930081529_djvu.txt	?	-
NASA_NTRS_Archive_19930081531	https://archive.org/download/NASA_NTRS_Archive_19930081531/NASA_NTRS_Archive_19930081531_djvu.txt	?	-
NASA_NTRS_Archive_19930081536	https://archive.org/download/NASA_NTRS_Archive_19930081536/NASA_NTRS_Archive_19930081536_djvu.txt	?	-
NASA_NTRS_Archive_19930082537	https://archive.org/download/NASA_NTRS_Archive_19930082537/NASA_NTRS_Archive_19930082537_djvu.txt	?	-
NASA_NTRS_Archive_19930082538	https://archive.org/download/NASA_NTRS_Archive_19930082538/NASA_NTRS_Archive_19930082538_djvu.txt	?	-
NASA_NTRS_Archive_19930082539	https://archive.org/download/NASA_NTRS_Archive_19930082539/NASA_NTRS_Archive_19930082539_djvu.txt	?	-
NASA_NTRS_Archive_19930082549	https://archive.org/download/NASA_NTRS_Archive_19930082549/NASA_NTRS_Archive_19930082549_djvu.txt	?	-
NASA_NTRS_Archive_19930082558	https://archive.org/download/NASA_NTRS_Archive_19930082558/NASA_NTRS_Archive_19930082558_djvu.txt	?	-
NASA_NTRS_Archive_19930082567	https://archive.org/download/NASA_NTRS_Archive_19930082567/NASA_NTRS_Archive_19930082567_djvu.txt	?	-
NASA_NTRS_Archive_19930082572	https://archive.org/download/NASA_NTRS_Archive_19930082572/NASA_NTRS_Archive_19930082572_djvu.txt	?	-
NASA_NTRS_Archive_19930082579	https://archive.org/download/NASA_NTRS_Archive_19930082579/NASA_NTRS_Archive_19930082579_djvu.txt	?	-
NASA_NTRS_Archive_19930082581	https://archive.org/download/NASA_NTRS_Archive_19930082581/NASA_NTRS_Archive_19930082581_djvu.txt	?	-
NASA_NTRS_Archive_19930082647	https://archive.org/download/NASA_NTRS_Archive_19930082647/NASA_NTRS_Archive_19930082647_djvu.txt	?	-
NASA_NTRS_Archive_19930082648	https://archive.org/download/NASA_NTRS_Archive_19930082648/NASA_NTRS_Archive_19930082648_djvu.txt	?	-
NASA_NTRS_Archive_19930082649	https://archive.org/download/NASA_NTRS_Archive_19930082649/NASA_NTRS_Archive_19930082649_djvu.txt	?	-
NASA_NTRS_Archive_19930082650	https://archive.org/download/NASA_NTRS_Archive_19930082650/NASA_NTRS_Archive_19930082650_djvu.txt	?	-
NASA_NTRS_Archive_19930082651	https://archive.org/download/NASA_NTRS_Archive_19930082651/NASA_NTRS_Archive_19930082651_djvu.txt	?	-
NASA_NTRS_Archive_19930082652	https://archive.org/download/NASA_NTRS_Archive_19930082652/NASA_NTRS_Archive_19930082652_djvu.txt	?	-
NASA_NTRS_Archive_19930082653	https://archive.org/download/NASA_NTRS_Archive_19930082653/NASA_NTRS_Archive_19930082653_djvu.txt	?	-
NASA_NTRS_Archive_19930082654	https://archive.org/download/NASA_NTRS_Archive_19930082654/NASA_NTRS_Archive_19930082654_djvu.txt	?	-
NASA_NTRS_Archive_19930082655	https://archive.org/download/NASA_NTRS_Archive_19930082655/NASA_NTRS_Archive_19930082655_djvu.txt	?	-
NASA_NTRS_Archive_19930082656	https://archive.org/download/NASA_NTRS_Archive_19930082656/NASA_NTRS_Archive_19930082656_djvu.txt	?	-
NASA_NTRS_Archive_19930082657	https://archive.org/download/NASA_NTRS_Archive_19930082657/NASA_NTRS_Archive_19930082657_djvu.txt	?	-
NASA_NTRS_Archive_19930082658	https://archive.org/download/NASA_NTRS_Archive_19930082658/NASA_NTRS_Archive_19930082658_djvu.txt	?	-
NASA_NTRS_Archive_19930082659	https://archive.org/download/NASA_NTRS_Archive_19930082659/NASA_NTRS_Archive_19930082659_djvu.txt	?	-
NASA_NTRS_Archive_19930082660	https://archive.org/download/NASA_NTRS_Archive_19930082660/NASA_NTRS_Archive_19930082660_djvu.txt	?	-
NASA_NTRS_Archive_19930082995	https://archive.org/download/NASA_NTRS_Archive_19930082995/NASA_NTRS_Archive_19930082995_djvu.txt	?	-
NASA_NTRS_Archive_19930083000	https://archive.org/download/NASA_NTRS_Archive_19930083000/NASA_NTRS_Archive_19930083000_djvu.txt	?	-
NASA_NTRS_Archive_19930083014	https://archive.org/download/NASA_NTRS_Archive_19930083014/NASA_NTRS_Archive_19930083014_djvu.txt	?	-
NASA_NTRS_Archive_19930083017	https://archive.org/download/NASA_NTRS_Archive_19930083017/NASA_NTRS_Archive_19930083017_djvu.txt	?	-
NASA_NTRS_Archive_19930083025	https://archive.org/download/NASA_NTRS_Archive_19930083025/NASA_NTRS_Archive_19930083025_djvu.txt	?	-
NASA_NTRS_Archive_19930083027	https://archive.org/download/NASA_NTRS_Archive_19930083027/NASA_NTRS_Archive_19930083027_djvu.txt	?	-
NASA_NTRS_Archive_19930083029	https://archive.org/download/NASA_NTRS_Archive_19930083029/NASA_NTRS_Archive_19930083029_djvu.txt	?	-
NASA_NTRS_Archive_19930083030	https://archive.org/download/NASA_NTRS_Archive_19930083030/NASA_NTRS_Archive_19930083030_djvu.txt	?	-
NASA_NTRS_Archive_19930083031	https://archive.org/download/NASA_NTRS_Archive_19930083031/NASA_NTRS_Archive_19930083031_djvu.txt	?	-
NASA_NTRS_Archive_19930083032	https://archive.org/download/NASA_NTRS_Archive_19930083032/NASA_NTRS_Archive_19930083032_djvu.txt	?	-
NASA_NTRS_Archive_19930083033	https://archive.org/download/NASA_NTRS_Archive_19930083033/NASA_NTRS_Archive_19930083033_djvu.txt	?	-
NASA_NTRS_Archive_19930083034	https://archive.org/download/NASA_NTRS_Archive_19930083034/NASA_NTRS_Archive_19930083034_djvu.txt	?	-
NASA_NTRS_Archive_19930083035	https://archive.org/download/NASA_NTRS_Archive_19930083035/NASA_NTRS_Archive_19930083035_djvu.txt	?	-
NASA_NTRS_Archive_19930083037	https://archive.org/download/NASA_NTRS_Archive_19930083037/NASA_NTRS_Archive_19930083037_djvu.txt	?	-
NASA_NTRS_Archive_19930083038	https://archive.org/download/NASA_NTRS_Archive_19930083038/NASA_NTRS_Archive_19930083038_djvu.txt	?	-
NASA_NTRS_Archive_19930083042	https://archive.org/download/NASA_NTRS_Archive_19930083042/NASA_NTRS_Archive_19930083042_djvu.txt	?	-
NASA_NTRS_Archive_19930083046	https://archive.org/download/NASA_NTRS_Archive_19930083046/NASA_NTRS_Archive_19930083046_djvu.txt	?	-
NASA_NTRS_Archive_19930083064	https://archive.org/download/NASA_NTRS_Archive_19930083064/NASA_NTRS_Archive_19930083064_djvu.txt	?	-
NASA_NTRS_Archive_19930083066	https://archive.org/download/NASA_NTRS_Archive_19930083066/NASA_NTRS_Archive_19930083066_djvu.txt	?	-
NASA_NTRS_Archive_19930083070	https://archive.org/download/NASA_NTRS_Archive_19930083070/NASA_NTRS_Archive_19930083070_djvu.txt	?	-
NASA_NTRS_Archive_19930083071	https://archive.org/download/NASA_NTRS_Archive_19930083071/NASA_NTRS_Archive_19930083071_djvu.txt	?	-
NASA_NTRS_Archive_19930083092	https://archive.org/download/NASA_NTRS_Archive_19930083092/NASA_NTRS_Archive_19930083092_djvu.txt	?	-
NASA_NTRS_Archive_19930083139	https://archive.org/download/NASA_NTRS_Archive_19930083139/NASA_NTRS_Archive_19930083139_djvu.txt	?	-
NASA_NTRS_Archive_19930083141	https://archive.org/download/NASA_NTRS_Archive_19930083141/NASA_NTRS_Archive_19930083141_djvu.txt	?	-
NASA_NTRS_Archive_19930083143	https://archive.org/download/NASA_NTRS_Archive_19930083143/NASA_NTRS_Archive_19930083143_djvu.txt	?	-
NASA_NTRS_Archive_19930083144	https://archive.org/download/NASA_NTRS_Archive_19930083144/NASA_NTRS_Archive_19930083144_djvu.txt	?	-
NASA_NTRS_Archive_19930083145	https://archive.org/download/NASA_NTRS_Archive_19930083145/NASA_NTRS_Archive_19930083145_djvu.txt	?	-
NASA_NTRS_Archive_19930083146	https://archive.org/download/NASA_NTRS_Archive_19930083146/NASA_NTRS_Archive_19930083146_djvu.txt	?	-
NASA_NTRS_Archive_19930083147	https://archive.org/download/NASA_NTRS_Archive_19930083147/NASA_NTRS_Archive_19930083147_djvu.txt	?	-
NASA_NTRS_Archive_19930083148	https://archive.org/download/NASA_NTRS_Archive_19930083148/NASA_NTRS_Archive_19930083148_djvu.txt	?	-
NASA_NTRS_Archive_19930083150	https://archive.org/download/NASA_NTRS_Archive_19930083150/NASA_NTRS_Archive_19930083150_djvu.txt	?	-
NASA_NTRS_Archive_19930083152	https://archive.org/download/NASA_NTRS_Archive_19930083152/NASA_NTRS_Archive_19930083152_djvu.txt	?	-
NASA_NTRS_Archive_19930083156	https://archive.org/download/NASA_NTRS_Archive_19930083156/NASA_NTRS_Archive_19930083156_djvu.txt	?	-
NASA_NTRS_Archive_19930083160	https://archive.org/download/NASA_NTRS_Archive_19930083160/NASA_NTRS_Archive_19930083160_djvu.txt	?	-
NASA_NTRS_Archive_19930083162	https://archive.org/download/NASA_NTRS_Archive_19930083162/NASA_NTRS_Archive_19930083162_djvu.txt	?	-
NASA_NTRS_Archive_19930083163	https://archive.org/download/NASA_NTRS_Archive_19930083163/NASA_NTRS_Archive_19930083163_djvu.txt	?	-
NASA_NTRS_Archive_19930083165	https://archive.org/download/NASA_NTRS_Archive_19930083165/NASA_NTRS_Archive_19930083165_djvu.txt	?	-
NASA_NTRS_Archive_19930083167	https://archive.org/download/NASA_NTRS_Archive_19930083167/NASA_NTRS_Archive_19930083167_djvu.txt	?	-
NASA_NTRS_Archive_19930083360	https://archive.org/download/NASA_NTRS_Archive_19930083360/NASA_NTRS_Archive_19930083360_djvu.txt	?	-
NASA_NTRS_Archive_19930083366	https://archive.org/download/NASA_NTRS_Archive_19930083366/NASA_NTRS_Archive_19930083366_djvu.txt	?	-
NASA_NTRS_Archive_19930083370	https://archive.org/download/NASA_NTRS_Archive_19930083370/NASA_NTRS_Archive_19930083370_djvu.txt	?	-
NASA_NTRS_Archive_19930083372	https://archive.org/download/NASA_NTRS_Archive_19930083372/NASA_NTRS_Archive_19930083372_djvu.txt	?	-
NASA_NTRS_Archive_19930083375	https://archive.org/download/NASA_NTRS_Archive_19930083375/NASA_NTRS_Archive_19930083375_djvu.txt	?	-
NASA_NTRS_Archive_19930083378	https://archive.org/download/NASA_NTRS_Archive_19930083378/NASA_NTRS_Archive_19930083378_djvu.txt	?	-
NASA_NTRS_Archive_19930083380	https://archive.org/download/NASA_NTRS_Archive_19930083380/NASA_NTRS_Archive_19930083380_djvu.txt	?	-
NASA_NTRS_Archive_19930083383	https://archive.org/download/NASA_NTRS_Archive_19930083383/NASA_NTRS_Archive_19930083383_djvu.txt	?	-
NASA_NTRS_Archive_19930083385	https://archive.org/download/NASA_NTRS_Archive_19930083385/NASA_NTRS_Archive_19930083385_djvu.txt	?	-
NASA_NTRS_Archive_19930083388	https://archive.org/download/NASA_NTRS_Archive_19930083388/NASA_NTRS_Archive_19930083388_djvu.txt	?	-
NASA_NTRS_Archive_19930083389	https://archive.org/download/NASA_NTRS_Archive_19930083389/NASA_NTRS_Archive_19930083389_djvu.txt	?	-
NASA_NTRS_Archive_19930083390	https://archive.org/download/NASA_NTRS_Archive_19930083390/NASA_NTRS_Archive_19930083390_djvu.txt	?	-
NASA_NTRS_Archive_19930083392	https://archive.org/download/NASA_NTRS_Archive_19930083392/NASA_NTRS_Archive_19930083392_djvu.txt	?	-
NASA_NTRS_Archive_19930083393	https://archive.org/download/NASA_NTRS_Archive_19930083393/NASA_NTRS_Archive_19930083393_djvu.txt	?	-
NASA_NTRS_Archive_19930083394	https://archive.org/download/NASA_NTRS_Archive_19930083394/NASA_NTRS_Archive_19930083394_djvu.txt	?	-
NASA_NTRS_Archive_19930083395	https://archive.org/download/NASA_NTRS_Archive_19930083395/NASA_NTRS_Archive_19930083395_djvu.txt	?	-
NASA_NTRS_Archive_19930083396	https://archive.org/download/NASA_NTRS_Archive_19930083396/NASA_NTRS_Archive_19930083396_djvu.txt	?	-
NASA_NTRS_Archive_19930083399	https://archive.org/download/NASA_NTRS_Archive_19930083399/NASA_NTRS_Archive_19930083399_djvu.txt	?	-
NASA_NTRS_Archive_19930083401	https://archive.org/download/NASA_NTRS_Archive_19930083401/NASA_NTRS_Archive_19930083401_djvu.txt	?	-
NASA_NTRS_Archive_19930083402	https://archive.org/download/NASA_NTRS_Archive_19930083402/NASA_NTRS_Archive_19930083402_djvu.txt	?	-
NASA_NTRS_Archive_19930083403	https://archive.org/download/NASA_NTRS_Archive_19930083403/NASA_NTRS_Archive_19930083403_djvu.txt	?	-
NASA_NTRS_Archive_19930083875	https://archive.org/download/NASA_NTRS_Archive_19930083875/NASA_NTRS_Archive_19930083875_djvu.txt	?	-
NASA_NTRS_Archive_19930083879	https://archive.org/download/NASA_NTRS_Archive_19930083879/NASA_NTRS_Archive_19930083879_djvu.txt	?	-
NASA_NTRS_Archive_19930083882	https://archive.org/download/NASA_NTRS_Archive_19930083882/NASA_NTRS_Archive_19930083882_djvu.txt	?	-
NASA_NTRS_Archive_19930083907	https://archive.org/download/NASA_NTRS_Archive_19930083907/NASA_NTRS_Archive_19930083907_djvu.txt	?	-
NASA_NTRS_Archive_19930083919	https://archive.org/download/NASA_NTRS_Archive_19930083919/NASA_NTRS_Archive_19930083919_djvu.txt	?	-
NASA_NTRS_Archive_19930083929	https://archive.org/download/NASA_NTRS_Archive_19930083929/NASA_NTRS_Archive_19930083929_djvu.txt	?	-
NASA_NTRS_Archive_19930083936	https://archive.org/download/NASA_NTRS_Archive_19930083936/NASA_NTRS_Archive_19930083936_djvu.txt	?	-
NASA_NTRS_Archive_19930084027	https://archive.org/download/NASA_NTRS_Archive_19930084027/NASA_NTRS_Archive_19930084027_djvu.txt	?	-
NASA_NTRS_Archive_19930084028	https://archive.org/download/NASA_NTRS_Archive_19930084028/NASA_NTRS_Archive_19930084028_djvu.txt	?	-
NASA_NTRS_Archive_19930084029	https://archive.org/download/NASA_NTRS_Archive_19930084029/NASA_NTRS_Archive_19930084029_djvu.txt	?	-
NASA_NTRS_Archive_19930084030	https://archive.org/download/NASA_NTRS_Archive_19930084030/NASA_NTRS_Archive_19930084030_djvu.txt	?	-
NASA_NTRS_Archive_19930084031	https://archive.org/download/NASA_NTRS_Archive_19930084031/NASA_NTRS_Archive_19930084031_djvu.txt	?	-
NASA_NTRS_Archive_19930084032	https://archive.org/download/NASA_NTRS_Archive_19930084032/NASA_NTRS_Archive_19930084032_djvu.txt	?	-
NASA_NTRS_Archive_19930084033	https://archive.org/download/NASA_NTRS_Archive_19930084033/NASA_NTRS_Archive_19930084033_djvu.txt	?	-
NASA_NTRS_Archive_19930084034	https://archive.org/download/NASA_NTRS_Archive_19930084034/NASA_NTRS_Archive_19930084034_djvu.txt	?	-
NASA_NTRS_Archive_19930084036	https://archive.org/download/NASA_NTRS_Archive_19930084036/NASA_NTRS_Archive_19930084036_djvu.txt	?	-
NASA_NTRS_Archive_19930084545	https://archive.org/download/NASA_NTRS_Archive_19930084545/NASA_NTRS_Archive_19930084545_djvu.txt	?	-
NASA_NTRS_Archive_19930084559	https://archive.org/download/NASA_NTRS_Archive_19930084559/NASA_NTRS_Archive_19930084559_djvu.txt	?	-
NASA_NTRS_Archive_19930084563	https://archive.org/download/NASA_NTRS_Archive_19930084563/NASA_NTRS_Archive_19930084563_djvu.txt	?	-
NASA_NTRS_Archive_19930084575	https://archive.org/download/NASA_NTRS_Archive_19930084575/NASA_NTRS_Archive_19930084575_djvu.txt	?	-
NASA_NTRS_Archive_19930084584	https://archive.org/download/NASA_NTRS_Archive_19930084584/NASA_NTRS_Archive_19930084584_djvu.txt	?	-
NASA_NTRS_Archive_19930084585	https://archive.org/download/NASA_NTRS_Archive_19930084585/NASA_NTRS_Archive_19930084585_djvu.txt	?	-
NASA_NTRS_Archive_19930084589	https://archive.org/download/NASA_NTRS_Archive_19930084589/NASA_NTRS_Archive_19930084589_djvu.txt	?	-
NASA_NTRS_Archive_19930084591	https://archive.org/download/NASA_NTRS_Archive_19930084591/NASA_NTRS_Archive_19930084591_djvu.txt	?	-
NASA_NTRS_Archive_19930084596	https://archive.org/download/NASA_NTRS_Archive_19930084596/NASA_NTRS_Archive_19930084596_djvu.txt	?	-
NASA_NTRS_Archive_19930084599	https://archive.org/download/NASA_NTRS_Archive_19930084599/NASA_NTRS_Archive_19930084599_djvu.txt	?	-
NASA_NTRS_Archive_19930084606	https://archive.org/download/NASA_NTRS_Archive_19930084606/NASA_NTRS_Archive_19930084606_djvu.txt	?	-
NASA_NTRS_Archive_19930084621	https://archive.org/download/NASA_NTRS_Archive_19930084621/NASA_NTRS_Archive_19930084621_djvu.txt	?	-
NASA_NTRS_Archive_19930084629	https://archive.org/download/NASA_NTRS_Archive_19930084629/NASA_NTRS_Archive_19930084629_djvu.txt	?	-
NASA_NTRS_Archive_19930084635	https://archive.org/download/NASA_NTRS_Archive_19930084635/NASA_NTRS_Archive_19930084635_djvu.txt	?	-
NASA_NTRS_Archive_19930084651	https://archive.org/download/NASA_NTRS_Archive_19930084651/NASA_NTRS_Archive_19930084651_djvu.txt	?	-
NASA_NTRS_Archive_19930084658	https://archive.org/download/NASA_NTRS_Archive_19930084658/NASA_NTRS_Archive_19930084658_djvu.txt	?	-
NASA_NTRS_Archive_19930084660	https://archive.org/download/NASA_NTRS_Archive_19930084660/NASA_NTRS_Archive_19930084660_djvu.txt	?	-
NASA_NTRS_Archive_19930084666	https://archive.org/download/NASA_NTRS_Archive_19930084666/NASA_NTRS_Archive_19930084666_djvu.txt	?	-
NASA_NTRS_Archive_19930084720	https://archive.org/download/NASA_NTRS_Archive_19930084720/NASA_NTRS_Archive_19930084720_djvu.txt	?	-
NASA_NTRS_Archive_19930084736	https://archive.org/download/NASA_NTRS_Archive_19930084736/NASA_NTRS_Archive_19930084736_djvu.txt	?	-
NASA_NTRS_Archive_19930084739	https://archive.org/download/NASA_NTRS_Archive_19930084739/NASA_NTRS_Archive_19930084739_djvu.txt	?	-
NASA_NTRS_Archive_19930084749	https://archive.org/download/NASA_NTRS_Archive_19930084749/NASA_NTRS_Archive_19930084749_djvu.txt	?	-
NASA_NTRS_Archive_19930084750	https://archive.org/download/NASA_NTRS_Archive_19930084750/NASA_NTRS_Archive_19930084750_djvu.txt	?	-
NASA_NTRS_Archive_19930084752	https://archive.org/download/NASA_NTRS_Archive_19930084752/NASA_NTRS_Archive_19930084752_djvu.txt	?	-
NASA_NTRS_Archive_19930084754	https://archive.org/download/NASA_NTRS_Archive_19930084754/NASA_NTRS_Archive_19930084754_djvu.txt	?	-
NASA_NTRS_Archive_19930084765	https://archive.org/download/NASA_NTRS_Archive_19930084765/NASA_NTRS_Archive_19930084765_djvu.txt	?	-
NASA_NTRS_Archive_19930084766	https://archive.org/download/NASA_NTRS_Archive_19930084766/NASA_NTRS_Archive_19930084766_djvu.txt	?	-
NASA_NTRS_Archive_19930084767	https://archive.org/download/NASA_NTRS_Archive_19930084767/NASA_NTRS_Archive_19930084767_djvu.txt	?	-
NASA_NTRS_Archive_19930084768	https://archive.org/download/NASA_NTRS_Archive_19930084768/NASA_NTRS_Archive_19930084768_djvu.txt	?	-
NASA_NTRS_Archive_19930084769	https://archive.org/download/NASA_NTRS_Archive_19930084769/NASA_NTRS_Archive_19930084769_djvu.txt	?	-
NASA_NTRS_Archive_19930084771	https://archive.org/download/NASA_NTRS_Archive_19930084771/NASA_NTRS_Archive_19930084771_djvu.txt	?	-
NASA_NTRS_Archive_19930084772	https://archive.org/download/NASA_NTRS_Archive_19930084772/NASA_NTRS_Archive_19930084772_djvu.txt	?	-
NASA_NTRS_Archive_19930084773	https://archive.org/download/NASA_NTRS_Archive_19930084773/NASA_NTRS_Archive_19930084773_djvu.txt	?	-
NASA_NTRS_Archive_19930084774	https://archive.org/download/NASA_NTRS_Archive_19930084774/NASA_NTRS_Archive_19930084774_djvu.txt	?	-
NASA_NTRS_Archive_19930084775	https://archive.org/download/NASA_NTRS_Archive_19930084775/NASA_NTRS_Archive_19930084775_djvu.txt	?	-
NASA_NTRS_Archive_19930084781	https://archive.org/download/NASA_NTRS_Archive_19930084781/NASA_NTRS_Archive_19930084781_djvu.txt	?	-
NASA_NTRS_Archive_19930084816	https://archive.org/download/NASA_NTRS_Archive_19930084816/NASA_NTRS_Archive_19930084816_djvu.txt	?	-
NASA_NTRS_Archive_19930084824	https://archive.org/download/NASA_NTRS_Archive_19930084824/NASA_NTRS_Archive_19930084824_djvu.txt	?	-
NASA_NTRS_Archive_19930085007	https://archive.org/download/NASA_NTRS_Archive_19930085007/NASA_NTRS_Archive_19930085007_djvu.txt	?	-
NASA_NTRS_Archive_19930085010	https://archive.org/download/NASA_NTRS_Archive_19930085010/NASA_NTRS_Archive_19930085010_djvu.txt	?	-
NASA_NTRS_Archive_19930085014	https://archive.org/download/NASA_NTRS_Archive_19930085014/NASA_NTRS_Archive_19930085014_djvu.txt	?	-
NASA_NTRS_Archive_19930085021	https://archive.org/download/NASA_NTRS_Archive_19930085021/NASA_NTRS_Archive_19930085021_djvu.txt	?	-
NASA_NTRS_Archive_19930086252	https://archive.org/download/NASA_NTRS_Archive_19930086252/NASA_NTRS_Archive_19930086252_djvu.txt	?	-
NASA_NTRS_Archive_19930086264	https://archive.org/download/NASA_NTRS_Archive_19930086264/NASA_NTRS_Archive_19930086264_djvu.txt	?	-
NASA_NTRS_Archive_19930086274	https://archive.org/download/NASA_NTRS_Archive_19930086274/NASA_NTRS_Archive_19930086274_djvu.txt	?	-
NASA_NTRS_Archive_19930086278	https://archive.org/download/NASA_NTRS_Archive_19930086278/NASA_NTRS_Archive_19930086278_djvu.txt	?	-
NASA_NTRS_Archive_19930086284	https://archive.org/download/NASA_NTRS_Archive_19930086284/NASA_NTRS_Archive_19930086284_djvu.txt	?	-
NASA_NTRS_Archive_19930086294	https://archive.org/download/NASA_NTRS_Archive_19930086294/NASA_NTRS_Archive_19930086294_djvu.txt	?	-
NASA_NTRS_Archive_19930086378	https://archive.org/download/NASA_NTRS_Archive_19930086378/NASA_NTRS_Archive_19930086378_djvu.txt	?	-
NASA_NTRS_Archive_19930086392	https://archive.org/download/NASA_NTRS_Archive_19930086392/NASA_NTRS_Archive_19930086392_djvu.txt	?	-
NASA_NTRS_Archive_19930086399	https://archive.org/download/NASA_NTRS_Archive_19930086399/NASA_NTRS_Archive_19930086399_djvu.txt	?	-
NASA_NTRS_Archive_19930086403	https://archive.org/download/NASA_NTRS_Archive_19930086403/NASA_NTRS_Archive_19930086403_djvu.txt	?	-
NASA_NTRS_Archive_19930086404	https://archive.org/download/NASA_NTRS_Archive_19930086404/NASA_NTRS_Archive_19930086404_djvu.txt	?	-
NASA_NTRS_Archive_19930086405	https://archive.org/download/NASA_NTRS_Archive_19930086405/NASA_NTRS_Archive_19930086405_djvu.txt	?	-
NASA_NTRS_Archive_19930086407	https://archive.org/download/NASA_NTRS_Archive_19930086407/NASA_NTRS_Archive_19930086407_djvu.txt	?	-
NASA_NTRS_Archive_19930086408	https://archive.org/download/NASA_NTRS_Archive_19930086408/NASA_NTRS_Archive_19930086408_djvu.txt	?	-
NASA_NTRS_Archive_19930086409	https://archive.org/download/NASA_NTRS_Archive_19930086409/NASA_NTRS_Archive_19930086409_djvu.txt	?	-
NASA_NTRS_Archive_19930086410	https://archive.org/download/NASA_NTRS_Archive_19930086410/NASA_NTRS_Archive_19930086410_djvu.txt	?	-
NASA_NTRS_Archive_19930086411	https://archive.org/download/NASA_NTRS_Archive_19930086411/NASA_NTRS_Archive_19930086411_djvu.txt	?	-
NASA_NTRS_Archive_19930086412	https://archive.org/download/NASA_NTRS_Archive_19930086412/NASA_NTRS_Archive_19930086412_djvu.txt	?	-
NASA_NTRS_Archive_19930086413	https://archive.org/download/NASA_NTRS_Archive_19930086413/NASA_NTRS_Archive_19930086413_djvu.txt	?	-
NASA_NTRS_Archive_19930086414	https://archive.org/download/NASA_NTRS_Archive_19930086414/NASA_NTRS_Archive_19930086414_djvu.txt	?	-
NASA_NTRS_Archive_19930086415	https://archive.org/download/NASA_NTRS_Archive_19930086415/NASA_NTRS_Archive_19930086415_djvu.txt	?	-
NASA_NTRS_Archive_19930086495	https://archive.org/download/NASA_NTRS_Archive_19930086495/NASA_NTRS_Archive_19930086495_djvu.txt	?	-
NASA_NTRS_Archive_19930086506	https://archive.org/download/NASA_NTRS_Archive_19930086506/NASA_NTRS_Archive_19930086506_djvu.txt	?	-
NASA_NTRS_Archive_19930086514	https://archive.org/download/NASA_NTRS_Archive_19930086514/NASA_NTRS_Archive_19930086514_djvu.txt	?	-
NASA_NTRS_Archive_19930086521	https://archive.org/download/NASA_NTRS_Archive_19930086521/NASA_NTRS_Archive_19930086521_djvu.txt	?	-
NASA_NTRS_Archive_19930086524	https://archive.org/download/NASA_NTRS_Archive_19930086524/NASA_NTRS_Archive_19930086524_djvu.txt	?	-
NASA_NTRS_Archive_19930086528	https://archive.org/download/NASA_NTRS_Archive_19930086528/NASA_NTRS_Archive_19930086528_djvu.txt	?	-
NASA_NTRS_Archive_19930086534	https://archive.org/download/NASA_NTRS_Archive_19930086534/NASA_NTRS_Archive_19930086534_djvu.txt	?	-
NASA_NTRS_Archive_19930086540	https://archive.org/download/NASA_NTRS_Archive_19930086540/NASA_NTRS_Archive_19930086540_djvu.txt	?	-
NASA_NTRS_Archive_19930086546	https://archive.org/download/NASA_NTRS_Archive_19930086546/NASA_NTRS_Archive_19930086546_djvu.txt	?	-
NASA_NTRS_Archive_19930086550	https://archive.org/download/NASA_NTRS_Archive_19930086550/NASA_NTRS_Archive_19930086550_djvu.txt	?	-
NASA_NTRS_Archive_19930086558	https://archive.org/download/NASA_NTRS_Archive_19930086558/NASA_NTRS_Archive_19930086558_djvu.txt	?	-
NASA_NTRS_Archive_19930086566	https://archive.org/download/NASA_NTRS_Archive_19930086566/NASA_NTRS_Archive_19930086566_djvu.txt	?	-
NASA_NTRS_Archive_19930086637	https://archive.org/download/NASA_NTRS_Archive_19930086637/NASA_NTRS_Archive_19930086637_djvu.txt	?	-
NASA_NTRS_Archive_19930086640	https://archive.org/download/NASA_NTRS_Archive_19930086640/NASA_NTRS_Archive_19930086640_djvu.txt	?	-
NASA_NTRS_Archive_19930086644	https://archive.org/download/NASA_NTRS_Archive_19930086644/NASA_NTRS_Archive_19930086644_djvu.txt	?	-
NASA_NTRS_Archive_19930086646	https://archive.org/download/NASA_NTRS_Archive_19930086646/NASA_NTRS_Archive_19930086646_djvu.txt	?	-
NASA_NTRS_Archive_19930086649	https://archive.org/download/NASA_NTRS_Archive_19930086649/NASA_NTRS_Archive_19930086649_djvu.txt	?	-
NASA_NTRS_Archive_19930086652	https://archive.org/download/NASA_NTRS_Archive_19930086652/NASA_NTRS_Archive_19930086652_djvu.txt	?	-
NASA_NTRS_Archive_19930086653	https://archive.org/download/NASA_NTRS_Archive_19930086653/NASA_NTRS_Archive_19930086653_djvu.txt	?	-
NASA_NTRS_Archive_19930086909	https://archive.org/download/NASA_NTRS_Archive_19930086909/NASA_NTRS_Archive_19930086909_djvu.txt	?	-
NASA_NTRS_Archive_19930086910	https://archive.org/download/NASA_NTRS_Archive_19930086910/NASA_NTRS_Archive_19930086910_djvu.txt	?	-
NASA_NTRS_Archive_19930086911	https://archive.org/download/NASA_NTRS_Archive_19930086911/NASA_NTRS_Archive_19930086911_djvu.txt	?	-
NASA_NTRS_Archive_19930086913	https://archive.org/download/NASA_NTRS_Archive_19930086913/NASA_NTRS_Archive_19930086913_djvu.txt	?	-
NASA_NTRS_Archive_19930086914	https://archive.org/download/NASA_NTRS_Archive_19930086914/NASA_NTRS_Archive_19930086914_djvu.txt	?	-
NASA_NTRS_Archive_19930086915	https://archive.org/download/NASA_NTRS_Archive_19930086915/NASA_NTRS_Archive_19930086915_djvu.txt	?	-
NASA_NTRS_Archive_19930086916	https://archive.org/download/NASA_NTRS_Archive_19930086916/NASA_NTRS_Archive_19930086916_djvu.txt	?	-
NASA_NTRS_Archive_19930086917	https://archive.org/download/NASA_NTRS_Archive_19930086917/NASA_NTRS_Archive_19930086917_djvu.txt	?	-
NASA_NTRS_Archive_19930086918	https://archive.org/download/NASA_NTRS_Archive_19930086918/NASA_NTRS_Archive_19930086918_djvu.txt	?	-
NASA_NTRS_Archive_19930086919	https://archive.org/download/NASA_NTRS_Archive_19930086919/NASA_NTRS_Archive_19930086919_djvu.txt	?	-
NASA_NTRS_Archive_19930086921	https://archive.org/download/NASA_NTRS_Archive_19930086921/NASA_NTRS_Archive_19930086921_djvu.txt	?	-
NASA_NTRS_Archive_19930087057	https://archive.org/download/NASA_NTRS_Archive_19930087057/NASA_NTRS_Archive_19930087057_djvu.txt	?	-
NASA_NTRS_Archive_19930087067	https://archive.org/download/NASA_NTRS_Archive_19930087067/NASA_NTRS_Archive_19930087067_djvu.txt	?	-
NASA_NTRS_Archive_19930087077	https://archive.org/download/NASA_NTRS_Archive_19930087077/NASA_NTRS_Archive_19930087077_djvu.txt	?	-
NASA_NTRS_Archive_19930087085	https://archive.org/download/NASA_NTRS_Archive_19930087085/NASA_NTRS_Archive_19930087085_djvu.txt	?	-
NASA_NTRS_Archive_19930087095	https://archive.org/download/NASA_NTRS_Archive_19930087095/NASA_NTRS_Archive_19930087095_djvu.txt	?	-
NASA_NTRS_Archive_19930087097	https://archive.org/download/NASA_NTRS_Archive_19930087097/NASA_NTRS_Archive_19930087097_djvu.txt	?	-
NASA_NTRS_Archive_19930087102	https://archive.org/download/NASA_NTRS_Archive_19930087102/NASA_NTRS_Archive_19930087102_djvu.txt	?	-
NASA_NTRS_Archive_19930087104	https://archive.org/download/NASA_NTRS_Archive_19930087104/NASA_NTRS_Archive_19930087104_djvu.txt	?	-
NASA_NTRS_Archive_19930087108	https://archive.org/download/NASA_NTRS_Archive_19930087108/NASA_NTRS_Archive_19930087108_djvu.txt	?	-
NASA_NTRS_Archive_19930087110	https://archive.org/download/NASA_NTRS_Archive_19930087110/NASA_NTRS_Archive_19930087110_djvu.txt	?	-
NASA_NTRS_Archive_19930087115	https://archive.org/download/NASA_NTRS_Archive_19930087115/NASA_NTRS_Archive_19930087115_djvu.txt	?	-
NASA_NTRS_Archive_19930087122	https://archive.org/download/NASA_NTRS_Archive_19930087122/NASA_NTRS_Archive_19930087122_djvu.txt	?	-
NASA_NTRS_Archive_19930087623	https://archive.org/download/NASA_NTRS_Archive_19930087623/NASA_NTRS_Archive_19930087623_djvu.txt	?	-
NASA_NTRS_Archive_19930087631	https://archive.org/download/NASA_NTRS_Archive_19930087631/NASA_NTRS_Archive_19930087631_djvu.txt	?	-
NASA_NTRS_Archive_19930087634	https://archive.org/download/NASA_NTRS_Archive_19930087634/NASA_NTRS_Archive_19930087634_djvu.txt	?	-
NASA_NTRS_Archive_19930087637	https://archive.org/download/NASA_NTRS_Archive_19930087637/NASA_NTRS_Archive_19930087637_djvu.txt	?	-
NASA_NTRS_Archive_19930087643	https://archive.org/download/NASA_NTRS_Archive_19930087643/NASA_NTRS_Archive_19930087643_djvu.txt	?	-
NASA_NTRS_Archive_19930087647	https://archive.org/download/NASA_NTRS_Archive_19930087647/NASA_NTRS_Archive_19930087647_djvu.txt	?	-
NASA_NTRS_Archive_19930087657	https://archive.org/download/NASA_NTRS_Archive_19930087657/NASA_NTRS_Archive_19930087657_djvu.txt	?	-
NASA_NTRS_Archive_19930087672	https://archive.org/download/NASA_NTRS_Archive_19930087672/NASA_NTRS_Archive_19930087672_djvu.txt	?	-
NASA_NTRS_Archive_19930087684	https://archive.org/download/NASA_NTRS_Archive_19930087684/NASA_NTRS_Archive_19930087684_djvu.txt	?	-
NASA_NTRS_Archive_19930088650	https://archive.org/download/NASA_NTRS_Archive_19930088650/NASA_NTRS_Archive_19930088650_djvu.txt	?	-
NASA_NTRS_Archive_19930088665	https://archive.org/download/NASA_NTRS_Archive_19930088665/NASA_NTRS_Archive_19930088665_djvu.txt	?	-
NASA_NTRS_Archive_19930088757	https://archive.org/download/NASA_NTRS_Archive_19930088757/NASA_NTRS_Archive_19930088757_djvu.txt	?	-
NASA_NTRS_Archive_19930088977	https://archive.org/download/NASA_NTRS_Archive_19930088977/NASA_NTRS_Archive_19930088977_djvu.txt	?	-
NASA_NTRS_Archive_19930088982	https://archive.org/download/NASA_NTRS_Archive_19930088982/NASA_NTRS_Archive_19930088982_djvu.txt	?	-
NASA_NTRS_Archive_19930089054	https://archive.org/download/NASA_NTRS_Archive_19930089054/NASA_NTRS_Archive_19930089054_djvu.txt	?	-
NASA_NTRS_Archive_19930089070	https://archive.org/download/NASA_NTRS_Archive_19930089070/NASA_NTRS_Archive_19930089070_djvu.txt	?	-
NASA_NTRS_Archive_19930089090	https://archive.org/download/NASA_NTRS_Archive_19930089090/NASA_NTRS_Archive_19930089090_djvu.txt	?	-
NASA_NTRS_Archive_19930089097	https://archive.org/download/NASA_NTRS_Archive_19930089097/NASA_NTRS_Archive_19930089097_djvu.txt	?	-
NASA_NTRS_Archive_19930089117	https://archive.org/download/NASA_NTRS_Archive_19930089117/NASA_NTRS_Archive_19930089117_djvu.txt	?	-
NASA_NTRS_Archive_19930089123	https://archive.org/download/NASA_NTRS_Archive_19930089123/NASA_NTRS_Archive_19930089123_djvu.txt	?	-
NASA_NTRS_Archive_19930089211	https://archive.org/download/NASA_NTRS_Archive_19930089211/NASA_NTRS_Archive_19930089211_djvu.txt	?	-
NASA_NTRS_Archive_19930089220	https://archive.org/download/NASA_NTRS_Archive_19930089220/NASA_NTRS_Archive_19930089220_djvu.txt	?	-
NASA_NTRS_Archive_19930089227	https://archive.org/download/NASA_NTRS_Archive_19930089227/NASA_NTRS_Archive_19930089227_djvu.txt	?	-
NASA_NTRS_Archive_19930089248	https://archive.org/download/NASA_NTRS_Archive_19930089248/NASA_NTRS_Archive_19930089248_djvu.txt	?	-
NASA_NTRS_Archive_19930089253	https://archive.org/download/NASA_NTRS_Archive_19930089253/NASA_NTRS_Archive_19930089253_djvu.txt	?	-
NASA_NTRS_Archive_19930089258	https://archive.org/download/NASA_NTRS_Archive_19930089258/NASA_NTRS_Archive_19930089258_djvu.txt	?	-
NASA_NTRS_Archive_19930089262	https://archive.org/download/NASA_NTRS_Archive_19930089262/NASA_NTRS_Archive_19930089262_djvu.txt	?	-
NASA_NTRS_Archive_19930089271	https://archive.org/download/NASA_NTRS_Archive_19930089271/NASA_NTRS_Archive_19930089271_djvu.txt	?	-
NASA_NTRS_Archive_19930089278	https://archive.org/download/NASA_NTRS_Archive_19930089278/NASA_NTRS_Archive_19930089278_djvu.txt	?	-
NASA_NTRS_Archive_19930089290	https://archive.org/download/NASA_NTRS_Archive_19930089290/NASA_NTRS_Archive_19930089290_djvu.txt	?	-
NASA_NTRS_Archive_19930089525	https://archive.org/download/NASA_NTRS_Archive_19930089525/NASA_NTRS_Archive_19930089525_djvu.txt	?	-
NASA_NTRS_Archive_19930089533	https://archive.org/download/NASA_NTRS_Archive_19930089533/NASA_NTRS_Archive_19930089533_djvu.txt	?	-
NASA_NTRS_Archive_19930089827	https://archive.org/download/NASA_NTRS_Archive_19930089827/NASA_NTRS_Archive_19930089827_djvu.txt	?	-
NASA_NTRS_Archive_19930089855	https://archive.org/download/NASA_NTRS_Archive_19930089855/NASA_NTRS_Archive_19930089855_djvu.txt	?	-
NASA_NTRS_Archive_19930090249	https://archive.org/download/NASA_NTRS_Archive_19930090249/NASA_NTRS_Archive_19930090249_djvu.txt	?	-
NASA_NTRS_Archive_19930090250	https://archive.org/download/NASA_NTRS_Archive_19930090250/NASA_NTRS_Archive_19930090250_djvu.txt	?	-
NASA_NTRS_Archive_19930090251	https://archive.org/download/NASA_NTRS_Archive_19930090251/NASA_NTRS_Archive_19930090251_djvu.txt	?	-
NASA_NTRS_Archive_19930090252	https://archive.org/download/NASA_NTRS_Archive_19930090252/NASA_NTRS_Archive_19930090252_djvu.txt	?	-
NASA_NTRS_Archive_19930090253	https://archive.org/download/NASA_NTRS_Archive_19930090253/NASA_NTRS_Archive_19930090253_djvu.txt	?	-
NASA_NTRS_Archive_19930090254	https://archive.org/download/NASA_NTRS_Archive_19930090254/NASA_NTRS_Archive_19930090254_djvu.txt	?	-
NASA_NTRS_Archive_19930090255	https://archive.org/download/NASA_NTRS_Archive_19930090255/NASA_NTRS_Archive_19930090255_djvu.txt	?	-
NASA_NTRS_Archive_19930090256	https://archive.org/download/NASA_NTRS_Archive_19930090256/NASA_NTRS_Archive_19930090256_djvu.txt	?	-
NASA_NTRS_Archive_19930090257	https://archive.org/download/NASA_NTRS_Archive_19930090257/NASA_NTRS_Archive_19930090257_djvu.txt	?	-
NASA_NTRS_Archive_19930090258	https://archive.org/download/NASA_NTRS_Archive_19930090258/NASA_NTRS_Archive_19930090258_djvu.txt	?	-
NASA_NTRS_Archive_19930090259	https://archive.org/download/NASA_NTRS_Archive_19930090259/NASA_NTRS_Archive_19930090259_djvu.txt	?	-
NASA_NTRS_Archive_19930090260	https://archive.org/download/NASA_NTRS_Archive_19930090260/NASA_NTRS_Archive_19930090260_djvu.txt	?	-
NASA_NTRS_Archive_19930090261	https://archive.org/download/NASA_NTRS_Archive_19930090261/NASA_NTRS_Archive_19930090261_djvu.txt	?	-
NASA_NTRS_Archive_19930090262	https://archive.org/download/NASA_NTRS_Archive_19930090262/NASA_NTRS_Archive_19930090262_djvu.txt	?	-
NASA_NTRS_Archive_19930090263	https://archive.org/download/NASA_NTRS_Archive_19930090263/NASA_NTRS_Archive_19930090263_djvu.txt	?	-
NASA_NTRS_Archive_19930090264	https://archive.org/download/NASA_NTRS_Archive_19930090264/NASA_NTRS_Archive_19930090264_djvu.txt	?	-
NASA_NTRS_Archive_19930090265	https://archive.org/download/NASA_NTRS_Archive_19930090265/NASA_NTRS_Archive_19930090265_djvu.txt	?	-
NASA_NTRS_Archive_19930090266	https://archive.org/download/NASA_NTRS_Archive_19930090266/NASA_NTRS_Archive_19930090266_djvu.txt	?	-
NASA_NTRS_Archive_19930090267	https://archive.org/download/NASA_NTRS_Archive_19930090267/NASA_NTRS_Archive_19930090267_djvu.txt	?	-
NASA_NTRS_Archive_19930090268	https://archive.org/download/NASA_NTRS_Archive_19930090268/NASA_NTRS_Archive_19930090268_djvu.txt	?	-
NASA_NTRS_Archive_19930090269	https://archive.org/download/NASA_NTRS_Archive_19930090269/NASA_NTRS_Archive_19930090269_djvu.txt	?	-
NASA_NTRS_Archive_19930090270	https://archive.org/download/NASA_NTRS_Archive_19930090270/NASA_NTRS_Archive_19930090270_djvu.txt	?	-
NASA_NTRS_Archive_19930090271	https://archive.org/download/NASA_NTRS_Archive_19930090271/NASA_NTRS_Archive_19930090271_djvu.txt	?	-
NASA_NTRS_Archive_19930090272	https://archive.org/download/NASA_NTRS_Archive_19930090272/NASA_NTRS_Archive_19930090272_djvu.txt	?	-
NASA_NTRS_Archive_19930090273	https://archive.org/download/NASA_NTRS_Archive_19930090273/NASA_NTRS_Archive_19930090273_djvu.txt	?	-
NASA_NTRS_Archive_19930090274	https://archive.org/download/NASA_NTRS_Archive_19930090274/NASA_NTRS_Archive_19930090274_djvu.txt	?	-
NASA_NTRS_Archive_19930090275	https://archive.org/download/NASA_NTRS_Archive_19930090275/NASA_NTRS_Archive_19930090275_djvu.txt	?	-
NASA_NTRS_Archive_19930090276	https://archive.org/download/NASA_NTRS_Archive_19930090276/NASA_NTRS_Archive_19930090276_djvu.txt	?	-
NASA_NTRS_Archive_19930090277	https://archive.org/download/NASA_NTRS_Archive_19930090277/NASA_NTRS_Archive_19930090277_djvu.txt	?	-
NASA_NTRS_Archive_19930090278	https://archive.org/download/NASA_NTRS_Archive_19930090278/NASA_NTRS_Archive_19930090278_djvu.txt	?	-
NASA_NTRS_Archive_19930090279	https://archive.org/download/NASA_NTRS_Archive_19930090279/NASA_NTRS_Archive_19930090279_djvu.txt	?	-
NASA_NTRS_Archive_19930090280	https://archive.org/download/NASA_NTRS_Archive_19930090280/NASA_NTRS_Archive_19930090280_djvu.txt	?	-
NASA_NTRS_Archive_19930090281	https://archive.org/download/NASA_NTRS_Archive_19930090281/NASA_NTRS_Archive_19930090281_djvu.txt	?	-
NASA_NTRS_Archive_19930090282	https://archive.org/download/NASA_NTRS_Archive_19930090282/NASA_NTRS_Archive_19930090282_djvu.txt	?	-
NASA_NTRS_Archive_19930090336	https://archive.org/download/NASA_NTRS_Archive_19930090336/NASA_NTRS_Archive_19930090336_djvu.txt	?	-
NASA_NTRS_Archive_19930090352	https://archive.org/download/NASA_NTRS_Archive_19930090352/NASA_NTRS_Archive_19930090352_djvu.txt	?	-
NASA_NTRS_Archive_19930090355	https://archive.org/download/NASA_NTRS_Archive_19930090355/NASA_NTRS_Archive_19930090355_djvu.txt	?	-
NASA_NTRS_Archive_19930090357	https://archive.org/download/NASA_NTRS_Archive_19930090357/NASA_NTRS_Archive_19930090357_djvu.txt	?	-
NASA_NTRS_Archive_19930090359	https://archive.org/download/NASA_NTRS_Archive_19930090359/NASA_NTRS_Archive_19930090359_djvu.txt	?	-
NASA_NTRS_Archive_19930090361	https://archive.org/download/NASA_NTRS_Archive_19930090361/NASA_NTRS_Archive_19930090361_djvu.txt	?	-
NASA_NTRS_Archive_19930090364	https://archive.org/download/NASA_NTRS_Archive_19930090364/NASA_NTRS_Archive_19930090364_djvu.txt	?	-
NASA_NTRS_Archive_19930090365	https://archive.org/download/NASA_NTRS_Archive_19930090365/NASA_NTRS_Archive_19930090365_djvu.txt	?	-
NASA_NTRS_Archive_19930090367	https://archive.org/download/NASA_NTRS_Archive_19930090367/NASA_NTRS_Archive_19930090367_djvu.txt	?	-
NASA_NTRS_Archive_19930090371	https://archive.org/download/NASA_NTRS_Archive_19930090371/NASA_NTRS_Archive_19930090371_djvu.txt	?	-
NASA_NTRS_Archive_19930090373	https://archive.org/download/NASA_NTRS_Archive_19930090373/NASA_NTRS_Archive_19930090373_djvu.txt	?	-
NASA_NTRS_Archive_19930090376	https://archive.org/download/NASA_NTRS_Archive_19930090376/NASA_NTRS_Archive_19930090376_djvu.txt	?	-
NASA_NTRS_Archive_19930090386	https://archive.org/download/NASA_NTRS_Archive_19930090386/NASA_NTRS_Archive_19930090386_djvu.txt	?	-
NASA_NTRS_Archive_19930090387	https://archive.org/download/NASA_NTRS_Archive_19930090387/NASA_NTRS_Archive_19930090387_djvu.txt	?	-
NASA_NTRS_Archive_19930090388	https://archive.org/download/NASA_NTRS_Archive_19930090388/NASA_NTRS_Archive_19930090388_djvu.txt	?	-
NASA_NTRS_Archive_19930090389	https://archive.org/download/NASA_NTRS_Archive_19930090389/NASA_NTRS_Archive_19930090389_djvu.txt	?	-
NASA_NTRS_Archive_19930090390	https://archive.org/download/NASA_NTRS_Archive_19930090390/NASA_NTRS_Archive_19930090390_djvu.txt	?	-
NASA_NTRS_Archive_19930090391	https://archive.org/download/NASA_NTRS_Archive_19930090391/NASA_NTRS_Archive_19930090391_djvu.txt	?	-
NASA_NTRS_Archive_19930090392	https://archive.org/download/NASA_NTRS_Archive_19930090392/NASA_NTRS_Archive_19930090392_djvu.txt	?	-
NASA_NTRS_Archive_19930090394	https://archive.org/download/NASA_NTRS_Archive_19930090394/NASA_NTRS_Archive_19930090394_djvu.txt	?	-
NASA_NTRS_Archive_19930090396	https://archive.org/download/NASA_NTRS_Archive_19930090396/NASA_NTRS_Archive_19930090396_djvu.txt	?	-
NASA_NTRS_Archive_19930090402	https://archive.org/download/NASA_NTRS_Archive_19930090402/NASA_NTRS_Archive_19930090402_djvu.txt	?	-
NASA_NTRS_Archive_19930090404	https://archive.org/download/NASA_NTRS_Archive_19930090404/NASA_NTRS_Archive_19930090404_djvu.txt	?	-
NASA_NTRS_Archive_19930090406	https://archive.org/download/NASA_NTRS_Archive_19930090406/NASA_NTRS_Archive_19930090406_djvu.txt	?	-
NASA_NTRS_Archive_19930090409	https://archive.org/download/NASA_NTRS_Archive_19930090409/NASA_NTRS_Archive_19930090409_djvu.txt	?	-
NASA_NTRS_Archive_19930090415	https://archive.org/download/NASA_NTRS_Archive_19930090415/NASA_NTRS_Archive_19930090415_djvu.txt	?	-
NASA_NTRS_Archive_19930090418	https://archive.org/download/NASA_NTRS_Archive_19930090418/NASA_NTRS_Archive_19930090418_djvu.txt	?	-
NASA_NTRS_Archive_19930090419	https://archive.org/download/NASA_NTRS_Archive_19930090419/NASA_NTRS_Archive_19930090419_djvu.txt	?	-
NASA_NTRS_Archive_19930090421	https://archive.org/download/NASA_NTRS_Archive_19930090421/NASA_NTRS_Archive_19930090421_djvu.txt	?	-
NASA_NTRS_Archive_19930090423	https://archive.org/download/NASA_NTRS_Archive_19930090423/NASA_NTRS_Archive_19930090423_djvu.txt	?	-
NASA_NTRS_Archive_19930090425	https://archive.org/download/NASA_NTRS_Archive_19930090425/NASA_NTRS_Archive_19930090425_djvu.txt	?	-
NASA_NTRS_Archive_19930090426	https://archive.org/download/NASA_NTRS_Archive_19930090426/NASA_NTRS_Archive_19930090426_djvu.txt	?	-
NASA_NTRS_Archive_19930090427	https://archive.org/download/NASA_NTRS_Archive_19930090427/NASA_NTRS_Archive_19930090427_djvu.txt	?	-
NASA_NTRS_Archive_19930090432	https://archive.org/download/NASA_NTRS_Archive_19930090432/NASA_NTRS_Archive_19930090432_djvu.txt	?	-
NASA_NTRS_Archive_19930090434	https://archive.org/download/NASA_NTRS_Archive_19930090434/NASA_NTRS_Archive_19930090434_djvu.txt	?	-
NASA_NTRS_Archive_19930090436	https://archive.org/download/NASA_NTRS_Archive_19930090436/NASA_NTRS_Archive_19930090436_djvu.txt	?	-
NASA_NTRS_Archive_19930090439	https://archive.org/download/NASA_NTRS_Archive_19930090439/NASA_NTRS_Archive_19930090439_djvu.txt	?	-
NASA_NTRS_Archive_19930090444	https://archive.org/download/NASA_NTRS_Archive_19930090444/NASA_NTRS_Archive_19930090444_djvu.txt	?	-
NASA_NTRS_Archive_19930090449	https://archive.org/download/NASA_NTRS_Archive_19930090449/NASA_NTRS_Archive_19930090449_djvu.txt	?	-
NASA_NTRS_Archive_19930090454	https://archive.org/download/NASA_NTRS_Archive_19930090454/NASA_NTRS_Archive_19930090454_djvu.txt	?	-
NASA_NTRS_Archive_19930090455	https://archive.org/download/NASA_NTRS_Archive_19930090455/NASA_NTRS_Archive_19930090455_djvu.txt	?	-
NASA_NTRS_Archive_19930090456	https://archive.org/download/NASA_NTRS_Archive_19930090456/NASA_NTRS_Archive_19930090456_djvu.txt	?	-
NASA_NTRS_Archive_19930090457	https://archive.org/download/NASA_NTRS_Archive_19930090457/NASA_NTRS_Archive_19930090457_djvu.txt	?	-
NASA_NTRS_Archive_19930090459	https://archive.org/download/NASA_NTRS_Archive_19930090459/NASA_NTRS_Archive_19930090459_djvu.txt	?	-
NASA_NTRS_Archive_19930090461	https://archive.org/download/NASA_NTRS_Archive_19930090461/NASA_NTRS_Archive_19930090461_djvu.txt	?	-
NASA_NTRS_Archive_19930090462	https://archive.org/download/NASA_NTRS_Archive_19930090462/NASA_NTRS_Archive_19930090462_djvu.txt	?	-
NASA_NTRS_Archive_19930090463	https://archive.org/download/NASA_NTRS_Archive_19930090463/NASA_NTRS_Archive_19930090463_djvu.txt	?	-
NASA_NTRS_Archive_19930090465	https://archive.org/download/NASA_NTRS_Archive_19930090465/NASA_NTRS_Archive_19930090465_djvu.txt	?	-
NASA_NTRS_Archive_19930090467	https://archive.org/download/NASA_NTRS_Archive_19930090467/NASA_NTRS_Archive_19930090467_djvu.txt	?	-
NASA_NTRS_Archive_19930090469	https://archive.org/download/NASA_NTRS_Archive_19930090469/NASA_NTRS_Archive_19930090469_djvu.txt	?	-
NASA_NTRS_Archive_19930090471	https://archive.org/download/NASA_NTRS_Archive_19930090471/NASA_NTRS_Archive_19930090471_djvu.txt	?	-
NASA_NTRS_Archive_19930090473	https://archive.org/download/NASA_NTRS_Archive_19930090473/NASA_NTRS_Archive_19930090473_djvu.txt	?	-
NASA_NTRS_Archive_19930090475	https://archive.org/download/NASA_NTRS_Archive_19930090475/NASA_NTRS_Archive_19930090475_djvu.txt	?	-
NASA_NTRS_Archive_19930090479	https://archive.org/download/NASA_NTRS_Archive_19930090479/NASA_NTRS_Archive_19930090479_djvu.txt	?	-
NASA_NTRS_Archive_19930090480	https://archive.org/download/NASA_NTRS_Archive_19930090480/NASA_NTRS_Archive_19930090480_djvu.txt	?	-
NASA_NTRS_Archive_19930090482	https://archive.org/download/NASA_NTRS_Archive_19930090482/NASA_NTRS_Archive_19930090482_djvu.txt	?	-
NASA_NTRS_Archive_19930090484	https://archive.org/download/NASA_NTRS_Archive_19930090484/NASA_NTRS_Archive_19930090484_djvu.txt	?	-
NASA_NTRS_Archive_19930090486	https://archive.org/download/NASA_NTRS_Archive_19930090486/NASA_NTRS_Archive_19930090486_djvu.txt	?	-
NASA_NTRS_Archive_19930090489	https://archive.org/download/NASA_NTRS_Archive_19930090489/NASA_NTRS_Archive_19930090489_djvu.txt	?	-
NASA_NTRS_Archive_19930090492	https://archive.org/download/NASA_NTRS_Archive_19930090492/NASA_NTRS_Archive_19930090492_djvu.txt	?	-
NASA_NTRS_Archive_19930090495	https://archive.org/download/NASA_NTRS_Archive_19930090495/NASA_NTRS_Archive_19930090495_djvu.txt	?	-
NASA_NTRS_Archive_19930090497	https://archive.org/download/NASA_NTRS_Archive_19930090497/NASA_NTRS_Archive_19930090497_djvu.txt	?	-
NASA_NTRS_Archive_19930090501	https://archive.org/download/NASA_NTRS_Archive_19930090501/NASA_NTRS_Archive_19930090501_djvu.txt	?	-
NASA_NTRS_Archive_19930090503	https://archive.org/download/NASA_NTRS_Archive_19930090503/NASA_NTRS_Archive_19930090503_djvu.txt	?	-
NASA_NTRS_Archive_19930090506	https://archive.org/download/NASA_NTRS_Archive_19930090506/NASA_NTRS_Archive_19930090506_djvu.txt	?	-
NASA_NTRS_Archive_19930090508	https://archive.org/download/NASA_NTRS_Archive_19930090508/NASA_NTRS_Archive_19930090508_djvu.txt	?	-
NASA_NTRS_Archive_19930090509	https://archive.org/download/NASA_NTRS_Archive_19930090509/NASA_NTRS_Archive_19930090509_djvu.txt	?	-
NASA_NTRS_Archive_19930090510	https://archive.org/download/NASA_NTRS_Archive_19930090510/NASA_NTRS_Archive_19930090510_djvu.txt	?	-
NASA_NTRS_Archive_19930090511	https://archive.org/download/NASA_NTRS_Archive_19930090511/NASA_NTRS_Archive_19930090511_djvu.txt	?	-
NASA_NTRS_Archive_19930090515	https://archive.org/download/NASA_NTRS_Archive_19930090515/NASA_NTRS_Archive_19930090515_djvu.txt	?	-
NASA_NTRS_Archive_19930090516	https://archive.org/download/NASA_NTRS_Archive_19930090516/NASA_NTRS_Archive_19930090516_djvu.txt	?	-
NASA_NTRS_Archive_19930090517	https://archive.org/download/NASA_NTRS_Archive_19930090517/NASA_NTRS_Archive_19930090517_djvu.txt	?	-
NASA_NTRS_Archive_19930090518	https://archive.org/download/NASA_NTRS_Archive_19930090518/NASA_NTRS_Archive_19930090518_djvu.txt	?	-
NASA_NTRS_Archive_19930090519	https://archive.org/download/NASA_NTRS_Archive_19930090519/NASA_NTRS_Archive_19930090519_djvu.txt	?	-
NASA_NTRS_Archive_19930090520	https://archive.org/download/NASA_NTRS_Archive_19930090520/NASA_NTRS_Archive_19930090520_djvu.txt	?	-
NASA_NTRS_Archive_19930090521	https://archive.org/download/NASA_NTRS_Archive_19930090521/NASA_NTRS_Archive_19930090521_djvu.txt	?	-
NASA_NTRS_Archive_19930090572	https://archive.org/download/NASA_NTRS_Archive_19930090572/NASA_NTRS_Archive_19930090572_djvu.txt	?	-
NASA_NTRS_Archive_19930090573	https://archive.org/download/NASA_NTRS_Archive_19930090573/NASA_NTRS_Archive_19930090573_djvu.txt	?	-
NASA_NTRS_Archive_19930090574	https://archive.org/download/NASA_NTRS_Archive_19930090574/NASA_NTRS_Archive_19930090574_djvu.txt	?	-
NASA_NTRS_Archive_19930090614	https://archive.org/download/NASA_NTRS_Archive_19930090614/NASA_NTRS_Archive_19930090614_djvu.txt	?	-
NASA_NTRS_Archive_19930090615	https://archive.org/download/NASA_NTRS_Archive_19930090615/NASA_NTRS_Archive_19930090615_djvu.txt	?	-
NASA_NTRS_Archive_19930090616	https://archive.org/download/NASA_NTRS_Archive_19930090616/NASA_NTRS_Archive_19930090616_djvu.txt	?	-
NASA_NTRS_Archive_19930090618	https://archive.org/download/NASA_NTRS_Archive_19930090618/NASA_NTRS_Archive_19930090618_djvu.txt	?	-
NASA_NTRS_Archive_19930090619	https://archive.org/download/NASA_NTRS_Archive_19930090619/NASA_NTRS_Archive_19930090619_djvu.txt	?	-
NASA_NTRS_Archive_19930090620	https://archive.org/download/NASA_NTRS_Archive_19930090620/NASA_NTRS_Archive_19930090620_djvu.txt	?	-
NASA_NTRS_Archive_19930090621	https://archive.org/download/NASA_NTRS_Archive_19930090621/NASA_NTRS_Archive_19930090621_djvu.txt	?	-
NASA_NTRS_Archive_19930090622	https://archive.org/download/NASA_NTRS_Archive_19930090622/NASA_NTRS_Archive_19930090622_djvu.txt	?	-
NASA_NTRS_Archive_19930090623	https://archive.org/download/NASA_NTRS_Archive_19930090623/NASA_NTRS_Archive_19930090623_djvu.txt	?	-
NASA_NTRS_Archive_19930090624	https://archive.org/download/NASA_NTRS_Archive_19930090624/NASA_NTRS_Archive_19930090624_djvu.txt	?	-
NASA_NTRS_Archive_19930090625	https://archive.org/download/NASA_NTRS_Archive_19930090625/NASA_NTRS_Archive_19930090625_djvu.txt	?	-
NASA_NTRS_Archive_19930090626	https://archive.org/download/NASA_NTRS_Archive_19930090626/NASA_NTRS_Archive_19930090626_djvu.txt	?	-
NASA_NTRS_Archive_19930090627	https://archive.org/download/NASA_NTRS_Archive_19930090627/NASA_NTRS_Archive_19930090627_djvu.txt	?	-
NASA_NTRS_Archive_19930090628	https://archive.org/download/NASA_NTRS_Archive_19930090628/NASA_NTRS_Archive_19930090628_djvu.txt	?	-
NASA_NTRS_Archive_19930090629	https://archive.org/download/NASA_NTRS_Archive_19930090629/NASA_NTRS_Archive_19930090629_djvu.txt	?	-
NASA_NTRS_Archive_19930090630	https://archive.org/download/NASA_NTRS_Archive_19930090630/NASA_NTRS_Archive_19930090630_djvu.txt	?	-
NASA_NTRS_Archive_19930090631	https://archive.org/download/NASA_NTRS_Archive_19930090631/NASA_NTRS_Archive_19930090631_djvu.txt	?	-
NASA_NTRS_Archive_19930090637	https://archive.org/download/NASA_NTRS_Archive_19930090637/NASA_NTRS_Archive_19930090637_djvu.txt	?	-
NASA_NTRS_Archive_19930090639	https://archive.org/download/NASA_NTRS_Archive_19930090639/NASA_NTRS_Archive_19930090639_djvu.txt	?	-
NASA_NTRS_Archive_19930090640	https://archive.org/download/NASA_NTRS_Archive_19930090640/NASA_NTRS_Archive_19930090640_djvu.txt	?	-
NASA_NTRS_Archive_19930090641	https://archive.org/download/NASA_NTRS_Archive_19930090641/NASA_NTRS_Archive_19930090641_djvu.txt	?	-
NASA_NTRS_Archive_19930090642	https://archive.org/download/NASA_NTRS_Archive_19930090642/NASA_NTRS_Archive_19930090642_djvu.txt	?	-
NASA_NTRS_Archive_19930090643	https://archive.org/download/NASA_NTRS_Archive_19930090643/NASA_NTRS_Archive_19930090643_djvu.txt	?	-
NASA_NTRS_Archive_19930090644	https://archive.org/download/NASA_NTRS_Archive_19930090644/NASA_NTRS_Archive_19930090644_djvu.txt	?	-
NASA_NTRS_Archive_19930090645	https://archive.org/download/NASA_NTRS_Archive_19930090645/NASA_NTRS_Archive_19930090645_djvu.txt	?	-
NASA_NTRS_Archive_19930090646	https://archive.org/download/NASA_NTRS_Archive_19930090646/NASA_NTRS_Archive_19930090646_djvu.txt	?	-
NASA_NTRS_Archive_19930090647	https://archive.org/download/NASA_NTRS_Archive_19930090647/NASA_NTRS_Archive_19930090647_djvu.txt	?	-
NASA_NTRS_Archive_19930090648	https://archive.org/download/NASA_NTRS_Archive_19930090648/NASA_NTRS_Archive_19930090648_djvu.txt	?	-
NASA_NTRS_Archive_19930090649	https://archive.org/download/NASA_NTRS_Archive_19930090649/NASA_NTRS_Archive_19930090649_djvu.txt	?	-
NASA_NTRS_Archive_19930090650	https://archive.org/download/NASA_NTRS_Archive_19930090650/NASA_NTRS_Archive_19930090650_djvu.txt	?	-
NASA_NTRS_Archive_19930090651	https://archive.org/download/NASA_NTRS_Archive_19930090651/NASA_NTRS_Archive_19930090651_djvu.txt	?	-
NASA_NTRS_Archive_19930090652	https://archive.org/download/NASA_NTRS_Archive_19930090652/NASA_NTRS_Archive_19930090652_djvu.txt	?	-
NASA_NTRS_Archive_19930090653	https://archive.org/download/NASA_NTRS_Archive_19930090653/NASA_NTRS_Archive_19930090653_djvu.txt	?	-
NASA_NTRS_Archive_19930090654	https://archive.org/download/NASA_NTRS_Archive_19930090654/NASA_NTRS_Archive_19930090654_djvu.txt	?	-
NASA_NTRS_Archive_19930090655	https://archive.org/download/NASA_NTRS_Archive_19930090655/NASA_NTRS_Archive_19930090655_djvu.txt	?	-
NASA_NTRS_Archive_19930090656	https://archive.org/download/NASA_NTRS_Archive_19930090656/NASA_NTRS_Archive_19930090656_djvu.txt	?	-
NASA_NTRS_Archive_19930090657	https://archive.org/download/NASA_NTRS_Archive_19930090657/NASA_NTRS_Archive_19930090657_djvu.txt	?	-
NASA_NTRS_Archive_19930090658	https://archive.org/download/NASA_NTRS_Archive_19930090658/NASA_NTRS_Archive_19930090658_djvu.txt	?	-
NASA_NTRS_Archive_19930090659	https://archive.org/download/NASA_NTRS_Archive_19930090659/NASA_NTRS_Archive_19930090659_djvu.txt	?	-
NASA_NTRS_Archive_19930090660	https://archive.org/download/NASA_NTRS_Archive_19930090660/NASA_NTRS_Archive_19930090660_djvu.txt	?	-
NASA_NTRS_Archive_19930090661	https://archive.org/download/NASA_NTRS_Archive_19930090661/NASA_NTRS_Archive_19930090661_djvu.txt	?	-
NASA_NTRS_Archive_19930090662	https://archive.org/download/NASA_NTRS_Archive_19930090662/NASA_NTRS_Archive_19930090662_djvu.txt	?	-
NASA_NTRS_Archive_19930090663	https://archive.org/download/NASA_NTRS_Archive_19930090663/NASA_NTRS_Archive_19930090663_djvu.txt	?	-
NASA_NTRS_Archive_19930090664	https://archive.org/download/NASA_NTRS_Archive_19930090664/NASA_NTRS_Archive_19930090664_djvu.txt	?	-
NASA_NTRS_Archive_19930090665	https://archive.org/download/NASA_NTRS_Archive_19930090665/NASA_NTRS_Archive_19930090665_djvu.txt	?	-
NASA_NTRS_Archive_19930090666	https://archive.org/download/NASA_NTRS_Archive_19930090666/NASA_NTRS_Archive_19930090666_djvu.txt	?	-
NASA_NTRS_Archive_19930090667	https://archive.org/download/NASA_NTRS_Archive_19930090667/NASA_NTRS_Archive_19930090667_djvu.txt	?	-
NASA_NTRS_Archive_19930090669	https://archive.org/download/NASA_NTRS_Archive_19930090669/NASA_NTRS_Archive_19930090669_djvu.txt	?	-
NASA_NTRS_Archive_19930090670	https://archive.org/download/NASA_NTRS_Archive_19930090670/NASA_NTRS_Archive_19930090670_djvu.txt	?	-
NASA_NTRS_Archive_19930090671	https://archive.org/download/NASA_NTRS_Archive_19930090671/NASA_NTRS_Archive_19930090671_djvu.txt	?	-
NASA_NTRS_Archive_19930090672	https://archive.org/download/NASA_NTRS_Archive_19930090672/NASA_NTRS_Archive_19930090672_djvu.txt	?	-
NASA_NTRS_Archive_19930090673	https://archive.org/download/NASA_NTRS_Archive_19930090673/NASA_NTRS_Archive_19930090673_djvu.txt	?	-
NASA_NTRS_Archive_19930090674	https://archive.org/download/NASA_NTRS_Archive_19930090674/NASA_NTRS_Archive_19930090674_djvu.txt	?	-
NASA_NTRS_Archive_19930090675	https://archive.org/download/NASA_NTRS_Archive_19930090675/NASA_NTRS_Archive_19930090675_djvu.txt	?	-
NASA_NTRS_Archive_19930090676	https://archive.org/download/NASA_NTRS_Archive_19930090676/NASA_NTRS_Archive_19930090676_djvu.txt	?	-
NASA_NTRS_Archive_19930090677	https://archive.org/download/NASA_NTRS_Archive_19930090677/NASA_NTRS_Archive_19930090677_djvu.txt	?	-
NASA_NTRS_Archive_19930090678	https://archive.org/download/NASA_NTRS_Archive_19930090678/NASA_NTRS_Archive_19930090678_djvu.txt	?	-
NASA_NTRS_Archive_19930090679	https://archive.org/download/NASA_NTRS_Archive_19930090679/NASA_NTRS_Archive_19930090679_djvu.txt	?	-
NASA_NTRS_Archive_19930090680	https://archive.org/download/NASA_NTRS_Archive_19930090680/NASA_NTRS_Archive_19930090680_djvu.txt	?	-
NASA_NTRS_Archive_19930090681	https://archive.org/download/NASA_NTRS_Archive_19930090681/NASA_NTRS_Archive_19930090681_djvu.txt	?	-
NASA_NTRS_Archive_19930090682	https://archive.org/download/NASA_NTRS_Archive_19930090682/NASA_NTRS_Archive_19930090682_djvu.txt	?	-
NASA_NTRS_Archive_19930090683	https://archive.org/download/NASA_NTRS_Archive_19930090683/NASA_NTRS_Archive_19930090683_djvu.txt	?	-
NASA_NTRS_Archive_19930090684	https://archive.org/download/NASA_NTRS_Archive_19930090684/NASA_NTRS_Archive_19930090684_djvu.txt	?	-
NASA_NTRS_Archive_19930090685	https://archive.org/download/NASA_NTRS_Archive_19930090685/NASA_NTRS_Archive_19930090685_djvu.txt	?	-
NASA_NTRS_Archive_19930090686	https://archive.org/download/NASA_NTRS_Archive_19930090686/NASA_NTRS_Archive_19930090686_djvu.txt	?	-
NASA_NTRS_Archive_19930090687	https://archive.org/download/NASA_NTRS_Archive_19930090687/NASA_NTRS_Archive_19930090687_djvu.txt	?	-
NASA_NTRS_Archive_19930090689	https://archive.org/download/NASA_NTRS_Archive_19930090689/NASA_NTRS_Archive_19930090689_djvu.txt	?	-
NASA_NTRS_Archive_19930090690	https://archive.org/download/NASA_NTRS_Archive_19930090690/NASA_NTRS_Archive_19930090690_djvu.txt	?	-
NASA_NTRS_Archive_19930090691	https://archive.org/download/NASA_NTRS_Archive_19930090691/NASA_NTRS_Archive_19930090691_djvu.txt	?	-
NASA_NTRS_Archive_19930090692	https://archive.org/download/NASA_NTRS_Archive_19930090692/NASA_NTRS_Archive_19930090692_djvu.txt	?	-
NASA_NTRS_Archive_19930090694	https://archive.org/download/NASA_NTRS_Archive_19930090694/NASA_NTRS_Archive_19930090694_djvu.txt	?	-
NASA_NTRS_Archive_19930090696	https://archive.org/download/NASA_NTRS_Archive_19930090696/NASA_NTRS_Archive_19930090696_djvu.txt	?	-
NASA_NTRS_Archive_19930090697	https://archive.org/download/NASA_NTRS_Archive_19930090697/NASA_NTRS_Archive_19930090697_djvu.txt	?	-
NASA_NTRS_Archive_19930090698	https://archive.org/download/NASA_NTRS_Archive_19930090698/NASA_NTRS_Archive_19930090698_djvu.txt	?	-
NASA_NTRS_Archive_19930090699	https://archive.org/download/NASA_NTRS_Archive_19930090699/NASA_NTRS_Archive_19930090699_djvu.txt	?	-
NASA_NTRS_Archive_19930090700	https://archive.org/download/NASA_NTRS_Archive_19930090700/NASA_NTRS_Archive_19930090700_djvu.txt	?	-
NASA_NTRS_Archive_19930090701	https://archive.org/download/NASA_NTRS_Archive_19930090701/NASA_NTRS_Archive_19930090701_djvu.txt	?	-
NASA_NTRS_Archive_19930090702	https://archive.org/download/NASA_NTRS_Archive_19930090702/NASA_NTRS_Archive_19930090702_djvu.txt	?	-
NASA_NTRS_Archive_19930090703	https://archive.org/download/NASA_NTRS_Archive_19930090703/NASA_NTRS_Archive_19930090703_djvu.txt	?	-
NASA_NTRS_Archive_19930090705	https://archive.org/download/NASA_NTRS_Archive_19930090705/NASA_NTRS_Archive_19930090705_djvu.txt	?	-
NASA_NTRS_Archive_19930090706	https://archive.org/download/NASA_NTRS_Archive_19930090706/NASA_NTRS_Archive_19930090706_djvu.txt	?	-
NASA_NTRS_Archive_19930090707	https://archive.org/download/NASA_NTRS_Archive_19930090707/NASA_NTRS_Archive_19930090707_djvu.txt	?	-
NASA_NTRS_Archive_19930090708	https://archive.org/download/NASA_NTRS_Archive_19930090708/NASA_NTRS_Archive_19930090708_djvu.txt	?	-
NASA_NTRS_Archive_19930090709	https://archive.org/download/NASA_NTRS_Archive_19930090709/NASA_NTRS_Archive_19930090709_djvu.txt	?	-
NASA_NTRS_Archive_19930090710	https://archive.org/download/NASA_NTRS_Archive_19930090710/NASA_NTRS_Archive_19930090710_djvu.txt	?	-
NASA_NTRS_Archive_19930090711	https://archive.org/download/NASA_NTRS_Archive_19930090711/NASA_NTRS_Archive_19930090711_djvu.txt	?	-
NASA_NTRS_Archive_19930090712	https://archive.org/download/NASA_NTRS_Archive_19930090712/NASA_NTRS_Archive_19930090712_djvu.txt	?	-
NASA_NTRS_Archive_19930090713	https://archive.org/download/NASA_NTRS_Archive_19930090713/NASA_NTRS_Archive_19930090713_djvu.txt	?	-
NASA_NTRS_Archive_19930090714	https://archive.org/download/NASA_NTRS_Archive_19930090714/NASA_NTRS_Archive_19930090714_djvu.txt	?	-
NASA_NTRS_Archive_19930090715	https://archive.org/download/NASA_NTRS_Archive_19930090715/NASA_NTRS_Archive_19930090715_djvu.txt	?	-
NASA_NTRS_Archive_19930090716	https://archive.org/download/NASA_NTRS_Archive_19930090716/NASA_NTRS_Archive_19930090716_djvu.txt	?	-
NASA_NTRS_Archive_19930090717	https://archive.org/download/NASA_NTRS_Archive_19930090717/NASA_NTRS_Archive_19930090717_djvu.txt	?	-
NASA_NTRS_Archive_19930090718	https://archive.org/download/NASA_NTRS_Archive_19930090718/NASA_NTRS_Archive_19930090718_djvu.txt	?	-
NASA_NTRS_Archive_19930090720	https://archive.org/download/NASA_NTRS_Archive_19930090720/NASA_NTRS_Archive_19930090720_djvu.txt	?	-
NASA_NTRS_Archive_19930090721	https://archive.org/download/NASA_NTRS_Archive_19930090721/NASA_NTRS_Archive_19930090721_djvu.txt	?	-
NASA_NTRS_Archive_19930090722	https://archive.org/download/NASA_NTRS_Archive_19930090722/NASA_NTRS_Archive_19930090722_djvu.txt	?	-
NASA_NTRS_Archive_19930090723	https://archive.org/download/NASA_NTRS_Archive_19930090723/NASA_NTRS_Archive_19930090723_djvu.txt	?	-
NASA_NTRS_Archive_19930090724	https://archive.org/download/NASA_NTRS_Archive_19930090724/NASA_NTRS_Archive_19930090724_djvu.txt	?	-
NASA_NTRS_Archive_19930090725	https://archive.org/download/NASA_NTRS_Archive_19930090725/NASA_NTRS_Archive_19930090725_djvu.txt	?	-
NASA_NTRS_Archive_19930090726	https://archive.org/download/NASA_NTRS_Archive_19930090726/NASA_NTRS_Archive_19930090726_djvu.txt	?	-
NASA_NTRS_Archive_19930090727	https://archive.org/download/NASA_NTRS_Archive_19930090727/NASA_NTRS_Archive_19930090727_djvu.txt	?	-
NASA_NTRS_Archive_19930090728	https://archive.org/download/NASA_NTRS_Archive_19930090728/NASA_NTRS_Archive_19930090728_djvu.txt	?	-
NASA_NTRS_Archive_19930090729	https://archive.org/download/NASA_NTRS_Archive_19930090729/NASA_NTRS_Archive_19930090729_djvu.txt	?	-
NASA_NTRS_Archive_19930090730	https://archive.org/download/NASA_NTRS_Archive_19930090730/NASA_NTRS_Archive_19930090730_djvu.txt	?	-
NASA_NTRS_Archive_19930090731	https://archive.org/download/NASA_NTRS_Archive_19930090731/NASA_NTRS_Archive_19930090731_djvu.txt	?	-
NASA_NTRS_Archive_19930090732	https://archive.org/download/NASA_NTRS_Archive_19930090732/NASA_NTRS_Archive_19930090732_djvu.txt	?	-
NASA_NTRS_Archive_19930090733	https://archive.org/download/NASA_NTRS_Archive_19930090733/NASA_NTRS_Archive_19930090733_djvu.txt	?	-
NASA_NTRS_Archive_19930090734	https://archive.org/download/NASA_NTRS_Archive_19930090734/NASA_NTRS_Archive_19930090734_djvu.txt	?	-
NASA_NTRS_Archive_19930090735	https://archive.org/download/NASA_NTRS_Archive_19930090735/NASA_NTRS_Archive_19930090735_djvu.txt	?	-
NASA_NTRS_Archive_19930090736	https://archive.org/download/NASA_NTRS_Archive_19930090736/NASA_NTRS_Archive_19930090736_djvu.txt	?	-
NASA_NTRS_Archive_19930090737	https://archive.org/download/NASA_NTRS_Archive_19930090737/NASA_NTRS_Archive_19930090737_djvu.txt	?	-
NASA_NTRS_Archive_19930090738	https://archive.org/download/NASA_NTRS_Archive_19930090738/NASA_NTRS_Archive_19930090738_djvu.txt	?	-
NASA_NTRS_Archive_19930090739	https://archive.org/download/NASA_NTRS_Archive_19930090739/NASA_NTRS_Archive_19930090739_djvu.txt	?	-
NASA_NTRS_Archive_19930090740	https://archive.org/download/NASA_NTRS_Archive_19930090740/NASA_NTRS_Archive_19930090740_djvu.txt	?	-
NASA_NTRS_Archive_19930090741	https://archive.org/download/NASA_NTRS_Archive_19930090741/NASA_NTRS_Archive_19930090741_djvu.txt	?	-
NASA_NTRS_Archive_19930090742	https://archive.org/download/NASA_NTRS_Archive_19930090742/NASA_NTRS_Archive_19930090742_djvu.txt	?	-
NASA_NTRS_Archive_19930090743	https://archive.org/download/NASA_NTRS_Archive_19930090743/NASA_NTRS_Archive_19930090743_djvu.txt	?	-
NASA_NTRS_Archive_19930090744	https://archive.org/download/NASA_NTRS_Archive_19930090744/NASA_NTRS_Archive_19930090744_djvu.txt	?	-
NASA_NTRS_Archive_19930090745	https://archive.org/download/NASA_NTRS_Archive_19930090745/NASA_NTRS_Archive_19930090745_djvu.txt	?	-
NASA_NTRS_Archive_19930090746	https://archive.org/download/NASA_NTRS_Archive_19930090746/NASA_NTRS_Archive_19930090746_djvu.txt	?	-
NASA_NTRS_Archive_19930090748	https://archive.org/download/NASA_NTRS_Archive_19930090748/NASA_NTRS_Archive_19930090748_djvu.txt	?	-
NASA_NTRS_Archive_19930090749	https://archive.org/download/NASA_NTRS_Archive_19930090749/NASA_NTRS_Archive_19930090749_djvu.txt	?	-
NASA_NTRS_Archive_19930090750	https://archive.org/download/NASA_NTRS_Archive_19930090750/NASA_NTRS_Archive_19930090750_djvu.txt	?	-
NASA_NTRS_Archive_19930090751	https://archive.org/download/NASA_NTRS_Archive_19930090751/NASA_NTRS_Archive_19930090751_djvu.txt	?	-
NASA_NTRS_Archive_19930090752	https://archive.org/download/NASA_NTRS_Archive_19930090752/NASA_NTRS_Archive_19930090752_djvu.txt	?	-
NASA_NTRS_Archive_19930090753	https://archive.org/download/NASA_NTRS_Archive_19930090753/NASA_NTRS_Archive_19930090753_djvu.txt	?	-
NASA_NTRS_Archive_19930090754	https://archive.org/download/NASA_NTRS_Archive_19930090754/NASA_NTRS_Archive_19930090754_djvu.txt	?	-
NASA_NTRS_Archive_19930090755	https://archive.org/download/NASA_NTRS_Archive_19930090755/NASA_NTRS_Archive_19930090755_djvu.txt	?	-
NASA_NTRS_Archive_19930090756	https://archive.org/download/NASA_NTRS_Archive_19930090756/NASA_NTRS_Archive_19930090756_djvu.txt	?	-
NASA_NTRS_Archive_19930090757	https://archive.org/download/NASA_NTRS_Archive_19930090757/NASA_NTRS_Archive_19930090757_djvu.txt	?	-
NASA_NTRS_Archive_19930090758	https://archive.org/download/NASA_NTRS_Archive_19930090758/NASA_NTRS_Archive_19930090758_djvu.txt	?	-
NASA_NTRS_Archive_19930090759	https://archive.org/download/NASA_NTRS_Archive_19930090759/NASA_NTRS_Archive_19930090759_djvu.txt	?	-
NASA_NTRS_Archive_19930090760	https://archive.org/download/NASA_NTRS_Archive_19930090760/NASA_NTRS_Archive_19930090760_djvu.txt	?	-
NASA_NTRS_Archive_19930090761	https://archive.org/download/NASA_NTRS_Archive_19930090761/NASA_NTRS_Archive_19930090761_djvu.txt	?	-
NASA_NTRS_Archive_19930090762	https://archive.org/download/NASA_NTRS_Archive_19930090762/NASA_NTRS_Archive_19930090762_djvu.txt	?	-
NASA_NTRS_Archive_19930090763	https://archive.org/download/NASA_NTRS_Archive_19930090763/NASA_NTRS_Archive_19930090763_djvu.txt	?	-
NASA_NTRS_Archive_19930090764	https://archive.org/download/NASA_NTRS_Archive_19930090764/NASA_NTRS_Archive_19930090764_djvu.txt	?	-
NASA_NTRS_Archive_19930090765	https://archive.org/download/NASA_NTRS_Archive_19930090765/NASA_NTRS_Archive_19930090765_djvu.txt	?	-
NASA_NTRS_Archive_19930090766	https://archive.org/download/NASA_NTRS_Archive_19930090766/NASA_NTRS_Archive_19930090766_djvu.txt	?	-
NASA_NTRS_Archive_19930090767	https://archive.org/download/NASA_NTRS_Archive_19930090767/NASA_NTRS_Archive_19930090767_djvu.txt	?	-
NASA_NTRS_Archive_19930090768	https://archive.org/download/NASA_NTRS_Archive_19930090768/NASA_NTRS_Archive_19930090768_djvu.txt	?	-
NASA_NTRS_Archive_19930090769	https://archive.org/download/NASA_NTRS_Archive_19930090769/NASA_NTRS_Archive_19930090769_djvu.txt	?	-
NASA_NTRS_Archive_19930090770	https://archive.org/download/NASA_NTRS_Archive_19930090770/NASA_NTRS_Archive_19930090770_djvu.txt	?	-
NASA_NTRS_Archive_19930090771	https://archive.org/download/NASA_NTRS_Archive_19930090771/NASA_NTRS_Archive_19930090771_djvu.txt	?	-
NASA_NTRS_Archive_19930090772	https://archive.org/download/NASA_NTRS_Archive_19930090772/NASA_NTRS_Archive_19930090772_djvu.txt	?	-
NASA_NTRS_Archive_19930090773	https://archive.org/download/NASA_NTRS_Archive_19930090773/NASA_NTRS_Archive_19930090773_djvu.txt	?	-
NASA_NTRS_Archive_19930090774	https://archive.org/download/NASA_NTRS_Archive_19930090774/NASA_NTRS_Archive_19930090774_djvu.txt	?	-
NASA_NTRS_Archive_19930090775	https://archive.org/download/NASA_NTRS_Archive_19930090775/NASA_NTRS_Archive_19930090775_djvu.txt	?	-
NASA_NTRS_Archive_19930090776	https://archive.org/download/NASA_NTRS_Archive_19930090776/NASA_NTRS_Archive_19930090776_djvu.txt	?	-
NASA_NTRS_Archive_19930090777	https://archive.org/download/NASA_NTRS_Archive_19930090777/NASA_NTRS_Archive_19930090777_djvu.txt	?	-
NASA_NTRS_Archive_19930090778	https://archive.org/download/NASA_NTRS_Archive_19930090778/NASA_NTRS_Archive_19930090778_djvu.txt	?	-
NASA_NTRS_Archive_19930090779	https://archive.org/download/NASA_NTRS_Archive_19930090779/NASA_NTRS_Archive_19930090779_djvu.txt	?	-
NASA_NTRS_Archive_19930090780	https://archive.org/download/NASA_NTRS_Archive_19930090780/NASA_NTRS_Archive_19930090780_djvu.txt	?	-
NASA_NTRS_Archive_19930090781	https://archive.org/download/NASA_NTRS_Archive_19930090781/NASA_NTRS_Archive_19930090781_djvu.txt	?	-
NASA_NTRS_Archive_19930090782	https://archive.org/download/NASA_NTRS_Archive_19930090782/NASA_NTRS_Archive_19930090782_djvu.txt	?	-
NASA_NTRS_Archive_19930090783	https://archive.org/download/NASA_NTRS_Archive_19930090783/NASA_NTRS_Archive_19930090783_djvu.txt	?	-
NASA_NTRS_Archive_19930090784	https://archive.org/download/NASA_NTRS_Archive_19930090784/NASA_NTRS_Archive_19930090784_djvu.txt	?	-
NASA_NTRS_Archive_19930090785	https://archive.org/download/NASA_NTRS_Archive_19930090785/NASA_NTRS_Archive_19930090785_djvu.txt	?	-
NASA_NTRS_Archive_19930090786	https://archive.org/download/NASA_NTRS_Archive_19930090786/NASA_NTRS_Archive_19930090786_djvu.txt	?	-
NASA_NTRS_Archive_19930090787	https://archive.org/download/NASA_NTRS_Archive_19930090787/NASA_NTRS_Archive_19930090787_djvu.txt	?	-
NASA_NTRS_Archive_19930090788	https://archive.org/download/NASA_NTRS_Archive_19930090788/NASA_NTRS_Archive_19930090788_djvu.txt	?	-
NASA_NTRS_Archive_19930090789	https://archive.org/download/NASA_NTRS_Archive_19930090789/NASA_NTRS_Archive_19930090789_djvu.txt	?	-
NASA_NTRS_Archive_19930090790	https://archive.org/download/NASA_NTRS_Archive_19930090790/NASA_NTRS_Archive_19930090790_djvu.txt	?	-
NASA_NTRS_Archive_19930090791	https://archive.org/download/NASA_NTRS_Archive_19930090791/NASA_NTRS_Archive_19930090791_djvu.txt	?	-
NASA_NTRS_Archive_19930090792	https://archive.org/download/NASA_NTRS_Archive_19930090792/NASA_NTRS_Archive_19930090792_djvu.txt	?	-
NASA_NTRS_Archive_19930090793	https://archive.org/download/NASA_NTRS_Archive_19930090793/NASA_NTRS_Archive_19930090793_djvu.txt	?	-
NASA_NTRS_Archive_19930090794	https://archive.org/download/NASA_NTRS_Archive_19930090794/NASA_NTRS_Archive_19930090794_djvu.txt	?	-
NASA_NTRS_Archive_19930090795	https://archive.org/download/NASA_NTRS_Archive_19930090795/NASA_NTRS_Archive_19930090795_djvu.txt	?	-
NASA_NTRS_Archive_19930090796	https://archive.org/download/NASA_NTRS_Archive_19930090796/NASA_NTRS_Archive_19930090796_djvu.txt	?	-
NASA_NTRS_Archive_19930090797	https://archive.org/download/NASA_NTRS_Archive_19930090797/NASA_NTRS_Archive_19930090797_djvu.txt	?	-
NASA_NTRS_Archive_19930090798	https://archive.org/download/NASA_NTRS_Archive_19930090798/NASA_NTRS_Archive_19930090798_djvu.txt	?	-
NASA_NTRS_Archive_19930090799	https://archive.org/download/NASA_NTRS_Archive_19930090799/NASA_NTRS_Archive_19930090799_djvu.txt	?	-
NASA_NTRS_Archive_19930090800	https://archive.org/download/NASA_NTRS_Archive_19930090800/NASA_NTRS_Archive_19930090800_djvu.txt	?	-
NASA_NTRS_Archive_19930090801	https://archive.org/download/NASA_NTRS_Archive_19930090801/NASA_NTRS_Archive_19930090801_djvu.txt	?	-
NASA_NTRS_Archive_19930090802	https://archive.org/download/NASA_NTRS_Archive_19930090802/NASA_NTRS_Archive_19930090802_djvu.txt	?	-
NASA_NTRS_Archive_19930090803	https://archive.org/download/NASA_NTRS_Archive_19930090803/NASA_NTRS_Archive_19930090803_djvu.txt	?	-
NASA_NTRS_Archive_19930090804	https://archive.org/download/NASA_NTRS_Archive_19930090804/NASA_NTRS_Archive_19930090804_djvu.txt	?	-
NASA_NTRS_Archive_19930090805	https://archive.org/download/NASA_NTRS_Archive_19930090805/NASA_NTRS_Archive_19930090805_djvu.txt	?	-
NASA_NTRS_Archive_19930090806	https://archive.org/download/NASA_NTRS_Archive_19930090806/NASA_NTRS_Archive_19930090806_djvu.txt	?	-
NASA_NTRS_Archive_19930090807	https://archive.org/download/NASA_NTRS_Archive_19930090807/NASA_NTRS_Archive_19930090807_djvu.txt	?	-
NASA_NTRS_Archive_19930090808	https://archive.org/download/NASA_NTRS_Archive_19930090808/NASA_NTRS_Archive_19930090808_djvu.txt	?	-
NASA_NTRS_Archive_19930090809	https://archive.org/download/NASA_NTRS_Archive_19930090809/NASA_NTRS_Archive_19930090809_djvu.txt	?	-
NASA_NTRS_Archive_19930090810	https://archive.org/download/NASA_NTRS_Archive_19930090810/NASA_NTRS_Archive_19930090810_djvu.txt	?	-
NASA_NTRS_Archive_19930090811	https://archive.org/download/NASA_NTRS_Archive_19930090811/NASA_NTRS_Archive_19930090811_djvu.txt	?	-
NASA_NTRS_Archive_19930090812	https://archive.org/download/NASA_NTRS_Archive_19930090812/NASA_NTRS_Archive_19930090812_djvu.txt	?	-
NASA_NTRS_Archive_19930090813	https://archive.org/download/NASA_NTRS_Archive_19930090813/NASA_NTRS_Archive_19930090813_djvu.txt	?	-
NASA_NTRS_Archive_19930090814	https://archive.org/download/NASA_NTRS_Archive_19930090814/NASA_NTRS_Archive_19930090814_djvu.txt	?	-
NASA_NTRS_Archive_19930090815	https://archive.org/download/NASA_NTRS_Archive_19930090815/NASA_NTRS_Archive_19930090815_djvu.txt	?	-
NASA_NTRS_Archive_19930090816	https://archive.org/download/NASA_NTRS_Archive_19930090816/NASA_NTRS_Archive_19930090816_djvu.txt	?	-
NASA_NTRS_Archive_19930090817	https://archive.org/download/NASA_NTRS_Archive_19930090817/NASA_NTRS_Archive_19930090817_djvu.txt	?	-
NASA_NTRS_Archive_19930090818	https://archive.org/download/NASA_NTRS_Archive_19930090818/NASA_NTRS_Archive_19930090818_djvu.txt	?	-
NASA_NTRS_Archive_19930090819	https://archive.org/download/NASA_NTRS_Archive_19930090819/NASA_NTRS_Archive_19930090819_djvu.txt	?	-
NASA_NTRS_Archive_19930090820	https://archive.org/download/NASA_NTRS_Archive_19930090820/NASA_NTRS_Archive_19930090820_djvu.txt	?	-
NASA_NTRS_Archive_19930090821	https://archive.org/download/NASA_NTRS_Archive_19930090821/NASA_NTRS_Archive_19930090821_djvu.txt	?	-
NASA_NTRS_Archive_19930090822	https://archive.org/download/NASA_NTRS_Archive_19930090822/NASA_NTRS_Archive_19930090822_djvu.txt	?	-
NASA_NTRS_Archive_19930090823	https://archive.org/download/NASA_NTRS_Archive_19930090823/NASA_NTRS_Archive_19930090823_djvu.txt	?	-
NASA_NTRS_Archive_19930090824	https://archive.org/download/NASA_NTRS_Archive_19930090824/NASA_NTRS_Archive_19930090824_djvu.txt	?	-
NASA_NTRS_Archive_19930090825	https://archive.org/download/NASA_NTRS_Archive_19930090825/NASA_NTRS_Archive_19930090825_djvu.txt	?	-
NASA_NTRS_Archive_19930090826	https://archive.org/download/NASA_NTRS_Archive_19930090826/NASA_NTRS_Archive_19930090826_djvu.txt	?	-
NASA_NTRS_Archive_19930090827	https://archive.org/download/NASA_NTRS_Archive_19930090827/NASA_NTRS_Archive_19930090827_djvu.txt	?	-
NASA_NTRS_Archive_19930090828	https://archive.org/download/NASA_NTRS_Archive_19930090828/NASA_NTRS_Archive_19930090828_djvu.txt	?	-
NASA_NTRS_Archive_19930090829	https://archive.org/download/NASA_NTRS_Archive_19930090829/NASA_NTRS_Archive_19930090829_djvu.txt	?	-
NASA_NTRS_Archive_19930090830	https://archive.org/download/NASA_NTRS_Archive_19930090830/NASA_NTRS_Archive_19930090830_djvu.txt	?	-
NASA_NTRS_Archive_19930090831	https://archive.org/download/NASA_NTRS_Archive_19930090831/NASA_NTRS_Archive_19930090831_djvu.txt	?	-
NASA_NTRS_Archive_19930090832	https://archive.org/download/NASA_NTRS_Archive_19930090832/NASA_NTRS_Archive_19930090832_djvu.txt	?	-
NASA_NTRS_Archive_19930090833	https://archive.org/download/NASA_NTRS_Archive_19930090833/NASA_NTRS_Archive_19930090833_djvu.txt	?	-
NASA_NTRS_Archive_19930090834	https://archive.org/download/NASA_NTRS_Archive_19930090834/NASA_NTRS_Archive_19930090834_djvu.txt	?	-
NASA_NTRS_Archive_19930090835	https://archive.org/download/NASA_NTRS_Archive_19930090835/NASA_NTRS_Archive_19930090835_djvu.txt	?	-
NASA_NTRS_Archive_19930090836	https://archive.org/download/NASA_NTRS_Archive_19930090836/NASA_NTRS_Archive_19930090836_djvu.txt	?	-
NASA_NTRS_Archive_19930090837	https://archive.org/download/NASA_NTRS_Archive_19930090837/NASA_NTRS_Archive_19930090837_djvu.txt	?	-
NASA_NTRS_Archive_19930090838	https://archive.org/download/NASA_NTRS_Archive_19930090838/NASA_NTRS_Archive_19930090838_djvu.txt	?	-
NASA_NTRS_Archive_19930090839	https://archive.org/download/NASA_NTRS_Archive_19930090839/NASA_NTRS_Archive_19930090839_djvu.txt	?	-
NASA_NTRS_Archive_19930090840	https://archive.org/download/NASA_NTRS_Archive_19930090840/NASA_NTRS_Archive_19930090840_djvu.txt	?	-
NASA_NTRS_Archive_19930090841	https://archive.org/download/NASA_NTRS_Archive_19930090841/NASA_NTRS_Archive_19930090841_djvu.txt	?	-
NASA_NTRS_Archive_19930090842	https://archive.org/download/NASA_NTRS_Archive_19930090842/NASA_NTRS_Archive_19930090842_djvu.txt	?	-
NASA_NTRS_Archive_19930090843	https://archive.org/download/NASA_NTRS_Archive_19930090843/NASA_NTRS_Archive_19930090843_djvu.txt	?	-
NASA_NTRS_Archive_19930090844	https://archive.org/download/NASA_NTRS_Archive_19930090844/NASA_NTRS_Archive_19930090844_djvu.txt	?	-
NASA_NTRS_Archive_19930090845	https://archive.org/download/NASA_NTRS_Archive_19930090845/NASA_NTRS_Archive_19930090845_djvu.txt	?	-
NASA_NTRS_Archive_19930090846	https://archive.org/download/NASA_NTRS_Archive_19930090846/NASA_NTRS_Archive_19930090846_djvu.txt	?	-
NASA_NTRS_Archive_19930090847	https://archive.org/download/NASA_NTRS_Archive_19930090847/NASA_NTRS_Archive_19930090847_djvu.txt	?	-
NASA_NTRS_Archive_19930090848	https://archive.org/download/NASA_NTRS_Archive_19930090848/NASA_NTRS_Archive_19930090848_djvu.txt	?	-
NASA_NTRS_Archive_19930090849	https://archive.org/download/NASA_NTRS_Archive_19930090849/NASA_NTRS_Archive_19930090849_djvu.txt	?	-
NASA_NTRS_Archive_19930090850	https://archive.org/download/NASA_NTRS_Archive_19930090850/NASA_NTRS_Archive_19930090850_djvu.txt	?	-
NASA_NTRS_Archive_19930090851	https://archive.org/download/NASA_NTRS_Archive_19930090851/NASA_NTRS_Archive_19930090851_djvu.txt	?	-
NASA_NTRS_Archive_19930090852	https://archive.org/download/NASA_NTRS_Archive_19930090852/NASA_NTRS_Archive_19930090852_djvu.txt	?	-
NASA_NTRS_Archive_19930090853	https://archive.org/download/NASA_NTRS_Archive_19930090853/NASA_NTRS_Archive_19930090853_djvu.txt	?	-
NASA_NTRS_Archive_19930090854	https://archive.org/download/NASA_NTRS_Archive_19930090854/NASA_NTRS_Archive_19930090854_djvu.txt	?	-
NASA_NTRS_Archive_19930090855	https://archive.org/download/NASA_NTRS_Archive_19930090855/NASA_NTRS_Archive_19930090855_djvu.txt	?	-
NASA_NTRS_Archive_19930090856	https://archive.org/download/NASA_NTRS_Archive_19930090856/NASA_NTRS_Archive_19930090856_djvu.txt	?	-
NASA_NTRS_Archive_19930090857	https://archive.org/download/NASA_NTRS_Archive_19930090857/NASA_NTRS_Archive_19930090857_djvu.txt	?	-
NASA_NTRS_Archive_19930090858	https://archive.org/download/NASA_NTRS_Archive_19930090858/NASA_NTRS_Archive_19930090858_djvu.txt	?	-
NASA_NTRS_Archive_19930090859	https://archive.org/download/NASA_NTRS_Archive_19930090859/NASA_NTRS_Archive_19930090859_djvu.txt	?	-
NASA_NTRS_Archive_19930090860	https://archive.org/download/NASA_NTRS_Archive_19930090860/NASA_NTRS_Archive_19930090860_djvu.txt	?	-
NASA_NTRS_Archive_19930090861	https://archive.org/download/NASA_NTRS_Archive_19930090861/NASA_NTRS_Archive_19930090861_djvu.txt	?	-
NASA_NTRS_Archive_19930090862	https://archive.org/download/NASA_NTRS_Archive_19930090862/NASA_NTRS_Archive_19930090862_djvu.txt	?	-
NASA_NTRS_Archive_19930090863	https://archive.org/download/NASA_NTRS_Archive_19930090863/NASA_NTRS_Archive_19930090863_djvu.txt	?	-
NASA_NTRS_Archive_19930090864	https://archive.org/download/NASA_NTRS_Archive_19930090864/NASA_NTRS_Archive_19930090864_djvu.txt	?	-
NASA_NTRS_Archive_19930090865	https://archive.org/download/NASA_NTRS_Archive_19930090865/NASA_NTRS_Archive_19930090865_djvu.txt	?	-
NASA_NTRS_Archive_19930090866	https://archive.org/download/NASA_NTRS_Archive_19930090866/NASA_NTRS_Archive_19930090866_djvu.txt	?	-
NASA_NTRS_Archive_19930090867	https://archive.org/download/NASA_NTRS_Archive_19930090867/NASA_NTRS_Archive_19930090867_djvu.txt	?	-
NASA_NTRS_Archive_19930090868	https://archive.org/download/NASA_NTRS_Archive_19930090868/NASA_NTRS_Archive_19930090868_djvu.txt	?	-
NASA_NTRS_Archive_19930090869	https://archive.org/download/NASA_NTRS_Archive_19930090869/NASA_NTRS_Archive_19930090869_djvu.txt	?	-
NASA_NTRS_Archive_19930090870	https://archive.org/download/NASA_NTRS_Archive_19930090870/NASA_NTRS_Archive_19930090870_djvu.txt	?	-
NASA_NTRS_Archive_19930090871	https://archive.org/download/NASA_NTRS_Archive_19930090871/NASA_NTRS_Archive_19930090871_djvu.txt	?	-
NASA_NTRS_Archive_19930090872	https://archive.org/download/NASA_NTRS_Archive_19930090872/NASA_NTRS_Archive_19930090872_djvu.txt	?	-
NASA_NTRS_Archive_19930090873	https://archive.org/download/NASA_NTRS_Archive_19930090873/NASA_NTRS_Archive_19930090873_djvu.txt	?	-
NASA_NTRS_Archive_19930090874	https://archive.org/download/NASA_NTRS_Archive_19930090874/NASA_NTRS_Archive_19930090874_djvu.txt	?	-
NASA_NTRS_Archive_19930090875	https://archive.org/download/NASA_NTRS_Archive_19930090875/NASA_NTRS_Archive_19930090875_djvu.txt	?	-
NASA_NTRS_Archive_19930090876	https://archive.org/download/NASA_NTRS_Archive_19930090876/NASA_NTRS_Archive_19930090876_djvu.txt	?	-
NASA_NTRS_Archive_19930090877	https://archive.org/download/NASA_NTRS_Archive_19930090877/NASA_NTRS_Archive_19930090877_djvu.txt	?	-
NASA_NTRS_Archive_19930090878	https://archive.org/download/NASA_NTRS_Archive_19930090878/NASA_NTRS_Archive_19930090878_djvu.txt	?	-
NASA_NTRS_Archive_19930090879	https://archive.org/download/NASA_NTRS_Archive_19930090879/NASA_NTRS_Archive_19930090879_djvu.txt	?	-
NASA_NTRS_Archive_19930090880	https://archive.org/download/NASA_NTRS_Archive_19930090880/NASA_NTRS_Archive_19930090880_djvu.txt	?	-
NASA_NTRS_Archive_19930090881	https://archive.org/download/NASA_NTRS_Archive_19930090881/NASA_NTRS_Archive_19930090881_djvu.txt	?	-
NASA_NTRS_Archive_19930090882	https://archive.org/download/NASA_NTRS_Archive_19930090882/NASA_NTRS_Archive_19930090882_djvu.txt	?	-
NASA_NTRS_Archive_19930090883	https://archive.org/download/NASA_NTRS_Archive_19930090883/NASA_NTRS_Archive_19930090883_djvu.txt	?	-
NASA_NTRS_Archive_19930090884	https://archive.org/download/NASA_NTRS_Archive_19930090884/NASA_NTRS_Archive_19930090884_djvu.txt	?	-
NASA_NTRS_Archive_19930090885	https://archive.org/download/NASA_NTRS_Archive_19930090885/NASA_NTRS_Archive_19930090885_djvu.txt	?	-
NASA_NTRS_Archive_19930090886	https://archive.org/download/NASA_NTRS_Archive_19930090886/NASA_NTRS_Archive_19930090886_djvu.txt	?	-
NASA_NTRS_Archive_19930090887	https://archive.org/download/NASA_NTRS_Archive_19930090887/NASA_NTRS_Archive_19930090887_djvu.txt	?	-
NASA_NTRS_Archive_19930090888	https://archive.org/download/NASA_NTRS_Archive_19930090888/NASA_NTRS_Archive_19930090888_djvu.txt	?	-
NASA_NTRS_Archive_19930090889	https://archive.org/download/NASA_NTRS_Archive_19930090889/NASA_NTRS_Archive_19930090889_djvu.txt	?	-
NASA_NTRS_Archive_19930090890	https://archive.org/download/NASA_NTRS_Archive_19930090890/NASA_NTRS_Archive_19930090890_djvu.txt	?	-
NASA_NTRS_Archive_19930090891	https://archive.org/download/NASA_NTRS_Archive_19930090891/NASA_NTRS_Archive_19930090891_djvu.txt	?	-
NASA_NTRS_Archive_19930090892	https://archive.org/download/NASA_NTRS_Archive_19930090892/NASA_NTRS_Archive_19930090892_djvu.txt	?	-
NASA_NTRS_Archive_19930090893	https://archive.org/download/NASA_NTRS_Archive_19930090893/NASA_NTRS_Archive_19930090893_djvu.txt	?	-
NASA_NTRS_Archive_19930090896	https://archive.org/download/NASA_NTRS_Archive_19930090896/NASA_NTRS_Archive_19930090896_djvu.txt	?	-
NASA_NTRS_Archive_19930090897	https://archive.org/download/NASA_NTRS_Archive_19930090897/NASA_NTRS_Archive_19930090897_djvu.txt	?	-
NASA_NTRS_Archive_19930090898	https://archive.org/download/NASA_NTRS_Archive_19930090898/NASA_NTRS_Archive_19930090898_djvu.txt	?	-
NASA_NTRS_Archive_19930090899	https://archive.org/download/NASA_NTRS_Archive_19930090899/NASA_NTRS_Archive_19930090899_djvu.txt	?	-
NASA_NTRS_Archive_19930090900	https://archive.org/download/NASA_NTRS_Archive_19930090900/NASA_NTRS_Archive_19930090900_djvu.txt	?	-
NASA_NTRS_Archive_19930090901	https://archive.org/download/NASA_NTRS_Archive_19930090901/NASA_NTRS_Archive_19930090901_djvu.txt	?	-
NASA_NTRS_Archive_19930090902	https://archive.org/download/NASA_NTRS_Archive_19930090902/NASA_NTRS_Archive_19930090902_djvu.txt	?	-
NASA_NTRS_Archive_19930090903	https://archive.org/download/NASA_NTRS_Archive_19930090903/NASA_NTRS_Archive_19930090903_djvu.txt	?	-
NASA_NTRS_Archive_19930090904	https://archive.org/download/NASA_NTRS_Archive_19930090904/NASA_NTRS_Archive_19930090904_djvu.txt	?	-
NASA_NTRS_Archive_19930090905	https://archive.org/download/NASA_NTRS_Archive_19930090905/NASA_NTRS_Archive_19930090905_djvu.txt	?	-
NASA_NTRS_Archive_19930090931	https://archive.org/download/NASA_NTRS_Archive_19930090931/NASA_NTRS_Archive_19930090931_djvu.txt	?	-
NASA_NTRS_Archive_19930090936	https://archive.org/download/NASA_NTRS_Archive_19930090936/NASA_NTRS_Archive_19930090936_djvu.txt	?	-
NASA_NTRS_Archive_19930090937	https://archive.org/download/NASA_NTRS_Archive_19930090937/NASA_NTRS_Archive_19930090937_djvu.txt	?	-
NASA_NTRS_Archive_19930091025	https://archive.org/download/NASA_NTRS_Archive_19930091025/NASA_NTRS_Archive_19930091025_djvu.txt	?	-
NASA_NTRS_Archive_19930091026	https://archive.org/download/NASA_NTRS_Archive_19930091026/NASA_NTRS_Archive_19930091026_djvu.txt	?	-
NASA_NTRS_Archive_19930091027	https://archive.org/download/NASA_NTRS_Archive_19930091027/NASA_NTRS_Archive_19930091027_djvu.txt	?	-
NASA_NTRS_Archive_19930091028	https://archive.org/download/NASA_NTRS_Archive_19930091028/NASA_NTRS_Archive_19930091028_djvu.txt	?	-
NASA_NTRS_Archive_19930091029	https://archive.org/download/NASA_NTRS_Archive_19930091029/NASA_NTRS_Archive_19930091029_djvu.txt	?	-
NASA_NTRS_Archive_19930091030	https://archive.org/download/NASA_NTRS_Archive_19930091030/NASA_NTRS_Archive_19930091030_djvu.txt	?	-
NASA_NTRS_Archive_19930091031	https://archive.org/download/NASA_NTRS_Archive_19930091031/NASA_NTRS_Archive_19930091031_djvu.txt	?	-
NASA_NTRS_Archive_19930091032	https://archive.org/download/NASA_NTRS_Archive_19930091032/NASA_NTRS_Archive_19930091032_djvu.txt	?	-
NASA_NTRS_Archive_19930091033	https://archive.org/download/NASA_NTRS_Archive_19930091033/NASA_NTRS_Archive_19930091033_djvu.txt	?	-
NASA_NTRS_Archive_19930091034	https://archive.org/download/NASA_NTRS_Archive_19930091034/NASA_NTRS_Archive_19930091034_djvu.txt	?	-
NASA_NTRS_Archive_19930091035	https://archive.org/download/NASA_NTRS_Archive_19930091035/NASA_NTRS_Archive_19930091035_djvu.txt	?	-
NASA_NTRS_Archive_19930091036	https://archive.org/download/NASA_NTRS_Archive_19930091036/NASA_NTRS_Archive_19930091036_djvu.txt	?	-
NASA_NTRS_Archive_19930091037	https://archive.org/download/NASA_NTRS_Archive_19930091037/NASA_NTRS_Archive_19930091037_djvu.txt	?	-
NASA_NTRS_Archive_19930091038	https://archive.org/download/NASA_NTRS_Archive_19930091038/NASA_NTRS_Archive_19930091038_djvu.txt	?	-
NASA_NTRS_Archive_19930091039	https://archive.org/download/NASA_NTRS_Archive_19930091039/NASA_NTRS_Archive_19930091039_djvu.txt	?	-
NASA_NTRS_Archive_19930091040	https://archive.org/download/NASA_NTRS_Archive_19930091040/NASA_NTRS_Archive_19930091040_djvu.txt	?	-
NASA_NTRS_Archive_19930091041	https://archive.org/download/NASA_NTRS_Archive_19930091041/NASA_NTRS_Archive_19930091041_djvu.txt	?	-
NASA_NTRS_Archive_19930091044	https://archive.org/download/NASA_NTRS_Archive_19930091044/NASA_NTRS_Archive_19930091044_djvu.txt	?	-
NASA_NTRS_Archive_19930091045	https://archive.org/download/NASA_NTRS_Archive_19930091045/NASA_NTRS_Archive_19930091045_djvu.txt	?	-
NASA_NTRS_Archive_19930091046	https://archive.org/download/NASA_NTRS_Archive_19930091046/NASA_NTRS_Archive_19930091046_djvu.txt	?	-
NASA_NTRS_Archive_19930091047	https://archive.org/download/NASA_NTRS_Archive_19930091047/NASA_NTRS_Archive_19930091047_djvu.txt	?	-
NASA_NTRS_Archive_19930091049	https://archive.org/download/NASA_NTRS_Archive_19930091049/NASA_NTRS_Archive_19930091049_djvu.txt	?	-
NASA_NTRS_Archive_19930091050	https://archive.org/download/NASA_NTRS_Archive_19930091050/NASA_NTRS_Archive_19930091050_djvu.txt	?	-
NASA_NTRS_Archive_19930091051	https://archive.org/download/NASA_NTRS_Archive_19930091051/NASA_NTRS_Archive_19930091051_djvu.txt	?	-
NASA_NTRS_Archive_19930091052	https://archive.org/download/NASA_NTRS_Archive_19930091052/NASA_NTRS_Archive_19930091052_djvu.txt	?	-
NASA_NTRS_Archive_19930091053	https://archive.org/download/NASA_NTRS_Archive_19930091053/NASA_NTRS_Archive_19930091053_djvu.txt	?	-
NASA_NTRS_Archive_19930091054	https://archive.org/download/NASA_NTRS_Archive_19930091054/NASA_NTRS_Archive_19930091054_djvu.txt	?	-
NASA_NTRS_Archive_19930091055	https://archive.org/download/NASA_NTRS_Archive_19930091055/NASA_NTRS_Archive_19930091055_djvu.txt	?	-
NASA_NTRS_Archive_19930091056	https://archive.org/download/NASA_NTRS_Archive_19930091056/NASA_NTRS_Archive_19930091056_djvu.txt	?	-
NASA_NTRS_Archive_19930091057	https://archive.org/download/NASA_NTRS_Archive_19930091057/NASA_NTRS_Archive_19930091057_djvu.txt	?	-
NASA_NTRS_Archive_19930091058	https://archive.org/download/NASA_NTRS_Archive_19930091058/NASA_NTRS_Archive_19930091058_djvu.txt	?	-
NASA_NTRS_Archive_19930091061	https://archive.org/download/NASA_NTRS_Archive_19930091061/NASA_NTRS_Archive_19930091061_djvu.txt	?	-
NASA_NTRS_Archive_19930091062	https://archive.org/download/NASA_NTRS_Archive_19930091062/NASA_NTRS_Archive_19930091062_djvu.txt	?	-
NASA_NTRS_Archive_19930091063	https://archive.org/download/NASA_NTRS_Archive_19930091063/NASA_NTRS_Archive_19930091063_djvu.txt	?	-
NASA_NTRS_Archive_19930091064	https://archive.org/download/NASA_NTRS_Archive_19930091064/NASA_NTRS_Archive_19930091064_djvu.txt	?	-
NASA_NTRS_Archive_19930091065	https://archive.org/download/NASA_NTRS_Archive_19930091065/NASA_NTRS_Archive_19930091065_djvu.txt	?	-
NASA_NTRS_Archive_19930091066	https://archive.org/download/NASA_NTRS_Archive_19930091066/NASA_NTRS_Archive_19930091066_djvu.txt	?	-
NASA_NTRS_Archive_19930091067	https://archive.org/download/NASA_NTRS_Archive_19930091067/NASA_NTRS_Archive_19930091067_djvu.txt	?	-
NASA_NTRS_Archive_19930091068	https://archive.org/download/NASA_NTRS_Archive_19930091068/NASA_NTRS_Archive_19930091068_djvu.txt	?	-
NASA_NTRS_Archive_19930091069	https://archive.org/download/NASA_NTRS_Archive_19930091069/NASA_NTRS_Archive_19930091069_djvu.txt	?	-
NASA_NTRS_Archive_19930091070	https://archive.org/download/NASA_NTRS_Archive_19930091070/NASA_NTRS_Archive_19930091070_djvu.txt	?	-
NASA_NTRS_Archive_19930091071	https://archive.org/download/NASA_NTRS_Archive_19930091071/NASA_NTRS_Archive_19930091071_djvu.txt	?	-
NASA_NTRS_Archive_19930091072	https://archive.org/download/NASA_NTRS_Archive_19930091072/NASA_NTRS_Archive_19930091072_djvu.txt	?	-
NASA_NTRS_Archive_19930091073	https://archive.org/download/NASA_NTRS_Archive_19930091073/NASA_NTRS_Archive_19930091073_djvu.txt	?	-
NASA_NTRS_Archive_19930091074	https://archive.org/download/NASA_NTRS_Archive_19930091074/NASA_NTRS_Archive_19930091074_djvu.txt	?	-
NASA_NTRS_Archive_19930091075	https://archive.org/download/NASA_NTRS_Archive_19930091075/NASA_NTRS_Archive_19930091075_djvu.txt	?	-
NASA_NTRS_Archive_19930091076	https://archive.org/download/NASA_NTRS_Archive_19930091076/NASA_NTRS_Archive_19930091076_djvu.txt	?	-
NASA_NTRS_Archive_19930091077	https://archive.org/download/NASA_NTRS_Archive_19930091077/NASA_NTRS_Archive_19930091077_djvu.txt	?	-
NASA_NTRS_Archive_19930091078	https://archive.org/download/NASA_NTRS_Archive_19930091078/NASA_NTRS_Archive_19930091078_djvu.txt	?	-
NASA_NTRS_Archive_19930091079	https://archive.org/download/NASA_NTRS_Archive_19930091079/NASA_NTRS_Archive_19930091079_djvu.txt	?	-
NASA_NTRS_Archive_19930091086	https://archive.org/download/NASA_NTRS_Archive_19930091086/NASA_NTRS_Archive_19930091086_djvu.txt	?	-
NASA_NTRS_Archive_19930091087	https://archive.org/download/NASA_NTRS_Archive_19930091087/NASA_NTRS_Archive_19930091087_djvu.txt	?	-
NASA_NTRS_Archive_19930091096	https://archive.org/download/NASA_NTRS_Archive_19930091096/NASA_NTRS_Archive_19930091096_djvu.txt	?	-
NASA_NTRS_Archive_19930091097	https://archive.org/download/NASA_NTRS_Archive_19930091097/NASA_NTRS_Archive_19930091097_djvu.txt	?	-
NASA_NTRS_Archive_19930091108	https://archive.org/download/NASA_NTRS_Archive_19930091108/NASA_NTRS_Archive_19930091108_djvu.txt	?	-
NASA_NTRS_Archive_19930091112	https://archive.org/download/NASA_NTRS_Archive_19930091112/NASA_NTRS_Archive_19930091112_djvu.txt	?	-
NASA_NTRS_Archive_19930091113	https://archive.org/download/NASA_NTRS_Archive_19930091113/NASA_NTRS_Archive_19930091113_djvu.txt	?	-
NASA_NTRS_Archive_19930091114	https://archive.org/download/NASA_NTRS_Archive_19930091114/NASA_NTRS_Archive_19930091114_djvu.txt	?	-
NASA_NTRS_Archive_19930091115	https://archive.org/download/NASA_NTRS_Archive_19930091115/NASA_NTRS_Archive_19930091115_djvu.txt	?	-
NASA_NTRS_Archive_19930091116	https://archive.org/download/NASA_NTRS_Archive_19930091116/NASA_NTRS_Archive_19930091116_djvu.txt	?	-
NASA_NTRS_Archive_19930091117	https://archive.org/download/NASA_NTRS_Archive_19930091117/NASA_NTRS_Archive_19930091117_djvu.txt	?	-
NASA_NTRS_Archive_19930091118	https://archive.org/download/NASA_NTRS_Archive_19930091118/NASA_NTRS_Archive_19930091118_djvu.txt	?	-
NASA_NTRS_Archive_19930091119	https://archive.org/download/NASA_NTRS_Archive_19930091119/NASA_NTRS_Archive_19930091119_djvu.txt	?	-
NASA_NTRS_Archive_19930091120	https://archive.org/download/NASA_NTRS_Archive_19930091120/NASA_NTRS_Archive_19930091120_djvu.txt	?	-
NASA_NTRS_Archive_19930091121	https://archive.org/download/NASA_NTRS_Archive_19930091121/NASA_NTRS_Archive_19930091121_djvu.txt	?	-
NASA_NTRS_Archive_19930091122	https://archive.org/download/NASA_NTRS_Archive_19930091122/NASA_NTRS_Archive_19930091122_djvu.txt	?	-
NASA_NTRS_Archive_19930091123	https://archive.org/download/NASA_NTRS_Archive_19930091123/NASA_NTRS_Archive_19930091123_djvu.txt	?	-
NASA_NTRS_Archive_19930091124	https://archive.org/download/NASA_NTRS_Archive_19930091124/NASA_NTRS_Archive_19930091124_djvu.txt	?	-
NASA_NTRS_Archive_19930091125	https://archive.org/download/NASA_NTRS_Archive_19930091125/NASA_NTRS_Archive_19930091125_djvu.txt	?	-
NASA_NTRS_Archive_19930091126	https://archive.org/download/NASA_NTRS_Archive_19930091126/NASA_NTRS_Archive_19930091126_djvu.txt	?	-
NASA_NTRS_Archive_19930091127	https://archive.org/download/NASA_NTRS_Archive_19930091127/NASA_NTRS_Archive_19930091127_djvu.txt	?	-
NASA_NTRS_Archive_19930091128	https://archive.org/download/NASA_NTRS_Archive_19930091128/NASA_NTRS_Archive_19930091128_djvu.txt	?	-
NASA_NTRS_Archive_19930091129	https://archive.org/download/NASA_NTRS_Archive_19930091129/NASA_NTRS_Archive_19930091129_djvu.txt	?	-
NASA_NTRS_Archive_19930091130	https://archive.org/download/NASA_NTRS_Archive_19930091130/NASA_NTRS_Archive_19930091130_djvu.txt	?	-
NASA_NTRS_Archive_19930091131	https://archive.org/download/NASA_NTRS_Archive_19930091131/NASA_NTRS_Archive_19930091131_djvu.txt	?	-
NASA_NTRS_Archive_19930091132	https://archive.org/download/NASA_NTRS_Archive_19930091132/NASA_NTRS_Archive_19930091132_djvu.txt	?	-
NASA_NTRS_Archive_19930091133	https://archive.org/download/NASA_NTRS_Archive_19930091133/NASA_NTRS_Archive_19930091133_djvu.txt	?	-
NASA_NTRS_Archive_19930091134	https://archive.org/download/NASA_NTRS_Archive_19930091134/NASA_NTRS_Archive_19930091134_djvu.txt	?	-
NASA_NTRS_Archive_19930091135	https://archive.org/download/NASA_NTRS_Archive_19930091135/NASA_NTRS_Archive_19930091135_djvu.txt	?	-
NASA_NTRS_Archive_19930091136	https://archive.org/download/NASA_NTRS_Archive_19930091136/NASA_NTRS_Archive_19930091136_djvu.txt	?	-
NASA_NTRS_Archive_19930091137	https://archive.org/download/NASA_NTRS_Archive_19930091137/NASA_NTRS_Archive_19930091137_djvu.txt	?	-
NASA_NTRS_Archive_19930091138	https://archive.org/download/NASA_NTRS_Archive_19930091138/NASA_NTRS_Archive_19930091138_djvu.txt	?	-
NASA_NTRS_Archive_19930091139	https://archive.org/download/NASA_NTRS_Archive_19930091139/NASA_NTRS_Archive_19930091139_djvu.txt	?	-
NASA_NTRS_Archive_19930091140	https://archive.org/download/NASA_NTRS_Archive_19930091140/NASA_NTRS_Archive_19930091140_djvu.txt	?	-
NASA_NTRS_Archive_19930091141	https://archive.org/download/NASA_NTRS_Archive_19930091141/NASA_NTRS_Archive_19930091141_djvu.txt	?	-
NASA_NTRS_Archive_19930091142	https://archive.org/download/NASA_NTRS_Archive_19930091142/NASA_NTRS_Archive_19930091142_djvu.txt	?	-
NASA_NTRS_Archive_19930091143	https://archive.org/download/NASA_NTRS_Archive_19930091143/NASA_NTRS_Archive_19930091143_djvu.txt	?	-
NASA_NTRS_Archive_19930091144	https://archive.org/download/NASA_NTRS_Archive_19930091144/NASA_NTRS_Archive_19930091144_djvu.txt	?	-
NASA_NTRS_Archive_19930091145	https://archive.org/download/NASA_NTRS_Archive_19930091145/NASA_NTRS_Archive_19930091145_djvu.txt	?	-
NASA_NTRS_Archive_19930091146	https://archive.org/download/NASA_NTRS_Archive_19930091146/NASA_NTRS_Archive_19930091146_djvu.txt	?	-
NASA_NTRS_Archive_19930091147	https://archive.org/download/NASA_NTRS_Archive_19930091147/NASA_NTRS_Archive_19930091147_djvu.txt	?	-
NASA_NTRS_Archive_19930091148	https://archive.org/download/NASA_NTRS_Archive_19930091148/NASA_NTRS_Archive_19930091148_djvu.txt	?	-
NASA_NTRS_Archive_19930091149	https://archive.org/download/NASA_NTRS_Archive_19930091149/NASA_NTRS_Archive_19930091149_djvu.txt	?	-
NASA_NTRS_Archive_19930091151	https://archive.org/download/NASA_NTRS_Archive_19930091151/NASA_NTRS_Archive_19930091151_djvu.txt	?	-
NASA_NTRS_Archive_19930091152	https://archive.org/download/NASA_NTRS_Archive_19930091152/NASA_NTRS_Archive_19930091152_djvu.txt	?	-
NASA_NTRS_Archive_19930091153	https://archive.org/download/NASA_NTRS_Archive_19930091153/NASA_NTRS_Archive_19930091153_djvu.txt	?	-
NASA_NTRS_Archive_19930091155	https://archive.org/download/NASA_NTRS_Archive_19930091155/NASA_NTRS_Archive_19930091155_djvu.txt	?	-
NASA_NTRS_Archive_19930091156	https://archive.org/download/NASA_NTRS_Archive_19930091156/NASA_NTRS_Archive_19930091156_djvu.txt	?	-
NASA_NTRS_Archive_19930091157	https://archive.org/download/NASA_NTRS_Archive_19930091157/NASA_NTRS_Archive_19930091157_djvu.txt	?	-
NASA_NTRS_Archive_19930091158	https://archive.org/download/NASA_NTRS_Archive_19930091158/NASA_NTRS_Archive_19930091158_djvu.txt	?	-
NASA_NTRS_Archive_19930091159	https://archive.org/download/NASA_NTRS_Archive_19930091159/NASA_NTRS_Archive_19930091159_djvu.txt	?	-
NASA_NTRS_Archive_19930091160	https://archive.org/download/NASA_NTRS_Archive_19930091160/NASA_NTRS_Archive_19930091160_djvu.txt	?	-
NASA_NTRS_Archive_19930091161	https://archive.org/download/NASA_NTRS_Archive_19930091161/NASA_NTRS_Archive_19930091161_djvu.txt	?	-
NASA_NTRS_Archive_19930091162	https://archive.org/download/NASA_NTRS_Archive_19930091162/NASA_NTRS_Archive_19930091162_djvu.txt	?	-
NASA_NTRS_Archive_19930091163	https://archive.org/download/NASA_NTRS_Archive_19930091163/NASA_NTRS_Archive_19930091163_djvu.txt	?	-
NASA_NTRS_Archive_19930091164	https://archive.org/download/NASA_NTRS_Archive_19930091164/NASA_NTRS_Archive_19930091164_djvu.txt	?	-
NASA_NTRS_Archive_19930091165	https://archive.org/download/NASA_NTRS_Archive_19930091165/NASA_NTRS_Archive_19930091165_djvu.txt	?	-
NASA_NTRS_Archive_19930091166	https://archive.org/download/NASA_NTRS_Archive_19930091166/NASA_NTRS_Archive_19930091166_djvu.txt	?	-
NASA_NTRS_Archive_19930091167	https://archive.org/download/NASA_NTRS_Archive_19930091167/NASA_NTRS_Archive_19930091167_djvu.txt	?	-
NASA_NTRS_Archive_19930091168	https://archive.org/download/NASA_NTRS_Archive_19930091168/NASA_NTRS_Archive_19930091168_djvu.txt	?	-
NASA_NTRS_Archive_19930091169	https://archive.org/download/NASA_NTRS_Archive_19930091169/NASA_NTRS_Archive_19930091169_djvu.txt	?	-
NASA_NTRS_Archive_19930091170	https://archive.org/download/NASA_NTRS_Archive_19930091170/NASA_NTRS_Archive_19930091170_djvu.txt	?	-
NASA_NTRS_Archive_19930091171	https://archive.org/download/NASA_NTRS_Archive_19930091171/NASA_NTRS_Archive_19930091171_djvu.txt	?	-
NASA_NTRS_Archive_19930091172	https://archive.org/download/NASA_NTRS_Archive_19930091172/NASA_NTRS_Archive_19930091172_djvu.txt	?	-
NASA_NTRS_Archive_19930091173	https://archive.org/download/NASA_NTRS_Archive_19930091173/NASA_NTRS_Archive_19930091173_djvu.txt	?	-
NASA_NTRS_Archive_19930091174	https://archive.org/download/NASA_NTRS_Archive_19930091174/NASA_NTRS_Archive_19930091174_djvu.txt	?	-
NASA_NTRS_Archive_19930091175	https://archive.org/download/NASA_NTRS_Archive_19930091175/NASA_NTRS_Archive_19930091175_djvu.txt	?	-
NASA_NTRS_Archive_19930091176	https://archive.org/download/NASA_NTRS_Archive_19930091176/NASA_NTRS_Archive_19930091176_djvu.txt	?	-
NASA_NTRS_Archive_19930091178	https://archive.org/download/NASA_NTRS_Archive_19930091178/NASA_NTRS_Archive_19930091178_djvu.txt	?	-
NASA_NTRS_Archive_19930091179	https://archive.org/download/NASA_NTRS_Archive_19930091179/NASA_NTRS_Archive_19930091179_djvu.txt	?	-
NASA_NTRS_Archive_19930091180	https://archive.org/download/NASA_NTRS_Archive_19930091180/NASA_NTRS_Archive_19930091180_djvu.txt	?	-
NASA_NTRS_Archive_19930091181	https://archive.org/download/NASA_NTRS_Archive_19930091181/NASA_NTRS_Archive_19930091181_djvu.txt	?	-
NASA_NTRS_Archive_19930091182	https://archive.org/download/NASA_NTRS_Archive_19930091182/NASA_NTRS_Archive_19930091182_djvu.txt	?	-
NASA_NTRS_Archive_19930091183	https://archive.org/download/NASA_NTRS_Archive_19930091183/NASA_NTRS_Archive_19930091183_djvu.txt	?	-
NASA_NTRS_Archive_19930091184	https://archive.org/download/NASA_NTRS_Archive_19930091184/NASA_NTRS_Archive_19930091184_djvu.txt	?	-
NASA_NTRS_Archive_19930091185	https://archive.org/download/NASA_NTRS_Archive_19930091185/NASA_NTRS_Archive_19930091185_djvu.txt	?	-
NASA_NTRS_Archive_19930091186	https://archive.org/download/NASA_NTRS_Archive_19930091186/NASA_NTRS_Archive_19930091186_djvu.txt	?	-
NASA_NTRS_Archive_19930091187	https://archive.org/download/NASA_NTRS_Archive_19930091187/NASA_NTRS_Archive_19930091187_djvu.txt	?	-
NASA_NTRS_Archive_19930091188	https://archive.org/download/NASA_NTRS_Archive_19930091188/NASA_NTRS_Archive_19930091188_djvu.txt	?	-
NASA_NTRS_Archive_19930091189	https://archive.org/download/NASA_NTRS_Archive_19930091189/NASA_NTRS_Archive_19930091189_djvu.txt	?	-
NASA_NTRS_Archive_19930091190	https://archive.org/download/NASA_NTRS_Archive_19930091190/NASA_NTRS_Archive_19930091190_djvu.txt	?	-
NASA_NTRS_Archive_19930091191	https://archive.org/download/NASA_NTRS_Archive_19930091191/NASA_NTRS_Archive_19930091191_djvu.txt	?	-
NASA_NTRS_Archive_19930091192	https://archive.org/download/NASA_NTRS_Archive_19930091192/NASA_NTRS_Archive_19930091192_djvu.txt	?	-
NASA_NTRS_Archive_19930091193	https://archive.org/download/NASA_NTRS_Archive_19930091193/NASA_NTRS_Archive_19930091193_djvu.txt	?	-
NASA_NTRS_Archive_19930091194	https://archive.org/download/NASA_NTRS_Archive_19930091194/NASA_NTRS_Archive_19930091194_djvu.txt	?	-
NASA_NTRS_Archive_19930091196	https://archive.org/download/NASA_NTRS_Archive_19930091196/NASA_NTRS_Archive_19930091196_djvu.txt	?	-
NASA_NTRS_Archive_19930091197	https://archive.org/download/NASA_NTRS_Archive_19930091197/NASA_NTRS_Archive_19930091197_djvu.txt	?	-
NASA_NTRS_Archive_19930091198	https://archive.org/download/NASA_NTRS_Archive_19930091198/NASA_NTRS_Archive_19930091198_djvu.txt	?	-
NASA_NTRS_Archive_19930091199	https://archive.org/download/NASA_NTRS_Archive_19930091199/NASA_NTRS_Archive_19930091199_djvu.txt	?	-
NASA_NTRS_Archive_19930091200	https://archive.org/download/NASA_NTRS_Archive_19930091200/NASA_NTRS_Archive_19930091200_djvu.txt	?	-
NASA_NTRS_Archive_19930091202	https://archive.org/download/NASA_NTRS_Archive_19930091202/NASA_NTRS_Archive_19930091202_djvu.txt	?	-
NASA_NTRS_Archive_19930091203	https://archive.org/download/NASA_NTRS_Archive_19930091203/NASA_NTRS_Archive_19930091203_djvu.txt	?	-
NASA_NTRS_Archive_19930091204	https://archive.org/download/NASA_NTRS_Archive_19930091204/NASA_NTRS_Archive_19930091204_djvu.txt	?	-
NASA_NTRS_Archive_19930091205	https://archive.org/download/NASA_NTRS_Archive_19930091205/NASA_NTRS_Archive_19930091205_djvu.txt	?	-
NASA_NTRS_Archive_19930091206	https://archive.org/download/NASA_NTRS_Archive_19930091206/NASA_NTRS_Archive_19930091206_djvu.txt	?	-
NASA_NTRS_Archive_19930091207	https://archive.org/download/NASA_NTRS_Archive_19930091207/NASA_NTRS_Archive_19930091207_djvu.txt	?	-
NASA_NTRS_Archive_19930091208	https://archive.org/download/NASA_NTRS_Archive_19930091208/NASA_NTRS_Archive_19930091208_djvu.txt	?	-
NASA_NTRS_Archive_19930091209	https://archive.org/download/NASA_NTRS_Archive_19930091209/NASA_NTRS_Archive_19930091209_djvu.txt	?	-
NASA_NTRS_Archive_19930091210	https://archive.org/download/NASA_NTRS_Archive_19930091210/NASA_NTRS_Archive_19930091210_djvu.txt	?	-
NASA_NTRS_Archive_19930091211	https://archive.org/download/NASA_NTRS_Archive_19930091211/NASA_NTRS_Archive_19930091211_djvu.txt	?	-
NASA_NTRS_Archive_19930091212	https://archive.org/download/NASA_NTRS_Archive_19930091212/NASA_NTRS_Archive_19930091212_djvu.txt	?	-
NASA_NTRS_Archive_19930091213	https://archive.org/download/NASA_NTRS_Archive_19930091213/NASA_NTRS_Archive_19930091213_djvu.txt	?	-
NASA_NTRS_Archive_19930091214	https://archive.org/download/NASA_NTRS_Archive_19930091214/NASA_NTRS_Archive_19930091214_djvu.txt	?	-
NASA_NTRS_Archive_19930091215	https://archive.org/download/NASA_NTRS_Archive_19930091215/NASA_NTRS_Archive_19930091215_djvu.txt	?	-
NASA_NTRS_Archive_19930091216	https://archive.org/download/NASA_NTRS_Archive_19930091216/NASA_NTRS_Archive_19930091216_djvu.txt	?	-
NASA_NTRS_Archive_19930091217	https://archive.org/download/NASA_NTRS_Archive_19930091217/NASA_NTRS_Archive_19930091217_djvu.txt	?	-
NASA_NTRS_Archive_19930091218	https://archive.org/download/NASA_NTRS_Archive_19930091218/NASA_NTRS_Archive_19930091218_djvu.txt	?	-
NASA_NTRS_Archive_19930091219	https://archive.org/download/NASA_NTRS_Archive_19930091219/NASA_NTRS_Archive_19930091219_djvu.txt	?	-
NASA_NTRS_Archive_19930091220	https://archive.org/download/NASA_NTRS_Archive_19930091220/NASA_NTRS_Archive_19930091220_djvu.txt	?	-
NASA_NTRS_Archive_19930091221	https://archive.org/download/NASA_NTRS_Archive_19930091221/NASA_NTRS_Archive_19930091221_djvu.txt	?	-
NASA_NTRS_Archive_19930091224	https://archive.org/download/NASA_NTRS_Archive_19930091224/NASA_NTRS_Archive_19930091224_djvu.txt	?	-
NASA_NTRS_Archive_19930091225	https://archive.org/download/NASA_NTRS_Archive_19930091225/NASA_NTRS_Archive_19930091225_djvu.txt	?	-
NASA_NTRS_Archive_19930091226	https://archive.org/download/NASA_NTRS_Archive_19930091226/NASA_NTRS_Archive_19930091226_djvu.txt	?	-
NASA_NTRS_Archive_19930091227	https://archive.org/download/NASA_NTRS_Archive_19930091227/NASA_NTRS_Archive_19930091227_djvu.txt	?	-
NASA_NTRS_Archive_19930091228	https://archive.org/download/NASA_NTRS_Archive_19930091228/NASA_NTRS_Archive_19930091228_djvu.txt	?	-
NASA_NTRS_Archive_19930091229	https://archive.org/download/NASA_NTRS_Archive_19930091229/NASA_NTRS_Archive_19930091229_djvu.txt	?	-
NASA_NTRS_Archive_19930091230	https://archive.org/download/NASA_NTRS_Archive_19930091230/NASA_NTRS_Archive_19930091230_djvu.txt	?	-
NASA_NTRS_Archive_19930091231	https://archive.org/download/NASA_NTRS_Archive_19930091231/NASA_NTRS_Archive_19930091231_djvu.txt	?	-
NASA_NTRS_Archive_19930091232	https://archive.org/download/NASA_NTRS_Archive_19930091232/NASA_NTRS_Archive_19930091232_djvu.txt	?	-
NASA_NTRS_Archive_19930091233	https://archive.org/download/NASA_NTRS_Archive_19930091233/NASA_NTRS_Archive_19930091233_djvu.txt	?	-
NASA_NTRS_Archive_19930091234	https://archive.org/download/NASA_NTRS_Archive_19930091234/NASA_NTRS_Archive_19930091234_djvu.txt	?	-
NASA_NTRS_Archive_19930091235	https://archive.org/download/NASA_NTRS_Archive_19930091235/NASA_NTRS_Archive_19930091235_djvu.txt	?	-
NASA_NTRS_Archive_19930091236	https://archive.org/download/NASA_NTRS_Archive_19930091236/NASA_NTRS_Archive_19930091236_djvu.txt	?	-
NASA_NTRS_Archive_19930091237	https://archive.org/download/NASA_NTRS_Archive_19930091237/NASA_NTRS_Archive_19930091237_djvu.txt	?	-
NASA_NTRS_Archive_19930091238	https://archive.org/download/NASA_NTRS_Archive_19930091238/NASA_NTRS_Archive_19930091238_djvu.txt	?	-
NASA_NTRS_Archive_19930091239	https://archive.org/download/NASA_NTRS_Archive_19930091239/NASA_NTRS_Archive_19930091239_djvu.txt	?	-
NASA_NTRS_Archive_19930091240	https://archive.org/download/NASA_NTRS_Archive_19930091240/NASA_NTRS_Archive_19930091240_djvu.txt	?	-
NASA_NTRS_Archive_19930091241	https://archive.org/download/NASA_NTRS_Archive_19930091241/NASA_NTRS_Archive_19930091241_djvu.txt	?	-
NASA_NTRS_Archive_19930091242	https://archive.org/download/NASA_NTRS_Archive_19930091242/NASA_NTRS_Archive_19930091242_djvu.txt	?	-
NASA_NTRS_Archive_19930091243	https://archive.org/download/NASA_NTRS_Archive_19930091243/NASA_NTRS_Archive_19930091243_djvu.txt	?	-
NASA_NTRS_Archive_19930091244	https://archive.org/download/NASA_NTRS_Archive_19930091244/NASA_NTRS_Archive_19930091244_djvu.txt	?	-
NASA_NTRS_Archive_19930091245	https://archive.org/download/NASA_NTRS_Archive_19930091245/NASA_NTRS_Archive_19930091245_djvu.txt	?	-
NASA_NTRS_Archive_19930091246	https://archive.org/download/NASA_NTRS_Archive_19930091246/NASA_NTRS_Archive_19930091246_djvu.txt	?	-
NASA_NTRS_Archive_19930091249	https://archive.org/download/NASA_NTRS_Archive_19930091249/NASA_NTRS_Archive_19930091249_djvu.txt	?	-
NASA_NTRS_Archive_19930091250	https://archive.org/download/NASA_NTRS_Archive_19930091250/NASA_NTRS_Archive_19930091250_djvu.txt	?	-
NASA_NTRS_Archive_19930091251	https://archive.org/download/NASA_NTRS_Archive_19930091251/NASA_NTRS_Archive_19930091251_djvu.txt	?	-
NASA_NTRS_Archive_19930091252	https://archive.org/download/NASA_NTRS_Archive_19930091252/NASA_NTRS_Archive_19930091252_djvu.txt	?	-
NASA_NTRS_Archive_19930091253	https://archive.org/download/NASA_NTRS_Archive_19930091253/NASA_NTRS_Archive_19930091253_djvu.txt	?	-
NASA_NTRS_Archive_19930091254	https://archive.org/download/NASA_NTRS_Archive_19930091254/NASA_NTRS_Archive_19930091254_djvu.txt	?	-
NASA_NTRS_Archive_19930091255	https://archive.org/download/NASA_NTRS_Archive_19930091255/NASA_NTRS_Archive_19930091255_djvu.txt	?	-
NASA_NTRS_Archive_19930091256	https://archive.org/download/NASA_NTRS_Archive_19930091256/NASA_NTRS_Archive_19930091256_djvu.txt	?	-
NASA_NTRS_Archive_19930091257	https://archive.org/download/NASA_NTRS_Archive_19930091257/NASA_NTRS_Archive_19930091257_djvu.txt	?	-
NASA_NTRS_Archive_19930091258	https://archive.org/download/NASA_NTRS_Archive_19930091258/NASA_NTRS_Archive_19930091258_djvu.txt	?	-
NASA_NTRS_Archive_19930091259	https://archive.org/download/NASA_NTRS_Archive_19930091259/NASA_NTRS_Archive_19930091259_djvu.txt	?	-
NASA_NTRS_Archive_19930091260	https://archive.org/download/NASA_NTRS_Archive_19930091260/NASA_NTRS_Archive_19930091260_djvu.txt	?	-
NASA_NTRS_Archive_19930091261	https://archive.org/download/NASA_NTRS_Archive_19930091261/NASA_NTRS_Archive_19930091261_djvu.txt	?	-
NASA_NTRS_Archive_19930091262	https://archive.org/download/NASA_NTRS_Archive_19930091262/NASA_NTRS_Archive_19930091262_djvu.txt	?	-
NASA_NTRS_Archive_19930091263	https://archive.org/download/NASA_NTRS_Archive_19930091263/NASA_NTRS_Archive_19930091263_djvu.txt	?	-
NASA_NTRS_Archive_19930091265	https://archive.org/download/NASA_NTRS_Archive_19930091265/NASA_NTRS_Archive_19930091265_djvu.txt	?	-
NASA_NTRS_Archive_19930091266	https://archive.org/download/NASA_NTRS_Archive_19930091266/NASA_NTRS_Archive_19930091266_djvu.txt	?	-
NASA_NTRS_Archive_19930091267	https://archive.org/download/NASA_NTRS_Archive_19930091267/NASA_NTRS_Archive_19930091267_djvu.txt	?	-
NASA_NTRS_Archive_19930091268	https://archive.org/download/NASA_NTRS_Archive_19930091268/NASA_NTRS_Archive_19930091268_djvu.txt	?	-
NASA_NTRS_Archive_19930091270	https://archive.org/download/NASA_NTRS_Archive_19930091270/NASA_NTRS_Archive_19930091270_djvu.txt	?	-
NASA_NTRS_Archive_19930091271	https://archive.org/download/NASA_NTRS_Archive_19930091271/NASA_NTRS_Archive_19930091271_djvu.txt	?	-
NASA_NTRS_Archive_19930091272	https://archive.org/download/NASA_NTRS_Archive_19930091272/NASA_NTRS_Archive_19930091272_djvu.txt	?	-
NASA_NTRS_Archive_19930091273	https://archive.org/download/NASA_NTRS_Archive_19930091273/NASA_NTRS_Archive_19930091273_djvu.txt	?	-
NASA_NTRS_Archive_19930091274	https://archive.org/download/NASA_NTRS_Archive_19930091274/NASA_NTRS_Archive_19930091274_djvu.txt	?	-
NASA_NTRS_Archive_19930091275	https://archive.org/download/NASA_NTRS_Archive_19930091275/NASA_NTRS_Archive_19930091275_djvu.txt	?	-
NASA_NTRS_Archive_19930091276	https://archive.org/download/NASA_NTRS_Archive_19930091276/NASA_NTRS_Archive_19930091276_djvu.txt	?	-
NASA_NTRS_Archive_19930091277	https://archive.org/download/NASA_NTRS_Archive_19930091277/NASA_NTRS_Archive_19930091277_djvu.txt	?	-
NASA_NTRS_Archive_19930091278	https://archive.org/download/NASA_NTRS_Archive_19930091278/NASA_NTRS_Archive_19930091278_djvu.txt	?	-
NASA_NTRS_Archive_19930091279	https://archive.org/download/NASA_NTRS_Archive_19930091279/NASA_NTRS_Archive_19930091279_djvu.txt	?	-
NASA_NTRS_Archive_19930091280	https://archive.org/download/NASA_NTRS_Archive_19930091280/NASA_NTRS_Archive_19930091280_djvu.txt	?	-
NASA_NTRS_Archive_19930091281	https://archive.org/download/NASA_NTRS_Archive_19930091281/NASA_NTRS_Archive_19930091281_djvu.txt	?	-
NASA_NTRS_Archive_19930091282	https://archive.org/download/NASA_NTRS_Archive_19930091282/NASA_NTRS_Archive_19930091282_djvu.txt	?	-
NASA_NTRS_Archive_19930091283	https://archive.org/download/NASA_NTRS_Archive_19930091283/NASA_NTRS_Archive_19930091283_djvu.txt	?	-
NASA_NTRS_Archive_19930091284	https://archive.org/download/NASA_NTRS_Archive_19930091284/NASA_NTRS_Archive_19930091284_djvu.txt	?	-
NASA_NTRS_Archive_19930091285	https://archive.org/download/NASA_NTRS_Archive_19930091285/NASA_NTRS_Archive_19930091285_djvu.txt	?	-
NASA_NTRS_Archive_19930091286	https://archive.org/download/NASA_NTRS_Archive_19930091286/NASA_NTRS_Archive_19930091286_djvu.txt	?	-
NASA_NTRS_Archive_19930091287	https://archive.org/download/NASA_NTRS_Archive_19930091287/NASA_NTRS_Archive_19930091287_djvu.txt	?	-
NASA_NTRS_Archive_19930091288	https://archive.org/download/NASA_NTRS_Archive_19930091288/NASA_NTRS_Archive_19930091288_djvu.txt	?	-
NASA_NTRS_Archive_19930091289	https://archive.org/download/NASA_NTRS_Archive_19930091289/NASA_NTRS_Archive_19930091289_djvu.txt	?	-
NASA_NTRS_Archive_19930091290	https://archive.org/download/NASA_NTRS_Archive_19930091290/NASA_NTRS_Archive_19930091290_djvu.txt	?	-
NASA_NTRS_Archive_19930091291	https://archive.org/download/NASA_NTRS_Archive_19930091291/NASA_NTRS_Archive_19930091291_djvu.txt	?	-
NASA_NTRS_Archive_19930091292	https://archive.org/download/NASA_NTRS_Archive_19930091292/NASA_NTRS_Archive_19930091292_djvu.txt	?	-
NASA_NTRS_Archive_19930091293	https://archive.org/download/NASA_NTRS_Archive_19930091293/NASA_NTRS_Archive_19930091293_djvu.txt	?	-
NASA_NTRS_Archive_19930091294	https://archive.org/download/NASA_NTRS_Archive_19930091294/NASA_NTRS_Archive_19930091294_djvu.txt	?	-
NASA_NTRS_Archive_19930091295	https://archive.org/download/NASA_NTRS_Archive_19930091295/NASA_NTRS_Archive_19930091295_djvu.txt	?	-
NASA_NTRS_Archive_19930091297	https://archive.org/download/NASA_NTRS_Archive_19930091297/NASA_NTRS_Archive_19930091297_djvu.txt	?	-
NASA_NTRS_Archive_19930091298	https://archive.org/download/NASA_NTRS_Archive_19930091298/NASA_NTRS_Archive_19930091298_djvu.txt	?	-
NASA_NTRS_Archive_19930091299	https://archive.org/download/NASA_NTRS_Archive_19930091299/NASA_NTRS_Archive_19930091299_djvu.txt	?	-
NASA_NTRS_Archive_19930091300	https://archive.org/download/NASA_NTRS_Archive_19930091300/NASA_NTRS_Archive_19930091300_djvu.txt	?	-
NASA_NTRS_Archive_19930091301	https://archive.org/download/NASA_NTRS_Archive_19930091301/NASA_NTRS_Archive_19930091301_djvu.txt	?	-
NASA_NTRS_Archive_19930091302	https://archive.org/download/NASA_NTRS_Archive_19930091302/NASA_NTRS_Archive_19930091302_djvu.txt	?	-
NASA_NTRS_Archive_19930091303	https://archive.org/download/NASA_NTRS_Archive_19930091303/NASA_NTRS_Archive_19930091303_djvu.txt	?	-
NASA_NTRS_Archive_19930091304	https://archive.org/download/NASA_NTRS_Archive_19930091304/NASA_NTRS_Archive_19930091304_djvu.txt	?	-
NASA_NTRS_Archive_19930091305	https://archive.org/download/NASA_NTRS_Archive_19930091305/NASA_NTRS_Archive_19930091305_djvu.txt	?	-
NASA_NTRS_Archive_19930091306	https://archive.org/download/NASA_NTRS_Archive_19930091306/NASA_NTRS_Archive_19930091306_djvu.txt	?	-
NASA_NTRS_Archive_19930091307	https://archive.org/download/NASA_NTRS_Archive_19930091307/NASA_NTRS_Archive_19930091307_djvu.txt	?	-
NASA_NTRS_Archive_19930091308	https://archive.org/download/NASA_NTRS_Archive_19930091308/NASA_NTRS_Archive_19930091308_djvu.txt	?	-
NASA_NTRS_Archive_19930091309	https://archive.org/download/NASA_NTRS_Archive_19930091309/NASA_NTRS_Archive_19930091309_djvu.txt	?	-
NASA_NTRS_Archive_19930091310	https://archive.org/download/NASA_NTRS_Archive_19930091310/NASA_NTRS_Archive_19930091310_djvu.txt	?	-
NASA_NTRS_Archive_19930091311	https://archive.org/download/NASA_NTRS_Archive_19930091311/NASA_NTRS_Archive_19930091311_djvu.txt	?	-
NASA_NTRS_Archive_19930091312	https://archive.org/download/NASA_NTRS_Archive_19930091312/NASA_NTRS_Archive_19930091312_djvu.txt	?	-
NASA_NTRS_Archive_19930091313	https://archive.org/download/NASA_NTRS_Archive_19930091313/NASA_NTRS_Archive_19930091313_djvu.txt	?	-
NASA_NTRS_Archive_19930091314	https://archive.org/download/NASA_NTRS_Archive_19930091314/NASA_NTRS_Archive_19930091314_djvu.txt	?	-
NASA_NTRS_Archive_19930091315	https://archive.org/download/NASA_NTRS_Archive_19930091315/NASA_NTRS_Archive_19930091315_djvu.txt	?	-
NASA_NTRS_Archive_19930091316	https://archive.org/download/NASA_NTRS_Archive_19930091316/NASA_NTRS_Archive_19930091316_djvu.txt	?	-
NASA_NTRS_Archive_19930091317	https://archive.org/download/NASA_NTRS_Archive_19930091317/NASA_NTRS_Archive_19930091317_djvu.txt	?	-
NASA_NTRS_Archive_19930091318	https://archive.org/download/NASA_NTRS_Archive_19930091318/NASA_NTRS_Archive_19930091318_djvu.txt	?	-
NASA_NTRS_Archive_19930091319	https://archive.org/download/NASA_NTRS_Archive_19930091319/NASA_NTRS_Archive_19930091319_djvu.txt	?	-
NASA_NTRS_Archive_19930091320	https://archive.org/download/NASA_NTRS_Archive_19930091320/NASA_NTRS_Archive_19930091320_djvu.txt	?	-
NASA_NTRS_Archive_19930091321	https://archive.org/download/NASA_NTRS_Archive_19930091321/NASA_NTRS_Archive_19930091321_djvu.txt	?	-
NASA_NTRS_Archive_19930091322	https://archive.org/download/NASA_NTRS_Archive_19930091322/NASA_NTRS_Archive_19930091322_djvu.txt	?	-
NASA_NTRS_Archive_19930091323	https://archive.org/download/NASA_NTRS_Archive_19930091323/NASA_NTRS_Archive_19930091323_djvu.txt	?	-
NASA_NTRS_Archive_19930091324	https://archive.org/download/NASA_NTRS_Archive_19930091324/NASA_NTRS_Archive_19930091324_djvu.txt	?	-
NASA_NTRS_Archive_19930091325	https://archive.org/download/NASA_NTRS_Archive_19930091325/NASA_NTRS_Archive_19930091325_djvu.txt	?	-
NASA_NTRS_Archive_19930091326	https://archive.org/download/NASA_NTRS_Archive_19930091326/NASA_NTRS_Archive_19930091326_djvu.txt	?	-
NASA_NTRS_Archive_19930091327	https://archive.org/download/NASA_NTRS_Archive_19930091327/NASA_NTRS_Archive_19930091327_djvu.txt	?	-
NASA_NTRS_Archive_19930091328	https://archive.org/download/NASA_NTRS_Archive_19930091328/NASA_NTRS_Archive_19930091328_djvu.txt	?	-
NASA_NTRS_Archive_19930091329	https://archive.org/download/NASA_NTRS_Archive_19930091329/NASA_NTRS_Archive_19930091329_djvu.txt	?	-
NASA_NTRS_Archive_19930091330	https://archive.org/download/NASA_NTRS_Archive_19930091330/NASA_NTRS_Archive_19930091330_djvu.txt	?	-
NASA_NTRS_Archive_19930091331	https://archive.org/download/NASA_NTRS_Archive_19930091331/NASA_NTRS_Archive_19930091331_djvu.txt	?	-
NASA_NTRS_Archive_19930091332	https://archive.org/download/NASA_NTRS_Archive_19930091332/NASA_NTRS_Archive_19930091332_djvu.txt	?	-
NASA_NTRS_Archive_19930091333	https://archive.org/download/NASA_NTRS_Archive_19930091333/NASA_NTRS_Archive_19930091333_djvu.txt	?	-
NASA_NTRS_Archive_19930091334	https://archive.org/download/NASA_NTRS_Archive_19930091334/NASA_NTRS_Archive_19930091334_djvu.txt	?	-
NASA_NTRS_Archive_19930091335	https://archive.org/download/NASA_NTRS_Archive_19930091335/NASA_NTRS_Archive_19930091335_djvu.txt	?	-
NASA_NTRS_Archive_19930091336	https://archive.org/download/NASA_NTRS_Archive_19930091336/NASA_NTRS_Archive_19930091336_djvu.txt	?	-
NASA_NTRS_Archive_19930091337	https://archive.org/download/NASA_NTRS_Archive_19930091337/NASA_NTRS_Archive_19930091337_djvu.txt	?	-
NASA_NTRS_Archive_19930091338	https://archive.org/download/NASA_NTRS_Archive_19930091338/NASA_NTRS_Archive_19930091338_djvu.txt	?	-
NASA_NTRS_Archive_19930091339	https://archive.org/download/NASA_NTRS_Archive_19930091339/NASA_NTRS_Archive_19930091339_djvu.txt	?	-
NASA_NTRS_Archive_19930091340	https://archive.org/download/NASA_NTRS_Archive_19930091340/NASA_NTRS_Archive_19930091340_djvu.txt	?	-
NASA_NTRS_Archive_19930091341	https://archive.org/download/NASA_NTRS_Archive_19930091341/NASA_NTRS_Archive_19930091341_djvu.txt	?	-
NASA_NTRS_Archive_19930091342	https://archive.org/download/NASA_NTRS_Archive_19930091342/NASA_NTRS_Archive_19930091342_djvu.txt	?	-
NASA_NTRS_Archive_19930091343	https://archive.org/download/NASA_NTRS_Archive_19930091343/NASA_NTRS_Archive_19930091343_djvu.txt	?	-
NASA_NTRS_Archive_19930091344	https://archive.org/download/NASA_NTRS_Archive_19930091344/NASA_NTRS_Archive_19930091344_djvu.txt	?	-
NASA_NTRS_Archive_19930091345	https://archive.org/download/NASA_NTRS_Archive_19930091345/NASA_NTRS_Archive_19930091345_djvu.txt	?	-
NASA_NTRS_Archive_19930091346	https://archive.org/download/NASA_NTRS_Archive_19930091346/NASA_NTRS_Archive_19930091346_djvu.txt	?	-
NASA_NTRS_Archive_19930091347	https://archive.org/download/NASA_NTRS_Archive_19930091347/NASA_NTRS_Archive_19930091347_djvu.txt	?	-
NASA_NTRS_Archive_19930091348	https://archive.org/download/NASA_NTRS_Archive_19930091348/NASA_NTRS_Archive_19930091348_djvu.txt	?	-
NASA_NTRS_Archive_19930091349	https://archive.org/download/NASA_NTRS_Archive_19930091349/NASA_NTRS_Archive_19930091349_djvu.txt	?	-
NASA_NTRS_Archive_19930091350	https://archive.org/download/NASA_NTRS_Archive_19930091350/NASA_NTRS_Archive_19930091350_djvu.txt	?	-
NASA_NTRS_Archive_19930091351	https://archive.org/download/NASA_NTRS_Archive_19930091351/NASA_NTRS_Archive_19930091351_djvu.txt	?	-
NASA_NTRS_Archive_19930091352	https://archive.org/download/NASA_NTRS_Archive_19930091352/NASA_NTRS_Archive_19930091352_djvu.txt	?	-
NASA_NTRS_Archive_19930091353	https://archive.org/download/NASA_NTRS_Archive_19930091353/NASA_NTRS_Archive_19930091353_djvu.txt	?	-
NASA_NTRS_Archive_19930091354	https://archive.org/download/NASA_NTRS_Archive_19930091354/NASA_NTRS_Archive_19930091354_djvu.txt	?	-
NASA_NTRS_Archive_19930091355	https://archive.org/download/NASA_NTRS_Archive_19930091355/NASA_NTRS_Archive_19930091355_djvu.txt	?	-
NASA_NTRS_Archive_19930091356	https://archive.org/download/NASA_NTRS_Archive_19930091356/NASA_NTRS_Archive_19930091356_djvu.txt	?	-
NASA_NTRS_Archive_19930091357	https://archive.org/download/NASA_NTRS_Archive_19930091357/NASA_NTRS_Archive_19930091357_djvu.txt	?	-
NASA_NTRS_Archive_19930091358	https://archive.org/download/NASA_NTRS_Archive_19930091358/NASA_NTRS_Archive_19930091358_djvu.txt	?	-
NASA_NTRS_Archive_19930091359	https://archive.org/download/NASA_NTRS_Archive_19930091359/NASA_NTRS_Archive_19930091359_djvu.txt	?	-
NASA_NTRS_Archive_19930091360	https://archive.org/download/NASA_NTRS_Archive_19930091360/NASA_NTRS_Archive_19930091360_djvu.txt	?	-
NASA_NTRS_Archive_19930091361	https://archive.org/download/NASA_NTRS_Archive_19930091361/NASA_NTRS_Archive_19930091361_djvu.txt	?	-
NASA_NTRS_Archive_19930091362	https://archive.org/download/NASA_NTRS_Archive_19930091362/NASA_NTRS_Archive_19930091362_djvu.txt	?	-
NASA_NTRS_Archive_19930091363	https://archive.org/download/NASA_NTRS_Archive_19930091363/NASA_NTRS_Archive_19930091363_djvu.txt	?	-
NASA_NTRS_Archive_19930091364	https://archive.org/download/NASA_NTRS_Archive_19930091364/NASA_NTRS_Archive_19930091364_djvu.txt	?	-
NASA_NTRS_Archive_19930091365	https://archive.org/download/NASA_NTRS_Archive_19930091365/NASA_NTRS_Archive_19930091365_djvu.txt	?	-
NASA_NTRS_Archive_19930091366	https://archive.org/download/NASA_NTRS_Archive_19930091366/NASA_NTRS_Archive_19930091366_djvu.txt	?	-
NASA_NTRS_Archive_19930091367	https://archive.org/download/NASA_NTRS_Archive_19930091367/NASA_NTRS_Archive_19930091367_djvu.txt	?	-
NASA_NTRS_Archive_19930091368	https://archive.org/download/NASA_NTRS_Archive_19930091368/NASA_NTRS_Archive_19930091368_djvu.txt	?	-
NASA_NTRS_Archive_19930091369	https://archive.org/download/NASA_NTRS_Archive_19930091369/NASA_NTRS_Archive_19930091369_djvu.txt	?	-
NASA_NTRS_Archive_19930091370	https://archive.org/download/NASA_NTRS_Archive_19930091370/NASA_NTRS_Archive_19930091370_djvu.txt	?	-
NASA_NTRS_Archive_19930091371	https://archive.org/download/NASA_NTRS_Archive_19930091371/NASA_NTRS_Archive_19930091371_djvu.txt	?	-
NASA_NTRS_Archive_19930091372	https://archive.org/download/NASA_NTRS_Archive_19930091372/NASA_NTRS_Archive_19930091372_djvu.txt	?	-
NASA_NTRS_Archive_19930091373	https://archive.org/download/NASA_NTRS_Archive_19930091373/NASA_NTRS_Archive_19930091373_djvu.txt	?	-
NASA_NTRS_Archive_19930091374	https://archive.org/download/NASA_NTRS_Archive_19930091374/NASA_NTRS_Archive_19930091374_djvu.txt	?	-
NASA_NTRS_Archive_19930091375	https://archive.org/download/NASA_NTRS_Archive_19930091375/NASA_NTRS_Archive_19930091375_djvu.txt	?	-
NASA_NTRS_Archive_19930091376	https://archive.org/download/NASA_NTRS_Archive_19930091376/NASA_NTRS_Archive_19930091376_djvu.txt	?	-
NASA_NTRS_Archive_19930091377	https://archive.org/download/NASA_NTRS_Archive_19930091377/NASA_NTRS_Archive_19930091377_djvu.txt	?	-
NASA_NTRS_Archive_19930091378	https://archive.org/download/NASA_NTRS_Archive_19930091378/NASA_NTRS_Archive_19930091378_djvu.txt	?	-
NASA_NTRS_Archive_19930091379	https://archive.org/download/NASA_NTRS_Archive_19930091379/NASA_NTRS_Archive_19930091379_djvu.txt	?	-
NASA_NTRS_Archive_19930091380	https://archive.org/download/NASA_NTRS_Archive_19930091380/NASA_NTRS_Archive_19930091380_djvu.txt	?	-
NASA_NTRS_Archive_19930091381	https://archive.org/download/NASA_NTRS_Archive_19930091381/NASA_NTRS_Archive_19930091381_djvu.txt	?	-
NASA_NTRS_Archive_19930091382	https://archive.org/download/NASA_NTRS_Archive_19930091382/NASA_NTRS_Archive_19930091382_djvu.txt	?	-
NASA_NTRS_Archive_19930091383	https://archive.org/download/NASA_NTRS_Archive_19930091383/NASA_NTRS_Archive_19930091383_djvu.txt	?	-
NASA_NTRS_Archive_19930091384	https://archive.org/download/NASA_NTRS_Archive_19930091384/NASA_NTRS_Archive_19930091384_djvu.txt	?	-
NASA_NTRS_Archive_19930091385	https://archive.org/download/NASA_NTRS_Archive_19930091385/NASA_NTRS_Archive_19930091385_djvu.txt	?	-
NASA_NTRS_Archive_19930091386	https://archive.org/download/NASA_NTRS_Archive_19930091386/NASA_NTRS_Archive_19930091386_djvu.txt	?	-
NASA_NTRS_Archive_19930091387	https://archive.org/download/NASA_NTRS_Archive_19930091387/NASA_NTRS_Archive_19930091387_djvu.txt	?	-
NASA_NTRS_Archive_19930091388	https://archive.org/download/NASA_NTRS_Archive_19930091388/NASA_NTRS_Archive_19930091388_djvu.txt	?	-
NASA_NTRS_Archive_19930091389	https://archive.org/download/NASA_NTRS_Archive_19930091389/NASA_NTRS_Archive_19930091389_djvu.txt	?	-
NASA_NTRS_Archive_19930091390	https://archive.org/download/NASA_NTRS_Archive_19930091390/NASA_NTRS_Archive_19930091390_djvu.txt	?	-
NASA_NTRS_Archive_19930091391	https://archive.org/download/NASA_NTRS_Archive_19930091391/NASA_NTRS_Archive_19930091391_djvu.txt	?	-
NASA_NTRS_Archive_19930091392	https://archive.org/download/NASA_NTRS_Archive_19930091392/NASA_NTRS_Archive_19930091392_djvu.txt	?	-
NASA_NTRS_Archive_19930091393	https://archive.org/download/NASA_NTRS_Archive_19930091393/NASA_NTRS_Archive_19930091393_djvu.txt	?	-
NASA_NTRS_Archive_19930091394	https://archive.org/download/NASA_NTRS_Archive_19930091394/NASA_NTRS_Archive_19930091394_djvu.txt	?	-
NASA_NTRS_Archive_19930091395	https://archive.org/download/NASA_NTRS_Archive_19930091395/NASA_NTRS_Archive_19930091395_djvu.txt	?	-
NASA_NTRS_Archive_19930091396	https://archive.org/download/NASA_NTRS_Archive_19930091396/NASA_NTRS_Archive_19930091396_djvu.txt	?	-
NASA_NTRS_Archive_19930091397	https://archive.org/download/NASA_NTRS_Archive_19930091397/NASA_NTRS_Archive_19930091397_djvu.txt	?	-
NASA_NTRS_Archive_19930091398	https://archive.org/download/NASA_NTRS_Archive_19930091398/NASA_NTRS_Archive_19930091398_djvu.txt	?	-
NASA_NTRS_Archive_19930091399	https://archive.org/download/NASA_NTRS_Archive_19930091399/NASA_NTRS_Archive_19930091399_djvu.txt	?	-
NASA_NTRS_Archive_19930091400	https://archive.org/download/NASA_NTRS_Archive_19930091400/NASA_NTRS_Archive_19930091400_djvu.txt	?	-
NASA_NTRS_Archive_19930091401	https://archive.org/download/NASA_NTRS_Archive_19930091401/NASA_NTRS_Archive_19930091401_djvu.txt	?	-
NASA_NTRS_Archive_19930091402	https://archive.org/download/NASA_NTRS_Archive_19930091402/NASA_NTRS_Archive_19930091402_djvu.txt	?	-
NASA_NTRS_Archive_19930091403	https://archive.org/download/NASA_NTRS_Archive_19930091403/NASA_NTRS_Archive_19930091403_djvu.txt	?	-
NASA_NTRS_Archive_19930091404	https://archive.org/download/NASA_NTRS_Archive_19930091404/NASA_NTRS_Archive_19930091404_djvu.txt	?	-
NASA_NTRS_Archive_19930091405	https://archive.org/download/NASA_NTRS_Archive_19930091405/NASA_NTRS_Archive_19930091405_djvu.txt	?	-
NASA_NTRS_Archive_19930091406	https://archive.org/download/NASA_NTRS_Archive_19930091406/NASA_NTRS_Archive_19930091406_djvu.txt	?	-
NASA_NTRS_Archive_19930091407	https://archive.org/download/NASA_NTRS_Archive_19930091407/NASA_NTRS_Archive_19930091407_djvu.txt	?	-
NASA_NTRS_Archive_19930091408	https://archive.org/download/NASA_NTRS_Archive_19930091408/NASA_NTRS_Archive_19930091408_djvu.txt	?	-
NASA_NTRS_Archive_19930091409	https://archive.org/download/NASA_NTRS_Archive_19930091409/NASA_NTRS_Archive_19930091409_djvu.txt	?	-
NASA_NTRS_Archive_19930091410	https://archive.org/download/NASA_NTRS_Archive_19930091410/NASA_NTRS_Archive_19930091410_djvu.txt	?	-
NASA_NTRS_Archive_19930091411	https://archive.org/download/NASA_NTRS_Archive_19930091411/NASA_NTRS_Archive_19930091411_djvu.txt	?	-
NASA_NTRS_Archive_19930091412	https://archive.org/download/NASA_NTRS_Archive_19930091412/NASA_NTRS_Archive_19930091412_djvu.txt	?	-
NASA_NTRS_Archive_19930091413	https://archive.org/download/NASA_NTRS_Archive_19930091413/NASA_NTRS_Archive_19930091413_djvu.txt	?	-
NASA_NTRS_Archive_19930091414	https://archive.org/download/NASA_NTRS_Archive_19930091414/NASA_NTRS_Archive_19930091414_djvu.txt	?	-
NASA_NTRS_Archive_19930091415	https://archive.org/download/NASA_NTRS_Archive_19930091415/NASA_NTRS_Archive_19930091415_djvu.txt	?	-
NASA_NTRS_Archive_19930091416	https://archive.org/download/NASA_NTRS_Archive_19930091416/NASA_NTRS_Archive_19930091416_djvu.txt	?	-
NASA_NTRS_Archive_19930091417	https://archive.org/download/NASA_NTRS_Archive_19930091417/NASA_NTRS_Archive_19930091417_djvu.txt	?	-
NASA_NTRS_Archive_19930091418	https://archive.org/download/NASA_NTRS_Archive_19930091418/NASA_NTRS_Archive_19930091418_djvu.txt	?	-
NASA_NTRS_Archive_19930091419	https://archive.org/download/NASA_NTRS_Archive_19930091419/NASA_NTRS_Archive_19930091419_djvu.txt	?	-
NASA_NTRS_Archive_19930091420	https://archive.org/download/NASA_NTRS_Archive_19930091420/NASA_NTRS_Archive_19930091420_djvu.txt	?	-
NASA_NTRS_Archive_19930091421	https://archive.org/download/NASA_NTRS_Archive_19930091421/NASA_NTRS_Archive_19930091421_djvu.txt	?	-
NASA_NTRS_Archive_19930091422	https://archive.org/download/NASA_NTRS_Archive_19930091422/NASA_NTRS_Archive_19930091422_djvu.txt	?	-
NASA_NTRS_Archive_19930091423	https://archive.org/download/NASA_NTRS_Archive_19930091423/NASA_NTRS_Archive_19930091423_djvu.txt	?	-
NASA_NTRS_Archive_19930091424	https://archive.org/download/NASA_NTRS_Archive_19930091424/NASA_NTRS_Archive_19930091424_djvu.txt	?	-
NASA_NTRS_Archive_19930091425	https://archive.org/download/NASA_NTRS_Archive_19930091425/NASA_NTRS_Archive_19930091425_djvu.txt	?	-
NASA_NTRS_Archive_19930091426	https://archive.org/download/NASA_NTRS_Archive_19930091426/NASA_NTRS_Archive_19930091426_djvu.txt	?	-
NASA_NTRS_Archive_19930091427	https://archive.org/download/NASA_NTRS_Archive_19930091427/NASA_NTRS_Archive_19930091427_djvu.txt	?	-
NASA_NTRS_Archive_19930091428	https://archive.org/download/NASA_NTRS_Archive_19930091428/NASA_NTRS_Archive_19930091428_djvu.txt	?	-
NASA_NTRS_Archive_19930091429	https://archive.org/download/NASA_NTRS_Archive_19930091429/NASA_NTRS_Archive_19930091429_djvu.txt	?	-
NASA_NTRS_Archive_19930091430	https://archive.org/download/NASA_NTRS_Archive_19930091430/NASA_NTRS_Archive_19930091430_djvu.txt	?	-
NASA_NTRS_Archive_19930091431	https://archive.org/download/NASA_NTRS_Archive_19930091431/NASA_NTRS_Archive_19930091431_djvu.txt	?	-
NASA_NTRS_Archive_19930091432	https://archive.org/download/NASA_NTRS_Archive_19930091432/NASA_NTRS_Archive_19930091432_djvu.txt	?	-
NASA_NTRS_Archive_19930091433	https://archive.org/download/NASA_NTRS_Archive_19930091433/NASA_NTRS_Archive_19930091433_djvu.txt	?	-
NASA_NTRS_Archive_19930091434	https://archive.org/download/NASA_NTRS_Archive_19930091434/NASA_NTRS_Archive_19930091434_djvu.txt	?	-
NASA_NTRS_Archive_19930091435	https://archive.org/download/NASA_NTRS_Archive_19930091435/NASA_NTRS_Archive_19930091435_djvu.txt	?	-
NASA_NTRS_Archive_19930091436	https://archive.org/download/NASA_NTRS_Archive_19930091436/NASA_NTRS_Archive_19930091436_djvu.txt	?	-
NASA_NTRS_Archive_19930091437	https://archive.org/download/NASA_NTRS_Archive_19930091437/NASA_NTRS_Archive_19930091437_djvu.txt	?	-
NASA_NTRS_Archive_19930091438	https://archive.org/download/NASA_NTRS_Archive_19930091438/NASA_NTRS_Archive_19930091438_djvu.txt	?	-
NASA_NTRS_Archive_19930091439	https://archive.org/download/NASA_NTRS_Archive_19930091439/NASA_NTRS_Archive_19930091439_djvu.txt	?	-
NASA_NTRS_Archive_19930091440	https://archive.org/download/NASA_NTRS_Archive_19930091440/NASA_NTRS_Archive_19930091440_djvu.txt	?	-
NASA_NTRS_Archive_19930091441	https://archive.org/download/NASA_NTRS_Archive_19930091441/NASA_NTRS_Archive_19930091441_djvu.txt	?	-
NASA_NTRS_Archive_19930091442	https://archive.org/download/NASA_NTRS_Archive_19930091442/NASA_NTRS_Archive_19930091442_djvu.txt	?	-
NASA_NTRS_Archive_19930091443	https://archive.org/download/NASA_NTRS_Archive_19930091443/NASA_NTRS_Archive_19930091443_djvu.txt	?	-
NASA_NTRS_Archive_19930091444	https://archive.org/download/NASA_NTRS_Archive_19930091444/NASA_NTRS_Archive_19930091444_djvu.txt	?	-
NASA_NTRS_Archive_19930091445	https://archive.org/download/NASA_NTRS_Archive_19930091445/NASA_NTRS_Archive_19930091445_djvu.txt	?	-
NASA_NTRS_Archive_19930091446	https://archive.org/download/NASA_NTRS_Archive_19930091446/NASA_NTRS_Archive_19930091446_djvu.txt	?	-
NASA_NTRS_Archive_19930091447	https://archive.org/download/NASA_NTRS_Archive_19930091447/NASA_NTRS_Archive_19930091447_djvu.txt	?	-
NASA_NTRS_Archive_19930091448	https://archive.org/download/NASA_NTRS_Archive_19930091448/NASA_NTRS_Archive_19930091448_djvu.txt	?	-
NASA_NTRS_Archive_19930091449	https://archive.org/download/NASA_NTRS_Archive_19930091449/NASA_NTRS_Archive_19930091449_djvu.txt	?	-
NASA_NTRS_Archive_19930091450	https://archive.org/download/NASA_NTRS_Archive_19930091450/NASA_NTRS_Archive_19930091450_djvu.txt	?	-
NASA_NTRS_Archive_19930091451	https://archive.org/download/NASA_NTRS_Archive_19930091451/NASA_NTRS_Archive_19930091451_djvu.txt	?	-
NASA_NTRS_Archive_19930091452	https://archive.org/download/NASA_NTRS_Archive_19930091452/NASA_NTRS_Archive_19930091452_djvu.txt	?	-
NASA_NTRS_Archive_19930091453	https://archive.org/download/NASA_NTRS_Archive_19930091453/NASA_NTRS_Archive_19930091453_djvu.txt	?	-
NASA_NTRS_Archive_19930091454	https://archive.org/download/NASA_NTRS_Archive_19930091454/NASA_NTRS_Archive_19930091454_djvu.txt	?	-
NASA_NTRS_Archive_19930091455	https://archive.org/download/NASA_NTRS_Archive_19930091455/NASA_NTRS_Archive_19930091455_djvu.txt	?	-
NASA_NTRS_Archive_19930091456	https://archive.org/download/NASA_NTRS_Archive_19930091456/NASA_NTRS_Archive_19930091456_djvu.txt	?	-
NASA_NTRS_Archive_19930091457	https://archive.org/download/NASA_NTRS_Archive_19930091457/NASA_NTRS_Archive_19930091457_djvu.txt	?	-
NASA_NTRS_Archive_19930091458	https://archive.org/download/NASA_NTRS_Archive_19930091458/NASA_NTRS_Archive_19930091458_djvu.txt	?	-
NASA_NTRS_Archive_19930091459	https://archive.org/download/NASA_NTRS_Archive_19930091459/NASA_NTRS_Archive_19930091459_djvu.txt	?	-
NASA_NTRS_Archive_19930091460	https://archive.org/download/NASA_NTRS_Archive_19930091460/NASA_NTRS_Archive_19930091460_djvu.txt	?	-
NASA_NTRS_Archive_19930091461	https://archive.org/download/NASA_NTRS_Archive_19930091461/NASA_NTRS_Archive_19930091461_djvu.txt	?	-
NASA_NTRS_Archive_19930091462	https://archive.org/download/NASA_NTRS_Archive_19930091462/NASA_NTRS_Archive_19930091462_djvu.txt	?	-
NASA_NTRS_Archive_19930091463	https://archive.org/download/NASA_NTRS_Archive_19930091463/NASA_NTRS_Archive_19930091463_djvu.txt	?	-
NASA_NTRS_Archive_19930091464	https://archive.org/download/NASA_NTRS_Archive_19930091464/NASA_NTRS_Archive_19930091464_djvu.txt	?	-
NASA_NTRS_Archive_19930091465	https://archive.org/download/NASA_NTRS_Archive_19930091465/NASA_NTRS_Archive_19930091465_djvu.txt	?	-
NASA_NTRS_Archive_19930091466	https://archive.org/download/NASA_NTRS_Archive_19930091466/NASA_NTRS_Archive_19930091466_djvu.txt	?	-
NASA_NTRS_Archive_19930091467	https://archive.org/download/NASA_NTRS_Archive_19930091467/NASA_NTRS_Archive_19930091467_djvu.txt	?	-
NASA_NTRS_Archive_19930091468	https://archive.org/download/NASA_NTRS_Archive_19930091468/NASA_NTRS_Archive_19930091468_djvu.txt	?	-
NASA_NTRS_Archive_19930091469	https://archive.org/download/NASA_NTRS_Archive_19930091469/NASA_NTRS_Archive_19930091469_djvu.txt	?	-
NASA_NTRS_Archive_19930091470	https://archive.org/download/NASA_NTRS_Archive_19930091470/NASA_NTRS_Archive_19930091470_djvu.txt	?	-
NASA_NTRS_Archive_19930091471	https://archive.org/download/NASA_NTRS_Archive_19930091471/NASA_NTRS_Archive_19930091471_djvu.txt	?	-
NASA_NTRS_Archive_19930091472	https://archive.org/download/NASA_NTRS_Archive_19930091472/NASA_NTRS_Archive_19930091472_djvu.txt	?	-
NASA_NTRS_Archive_19930091473	https://archive.org/download/NASA_NTRS_Archive_19930091473/NASA_NTRS_Archive_19930091473_djvu.txt	?	-
NASA_NTRS_Archive_19930091474	https://archive.org/download/NASA_NTRS_Archive_19930091474/NASA_NTRS_Archive_19930091474_djvu.txt	?	-
NASA_NTRS_Archive_19930091475	https://archive.org/download/NASA_NTRS_Archive_19930091475/NASA_NTRS_Archive_19930091475_djvu.txt	?	-
NASA_NTRS_Archive_19930091476	https://archive.org/download/NASA_NTRS_Archive_19930091476/NASA_NTRS_Archive_19930091476_djvu.txt	?	-
NASA_NTRS_Archive_19930091477	https://archive.org/download/NASA_NTRS_Archive_19930091477/NASA_NTRS_Archive_19930091477_djvu.txt	?	-
NASA_NTRS_Archive_19930091478	https://archive.org/download/NASA_NTRS_Archive_19930091478/NASA_NTRS_Archive_19930091478_djvu.txt	?	-
NASA_NTRS_Archive_19930091479	https://archive.org/download/NASA_NTRS_Archive_19930091479/NASA_NTRS_Archive_19930091479_djvu.txt	?	-
NASA_NTRS_Archive_19930091480	https://archive.org/download/NASA_NTRS_Archive_19930091480/NASA_NTRS_Archive_19930091480_djvu.txt	?	-
NASA_NTRS_Archive_19930091481	https://archive.org/download/NASA_NTRS_Archive_19930091481/NASA_NTRS_Archive_19930091481_djvu.txt	?	-
NASA_NTRS_Archive_19930091482	https://archive.org/download/NASA_NTRS_Archive_19930091482/NASA_NTRS_Archive_19930091482_djvu.txt	?	-
NASA_NTRS_Archive_19930091483	https://archive.org/download/NASA_NTRS_Archive_19930091483/NASA_NTRS_Archive_19930091483_djvu.txt	?	-
NASA_NTRS_Archive_19930091484	https://archive.org/download/NASA_NTRS_Archive_19930091484/NASA_NTRS_Archive_19930091484_djvu.txt	?	-
NASA_NTRS_Archive_19930091485	https://archive.org/download/NASA_NTRS_Archive_19930091485/NASA_NTRS_Archive_19930091485_djvu.txt	?	-
NASA_NTRS_Archive_19930091486	https://archive.org/download/NASA_NTRS_Archive_19930091486/NASA_NTRS_Archive_19930091486_djvu.txt	?	-
NASA_NTRS_Archive_19930091487	https://archive.org/download/NASA_NTRS_Archive_19930091487/NASA_NTRS_Archive_19930091487_djvu.txt	?	-
NASA_NTRS_Archive_19930091488	https://archive.org/download/NASA_NTRS_Archive_19930091488/NASA_NTRS_Archive_19930091488_djvu.txt	?	-
NASA_NTRS_Archive_19930091489	https://archive.org/download/NASA_NTRS_Archive_19930091489/NASA_NTRS_Archive_19930091489_djvu.txt	?	-
NASA_NTRS_Archive_19930091490	https://archive.org/download/NASA_NTRS_Archive_19930091490/NASA_NTRS_Archive_19930091490_djvu.txt	?	-
NASA_NTRS_Archive_19930091491	https://archive.org/download/NASA_NTRS_Archive_19930091491/NASA_NTRS_Archive_19930091491_djvu.txt	?	-
NASA_NTRS_Archive_19930091492	https://archive.org/download/NASA_NTRS_Archive_19930091492/NASA_NTRS_Archive_19930091492_djvu.txt	?	-
NASA_NTRS_Archive_19930091493	https://archive.org/download/NASA_NTRS_Archive_19930091493/NASA_NTRS_Archive_19930091493_djvu.txt	?	-
NASA_NTRS_Archive_19930091494	https://archive.org/download/NASA_NTRS_Archive_19930091494/NASA_NTRS_Archive_19930091494_djvu.txt	?	-
NASA_NTRS_Archive_19930091495	https://archive.org/download/NASA_NTRS_Archive_19930091495/NASA_NTRS_Archive_19930091495_djvu.txt	?	-
NASA_NTRS_Archive_19930091496	https://archive.org/download/NASA_NTRS_Archive_19930091496/NASA_NTRS_Archive_19930091496_djvu.txt	?	-
NASA_NTRS_Archive_19930091497	https://archive.org/download/NASA_NTRS_Archive_19930091497/NASA_NTRS_Archive_19930091497_djvu.txt	?	-
NASA_NTRS_Archive_19930091498	https://archive.org/download/NASA_NTRS_Archive_19930091498/NASA_NTRS_Archive_19930091498_djvu.txt	?	-
NASA_NTRS_Archive_19930091499	https://archive.org/download/NASA_NTRS_Archive_19930091499/NASA_NTRS_Archive_19930091499_djvu.txt	?	-
NASA_NTRS_Archive_19930091500	https://archive.org/download/NASA_NTRS_Archive_19930091500/NASA_NTRS_Archive_19930091500_djvu.txt	?	-
NASA_NTRS_Archive_19930091501	https://archive.org/download/NASA_NTRS_Archive_19930091501/NASA_NTRS_Archive_19930091501_djvu.txt	?	-
NASA_NTRS_Archive_19930091502	https://archive.org/download/NASA_NTRS_Archive_19930091502/NASA_NTRS_Archive_19930091502_djvu.txt	?	-
NASA_NTRS_Archive_19930091503	https://archive.org/download/NASA_NTRS_Archive_19930091503/NASA_NTRS_Archive_19930091503_djvu.txt	?	-
NASA_NTRS_Archive_19930091504	https://archive.org/download/NASA_NTRS_Archive_19930091504/NASA_NTRS_Archive_19930091504_djvu.txt	?	-
NASA_NTRS_Archive_19930091505	https://archive.org/download/NASA_NTRS_Archive_19930091505/NASA_NTRS_Archive_19930091505_djvu.txt	?	-
NASA_NTRS_Archive_19930091506	https://archive.org/download/NASA_NTRS_Archive_19930091506/NASA_NTRS_Archive_19930091506_djvu.txt	?	-
NASA_NTRS_Archive_19930091507	https://archive.org/download/NASA_NTRS_Archive_19930091507/NASA_NTRS_Archive_19930091507_djvu.txt	?	-
NASA_NTRS_Archive_19930091508	https://archive.org/download/NASA_NTRS_Archive_19930091508/NASA_NTRS_Archive_19930091508_djvu.txt	?	-
NASA_NTRS_Archive_19930091509	https://archive.org/download/NASA_NTRS_Archive_19930091509/NASA_NTRS_Archive_19930091509_djvu.txt	?	-
NASA_NTRS_Archive_19930091510	https://archive.org/download/NASA_NTRS_Archive_19930091510/NASA_NTRS_Archive_19930091510_djvu.txt	?	-
NASA_NTRS_Archive_19930091511	https://archive.org/download/NASA_NTRS_Archive_19930091511/NASA_NTRS_Archive_19930091511_djvu.txt	?	-
NASA_NTRS_Archive_19930091512	https://archive.org/download/NASA_NTRS_Archive_19930091512/NASA_NTRS_Archive_19930091512_djvu.txt	?	-
NASA_NTRS_Archive_19930091513	https://archive.org/download/NASA_NTRS_Archive_19930091513/NASA_NTRS_Archive_19930091513_djvu.txt	?	-
NASA_NTRS_Archive_19930091514	https://archive.org/download/NASA_NTRS_Archive_19930091514/NASA_NTRS_Archive_19930091514_djvu.txt	?	-
NASA_NTRS_Archive_19930091515	https://archive.org/download/NASA_NTRS_Archive_19930091515/NASA_NTRS_Archive_19930091515_djvu.txt	?	-
NASA_NTRS_Archive_19930091516	https://archive.org/download/NASA_NTRS_Archive_19930091516/NASA_NTRS_Archive_19930091516_djvu.txt	?	-
NASA_NTRS_Archive_19930091517	https://archive.org/download/NASA_NTRS_Archive_19930091517/NASA_NTRS_Archive_19930091517_djvu.txt	?	-
NASA_NTRS_Archive_19930091518	https://archive.org/download/NASA_NTRS_Archive_19930091518/NASA_NTRS_Archive_19930091518_djvu.txt	?	-
NASA_NTRS_Archive_19930091519	https://archive.org/download/NASA_NTRS_Archive_19930091519/NASA_NTRS_Archive_19930091519_djvu.txt	?	-
NASA_NTRS_Archive_19930091520	https://archive.org/download/NASA_NTRS_Archive_19930091520/NASA_NTRS_Archive_19930091520_djvu.txt	?	-
NASA_NTRS_Archive_19930091521	https://archive.org/download/NASA_NTRS_Archive_19930091521/NASA_NTRS_Archive_19930091521_djvu.txt	?	-
NASA_NTRS_Archive_19930091522	https://archive.org/download/NASA_NTRS_Archive_19930091522/NASA_NTRS_Archive_19930091522_djvu.txt	?	-
NASA_NTRS_Archive_19930091523	https://archive.org/download/NASA_NTRS_Archive_19930091523/NASA_NTRS_Archive_19930091523_djvu.txt	?	-
NASA_NTRS_Archive_19930091524	https://archive.org/download/NASA_NTRS_Archive_19930091524/NASA_NTRS_Archive_19930091524_djvu.txt	?	-
NASA_NTRS_Archive_19930091526	https://archive.org/download/NASA_NTRS_Archive_19930091526/NASA_NTRS_Archive_19930091526_djvu.txt	?	-
NASA_NTRS_Archive_19930091527	https://archive.org/download/NASA_NTRS_Archive_19930091527/NASA_NTRS_Archive_19930091527_djvu.txt	?	-
NASA_NTRS_Archive_19930091528	https://archive.org/download/NASA_NTRS_Archive_19930091528/NASA_NTRS_Archive_19930091528_djvu.txt	?	-
NASA_NTRS_Archive_19930091529	https://archive.org/download/NASA_NTRS_Archive_19930091529/NASA_NTRS_Archive_19930091529_djvu.txt	?	-
NASA_NTRS_Archive_19930091530	https://archive.org/download/NASA_NTRS_Archive_19930091530/NASA_NTRS_Archive_19930091530_djvu.txt	?	-
NASA_NTRS_Archive_19930091531	https://archive.org/download/NASA_NTRS_Archive_19930091531/NASA_NTRS_Archive_19930091531_djvu.txt	?	-
NASA_NTRS_Archive_19930091532	https://archive.org/download/NASA_NTRS_Archive_19930091532/NASA_NTRS_Archive_19930091532_djvu.txt	?	-
NASA_NTRS_Archive_19930091533	https://archive.org/download/NASA_NTRS_Archive_19930091533/NASA_NTRS_Archive_19930091533_djvu.txt	?	-
NASA_NTRS_Archive_19930091534	https://archive.org/download/NASA_NTRS_Archive_19930091534/NASA_NTRS_Archive_19930091534_djvu.txt	?	-
NASA_NTRS_Archive_19930091535	https://archive.org/download/NASA_NTRS_Archive_19930091535/NASA_NTRS_Archive_19930091535_djvu.txt	?	-
NASA_NTRS_Archive_19930091536	https://archive.org/download/NASA_NTRS_Archive_19930091536/NASA_NTRS_Archive_19930091536_djvu.txt	?	-
NASA_NTRS_Archive_19930091537	https://archive.org/download/NASA_NTRS_Archive_19930091537/NASA_NTRS_Archive_19930091537_djvu.txt	?	-
NASA_NTRS_Archive_19930091538	https://archive.org/download/NASA_NTRS_Archive_19930091538/NASA_NTRS_Archive_19930091538_djvu.txt	?	-
NASA_NTRS_Archive_19930091539	https://archive.org/download/NASA_NTRS_Archive_19930091539/NASA_NTRS_Archive_19930091539_djvu.txt	?	-
NASA_NTRS_Archive_19930091540	https://archive.org/download/NASA_NTRS_Archive_19930091540/NASA_NTRS_Archive_19930091540_djvu.txt	?	-
NASA_NTRS_Archive_19930091541	https://archive.org/download/NASA_NTRS_Archive_19930091541/NASA_NTRS_Archive_19930091541_djvu.txt	?	-
NASA_NTRS_Archive_19930091542	https://archive.org/download/NASA_NTRS_Archive_19930091542/NASA_NTRS_Archive_19930091542_djvu.txt	?	-
NASA_NTRS_Archive_19930091543	https://archive.org/download/NASA_NTRS_Archive_19930091543/NASA_NTRS_Archive_19930091543_djvu.txt	?	-
NASA_NTRS_Archive_19930091544	https://archive.org/download/NASA_NTRS_Archive_19930091544/NASA_NTRS_Archive_19930091544_djvu.txt	?	-
NASA_NTRS_Archive_19930091545	https://archive.org/download/NASA_NTRS_Archive_19930091545/NASA_NTRS_Archive_19930091545_djvu.txt	?	-
NASA_NTRS_Archive_19930091546	https://archive.org/download/NASA_NTRS_Archive_19930091546/NASA_NTRS_Archive_19930091546_djvu.txt	?	-
NASA_NTRS_Archive_19930091547	https://archive.org/download/NASA_NTRS_Archive_19930091547/NASA_NTRS_Archive_19930091547_djvu.txt	?	-
NASA_NTRS_Archive_19930091548	https://archive.org/download/NASA_NTRS_Archive_19930091548/NASA_NTRS_Archive_19930091548_djvu.txt	?	-
NASA_NTRS_Archive_19930091549	https://archive.org/download/NASA_NTRS_Archive_19930091549/NASA_NTRS_Archive_19930091549_djvu.txt	?	-
NASA_NTRS_Archive_19930091550	https://archive.org/download/NASA_NTRS_Archive_19930091550/NASA_NTRS_Archive_19930091550_djvu.txt	?	-
NASA_NTRS_Archive_19930091551	https://archive.org/download/NASA_NTRS_Archive_19930091551/NASA_NTRS_Archive_19930091551_djvu.txt	?	-
NASA_NTRS_Archive_19930091552	https://archive.org/download/NASA_NTRS_Archive_19930091552/NASA_NTRS_Archive_19930091552_djvu.txt	?	-
NASA_NTRS_Archive_19930091553	https://archive.org/download/NASA_NTRS_Archive_19930091553/NASA_NTRS_Archive_19930091553_djvu.txt	?	-
NASA_NTRS_Archive_19930091554	https://archive.org/download/NASA_NTRS_Archive_19930091554/NASA_NTRS_Archive_19930091554_djvu.txt	?	-
NASA_NTRS_Archive_19930091555	https://archive.org/download/NASA_NTRS_Archive_19930091555/NASA_NTRS_Archive_19930091555_djvu.txt	?	-
NASA_NTRS_Archive_19930091556	https://archive.org/download/NASA_NTRS_Archive_19930091556/NASA_NTRS_Archive_19930091556_djvu.txt	?	-
NASA_NTRS_Archive_19930091557	https://archive.org/download/NASA_NTRS_Archive_19930091557/NASA_NTRS_Archive_19930091557_djvu.txt	?	-
NASA_NTRS_Archive_19930091558	https://archive.org/download/NASA_NTRS_Archive_19930091558/NASA_NTRS_Archive_19930091558_djvu.txt	?	-
NASA_NTRS_Archive_19930091559	https://archive.org/download/NASA_NTRS_Archive_19930091559/NASA_NTRS_Archive_19930091559_djvu.txt	?	-
NASA_NTRS_Archive_19930091560	https://archive.org/download/NASA_NTRS_Archive_19930091560/NASA_NTRS_Archive_19930091560_djvu.txt	?	-
NASA_NTRS_Archive_19930091561	https://archive.org/download/NASA_NTRS_Archive_19930091561/NASA_NTRS_Archive_19930091561_djvu.txt	?	-
NASA_NTRS_Archive_19930091562	https://archive.org/download/NASA_NTRS_Archive_19930091562/NASA_NTRS_Archive_19930091562_djvu.txt	?	-
NASA_NTRS_Archive_19930091563	https://archive.org/download/NASA_NTRS_Archive_19930091563/NASA_NTRS_Archive_19930091563_djvu.txt	?	-
NASA_NTRS_Archive_19930091564	https://archive.org/download/NASA_NTRS_Archive_19930091564/NASA_NTRS_Archive_19930091564_djvu.txt	?	-
NASA_NTRS_Archive_19930091565	https://archive.org/download/NASA_NTRS_Archive_19930091565/NASA_NTRS_Archive_19930091565_djvu.txt	?	-
NASA_NTRS_Archive_19930091566	https://archive.org/download/NASA_NTRS_Archive_19930091566/NASA_NTRS_Archive_19930091566_djvu.txt	?	-
NASA_NTRS_Archive_19930091567	https://archive.org/download/NASA_NTRS_Archive_19930091567/NASA_NTRS_Archive_19930091567_djvu.txt	?	-
NASA_NTRS_Archive_19930091568	https://archive.org/download/NASA_NTRS_Archive_19930091568/NASA_NTRS_Archive_19930091568_djvu.txt	?	-
NASA_NTRS_Archive_19930091569	https://archive.org/download/NASA_NTRS_Archive_19930091569/NASA_NTRS_Archive_19930091569_djvu.txt	?	-
NASA_NTRS_Archive_19930091570	https://archive.org/download/NASA_NTRS_Archive_19930091570/NASA_NTRS_Archive_19930091570_djvu.txt	?	-
NASA_NTRS_Archive_19930091571	https://archive.org/download/NASA_NTRS_Archive_19930091571/NASA_NTRS_Archive_19930091571_djvu.txt	?	-
NASA_NTRS_Archive_19930091572	https://archive.org/download/NASA_NTRS_Archive_19930091572/NASA_NTRS_Archive_19930091572_djvu.txt	?	-
NASA_NTRS_Archive_19930091573	https://archive.org/download/NASA_NTRS_Archive_19930091573/NASA_NTRS_Archive_19930091573_djvu.txt	?	-
NASA_NTRS_Archive_19930091574	https://archive.org/download/NASA_NTRS_Archive_19930091574/NASA_NTRS_Archive_19930091574_djvu.txt	?	-
NASA_NTRS_Archive_19930091575	https://archive.org/download/NASA_NTRS_Archive_19930091575/NASA_NTRS_Archive_19930091575_djvu.txt	?	-
NASA_NTRS_Archive_19930091576	https://archive.org/download/NASA_NTRS_Archive_19930091576/NASA_NTRS_Archive_19930091576_djvu.txt	?	-
NASA_NTRS_Archive_19930091577	https://archive.org/download/NASA_NTRS_Archive_19930091577/NASA_NTRS_Archive_19930091577_djvu.txt	?	-
NASA_NTRS_Archive_19930091578	https://archive.org/download/NASA_NTRS_Archive_19930091578/NASA_NTRS_Archive_19930091578_djvu.txt	?	-
NASA_NTRS_Archive_19930091579	https://archive.org/download/NASA_NTRS_Archive_19930091579/NASA_NTRS_Archive_19930091579_djvu.txt	?	-
NASA_NTRS_Archive_19930091580	https://archive.org/download/NASA_NTRS_Archive_19930091580/NASA_NTRS_Archive_19930091580_djvu.txt	?	-
NASA_NTRS_Archive_19930091581	https://archive.org/download/NASA_NTRS_Archive_19930091581/NASA_NTRS_Archive_19930091581_djvu.txt	?	-
NASA_NTRS_Archive_19930091582	https://archive.org/download/NASA_NTRS_Archive_19930091582/NASA_NTRS_Archive_19930091582_djvu.txt	?	-
NASA_NTRS_Archive_19930091583	https://archive.org/download/NASA_NTRS_Archive_19930091583/NASA_NTRS_Archive_19930091583_djvu.txt	?	-
NASA_NTRS_Archive_19930091584	https://archive.org/download/NASA_NTRS_Archive_19930091584/NASA_NTRS_Archive_19930091584_djvu.txt	?	-
NASA_NTRS_Archive_19930091585	https://archive.org/download/NASA_NTRS_Archive_19930091585/NASA_NTRS_Archive_19930091585_djvu.txt	?	-
NASA_NTRS_Archive_19930091586	https://archive.org/download/NASA_NTRS_Archive_19930091586/NASA_NTRS_Archive_19930091586_djvu.txt	?	-
NASA_NTRS_Archive_19930091587	https://archive.org/download/NASA_NTRS_Archive_19930091587/NASA_NTRS_Archive_19930091587_djvu.txt	?	-
NASA_NTRS_Archive_19930091588	https://archive.org/download/NASA_NTRS_Archive_19930091588/NASA_NTRS_Archive_19930091588_djvu.txt	?	-
NASA_NTRS_Archive_19930091589	https://archive.org/download/NASA_NTRS_Archive_19930091589/NASA_NTRS_Archive_19930091589_djvu.txt	?	-
NASA_NTRS_Archive_19930091590	https://archive.org/download/NASA_NTRS_Archive_19930091590/NASA_NTRS_Archive_19930091590_djvu.txt	?	-
NASA_NTRS_Archive_19930091591	https://archive.org/download/NASA_NTRS_Archive_19930091591/NASA_NTRS_Archive_19930091591_djvu.txt	?	-
NASA_NTRS_Archive_19930091592	https://archive.org/download/NASA_NTRS_Archive_19930091592/NASA_NTRS_Archive_19930091592_djvu.txt	?	-
NASA_NTRS_Archive_19930091593	https://archive.org/download/NASA_NTRS_Archive_19930091593/NASA_NTRS_Archive_19930091593_djvu.txt	?	-
NASA_NTRS_Archive_19930091594	https://archive.org/download/NASA_NTRS_Archive_19930091594/NASA_NTRS_Archive_19930091594_djvu.txt	?	-
NASA_NTRS_Archive_19930091595	https://archive.org/download/NASA_NTRS_Archive_19930091595/NASA_NTRS_Archive_19930091595_djvu.txt	?	-
NASA_NTRS_Archive_19930091596	https://archive.org/download/NASA_NTRS_Archive_19930091596/NASA_NTRS_Archive_19930091596_djvu.txt	?	-
NASA_NTRS_Archive_19930091597	https://archive.org/download/NASA_NTRS_Archive_19930091597/NASA_NTRS_Archive_19930091597_djvu.txt	?	-
NASA_NTRS_Archive_19930091598	https://archive.org/download/NASA_NTRS_Archive_19930091598/NASA_NTRS_Archive_19930091598_djvu.txt	?	-
NASA_NTRS_Archive_19930091599	https://archive.org/download/NASA_NTRS_Archive_19930091599/NASA_NTRS_Archive_19930091599_djvu.txt	?	-
NASA_NTRS_Archive_19930091600	https://archive.org/download/NASA_NTRS_Archive_19930091600/NASA_NTRS_Archive_19930091600_djvu.txt	?	-
NASA_NTRS_Archive_19930091601	https://archive.org/download/NASA_NTRS_Archive_19930091601/NASA_NTRS_Archive_19930091601_djvu.txt	?	-
NASA_NTRS_Archive_19930091602	https://archive.org/download/NASA_NTRS_Archive_19930091602/NASA_NTRS_Archive_19930091602_djvu.txt	?	-
NASA_NTRS_Archive_19930091603	https://archive.org/download/NASA_NTRS_Archive_19930091603/NASA_NTRS_Archive_19930091603_djvu.txt	?	-
NASA_NTRS_Archive_19930091604	https://archive.org/download/NASA_NTRS_Archive_19930091604/NASA_NTRS_Archive_19930091604_djvu.txt	?	-
NASA_NTRS_Archive_19930091605	https://archive.org/download/NASA_NTRS_Archive_19930091605/NASA_NTRS_Archive_19930091605_djvu.txt	?	-
NASA_NTRS_Archive_19930091606	https://archive.org/download/NASA_NTRS_Archive_19930091606/NASA_NTRS_Archive_19930091606_djvu.txt	?	-
NASA_NTRS_Archive_19930091607	https://archive.org/download/NASA_NTRS_Archive_19930091607/NASA_NTRS_Archive_19930091607_djvu.txt	?	-
NASA_NTRS_Archive_19930091608	https://archive.org/download/NASA_NTRS_Archive_19930091608/NASA_NTRS_Archive_19930091608_djvu.txt	?	-
NASA_NTRS_Archive_19930091609	https://archive.org/download/NASA_NTRS_Archive_19930091609/NASA_NTRS_Archive_19930091609_djvu.txt	?	-
NASA_NTRS_Archive_19930091610	https://archive.org/download/NASA_NTRS_Archive_19930091610/NASA_NTRS_Archive_19930091610_djvu.txt	?	-
NASA_NTRS_Archive_19930091611	https://archive.org/download/NASA_NTRS_Archive_19930091611/NASA_NTRS_Archive_19930091611_djvu.txt	?	-
NASA_NTRS_Archive_19930091612	https://archive.org/download/NASA_NTRS_Archive_19930091612/NASA_NTRS_Archive_19930091612_djvu.txt	?	-
NASA_NTRS_Archive_19930091613	https://archive.org/download/NASA_NTRS_Archive_19930091613/NASA_NTRS_Archive_19930091613_djvu.txt	?	-
NASA_NTRS_Archive_19930091614	https://archive.org/download/NASA_NTRS_Archive_19930091614/NASA_NTRS_Archive_19930091614_djvu.txt	?	-
NASA_NTRS_Archive_19930091616	https://archive.org/download/NASA_NTRS_Archive_19930091616/NASA_NTRS_Archive_19930091616_djvu.txt	?	-
NASA_NTRS_Archive_19930091617	https://archive.org/download/NASA_NTRS_Archive_19930091617/NASA_NTRS_Archive_19930091617_djvu.txt	?	-
NASA_NTRS_Archive_19930091618	https://archive.org/download/NASA_NTRS_Archive_19930091618/NASA_NTRS_Archive_19930091618_djvu.txt	?	-
NASA_NTRS_Archive_19930091619	https://archive.org/download/NASA_NTRS_Archive_19930091619/NASA_NTRS_Archive_19930091619_djvu.txt	?	-
NASA_NTRS_Archive_19930091620	https://archive.org/download/NASA_NTRS_Archive_19930091620/NASA_NTRS_Archive_19930091620_djvu.txt	?	-
NASA_NTRS_Archive_19930091621	https://archive.org/download/NASA_NTRS_Archive_19930091621/NASA_NTRS_Archive_19930091621_djvu.txt	?	-
NASA_NTRS_Archive_19930091622	https://archive.org/download/NASA_NTRS_Archive_19930091622/NASA_NTRS_Archive_19930091622_djvu.txt	?	-
NASA_NTRS_Archive_19930091623	https://archive.org/download/NASA_NTRS_Archive_19930091623/NASA_NTRS_Archive_19930091623_djvu.txt	?	-
NASA_NTRS_Archive_19930091624	https://archive.org/download/NASA_NTRS_Archive_19930091624/NASA_NTRS_Archive_19930091624_djvu.txt	?	-
NASA_NTRS_Archive_19930091625	https://archive.org/download/NASA_NTRS_Archive_19930091625/NASA_NTRS_Archive_19930091625_djvu.txt	?	-
NASA_NTRS_Archive_19930091626	https://archive.org/download/NASA_NTRS_Archive_19930091626/NASA_NTRS_Archive_19930091626_djvu.txt	?	-
NASA_NTRS_Archive_19930091627	https://archive.org/download/NASA_NTRS_Archive_19930091627/NASA_NTRS_Archive_19930091627_djvu.txt	?	-
NASA_NTRS_Archive_19930091628	https://archive.org/download/NASA_NTRS_Archive_19930091628/NASA_NTRS_Archive_19930091628_djvu.txt	?	-
NASA_NTRS_Archive_19930091629	https://archive.org/download/NASA_NTRS_Archive_19930091629/NASA_NTRS_Archive_19930091629_djvu.txt	?	-
NASA_NTRS_Archive_19930091630	https://archive.org/download/NASA_NTRS_Archive_19930091630/NASA_NTRS_Archive_19930091630_djvu.txt	?	-
NASA_NTRS_Archive_19930091631	https://archive.org/download/NASA_NTRS_Archive_19930091631/NASA_NTRS_Archive_19930091631_djvu.txt	?	-
NASA_NTRS_Archive_19930091632	https://archive.org/download/NASA_NTRS_Archive_19930091632/NASA_NTRS_Archive_19930091632_djvu.txt	?	-
NASA_NTRS_Archive_19930091633	https://archive.org/download/NASA_NTRS_Archive_19930091633/NASA_NTRS_Archive_19930091633_djvu.txt	?	-
NASA_NTRS_Archive_19930091634	https://archive.org/download/NASA_NTRS_Archive_19930091634/NASA_NTRS_Archive_19930091634_djvu.txt	?	-
NASA_NTRS_Archive_19930091635	https://archive.org/download/NASA_NTRS_Archive_19930091635/NASA_NTRS_Archive_19930091635_djvu.txt	?	-
NASA_NTRS_Archive_19930091636	https://archive.org/download/NASA_NTRS_Archive_19930091636/NASA_NTRS_Archive_19930091636_djvu.txt	?	-
NASA_NTRS_Archive_19930091637	https://archive.org/download/NASA_NTRS_Archive_19930091637/NASA_NTRS_Archive_19930091637_djvu.txt	?	-
NASA_NTRS_Archive_19930091638	https://archive.org/download/NASA_NTRS_Archive_19930091638/NASA_NTRS_Archive_19930091638_djvu.txt	?	-
NASA_NTRS_Archive_19930091639	https://archive.org/download/NASA_NTRS_Archive_19930091639/NASA_NTRS_Archive_19930091639_djvu.txt	?	-
NASA_NTRS_Archive_19930091640	https://archive.org/download/NASA_NTRS_Archive_19930091640/NASA_NTRS_Archive_19930091640_djvu.txt	?	-
NASA_NTRS_Archive_19930091641	https://archive.org/download/NASA_NTRS_Archive_19930091641/NASA_NTRS_Archive_19930091641_djvu.txt	?	-
NASA_NTRS_Archive_19930091642	https://archive.org/download/NASA_NTRS_Archive_19930091642/NASA_NTRS_Archive_19930091642_djvu.txt	?	-
NASA_NTRS_Archive_19930091643	https://archive.org/download/NASA_NTRS_Archive_19930091643/NASA_NTRS_Archive_19930091643_djvu.txt	?	-
NASA_NTRS_Archive_19930091644	https://archive.org/download/NASA_NTRS_Archive_19930091644/NASA_NTRS_Archive_19930091644_djvu.txt	?	-
NASA_NTRS_Archive_19930091645	https://archive.org/download/NASA_NTRS_Archive_19930091645/NASA_NTRS_Archive_19930091645_djvu.txt	?	-
NASA_NTRS_Archive_19930091647	https://archive.org/download/NASA_NTRS_Archive_19930091647/NASA_NTRS_Archive_19930091647_djvu.txt	?	-
NASA_NTRS_Archive_19930091648	https://archive.org/download/NASA_NTRS_Archive_19930091648/NASA_NTRS_Archive_19930091648_djvu.txt	?	-
NASA_NTRS_Archive_19930091649	https://archive.org/download/NASA_NTRS_Archive_19930091649/NASA_NTRS_Archive_19930091649_djvu.txt	?	-
NASA_NTRS_Archive_19930091650	https://archive.org/download/NASA_NTRS_Archive_19930091650/NASA_NTRS_Archive_19930091650_djvu.txt	?	-
NASA_NTRS_Archive_19930091651	https://archive.org/download/NASA_NTRS_Archive_19930091651/NASA_NTRS_Archive_19930091651_djvu.txt	?	-
NASA_NTRS_Archive_19930091652	https://archive.org/download/NASA_NTRS_Archive_19930091652/NASA_NTRS_Archive_19930091652_djvu.txt	?	-
NASA_NTRS_Archive_19930091653	https://archive.org/download/NASA_NTRS_Archive_19930091653/NASA_NTRS_Archive_19930091653_djvu.txt	?	-
NASA_NTRS_Archive_19930091654	https://archive.org/download/NASA_NTRS_Archive_19930091654/NASA_NTRS_Archive_19930091654_djvu.txt	?	-
NASA_NTRS_Archive_19930091655	https://archive.org/download/NASA_NTRS_Archive_19930091655/NASA_NTRS_Archive_19930091655_djvu.txt	?	-
NASA_NTRS_Archive_19930091656	https://archive.org/download/NASA_NTRS_Archive_19930091656/NASA_NTRS_Archive_19930091656_djvu.txt	?	-
NASA_NTRS_Archive_19930091657	https://archive.org/download/NASA_NTRS_Archive_19930091657/NASA_NTRS_Archive_19930091657_djvu.txt	?	-
NASA_NTRS_Archive_19930091658	https://archive.org/download/NASA_NTRS_Archive_19930091658/NASA_NTRS_Archive_19930091658_djvu.txt	?	-
NASA_NTRS_Archive_19930091659	https://archive.org/download/NASA_NTRS_Archive_19930091659/NASA_NTRS_Archive_19930091659_djvu.txt	?	-
NASA_NTRS_Archive_19930091660	https://archive.org/download/NASA_NTRS_Archive_19930091660/NASA_NTRS_Archive_19930091660_djvu.txt	?	-
NASA_NTRS_Archive_19930091661	https://archive.org/download/NASA_NTRS_Archive_19930091661/NASA_NTRS_Archive_19930091661_djvu.txt	?	-
NASA_NTRS_Archive_19930091662	https://archive.org/download/NASA_NTRS_Archive_19930091662/NASA_NTRS_Archive_19930091662_djvu.txt	?	-
NASA_NTRS_Archive_19930091663	https://archive.org/download/NASA_NTRS_Archive_19930091663/NASA_NTRS_Archive_19930091663_djvu.txt	?	-
NASA_NTRS_Archive_19930091664	https://archive.org/download/NASA_NTRS_Archive_19930091664/NASA_NTRS_Archive_19930091664_djvu.txt	?	-
NASA_NTRS_Archive_19930091665	https://archive.org/download/NASA_NTRS_Archive_19930091665/NASA_NTRS_Archive_19930091665_djvu.txt	?	-
NASA_NTRS_Archive_19930091666	https://archive.org/download/NASA_NTRS_Archive_19930091666/NASA_NTRS_Archive_19930091666_djvu.txt	?	-
NASA_NTRS_Archive_19930091667	https://archive.org/download/NASA_NTRS_Archive_19930091667/NASA_NTRS_Archive_19930091667_djvu.txt	?	-
NASA_NTRS_Archive_19930091668	https://archive.org/download/NASA_NTRS_Archive_19930091668/NASA_NTRS_Archive_19930091668_djvu.txt	?	-
NASA_NTRS_Archive_19930091669	https://archive.org/download/NASA_NTRS_Archive_19930091669/NASA_NTRS_Archive_19930091669_djvu.txt	?	-
NASA_NTRS_Archive_19930091670	https://archive.org/download/NASA_NTRS_Archive_19930091670/NASA_NTRS_Archive_19930091670_djvu.txt	?	-
NASA_NTRS_Archive_19930091671	https://archive.org/download/NASA_NTRS_Archive_19930091671/NASA_NTRS_Archive_19930091671_djvu.txt	?	-
NASA_NTRS_Archive_19930091672	https://archive.org/download/NASA_NTRS_Archive_19930091672/NASA_NTRS_Archive_19930091672_djvu.txt	?	-
NASA_NTRS_Archive_19930091673	https://archive.org/download/NASA_NTRS_Archive_19930091673/NASA_NTRS_Archive_19930091673_djvu.txt	?	-
NASA_NTRS_Archive_19930091674	https://archive.org/download/NASA_NTRS_Archive_19930091674/NASA_NTRS_Archive_19930091674_djvu.txt	?	-
NASA_NTRS_Archive_19930091675	https://archive.org/download/NASA_NTRS_Archive_19930091675/NASA_NTRS_Archive_19930091675_djvu.txt	?	-
NASA_NTRS_Archive_19930091676	https://archive.org/download/NASA_NTRS_Archive_19930091676/NASA_NTRS_Archive_19930091676_djvu.txt	?	-
NASA_NTRS_Archive_19930091677	https://archive.org/download/NASA_NTRS_Archive_19930091677/NASA_NTRS_Archive_19930091677_djvu.txt	?	-
NASA_NTRS_Archive_19930091678	https://archive.org/download/NASA_NTRS_Archive_19930091678/NASA_NTRS_Archive_19930091678_djvu.txt	?	-
NASA_NTRS_Archive_19930091679	https://archive.org/download/NASA_NTRS_Archive_19930091679/NASA_NTRS_Archive_19930091679_djvu.txt	?	-
NASA_NTRS_Archive_19930091680	https://archive.org/download/NASA_NTRS_Archive_19930091680/NASA_NTRS_Archive_19930091680_djvu.txt	?	-
NASA_NTRS_Archive_19930091681	https://archive.org/download/NASA_NTRS_Archive_19930091681/NASA_NTRS_Archive_19930091681_djvu.txt	?	-
NASA_NTRS_Archive_19930091682	https://archive.org/download/NASA_NTRS_Archive_19930091682/NASA_NTRS_Archive_19930091682_djvu.txt	?	-
NASA_NTRS_Archive_19930091683	https://archive.org/download/NASA_NTRS_Archive_19930091683/NASA_NTRS_Archive_19930091683_djvu.txt	?	-
NASA_NTRS_Archive_19930091684	https://archive.org/download/NASA_NTRS_Archive_19930091684/NASA_NTRS_Archive_19930091684_djvu.txt	?	-
NASA_NTRS_Archive_19930091685	https://archive.org/download/NASA_NTRS_Archive_19930091685/NASA_NTRS_Archive_19930091685_djvu.txt	?	-
NASA_NTRS_Archive_19930091686	https://archive.org/download/NASA_NTRS_Archive_19930091686/NASA_NTRS_Archive_19930091686_djvu.txt	?	-
NASA_NTRS_Archive_19930091688	https://archive.org/download/NASA_NTRS_Archive_19930091688/NASA_NTRS_Archive_19930091688_djvu.txt	?	-
NASA_NTRS_Archive_19930091689	https://archive.org/download/NASA_NTRS_Archive_19930091689/NASA_NTRS_Archive_19930091689_djvu.txt	?	-
NASA_NTRS_Archive_19930091690	https://archive.org/download/NASA_NTRS_Archive_19930091690/NASA_NTRS_Archive_19930091690_djvu.txt	?	-
NASA_NTRS_Archive_19930091691	https://archive.org/download/NASA_NTRS_Archive_19930091691/NASA_NTRS_Archive_19930091691_djvu.txt	?	-
NASA_NTRS_Archive_19930091692	https://archive.org/download/NASA_NTRS_Archive_19930091692/NASA_NTRS_Archive_19930091692_djvu.txt	?	-
NASA_NTRS_Archive_19930091693	https://archive.org/download/NASA_NTRS_Archive_19930091693/NASA_NTRS_Archive_19930091693_djvu.txt	?	-
NASA_NTRS_Archive_19930091694	https://archive.org/download/NASA_NTRS_Archive_19930091694/NASA_NTRS_Archive_19930091694_djvu.txt	?	-
NASA_NTRS_Archive_19930091695	https://archive.org/download/NASA_NTRS_Archive_19930091695/NASA_NTRS_Archive_19930091695_djvu.txt	?	-
NASA_NTRS_Archive_19930091696	https://archive.org/download/NASA_NTRS_Archive_19930091696/NASA_NTRS_Archive_19930091696_djvu.txt	?	-
NASA_NTRS_Archive_19930091697	https://archive.org/download/NASA_NTRS_Archive_19930091697/NASA_NTRS_Archive_19930091697_djvu.txt	?	-
NASA_NTRS_Archive_19930091698	https://archive.org/download/NASA_NTRS_Archive_19930091698/NASA_NTRS_Archive_19930091698_djvu.txt	?	-
NASA_NTRS_Archive_19930091699	https://archive.org/download/NASA_NTRS_Archive_19930091699/NASA_NTRS_Archive_19930091699_djvu.txt	?	-
NASA_NTRS_Archive_19930091700	https://archive.org/download/NASA_NTRS_Archive_19930091700/NASA_NTRS_Archive_19930091700_djvu.txt	?	-
NASA_NTRS_Archive_19930091701	https://archive.org/download/NASA_NTRS_Archive_19930091701/NASA_NTRS_Archive_19930091701_djvu.txt	?	-
NASA_NTRS_Archive_19930091702	https://archive.org/download/NASA_NTRS_Archive_19930091702/NASA_NTRS_Archive_19930091702_djvu.txt	?	-
NASA_NTRS_Archive_19930091703	https://archive.org/download/NASA_NTRS_Archive_19930091703/NASA_NTRS_Archive_19930091703_djvu.txt	?	-
NASA_NTRS_Archive_19930091704	https://archive.org/download/NASA_NTRS_Archive_19930091704/NASA_NTRS_Archive_19930091704_djvu.txt	?	-
NASA_NTRS_Archive_19930091705	https://archive.org/download/NASA_NTRS_Archive_19930091705/NASA_NTRS_Archive_19930091705_djvu.txt	?	-
NASA_NTRS_Archive_19930091706	https://archive.org/download/NASA_NTRS_Archive_19930091706/NASA_NTRS_Archive_19930091706_djvu.txt	?	-
NASA_NTRS_Archive_19930091707	https://archive.org/download/NASA_NTRS_Archive_19930091707/NASA_NTRS_Archive_19930091707_djvu.txt	?	-
NASA_NTRS_Archive_19930091708	https://archive.org/download/NASA_NTRS_Archive_19930091708/NASA_NTRS_Archive_19930091708_djvu.txt	?	-
NASA_NTRS_Archive_19930091709	https://archive.org/download/NASA_NTRS_Archive_19930091709/NASA_NTRS_Archive_19930091709_djvu.txt	?	-
NASA_NTRS_Archive_19930091710	https://archive.org/download/NASA_NTRS_Archive_19930091710/NASA_NTRS_Archive_19930091710_djvu.txt	?	-
NASA_NTRS_Archive_19930091711	https://archive.org/download/NASA_NTRS_Archive_19930091711/NASA_NTRS_Archive_19930091711_djvu.txt	?	-
NASA_NTRS_Archive_19930091712	https://archive.org/download/NASA_NTRS_Archive_19930091712/NASA_NTRS_Archive_19930091712_djvu.txt	?	-
NASA_NTRS_Archive_19930091713	https://archive.org/download/NASA_NTRS_Archive_19930091713/NASA_NTRS_Archive_19930091713_djvu.txt	?	-
NASA_NTRS_Archive_19930091714	https://archive.org/download/NASA_NTRS_Archive_19930091714/NASA_NTRS_Archive_19930091714_djvu.txt	?	-
NASA_NTRS_Archive_19930091715	https://archive.org/download/NASA_NTRS_Archive_19930091715/NASA_NTRS_Archive_19930091715_djvu.txt	?	-
NASA_NTRS_Archive_19930091716	https://archive.org/download/NASA_NTRS_Archive_19930091716/NASA_NTRS_Archive_19930091716_djvu.txt	?	-
NASA_NTRS_Archive_19930091717	https://archive.org/download/NASA_NTRS_Archive_19930091717/NASA_NTRS_Archive_19930091717_djvu.txt	?	-
NASA_NTRS_Archive_19930091718	https://archive.org/download/NASA_NTRS_Archive_19930091718/NASA_NTRS_Archive_19930091718_djvu.txt	?	-
NASA_NTRS_Archive_19930091719	https://archive.org/download/NASA_NTRS_Archive_19930091719/NASA_NTRS_Archive_19930091719_djvu.txt	?	-
NASA_NTRS_Archive_19930092445	https://archive.org/download/NASA_NTRS_Archive_19930092445/NASA_NTRS_Archive_19930092445_djvu.txt	?	-
NASA_NTRS_Archive_19930092446	https://archive.org/download/NASA_NTRS_Archive_19930092446/NASA_NTRS_Archive_19930092446_djvu.txt	?	-
NASA_NTRS_Archive_19930092447	https://archive.org/download/NASA_NTRS_Archive_19930092447/NASA_NTRS_Archive_19930092447_djvu.txt	?	-
NASA_NTRS_Archive_19930092448	https://archive.org/download/NASA_NTRS_Archive_19930092448/NASA_NTRS_Archive_19930092448_djvu.txt	?	-
NASA_NTRS_Archive_19930092449	https://archive.org/download/NASA_NTRS_Archive_19930092449/NASA_NTRS_Archive_19930092449_djvu.txt	?	-
NASA_NTRS_Archive_19930092450	https://archive.org/download/NASA_NTRS_Archive_19930092450/NASA_NTRS_Archive_19930092450_djvu.txt	?	-
NASA_NTRS_Archive_19930092451	https://archive.org/download/NASA_NTRS_Archive_19930092451/NASA_NTRS_Archive_19930092451_djvu.txt	?	-
NASA_NTRS_Archive_19930092452	https://archive.org/download/NASA_NTRS_Archive_19930092452/NASA_NTRS_Archive_19930092452_djvu.txt	?	-
NASA_NTRS_Archive_19930092453	https://archive.org/download/NASA_NTRS_Archive_19930092453/NASA_NTRS_Archive_19930092453_djvu.txt	?	-
NASA_NTRS_Archive_19930092454	https://archive.org/download/NASA_NTRS_Archive_19930092454/NASA_NTRS_Archive_19930092454_djvu.txt	?	-
NASA_NTRS_Archive_19930092624	https://archive.org/download/NASA_NTRS_Archive_19930092624/NASA_NTRS_Archive_19930092624_djvu.txt	?	-
NASA_NTRS_Archive_19930092656	https://archive.org/download/NASA_NTRS_Archive_19930092656/NASA_NTRS_Archive_19930092656_djvu.txt	?	-
NASA_NTRS_Archive_19930092803	https://archive.org/download/NASA_NTRS_Archive_19930092803/NASA_NTRS_Archive_19930092803_djvu.txt	?	-
NASA_NTRS_Archive_19930093051	https://archive.org/download/NASA_NTRS_Archive_19930093051/NASA_NTRS_Archive_19930093051_djvu.txt	?	-
NASA_NTRS_Archive_19930093641	https://archive.org/download/NASA_NTRS_Archive_19930093641/NASA_NTRS_Archive_19930093641_djvu.txt	?	-
NASA_NTRS_Archive_19930093711	https://archive.org/download/NASA_NTRS_Archive_19930093711/NASA_NTRS_Archive_19930093711_djvu.txt	?	-
NASA_NTRS_Archive_19930093974	https://archive.org/download/NASA_NTRS_Archive_19930093974/NASA_NTRS_Archive_19930093974_djvu.txt	?	-
NASA_NTRS_Archive_19930094003	https://archive.org/download/NASA_NTRS_Archive_19930094003/NASA_NTRS_Archive_19930094003_djvu.txt	?	-
NASA_NTRS_Archive_19930094533	https://archive.org/download/NASA_NTRS_Archive_19930094533/NASA_NTRS_Archive_19930094533_djvu.txt	?	-
NASA_NTRS_Archive_19930094534	https://archive.org/download/NASA_NTRS_Archive_19930094534/NASA_NTRS_Archive_19930094534_djvu.txt	?	-
NASA_NTRS_Archive_19930094535	https://archive.org/download/NASA_NTRS_Archive_19930094535/NASA_NTRS_Archive_19930094535_djvu.txt	?	-
NASA_NTRS_Archive_19930094536	https://archive.org/download/NASA_NTRS_Archive_19930094536/NASA_NTRS_Archive_19930094536_djvu.txt	?	-
NASA_NTRS_Archive_19930094537	https://archive.org/download/NASA_NTRS_Archive_19930094537/NASA_NTRS_Archive_19930094537_djvu.txt	?	-
NASA_NTRS_Archive_19930094538	https://archive.org/download/NASA_NTRS_Archive_19930094538/NASA_NTRS_Archive_19930094538_djvu.txt	?	-
NASA_NTRS_Archive_19930094539	https://archive.org/download/NASA_NTRS_Archive_19930094539/NASA_NTRS_Archive_19930094539_djvu.txt	?	-
NASA_NTRS_Archive_19930094540	https://archive.org/download/NASA_NTRS_Archive_19930094540/NASA_NTRS_Archive_19930094540_djvu.txt	?	-
NASA_NTRS_Archive_19930094541	https://archive.org/download/NASA_NTRS_Archive_19930094541/NASA_NTRS_Archive_19930094541_djvu.txt	?	-
NASA_NTRS_Archive_19930094542	https://archive.org/download/NASA_NTRS_Archive_19930094542/NASA_NTRS_Archive_19930094542_djvu.txt	?	-
NASA_NTRS_Archive_19930094543	https://archive.org/download/NASA_NTRS_Archive_19930094543/NASA_NTRS_Archive_19930094543_djvu.txt	?	-
NASA_NTRS_Archive_19930094544	https://archive.org/download/NASA_NTRS_Archive_19930094544/NASA_NTRS_Archive_19930094544_djvu.txt	?	-
NASA_NTRS_Archive_19930094545	https://archive.org/download/NASA_NTRS_Archive_19930094545/NASA_NTRS_Archive_19930094545_djvu.txt	?	-
NASA_NTRS_Archive_19930094546	https://archive.org/download/NASA_NTRS_Archive_19930094546/NASA_NTRS_Archive_19930094546_djvu.txt	?	-
NASA_NTRS_Archive_19930094547	https://archive.org/download/NASA_NTRS_Archive_19930094547/NASA_NTRS_Archive_19930094547_djvu.txt	?	-
NASA_NTRS_Archive_19930094548	https://archive.org/download/NASA_NTRS_Archive_19930094548/NASA_NTRS_Archive_19930094548_djvu.txt	?	-
NASA_NTRS_Archive_19930094549	https://archive.org/download/NASA_NTRS_Archive_19930094549/NASA_NTRS_Archive_19930094549_djvu.txt	?	-
NASA_NTRS_Archive_19930094550	https://archive.org/download/NASA_NTRS_Archive_19930094550/NASA_NTRS_Archive_19930094550_djvu.txt	?	-
NASA_NTRS_Archive_19930094551	https://archive.org/download/NASA_NTRS_Archive_19930094551/NASA_NTRS_Archive_19930094551_djvu.txt	?	-
NASA_NTRS_Archive_19930094552	https://archive.org/download/NASA_NTRS_Archive_19930094552/NASA_NTRS_Archive_19930094552_djvu.txt	?	-
NASA_NTRS_Archive_19930094553	https://archive.org/download/NASA_NTRS_Archive_19930094553/NASA_NTRS_Archive_19930094553_djvu.txt	?	-
NASA_NTRS_Archive_19930094554	https://archive.org/download/NASA_NTRS_Archive_19930094554/NASA_NTRS_Archive_19930094554_djvu.txt	?	-
NASA_NTRS_Archive_19930094555	https://archive.org/download/NASA_NTRS_Archive_19930094555/NASA_NTRS_Archive_19930094555_djvu.txt	?	-
NASA_NTRS_Archive_19930094556	https://archive.org/download/NASA_NTRS_Archive_19930094556/NASA_NTRS_Archive_19930094556_djvu.txt	?	-
NASA_NTRS_Archive_19930094557	https://archive.org/download/NASA_NTRS_Archive_19930094557/NASA_NTRS_Archive_19930094557_djvu.txt	?	-
NASA_NTRS_Archive_19930094558	https://archive.org/download/NASA_NTRS_Archive_19930094558/NASA_NTRS_Archive_19930094558_djvu.txt	?	-
NASA_NTRS_Archive_19930094559	https://archive.org/download/NASA_NTRS_Archive_19930094559/NASA_NTRS_Archive_19930094559_djvu.txt	?	-
NASA_NTRS_Archive_19930094560	https://archive.org/download/NASA_NTRS_Archive_19930094560/NASA_NTRS_Archive_19930094560_djvu.txt	?	-
NASA_NTRS_Archive_19930094561	https://archive.org/download/NASA_NTRS_Archive_19930094561/NASA_NTRS_Archive_19930094561_djvu.txt	?	-
NASA_NTRS_Archive_19930094562	https://archive.org/download/NASA_NTRS_Archive_19930094562/NASA_NTRS_Archive_19930094562_djvu.txt	?	-
NASA_NTRS_Archive_19930094563	https://archive.org/download/NASA_NTRS_Archive_19930094563/NASA_NTRS_Archive_19930094563_djvu.txt	?	-
NASA_NTRS_Archive_19930094564	https://archive.org/download/NASA_NTRS_Archive_19930094564/NASA_NTRS_Archive_19930094564_djvu.txt	?	-
NASA_NTRS_Archive_19930094565	https://archive.org/download/NASA_NTRS_Archive_19930094565/NASA_NTRS_Archive_19930094565_djvu.txt	?	-
NASA_NTRS_Archive_19930094566	https://archive.org/download/NASA_NTRS_Archive_19930094566/NASA_NTRS_Archive_19930094566_djvu.txt	?	-
NASA_NTRS_Archive_19930094567	https://archive.org/download/NASA_NTRS_Archive_19930094567/NASA_NTRS_Archive_19930094567_djvu.txt	?	-
NASA_NTRS_Archive_19930094568	https://archive.org/download/NASA_NTRS_Archive_19930094568/NASA_NTRS_Archive_19930094568_djvu.txt	?	-
NASA_NTRS_Archive_19930094569	https://archive.org/download/NASA_NTRS_Archive_19930094569/NASA_NTRS_Archive_19930094569_djvu.txt	?	-
NASA_NTRS_Archive_19930094570	https://archive.org/download/NASA_NTRS_Archive_19930094570/NASA_NTRS_Archive_19930094570_djvu.txt	?	-
NASA_NTRS_Archive_19930094571	https://archive.org/download/NASA_NTRS_Archive_19930094571/NASA_NTRS_Archive_19930094571_djvu.txt	?	-
NASA_NTRS_Archive_19930094572	https://archive.org/download/NASA_NTRS_Archive_19930094572/NASA_NTRS_Archive_19930094572_djvu.txt	?	-
NASA_NTRS_Archive_19930094573	https://archive.org/download/NASA_NTRS_Archive_19930094573/NASA_NTRS_Archive_19930094573_djvu.txt	?	-
NASA_NTRS_Archive_19930094574	https://archive.org/download/NASA_NTRS_Archive_19930094574/NASA_NTRS_Archive_19930094574_djvu.txt	?	-
NASA_NTRS_Archive_19930094575	https://archive.org/download/NASA_NTRS_Archive_19930094575/NASA_NTRS_Archive_19930094575_djvu.txt	?	-
NASA_NTRS_Archive_19930094576	https://archive.org/download/NASA_NTRS_Archive_19930094576/NASA_NTRS_Archive_19930094576_djvu.txt	?	-
NASA_NTRS_Archive_19930094577	https://archive.org/download/NASA_NTRS_Archive_19930094577/NASA_NTRS_Archive_19930094577_djvu.txt	?	-
NASA_NTRS_Archive_19930094578	https://archive.org/download/NASA_NTRS_Archive_19930094578/NASA_NTRS_Archive_19930094578_djvu.txt	?	-
NASA_NTRS_Archive_19930094579	https://archive.org/download/NASA_NTRS_Archive_19930094579/NASA_NTRS_Archive_19930094579_djvu.txt	?	-
NASA_NTRS_Archive_19930094580	https://archive.org/download/NASA_NTRS_Archive_19930094580/NASA_NTRS_Archive_19930094580_djvu.txt	?	-
NASA_NTRS_Archive_19930094581	https://archive.org/download/NASA_NTRS_Archive_19930094581/NASA_NTRS_Archive_19930094581_djvu.txt	?	-
NASA_NTRS_Archive_19930094582	https://archive.org/download/NASA_NTRS_Archive_19930094582/NASA_NTRS_Archive_19930094582_djvu.txt	?	-
NASA_NTRS_Archive_19930094583	https://archive.org/download/NASA_NTRS_Archive_19930094583/NASA_NTRS_Archive_19930094583_djvu.txt	?	-
NASA_NTRS_Archive_19930094584	https://archive.org/download/NASA_NTRS_Archive_19930094584/NASA_NTRS_Archive_19930094584_djvu.txt	?	-
NASA_NTRS_Archive_19930094585	https://archive.org/download/NASA_NTRS_Archive_19930094585/NASA_NTRS_Archive_19930094585_djvu.txt	?	-
NASA_NTRS_Archive_19930094586	https://archive.org/download/NASA_NTRS_Archive_19930094586/NASA_NTRS_Archive_19930094586_djvu.txt	?	-
NASA_NTRS_Archive_19930094587	https://archive.org/download/NASA_NTRS_Archive_19930094587/NASA_NTRS_Archive_19930094587_djvu.txt	?	-
NASA_NTRS_Archive_19930094588	https://archive.org/download/NASA_NTRS_Archive_19930094588/NASA_NTRS_Archive_19930094588_djvu.txt	?	-
NASA_NTRS_Archive_19930094589	https://archive.org/download/NASA_NTRS_Archive_19930094589/NASA_NTRS_Archive_19930094589_djvu.txt	?	-
NASA_NTRS_Archive_19930094590	https://archive.org/download/NASA_NTRS_Archive_19930094590/NASA_NTRS_Archive_19930094590_djvu.txt	?	-
NASA_NTRS_Archive_19930094591	https://archive.org/download/NASA_NTRS_Archive_19930094591/NASA_NTRS_Archive_19930094591_djvu.txt	?	-
NASA_NTRS_Archive_19930094592	https://archive.org/download/NASA_NTRS_Archive_19930094592/NASA_NTRS_Archive_19930094592_djvu.txt	?	-
NASA_NTRS_Archive_19930094593	https://archive.org/download/NASA_NTRS_Archive_19930094593/NASA_NTRS_Archive_19930094593_djvu.txt	?	-
NASA_NTRS_Archive_19930094594	https://archive.org/download/NASA_NTRS_Archive_19930094594/NASA_NTRS_Archive_19930094594_djvu.txt	?	-
NASA_NTRS_Archive_19930094595	https://archive.org/download/NASA_NTRS_Archive_19930094595/NASA_NTRS_Archive_19930094595_djvu.txt	?	-
NASA_NTRS_Archive_19930094596	https://archive.org/download/NASA_NTRS_Archive_19930094596/NASA_NTRS_Archive_19930094596_djvu.txt	?	-
NASA_NTRS_Archive_19930094597	https://archive.org/download/NASA_NTRS_Archive_19930094597/NASA_NTRS_Archive_19930094597_djvu.txt	?	-
NASA_NTRS_Archive_19930094598	https://archive.org/download/NASA_NTRS_Archive_19930094598/NASA_NTRS_Archive_19930094598_djvu.txt	?	-
NASA_NTRS_Archive_19930094599	https://archive.org/download/NASA_NTRS_Archive_19930094599/NASA_NTRS_Archive_19930094599_djvu.txt	?	-
NASA_NTRS_Archive_19930094600	https://archive.org/download/NASA_NTRS_Archive_19930094600/NASA_NTRS_Archive_19930094600_djvu.txt	?	-
NASA_NTRS_Archive_19930094601	https://archive.org/download/NASA_NTRS_Archive_19930094601/NASA_NTRS_Archive_19930094601_djvu.txt	?	-
NASA_NTRS_Archive_19930094602	https://archive.org/download/NASA_NTRS_Archive_19930094602/NASA_NTRS_Archive_19930094602_djvu.txt	?	-
NASA_NTRS_Archive_19930094603	https://archive.org/download/NASA_NTRS_Archive_19930094603/NASA_NTRS_Archive_19930094603_djvu.txt	?	-
NASA_NTRS_Archive_19930094604	https://archive.org/download/NASA_NTRS_Archive_19930094604/NASA_NTRS_Archive_19930094604_djvu.txt	?	-
NASA_NTRS_Archive_19930094605	https://archive.org/download/NASA_NTRS_Archive_19930094605/NASA_NTRS_Archive_19930094605_djvu.txt	?	-
NASA_NTRS_Archive_19930094606	https://archive.org/download/NASA_NTRS_Archive_19930094606/NASA_NTRS_Archive_19930094606_djvu.txt	?	-
NASA_NTRS_Archive_19930094607	https://archive.org/download/NASA_NTRS_Archive_19930094607/NASA_NTRS_Archive_19930094607_djvu.txt	?	-
NASA_NTRS_Archive_19930094608	https://archive.org/download/NASA_NTRS_Archive_19930094608/NASA_NTRS_Archive_19930094608_djvu.txt	?	-
NASA_NTRS_Archive_19930094609	https://archive.org/download/NASA_NTRS_Archive_19930094609/NASA_NTRS_Archive_19930094609_djvu.txt	?	-
NASA_NTRS_Archive_19930094610	https://archive.org/download/NASA_NTRS_Archive_19930094610/NASA_NTRS_Archive_19930094610_djvu.txt	?	-
NASA_NTRS_Archive_19930094611	https://archive.org/download/NASA_NTRS_Archive_19930094611/NASA_NTRS_Archive_19930094611_djvu.txt	?	-
NASA_NTRS_Archive_19930094612	https://archive.org/download/NASA_NTRS_Archive_19930094612/NASA_NTRS_Archive_19930094612_djvu.txt	?	-
NASA_NTRS_Archive_19930094613	https://archive.org/download/NASA_NTRS_Archive_19930094613/NASA_NTRS_Archive_19930094613_djvu.txt	?	-
NASA_NTRS_Archive_19930094615	https://archive.org/download/NASA_NTRS_Archive_19930094615/NASA_NTRS_Archive_19930094615_djvu.txt	?	-
NASA_NTRS_Archive_19930094616	https://archive.org/download/NASA_NTRS_Archive_19930094616/NASA_NTRS_Archive_19930094616_djvu.txt	?	-
NASA_NTRS_Archive_19930094617	https://archive.org/download/NASA_NTRS_Archive_19930094617/NASA_NTRS_Archive_19930094617_djvu.txt	?	-
NASA_NTRS_Archive_19930094618	https://archive.org/download/NASA_NTRS_Archive_19930094618/NASA_NTRS_Archive_19930094618_djvu.txt	?	-
NASA_NTRS_Archive_19930094619	https://archive.org/download/NASA_NTRS_Archive_19930094619/NASA_NTRS_Archive_19930094619_djvu.txt	?	-
NASA_NTRS_Archive_19930094620	https://archive.org/download/NASA_NTRS_Archive_19930094620/NASA_NTRS_Archive_19930094620_djvu.txt	?	-
NASA_NTRS_Archive_19930094621	https://archive.org/download/NASA_NTRS_Archive_19930094621/NASA_NTRS_Archive_19930094621_djvu.txt	?	-
NASA_NTRS_Archive_19930094622	https://archive.org/download/NASA_NTRS_Archive_19930094622/NASA_NTRS_Archive_19930094622_djvu.txt	?	-
NASA_NTRS_Archive_19930094623	https://archive.org/download/NASA_NTRS_Archive_19930094623/NASA_NTRS_Archive_19930094623_djvu.txt	?	-
NASA_NTRS_Archive_19930094624	https://archive.org/download/NASA_NTRS_Archive_19930094624/NASA_NTRS_Archive_19930094624_djvu.txt	?	-
NASA_NTRS_Archive_19930094625	https://archive.org/download/NASA_NTRS_Archive_19930094625/NASA_NTRS_Archive_19930094625_djvu.txt	?	-
NASA_NTRS_Archive_19930094626	https://archive.org/download/NASA_NTRS_Archive_19930094626/NASA_NTRS_Archive_19930094626_djvu.txt	?	-
NASA_NTRS_Archive_19930094627	https://archive.org/download/NASA_NTRS_Archive_19930094627/NASA_NTRS_Archive_19930094627_djvu.txt	?	-
NASA_NTRS_Archive_19930094628	https://archive.org/download/NASA_NTRS_Archive_19930094628/NASA_NTRS_Archive_19930094628_djvu.txt	?	-
NASA_NTRS_Archive_19930094629	https://archive.org/download/NASA_NTRS_Archive_19930094629/NASA_NTRS_Archive_19930094629_djvu.txt	?	-
NASA_NTRS_Archive_19930094630	https://archive.org/download/NASA_NTRS_Archive_19930094630/NASA_NTRS_Archive_19930094630_djvu.txt	?	-
NASA_NTRS_Archive_19930094631	https://archive.org/download/NASA_NTRS_Archive_19930094631/NASA_NTRS_Archive_19930094631_djvu.txt	?	-
NASA_NTRS_Archive_19930094632	https://archive.org/download/NASA_NTRS_Archive_19930094632/NASA_NTRS_Archive_19930094632_djvu.txt	?	-
NASA_NTRS_Archive_19930094633	https://archive.org/download/NASA_NTRS_Archive_19930094633/NASA_NTRS_Archive_19930094633_djvu.txt	?	-
NASA_NTRS_Archive_19930094634	https://archive.org/download/NASA_NTRS_Archive_19930094634/NASA_NTRS_Archive_19930094634_djvu.txt	?	-
NASA_NTRS_Archive_19930094635	https://archive.org/download/NASA_NTRS_Archive_19930094635/NASA_NTRS_Archive_19930094635_djvu.txt	?	-
NASA_NTRS_Archive_19930094636	https://archive.org/download/NASA_NTRS_Archive_19930094636/NASA_NTRS_Archive_19930094636_djvu.txt	?	-
NASA_NTRS_Archive_19930094637	https://archive.org/download/NASA_NTRS_Archive_19930094637/NASA_NTRS_Archive_19930094637_djvu.txt	?	-
NASA_NTRS_Archive_19930094638	https://archive.org/download/NASA_NTRS_Archive_19930094638/NASA_NTRS_Archive_19930094638_djvu.txt	?	-
NASA_NTRS_Archive_19930094639	https://archive.org/download/NASA_NTRS_Archive_19930094639/NASA_NTRS_Archive_19930094639_djvu.txt	?	-
NASA_NTRS_Archive_19930094640	https://archive.org/download/NASA_NTRS_Archive_19930094640/NASA_NTRS_Archive_19930094640_djvu.txt	?	-
NASA_NTRS_Archive_19930094641	https://archive.org/download/NASA_NTRS_Archive_19930094641/NASA_NTRS_Archive_19930094641_djvu.txt	?	-
NASA_NTRS_Archive_19930094642	https://archive.org/download/NASA_NTRS_Archive_19930094642/NASA_NTRS_Archive_19930094642_djvu.txt	?	-
NASA_NTRS_Archive_19930094643	https://archive.org/download/NASA_NTRS_Archive_19930094643/NASA_NTRS_Archive_19930094643_djvu.txt	?	-
NASA_NTRS_Archive_19930094644	https://archive.org/download/NASA_NTRS_Archive_19930094644/NASA_NTRS_Archive_19930094644_djvu.txt	?	-
NASA_NTRS_Archive_19930094645	https://archive.org/download/NASA_NTRS_Archive_19930094645/NASA_NTRS_Archive_19930094645_djvu.txt	?	-
NASA_NTRS_Archive_19930094646	https://archive.org/download/NASA_NTRS_Archive_19930094646/NASA_NTRS_Archive_19930094646_djvu.txt	?	-
NASA_NTRS_Archive_19930094647	https://archive.org/download/NASA_NTRS_Archive_19930094647/NASA_NTRS_Archive_19930094647_djvu.txt	?	-
NASA_NTRS_Archive_19930094648	https://archive.org/download/NASA_NTRS_Archive_19930094648/NASA_NTRS_Archive_19930094648_djvu.txt	?	-
NASA_NTRS_Archive_19930094649	https://archive.org/download/NASA_NTRS_Archive_19930094649/NASA_NTRS_Archive_19930094649_djvu.txt	?	-
NASA_NTRS_Archive_19930094650	https://archive.org/download/NASA_NTRS_Archive_19930094650/NASA_NTRS_Archive_19930094650_djvu.txt	?	-
NASA_NTRS_Archive_19930094651	https://archive.org/download/NASA_NTRS_Archive_19930094651/NASA_NTRS_Archive_19930094651_djvu.txt	?	-
NASA_NTRS_Archive_19930094652	https://archive.org/download/NASA_NTRS_Archive_19930094652/NASA_NTRS_Archive_19930094652_djvu.txt	?	-
NASA_NTRS_Archive_19930094653	https://archive.org/download/NASA_NTRS_Archive_19930094653/NASA_NTRS_Archive_19930094653_djvu.txt	?	-
NASA_NTRS_Archive_19930094654	https://archive.org/download/NASA_NTRS_Archive_19930094654/NASA_NTRS_Archive_19930094654_djvu.txt	?	-
NASA_NTRS_Archive_19930094655	https://archive.org/download/NASA_NTRS_Archive_19930094655/NASA_NTRS_Archive_19930094655_djvu.txt	?	-
NASA_NTRS_Archive_19930094656	https://archive.org/download/NASA_NTRS_Archive_19930094656/NASA_NTRS_Archive_19930094656_djvu.txt	?	-
NASA_NTRS_Archive_19930094657	https://archive.org/download/NASA_NTRS_Archive_19930094657/NASA_NTRS_Archive_19930094657_djvu.txt	?	-
NASA_NTRS_Archive_19930094658	https://archive.org/download/NASA_NTRS_Archive_19930094658/NASA_NTRS_Archive_19930094658_djvu.txt	?	-
NASA_NTRS_Archive_19930094659	https://archive.org/download/NASA_NTRS_Archive_19930094659/NASA_NTRS_Archive_19930094659_djvu.txt	?	-
NASA_NTRS_Archive_19930094660	https://archive.org/download/NASA_NTRS_Archive_19930094660/NASA_NTRS_Archive_19930094660_djvu.txt	?	-
NASA_NTRS_Archive_19930094661	https://archive.org/download/NASA_NTRS_Archive_19930094661/NASA_NTRS_Archive_19930094661_djvu.txt	?	-
NASA_NTRS_Archive_19930094662	https://archive.org/download/NASA_NTRS_Archive_19930094662/NASA_NTRS_Archive_19930094662_djvu.txt	?	-
NASA_NTRS_Archive_19930094663	https://archive.org/download/NASA_NTRS_Archive_19930094663/NASA_NTRS_Archive_19930094663_djvu.txt	?	-
NASA_NTRS_Archive_19930094664	https://archive.org/download/NASA_NTRS_Archive_19930094664/NASA_NTRS_Archive_19930094664_djvu.txt	?	-
NASA_NTRS_Archive_19930094665	https://archive.org/download/NASA_NTRS_Archive_19930094665/NASA_NTRS_Archive_19930094665_djvu.txt	?	-
NASA_NTRS_Archive_19930094666	https://archive.org/download/NASA_NTRS_Archive_19930094666/NASA_NTRS_Archive_19930094666_djvu.txt	?	-
NASA_NTRS_Archive_19930094667	https://archive.org/download/NASA_NTRS_Archive_19930094667/NASA_NTRS_Archive_19930094667_djvu.txt	?	-
NASA_NTRS_Archive_19930094668	https://archive.org/download/NASA_NTRS_Archive_19930094668/NASA_NTRS_Archive_19930094668_djvu.txt	?	-
NASA_NTRS_Archive_19930094669	https://archive.org/download/NASA_NTRS_Archive_19930094669/NASA_NTRS_Archive_19930094669_djvu.txt	?	-
NASA_NTRS_Archive_19930094670	https://archive.org/download/NASA_NTRS_Archive_19930094670/NASA_NTRS_Archive_19930094670_djvu.txt	?	-
NASA_NTRS_Archive_19930094671	https://archive.org/download/NASA_NTRS_Archive_19930094671/NASA_NTRS_Archive_19930094671_djvu.txt	?	-
NASA_NTRS_Archive_19930094672	https://archive.org/download/NASA_NTRS_Archive_19930094672/NASA_NTRS_Archive_19930094672_djvu.txt	?	-
NASA_NTRS_Archive_19930094673	https://archive.org/download/NASA_NTRS_Archive_19930094673/NASA_NTRS_Archive_19930094673_djvu.txt	?	-
NASA_NTRS_Archive_19930094674	https://archive.org/download/NASA_NTRS_Archive_19930094674/NASA_NTRS_Archive_19930094674_djvu.txt	?	-
NASA_NTRS_Archive_19930094675	https://archive.org/download/NASA_NTRS_Archive_19930094675/NASA_NTRS_Archive_19930094675_djvu.txt	?	-
NASA_NTRS_Archive_19930094676	https://archive.org/download/NASA_NTRS_Archive_19930094676/NASA_NTRS_Archive_19930094676_djvu.txt	?	-
NASA_NTRS_Archive_19930094677	https://archive.org/download/NASA_NTRS_Archive_19930094677/NASA_NTRS_Archive_19930094677_djvu.txt	?	-
NASA_NTRS_Archive_19930094678	https://archive.org/download/NASA_NTRS_Archive_19930094678/NASA_NTRS_Archive_19930094678_djvu.txt	?	-
NASA_NTRS_Archive_19930094679	https://archive.org/download/NASA_NTRS_Archive_19930094679/NASA_NTRS_Archive_19930094679_djvu.txt	?	-
NASA_NTRS_Archive_19930094680	https://archive.org/download/NASA_NTRS_Archive_19930094680/NASA_NTRS_Archive_19930094680_djvu.txt	?	-
NASA_NTRS_Archive_19930094681	https://archive.org/download/NASA_NTRS_Archive_19930094681/NASA_NTRS_Archive_19930094681_djvu.txt	?	-
NASA_NTRS_Archive_19930094682	https://archive.org/download/NASA_NTRS_Archive_19930094682/NASA_NTRS_Archive_19930094682_djvu.txt	?	-
NASA_NTRS_Archive_19930094683	https://archive.org/download/NASA_NTRS_Archive_19930094683/NASA_NTRS_Archive_19930094683_djvu.txt	?	-
NASA_NTRS_Archive_19930094684	https://archive.org/download/NASA_NTRS_Archive_19930094684/NASA_NTRS_Archive_19930094684_djvu.txt	?	-
NASA_NTRS_Archive_19930094685	https://archive.org/download/NASA_NTRS_Archive_19930094685/NASA_NTRS_Archive_19930094685_djvu.txt	?	-
NASA_NTRS_Archive_19930094686	https://archive.org/download/NASA_NTRS_Archive_19930094686/NASA_NTRS_Archive_19930094686_djvu.txt	?	-
NASA_NTRS_Archive_19930094687	https://archive.org/download/NASA_NTRS_Archive_19930094687/NASA_NTRS_Archive_19930094687_djvu.txt	?	-
NASA_NTRS_Archive_19930094688	https://archive.org/download/NASA_NTRS_Archive_19930094688/NASA_NTRS_Archive_19930094688_djvu.txt	?	-
NASA_NTRS_Archive_19930094689	https://archive.org/download/NASA_NTRS_Archive_19930094689/NASA_NTRS_Archive_19930094689_djvu.txt	?	-
NASA_NTRS_Archive_19930094690	https://archive.org/download/NASA_NTRS_Archive_19930094690/NASA_NTRS_Archive_19930094690_djvu.txt	?	-
NASA_NTRS_Archive_19930094691	https://archive.org/download/NASA_NTRS_Archive_19930094691/NASA_NTRS_Archive_19930094691_djvu.txt	?	-
NASA_NTRS_Archive_19930094692	https://archive.org/download/NASA_NTRS_Archive_19930094692/NASA_NTRS_Archive_19930094692_djvu.txt	?	-
NASA_NTRS_Archive_19930094693	https://archive.org/download/NASA_NTRS_Archive_19930094693/NASA_NTRS_Archive_19930094693_djvu.txt	?	-
NASA_NTRS_Archive_19930094694	https://archive.org/download/NASA_NTRS_Archive_19930094694/NASA_NTRS_Archive_19930094694_djvu.txt	?	-
NASA_NTRS_Archive_19930094695	https://archive.org/download/NASA_NTRS_Archive_19930094695/NASA_NTRS_Archive_19930094695_djvu.txt	?	-
NASA_NTRS_Archive_19930094696	https://archive.org/download/NASA_NTRS_Archive_19930094696/NASA_NTRS_Archive_19930094696_djvu.txt	?	-
NASA_NTRS_Archive_19930094697	https://archive.org/download/NASA_NTRS_Archive_19930094697/NASA_NTRS_Archive_19930094697_djvu.txt	?	-
NASA_NTRS_Archive_19930094698	https://archive.org/download/NASA_NTRS_Archive_19930094698/NASA_NTRS_Archive_19930094698_djvu.txt	?	-
NASA_NTRS_Archive_19930094699	https://archive.org/download/NASA_NTRS_Archive_19930094699/NASA_NTRS_Archive_19930094699_djvu.txt	?	-
NASA_NTRS_Archive_19930094700	https://archive.org/download/NASA_NTRS_Archive_19930094700/NASA_NTRS_Archive_19930094700_djvu.txt	?	-
NASA_NTRS_Archive_19930094701	https://archive.org/download/NASA_NTRS_Archive_19930094701/NASA_NTRS_Archive_19930094701_djvu.txt	?	-
NASA_NTRS_Archive_19930094702	https://archive.org/download/NASA_NTRS_Archive_19930094702/NASA_NTRS_Archive_19930094702_djvu.txt	?	-
NASA_NTRS_Archive_19930094703	https://archive.org/download/NASA_NTRS_Archive_19930094703/NASA_NTRS_Archive_19930094703_djvu.txt	?	-
NASA_NTRS_Archive_19930094704	https://archive.org/download/NASA_NTRS_Archive_19930094704/NASA_NTRS_Archive_19930094704_djvu.txt	?	-
NASA_NTRS_Archive_19930094705	https://archive.org/download/NASA_NTRS_Archive_19930094705/NASA_NTRS_Archive_19930094705_djvu.txt	?	-
NASA_NTRS_Archive_19930094706	https://archive.org/download/NASA_NTRS_Archive_19930094706/NASA_NTRS_Archive_19930094706_djvu.txt	?	-
NASA_NTRS_Archive_19930094707	https://archive.org/download/NASA_NTRS_Archive_19930094707/NASA_NTRS_Archive_19930094707_djvu.txt	?	-
NASA_NTRS_Archive_19930094708	https://archive.org/download/NASA_NTRS_Archive_19930094708/NASA_NTRS_Archive_19930094708_djvu.txt	?	-
NASA_NTRS_Archive_19930094709	https://archive.org/download/NASA_NTRS_Archive_19930094709/NASA_NTRS_Archive_19930094709_djvu.txt	?	-
NASA_NTRS_Archive_19930094710	https://archive.org/download/NASA_NTRS_Archive_19930094710/NASA_NTRS_Archive_19930094710_djvu.txt	?	-
NASA_NTRS_Archive_19930094711	https://archive.org/download/NASA_NTRS_Archive_19930094711/NASA_NTRS_Archive_19930094711_djvu.txt	?	-
NASA_NTRS_Archive_19930094712	https://archive.org/download/NASA_NTRS_Archive_19930094712/NASA_NTRS_Archive_19930094712_djvu.txt	?	-
NASA_NTRS_Archive_19930094713	https://archive.org/download/NASA_NTRS_Archive_19930094713/NASA_NTRS_Archive_19930094713_djvu.txt	?	-
NASA_NTRS_Archive_19930094714	https://archive.org/download/NASA_NTRS_Archive_19930094714/NASA_NTRS_Archive_19930094714_djvu.txt	?	-
NASA_NTRS_Archive_19930094715	https://archive.org/download/NASA_NTRS_Archive_19930094715/NASA_NTRS_Archive_19930094715_djvu.txt	?	-
NASA_NTRS_Archive_19930094716	https://archive.org/download/NASA_NTRS_Archive_19930094716/NASA_NTRS_Archive_19930094716_djvu.txt	?	-
NASA_NTRS_Archive_19930094717	https://archive.org/download/NASA_NTRS_Archive_19930094717/NASA_NTRS_Archive_19930094717_djvu.txt	?	-
NASA_NTRS_Archive_19930094718	https://archive.org/download/NASA_NTRS_Archive_19930094718/NASA_NTRS_Archive_19930094718_djvu.txt	?	-
NASA_NTRS_Archive_19930094719	https://archive.org/download/NASA_NTRS_Archive_19930094719/NASA_NTRS_Archive_19930094719_djvu.txt	?	-
NASA_NTRS_Archive_19930094720	https://archive.org/download/NASA_NTRS_Archive_19930094720/NASA_NTRS_Archive_19930094720_djvu.txt	?	-
NASA_NTRS_Archive_19930094721	https://archive.org/download/NASA_NTRS_Archive_19930094721/NASA_NTRS_Archive_19930094721_djvu.txt	?	-
NASA_NTRS_Archive_19930094722	https://archive.org/download/NASA_NTRS_Archive_19930094722/NASA_NTRS_Archive_19930094722_djvu.txt	?	-
NASA_NTRS_Archive_19930094723	https://archive.org/download/NASA_NTRS_Archive_19930094723/NASA_NTRS_Archive_19930094723_djvu.txt	?	-
NASA_NTRS_Archive_19930094724	https://archive.org/download/NASA_NTRS_Archive_19930094724/NASA_NTRS_Archive_19930094724_djvu.txt	?	-
NASA_NTRS_Archive_19930094725	https://archive.org/download/NASA_NTRS_Archive_19930094725/NASA_NTRS_Archive_19930094725_djvu.txt	?	-
NASA_NTRS_Archive_19930094726	https://archive.org/download/NASA_NTRS_Archive_19930094726/NASA_NTRS_Archive_19930094726_djvu.txt	?	-
NASA_NTRS_Archive_19930094727	https://archive.org/download/NASA_NTRS_Archive_19930094727/NASA_NTRS_Archive_19930094727_djvu.txt	?	-
NASA_NTRS_Archive_19930094728	https://archive.org/download/NASA_NTRS_Archive_19930094728/NASA_NTRS_Archive_19930094728_djvu.txt	?	-
NASA_NTRS_Archive_19930094729	https://archive.org/download/NASA_NTRS_Archive_19930094729/NASA_NTRS_Archive_19930094729_djvu.txt	?	-
NASA_NTRS_Archive_19930094730	https://archive.org/download/NASA_NTRS_Archive_19930094730/NASA_NTRS_Archive_19930094730_djvu.txt	?	-
NASA_NTRS_Archive_19930094731	https://archive.org/download/NASA_NTRS_Archive_19930094731/NASA_NTRS_Archive_19930094731_djvu.txt	?	-
NASA_NTRS_Archive_19930094732	https://archive.org/download/NASA_NTRS_Archive_19930094732/NASA_NTRS_Archive_19930094732_djvu.txt	?	-
NASA_NTRS_Archive_19930094733	https://archive.org/download/NASA_NTRS_Archive_19930094733/NASA_NTRS_Archive_19930094733_djvu.txt	?	-
NASA_NTRS_Archive_19930094734	https://archive.org/download/NASA_NTRS_Archive_19930094734/NASA_NTRS_Archive_19930094734_djvu.txt	?	-
NASA_NTRS_Archive_19930094735	https://archive.org/download/NASA_NTRS_Archive_19930094735/NASA_NTRS_Archive_19930094735_djvu.txt	?	-
NASA_NTRS_Archive_19930094736	https://archive.org/download/NASA_NTRS_Archive_19930094736/NASA_NTRS_Archive_19930094736_djvu.txt	?	-
NASA_NTRS_Archive_19930094737	https://archive.org/download/NASA_NTRS_Archive_19930094737/NASA_NTRS_Archive_19930094737_djvu.txt	?	-
NASA_NTRS_Archive_19930094738	https://archive.org/download/NASA_NTRS_Archive_19930094738/NASA_NTRS_Archive_19930094738_djvu.txt	?	-
NASA_NTRS_Archive_19930094739	https://archive.org/download/NASA_NTRS_Archive_19930094739/NASA_NTRS_Archive_19930094739_djvu.txt	?	-
NASA_NTRS_Archive_19930094740	https://archive.org/download/NASA_NTRS_Archive_19930094740/NASA_NTRS_Archive_19930094740_djvu.txt	?	-
NASA_NTRS_Archive_19930094741	https://archive.org/download/NASA_NTRS_Archive_19930094741/NASA_NTRS_Archive_19930094741_djvu.txt	?	-
NASA_NTRS_Archive_19930094742	https://archive.org/download/NASA_NTRS_Archive_19930094742/NASA_NTRS_Archive_19930094742_djvu.txt	?	-
NASA_NTRS_Archive_19930094743	https://archive.org/download/NASA_NTRS_Archive_19930094743/NASA_NTRS_Archive_19930094743_djvu.txt	?	-
NASA_NTRS_Archive_19930094744	https://archive.org/download/NASA_NTRS_Archive_19930094744/NASA_NTRS_Archive_19930094744_djvu.txt	?	-
NASA_NTRS_Archive_19930094745	https://archive.org/download/NASA_NTRS_Archive_19930094745/NASA_NTRS_Archive_19930094745_djvu.txt	?	-
NASA_NTRS_Archive_19930094746	https://archive.org/download/NASA_NTRS_Archive_19930094746/NASA_NTRS_Archive_19930094746_djvu.txt	?	-
NASA_NTRS_Archive_19930094747	https://archive.org/download/NASA_NTRS_Archive_19930094747/NASA_NTRS_Archive_19930094747_djvu.txt	?	-
NASA_NTRS_Archive_19930094748	https://archive.org/download/NASA_NTRS_Archive_19930094748/NASA_NTRS_Archive_19930094748_djvu.txt	?	-
NASA_NTRS_Archive_19930094749	https://archive.org/download/NASA_NTRS_Archive_19930094749/NASA_NTRS_Archive_19930094749_djvu.txt	?	-
NASA_NTRS_Archive_19930094750	https://archive.org/download/NASA_NTRS_Archive_19930094750/NASA_NTRS_Archive_19930094750_djvu.txt	?	-
NASA_NTRS_Archive_19930094751	https://archive.org/download/NASA_NTRS_Archive_19930094751/NASA_NTRS_Archive_19930094751_djvu.txt	?	-
NASA_NTRS_Archive_19930094752	https://archive.org/download/NASA_NTRS_Archive_19930094752/NASA_NTRS_Archive_19930094752_djvu.txt	?	-
NASA_NTRS_Archive_19930094753	https://archive.org/download/NASA_NTRS_Archive_19930094753/NASA_NTRS_Archive_19930094753_djvu.txt	?	-
NASA_NTRS_Archive_19930094754	https://archive.org/download/NASA_NTRS_Archive_19930094754/NASA_NTRS_Archive_19930094754_djvu.txt	?	-
NASA_NTRS_Archive_19930094755	https://archive.org/download/NASA_NTRS_Archive_19930094755/NASA_NTRS_Archive_19930094755_djvu.txt	?	-
NASA_NTRS_Archive_19930094756	https://archive.org/download/NASA_NTRS_Archive_19930094756/NASA_NTRS_Archive_19930094756_djvu.txt	?	-
NASA_NTRS_Archive_19930094757	https://archive.org/download/NASA_NTRS_Archive_19930094757/NASA_NTRS_Archive_19930094757_djvu.txt	?	-
NASA_NTRS_Archive_19930094758	https://archive.org/download/NASA_NTRS_Archive_19930094758/NASA_NTRS_Archive_19930094758_djvu.txt	?	-
NASA_NTRS_Archive_19930094759	https://archive.org/download/NASA_NTRS_Archive_19930094759/NASA_NTRS_Archive_19930094759_djvu.txt	?	-
NASA_NTRS_Archive_19930094760	https://archive.org/download/NASA_NTRS_Archive_19930094760/NASA_NTRS_Archive_19930094760_djvu.txt	?	-
NASA_NTRS_Archive_19930094761	https://archive.org/download/NASA_NTRS_Archive_19930094761/NASA_NTRS_Archive_19930094761_djvu.txt	?	-
NASA_NTRS_Archive_19930094762	https://archive.org/download/NASA_NTRS_Archive_19930094762/NASA_NTRS_Archive_19930094762_djvu.txt	?	-
NASA_NTRS_Archive_19930094763	https://archive.org/download/NASA_NTRS_Archive_19930094763/NASA_NTRS_Archive_19930094763_djvu.txt	?	-
NASA_NTRS_Archive_19930094764	https://archive.org/download/NASA_NTRS_Archive_19930094764/NASA_NTRS_Archive_19930094764_djvu.txt	?	-
NASA_NTRS_Archive_19930094765	https://archive.org/download/NASA_NTRS_Archive_19930094765/NASA_NTRS_Archive_19930094765_djvu.txt	?	-
NASA_NTRS_Archive_19930094766	https://archive.org/download/NASA_NTRS_Archive_19930094766/NASA_NTRS_Archive_19930094766_djvu.txt	?	-
NASA_NTRS_Archive_19930094767	https://archive.org/download/NASA_NTRS_Archive_19930094767/NASA_NTRS_Archive_19930094767_djvu.txt	?	-
NASA_NTRS_Archive_19930094768	https://archive.org/download/NASA_NTRS_Archive_19930094768/NASA_NTRS_Archive_19930094768_djvu.txt	?	-
NASA_NTRS_Archive_19930094769	https://archive.org/download/NASA_NTRS_Archive_19930094769/NASA_NTRS_Archive_19930094769_djvu.txt	?	-
NASA_NTRS_Archive_19930094770	https://archive.org/download/NASA_NTRS_Archive_19930094770/NASA_NTRS_Archive_19930094770_djvu.txt	?	-
NASA_NTRS_Archive_19930094771	https://archive.org/download/NASA_NTRS_Archive_19930094771/NASA_NTRS_Archive_19930094771_djvu.txt	?	-
NASA_NTRS_Archive_19930094772	https://archive.org/download/NASA_NTRS_Archive_19930094772/NASA_NTRS_Archive_19930094772_djvu.txt	?	-
NASA_NTRS_Archive_19930094773	https://archive.org/download/NASA_NTRS_Archive_19930094773/NASA_NTRS_Archive_19930094773_djvu.txt	?	-
NASA_NTRS_Archive_19930094774	https://archive.org/download/NASA_NTRS_Archive_19930094774/NASA_NTRS_Archive_19930094774_djvu.txt	?	-
NASA_NTRS_Archive_19930094775	https://archive.org/download/NASA_NTRS_Archive_19930094775/NASA_NTRS_Archive_19930094775_djvu.txt	?	-
NASA_NTRS_Archive_19930094776	https://archive.org/download/NASA_NTRS_Archive_19930094776/NASA_NTRS_Archive_19930094776_djvu.txt	?	-
NASA_NTRS_Archive_19930094777	https://archive.org/download/NASA_NTRS_Archive_19930094777/NASA_NTRS_Archive_19930094777_djvu.txt	?	-
NASA_NTRS_Archive_19930094778	https://archive.org/download/NASA_NTRS_Archive_19930094778/NASA_NTRS_Archive_19930094778_djvu.txt	?	-
NASA_NTRS_Archive_19930094779	https://archive.org/download/NASA_NTRS_Archive_19930094779/NASA_NTRS_Archive_19930094779_djvu.txt	?	-
NASA_NTRS_Archive_19930094780	https://archive.org/download/NASA_NTRS_Archive_19930094780/NASA_NTRS_Archive_19930094780_djvu.txt	?	-
NASA_NTRS_Archive_19930094781	https://archive.org/download/NASA_NTRS_Archive_19930094781/NASA_NTRS_Archive_19930094781_djvu.txt	?	-
NASA_NTRS_Archive_19930094782	https://archive.org/download/NASA_NTRS_Archive_19930094782/NASA_NTRS_Archive_19930094782_djvu.txt	?	-
NASA_NTRS_Archive_19930094783	https://archive.org/download/NASA_NTRS_Archive_19930094783/NASA_NTRS_Archive_19930094783_djvu.txt	?	-
NASA_NTRS_Archive_19930094784	https://archive.org/download/NASA_NTRS_Archive_19930094784/NASA_NTRS_Archive_19930094784_djvu.txt	?	-
NASA_NTRS_Archive_19930094785	https://archive.org/download/NASA_NTRS_Archive_19930094785/NASA_NTRS_Archive_19930094785_djvu.txt	?	-
NASA_NTRS_Archive_19930094786	https://archive.org/download/NASA_NTRS_Archive_19930094786/NASA_NTRS_Archive_19930094786_djvu.txt	?	-
NASA_NTRS_Archive_19930094787	https://archive.org/download/NASA_NTRS_Archive_19930094787/NASA_NTRS_Archive_19930094787_djvu.txt	?	-
NASA_NTRS_Archive_19930094788	https://archive.org/download/NASA_NTRS_Archive_19930094788/NASA_NTRS_Archive_19930094788_djvu.txt	?	-
NASA_NTRS_Archive_19930094789	https://archive.org/download/NASA_NTRS_Archive_19930094789/NASA_NTRS_Archive_19930094789_djvu.txt	?	-
NASA_NTRS_Archive_19930094790	https://archive.org/download/NASA_NTRS_Archive_19930094790/NASA_NTRS_Archive_19930094790_djvu.txt	?	-
NASA_NTRS_Archive_19930094791	https://archive.org/download/NASA_NTRS_Archive_19930094791/NASA_NTRS_Archive_19930094791_djvu.txt	?	-
NASA_NTRS_Archive_19930094792	https://archive.org/download/NASA_NTRS_Archive_19930094792/NASA_NTRS_Archive_19930094792_djvu.txt	?	-
NASA_NTRS_Archive_19930094793	https://archive.org/download/NASA_NTRS_Archive_19930094793/NASA_NTRS_Archive_19930094793_djvu.txt	?	-
NASA_NTRS_Archive_19930094794	https://archive.org/download/NASA_NTRS_Archive_19930094794/NASA_NTRS_Archive_19930094794_djvu.txt	?	-
NASA_NTRS_Archive_19930094796	https://archive.org/download/NASA_NTRS_Archive_19930094796/NASA_NTRS_Archive_19930094796_djvu.txt	?	-
NASA_NTRS_Archive_19930094797	https://archive.org/download/NASA_NTRS_Archive_19930094797/NASA_NTRS_Archive_19930094797_djvu.txt	?	-
NASA_NTRS_Archive_19930094798	https://archive.org/download/NASA_NTRS_Archive_19930094798/NASA_NTRS_Archive_19930094798_djvu.txt	?	-
NASA_NTRS_Archive_19930094799	https://archive.org/download/NASA_NTRS_Archive_19930094799/NASA_NTRS_Archive_19930094799_djvu.txt	?	-
NASA_NTRS_Archive_19930094800	https://archive.org/download/NASA_NTRS_Archive_19930094800/NASA_NTRS_Archive_19930094800_djvu.txt	?	-
NASA_NTRS_Archive_19930094801	https://archive.org/download/NASA_NTRS_Archive_19930094801/NASA_NTRS_Archive_19930094801_djvu.txt	?	-
NASA_NTRS_Archive_19930094802	https://archive.org/download/NASA_NTRS_Archive_19930094802/NASA_NTRS_Archive_19930094802_djvu.txt	?	-
NASA_NTRS_Archive_19930094803	https://archive.org/download/NASA_NTRS_Archive_19930094803/NASA_NTRS_Archive_19930094803_djvu.txt	?	-
NASA_NTRS_Archive_19930094804	https://archive.org/download/NASA_NTRS_Archive_19930094804/NASA_NTRS_Archive_19930094804_djvu.txt	?	-
NASA_NTRS_Archive_19930094805	https://archive.org/download/NASA_NTRS_Archive_19930094805/NASA_NTRS_Archive_19930094805_djvu.txt	?	-
NASA_NTRS_Archive_19930094806	https://archive.org/download/NASA_NTRS_Archive_19930094806/NASA_NTRS_Archive_19930094806_djvu.txt	?	-
NASA_NTRS_Archive_19930094807	https://archive.org/download/NASA_NTRS_Archive_19930094807/NASA_NTRS_Archive_19930094807_djvu.txt	?	-
NASA_NTRS_Archive_19930094809	https://archive.org/download/NASA_NTRS_Archive_19930094809/NASA_NTRS_Archive_19930094809_djvu.txt	?	-
NASA_NTRS_Archive_19930094810	https://archive.org/download/NASA_NTRS_Archive_19930094810/NASA_NTRS_Archive_19930094810_djvu.txt	?	-
NASA_NTRS_Archive_19930094811	https://archive.org/download/NASA_NTRS_Archive_19930094811/NASA_NTRS_Archive_19930094811_djvu.txt	?	-
NASA_NTRS_Archive_19930094812	https://archive.org/download/NASA_NTRS_Archive_19930094812/NASA_NTRS_Archive_19930094812_djvu.txt	?	-
NASA_NTRS_Archive_19930094813	https://archive.org/download/NASA_NTRS_Archive_19930094813/NASA_NTRS_Archive_19930094813_djvu.txt	?	-
NASA_NTRS_Archive_19930094814	https://archive.org/download/NASA_NTRS_Archive_19930094814/NASA_NTRS_Archive_19930094814_djvu.txt	?	-
NASA_NTRS_Archive_19930094815	https://archive.org/download/NASA_NTRS_Archive_19930094815/NASA_NTRS_Archive_19930094815_djvu.txt	?	-
NASA_NTRS_Archive_19930094816	https://archive.org/download/NASA_NTRS_Archive_19930094816/NASA_NTRS_Archive_19930094816_djvu.txt	?	-
NASA_NTRS_Archive_19930094817	https://archive.org/download/NASA_NTRS_Archive_19930094817/NASA_NTRS_Archive_19930094817_djvu.txt	?	-
NASA_NTRS_Archive_19930094818	https://archive.org/download/NASA_NTRS_Archive_19930094818/NASA_NTRS_Archive_19930094818_djvu.txt	?	-
NASA_NTRS_Archive_19930094819	https://archive.org/download/NASA_NTRS_Archive_19930094819/NASA_NTRS_Archive_19930094819_djvu.txt	?	-
NASA_NTRS_Archive_19930094820	https://archive.org/download/NASA_NTRS_Archive_19930094820/NASA_NTRS_Archive_19930094820_djvu.txt	?	-
NASA_NTRS_Archive_19930094821	https://archive.org/download/NASA_NTRS_Archive_19930094821/NASA_NTRS_Archive_19930094821_djvu.txt	?	-
NASA_NTRS_Archive_19930094822	https://archive.org/download/NASA_NTRS_Archive_19930094822/NASA_NTRS_Archive_19930094822_djvu.txt	?	-
NASA_NTRS_Archive_19930094823	https://archive.org/download/NASA_NTRS_Archive_19930094823/NASA_NTRS_Archive_19930094823_djvu.txt	?	-
NASA_NTRS_Archive_19930094824	https://archive.org/download/NASA_NTRS_Archive_19930094824/NASA_NTRS_Archive_19930094824_djvu.txt	?	-
NASA_NTRS_Archive_19930094825	https://archive.org/download/NASA_NTRS_Archive_19930094825/NASA_NTRS_Archive_19930094825_djvu.txt	?	-
NASA_NTRS_Archive_19930094826	https://archive.org/download/NASA_NTRS_Archive_19930094826/NASA_NTRS_Archive_19930094826_djvu.txt	?	-
NASA_NTRS_Archive_19930094827	https://archive.org/download/NASA_NTRS_Archive_19930094827/NASA_NTRS_Archive_19930094827_djvu.txt	?	-
NASA_NTRS_Archive_19930094828	https://archive.org/download/NASA_NTRS_Archive_19930094828/NASA_NTRS_Archive_19930094828_djvu.txt	?	-
NASA_NTRS_Archive_19930094829	https://archive.org/download/NASA_NTRS_Archive_19930094829/NASA_NTRS_Archive_19930094829_djvu.txt	?	-
NASA_NTRS_Archive_19930094830	https://archive.org/download/NASA_NTRS_Archive_19930094830/NASA_NTRS_Archive_19930094830_djvu.txt	?	-
NASA_NTRS_Archive_19930094831	https://archive.org/download/NASA_NTRS_Archive_19930094831/NASA_NTRS_Archive_19930094831_djvu.txt	?	-
NASA_NTRS_Archive_19930094832	https://archive.org/download/NASA_NTRS_Archive_19930094832/NASA_NTRS_Archive_19930094832_djvu.txt	?	-
NASA_NTRS_Archive_19930094833	https://archive.org/download/NASA_NTRS_Archive_19930094833/NASA_NTRS_Archive_19930094833_djvu.txt	?	-
NASA_NTRS_Archive_19930094834	https://archive.org/download/NASA_NTRS_Archive_19930094834/NASA_NTRS_Archive_19930094834_djvu.txt	?	-
NASA_NTRS_Archive_19930094835	https://archive.org/download/NASA_NTRS_Archive_19930094835/NASA_NTRS_Archive_19930094835_djvu.txt	?	-
NASA_NTRS_Archive_19930094836	https://archive.org/download/NASA_NTRS_Archive_19930094836/NASA_NTRS_Archive_19930094836_djvu.txt	?	-
NASA_NTRS_Archive_19930094837	https://archive.org/download/NASA_NTRS_Archive_19930094837/NASA_NTRS_Archive_19930094837_djvu.txt	?	-
NASA_NTRS_Archive_19930094838	https://archive.org/download/NASA_NTRS_Archive_19930094838/NASA_NTRS_Archive_19930094838_djvu.txt	?	-
NASA_NTRS_Archive_19930094839	https://archive.org/download/NASA_NTRS_Archive_19930094839/NASA_NTRS_Archive_19930094839_djvu.txt	?	-
NASA_NTRS_Archive_19930094840	https://archive.org/download/NASA_NTRS_Archive_19930094840/NASA_NTRS_Archive_19930094840_djvu.txt	?	-
NASA_NTRS_Archive_19930094841	https://archive.org/download/NASA_NTRS_Archive_19930094841/NASA_NTRS_Archive_19930094841_djvu.txt	?	-
NASA_NTRS_Archive_19930094842	https://archive.org/download/NASA_NTRS_Archive_19930094842/NASA_NTRS_Archive_19930094842_djvu.txt	?	-
NASA_NTRS_Archive_19930094843	https://archive.org/download/NASA_NTRS_Archive_19930094843/NASA_NTRS_Archive_19930094843_djvu.txt	?	-
NASA_NTRS_Archive_19930094844	https://archive.org/download/NASA_NTRS_Archive_19930094844/NASA_NTRS_Archive_19930094844_djvu.txt	?	-
NASA_NTRS_Archive_19930094845	https://archive.org/download/NASA_NTRS_Archive_19930094845/NASA_NTRS_Archive_19930094845_djvu.txt	?	-
NASA_NTRS_Archive_19930094846	https://archive.org/download/NASA_NTRS_Archive_19930094846/NASA_NTRS_Archive_19930094846_djvu.txt	?	-
NASA_NTRS_Archive_19930094847	https://archive.org/download/NASA_NTRS_Archive_19930094847/NASA_NTRS_Archive_19930094847_djvu.txt	?	-
NASA_NTRS_Archive_19930094848	https://archive.org/download/NASA_NTRS_Archive_19930094848/NASA_NTRS_Archive_19930094848_djvu.txt	?	-
NASA_NTRS_Archive_19930094849	https://archive.org/download/NASA_NTRS_Archive_19930094849/NASA_NTRS_Archive_19930094849_djvu.txt	?	-
NASA_NTRS_Archive_19930094850	https://archive.org/download/NASA_NTRS_Archive_19930094850/NASA_NTRS_Archive_19930094850_djvu.txt	?	-
NASA_NTRS_Archive_19930094851	https://archive.org/download/NASA_NTRS_Archive_19930094851/NASA_NTRS_Archive_19930094851_djvu.txt	?	-
NASA_NTRS_Archive_19930094852	https://archive.org/download/NASA_NTRS_Archive_19930094852/NASA_NTRS_Archive_19930094852_djvu.txt	?	-
NASA_NTRS_Archive_19930094853	https://archive.org/download/NASA_NTRS_Archive_19930094853/NASA_NTRS_Archive_19930094853_djvu.txt	?	-
NASA_NTRS_Archive_19930094854	https://archive.org/download/NASA_NTRS_Archive_19930094854/NASA_NTRS_Archive_19930094854_djvu.txt	?	-
NASA_NTRS_Archive_19930094855	https://archive.org/download/NASA_NTRS_Archive_19930094855/NASA_NTRS_Archive_19930094855_djvu.txt	?	-
NASA_NTRS_Archive_19930094856	https://archive.org/download/NASA_NTRS_Archive_19930094856/NASA_NTRS_Archive_19930094856_djvu.txt	?	-
NASA_NTRS_Archive_19930094857	https://archive.org/download/NASA_NTRS_Archive_19930094857/NASA_NTRS_Archive_19930094857_djvu.txt	?	-
NASA_NTRS_Archive_19930094858	https://archive.org/download/NASA_NTRS_Archive_19930094858/NASA_NTRS_Archive_19930094858_djvu.txt	?	-
NASA_NTRS_Archive_19930094859	https://archive.org/download/NASA_NTRS_Archive_19930094859/NASA_NTRS_Archive_19930094859_djvu.txt	?	-
NASA_NTRS_Archive_19930094860	https://archive.org/download/NASA_NTRS_Archive_19930094860/NASA_NTRS_Archive_19930094860_djvu.txt	?	-
NASA_NTRS_Archive_19930094861	https://archive.org/download/NASA_NTRS_Archive_19930094861/NASA_NTRS_Archive_19930094861_djvu.txt	?	-
NASA_NTRS_Archive_19960023477	https://archive.org/download/NASA_NTRS_Archive_19960023477/NASA_NTRS_Archive_19960023477_djvu.txt	?	-
NASA_NTRS_Archive_20030082190	https://archive.org/download/NASA_NTRS_Archive_20030082190/NASA_NTRS_Archive_20030082190_djvu.txt	?	-
NASA_NTRS_Archive_20050241726	https://archive.org/download/NASA_NTRS_Archive_20050241726/NASA_NTRS_Archive_20050241726_djvu.txt	?	-
NASA_NTRS_Archive_20050241729	https://archive.org/download/NASA_NTRS_Archive_20050241729/NASA_NTRS_Archive_20050241729_djvu.txt	?	-
NASA_NTRS_Archive_20050241730	https://archive.org/download/NASA_NTRS_Archive_20050241730/NASA_NTRS_Archive_20050241730_djvu.txt	?	-
NASA_NTRS_Archive_20090014119	https://archive.org/download/NASA_NTRS_Archive_20090014119/NASA_NTRS_Archive_20090014119_djvu.txt	?	-
NASA_NTRS_Archive_20090014139	https://archive.org/download/NASA_NTRS_Archive_20090014139/NASA_NTRS_Archive_20090014139_djvu.txt	?	-
NASA_NTRS_Archive_20090014144	https://archive.org/download/NASA_NTRS_Archive_20090014144/NASA_NTRS_Archive_20090014144_djvu.txt	?	-
NASA_NTRS_Archive_20090014186	https://archive.org/download/NASA_NTRS_Archive_20090014186/NASA_NTRS_Archive_20090014186_djvu.txt	?	-
NASA_NTRS_Archive_20090014187	https://archive.org/download/NASA_NTRS_Archive_20090014187/NASA_NTRS_Archive_20090014187_djvu.txt	?	-
NASA_NTRS_Archive_20090014211	https://archive.org/download/NASA_NTRS_Archive_20090014211/NASA_NTRS_Archive_20090014211_djvu.txt	?	-
NASA_NTRS_Archive_20090014215	https://archive.org/download/NASA_NTRS_Archive_20090014215/NASA_NTRS_Archive_20090014215_djvu.txt	?	-
NASA_NTRS_Archive_20090014718	https://archive.org/download/NASA_NTRS_Archive_20090014718/NASA_NTRS_Archive_20090014718_djvu.txt	?	-
NASA_NTRS_Archive_20090014741	https://archive.org/download/NASA_NTRS_Archive_20090014741/NASA_NTRS_Archive_20090014741_djvu.txt	?	-
NASA_NTRS_Archive_20090014805	https://archive.org/download/NASA_NTRS_Archive_20090014805/NASA_NTRS_Archive_20090014805_djvu.txt	?	-
NASA_NTRS_Archive_20090014835	https://archive.org/download/NASA_NTRS_Archive_20090014835/NASA_NTRS_Archive_20090014835_djvu.txt	?	-
NASA_NTRS_Archive_20090014836	https://archive.org/download/NASA_NTRS_Archive_20090014836/NASA_NTRS_Archive_20090014836_djvu.txt	?	-
NASA_NTRS_Archive_20090014837	https://archive.org/download/NASA_NTRS_Archive_20090014837/NASA_NTRS_Archive_20090014837_djvu.txt	?	-
NASA_NTRS_Archive_20090014889	https://archive.org/download/NASA_NTRS_Archive_20090014889/NASA_NTRS_Archive_20090014889_djvu.txt	?	-
NASA_NTRS_Archive_20090015031	https://archive.org/download/NASA_NTRS_Archive_20090015031/NASA_NTRS_Archive_20090015031_djvu.txt	?	-
NASA_NTRS_Archive_20090015053	https://archive.org/download/NASA_NTRS_Archive_20090015053/NASA_NTRS_Archive_20090015053_djvu.txt	?	-
NASA_NTRS_Archive_20090015056	https://archive.org/download/NASA_NTRS_Archive_20090015056/NASA_NTRS_Archive_20090015056_djvu.txt	?	-
NASA_NTRS_Archive_20090015089	https://archive.org/download/NASA_NTRS_Archive_20090015089/NASA_NTRS_Archive_20090015089_djvu.txt	?	-
NASA_NTRS_Archive_20090015095	https://archive.org/download/NASA_NTRS_Archive_20090015095/NASA_NTRS_Archive_20090015095_djvu.txt	?	-
NASA_NTRS_Archive_20090015098	https://archive.org/download/NASA_NTRS_Archive_20090015098/NASA_NTRS_Archive_20090015098_djvu.txt	?	-
NASA_NTRS_Archive_20090015103	https://archive.org/download/NASA_NTRS_Archive_20090015103/NASA_NTRS_Archive_20090015103_djvu.txt	?	-
NASA_NTRS_Archive_20090015106	https://archive.org/download/NASA_NTRS_Archive_20090015106/NASA_NTRS_Archive_20090015106_djvu.txt	?	-
NASA_NTRS_Archive_20090015107	https://archive.org/download/NASA_NTRS_Archive_20090015107/NASA_NTRS_Archive_20090015107_djvu.txt	?	-
NASA_NTRS_Archive_20090015117	https://archive.org/download/NASA_NTRS_Archive_20090015117/NASA_NTRS_Archive_20090015117_djvu.txt	?	-
NASA_NTRS_Archive_20090015247	https://archive.org/download/NASA_NTRS_Archive_20090015247/NASA_NTRS_Archive_20090015247_djvu.txt	?	-
NASA_NTRS_Archive_20090015249	https://archive.org/download/NASA_NTRS_Archive_20090015249/NASA_NTRS_Archive_20090015249_djvu.txt	?	-
NASA_NTRS_Archive_20090015250	https://archive.org/download/NASA_NTRS_Archive_20090015250/NASA_NTRS_Archive_20090015250_djvu.txt	?	-
NASA_NTRS_Archive_20090015251	https://archive.org/download/NASA_NTRS_Archive_20090015251/NASA_NTRS_Archive_20090015251_djvu.txt	?	-
NASA_NTRS_Archive_20090015253	https://archive.org/download/NASA_NTRS_Archive_20090015253/NASA_NTRS_Archive_20090015253_djvu.txt	?	-
NASA_NTRS_Archive_20090015308	https://archive.org/download/NASA_NTRS_Archive_20090015308/NASA_NTRS_Archive_20090015308_djvu.txt	?	-
NASA_NTRS_Archive_20090015310	https://archive.org/download/NASA_NTRS_Archive_20090015310/NASA_NTRS_Archive_20090015310_djvu.txt	?	-
NASA_NTRS_Archive_20090015311	https://archive.org/download/NASA_NTRS_Archive_20090015311/NASA_NTRS_Archive_20090015311_djvu.txt	?	-
NASA_NTRS_Archive_20090015312	https://archive.org/download/NASA_NTRS_Archive_20090015312/NASA_NTRS_Archive_20090015312_djvu.txt	?	-
NASA_NTRS_Archive_20090015315	https://archive.org/download/NASA_NTRS_Archive_20090015315/NASA_NTRS_Archive_20090015315_djvu.txt	?	-
NASA_NTRS_Archive_20090015316	https://archive.org/download/NASA_NTRS_Archive_20090015316/NASA_NTRS_Archive_20090015316_djvu.txt	?	-
NASA_NTRS_Archive_20090019124	https://archive.org/download/NASA_NTRS_Archive_20090019124/NASA_NTRS_Archive_20090019124_djvu.txt	?	-
NASA_NTRS_Archive_20090019125	https://archive.org/download/NASA_NTRS_Archive_20090019125/NASA_NTRS_Archive_20090019125_djvu.txt	?	-
NASA_NTRS_Archive_20090023670	https://archive.org/download/NASA_NTRS_Archive_20090023670/NASA_NTRS_Archive_20090023670_djvu.txt	?	-
NASA_NTRS_Archive_20090023691	https://archive.org/download/NASA_NTRS_Archive_20090023691/NASA_NTRS_Archive_20090023691_djvu.txt	?	-
NASA_NTRS_Archive_20150012617	https://archive.org/download/NASA_NTRS_Archive_20150012617/NASA_NTRS_Archive_20150012617_djvu.txt	?	-
NASA_NTRS_Archive_20150020405	https://archive.org/download/NASA_NTRS_Archive_20150020405/NASA_NTRS_Archive_20150020405_djvu.txt	?	-
NASA_NTRS_Archive_20150021810	https://archive.org/download/NASA_NTRS_Archive_20150021810/NASA_NTRS_Archive_20150021810_djvu.txt	?	-
NASA_NTRS_Archive_20150021833	https://archive.org/download/NASA_NTRS_Archive_20150021833/NASA_NTRS_Archive_20150021833_djvu.txt	?	-
NASA_NTRS_Archive_20150021909	https://archive.org/download/NASA_NTRS_Archive_20150021909/NASA_NTRS_Archive_20150021909_djvu.txt	?	-
NASA_NTRS_Archive_20150021911	https://archive.org/download/NASA_NTRS_Archive_20150021911/NASA_NTRS_Archive_20150021911_djvu.txt	?	-
NASA_NTRS_Archive_20150021912	https://archive.org/download/NASA_NTRS_Archive_20150021912/NASA_NTRS_Archive_20150021912_djvu.txt	?	-
NASA_NTRS_Archive_20150021942	https://archive.org/download/NASA_NTRS_Archive_20150021942/NASA_NTRS_Archive_20150021942_djvu.txt	?	-
NASA_NTRS_Archive_20180002405	https://archive.org/download/NASA_NTRS_Archive_20180002405/NASA_NTRS_Archive_20180002405_djvu.txt	?	-
