key	date	precision	year	volume	title	language
NASA_NTRS_Archive_19630039412	1935-01-01	year	1935		NASA Technical Reports Server (NTRS) 19630039412: AN APPLICATION OF THE VON KARMAN-MILLIKAN LAMINAR BOUNDARY-LAYER THEORY AND COMPARISON WITH EXPERIMENT	english
NASA_NTRS_Archive_19630039634	1937-01-01	year	1937		NASA Technical Reports Server (NTRS) 19630039634: THE DESIGN OF AIRPLANE-ENGINE SUPERCHARGERS	english
NASA_NTRS_Archive_19670008443	1925-01-01	year	1925		NASA Technical Reports Server (NTRS) 19670008443: Viscous and Viscoelastic Behavior of 1	english
NASA_NTRS_Archive_19700032865	1937-01-01	year	1937		NASA Technical Reports Server (NTRS) 19700032865: Ultrasonic measurement of core material temperature Final report	english
NASA_NTRS_Archive_19720014843	1932-07-01	day	1932		NASA Technical Reports Server (NTRS) 19720014843: Evaluation of drilled-ball bearings at DN values to three million. 1: Variable oil flow tests	english
NASA_NTRS_Archive_19760021093	1926-01-01	year	1926		NASA Technical Reports Server (NTRS) 19760021093: Lattice arrangements for rapid convergence Vortex-Lattice Utilization Vortex-Lattice Utilization	english
NASA_NTRS_Archive_19780011679	1928-01-01	year	1928		NASA Technical Reports Server (NTRS) 19780011679: Aeroelastic stability of wind turbine blades Wind Turbine Structural Dynamics	english
NASA_NTRS_Archive_19780078805	1937-01-01	year	1937		NASA Technical Reports Server (NTRS) 19780078805: The effect of curvature on the transition from laminar to turbulent boundary layer	english
NASA_NTRS_Archive_19930080719	1920-01-01	year	1920		NASA Technical Reports Server (NTRS) 19930080719: On the elementary relation between pitch, slip, and propulsive efficiency	english
NASA_NTRS_Archive_19930080720	1921-01-01	year	1921		NASA Technical Reports Server (NTRS) 19930080720: The law relating to air currents	english
NASA_NTRS_Archive_19930080721	1921-01-01	year	1921		NASA Technical Reports Server (NTRS) 19930080721: The Goebel rotary engine	english
NASA_NTRS_Archive_19930080722	1921-01-01	year	1921		NASA Technical Reports Server (NTRS) 19930080722: Abacus giving the variation of the mean pressure of an aviation engine as a function of its speed of rotation	english
NASA_NTRS_Archive_19930080723	1921-01-01	year	1921		NASA Technical Reports Server (NTRS) 19930080723: The Oehmichen Peugeot helicopter	english
NASA_NTRS_Archive_19930080724	1921-01-01	year	1921		NASA Technical Reports Server (NTRS) 19930080724: The coupling of engines	english
NASA_NTRS_Archive_19930080725	1921-01-01	year	1921		NASA Technical Reports Server (NTRS) 19930080725: On the definition of the standard atmosphere	english
NASA_NTRS_Archive_19930080726	1921-01-01	year	1921		NASA Technical Reports Server (NTRS) 19930080726: Some new tests at the Gottingen laboratory	english
NASA_NTRS_Archive_19930080727	1921-01-01	year	1921		NASA Technical Reports Server (NTRS) 19930080727: Commercial Aviation in Germany : Past and Future	english
NASA_NTRS_Archive_19930080728	1921-01-01	year	1921		NASA Technical Reports Server (NTRS) 19930080728: The art of writing scientific reports	english
NASA_NTRS_Archive_19930080729	1921-01-01	year	1921		NASA Technical Reports Server (NTRS) 19930080729: Analytical methods for computing the polar curves of airplanes	english
NASA_NTRS_Archive_19930080730	1921-01-01	year	1921		NASA Technical Reports Server (NTRS) 19930080730: Development of aeronautical engines by the Army and Navy	english
NASA_NTRS_Archive_19930080731	1921-01-01	year	1921		NASA Technical Reports Server (NTRS) 19930080731: The Rumpler passenger airplane	english
NASA_NTRS_Archive_19930080733	1920-01-01	year	1920		NASA Technical Reports Server (NTRS) 19930080733: Variable Pitch Propellers	english
NASA_NTRS_Archive_19930080734	1920-01-01	year	1920		NASA Technical Reports Server (NTRS) 19930080734: Recent developments in light alloys	english
NASA_NTRS_Archive_19930080735	1921-01-01	year	1921		NASA Technical Reports Server (NTRS) 19930080735: Resume of the theory of naval and aerial propulsive propellers and of airplanes in the rectilinear flight	english
NASA_NTRS_Archive_19930080737	1921-01-01	year	1921		NASA Technical Reports Server (NTRS) 19930080737: The technical development of the transport airplane.Report of the Aero-Technical Conference of the Scientific Association for Aeronautics, March 5, 1919	english
NASA_NTRS_Archive_19930080739	1921-01-01	year	1921		NASA Technical Reports Server (NTRS) 19930080739: Study of the resistance offered by propellers rotating on an airstream	english
NASA_NTRS_Archive_19930080741	1921-01-01	year	1921		NASA Technical Reports Server (NTRS) 19930080741: British certificates of airworthiness	english
NASA_NTRS_Archive_19930080742	1921-01-01	year	1921		NASA Technical Reports Server (NTRS) 19930080742: Observations on the method of determining the velocity of airships	english
NASA_NTRS_Archive_19930080747	1921-01-01	year	1921		NASA Technical Reports Server (NTRS) 19930080747: The drawing of experimental curves	english
NASA_NTRS_Archive_19930080748	1921-01-01	year	1921		NASA Technical Reports Server (NTRS) 19930080748: Abacus for the reduction of English measures to the metric system and vice versa	english
NASA_NTRS_Archive_19930080750	1921-01-01	year	1921		NASA Technical Reports Server (NTRS) 19930080750: High efficiency of seaplanes	english
NASA_NTRS_Archive_19930080751	1922-01-01	year	1922		NASA Technical Reports Server (NTRS) 19930080751: The Problem of Landing	english
NASA_NTRS_Archive_19930080752	1920-01-01	year	1920		NASA Technical Reports Server (NTRS) 19930080752: Tests of artificial flight at high altitudes	english
NASA_NTRS_Archive_19930080754	1921-01-01	year	1921		NASA Technical Reports Server (NTRS) 19930080754: Calculation of wing spars	english
NASA_NTRS_Archive_19930080756	1921-01-01	year	1921		NASA Technical Reports Server (NTRS) 19930080756: Shape and strength of seaplane under-structures with special regard to seaworthiness	english
NASA_NTRS_Archive_19930080757	1921-01-01	year	1921		NASA Technical Reports Server (NTRS) 19930080757: Preliminary calculation of cylinder dimensions for aircraft engines	english
NASA_NTRS_Archive_19930080761	1921-01-01	year	1921		NASA Technical Reports Server (NTRS) 19930080761: The small diesel engine as an automotive engine	english
NASA_NTRS_Archive_19930080762	1921-01-01	year	1921		NASA Technical Reports Server (NTRS) 19930080762: A New Dynamometer Brake	english
NASA_NTRS_Archive_19930080763	1921-01-01	year	1921		NASA Technical Reports Server (NTRS) 19930080763: Tin soldering of aluminum and its alloys	english
NASA_NTRS_Archive_19930080765	1921-01-01	year	1921		NASA Technical Reports Server (NTRS) 19930080765: Some remarks concerning soaring flight	english
NASA_NTRS_Archive_19930080769	1921-01-01	year	1921		NASA Technical Reports Server (NTRS) 19930080769: Aeronautic instruction in Germany	english
NASA_NTRS_Archive_19930080770	1921-01-01	year	1921		NASA Technical Reports Server (NTRS) 19930080770: The Danger of Stalled Flight and an Analysis of the Factors which Govern It	english
NASA_NTRS_Archive_19930080771	1921-01-01	year	1921		NASA Technical Reports Server (NTRS) 19930080771: Traffic airships with special reference to economy	english
NASA_NTRS_Archive_19930080772	1921-01-01	year	1921		NASA Technical Reports Server (NTRS) 19930080772: Dependence of propeller efficiency on angle of attack of propeller blade	english
NASA_NTRS_Archive_19930080773	1922-01-01	year	1922		NASA Technical Reports Server (NTRS) 19930080773: Recent progress in the theory of air flow as applied to aeronautics	english
NASA_NTRS_Archive_19930080775	1922-01-01	year	1922		NASA Technical Reports Server (NTRS) 19930080775: Aerial navigation : on the problem of guiding aircraft in a fog or by night when there is no visibility	english
NASA_NTRS_Archive_19930080776	1922-01-01	year	1922		NASA Technical Reports Server (NTRS) 19930080776: Pressure Measurements During Flight	english
NASA_NTRS_Archive_19930080777	1922-01-01	year	1922		NASA Technical Reports Server (NTRS) 19930080777: The aerodynamical laboratory of the Vienna Technical High School	english
NASA_NTRS_Archive_19930080778	1922-01-01	year	1922		NASA Technical Reports Server (NTRS) 19930080778: Marking airdromes	english
NASA_NTRS_Archive_19930080780	1922-01-01	year	1922		NASA Technical Reports Server (NTRS) 19930080780: Aerial transportation	english
NASA_NTRS_Archive_19930080781	1922-01-01	year	1922		NASA Technical Reports Server (NTRS) 19930080781: The Efficiency of a Wind Tunnel	english
NASA_NTRS_Archive_19930080798	1920-01-01	year	1920		NASA Technical Reports Server (NTRS) 19930080798: Airplane Performance as Influenced by the Use of a Supercharged Engine	english
NASA_NTRS_Archive_19930080799	1920-01-01	year	1920		NASA Technical Reports Server (NTRS) 19930080799: Relation of Rib Spacing to Stress in Wing Planes	english
NASA_NTRS_Archive_19930080800	1920-01-01	year	1920		NASA Technical Reports Server (NTRS) 19930080800: Static testing and proposed standard specifications	english
NASA_NTRS_Archive_19930080801	1920-01-01	year	1920		NASA Technical Reports Server (NTRS) 19930080801: Soaring flight in Guinea	english
NASA_NTRS_Archive_19930080802	1922-01-01	year	1922		NASA Technical Reports Server (NTRS) 19930080802: The Effect of Longitudinal Moment of Inertia upon Dynamic Stability	english
NASA_NTRS_Archive_19930080804	1920-01-01	year	1920		NASA Technical Reports Server (NTRS) 19930080804: Duralumin	english
NASA_NTRS_Archive_19930080805	1923-01-01	year	1923		NASA Technical Reports Server (NTRS) 19930080805: An Instrument for Recording the Position of Airplane Control Surfaces	english
NASA_NTRS_Archive_19930080806	1920-01-01	year	1920		NASA Technical Reports Server (NTRS) 19930080806:	english
NASA_NTRS_Archive_19930080808	1921-01-01	year	1921		NASA Technical Reports Server (NTRS) 19930080808:	english
NASA_NTRS_Archive_19930080809	1920-01-01	year	1920		NASA Technical Reports Server (NTRS) 19930080809: Instrument for Measuring Engine Clearance Volumes	english
NASA_NTRS_Archive_19930080812	1920-01-01	year	1920		NASA Technical Reports Server (NTRS) 19930080812: Notes on specifications for French airplane competitions	english
NASA_NTRS_Archive_19930080813	1920-01-01	year	1920		NASA Technical Reports Server (NTRS) 19930080813: Tests of the Daimler D-IVa Engine at a High Altitude Test Bench	english
NASA_NTRS_Archive_19930080814	1920-01-01	year	1920		NASA Technical Reports Server (NTRS) 19930080814: Experience with Geared Propeller Drives for Aviation Engines	english
NASA_NTRS_Archive_19930080815	1920-01-01	year	1920		NASA Technical Reports Server (NTRS) 19930080815: The problem of the turbo-compressor	english
NASA_NTRS_Archive_19930080816	1921-01-01	year	1921		NASA Technical Reports Server (NTRS) 19930080816: Loads and calculations of army airplanes	english
NASA_NTRS_Archive_19930080817	1920-01-01	year	1920		NASA Technical Reports Server (NTRS) 19930080817: The Photographic Recording of Small Motions	english
NASA_NTRS_Archive_19930080818	1920-01-01	year	1920		NASA Technical Reports Server (NTRS) 19930080818: Italian and French Experiments on Wind Tunnels	english
NASA_NTRS_Archive_19930080819	1921-01-01	year	1921		NASA Technical Reports Server (NTRS) 19930080819: The Determination of the Effective Resistance of a Spindle Supporting a Model Airfoil	english
NASA_NTRS_Archive_19930080820	1920-01-01	year	1920		NASA Technical Reports Server (NTRS) 19930080820: Progress made in the construction of giant airplanes in Germany during the war	english
NASA_NTRS_Archive_19930080822	1920-01-01	year	1920		NASA Technical Reports Server (NTRS) 19930080822: The dynamometer hub	english
NASA_NTRS_Archive_19930080823	1921-01-01	year	1921		NASA Technical Reports Server (NTRS) 19930080823: Crippling Strength of Axially Loaded Rods	english
NASA_NTRS_Archive_19930080824	1920-01-01	year	1920		NASA Technical Reports Server (NTRS) 19930080824: High Thermal Efficiency in Airplane Service	english
NASA_NTRS_Archive_19930080825	1920-01-01	year	1920		NASA Technical Reports Server (NTRS) 19930080825: Recent Efforts and Experiments in the Construction of Aviation Engines	english
NASA_NTRS_Archive_19930080826	1921-01-01	year	1921		NASA Technical Reports Server (NTRS) 19930080826: Causes of Cracking of Ignition Cable	english
NASA_NTRS_Archive_19930080829	1921-01-01	year	1921		NASA Technical Reports Server (NTRS) 19930080829: The Effect of the Nature of Surfaces on Resistance as Tested on Struts	english
NASA_NTRS_Archive_19930080830	1921-01-01	year	1921		NASA Technical Reports Server (NTRS) 19930080830: Measurements of Rudder Moments on an Airplane During Flight	english
NASA_NTRS_Archive_19930080833	1921-01-01	year	1921		NASA Technical Reports Server (NTRS) 19930080833: Airplane Superchargers	english
NASA_NTRS_Archive_19930080834	1921-01-01	year	1921		NASA Technical Reports Server (NTRS) 19930080834: On the Resistance of the Air at High Speeds and on the Automatic Rotation of Projectiles	english
NASA_NTRS_Archive_19930080835	1921-01-01	year	1921		NASA Technical Reports Server (NTRS) 19930080835: Absolute Coefficients and the Graphical Representation of Airfoil Characteristics	english
NASA_NTRS_Archive_19930080836	1921-01-01	year	1921		NASA Technical Reports Server (NTRS) 19930080836: The 300 H.P. Benz Aircraft Engine	english
NASA_NTRS_Archive_19930080837	1921-01-01	year	1921		NASA Technical Reports Server (NTRS) 19930080837: Gordon Bennett Airplane Cup	english
NASA_NTRS_Archive_19930080838	1921-01-01	year	1921		NASA Technical Reports Server (NTRS) 19930080838: The optical wing aligning device of the Langley Field tunnel	english
NASA_NTRS_Archive_19930080839	1921-01-01	year	1921		NASA Technical Reports Server (NTRS) 19930080839: The Dynamometer Hub for the Testing Propellers and Engines During Flight	english
NASA_NTRS_Archive_19930080840	1921-01-01	year	1921		NASA Technical Reports Server (NTRS) 19930080840: Airplane Balance	english
NASA_NTRS_Archive_19930080841	1921-01-01	year	1921		NASA Technical Reports Server (NTRS) 19930080841: On a new type of wind tunnel	english
NASA_NTRS_Archive_19930080842	1921-01-01	year	1921		NASA Technical Reports Server (NTRS) 19930080842: A New Method of Testing in Wind Tunnels	english
NASA_NTRS_Archive_19930080844	1921-01-01	year	1921		NASA Technical Reports Server (NTRS) 19930080844: N.A.C.A. Langley Field Wind Tunnel Apparatusthe Tilting Manometer	english
NASA_NTRS_Archive_19930080845	1921-01-01	year	1921		NASA Technical Reports Server (NTRS) 19930080845: Performance of a vane driven-gear pump	english
NASA_NTRS_Archive_19930080847	1921-01-01	year	1921		NASA Technical Reports Server (NTRS) 19930080847: Airplane crashes: engine troubles : a possible explanation	english
NASA_NTRS_Archive_19930080849	1921-01-01	year	1921		NASA Technical Reports Server (NTRS) 19930080849: Vortices and the related principles of hydrodynamics	english
NASA_NTRS_Archive_19930080850	1921-01-01	year	1921		NASA Technical Reports Server (NTRS) 19930080850: The Development of German Army Airplanes During the War	english
NASA_NTRS_Archive_19930080851	1921-01-01	year	1921		NASA Technical Reports Server (NTRS) 19930080851: The Employment of Airships for the Transport of Passengers	english
NASA_NTRS_Archive_19930080852	1921-01-01	year	1921		NASA Technical Reports Server (NTRS) 19930080852: The Caproni Seaplane	english
NASA_NTRS_Archive_19930080853	1921-01-01	year	1921		NASA Technical Reports Server (NTRS) 19930080853: N.A.C.A. Recording Air Speed Meter	english
NASA_NTRS_Archive_19930080854	1922-01-01	year	1922		NASA Technical Reports Server (NTRS) 19930080854: The theory of the screw propeller	english
NASA_NTRS_Archive_19930080855	1922-01-01	year	1922		NASA Technical Reports Server (NTRS) 19930080855: New Data on the Laws of Fluid Resistance	english
NASA_NTRS_Archive_19930080856	1921-01-01	year	1921		NASA Technical Reports Server (NTRS) 19930080856: Langley Field wind tunnel apparatus	english
NASA_NTRS_Archive_19930080857	1922-01-01	year	1922		NASA Technical Reports Server (NTRS) 19930080857: Air Force and Three Moments for F-5-L Seaplane	english
NASA_NTRS_Archive_19930080858	1921-01-01	year	1921		NASA Technical Reports Server (NTRS) 19930080858: An investigation on the effect of raked wing tips	english
NASA_NTRS_Archive_19930080859	1922-01-01	year	1922		NASA Technical Reports Server (NTRS) 19930080859: Surface area coefficients for airship envelopes	english
NASA_NTRS_Archive_19930080860	1920-01-01	year	1920		NASA Technical Reports Server (NTRS) 19930080860: Gottingen Wind Tunnel for Testing Aircraft Models	english
NASA_NTRS_Archive_19930080861	1922-01-01	year	1922		NASA Technical Reports Server (NTRS) 19930080861: Hydrostatic Tests of an Airship Model	english
NASA_NTRS_Archive_19930080862	1921-01-01	year	1921		NASA Technical Reports Server (NTRS) 19930080862: Ground influence on airfoils	english
NASA_NTRS_Archive_19930080863	1922-01-01	year	1922		NASA Technical Reports Server (NTRS) 19930080863: Tests of oil scraper piston ring and piston fitted with oil drain holes	english
NASA_NTRS_Archive_19930080864	1921-01-01	year	1921		NASA Technical Reports Server (NTRS) 19930080864: The effect of staggering a biplane	english
NASA_NTRS_Archive_19930080865	1922-01-01	year	1922		NASA Technical Reports Server (NTRS) 19930080865: The choice of the speed of an airship	english
NASA_NTRS_Archive_19930080866	1922-01-01	year	1922		NASA Technical Reports Server (NTRS) 19930080866: Syphon Diaphragms : A Method for Predicting Their Performance for Purposes of Instrument Design	english
NASA_NTRS_Archive_19930080867	1922-01-01	year	1922		NASA Technical Reports Server (NTRS) 19930080867: Notes on propeller design	english
NASA_NTRS_Archive_19930080868	1922-01-01	year	1922		NASA Technical Reports Server (NTRS) 19930080868: Notes on propeller design III	english
NASA_NTRS_Archive_19930080869	1921-11-01	day	1921		NASA Technical Reports Server (NTRS) 19930080869: Experiments wit slotted wings	english
NASA_NTRS_Archive_19930080871	1922-01-01	year	1922		NASA Technical Reports Server (NTRS) 19930080871: Notes on propeller design I : the energy losses of the propeller	english
NASA_NTRS_Archive_19930080872	1922-01-01	year	1922		NASA Technical Reports Server (NTRS) 19930080872: Notes on propeller design IV : general proceeding in design	english
NASA_NTRS_Archive_19930080873	1922-01-01	year	1922		NASA Technical Reports Server (NTRS) 19930080873: Full scale determination of the lift and drag of a seaplane	english
NASA_NTRS_Archive_19930080877	1921-01-01	year	1921		NASA Technical Reports Server (NTRS) 19930080877: The Choice of Wing Sections for Airplanes	english
NASA_NTRS_Archive_19930080878	1922-01-01	year	1922		NASA Technical Reports Server (NTRS) 19930080878: The twisted wing with elliptic plan form	english
NASA_NTRS_Archive_19930080879	1922-01-01	year	1922		NASA Technical Reports Server (NTRS) 19930080879: N.A.C.A. Control Position Recorder	english
NASA_NTRS_Archive_19930080880	1922-01-01	year	1922		NASA Technical Reports Server (NTRS) 19930080880: The Effect on Rudder Control of Slip Stream Body, and Ground Interference	english
NASA_NTRS_Archive_19930080881	1922-01-01	year	1922		NASA Technical Reports Server (NTRS) 19930080881: Stresses produced on an airship flying through gusty air	english
NASA_NTRS_Archive_19930080883	1922-01-01	year	1922		NASA Technical Reports Server (NTRS) 19930080883: Notes on the design of latticed columns subject to lateral loads	english
NASA_NTRS_Archive_19930080884	1922-01-01	year	1922		NASA Technical Reports Server (NTRS) 19930080884: The NACA Three Component Accelerometer	english
NASA_NTRS_Archive_19930080886	1922-01-01	year	1922		NASA Technical Reports Server (NTRS) 19930080886: Notes on the Standard Atmosphere	english
NASA_NTRS_Archive_19930080888	1921-01-01	year	1921		NASA Technical Reports Server (NTRS) 19930080888: Effects of varying the relative vertical position of wing and fuselage	english
NASA_NTRS_Archive_19930080890	1921-01-01	year	1921		NASA Technical Reports Server (NTRS) 19930080890: A Mechanical Device for Illustrating Airplane Stability	english
NASA_NTRS_Archive_19930080891	1921-01-01	year	1921		NASA Technical Reports Server (NTRS) 19930080891: The Determination of Downwash	english
NASA_NTRS_Archive_19930080892	1922-01-01	year	1922		NASA Technical Reports Server (NTRS) 19930080892: Comparative performance with direct and geared engines	english
NASA_NTRS_Archive_19930080893	1922-01-01	year	1922		NASA Technical Reports Server (NTRS) 19930080893: The Synchronization of NACA Flight Records	english
NASA_NTRS_Archive_19930080894	1922-01-01	year	1922		NASA Technical Reports Server (NTRS) 19930080894: Comparing maximum pressures in internal combustion engines	english
NASA_NTRS_Archive_19930080895	1922-01-01	year	1922		NASA Technical Reports Server (NTRS) 19930080895: F-5-L Boat Seaplane : performance characteristics	english
NASA_NTRS_Archive_19930080896	1922-01-01	year	1922		NASA Technical Reports Server (NTRS) 19930080896: Skin frictional resistance of plane surfaces in air	english
NASA_NTRS_Archive_19930080897	1922-01-01	year	1922		NASA Technical Reports Server (NTRS) 19930080897: Simple formula for estimating airplane ceilings	english
NASA_NTRS_Archive_19930080898	1922-01-01	year	1922		NASA Technical Reports Server (NTRS) 19930080898: The elimination of dead center in the controls of airplanes with thick sections	english
NASA_NTRS_Archive_19930080899	1922-01-01	year	1922		NASA Technical Reports Server (NTRS) 19930080899: Notes on aerodynamic forces 1 : rectilinear motion	english
NASA_NTRS_Archive_19930080900	1922-01-01	year	1922		NASA Technical Reports Server (NTRS) 19930080900: Notes on aerodynamic forces II : curvilinear motion	english
NASA_NTRS_Archive_19930080901	1922-01-01	year	1922		NASA Technical Reports Server (NTRS) 19930080901: A Preliminary Study of Airplane Performance	english
NASA_NTRS_Archive_19930080906	1923-01-01	year	1923		NASA Technical Reports Server (NTRS) 19930080906: The determination of the angles of attack of zero lift and of zero moment, based on Munk's integrals	english
NASA_NTRS_Archive_19930080907	1922-01-01	year	1922		NASA Technical Reports Server (NTRS) 19930080907:	english
NASA_NTRS_Archive_19930080908	1923-01-01	year	1923		NASA Technical Reports Server (NTRS) 19930080908: An Optical Altitude Indicator for Night Landing	english
NASA_NTRS_Archive_19930080909	1921-01-01	year	1921		NASA Technical Reports Server (NTRS) 19930080909: Extract from a Report on the Resistance of Spheres of Small Diameter in an Airstream of High Velocity	english
NASA_NTRS_Archive_19930080911	1922-01-01	year	1922		NASA Technical Reports Server (NTRS) 19930080911: Impact Tests for Woods	english
NASA_NTRS_Archive_19930080912	1923-01-01	year	1923		NASA Technical Reports Server (NTRS) 19930080912: Results of experimental flights at high altitudes with Daimler, Benz and Maybach engines to determine mixture formation and heat utilization of fuel	english
NASA_NTRS_Archive_19930080913	1923-01-01	year	1923		NASA Technical Reports Server (NTRS) 19930080913: Notes on the N.A.C.A. control force recorder	english
NASA_NTRS_Archive_19930080914	1922-01-01	year	1922		NASA Technical Reports Server (NTRS) 19930080914: Effect of aerofoil aspect ratio on the slope of the lift curve	english
NASA_NTRS_Archive_19930080916	1921-01-01	year	1921		NASA Technical Reports Server (NTRS) 19930080916: Recent European Developments in Helicopters	english
NASA_NTRS_Archive_19930080917	1922-01-01	year	1922		NASA Technical Reports Server (NTRS) 19930080917: The dead weight of the airship and the number of passengers that can be carried	english
NASA_NTRS_Archive_19930080919	1923-01-01	year	1923		NASA Technical Reports Server (NTRS) 19930080919: The air propeller, its strength and correct shape	english
NASA_NTRS_Archive_19930080920	1923-01-01	year	1923		NASA Technical Reports Server (NTRS) 19930080920: Tests on an airplane model, AEG D I of the Allgemeine Elektricitats Gesellschft, A-G, airplane construction section conducted at the Gottingen Model Testing Laboratory for Aerodynamics	english
NASA_NTRS_Archive_19930080921	1923-01-01	year	1923		NASA Technical Reports Server (NTRS) 19930080921: Tests on Built-Up Airplane Struts Having Initial Tension in Outside Fibers	english
NASA_NTRS_Archive_19930080922	1923-01-01	year	1923		NASA Technical Reports Server (NTRS) 19930080922: Notes on aerodynamic forces on airship hulls	english
NASA_NTRS_Archive_19930080923	1923-01-01	year	1923		NASA Technical Reports Server (NTRS) 19930080923: Model supports and their effects on the results of wind tunnel tests	english
NASA_NTRS_Archive_19930080924	1923-01-01	year	1923		NASA Technical Reports Server (NTRS) 19930080924: Thrust and power required in climbing	english
NASA_NTRS_Archive_19930080925	1923-01-01	year	1923		NASA Technical Reports Server (NTRS) 19930080925: Determination of climbing ability	english
NASA_NTRS_Archive_19930080929	1922-01-01	year	1922		NASA Technical Reports Server (NTRS) 19930080929: A Preliminary Investigation of a New Method for Testing Aerofoils in Free Flight	english
NASA_NTRS_Archive_19930080930	1923-01-01	year	1923		NASA Technical Reports Server (NTRS) 19930080930: Air resistance measurements on actual airplane parts	english
NASA_NTRS_Archive_19930080931	1923-01-01	year	1923		NASA Technical Reports Server (NTRS) 19930080931: Regulations governing the issuance of certificates of airworthiness of aircraft in France	english
NASA_NTRS_Archive_19930080932	1923-01-01	year	1923		NASA Technical Reports Server (NTRS) 19930080932: Reduction in efficiency of propellers due to slipstream	english
NASA_NTRS_Archive_19930080934	1923-01-01	year	1923		NASA Technical Reports Server (NTRS) 19930080934: The N.A.C.A. Recording Tachometer and Angle of Attack Recorder	english
NASA_NTRS_Archive_19930080936	1922-01-01	year	1922		NASA Technical Reports Server (NTRS) 19930080936: Notes on the Construction and Testing of Model Airplanes	english
NASA_NTRS_Archive_19930080937	1922-01-01	year	1922		NASA Technical Reports Server (NTRS) 19930080937: Causes of failure of airship shed	english
NASA_NTRS_Archive_19930080938	1923-01-01	year	1923		NASA Technical Reports Server (NTRS) 19930080938: An Impulse Electric Motor for Driving Recording Instruments	english
NASA_NTRS_Archive_19930080941	1923-01-01	year	1923		NASA Technical Reports Server (NTRS) 19930080941: The time lag and interval of discharge with a spring actuated fuel injection pump	english
NASA_NTRS_Archive_19930080942	1923-01-01	year	1923		NASA Technical Reports Server (NTRS) 19930080942: The Nichols Wing Cutting Equipment	english
NASA_NTRS_Archive_19930080944	1923-01-01	year	1923		NASA Technical Reports Server (NTRS) 19930080944: Fittings and Other Structural Parts of Airplanes	english
NASA_NTRS_Archive_19930080945	1924-01-01	year	1924		NASA Technical Reports Server (NTRS) 19930080945: Airplanes in Horizontal Curvilinear Flight	english
NASA_NTRS_Archive_19930080946	1923-01-01	year	1923		NASA Technical Reports Server (NTRS) 19930080946: Preliminary study of the damping factor in roll	english
NASA_NTRS_Archive_19930080947	1924-01-01	year	1924		NASA Technical Reports Server (NTRS) 19930080947: The induction factor used for computing the rolling moment due to the ailerons	english
NASA_NTRS_Archive_19930080949	1924-01-01	year	1924		NASA Technical Reports Server (NTRS) 19930080949: Tests on a model of the D.F.W. airplane T-29 of the "Deutsche Flugzeug derke" (German airplane works)	english
NASA_NTRS_Archive_19930080953	1924-01-01	year	1924		NASA Technical Reports Server (NTRS) 19930080953:	english
NASA_NTRS_Archive_19930080954	1924-01-01	year	1924		NASA Technical Reports Server (NTRS) 19930080954: Triplane tests	english
NASA_NTRS_Archive_19930080955	1924-01-01	year	1924		NASA Technical Reports Server (NTRS) 19930080955: Torsional Strength of Nickel Steel and Duralumin Tubing as Affected by the Ratio of Diameter to Gage Thickness	english
NASA_NTRS_Archive_19930080956	1923-01-01	year	1923		NASA Technical Reports Server (NTRS) 19930080956: General theory of windmills	english
NASA_NTRS_Archive_19930080957	1924-01-01	year	1924		NASA Technical Reports Server (NTRS) 19930080957: Practical method for balancing airplane moments	english
NASA_NTRS_Archive_19930080958	1924-01-01	year	1924		NASA Technical Reports Server (NTRS) 19930080958: Comparing the performance of geometrically similar airplanes	english
NASA_NTRS_Archive_19930080959	1924-01-01	year	1924		NASA Technical Reports Server (NTRS) 19930080959: Increasing the compression pressure in an engine by using a long intake pipe	english
NASA_NTRS_Archive_19930080960	1923-01-01	year	1923		NASA Technical Reports Server (NTRS) 19930080960: Tests on riveted joints in sheet duralumin	english
NASA_NTRS_Archive_19930080961	1924-01-01	year	1924		NASA Technical Reports Server (NTRS) 19930080961: The effect of wind tunnel turbulence upon the forces measured on models	english
NASA_NTRS_Archive_19930080962	1924-01-01	year	1924		NASA Technical Reports Server (NTRS) 19930080962: Interference of multiplane wings having elliptical lift distribution	english
NASA_NTRS_Archive_19930080963	1923-01-01	year	1923		NASA Technical Reports Server (NTRS) 19930080963: Disturbing effect of free hydrogen on fuel combustion in internal combustion engines	english
NASA_NTRS_Archive_19930080964	1924-01-01	year	1924		NASA Technical Reports Server (NTRS) 19930080964: Induced drag of multiplanes	english
NASA_NTRS_Archive_19930080965	1924-01-01	year	1924		NASA Technical Reports Server (NTRS) 19930080965: Experimental investigation of the effect of an oscillating airstream (Katzmayr effect) on the characteristics of airfoils	english
NASA_NTRS_Archive_19930080966	1924-01-01	year	1924		NASA Technical Reports Server (NTRS) 19930080966: Static stability of seaplane floats and hulls	english
NASA_NTRS_Archive_19930080967	1924-01-01	year	1924		NASA Technical Reports Server (NTRS) 19930080967: Note on vortices on their relation to the lift of airfoils	english
NASA_NTRS_Archive_19930080968	1924-01-01	year	1924		NASA Technical Reports Server (NTRS) 19930080968: A Short Method of Calculating Torsional Stresses in an Airplane Fuselage	english
NASA_NTRS_Archive_19930080969	1924-01-01	year	1924		NASA Technical Reports Server (NTRS) 19930080969: Note on the pressure distribution over the hull of elongated airships with circular cross section	english
NASA_NTRS_Archive_19930080971	1924-01-01	year	1924		NASA Technical Reports Server (NTRS) 19930080971: Testing airplane fabrics	english
NASA_NTRS_Archive_19930080972	1924-01-01	year	1924		NASA Technical Reports Server (NTRS) 19930080972: A study of static stability of airships	english
NASA_NTRS_Archive_19930080973	1924-01-01	year	1924		NASA Technical Reports Server (NTRS) 19930080973: High altitude flying	english
NASA_NTRS_Archive_19930080974	1925-01-01	year	1925		NASA Technical Reports Server (NTRS) 19930080974: Air Flow Investigation for Location of Angle of Attack Head on a JN4h Airplane	english
NASA_NTRS_Archive_19930080975	1924-01-01	year	1924		NASA Technical Reports Server (NTRS) 19930080975: The logarithmic polar curve-it's theory and application to the predetermination of airplane performance	english
NASA_NTRS_Archive_19930080976	1924-01-01	year	1924		NASA Technical Reports Server (NTRS) 19930080976: A method of determining the dimensions and horsepower of an airship for any given performance	english
NASA_NTRS_Archive_19930080977	1925-01-01	year	1925		NASA Technical Reports Server (NTRS) 19930080977:	english
NASA_NTRS_Archive_19930080978	1924-01-01	year	1924		NASA Technical Reports Server (NTRS) 19930080978: Structural Weight of Aircraft as Affected by the System of Design	english
NASA_NTRS_Archive_19930080979	1925-01-01	year	1925		NASA Technical Reports Server (NTRS) 19930080979: Pressure distribution on the nose of an airship in circling flight	english
NASA_NTRS_Archive_19930080980	1924-01-01	year	1924		NASA Technical Reports Server (NTRS) 19930080980: On the distribution of lift along the span of an airfoil with displaced ailerons	english
NASA_NTRS_Archive_19930080981	1925-01-01	year	1925		NASA Technical Reports Server (NTRS) 19930080981: Propeller scale effect and body interference	english
NASA_NTRS_Archive_19930080983	1924-01-01	year	1924		NASA Technical Reports Server (NTRS) 19930080983: Remarks on the Pressure Distribution over the Surface of an Ellipsoid, Moving Translationally Through a Perfect Fluid	english
NASA_NTRS_Archive_19930080984	1924-01-01	year	1924		NASA Technical Reports Server (NTRS) 19930080984: Some tables of the factor of apparent additional mass	english
NASA_NTRS_Archive_19930080985	1924-01-01	year	1924		NASA Technical Reports Server (NTRS) 19930080985: Micarta propellers I : materials	english
NASA_NTRS_Archive_19930080986	1924-01-01	year	1924		NASA Technical Reports Server (NTRS) 19930080986: Micarta Propellers II : Method of Construction	english
NASA_NTRS_Archive_19930080988	1924-01-01	year	1924		NASA Technical Reports Server (NTRS) 19930080988: Tests on duralumin columns for aircraft construction	english
NASA_NTRS_Archive_19930080989	1925-01-01	year	1925		NASA Technical Reports Server (NTRS) 19930080989: Determination and classification of the aerodynamic properties of wing sections	english
NASA_NTRS_Archive_19930080991	1924-01-01	year	1924		NASA Technical Reports Server (NTRS) 19930080991: Tests of Rotating Cylinders	english
NASA_NTRS_Archive_19930080993	1924-01-01	year	1924		NASA Technical Reports Server (NTRS) 19930080993: Micarta Propellers III : General Description of the Design	english
NASA_NTRS_Archive_19930080995	1924-01-01	year	1924		NASA Technical Reports Server (NTRS) 19930080995: Micarta propellers IV : technical methods of design	english
NASA_NTRS_Archive_19930080997	1925-01-01	year	1925		NASA Technical Reports Server (NTRS) 19930080997: An Altitude Chamber for the Study and Calibration of Aeronautical Instruments	english
NASA_NTRS_Archive_19930080998	1927-01-01	year	1927		NASA Technical Reports Server (NTRS) 19930080998: Technical Preparation of the Airplane "Spirit of St. Louis."	english
NASA_NTRS_Archive_19930080999	1925-01-01	year	1925		NASA Technical Reports Server (NTRS) 19930080999: Simplified propeller design for low-powered airplanes	english
NASA_NTRS_Archive_19930081000	1926-01-01	year	1926		NASA Technical Reports Server (NTRS) 19930081000: The spacing of orifices for the measure of pressure distributions	english
NASA_NTRS_Archive_19930081001	1927-01-01	year	1927		NASA Technical Reports Server (NTRS) 19930081001: A warning concerning the take-off with heavy load	english
NASA_NTRS_Archive_19930081002	1926-01-01	year	1926		NASA Technical Reports Server (NTRS) 19930081002: The resistance to the steady motion of small spheres in fluids	english
NASA_NTRS_Archive_19930081003	1925-01-01	year	1925		NASA Technical Reports Server (NTRS) 19930081003: Discharge characteristics of a high speed fuel injection system	english
NASA_NTRS_Archive_19930081004	1927-01-01	year	1927		NASA Technical Reports Server (NTRS) 19930081004: "A L C L A D" A New Corrosion Resistant Aluminum Product	english
NASA_NTRS_Archive_19930081005	1926-01-01	year	1926		NASA Technical Reports Server (NTRS) 19930081005: Lateral Failure of Spars	english
NASA_NTRS_Archive_19930081006	1925-01-01	year	1925		NASA Technical Reports Server (NTRS) 19930081006: Note on the Katzmayr effect on airfoil drag	english
NASA_NTRS_Archive_19930081007	1926-01-01	year	1926		NASA Technical Reports Server (NTRS) 19930081007: NACA Flight-Path Angle and Air-Speed Recorder	english
NASA_NTRS_Archive_19930081008	1927-01-01	year	1927		NASA Technical Reports Server (NTRS) 19930081008: Study of open jet wind tunnel cones	english
NASA_NTRS_Archive_19930081009	1927-01-01	year	1927		NASA Technical Reports Server (NTRS) 19930081009: Wall interference in closed type wind tunnels	english
NASA_NTRS_Archive_19930081011	1926-01-01	year	1926		NASA Technical Reports Server (NTRS) 19930081011: An Investigation of the Characteristics of Steel Diaphragms for Automatic Fuel-Injection Valves	english
NASA_NTRS_Archive_19930081012	1927-01-01	year	1927		NASA Technical Reports Server (NTRS) 19930081012: Tension experiments on diaphragm metals	english
NASA_NTRS_Archive_19930081013	1927-01-01	year	1927		NASA Technical Reports Server (NTRS) 19930081013: The installation and correction of compasses in airplanes	english
NASA_NTRS_Archive_19930081014	1926-01-01	year	1926		NASA Technical Reports Server (NTRS) 19930081014: Propeller design I : practical application of the blade element theory	english
NASA_NTRS_Archive_19930081015	1925-01-01	year	1925		NASA Technical Reports Server (NTRS) 19930081015: The velocity distribution caused by an airplane at the points of a vertical plane containing the span	english
NASA_NTRS_Archive_19930081016	1927-01-01	year	1927		NASA Technical Reports Server (NTRS) 19930081016: A load factor formula	english
NASA_NTRS_Archive_19930081018	1928-01-01	year	1928		NASA Technical Reports Server (NTRS) 19930081018: Welding of high chromium steels	english
NASA_NTRS_Archive_19930081020	1927-01-01	year	1927		NASA Technical Reports Server (NTRS) 19930081020: Airfoil Lift with Changing Angle of Attack	english
NASA_NTRS_Archive_19930081021	1925-01-01	year	1925		NASA Technical Reports Server (NTRS) 19930081021: Note on the air forces on a wing caused by pitching.	english
NASA_NTRS_Archive_19930081023	1925-01-01	year	1925		NASA Technical Reports Server (NTRS) 19930081023: The estimation of airplane performance from wind tunnel tests on conventional airplane models	english
NASA_NTRS_Archive_19930081024	1927-01-01	year	1927		NASA Technical Reports Server (NTRS) 19930081024: Pressure distribution on wing ribs of the VE-7 and TS airplanes in flight	english
NASA_NTRS_Archive_19930081025	1926-01-01	year	1926		NASA Technical Reports Server (NTRS) 19930081025: Propeller design: extension of test data on a family of model propellers by means of the modified blade element theory II	english
NASA_NTRS_Archive_19930081026	1927-01-01	year	1927		NASA Technical Reports Server (NTRS) 19930081026: Mass distribution and performance of free flight models	english
NASA_NTRS_Archive_19930081027	1925-01-01	year	1925		NASA Technical Reports Server (NTRS) 19930081027: The Comparison of Well-known and New Wing Sections Tested in the Variable Density Wind Tunnel	english
NASA_NTRS_Archive_19930081028	1925-01-01	year	1925		NASA Technical Reports Server (NTRS) 19930081028: The drift of an aircraft guided towards it's destination by directional receiving of radio signals transmitted from the ground	english
NASA_NTRS_Archive_19930081030	1925-01-01	year	1925		NASA Technical Reports Server (NTRS) 19930081030: Model Tests on the Economy and Effectiveness of Helicopter Propellers	english
NASA_NTRS_Archive_19930081031	1928-01-01	year	1928		NASA Technical Reports Server (NTRS) 19930081031: Gluing Practice at Aircraft Manufacturing Plants	english
NASA_NTRS_Archive_19930081032	1927-01-01	year	1927		NASA Technical Reports Server (NTRS) 19930081032: The Distribution of Loads Between the Wings of a Biplane Having Decalage	english
NASA_NTRS_Archive_19930081033	1928-01-01	year	1928		NASA Technical Reports Server (NTRS) 19930081033: Full Scale Drag Tests on Various Parts of Sperry Messenger Airplane	english
NASA_NTRS_Archive_19930081034	1928-01-01	year	1928		NASA Technical Reports Server (NTRS) 19930081034: Special Propeller Protractor	english
NASA_NTRS_Archive_19930081035	1926-01-01	year	1926		NASA Technical Reports Server (NTRS) 19930081035: Propeller design - a simple system based on model propeller test data III	english
NASA_NTRS_Archive_19930081037	1928-01-01	year	1928		NASA Technical Reports Server (NTRS) 19930081037: The Formation of Ice upon Exposed Parts of an Airplane in Flight	english
NASA_NTRS_Archive_19930081038	1926-01-01	year	1926		NASA Technical Reports Server (NTRS) 19930081038: Propeller design IV : a simple method for determining the strength of propellers	english
NASA_NTRS_Archive_19930081039	1923-01-01	year	1923		NASA Technical Reports Server (NTRS) 19930081039: Experiments with a built-in or fuselage radiator	english
NASA_NTRS_Archive_19930081040	1926-01-01	year	1926		NASA Technical Reports Server (NTRS) 19930081040: Steam Power Plants in Aircraft	english
NASA_NTRS_Archive_19930081041	1928-01-01	year	1928		NASA Technical Reports Server (NTRS) 19930081041: Wind tunnel force tests in wing systems through large angles of attack	english
NASA_NTRS_Archive_19930081042	1926-01-01	year	1926		NASA Technical Reports Server (NTRS) 19930081042: The NACA CYH Airfoil Section	english
NASA_NTRS_Archive_19930081043	1928-01-01	year	1928		NASA Technical Reports Server (NTRS) 19930081043: The Effect on Performance of a Cutaway Center Section	english
NASA_NTRS_Archive_19930081044	1926-01-01	year	1926		NASA Technical Reports Server (NTRS) 19930081044: Tests of several bearing materials lubricated by gasoline	english
NASA_NTRS_Archive_19930081045	1923-01-01	year	1923		NASA Technical Reports Server (NTRS) 19930081045: Adaptation of aeronautical engines to high altitude flying	english
NASA_NTRS_Archive_19930081046	1928-01-01	year	1928		NASA Technical Reports Server (NTRS) 19930081046: The Drag of a J-5 Radial Air-Cooled Engine	english
NASA_NTRS_Archive_19930081048	1926-01-01	year	1926		NASA Technical Reports Server (NTRS) 19930081048: The characteristics of the NACA M-12 airfoil section	english
NASA_NTRS_Archive_19930081049	1922-01-01	year	1922		NASA Technical Reports Server (NTRS) 19930081049: Manometer for recording air speed	english
NASA_NTRS_Archive_19930081050	1928-01-01	year	1928		NASA Technical Reports Server (NTRS) 19930081050: The Effect of the Sperry Messenger Fuselage on the Air Flow at the Propeller Plane	english
NASA_NTRS_Archive_19930081051	1928-01-01	year	1928		NASA Technical Reports Server (NTRS) 19930081051: The effect of tip shields on a horizontal tail surface	english
NASA_NTRS_Archive_19930081052	1926-01-01	year	1926		NASA Technical Reports Server (NTRS) 19930081052: Navy propeller section characteristics as used in propeller design	english
NASA_NTRS_Archive_19930081053	1928-01-01	year	1928		NASA Technical Reports Server (NTRS) 19930081053: Determination of Propeller Deflection by Means of Static Load Tests on Models	english
NASA_NTRS_Archive_19930081054	1923-01-01	year	1923		NASA Technical Reports Server (NTRS) 19930081054: Notes on the design of ailerons	english
NASA_NTRS_Archive_19930081055	1928-01-01	year	1928		NASA Technical Reports Server (NTRS) 19930081055: Bearing strength of wood under steel aircraft bolts and washers and other factors influencing fitting design	english
NASA_NTRS_Archive_19930081056	1926-01-01	year	1926		NASA Technical Reports Server (NTRS) 19930081056: Report on Tests of Metal Model Propellers in Combination with a Model VE-7 Airplane	english
NASA_NTRS_Archive_19930081058	1930-01-01	year	1930		NASA Technical Reports Server (NTRS) 19930081058: Strength in Shear of the Thin Curved Sheets of Alclad	english
NASA_NTRS_Archive_19930081059	1928-01-01	year	1928		NASA Technical Reports Server (NTRS) 19930081059: Preliminary report on the flat-top lift curve as a factor in control at low speed	english
NASA_NTRS_Archive_19930081060	1928-01-01	year	1928		NASA Technical Reports Server (NTRS) 19930081060: Helium tables.	english
NASA_NTRS_Archive_19930081061	1926-01-01	year	1926		NASA Technical Reports Server (NTRS) 19930081061: Test of a model propeller with symmetrical blade sections	english
NASA_NTRS_Archive_19930081062	1926-01-01	year	1926		NASA Technical Reports Server (NTRS) 19930081062: The Drag of Airships : Drag of Bare Hulls II	english
NASA_NTRS_Archive_19930081063	1928-01-01	year	1928		NASA Technical Reports Server (NTRS) 19930081063: Pressure distribution on wing ribs of the VE-7 and TS airplanes in flight Part II : pull-ups	english
NASA_NTRS_Archive_19930081064	1928-01-01	year	1928		NASA Technical Reports Server (NTRS) 19930081064: The Determination of Several Spray Characteristics of a High-Speed Oil Engine Injection System with an Oscilloscope	english
NASA_NTRS_Archive_19930081065	1926-01-01	year	1926		NASA Technical Reports Server (NTRS) 19930081065: Influence of the Orifice on Measured Pressures	english
NASA_NTRS_Archive_19930081066	1930-01-01	year	1930		NASA Technical Reports Server (NTRS) 19930081066: Performance of a High-Speed Compression-Ignition Engine Using Multiple Orifice Fuel Injection Nozzles	english
NASA_NTRS_Archive_19930081067	1928-01-01	year	1928		NASA Technical Reports Server (NTRS) 19930081067: An Automatic Speed Control for Wind Tunnels	english
NASA_NTRS_Archive_19930081069	1928-01-01	year	1928		NASA Technical Reports Server (NTRS) 19930081069: The Effect of Fillets Between Wings and Fuselage on the Drag and Propulsive Efficiency of an Airplane	english
NASA_NTRS_Archive_19930081070	1928-01-01	year	1928		NASA Technical Reports Server (NTRS) 19930081070: Resistance of streamline wires	english
NASA_NTRS_Archive_19930081071	1923-01-01	year	1923		NASA Technical Reports Server (NTRS) 19930081071: Speed measurements made by Division "A" of the airplane director	english
NASA_NTRS_Archive_19930081072	1928-01-01	year	1928		NASA Technical Reports Server (NTRS) 19930081072: The variation in pressures in the cockpit fan airplane in flight	english
NASA_NTRS_Archive_19930081073	1930-01-01	year	1930		NASA Technical Reports Server (NTRS) 19930081073: The Prevention of the Ice Hazard on Airplanes	english
NASA_NTRS_Archive_19930081074	1923-01-01	year	1923		NASA Technical Reports Server (NTRS) 19930081074: The flexible mounting of an airplane engine	english
NASA_NTRS_Archive_19930081075	1928-01-01	year	1928		NASA Technical Reports Server (NTRS) 19930081075: Drag of Exposed Fittings and Surface Irregularities on Airplane Fuselages	english
NASA_NTRS_Archive_19930081077	1930-01-01	year	1930		NASA Technical Reports Server (NTRS) 19930081077: Span Load Distribution on Two Monoplanes Wing Models as Affected by Twist and Sweepback	english
NASA_NTRS_Archive_19930081078	1922-01-01	year	1922		NASA Technical Reports Server (NTRS) 19930081078: Differential equations in airplane mechanics	english
NASA_NTRS_Archive_19930081079	1922-01-01	year	1922		NASA Technical Reports Server (NTRS) 19930081079: Maps and navigation methods	english
NASA_NTRS_Archive_19930081080	1922-01-01	year	1922		NASA Technical Reports Server (NTRS) 19930081080: Communications and beacons on air routes	english
NASA_NTRS_Archive_19930081081	1922-01-01	year	1922		NASA Technical Reports Server (NTRS) 19930081081: The "Universal propeller": built by Paragon Engineers, Inc., Baltimore, Md	english
NASA_NTRS_Archive_19930081082	1922-01-01	year	1922		NASA Technical Reports Server (NTRS) 19930081082: Some principles governing the establishment of meteorological stations along air routes	english
NASA_NTRS_Archive_19930081083	1922-01-01	year	1922		NASA Technical Reports Server (NTRS) 19930081083:	english
NASA_NTRS_Archive_19930081084	1927-01-01	year	1927		NASA Technical Reports Server (NTRS) 19930081084: Method of Correcting Wind Tunnel Data for Omitted Parts of Airplane Models	english
NASA_NTRS_Archive_19930081085	1928-01-01	year	1928		NASA Technical Reports Server (NTRS) 19930081085: Drag and Cooling with Various Forms of Cowling for a Whirlwind Engine in a Cabin Fuselage	english
NASA_NTRS_Archive_19930081086	1930-01-01	year	1930		NASA Technical Reports Server (NTRS) 19930081086: Pressure distribution over a Douglas wing tip on a biplane in flight	english
NASA_NTRS_Archive_19930081087	1929-01-01	year	1929		NASA Technical Reports Server (NTRS) 19930081087: Wind tunnel tests on airfoil boundary control using a backward opening slot	english
NASA_NTRS_Archive_19930081088	1930-01-01	year	1930		NASA Technical Reports Server (NTRS) 19930081088: Alterations and Tests of the "Farnboro" Engine Indicator	english
NASA_NTRS_Archive_19930081089	1929-01-01	year	1929		NASA Technical Reports Server (NTRS) 19930081089: Wind Tunnel Tests on an Airfoil Equipped with a Split Flap and a Slot	english
NASA_NTRS_Archive_19930081090	1929-01-01	year	1929		NASA Technical Reports Server (NTRS) 19930081090: A new method for the prediction of airplane performance	english
NASA_NTRS_Archive_19930081091	1929-01-01	year	1929		NASA Technical Reports Server (NTRS) 19930081091: Condensed data on the aircraft engines of the world	english
NASA_NTRS_Archive_19930081092	1930-01-01	year	1930		NASA Technical Reports Server (NTRS) 19930081092: An Investigation of Airplane Landing Speeds	english
NASA_NTRS_Archive_19930081093	1928-03-01	day	1928		NASA Technical Reports Server (NTRS) 19930081093: A Comparison of Propeller and Centrifugal Fans for Circulating the Air in a Wind Tunnel	english
NASA_NTRS_Archive_19930081094	1929-01-01	year	1929		NASA Technical Reports Server (NTRS) 19930081094: Corrosion Embrittlement of Duralumin V : Results of Weather-Exposure Tests	english
NASA_NTRS_Archive_19930081095	1931-01-01	year	1931		NASA Technical Reports Server (NTRS) 19930081095: A comparison of the aerodynamic characteristics of the normal and three reflexed airfoils in the variable density wind tunnel	english
NASA_NTRS_Archive_19930081096	1928-01-01	year	1928		NASA Technical Reports Server (NTRS) 19930081096: Corrosion Embrittlement of Duralumin I Practical Aspects of the Problem	english
NASA_NTRS_Archive_19930081097	1931-01-01	year	1931		NASA Technical Reports Server (NTRS) 19930081097: The N.A.C.A. Apparatus for Studying the Formation and Combustion of Fuel Sprays and the Results from Preliminary Tests	english
NASA_NTRS_Archive_19930081098	1929-01-01	year	1929		NASA Technical Reports Server (NTRS) 19930081098: Corrosion Embrittlement of Duralumin VI The Effect of Corrosion Accompanied by Stress on the Tensile Properties of Sheet Duralumin	english
NASA_NTRS_Archive_19930081099	1928-01-01	year	1928		NASA Technical Reports Server (NTRS) 19930081099: Corrosion Embrittlement of Duralumin II Accelerated Corrosion Tests and the Behavior of High-Strength Aluminum Alloys of Different Compositions	english
NASA_NTRS_Archive_19930081100	1929-01-01	year	1929		NASA Technical Reports Server (NTRS) 19930081100: Curves showing column strength of steel and duralumin tubing	english
NASA_NTRS_Archive_19930081101	1930-01-01	year	1930		NASA Technical Reports Server (NTRS) 19930081101: Methods for the Identification of Aircraft Tubing of Plain Carbon Steel and Chromium-Molybdenum Steel	english
NASA_NTRS_Archive_19930081102	1929-01-01	year	1929		NASA Technical Reports Server (NTRS) 19930081102: Wind tunnel pressure distribution tests on a series of biplane wing models Part II : effects of changes in decalage, dihedral, sweepback and overhang	english
NASA_NTRS_Archive_19930081103	1928-01-01	year	1928		NASA Technical Reports Server (NTRS) 19930081103: Corrosion Embrittlement of Duralumin III Effect of the Previous Treatment of Sheet Material on the Susceptibility to This Type of Corrosion	english
NASA_NTRS_Archive_19930081104	1929-01-01	year	1929		NASA Technical Reports Server (NTRS) 19930081104: Strength of tubing under combined axial and transverse loading	english
NASA_NTRS_Archive_19930081105	1930-01-01	year	1930		NASA Technical Reports Server (NTRS) 19930081105: An accurate method of measuring the moments of inertia of airplanes	english
NASA_NTRS_Archive_19930081106	1928-01-01	year	1928		NASA Technical Reports Server (NTRS) 19930081106: Corrosion Embrittlement of Duralumin IV : The Use of Protective Coatings	english
NASA_NTRS_Archive_19930081107	1931-01-01	year	1931		NASA Technical Reports Server (NTRS) 19930081107: A Method for Reducing the Temperature of Exhaust Manifolds	english
NASA_NTRS_Archive_19930081108	1930-01-01	year	1930		NASA Technical Reports Server (NTRS) 19930081108: Effect of Orifice Length-Diameter Ratio on Spray Characteristics	english
NASA_NTRS_Archive_19930081109	1929-01-01	year	1929		NASA Technical Reports Server (NTRS) 19930081109: Wind tunnel pressure distribution tests on an airfoil with trailing edge flap	english
NASA_NTRS_Archive_19930081110	1931-01-01	year	1931		NASA Technical Reports Server (NTRS) 19930081110: Tests of N.A.C.A. airfoils in the variable-density wind tunnel Series 43 and 63	english
NASA_NTRS_Archive_19930081111	1929-01-01	year	1929		NASA Technical Reports Server (NTRS) 19930081111: Pressure Distribution on a Slotted R.A.F. 31 Airfoil in the Variable Density Wind Tunnel	english
NASA_NTRS_Archive_19930081112	1930-01-01	year	1930		NASA Technical Reports Server (NTRS) 19930081112: Analytical determination of the load on a trailing edge flap	english
NASA_NTRS_Archive_19930081113	1929-01-01	year	1929		NASA Technical Reports Server (NTRS) 19930081113: Some studies on the aerodynamic effect of the gap between airplane wings and fuselages	english
NASA_NTRS_Archive_19930081114	1928-01-01	year	1928		NASA Technical Reports Server (NTRS) 19930081114: Preliminary Investigation on Boundary Layer Control by Means of Suction and Pressure with the U.S.A. 27 Airfoil	english
NASA_NTRS_Archive_19930081115	1929-01-01	year	1929		NASA Technical Reports Server (NTRS) 19930081115: Correcting engine tests for humidity	english
NASA_NTRS_Archive_19930081116	1930-01-01	year	1930		NASA Technical Reports Server (NTRS) 19930081116: An Investigation of the Phenomenon of Separation in the Air Flow Around Simple Quadric Cylinders	english
NASA_NTRS_Archive_19930081117	1929-01-01	year	1929		NASA Technical Reports Server (NTRS) 19930081117: The Effect of Fuel Consumption on Cylinder Temperatures and Performance of a Cowled Wright J-5 Engine	english
NASA_NTRS_Archive_19930081118	1930-01-01	year	1930		NASA Technical Reports Server (NTRS) 19930081118: Effect of the Angular Position of the Section of a Ring Cowling on the High Speed of an XF7C-1 Airplane	english
NASA_NTRS_Archive_19930081119	1928-01-01	year	1928		NASA Technical Reports Server (NTRS) 19930081119: A dangerous seaplane landing condition	english
NASA_NTRS_Archive_19930081120	1929-01-01	year	1929		NASA Technical Reports Server (NTRS) 19930081120: Wind Tunnel Pressure Distribution Tests on a Series of Biplane Wing Models	english
NASA_NTRS_Archive_19930081121	1930-01-01	year	1930		NASA Technical Reports Server (NTRS) 19930081121: Some Characteristics of Fuel Sprays from Open Nozzles	english
NASA_NTRS_Archive_19930081122	1931-01-01	year	1931		NASA Technical Reports Server (NTRS) 19930081122: Tests of N.A.C.A. airfoils in the variable-density wind tunnel Series 45 and 65	english
NASA_NTRS_Archive_19930081123	1929-01-01	year	1929		NASA Technical Reports Server (NTRS) 19930081123: Some Effects of Air Flow on the Penetration and Distribution of Oil Sprays	english
NASA_NTRS_Archive_19930081124	1928-01-01	year	1928		NASA Technical Reports Server (NTRS) 19930081124: The reaction on a float bottom when making contact with water at high speeds	english
NASA_NTRS_Archive_19930081126	1929-01-01	year	1929		NASA Technical Reports Server (NTRS) 19930081126: The Use of Wheel Brakes on Airplanes	english
NASA_NTRS_Archive_19930081127	1930-01-01	year	1930		NASA Technical Reports Server (NTRS) 19930081127: Experiments with a Model Water Tunnel	english
NASA_NTRS_Archive_19930081128	1928-01-01	year	1928		NASA Technical Reports Server (NTRS) 19930081128: Preliminary biplane tests in the variable density wind tunnel	english
NASA_NTRS_Archive_19930081129	1930-01-01	year	1930		NASA Technical Reports Server (NTRS) 19930081129: A Balanced Diaphragm Type of Maximum Cylinder Pressure Indicator	english
NASA_NTRS_Archive_19930081130	1929-01-01	year	1929		NASA Technical Reports Server (NTRS) 19930081130: Wind Tunnel Pressure Distribution Tests on a Series of Biplane Wing Models Part III Effects of Charges in Various Combinations of Stagger, Gap, Sweepback, and Decalage	english
NASA_NTRS_Archive_19930081131	1929-01-01	year	1929		NASA Technical Reports Server (NTRS) 19930081131: Sphere drag tests in the variable density wind tunnel	english
NASA_NTRS_Archive_19930081132	1931-01-01	year	1931		NASA Technical Reports Server (NTRS) 19930081132: An investigation of cotton for parachute cloth	english
NASA_NTRS_Archive_19930081133	1931-01-01	year	1931		NASA Technical Reports Server (NTRS) 19930081133: The pressure distribution over a square wing tip on a biplane in flight	english
NASA_NTRS_Archive_19930081134	1929-01-01	year	1929		NASA Technical Reports Server (NTRS) 19930081134: The Formation of Ice upon Airplanes in Flight	english
NASA_NTRS_Archive_19930081135	1930-01-01	year	1930		NASA Technical Reports Server (NTRS) 19930081135: Rate of Heat Transfer from Finned Metal Surfaces	english
NASA_NTRS_Archive_19930081136	1930-01-01	year	1930		NASA Technical Reports Server (NTRS) 19930081136: Injection Labs in a Common-Rail Fuel Injection System	english
NASA_NTRS_Archive_19930081137	1931-01-01	year	1931		NASA Technical Reports Server (NTRS) 19930081137: The Prevention of Ice Formation on Gasoline Tank Vents	english
NASA_NTRS_Archive_19930081139	1931-01-01	year	1931		NASA Technical Reports Server (NTRS) 19930081139: Advantages of Oxide Films as Bases for Aluminum Pigmented Surface Coatings for Aluminum Alloys	english
NASA_NTRS_Archive_19930081140	1931-01-01	year	1931		NASA Technical Reports Server (NTRS) 19930081140: Penetration and Duration of Fuel Sprays from a Pump Injection System	english
NASA_NTRS_Archive_19930081141	1931-01-01	year	1931		NASA Technical Reports Server (NTRS) 19930081141: Tests of N.A.C.A. airfoils in the variable density wind tunnel Series 44 and 64	english
NASA_NTRS_Archive_19930081142	1929-01-01	year	1929		NASA Technical Reports Server (NTRS) 19930081142: Spiral tendency in blind flying	english
NASA_NTRS_Archive_19930081143	1931-01-01	year	1931		NASA Technical Reports Server (NTRS) 19930081143: The effectiveness of a double-stem injection valve in controlling combustion in a compression-ignition engine	english
NASA_NTRS_Archive_19930081144	1929-01-01	year	1929		NASA Technical Reports Server (NTRS) 19930081144: Viscosity of diesel engine fuel oil under pressure	english
NASA_NTRS_Archive_19930081145	1931-01-01	year	1931		NASA Technical Reports Server (NTRS) 19930081145: The effect of small variations in profile of airfoils	english
NASA_NTRS_Archive_19930081146	1930-01-01	year	1930		NASA Technical Reports Server (NTRS) 19930081146: Test of an adjustable pitch model propeller at four blade settings	english
NASA_NTRS_Archive_19930081147	1929-01-01	year	1929		NASA Technical Reports Server (NTRS) 19930081147: Wind Tunnel Tests on a Model of a Monoplane Wing with Floating Ailerons	english
NASA_NTRS_Archive_19930081148	1931-01-01	year	1931		NASA Technical Reports Server (NTRS) 19930081148: Performance of a Compression-ignition Engine with a Precombustion Chamber Having High-Velocity Air Flow	english
NASA_NTRS_Archive_19930081149	1931-01-01	year	1931		NASA Technical Reports Server (NTRS) 19930081149: Lift and drag characteristics of a cabin monoplane	english
NASA_NTRS_Archive_19930081150	1931-01-01	year	1931		NASA Technical Reports Server (NTRS) 19930081150: The Interference Effects on an Airfoil of a Flat Plate at Mid-span Position	english
NASA_NTRS_Archive_19930081151	1930-01-01	year	1930		NASA Technical Reports Server (NTRS) 19930081151: Comparative Performance Obtained with XF7C-1 Airplane Using Several Different Engine Cowlings	english
NASA_NTRS_Archive_19930081152	1929-01-01	year	1929		NASA Technical Reports Server (NTRS) 19930081152: Tests of Four Racing Type Airfoils in the Twenty-Foot Propeller Research Tunnel	english
NASA_NTRS_Archive_19930081153	1931-01-01	year	1931		NASA Technical Reports Server (NTRS) 19930081153: The Behavior of Conventional Airplanes in Situations Thought to Lead to Most Crashes	english
NASA_NTRS_Archive_19930081154	1932-01-01	year	1932		NASA Technical Reports Server (NTRS) 19930081154: Tests of N.A.C.A. airfoils in the variable-density wind tunnel Series 24	english
NASA_NTRS_Archive_19930081155	1931-01-01	year	1931		NASA Technical Reports Server (NTRS) 19930081155: Tests in the Variable Density Wind Tunnel to Investigate the Effects of Scale and Turbulence on Airfoil Characteristics	english
NASA_NTRS_Archive_19930081156	1930-01-01	year	1930		NASA Technical Reports Server (NTRS) 19930081156: The Structure and Properties of Parachute Cloths	english
NASA_NTRS_Archive_19930081157	1929-01-01	year	1929		NASA Technical Reports Server (NTRS) 19930081157: Full Scale Investigation of the Drag of a Wing Radiator	english
NASA_NTRS_Archive_19930081158	1932-01-01	year	1932		NASA Technical Reports Server (NTRS) 19930081158: Valve timing of engines having intake pressures higher than exhaust	english
NASA_NTRS_Archive_19930081159	1931-01-01	year	1931		NASA Technical Reports Server (NTRS) 19930081159: The aerodynamic characteristics of six commonly used Airfoils over a large range of positive and negative angles of attack	english
NASA_NTRS_Archive_19930081160	1930-01-01	year	1930		NASA Technical Reports Server (NTRS) 19930081160: The Effect of Wing Tip Floating Ailerons on the Autorotation of a Monoplane Wing Model	english
NASA_NTRS_Archive_19930081161	1930-01-01	year	1930		NASA Technical Reports Server (NTRS) 19930081161: Pressure distribution on the tail surfaces of a PW-9 pursuit airplane in flight	english
NASA_NTRS_Archive_19930081162	1930-01-01	year	1930		NASA Technical Reports Server (NTRS) 19930081162: Some Effects of Air and Fuel Oil Temperatures on Spray Penetration and Dispersion	english
NASA_NTRS_Archive_19930081163	1931-01-01	year	1931		NASA Technical Reports Server (NTRS) 19930081163: The Effect of Slots and Flaps on the Lift and Drag of the Mcdonnell Airplanes Determined in Flight	english
NASA_NTRS_Archive_19930081164	1931-01-01	year	1931		NASA Technical Reports Server (NTRS) 19930081164: Interference Effects and Drag of Struts on a Monoplane Wing	english
NASA_NTRS_Archive_19930081165	1932-01-01	year	1932		NASA Technical Reports Server (NTRS) 19930081165: The Use of Large Valve Overlap in Scavenging a Supercharged Spark-ignition Engine Using Fuel Injection	english
NASA_NTRS_Archive_19930081166	1931-01-01	year	1931		NASA Technical Reports Server (NTRS) 19930081166: Torsion in box wings	english
NASA_NTRS_Archive_19930081167	1929-01-01	year	1929		NASA Technical Reports Server (NTRS) 19930081167: Some experiments on autorotation of an airfoil	english
NASA_NTRS_Archive_19930081168	1930-01-01	year	1930		NASA Technical Reports Server (NTRS) 19930081168: Refrigerated Wind Tunnel Tests on Surface Coatings for Preventing Ice Formation	english
NASA_NTRS_Archive_19930081169	1931-01-01	year	1931		NASA Technical Reports Server (NTRS) 19930081169: The aerodynamic characteristics of three tapered airfoils tested in the variable density wind tunnel	english
NASA_NTRS_Archive_19930081170	1931-01-01	year	1931		NASA Technical Reports Server (NTRS) 19930081170: Some Characteristics of Fuel Sprays at Low-injection Pressures	english
NASA_NTRS_Archive_19930081171	1932-01-01	year	1932		NASA Technical Reports Server (NTRS) 19930081171: Effect of the Reservoir Volume on the Discharge Pressures in the Injection System of the N.A.C.A. Spray Photography Equipment	english
NASA_NTRS_Archive_19930081172	1929-01-01	year	1929		NASA Technical Reports Server (NTRS) 19930081172: The Drag and Interference of a Nacelle in the Presence of a Wing	english
NASA_NTRS_Archive_19930081173	1931-01-01	year	1931		NASA Technical Reports Server (NTRS) 19930081173: The variation in pressure in the cabin of an airplane in flight	english
NASA_NTRS_Archive_19930081174	1929-01-01	year	1929		NASA Technical Reports Server (NTRS) 19930081174: The impact on seaplane floats during landing	english
NASA_NTRS_Archive_19930081175	1931-01-01	year	1931		NASA Technical Reports Server (NTRS) 19930081175: Effect of orifice length-diameter ratio on the coefficient of discharge of fuel-injection nozzles	english
NASA_NTRS_Archive_19930081176	1929-01-01	year	1929		NASA Technical Reports Server (NTRS) 19930081176: The Effect of the Wings of Single Engine Airplanes on Propulsive Efficiency as Shown by Full Scale Wind Tunnel Tests	english
NASA_NTRS_Archive_19930081177	1931-01-01	year	1931		NASA Technical Reports Server (NTRS) 19930081177: Strength Tests on Paper Cylinder in Compression, Bending and Shear	english
NASA_NTRS_Archive_19930081178	1932-01-01	year	1932		NASA Technical Reports Server (NTRS) 19930081178: Preliminary Tests on the Vaporization of Fuel Sprays	english
NASA_NTRS_Archive_19930081179	1932-01-01	year	1932		NASA Technical Reports Server (NTRS) 19930081179: Characteristics of an Airfoil as Affected by Fabric Sag	english
NASA_NTRS_Archive_19930081180	1931-01-01	year	1931		NASA Technical Reports Server (NTRS) 19930081180: Experiments with an Airfoil Model on which the Boundary Layers are Controlled Without the Use of Supplementary Equipment	english
NASA_NTRS_Archive_19930081181	1932-01-01	year	1932		NASA Technical Reports Server (NTRS) 19930081181: The Gaseous Explosive Reaction at Constant Pressure : Further Data on the Effect of Inert Gases	english
NASA_NTRS_Archive_19930081182	1932-01-01	year	1932		NASA Technical Reports Server (NTRS) 19930081182: Effect of Aging on Taut Rubber Diaphragms	english
NASA_NTRS_Archive_19930081183	1932-01-01	year	1932		NASA Technical Reports Server (NTRS) 19930081183: Heat Dissipation from a Finned Cylinder at Different Fin-Plane/Air-stream Angles	english
NASA_NTRS_Archive_19930081184	1932-01-01	year	1932		NASA Technical Reports Server (NTRS) 19930081184: Experiments on the Distribution of Fuel in Fuel Sprays	english
NASA_NTRS_Archive_19930081185	1930-01-01	year	1930		NASA Technical Reports Server (NTRS) 19930081185: Full Scale Drag Tests on Various Parts of Fairchild (FC-2W2) Cabin Monoplane	english
NASA_NTRS_Archive_19930081186	1932-01-01	year	1932		NASA Technical Reports Server (NTRS) 19930081186: Rapid chemical test for the identification of chromium-molybdenum steel	english
NASA_NTRS_Archive_19930081187	1932-01-01	year	1932		NASA Technical Reports Server (NTRS) 19930081187: The aerodynamic characteristics of airfoils at negative angles of attack	english
NASA_NTRS_Archive_19930081188	1932-01-01	year	1932		NASA Technical Reports Server (NTRS) 19930081188: Effect of Engine Operating Conditions on the Vaporization of Safety Fuels	english
NASA_NTRS_Archive_19930081189	1932-01-01	year	1932		NASA Technical Reports Server (NTRS) 19930081189: The compressive strength of duralumin columns of equal angle section	english
NASA_NTRS_Archive_19930081190	1932-01-01	year	1932		NASA Technical Reports Server (NTRS) 19930081190: Tests on Thrust Augmenters for Jet Propulsion	english
NASA_NTRS_Archive_19930081191	1931-01-01	year	1931		NASA Technical Reports Server (NTRS) 19930081191: Development of an Impinging-jet Fuel-injection Valve Nozzle	english
NASA_NTRS_Archive_19930081192	1932-01-01	year	1932		NASA Technical Reports Server (NTRS) 19930081192: Meteorological conditions during the formation of ice on aircraft	english
NASA_NTRS_Archive_19930081193	1931-01-01	year	1931		NASA Technical Reports Server (NTRS) 19930081193: Investigation of the Discharge Rate of a Fuel-injection System	english
NASA_NTRS_Archive_19930081194	1931-01-01	year	1931		NASA Technical Reports Server (NTRS) 19930081194: Preliminary Study of Applied Load Factors in Bumpy Air	english
NASA_NTRS_Archive_19930081195	1932-01-01	year	1932		NASA Technical Reports Server (NTRS) 19930081195: Flight Tests to Determine the Effect of a Fixed Auxiliary Airfoil on the Lift and Drag of a Parasol Monoplane	english
NASA_NTRS_Archive_19930081196	1931-01-01	year	1931		NASA Technical Reports Server (NTRS) 19930081196: Moments of inertia of several airplanes	english
NASA_NTRS_Archive_19930081197	1930-01-01	year	1930		NASA Technical Reports Server (NTRS) 19930081197: Calibration and Lag of a Friez Type Cup Anemometer	english
NASA_NTRS_Archive_19930081198	1931-01-01	year	1931		NASA Technical Reports Server (NTRS) 19930081198: Effect of High Air Velocities on the Distribution and Penetration of a Fuel Spray	english
NASA_NTRS_Archive_19930081199	1933-01-01	year	1933		NASA Technical Reports Server (NTRS) 19930081199: Rolling, yawing, and hinge moments produced by rectangular ailerons	english
NASA_NTRS_Archive_19930081200	1931-01-01	year	1931		NASA Technical Reports Server (NTRS) 19930081200: An integrating manometer for use in wind tunnel pressure distribution measurements	english
NASA_NTRS_Archive_19930081201	1933-01-01	year	1933		NASA Technical Reports Server (NTRS) 19930081201: Jet Propulsion with Special Reference to Thrust Augmenters	english
NASA_NTRS_Archive_19930081202	1931-01-01	year	1931		NASA Technical Reports Server (NTRS) 19930081202: Comparison of weights of 17ST and steel tubular structural members used in aircraft construction	english
NASA_NTRS_Archive_19930081203	1932-01-01	year	1932		NASA Technical Reports Server (NTRS) 19930081203: Considerations of Air Flow in Combustion Chambers of High-Speed Compression-Ignition Engines	english
NASA_NTRS_Archive_19930081204	1931-01-01	year	1931		NASA Technical Reports Server (NTRS) 19930081204: The pressure distribution over a semicircular wing tip on an airplane in flight	english
NASA_NTRS_Archive_19930081205	1930-01-01	year	1930		NASA Technical Reports Server (NTRS) 19930081205: Identification of Aircraft by Rockwell Test	english
NASA_NTRS_Archive_19930081206	1932-01-01	year	1932		NASA Technical Reports Server (NTRS) 19930081206: Drag Tests of 4/9-Scale Model Engine Nacelles with Various Cowlings	english
NASA_NTRS_Archive_19930081207	1932-01-01	year	1932		NASA Technical Reports Server (NTRS) 19930081207: Preliminary investigation of rolling moments obtained with spoilers on both slotted and plain wings	english
NASA_NTRS_Archive_19930081208	1933-01-01	year	1933		NASA Technical Reports Server (NTRS) 19930081208: Wind tunnel research concerning lateral control devices, particularly at high angles of attack VII : Handley Page tip and full-span slots with ailerons and spoilers	english
NASA_NTRS_Archive_19930081209	1931-01-01	year	1931		NASA Technical Reports Server (NTRS) 19930081209: A suggested method for measuring turbulence	english
NASA_NTRS_Archive_19930081210	1932-01-01	year	1932		NASA Technical Reports Server (NTRS) 19930081210: Characteristics of two sharp-nosed airfoils having reduced spinning tendencies	english
NASA_NTRS_Archive_19930081211	1931-01-01	year	1931		NASA Technical Reports Server (NTRS) 19930081211: Endurance and Other Properties at Low Temperatures of Some Alloys for Aircraft Use	english
NASA_NTRS_Archive_19930081212	1933-01-01	year	1933		NASA Technical Reports Server (NTRS) 19930081212: Working charts for the stress analysis of elliptic rings	english
NASA_NTRS_Archive_19930081213	1932-01-01	year	1932		NASA Technical Reports Server (NTRS) 19930081213: Wind-tunnel Tests of a Hall High-life Wing	english
NASA_NTRS_Archive_19930081214	1932-01-01	year	1932		NASA Technical Reports Server (NTRS) 19930081214: The pressure distribution over a standard and a modified Navy elliptical wing tip on a biplane in flight	english
NASA_NTRS_Archive_19930081215	1932-01-01	year	1932		NASA Technical Reports Server (NTRS) 19930081215: Influence of several factors on ignition lag in a compression-ignition engine	english
NASA_NTRS_Archive_19930081216	1932-01-01	year	1932		NASA Technical Reports Server (NTRS) 19930081216: The Effect of Clearance Distribution on the Performance of a Compression-ignition Engine with a Precombustion Chamber	english
NASA_NTRS_Archive_19930081217	1932-01-01	year	1932		NASA Technical Reports Server (NTRS) 19930081217: Compression-ignition engine tests of several fuels	english
NASA_NTRS_Archive_19930081218	1932-01-01	year	1932		NASA Technical Reports Server (NTRS) 19930081218: Wind-tunnel Tests of the Fowler Variable-area Wing	english
NASA_NTRS_Archive_19930081219	1933-01-01	year	1933		NASA Technical Reports Server (NTRS) 19930081219: Wind tunnel research comparing lateral control devices, particularly at high angles of attack VIII : straight and skewed ailerons on wings with rounded tips	english
NASA_NTRS_Archive_19930081220	1931-01-01	year	1931		NASA Technical Reports Server (NTRS) 19930081220: Basic requirements of fuel-injection nozzles for quiescent combustion chambers	english
NASA_NTRS_Archive_19930081221	1932-01-01	year	1932		NASA Technical Reports Server (NTRS) 19930081221: The Effect of Connecting-passage Diameter on the Performance of a Compression-ignition Engine with a Precombustion Chamber	english
NASA_NTRS_Archive_19930081222	1932-01-01	year	1932		NASA Technical Reports Server (NTRS) 19930081222: The Effect of Propellers and Nacelles on the Landing Speeds of Tractor Monoplanes	english
NASA_NTRS_Archive_19930081223	1931-01-01	year	1931		NASA Technical Reports Server (NTRS) 19930081223: Metal-truss wing spars	english
NASA_NTRS_Archive_19930081224	1933-01-01	year	1933		NASA Technical Reports Server (NTRS) 19930081224: The Effect on Lift, Drag, and Spinning Characteristics of Sharp Leading Edges on Airplane Wings	english
NASA_NTRS_Archive_19930081225	1932-01-01	year	1932		NASA Technical Reports Server (NTRS) 19930081225: The Nature of Air Flow About the Tail of an Airplane in a Spin	english
NASA_NTRS_Archive_19930081226	1931-01-01	year	1931		NASA Technical Reports Server (NTRS) 19930081226: The Effect of Injection-Valve Opening Pressure on Spray-Tip Penetration	english
NASA_NTRS_Archive_19930081227	1932-01-01	year	1932		NASA Technical Reports Server (NTRS) 19930081227: The pressure distribution over a long elliptical wing tip on a biplane in flight	english
NASA_NTRS_Archive_19930081228	1932-01-01	year	1932		NASA Technical Reports Server (NTRS) 19930081228: The aerodynamic characteristics of a model wing having a split flap deflected downward and moved to the rear	english
NASA_NTRS_Archive_19930081229	1931-01-01	year	1931		NASA Technical Reports Server (NTRS) 19930081229: Tests of six symmetrical airfoils in the variable density wind tunnel	english
NASA_NTRS_Archive_19930081230	1933-01-01	year	1933		NASA Technical Reports Server (NTRS) 19930081230: Effect of aileron displacement on wing characteristics	english
NASA_NTRS_Archive_19930081231	1932-01-01	year	1932		NASA Technical Reports Server (NTRS) 19930081231: Effect of length of Handley Page tip slots on the lateral-stability factor, damping in roll	english
NASA_NTRS_Archive_19930081232	1931-01-01	year	1931		NASA Technical Reports Server (NTRS) 19930081232: Effect of nose shape on the characteristics of symmetrical airfoils	english
NASA_NTRS_Archive_19930081233	1932-01-01	year	1932		NASA Technical Reports Server (NTRS) 19930081233: Preliminary Photomicrographic Studies of Fuel Sprays	english
NASA_NTRS_Archive_19930081234	1934-01-01	year	1934		NASA Technical Reports Server (NTRS) 19930081234: The torsional stiffness of thin duralumin shells subjected to large torques	english
NASA_NTRS_Archive_19930081235	1931-01-01	year	1931		NASA Technical Reports Server (NTRS) 19930081235: The pressure distribution over a modified elliptical wing tip on a biplane in flight	english
NASA_NTRS_Archive_19930081236	1933-01-01	year	1933		NASA Technical Reports Server (NTRS) 19930081236: Wind-tunnel research comparing lateral control devices, particularly at high angles of attack IX : tapered wings with ordinary ailerons	english
NASA_NTRS_Archive_19930081237	1932-01-01	year	1932		NASA Technical Reports Server (NTRS) 19930081237: Methods of Visually Determining the Air Flow Around Airplanes	english
NASA_NTRS_Archive_19930081238	1933-01-01	year	1933		NASA Technical Reports Server (NTRS) 19930081238: Mercerization of Cotton for Strength with Special Reference to Aircraft Cloth	english
NASA_NTRS_Archive_19930081239	1933-01-01	year	1933		NASA Technical Reports Server (NTRS) 19930081239: A study of factors affecting the steady spin of an airplane	english
NASA_NTRS_Archive_19930081240	1932-01-01	year	1932		NASA Technical Reports Server (NTRS) 19930081240: Comparative Performance of a Powerplus Vane-type Supercharger and an N.A.C.A. Roots-type Supercharger	english
NASA_NTRS_Archive_19930081241	1933-01-01	year	1933		NASA Technical Reports Server (NTRS) 19930081241: Wind tunnel research comparing lateral control devices, particularly at high angles of attack X : various control devices on a wing with a fixed auxiliary airfoil	english
NASA_NTRS_Archive_19930081242	1932-01-01	year	1932		NASA Technical Reports Server (NTRS) 19930081242: Strength Tests on Thin-walled Duralumin Cylinders in Torsion	english
NASA_NTRS_Archive_19930081247	1934-01-01	year	1934		NASA Technical Reports Server (NTRS) 19930081247: Aerodynamic effects of a split flap on the spinning characteristics of a monoplane model	english
NASA_NTRS_Archive_19930081248	1933-01-01	year	1933		NASA Technical Reports Server (NTRS) 19930081248: A Summary of Design Formulas for Beams Having Thin Webs in Diagonal Tension	english
NASA_NTRS_Archive_19930081249	1935-01-01	year	1935		NASA Technical Reports Server (NTRS) 19930081249: Propeller Vibrations and the Effect of the Centrifugal Force	english
NASA_NTRS_Archive_19930081250	1935-01-01	year	1935		NASA Technical Reports Server (NTRS) 19930081250: The Aerodynamic Forces and Moments on a Spinning Model of the F4B-2 Airplane as Measured by the Spinning Balance	english
NASA_NTRS_Archive_19930081251	1934-01-01	year	1934		NASA Technical Reports Server (NTRS) 19930081251: Landing-shock Recorder	english
NASA_NTRS_Archive_19930081252	1933-01-01	year	1933		NASA Technical Reports Server (NTRS) 19930081252: A Complete Tank Test of a Model of a Flying-boat Hull - N.A.C.A. Model No.11-A	english
NASA_NTRS_Archive_19930081253	1934-07-01	day	1934		NASA Technical Reports Server (NTRS) 19930081253: Aerodynamic Investigation of a Cup Anemometer	english
NASA_NTRS_Archive_19930081254	1934-01-01	year	1934		NASA Technical Reports Server (NTRS) 19930081254: Measurement of Altitude in Blind Flying	english
NASA_NTRS_Archive_19930081255	1935-01-01	year	1935		NASA Technical Reports Server (NTRS) 19930081255: Performance tests of a single-cylinder compression-ignition engine with a displacer piston	english
NASA_NTRS_Archive_19930081256	1935-01-01	year	1935		NASA Technical Reports Server (NTRS) 19930081256: Vortex Noise from Rotating Cylindrical Rods	english
NASA_NTRS_Archive_19930081257	1935-01-01	year	1935		NASA Technical Reports Server (NTRS) 19930081257: Full-scale Force and Pressure-distribution Tests on a Tapered U.S.A. 45 Airfoil	english
NASA_NTRS_Archive_19930081258	1935-01-01	year	1935		NASA Technical Reports Server (NTRS) 19930081258: Tank tests of a model of a flying-boat hull with a fluted bottom	english
NASA_NTRS_Archive_19930081260	1935-01-01	year	1935		NASA Technical Reports Server (NTRS) 19930081260: Strength Tests of Thin-walled Duralumin Cylinders in Combined Transverse Shear and Bending	english
NASA_NTRS_Archive_19930081261	1933-01-01	year	1933		NASA Technical Reports Server (NTRS) 19930081261: A Complete Tank Test of a Model of Flying-boat Hull - N.A.C.A. Model 16	english
NASA_NTRS_Archive_19930081262	1935-01-01	year	1935		NASA Technical Reports Server (NTRS) 19930081262: The Aerodynamic Drag of Flying-boat Hull Model as Measured in the NACA 20-foot Wind Tunnel I.	english
NASA_NTRS_Archive_19930081263	1934-01-01	year	1934		NASA Technical Reports Server (NTRS) 19930081263: Complete tank tests of two flying-boat hulls with pointed steps - N.A.C.A. Models 22-A and 35	english
NASA_NTRS_Archive_19930081264	1935-01-01	year	1935		NASA Technical Reports Server (NTRS) 19930081264: Spinning characteristics of wings II : rectangular Clark Y biplane cellule: 25 percent stagger; 0 degree decalage; gap/chord 1.0	english
NASA_NTRS_Archive_19930081265	1936-01-01	year	1936		NASA Technical Reports Server (NTRS) 19930081265: Combustion-engine Temperatures by the Sodium Line-reversal Method	english
NASA_NTRS_Archive_19930081266	1936-01-01	year	1936		NASA Technical Reports Server (NTRS) 19930081266: A comparison of corrosion-resistant steel (18 percent chromium - 8 percent nickel) and aluminum alloy (24st)	english
NASA_NTRS_Archive_19930081267	1935-01-01	year	1935		NASA Technical Reports Server (NTRS) 19930081267: Strength Tests of Thin-walled Duralumin Cylinders of Elliptic Section	english
NASA_NTRS_Archive_19930081268	1936-01-01	year	1936		NASA Technical Reports Server (NTRS) 19930081268: Full-scale Wind-tunnel to Determine a Satisfactory Location for a Service Pitot-static Tube on a Low-wing Monoplane	english
NASA_NTRS_Archive_19930081269	1933-01-01	year	1933		NASA Technical Reports Server (NTRS) 19930081269: The N.A.C.A. Combustion Chamber Gas-sampling Valve and Some Preliminary Test Results	english
NASA_NTRS_Archive_19930081270	1935-01-01	year	1935		NASA Technical Reports Server (NTRS) 19930081270: Wind-tunnel Tests of a Cyclogiro Rotor	english
NASA_NTRS_Archive_19930081271	1934-01-01	year	1934		NASA Technical Reports Server (NTRS) 19930081271: The effects of full-span and partial-span split flaps on the aerodynamic characteristics of a tapered wing	english
NASA_NTRS_Archive_19930081272	1936-01-01	year	1936		NASA Technical Reports Server (NTRS) 19930081272: Remarks on the elastic axis of shell wings	english
NASA_NTRS_Archive_19930081273	1935-01-01	year	1935		NASA Technical Reports Server (NTRS) 19930081273: Analysis of a Strut with a Single Elastic Support in the Span, with Applications to the Design of Airplane Jury-strut Systems	english
NASA_NTRS_Archive_19930081274	1933-01-01	year	1933		NASA Technical Reports Server (NTRS) 19930081274: The effect of partial-span split flaps on the aerodynamic characteristics of a Clark Y wing	english
NASA_NTRS_Archive_19930081275	1933-01-01	year	1933		NASA Technical Reports Server (NTRS) 19930081275: Experiments with a Counter-propeller	english
NASA_NTRS_Archive_19930081276	1936-01-01	year	1936		NASA Technical Reports Server (NTRS) 19930081276: Tank Tests of Models of Floats for Single-float Seaplanes First Series.	english
NASA_NTRS_Archive_19930081277	1935-01-01	year	1935		NASA Technical Reports Server (NTRS) 19930081277: Bending stresses due to torsion in cantilever box beams	english
NASA_NTRS_Archive_19930081278	1934-01-01	year	1934		NASA Technical Reports Server (NTRS) 19930081278: Experimental verification of Theodorsen's theoretical jet-boundary correction factors	english
NASA_NTRS_Archive_19930081279	1936-01-01	year	1936		NASA Technical Reports Server (NTRS) 19930081279: Procedure for Determining Speed and Climbing Performance of Airships	english
NASA_NTRS_Archive_19930081280	1935-01-01	year	1935		NASA Technical Reports Server (NTRS) 19930081280: Tank Tests of Model 11-G Flying-boat Hull	english
NASA_NTRS_Archive_19930081281	1934-01-01	year	1934		NASA Technical Reports Server (NTRS) 19930081281: The effects of equal-pressure fixed slots on the characteristics of a Clark Y Airfoil	english
NASA_NTRS_Archive_19930081282	1935-01-01	year	1935		NASA Technical Reports Server (NTRS) 19930081282: Method of Testing Oxygen Regulators	english
NASA_NTRS_Archive_19930081283	1936-01-01	year	1936		NASA Technical Reports Server (NTRS) 19930081283: Tank Tests of a Model of the NC Flying-boat Hull - N.A.C.A. Model 44	english
NASA_NTRS_Archive_19930081284	1935-01-01	year	1935		NASA Technical Reports Server (NTRS) 19930081284: The thermodynamics of combustion in the Otto cycle engine	english
NASA_NTRS_Archive_19930081285	1934-01-01	year	1934		NASA Technical Reports Server (NTRS) 19930081285: Landing characteristics of an autogiro	english
NASA_NTRS_Archive_19930081286	1935-01-01	year	1935		NASA Technical Reports Server (NTRS) 19930081286: Principal Effects of Axial Load on Moment-Distribution Analysis of Rigid Structures	english
NASA_NTRS_Archive_19930081287	1933-01-01	year	1933		NASA Technical Reports Server (NTRS) 19930081287: Tank Tests of Two Floats for High-speed Seaplanes	english
NASA_NTRS_Archive_19930081288	1934-01-01	year	1934		NASA Technical Reports Server (NTRS) 19930081288: Tank tests of flat and v-bottom planning surfaces	english
NASA_NTRS_Archive_19930081291	1922-01-01	year	1922		NASA Technical Reports Server (NTRS) 19930081291: Aeronautic insurance	english
NASA_NTRS_Archive_19930081292	1922-01-01	year	1922		NASA Technical Reports Server (NTRS) 19930081292: Evolution of modern aviation and experimental and technical researches in aerodynamic laboratories	english
NASA_NTRS_Archive_19930081293	1922-01-01	year	1922		NASA Technical Reports Server (NTRS) 19930081293: Wing resistance near the ground	english
NASA_NTRS_Archive_19930081294	1935-01-01	year	1935		NASA Technical Reports Server (NTRS) 19930081294: The effect of depth of step on the water performance of a flying-boat hull model	english
NASA_NTRS_Archive_19930081295	1933-01-01	year	1933		NASA Technical Reports Server (NTRS) 19930081295: Comparison of Three Methods for Calculating the Compressive Strength of Flat and Slightly Curved Sheet and Stiffener Combinations	english
NASA_NTRS_Archive_19930081296	1933-01-01	year	1933		NASA Technical Reports Server (NTRS) 19930081296: Effect of stabilizer location upon pitching and yawing moments in spins as shown by tests with the spinning balance	english
NASA_NTRS_Archive_19930081297	1935-01-01	year	1935		NASA Technical Reports Server (NTRS) 19930081297: The 6-foot-4-inch Wind Tunnel at the Washington Navy Yard	english
NASA_NTRS_Archive_19930081298	1935-01-01	year	1935		NASA Technical Reports Server (NTRS) 19930081298: A preliminary determination of normal accelerations on racing airplanes	english
NASA_NTRS_Archive_19930081299	1934-01-01	year	1934		NASA Technical Reports Server (NTRS) 19930081299: The calculated effect of trailing-edge flaps on the take-off of flying boats	english
NASA_NTRS_Archive_19930081300	1935-01-01	year	1935		NASA Technical Reports Server (NTRS) 19930081300: A General Tank Test of NACA Model 11-C Flying-boat Hull, Including the Effect of Changing the Plan Form of the Step	english
NASA_NTRS_Archive_19930081301	1936-01-01	year	1936		NASA Technical Reports Server (NTRS) 19930081301: Tests of N.A.C.A. airfoils in the variable-density wind tunnel Series 230.	english
NASA_NTRS_Archive_19930081302	1934-01-01	year	1934		NASA Technical Reports Server (NTRS) 19930081302: A study of the pitching moments and the stability characteristics of monoplanes	english
NASA_NTRS_Archive_19930081303	1935-01-01	year	1935		NASA Technical Reports Server (NTRS) 19930081303: Aerodynamic characteristics of several airfoils of low aspect ratio	english
NASA_NTRS_Archive_19930081304	1933-01-01	year	1933		NASA Technical Reports Server (NTRS) 19930081304: The Aerodynamic Effect of a Retractable Landing Gear	english
NASA_NTRS_Archive_19930081305	1933-01-01	year	1933		NASA Technical Reports Server (NTRS) 19930081305: The Effect of Split Trailing-edge Wing Flaps on the Aerodynamic Characteristics of a Parasol Monoplane	english
NASA_NTRS_Archive_19930081306	1936-01-01	year	1936		NASA Technical Reports Server (NTRS) 19930081306: Calculated effect of various types of flap on take-off over obstacles	english
NASA_NTRS_Archive_19930081307	1934-01-01	year	1934		NASA Technical Reports Server (NTRS) 19930081307: A Complete Tank Test of the Hull of the Sikorsky S-40 Flying Boat - American Clipper Class	english
NASA_NTRS_Archive_19930081308	1935-01-01	year	1935		NASA Technical Reports Server (NTRS) 19930081308: A deflection formula for single-span beams of constant section subjected to combined axial and transverse loads	english
NASA_NTRS_Archive_19930081309	1933-01-01	year	1933		NASA Technical Reports Server (NTRS) 19930081309: The Aerodynamic Characteristics of Airfoils as Affected by Surface Roughness	english
NASA_NTRS_Archive_19930081310	1934-01-01	year	1934		NASA Technical Reports Server (NTRS) 19930081310: The wave suppressor used in the N.A.C.A. tank	english
NASA_NTRS_Archive_19930081311	1935-01-01	year	1935		NASA Technical Reports Server (NTRS) 19930081311: The Effect of the Angle of Afterbody Keel on the Water Performance of a Flying-Boat Hull Model	english
NASA_NTRS_Archive_19930081312	1936-01-01	year	1936		NASA Technical Reports Server (NTRS) 19930081312: Boosted performance of a compression-ignition engine with a displaced piston	english
NASA_NTRS_Archive_19930081313	1933-01-01	year	1933		NASA Technical Reports Server (NTRS) 19930081313: Wind tunnel research comparing lateral control devices, particularly at high angles of attack XI : various floating tip ailerons on both rectangular and tapered wings	english
NASA_NTRS_Archive_19930081314	1933-01-01	year	1933		NASA Technical Reports Server (NTRS) 19930081314: The effect on engine performance of change in jacket-water outlet temperature	english
NASA_NTRS_Archive_19930081315	1935-01-01	year	1935		NASA Technical Reports Server (NTRS) 19930081315: The initial torsional stiffness of shells with interior webs	english
NASA_NTRS_Archive_19930081316	1933-01-01	year	1933		NASA Technical Reports Server (NTRS) 19930081316: Full-scale Wind-tunnel Research on Tail Buffeting and Wing-fuselage Interference of a Low-wing Monoplane	english
NASA_NTRS_Archive_19930081317	1936-01-01	year	1936		NASA Technical Reports Server (NTRS) 19930081317: Effect of changes in tail arrangement upon the spinning of a low-wing monoplane model	english
NASA_NTRS_Archive_19930081318	1933-01-01	year	1933		NASA Technical Reports Server (NTRS) 19930081318: The Effect of Rivet Heads on the Characteristics of a 6 by 36 Foot Clark Y Metal Airfoil	english
NASA_NTRS_Archive_19930081319	1933-01-01	year	1933		NASA Technical Reports Server (NTRS) 19930081319: The Effects of Slots and Flaps on Lateral Control of a Low-wing Monoplane as Determined in Flight	english
NASA_NTRS_Archive_19930081320	1936-01-01	year	1936		NASA Technical Reports Server (NTRS) 19930081320: A method of estimating the aerodynamic effects of ordinary and split flaps of airfoils similar to the Clark Y	english
NASA_NTRS_Archive_19930081321	1933-01-01	year	1933		NASA Technical Reports Server (NTRS) 19930081321: Strength Tests of Thin-walled Duralumin Cylinders in Pure Bending	english
NASA_NTRS_Archive_19930081322	1936-01-01	year	1936		NASA Technical Reports Server (NTRS) 19930081322: Performance of Air-cooled Engine Cylinders Using Blower Cooling	english
NASA_NTRS_Archive_19930081323	1934-01-01	year	1934		NASA Technical Reports Server (NTRS) 19930081323: Effect of Combustion-chamber Shape on the Performance of a Prechamber Compression-ignition Engine	english
NASA_NTRS_Archive_19930081324	1936-01-01	year	1936		NASA Technical Reports Server (NTRS) 19930081324: Carbon-monoxide Indicators for Aircraft	english
NASA_NTRS_Archive_19930081325	1922-01-01	year	1922		NASA Technical Reports Server (NTRS) 19930081325: Joukowski wings	english
NASA_NTRS_Archive_19930081326	1935-01-01	year	1935		NASA Technical Reports Server (NTRS) 19930081326: The Compressibility Bubble	english
NASA_NTRS_Archive_19930081327	1936-01-01	year	1936		NASA Technical Reports Server (NTRS) 19930081327: Tank Tests of Models of Flying Boat Hulls Having Longitudinal Steps	english
NASA_NTRS_Archive_19930081328	1933-01-01	year	1933		NASA Technical Reports Server (NTRS) 19930081328: Formulas for the Stress Analysis of Circular Rings in a Monocoque Fuselage	english
NASA_NTRS_Archive_19930081329	1935-01-01	year	1935		NASA Technical Reports Server (NTRS) 19930081329: An Application of the Von Karman-millikan Laminar Boundary-layer Theory and Comparison with Experiment	english
NASA_NTRS_Archive_19930081330	1936-01-01	year	1936		NASA Technical Reports Server (NTRS) 19930081330: Estimation of moments of inertia of airplanes from design data	english
NASA_NTRS_Archive_19930081331	1936-01-01	year	1936		NASA Technical Reports Server (NTRS) 19930081331: Tanks Test of a Model of the Hull of the Navy PB-1 Flying Boat - N.A.C.A. Model 52	english
NASA_NTRS_Archive_19930081332	1933-01-01	year	1933		NASA Technical Reports Server (NTRS) 19930081332: Aerodynamic tests of a low aspect ratio tapered wing with various flaps, for use on tailless airplanes	english
NASA_NTRS_Archive_19930081333	1936-01-01	year	1936		NASA Technical Reports Server (NTRS) 19930081333: Friction of Compression-ignition Engines	english
NASA_NTRS_Archive_19930081334	1935-01-01	year	1935		NASA Technical Reports Server (NTRS) 19930081334: Tank Tests of a Model of a Flying-boat Hull Having a Longitudinally Concave Planing Bottom	english
NASA_NTRS_Archive_19930081335	1937-01-01	year	1937		NASA Technical Reports Server (NTRS) 19930081335: Full-scale Wind-tunnel and Flight Test of a Fairchild 22 Airplane Equipped with a Zap Flap and Zap Ailerons	english
NASA_NTRS_Archive_19930081336	1935-01-01	year	1935		NASA Technical Reports Server (NTRS) 19930081336: Comparative Tests of Pitot-static Tubes	english
NASA_NTRS_Archive_19930081337	1936-01-01	year	1936		NASA Technical Reports Server (NTRS) 19930081337: Full-scale Wind-tunnel and Flight Tests of a Fairchild 22 Airplane Equipped with a Fowler Flap	english
NASA_NTRS_Archive_19930081338	1936-01-01	year	1936		NASA Technical Reports Server (NTRS) 19930081338: Charts for calculating the performance of airplanes having constant-speed propellers	english
NASA_NTRS_Archive_19930081339	1937-01-01	year	1937		NASA Technical Reports Server (NTRS) 19930081339: Notes on the calculation of the minimum horizontal tail surface for airplanes equipped with wing flaps	english
NASA_NTRS_Archive_19930081340	1935-01-01	year	1935		NASA Technical Reports Server (NTRS) 19930081340: Development of the NACA slot-lip aileron	english
NASA_NTRS_Archive_19930081341	1933-01-01	year	1933		NASA Technical Reports Server (NTRS) 19930081341: A complete tank test of a model of a flying-boat hull-N.A.C.A. Model No.11	english
NASA_NTRS_Archive_19930081342	1935-01-01	year	1935		NASA Technical Reports Server (NTRS) 19930081342: Flight Tests of a Balanced Split Flap with Particular Reference to Rapid Operation	english
NASA_NTRS_Archive_19930081343	1937-01-01	year	1937		NASA Technical Reports Server (NTRS) 19930081343: Wind-tunnel tests of a Clark Y wing with 'Maxwell' leading-edge slots	english
NASA_NTRS_Archive_19930081344	1937-01-01	year	1937		NASA Technical Reports Server (NTRS) 19930081344: Charts expressing the time, velocity, and altitude relations for an airplane diving in a standard atmosphere	english
NASA_NTRS_Archive_19930081345	1936-01-01	year	1936		NASA Technical Reports Server (NTRS) 19930081345: A General Tank Test of a Model of the Hull of the British Singapore IIC Flying Boat	english
NASA_NTRS_Archive_19930081346	1935-01-01	year	1935		NASA Technical Reports Server (NTRS) 19930081346: Drag of Prestone and Oil Radiators on the YO-31A Airplane	english
NASA_NTRS_Archive_19930081347	1933-01-01	year	1933		NASA Technical Reports Server (NTRS) 19930081347: Some Characteristics of Sprays Obtained from Pintle-type Injection Nozzles	english
NASA_NTRS_Archive_19930081348	1936-01-01	year	1936		NASA Technical Reports Server (NTRS) 19930081348: Limitations of the Pilot in Applying Forces to Airplane Controls	english
NASA_NTRS_Archive_19930081349	1936-01-01	year	1936		NASA Technical Reports Server (NTRS) 19930081349: A study of autogiro rotor-blade oscillations in the plane of the rotor disk	english
NASA_NTRS_Archive_19930081350	1936-01-01	year	1936		NASA Technical Reports Server (NTRS) 19930081350: Tank tests of three models of flying-boat hulls of the pointed-step type with different angles of dead rise - NACA model 35 series	english
NASA_NTRS_Archive_19930081351	1937-01-01	year	1937		NASA Technical Reports Server (NTRS) 19930081351: Discharge characteristics of a double injection-valve single-pump injection system	english
NASA_NTRS_Archive_19930081352	1922-01-01	year	1922		NASA Technical Reports Server (NTRS) 19930081352: Propeller theory of Professor Joukowski and his pupils	english
NASA_NTRS_Archive_19930081353	1936-01-01	year	1936		NASA Technical Reports Server (NTRS) 19930081353: Wind-tunnel tests of wing flaps suitable for direct control of glide-path angle	english
NASA_NTRS_Archive_19930081354	1936-01-01	year	1936		NASA Technical Reports Server (NTRS) 19930081354: Analysis and Model Tests of Autogiro Jump Take-off	english
NASA_NTRS_Archive_19930081355	1922-01-01	year	1922		NASA Technical Reports Server (NTRS) 19930081355: Influence of elliptical distribution of lift on strength of airplane wings	english
NASA_NTRS_Archive_19930081356	1936-01-01	year	1936		NASA Technical Reports Server (NTRS) 19930081356: Notes on the technique of landing airplanes equipped with wing flaps	english
NASA_NTRS_Archive_19930081357	1933-01-01	year	1933		NASA Technical Reports Server (NTRS) 19930081357: Engine performance with a hydrogenated safety fuel	english
NASA_NTRS_Archive_19930081358	1922-01-01	year	1922		NASA Technical Reports Server (NTRS) 19930081358: Distribution of pressure on fuselage of airplane model: communication from Rijks-Studiedienst voor de Luchtvaart of Amsterdam	english
NASA_NTRS_Archive_19930081359	1936-01-01	year	1936		NASA Technical Reports Server (NTRS) 19930081359: Mixture Distribution in a Single-row Radial Engine	english
NASA_NTRS_Archive_19930081360	1936-01-01	year	1936		NASA Technical Reports Server (NTRS) 19930081360: Circular motion of bodies of revolution	english
NASA_NTRS_Archive_19930081361	1937-01-01	year	1937		NASA Technical Reports Server (NTRS) 19930081361: The Lateral Instability of Deep Rectangular Beams	english
NASA_NTRS_Archive_19930081364	1922-01-01	year	1922		NASA Technical Reports Server (NTRS) 19930081364: Applying the results of experiments on small models in the wind tunnel to the calculation of full-sized aircraft	english
NASA_NTRS_Archive_19930081365	1937-01-01	year	1937		NASA Technical Reports Server (NTRS) 19930081365: Heat transfer from cylinders having closely spaced fins	english
NASA_NTRS_Archive_19930081366	1937-01-01	year	1937		NASA Technical Reports Server (NTRS) 19930081366: A Preliminary Study of Flame Propagation in a Spark-ignition Engine	english
NASA_NTRS_Archive_19930081367	1933-01-01	year	1933		NASA Technical Reports Server (NTRS) 19930081367: The Drag of Streamline Wires	english
NASA_NTRS_Archive_19930081368	1936-01-01	year	1936		NASA Technical Reports Server (NTRS) 19930081368: Effect of Several Factors on the Cooling of a Radial Engine in Flight	english
NASA_NTRS_Archive_19930081369	1930-01-01	year	1930		NASA Technical Reports Server (NTRS) 19930081369: Simplified aerodynamic analysis of the cyclogiro rotating wing system	english
NASA_NTRS_Archive_19930081370	1936-01-01	year	1936		NASA Technical Reports Server (NTRS) 19930081370: Piloting technique for recovery from spins	english
NASA_NTRS_Archive_19930081371	1933-01-01	year	1933		NASA Technical Reports Server (NTRS) 19930081371: The Reduction in Drag of a Forward-sloping Windshield	english
NASA_NTRS_Archive_19930081372	1936-01-01	year	1936		NASA Technical Reports Server (NTRS) 19930081372: Further measurements of normal accelerations on racing airplanes	english
NASA_NTRS_Archive_19930081373	1937-01-01	year	1937		NASA Technical Reports Server (NTRS) 19930081373: The Effect of Curvature on the Transition from Laminar to Turbulent Boundary Layer	english
NASA_NTRS_Archive_19930081374	1936-01-01	year	1936		NASA Technical Reports Server (NTRS) 19930081374: Considerations of the take-off problem	english
NASA_NTRS_Archive_19930081375	1936-01-01	year	1936		NASA Technical Reports Server (NTRS) 19930081375: The Performance of a Depalma Roots-type Supercharger	english
NASA_NTRS_Archive_19930081376	1936-01-01	year	1936		NASA Technical Reports Server (NTRS) 19930081376: Mechanical Properties of Aluminum-alloy Rivets	english
NASA_NTRS_Archive_19930081377	1937-01-01	year	1937		NASA Technical Reports Server (NTRS) 19930081377: Full-scale Wind-tunnel and Flight Tests of a Fairchild 22 Airplane Equipped with External-airfoil Flaps	english
NASA_NTRS_Archive_19930081378	1937-01-01	year	1937		NASA Technical Reports Server (NTRS) 19930081378: Fuselage-drag tests in the variable-density wind tunnel: streamline bodies of revolution, fineness ratio of 5	english
NASA_NTRS_Archive_19930081379	1936-01-01	year	1936		NASA Technical Reports Server (NTRS) 19930081379: The Reduction of Aileron Operating Force by Differential Linkage	english
NASA_NTRS_Archive_19930081380	1937-01-01	year	1937		NASA Technical Reports Server (NTRS) 19930081380: Noise from Propellers with Symmetrical Sections at Zero Blade Angle	english
NASA_NTRS_Archive_19930081381	1933-01-01	year	1933		NASA Technical Reports Server (NTRS) 19930081381: The Effect of Spray Strips on a Model of the P3M-1 Flying Boat Hull	english
NASA_NTRS_Archive_19930081382	1936-01-01	year	1936		NASA Technical Reports Server (NTRS) 19930081382: The forces and moments on airplane engine mounts	english
NASA_NTRS_Archive_19930081383	1937-01-01	year	1937		NASA Technical Reports Server (NTRS) 19930081383: Motion of the two-control airplane in rectilinear flight after initial disturbances with introduction of controls following an exponential law	english
NASA_NTRS_Archive_19930081384	1937-01-01	year	1937		NASA Technical Reports Server (NTRS) 19930081384: Strain measurements on small duralumin box beams in bending	english
NASA_NTRS_Archive_19930081385	1938-01-01	year	1938		NASA Technical Reports Server (NTRS) 19930081385: Interference of Wing and Fuselage from Tests of 17 Combinations in the NACA Variable-density Tunnel Combination with Special Junctures	english
NASA_NTRS_Archive_19930081386	1938-01-01	year	1938		NASA Technical Reports Server (NTRS) 19930081386: Interference of Wing and Fuselage from Tests of Eight Combinations in the NACA Variable-density Tunnelcombinations with Tapered Fillets and Straight-side Junctures	english
NASA_NTRS_Archive_19930081387	1938-01-01	year	1938		NASA Technical Reports Server (NTRS) 19930081387: A study of flying-boat take-off	english
NASA_NTRS_Archive_19930081388	1937-01-01	year	1937		NASA Technical Reports Server (NTRS) 19930081388: The Measurement of Air Speed in Airplanes	english
NASA_NTRS_Archive_19930081389	1937-01-01	year	1937		NASA Technical Reports Server (NTRS) 19930081389: Empirical corrections to the span load distribution at the tip	english
NASA_NTRS_Archive_19930081390	1933-01-01	year	1933		NASA Technical Reports Server (NTRS) 19930081390: Charts for determining the pitching moment of tapered wings with sweepback and twist	english
NASA_NTRS_Archive_19930081391	1937-01-01	year	1937		NASA Technical Reports Server (NTRS) 19930081391: Stability of structural members under axial load	english
NASA_NTRS_Archive_19930081392	1937-01-01	year	1937		NASA Technical Reports Server (NTRS) 19930081392: Theoretical span loading and moments of tapered wings produced by aileron deflection	english
NASA_NTRS_Archive_19930081393	1937-01-01	year	1937		NASA Technical Reports Server (NTRS) 19930081393: Hydrodynamic Tests in the N.A.C.A. Tank of a Model of the Hull of the Short Calcutta Flying Boat	english
NASA_NTRS_Archive_19930081394	1937-01-01	year	1937		NASA Technical Reports Server (NTRS) 19930081394: Increasing the Strength of Aluminum-alloy Columns by Prestressing	english
NASA_NTRS_Archive_19930081395	1938-01-01	year	1938		NASA Technical Reports Server (NTRS) 19930081395: Flight and Wind-tunnel Tests of an XBM-1 Dive Bomber	english
NASA_NTRS_Archive_19930081396	1934-01-01	year	1934		NASA Technical Reports Server (NTRS) 19930081396: A method of calculating the performance of controllable propellers with sample computations	english
NASA_NTRS_Archive_19930081397	1934-01-01	year	1934		NASA Technical Reports Server (NTRS) 19930081397: A Comparison of Several Methods of Measuring Ignition Lag in a Compression-ignition Engine	english
NASA_NTRS_Archive_19930081398	1937-01-01	year	1937		NASA Technical Reports Server (NTRS) 19930081398: The Behavior of Thin-will Monocoque Cylinders Under Torsional Vibration	english
NASA_NTRS_Archive_19930081399	1937-01-01	year	1937		NASA Technical Reports Server (NTRS) 19930081399: Free-spinning Wind-tunnel Tests of a Low-wing Monoplane with Systemic Changes in Wings and Tails	english
NASA_NTRS_Archive_19930081400	1937-01-01	year	1937		NASA Technical Reports Server (NTRS) 19930081400: Considerations affecting the additional weight required in mass balance of ailerons	english
NASA_NTRS_Archive_19930081401	1937-01-01	year	1937		NASA Technical Reports Server (NTRS) 19930081401: Full Scale Span Load Distribution on a Tapered Wing with Split Flaps of Various Spans	english
NASA_NTRS_Archive_19930081402	1937-01-01	year	1937		NASA Technical Reports Server (NTRS) 19930081402: Effect of air-entry angle on performance of a 2-stroke-cycle compression-ignition engine	english
NASA_NTRS_Archive_19930081403	1937-01-01	year	1937		NASA Technical Reports Server (NTRS) 19930081403: The Sonic Altimeter for Aircraft	english
NASA_NTRS_Archive_19930081404	1938-01-01	year	1938		NASA Technical Reports Server (NTRS) 19930081404: Some aspects of the stalling of modern low-lying monoplanes	english
NASA_NTRS_Archive_19930081405	1937-01-01	year	1937		NASA Technical Reports Server (NTRS) 19930081405: Compression-ignition Engine Performance at Altitudes and at Various Air Pressures and Temperatures	english
NASA_NTRS_Archive_19930081406	1938-01-01	year	1938		NASA Technical Reports Server (NTRS) 19930081406: Wind-tunnel Tests of a 2-engine Airplane Model as a Preliminary Study of Flight Conditions Arising on the Failure of the Engine	english
NASA_NTRS_Archive_19930081407	1938-01-01	year	1938		NASA Technical Reports Server (NTRS) 19930081407: Engine Performance and Knock Rating of Fuels for High-output Aircraft Engines	english
NASA_NTRS_Archive_19930081408	1937-01-01	year	1937		NASA Technical Reports Server (NTRS) 19930081408: Energy Loss, Velocity Distribution, and Temperature Distribution for a Baffled Cylinder Model	english
NASA_NTRS_Archive_19930081409	1937-01-01	year	1937		NASA Technical Reports Server (NTRS) 19930081409: A study of the factors affecting the range of airplanes	english
NASA_NTRS_Archive_19930081410	1937-01-01	year	1937		NASA Technical Reports Server (NTRS) 19930081410: Pressure Drop Across Finned Cylinders Enclosed in a Jacket	english
NASA_NTRS_Archive_19930081411	1937-01-01	year	1937		NASA Technical Reports Server (NTRS) 19930081411: Pressure drop in tubing in aircraft instrument installations	english
NASA_NTRS_Archive_19930081412	1934-01-01	year	1934		NASA Technical Reports Server (NTRS) 19930081412: The effect of trim angle on the take-off performance	english
NASA_NTRS_Archive_19930081413	1937-01-01	year	1937		NASA Technical Reports Server (NTRS) 19930081413: Spinning Characteristics of Wings III : a Rectangular and Tapered Clark Y Monoplane Wing with Rounded Tips	english
NASA_NTRS_Archive_19930081414	1938-01-01	year	1938		NASA Technical Reports Server (NTRS) 19930081414: The Increase in Frictional Resistance Caused by Various Types of Rivet Heads as Determined by Tests of Planing Surfaces	english
NASA_NTRS_Archive_19930081415	1934-01-01	year	1934		NASA Technical Reports Server (NTRS) 19930081415: Tests of three tapered airfoils based on the N.A.C.A. 2200, the N.A.C.A.-M6, and the Clark Y sections	english
NASA_NTRS_Archive_19930081416	1937-01-01	year	1937		NASA Technical Reports Server (NTRS) 19930081416: Tank tests of two models of flying-boat hulls to determine the effect of ventilating the step	english
NASA_NTRS_Archive_19930081417	1937-01-01	year	1937		NASA Technical Reports Server (NTRS) 19930081417: Flight Tests of an Airplane Showing Dependence of the Maximum Lift Coefficient on the Test Conditions	english
NASA_NTRS_Archive_19930081418	1938-01-01	year	1938		NASA Technical Reports Server (NTRS) 19930081418: The effect of air-passage length on the optimum fin spacing for maximum cooling	english
NASA_NTRS_Archive_19930081419	1938-01-01	year	1938		NASA Technical Reports Server (NTRS) 19930081419: Wind-tunnel tests of a Clark Y wing having split flaps with gaps	english
NASA_NTRS_Archive_19930081420	1937-01-01	year	1937		NASA Technical Reports Server (NTRS) 19930081420: Maximum Forces Applied by Pilots to Wheel-type Controls	english
NASA_NTRS_Archive_19930081421	1938-01-01	year	1938		NASA Technical Reports Server (NTRS) 19930081421: Effect of spark-timing regularity on the knock of engine performance	english
NASA_NTRS_Archive_19930081422	1937-01-01	year	1937		NASA Technical Reports Server (NTRS) 19930081422: Performance Characteristics of Venturi Tubes Used in Aircraft for Operating Air-driven Gyroscopic Instruments	english
NASA_NTRS_Archive_19930081423	1937-01-01	year	1937		NASA Technical Reports Server (NTRS) 19930081423: Bending Tests of Circular Cylinders of Corrugated Aluminum-alloy Sheet	english
NASA_NTRS_Archive_19930081425	1938-01-01	year	1938		NASA Technical Reports Server (NTRS) 19930081425: Tables of stiffness and carry-over factor for structural members under axial load	english
NASA_NTRS_Archive_19930081427	1937-01-01	year	1937		NASA Technical Reports Server (NTRS) 19930081427: Spinning Characteristics of Wings IV : Changes in Stagger of Rectangular Clark Y Cellules	english
NASA_NTRS_Archive_19930081428	1938-01-01	year	1938		NASA Technical Reports Server (NTRS) 19930081428: Hydrodynamic and Aerodynamic Tests of Four Models of Outboard Floats : (N.A.C.A. Models 51-A, 51-B, 51-C, and 51-D)	english
NASA_NTRS_Archive_19930081429	1938-01-01	year	1938		NASA Technical Reports Server (NTRS) 19930081429: A flight investigation of the reduction of aileron operating force by means of fixed tabs and differential linkage, with notes on linkage design	english
NASA_NTRS_Archive_19930081430	1934-01-01	year	1934		NASA Technical Reports Server (NTRS) 19930081430: A complete tank test of a flying-boat hull with a pointed step -N.A.C.A. Model No. 22	english
NASA_NTRS_Archive_19930081432	1938-01-01	year	1938		NASA Technical Reports Server (NTRS) 19930081432: Fuel Consumption of a Carburetor Engine at Various Speeds and Torques	english
NASA_NTRS_Archive_19930081433	1937-01-01	year	1937		NASA Technical Reports Server (NTRS) 19930081433: Static Thrust Analysis of the Lifting Airscrew	english
NASA_NTRS_Archive_19930081435	1938-01-01	year	1938		NASA Technical Reports Server (NTRS) 19930081435: Principles involved in the cooling of a finned and baffled cylinder	english
NASA_NTRS_Archive_19930081437	1938-01-01	year	1938		NASA Technical Reports Server (NTRS) 19930081437: Hydrodynamic and Aerodynamic Tests of Models of Floats for Single-float Seaplanes NACA Models 41-D, 41-E, 61-A, 73, and 73-A	english
NASA_NTRS_Archive_19930081438	1938-01-01	year	1938		NASA Technical Reports Server (NTRS) 19930081438: Noise from propellers with symmetrical sections at zero blade angle, II	english
NASA_NTRS_Archive_19930081439	1937-01-01	year	1937		NASA Technical Reports Server (NTRS) 19930081439: Pressure distribution over a Clark Y-H airfoil section with a split flap	english
NASA_NTRS_Archive_19930081440	1938-01-01	year	1938		NASA Technical Reports Server (NTRS) 19930081440: Tank Tests to Show the Effect Rivet Heads on the Water Performance of a Seaplane-Float	english
NASA_NTRS_Archive_19930081441	1937-01-01	year	1937		NASA Technical Reports Server (NTRS) 19930081441: Plastics as structural materials for aircraft	english
NASA_NTRS_Archive_19930081442	1934-01-01	year	1934		NASA Technical Reports Server (NTRS) 19930081442: Aerodynamic characteristics of anemometer cups	english
NASA_NTRS_Archive_19930081444	1938-01-01	year	1938		NASA Technical Reports Server (NTRS) 19930081444: Generalized analysis of experimental observations in problems of elastic stability	english
NASA_NTRS_Archive_19930081445	1937-01-01	year	1937		NASA Technical Reports Server (NTRS) 19930081445: A Sound Pressure-level Meter Without Amplification	english
NASA_NTRS_Archive_19930081446	1938-01-01	year	1938		NASA Technical Reports Server (NTRS) 19930081446: The Aerodynamic Drag of Five Models of Side Floats N.A.C.A. Models 51-E, 51-F, 51-G, 51-H, 51-J	english
NASA_NTRS_Archive_19930081447	1938-01-01	year	1938		NASA Technical Reports Server (NTRS) 19930081447: A general tank test of a model of the hull of the Pem-1 flying boat including a special working chart for the determination of hull performance	english
NASA_NTRS_Archive_19930081450	1938-01-01	year	1938		NASA Technical Reports Server (NTRS) 19930081450: Wind-tunnel of three lateral-control devices in combination with a full-span slotted flap on an NACA 23012 airfoil	english
NASA_NTRS_Archive_19930081451	1937-01-01	year	1937		NASA Technical Reports Server (NTRS) 19930081451: Free Spinning Wind-tunnel Tests of a Low-wing Monoplane with Systematic Wings and Tails	english
NASA_NTRS_Archive_19930081452	1920-01-01	year	1920		NASA Technical Reports Server (NTRS) 19930081452: Drag or negative traction of geared-down supporting propellers in the downward vertical glide of a helicopter	english
NASA_NTRS_Archive_19930081454	1938-01-01	year	1938		NASA Technical Reports Server (NTRS) 19930081454: Wind-tunnel Tests of Carburetor-intake Rams	english
NASA_NTRS_Archive_19930081456	1938-01-01	year	1938		NASA Technical Reports Server (NTRS) 19930081456: Fatigue Testing of Wing Beam by the Resonance Method	english
NASA_NTRS_Archive_19930081457	1938-01-01	year	1938		NASA Technical Reports Server (NTRS) 19930081457: Wind-tunnel investigation of rectangular and tapered NACA 23012 wings with plain ailerons and full-span split flaps	english
NASA_NTRS_Archive_19930081459	1938-01-01	year	1938		NASA Technical Reports Server (NTRS) 19930081459: Improvement of aileron effectiveness by the prevention of air leakage through the hinge gap as determined in flight	english
NASA_NTRS_Archive_19930081460	1938-01-01	year	1938		NASA Technical Reports Server (NTRS) 19930081460: Gyroscopic Instruments for Instrument Flying	english
NASA_NTRS_Archive_19930081462	1938-01-01	year	1938		NASA Technical Reports Server (NTRS) 19930081462: The effects of partial-span plain flaps on the aerodynamic characteristics of a rectangular and a tapered Clark Y wing	english
NASA_NTRS_Archive_19930081463	1938-01-01	year	1938		NASA Technical Reports Server (NTRS) 19930081463: Spinning Characteristics of Wings V : N.A.C.A. 0009, 23018, and 6718 Monoplane Wings	english
NASA_NTRS_Archive_19930081465	1938-01-01	year	1938		NASA Technical Reports Server (NTRS) 19930081465: Free-spinning Wind-tunnel Tests of a Low-wing Monoplane with Systematic Changes in Wings and Tails III : Mass Distributed Along the Wings	english
NASA_NTRS_Archive_19930081466	1938-01-01	year	1938		NASA Technical Reports Server (NTRS) 19930081466: Tests of N-85, N-86 and N-87 airfoil sections in the 11-inch high speed wind tunnel	english
NASA_NTRS_Archive_19930081467	1938-01-01	year	1938		NASA Technical Reports Server (NTRS) 19930081467: The N.A.C.A. Optical Engine Indicator	english
NASA_NTRS_Archive_19930081469	1938-01-01	year	1938		NASA Technical Reports Server (NTRS) 19930081469: Longitudinal stability in relation to the use of an automatic pilot	english
NASA_NTRS_Archive_19930081471	1934-01-01	year	1934		NASA Technical Reports Server (NTRS) 19930081471: Tank Tests of Auxiliary Vanes as a Substitute for Planing Area	english
NASA_NTRS_Archive_19930081472	1938-01-01	year	1938		NASA Technical Reports Server (NTRS) 19930081472: Operational treatment of the nonuniform-lift theory in airplane dynamics	english
NASA_NTRS_Archive_19930081474	1938-01-01	year	1938		NASA Technical Reports Server (NTRS) 19930081474: Tank Tests of a Model of One Hull of the Savoia S-55-X Flying Boat N.A.C.A. Model 46	english
NASA_NTRS_Archive_19930081475	1938-01-01	year	1938		NASA Technical Reports Server (NTRS) 19930081475: Hydrodynamic and Aerodynamic Tests of Models of Flying-boat Hulls Designed Flow Aerodynamic Drag - NACA Models 74, 74-A, and 75	english
NASA_NTRS_Archive_19930081476	1938-01-01	year	1938		NASA Technical Reports Server (NTRS) 19930081476: The drag of inflatable rubber de-icers	english
NASA_NTRS_Archive_19930081478	1938-01-01	year	1938		NASA Technical Reports Server (NTRS) 19930081478: NACA Stall-Warning Indicator	english
NASA_NTRS_Archive_19930081479	1934-01-01	year	1934		NASA Technical Reports Server (NTRS) 19930081479: Tank tests of a family of flying-boat hulls	english
NASA_NTRS_Archive_19930081480	1938-01-01	year	1938		NASA Technical Reports Server (NTRS) 19930081480: The estimation of the rate of change of yawing moment with sideslip	english
NASA_NTRS_Archive_19930081481	1938-01-01	year	1938		NASA Technical Reports Server (NTRS) 19930081481: A method of rapidly estimating the position of the laminar separation point	english
NASA_NTRS_Archive_19930081486	1938-01-01	year	1938		NASA Technical Reports Server (NTRS) 19930081486: Flow Observations with Tufts and Lampblack of the Stalling of Four Typical Airfoil Sections in the NACA Variable-density Tunnel	english
NASA_NTRS_Archive_19930081487	1938-01-01	year	1938		NASA Technical Reports Server (NTRS) 19930081487: Preliminary Fatigue Studies on Aluminum Alloy Aircraft Engines	english
NASA_NTRS_Archive_19930081488	1938-01-01	year	1938		NASA Technical Reports Server (NTRS) 19930081488: The Pressure Available for Ground Cooling in Front of the Cowling of Air-cooled Airplane Engines	english
NASA_NTRS_Archive_19930081490	1938-01-01	year	1938		NASA Technical Reports Server (NTRS) 19930081490: Scavenging a Piston-ported Two-stroke Cylinder	english
NASA_NTRS_Archive_19930081493	1938-01-01	year	1938		NASA Technical Reports Server (NTRS) 19930081493: Tank Tests of Model 36 Flying Boat Hull	english
NASA_NTRS_Archive_19930081495	1934-01-01	year	1934		NASA Technical Reports Server (NTRS) 19930081495: The aerodynamic analysis of the gyroplane rotating-wing system	english
NASA_NTRS_Archive_19930081499	1938-01-01	year	1938		NASA Technical Reports Server (NTRS) 19930081499: Discharge characteristics of a simulated unit injection system	english
NASA_NTRS_Archive_19930081502	1938-01-01	year	1938		NASA Technical Reports Server (NTRS) 19930081502: Tests of a Contra-propeller for Aircraft	english
NASA_NTRS_Archive_19930081504	1938-01-01	year	1938		NASA Technical Reports Server (NTRS) 19930081504: A preliminary investigation of boundary-layer transition along a flat plate with adverse pressure gradient	english
NASA_NTRS_Archive_19930081507	1938-01-01	year	1938		NASA Technical Reports Server (NTRS) 19930081507: Interference of Wing and Fuselage from Tests of the 18 Combinations in the N.A.C.A. Variable-density Tunnel - Combination with Split Flaps	english
NASA_NTRS_Archive_19930081509	1934-01-01	year	1934		NASA Technical Reports Server (NTRS) 19930081509: Aerodynamic rolling and yawing moments produced by floating wing-tip ailerons, as measured by spinning balance	english
NASA_NTRS_Archive_19930081511	1934-01-01	year	1934		NASA Technical Reports Server (NTRS) 19930081511: Hazards to aircraft due to electrical phenomena	english
NASA_NTRS_Archive_19930081519	1934-01-01	year	1934		NASA Technical Reports Server (NTRS) 19930081519: Effect of the Surface Condition of a Wing on the Aerodynamic Characteristics of an Airplane	english
NASA_NTRS_Archive_19930081522	1934-01-01	year	1934		NASA Technical Reports Server (NTRS) 19930081522: A Preliminary Motion-picture Study of Combustion in a Compression-ignition Engine	english
NASA_NTRS_Archive_19930081529	1934-01-01	year	1934		NASA Technical Reports Server (NTRS) 19930081529: Full-scale Drag Tests of Landing Lamps	english
NASA_NTRS_Archive_19930081531	1934-01-01	year	1934		NASA Technical Reports Server (NTRS) 19930081531: Wind-tunnel measurements of air loads on split flaps	english
NASA_NTRS_Archive_19930081536	1934-01-01	year	1934		NASA Technical Reports Server (NTRS) 19930081536: Effect of retractable-spoiler location on rolling- and yawing-moment coefficients	english
NASA_NTRS_Archive_19930082537	1922-01-01	year	1922		NASA Technical Reports Server (NTRS) 19930082537: Commercial airplanes and seaplanes	english
NASA_NTRS_Archive_19930082538	1922-01-01	year	1922		NASA Technical Reports Server (NTRS) 19930082538: Testing airplanes in flight: determining position of resultant of action of air and longitudinal stability of an airplane at different angles of attack	english
NASA_NTRS_Archive_19930082539	1922-01-01	year	1922		NASA Technical Reports Server (NTRS) 19930082539: Irresponsibility clause in air traffic contracts	english
NASA_NTRS_Archive_19930082549	1922-01-01	year	1922		NASA Technical Reports Server (NTRS) 19930082549: Metal Construction	english
NASA_NTRS_Archive_19930082558	1922-01-01	year	1922		NASA Technical Reports Server (NTRS) 19930082558: Air traffic	english
NASA_NTRS_Archive_19930082567	1922-01-01	year	1922		NASA Technical Reports Server (NTRS) 19930082567: Proposed air traffic law	english
NASA_NTRS_Archive_19930082572	1922-01-01	year	1922		NASA Technical Reports Server (NTRS) 19930082572: Regulation of air traffic	english
NASA_NTRS_Archive_19930082579	1922-01-01	year	1922		NASA Technical Reports Server (NTRS) 19930082579: Stability of airplanes	english
NASA_NTRS_Archive_19930082581	1922-01-01	year	1922		NASA Technical Reports Server (NTRS) 19930082581: Aviation and insurance	english
NASA_NTRS_Archive_19930082647	1922-01-01	year	1922		NASA Technical Reports Server (NTRS) 19930082647:	english
NASA_NTRS_Archive_19930082648	1922-01-01	year	1922		NASA Technical Reports Server (NTRS) 19930082648: Technical problems of commercial flying	english
NASA_NTRS_Archive_19930082649	1922-01-01	year	1922		NASA Technical Reports Server (NTRS) 19930082649: The choice of air routes	english
NASA_NTRS_Archive_19930082650	1922-01-01	year	1922		NASA Technical Reports Server (NTRS) 19930082650: Night flying	english
NASA_NTRS_Archive_19930082651	1922-01-01	year	1922		NASA Technical Reports Server (NTRS) 19930082651:	english
NASA_NTRS_Archive_19930082652	1922-01-01	year	1922		NASA Technical Reports Server (NTRS) 19930082652: Subsidies for air transport	english
NASA_NTRS_Archive_19930082653	1922-01-01	year	1922		NASA Technical Reports Server (NTRS) 19930082653: Lecture on the Rhon soaring flight competition, 1921	english
NASA_NTRS_Archive_19930082654	1922-01-01	year	1922		NASA Technical Reports Server (NTRS) 19930082654: Fakir fuel pump	english
NASA_NTRS_Archive_19930082655	1922-01-01	year	1922		NASA Technical Reports Server (NTRS) 19930082655: Engine Pistons of Light Metal	english
NASA_NTRS_Archive_19930082656	1922-01-01	year	1922		NASA Technical Reports Server (NTRS) 19930082656: Effect of structure in middle part of leading edge of a thick wing : communication from Rijks-Studiedienst voor de Luchtvaart of Amsterdam	english
NASA_NTRS_Archive_19930082657	1922-01-01	year	1922		NASA Technical Reports Server (NTRS) 19930082657: Problem of the slotted wing : a communication from the Aerodynamic Institute of the Aachen Technical High School	english
NASA_NTRS_Archive_19930082658	1922-01-01	year	1922		NASA Technical Reports Server (NTRS) 19930082658: The R-38 Catastrophe and the Mechanics of Rigid Airship Construction	english
NASA_NTRS_Archive_19930082659	1922-01-01	year	1922		NASA Technical Reports Server (NTRS) 19930082659: Comfort in flight	english
NASA_NTRS_Archive_19930082660	1922-01-01	year	1922		NASA Technical Reports Server (NTRS) 19930082660: The prospects of the helicopter	english
NASA_NTRS_Archive_19930082995	1922-01-01	year	1922		NASA Technical Reports Server (NTRS) 19930082995:	english
NASA_NTRS_Archive_19930083000	1922-01-01	year	1922		NASA Technical Reports Server (NTRS) 19930083000: Maritime Aviation	english
NASA_NTRS_Archive_19930083014	1922-01-01	year	1922		NASA Technical Reports Server (NTRS) 19930083014: The stresses in columns under combined axial and side loads	english
NASA_NTRS_Archive_19930083017	1922-01-01	year	1922		NASA Technical Reports Server (NTRS) 19930083017: Aerodynamics and ballistics	english
NASA_NTRS_Archive_19930083025	1922-01-01	year	1922		NASA Technical Reports Server (NTRS) 19930083025: Politics of aviation fields	english
NASA_NTRS_Archive_19930083027	1922-01-01	year	1922		NASA Technical Reports Server (NTRS) 19930083027: Aviation in the Belgian Congo	english
NASA_NTRS_Archive_19930083029	1922-01-01	year	1922		NASA Technical Reports Server (NTRS) 19930083029: European air travel in 1922	english
NASA_NTRS_Archive_19930083030	1922-01-01	year	1922		NASA Technical Reports Server (NTRS) 19930083030: Airplane stability calculations and their verification by flight tests	english
NASA_NTRS_Archive_19930083031	1922-01-01	year	1922		NASA Technical Reports Server (NTRS) 19930083031:	english
NASA_NTRS_Archive_19930083032	1922-01-01	year	1922		NASA Technical Reports Server (NTRS) 19930083032: Aerial navigation by dead reckoning	english
NASA_NTRS_Archive_19930083033	1922-01-01	year	1922		NASA Technical Reports Server (NTRS) 19930083033: General problem of the airplane	english
NASA_NTRS_Archive_19930083034	1922-01-01	year	1922		NASA Technical Reports Server (NTRS) 19930083034: Beacon Lights for Air Traffic	english
NASA_NTRS_Archive_19930083035	1922-01-01	year	1922		NASA Technical Reports Server (NTRS) 19930083035: Propeller tests on airplanes	english
NASA_NTRS_Archive_19930083037	1922-01-01	year	1922		NASA Technical Reports Server (NTRS) 19930083037: The future of the airship	english
NASA_NTRS_Archive_19930083038	1922-01-01	year	1922		NASA Technical Reports Server (NTRS) 19930083038: This summer's gliding meets	english
NASA_NTRS_Archive_19930083042	1922-01-01	year	1922		NASA Technical Reports Server (NTRS) 19930083042: Illumination of airways and landing fields	english
NASA_NTRS_Archive_19930083046	1922-01-01	year	1922		NASA Technical Reports Server (NTRS) 19930083046: Description of the Klemperer wing strain meter (accelerometer)	english
NASA_NTRS_Archive_19930083064	1922-01-01	year	1922		NASA Technical Reports Server (NTRS) 19930083064: Commercial aircraft in war	english
NASA_NTRS_Archive_19930083066	1922-01-01	year	1922		NASA Technical Reports Server (NTRS) 19930083066: Turn indicator	english
NASA_NTRS_Archive_19930083070	1922-01-01	year	1922		NASA Technical Reports Server (NTRS) 19930083070: Test of specimen of wood of longerons of the S.E.5 airplane after seven years' service	english
NASA_NTRS_Archive_19930083071	1922-01-01	year	1922		NASA Technical Reports Server (NTRS) 19930083071:	english
NASA_NTRS_Archive_19930083092	1922-01-01	year	1922		NASA Technical Reports Server (NTRS) 19930083092: Aerodynamic laboratory at Cuatro Vientos	english
NASA_NTRS_Archive_19930083139	1922-01-01	year	1922		NASA Technical Reports Server (NTRS) 19930083139: Fatigue resistance of duralumin	english
NASA_NTRS_Archive_19930083141	1922-01-01	year	1922		NASA Technical Reports Server (NTRS) 19930083141: Problem of glider models	english
NASA_NTRS_Archive_19930083143	1922-01-01	year	1922		NASA Technical Reports Server (NTRS) 19930083143: Giant airplanes	english
NASA_NTRS_Archive_19930083144	1922-01-01	year	1922		NASA Technical Reports Server (NTRS) 19930083144: International aspects of air travel	english
NASA_NTRS_Archive_19930083145	1922-01-01	year	1922		NASA Technical Reports Server (NTRS) 19930083145: Aerodynamic computation of gliders	english
NASA_NTRS_Archive_19930083146	1922-01-01	year	1922		NASA Technical Reports Server (NTRS) 19930083146: Miniature airplanes	english
NASA_NTRS_Archive_19930083147	1922-01-01	year	1922		NASA Technical Reports Server (NTRS) 19930083147: The disposal of military aircraft	english
NASA_NTRS_Archive_19930083148	1922-01-01	year	1922		NASA Technical Reports Server (NTRS) 19930083148: What retards air transport?	english
NASA_NTRS_Archive_19930083150	1922-01-01	year	1922		NASA Technical Reports Server (NTRS) 19930083150: Deflection of Propeller Blades While Running	english
NASA_NTRS_Archive_19930083152	1922-01-01	year	1922		NASA Technical Reports Server (NTRS) 19930083152: Effect of periodic changes of angle of attack on behavior of airfoils	english
NASA_NTRS_Archive_19930083156	1922-01-01	year	1922		NASA Technical Reports Server (NTRS) 19930083156: Computative examination of bending strength of girders originally curved and subjected to longitudinal compression	english
NASA_NTRS_Archive_19930083160	1922-01-01	year	1922		NASA Technical Reports Server (NTRS) 19930083160: The "Universal" Adjustable and Reversible Propeller Built by Paragon Engineers, Inc., Baltimore, Md	english
NASA_NTRS_Archive_19930083162	1922-01-01	year	1922		NASA Technical Reports Server (NTRS) 19930083162: Commercial aviation in France	english
NASA_NTRS_Archive_19930083163	1922-01-01	year	1922		NASA Technical Reports Server (NTRS) 19930083163:	english
NASA_NTRS_Archive_19930083165	1922-01-01	year	1922		NASA Technical Reports Server (NTRS) 19930083165: Type of engine to employ	english
NASA_NTRS_Archive_19930083167	1922-01-01	year	1922		NASA Technical Reports Server (NTRS) 19930083167: The usefulness of stunting	english
NASA_NTRS_Archive_19930083360	1922-01-01	year	1922		NASA Technical Reports Server (NTRS) 19930083360: Comparison of nonrigid and semirigid airships	english
NASA_NTRS_Archive_19930083366	1922-01-01	year	1922		NASA Technical Reports Server (NTRS) 19930083366: Location of Center of Pressure of Airplane Wings	english
NASA_NTRS_Archive_19930083370	1922-01-01	year	1922		NASA Technical Reports Server (NTRS) 19930083370: Lessons of the glider meets	english
NASA_NTRS_Archive_19930083372	1922-01-01	year	1922		NASA Technical Reports Server (NTRS) 19930083372: Definition of terms used in connection with commercial aircraft engines	english
NASA_NTRS_Archive_19930083375	1922-01-01	year	1922		NASA Technical Reports Server (NTRS) 19930083375: Air Reactions to Objects Moving at Rates Above the Velocity of Sound with Application to the Air Propeller	english
NASA_NTRS_Archive_19930083378	1922-01-01	year	1922		NASA Technical Reports Server (NTRS) 19930083378:	english
NASA_NTRS_Archive_19930083380	1922-01-01	year	1922		NASA Technical Reports Server (NTRS) 19930083380: Effect of temperature and pressure on watches and chronometers	english
NASA_NTRS_Archive_19930083383	1922-01-01	year	1922		NASA Technical Reports Server (NTRS) 19930083383: Causes of failure of airship sheds	english
NASA_NTRS_Archive_19930083385	1922-01-01	year	1922		NASA Technical Reports Server (NTRS) 19930083385: Balloon fabrics made of Goldbeater's skins	english
NASA_NTRS_Archive_19930083388	1922-01-01	year	1922		NASA Technical Reports Server (NTRS) 19930083388: Commercial airplanes and seaplanes : thick wings or thin wings - all metal or mixed construction	english
NASA_NTRS_Archive_19930083389	1922-01-01	year	1922		NASA Technical Reports Server (NTRS) 19930083389: Depreciation of aircraft	english
NASA_NTRS_Archive_19930083390	1922-01-01	year	1922		NASA Technical Reports Server (NTRS) 19930083390: Influence of design on cost of operating airplanes	english
NASA_NTRS_Archive_19930083392	1923-01-01	year	1923		NASA Technical Reports Server (NTRS) 19930083392: Airplane speeds of the future	english
NASA_NTRS_Archive_19930083393	1923-01-01	year	1923		NASA Technical Reports Server (NTRS) 19930083393: New lateral stabilizing device for airplanes	english
NASA_NTRS_Archive_19930083394	1923-01-01	year	1923		NASA Technical Reports Server (NTRS) 19930083394: Marcel Besson wing sections	english
NASA_NTRS_Archive_19930083395	1923-01-01	year	1923		NASA Technical Reports Server (NTRS) 19930083395: Soaring flight and the Rhon contests	english
NASA_NTRS_Archive_19930083396	1923-01-01	year	1923		NASA Technical Reports Server (NTRS) 19930083396: Possible improvements in gasoline engines	english
NASA_NTRS_Archive_19930083399	1923-01-01	year	1923		NASA Technical Reports Server (NTRS) 19930083399: Fixed air-cooled engines	english
NASA_NTRS_Archive_19930083401	1923-01-01	year	1923		NASA Technical Reports Server (NTRS) 19930083401: Technical Section of Aeronautics	english
NASA_NTRS_Archive_19930083402	1923-01-01	year	1923		NASA Technical Reports Server (NTRS) 19930083402: The laboratories of the Technical Section of Aeronautics (Service Technique de L'Aeronautique or S.T.Ae.)	english
NASA_NTRS_Archive_19930083403	1923-01-01	year	1923		NASA Technical Reports Server (NTRS) 19930083403: Graetzin special carburetor	english
NASA_NTRS_Archive_19930083875	1923-01-01	year	1923		NASA Technical Reports Server (NTRS) 19930083875: Longitudinal balancing of airplanes	english
NASA_NTRS_Archive_19930083879	1923-01-01	year	1923		NASA Technical Reports Server (NTRS) 19930083879: "AM" flexible metal joint	english
NASA_NTRS_Archive_19930083882	1923-01-01	year	1923		NASA Technical Reports Server (NTRS) 19930083882: "AM" gasoline cock.	english
NASA_NTRS_Archive_19930083907	1923-01-01	year	1923		NASA Technical Reports Server (NTRS) 19930083907: Atmospheric waves and their utilization in soaring flight	english
NASA_NTRS_Archive_19930083919	1923-01-01	year	1923		NASA Technical Reports Server (NTRS) 19930083919: New Albatross commercial airplane "L 58"	english
NASA_NTRS_Archive_19930083929	1923-01-01	year	1923		NASA Technical Reports Server (NTRS) 19930083929: Safety factors in aviation	english
NASA_NTRS_Archive_19930083936	1923-01-01	year	1923		NASA Technical Reports Server (NTRS) 19930083936: The New Interpretation of the Laws of Air Resistance	english
NASA_NTRS_Archive_19930084027	1923-01-01	year	1923		NASA Technical Reports Server (NTRS) 19930084027: My experience with helicopters	english
NASA_NTRS_Archive_19930084028	1923-01-01	year	1923		NASA Technical Reports Server (NTRS) 19930084028: Aerial photography : obtaining a true perspective	english
NASA_NTRS_Archive_19930084029	1923-01-01	year	1923		NASA Technical Reports Server (NTRS) 19930084029: Wind-driven propellers (or "windmills")	english
NASA_NTRS_Archive_19930084030	1923-01-01	year	1923		NASA Technical Reports Server (NTRS) 19930084030: Wind Tunnel of Zeppelin Airship Company	english
NASA_NTRS_Archive_19930084031	1923-01-01	year	1923		NASA Technical Reports Server (NTRS) 19930084031: Speed limits of aircraft	english
NASA_NTRS_Archive_19930084032	1923-01-01	year	1923		NASA Technical Reports Server (NTRS) 19930084032: Hydrodynamic tests for determining the take-off characteristics of seaplanes	english
NASA_NTRS_Archive_19930084033	1923-01-01	year	1923		NASA Technical Reports Server (NTRS) 19930084033: The new French high-speed wind tunnel	english
NASA_NTRS_Archive_19930084034	1923-01-01	year	1923		NASA Technical Reports Server (NTRS) 19930084034: Factors of safety and indexes of static tests	english
NASA_NTRS_Archive_19930084036	1923-01-01	year	1923		NASA Technical Reports Server (NTRS) 19930084036: Use of helium in airships	english
NASA_NTRS_Archive_19930084545	1923-01-01	year	1923		NASA Technical Reports Server (NTRS) 19930084545: Trend to be given aerodynamical research and experiment	english
NASA_NTRS_Archive_19930084559	1923-01-01	year	1923		NASA Technical Reports Server (NTRS) 19930084559: Replacing the weight of materials consumed on airships	english
NASA_NTRS_Archive_19930084563	1923-01-01	year	1923		NASA Technical Reports Server (NTRS) 19930084563: Wood versus metal in airplane construction	english
NASA_NTRS_Archive_19930084575	1923-01-01	year	1923		NASA Technical Reports Server (NTRS) 19930084575: "Schneebeli" and "Birger" silencers	english
NASA_NTRS_Archive_19930084584	1923-01-01	year	1923		NASA Technical Reports Server (NTRS) 19930084584: The "Turkey Buzzard" glider	english
NASA_NTRS_Archive_19930084585	1923-01-01	year	1923		NASA Technical Reports Server (NTRS) 19930084585: The controls of an airplane	english
NASA_NTRS_Archive_19930084589	1923-01-01	year	1923		NASA Technical Reports Server (NTRS) 19930084589: Variable pitch propeller	english
NASA_NTRS_Archive_19930084591	1923-01-01	year	1923		NASA Technical Reports Server (NTRS) 19930084591: The "autogiro"	english
NASA_NTRS_Archive_19930084596	1923-01-01	year	1923		NASA Technical Reports Server (NTRS) 19930084596: Bird Flight: Hints to Be Obtained from It for Use in Aviation	english
NASA_NTRS_Archive_19930084599	1923-01-01	year	1923		NASA Technical Reports Server (NTRS) 19930084599: The effect of bow stiffeners in nonrigid airships	english
NASA_NTRS_Archive_19930084606	1923-01-01	year	1923		NASA Technical Reports Server (NTRS) 19930084606: Vorticism in aeronautics	english
NASA_NTRS_Archive_19930084621	1923-01-01	year	1923		NASA Technical Reports Server (NTRS) 19930084621: On the stability of oscillations of an airplane wing	english
NASA_NTRS_Archive_19930084629	1923-01-01	year	1923		NASA Technical Reports Server (NTRS) 19930084629: Engines and fuels	english
NASA_NTRS_Archive_19930084635	1923-01-01	year	1923		NASA Technical Reports Server (NTRS) 19930084635: Carburetion in aviation engines	english
NASA_NTRS_Archive_19930084651	1923-01-01	year	1923		NASA Technical Reports Server (NTRS) 19930084651: Absorbing landing shocks	english
NASA_NTRS_Archive_19930084658	1923-01-01	year	1923		NASA Technical Reports Server (NTRS) 19930084658: Lecture on aerodynamics	english
NASA_NTRS_Archive_19930084660	1923-01-01	year	1923		NASA Technical Reports Server (NTRS) 19930084660: Government relations with air traffic companies and owners of touring airplanes	english
NASA_NTRS_Archive_19930084666	1923-01-01	year	1923		NASA Technical Reports Server (NTRS) 19930084666: Aviation spirit - past, present, and future	english
NASA_NTRS_Archive_19930084720	1938-01-01	year	1938		NASA Technical Reports Server (NTRS) 19930084720: Some Investigations of the General Instability of Stiffened Metal Cylinders V : Stiffened Metal Cylinders Subjected to Pure Bending	english
NASA_NTRS_Archive_19930084736	1923-01-01	year	1923		NASA Technical Reports Server (NTRS) 19930084736: Control of airplanes at low speeds	english
NASA_NTRS_Archive_19930084739	1923-01-01	year	1923		NASA Technical Reports Server (NTRS) 19930084739: Shortening the landing run	english
NASA_NTRS_Archive_19930084749	1923-01-01	year	1923		NASA Technical Reports Server (NTRS) 19930084749: Nieuport-Astra parachute contest	english
NASA_NTRS_Archive_19930084750	1923-01-01	year	1923		NASA Technical Reports Server (NTRS) 19930084750: Inherent Stability of Helicopters	english
NASA_NTRS_Archive_19930084752	1923-01-01	year	1923		NASA Technical Reports Server (NTRS) 19930084752: Static soaring flight over flat sea coasts	english
NASA_NTRS_Archive_19930084754	1923-01-01	year	1923		NASA Technical Reports Server (NTRS) 19930084754: Possibility of profitable air traffic between Lisbon and Rio de Janeiro	english
NASA_NTRS_Archive_19930084765	1923-01-01	year	1923		NASA Technical Reports Server (NTRS) 19930084765: Spontaneous combustion of hydrogen	english
NASA_NTRS_Archive_19930084766	1923-01-01	year	1923		NASA Technical Reports Server (NTRS) 19930084766: Factors of safety	english
NASA_NTRS_Archive_19930084767	1923-01-01	year	1923		NASA Technical Reports Server (NTRS) 19930084767: Aeronautical record : no. 1 (to June, 1923)	english
NASA_NTRS_Archive_19930084768	1924-01-01	year	1924		NASA Technical Reports Server (NTRS) 19930084768: Air transport	english
NASA_NTRS_Archive_19930084769	1924-01-01	year	1924		NASA Technical Reports Server (NTRS) 19930084769: Investigations of aviation accidents and lessons to be drawn from them	english
NASA_NTRS_Archive_19930084771	1924-01-01	year	1924		NASA Technical Reports Server (NTRS) 19930084771: Methods of experimentation with models and utilization of results	english
NASA_NTRS_Archive_19930084772	1924-01-01	year	1924		NASA Technical Reports Server (NTRS) 19930084772: Specializing for record-breaking	english
NASA_NTRS_Archive_19930084773	1924-01-01	year	1924		NASA Technical Reports Server (NTRS) 19930084773: Aeronautic instruments	english
NASA_NTRS_Archive_19930084774	1924-01-01	year	1924		NASA Technical Reports Server (NTRS) 19930084774: Magnan glider M-2	english
NASA_NTRS_Archive_19930084775	1924-01-01	year	1924		NASA Technical Reports Server (NTRS) 19930084775: The vector ruling protractor	english
NASA_NTRS_Archive_19930084781	1935-01-01	year	1935		NASA Technical Reports Server (NTRS) 19930084781: Wind-tunnel Tests of a Wing with a Trailing-edge Auxiliary Airfoil Used as a Flap	english
NASA_NTRS_Archive_19930084816	1933-01-01	year	1933		NASA Technical Reports Server (NTRS) 19930084816: Wind-tunnel tests on model wing with Fowler flap and specially developed leading-edge slot	english
NASA_NTRS_Archive_19930084824	1935-01-01	year	1935		NASA Technical Reports Server (NTRS) 19930084824: Calculations of the Effect of Wing Twist on the Air Forces Acting on a Monoplane Wing	english
NASA_NTRS_Archive_19930085007	1924-01-01	year	1924		NASA Technical Reports Server (NTRS) 19930085007: Effect of changing the mean camber of an airfoil section	english
NASA_NTRS_Archive_19930085010	1924-01-01	year	1924		NASA Technical Reports Server (NTRS) 19930085010: Voyage of the "Dixmude" over northern Africa	english
NASA_NTRS_Archive_19930085014	1924-01-01	year	1924		NASA Technical Reports Server (NTRS) 19930085014: The practical difficulties of commercial flying	english
NASA_NTRS_Archive_19930085021	1924-01-01	year	1924		NASA Technical Reports Server (NTRS) 19930085021: Loss of the Dixmude	english
NASA_NTRS_Archive_19930086252	1924-01-01	year	1924		NASA Technical Reports Server (NTRS) 19930086252: Motion of spheres in still fluids	english
NASA_NTRS_Archive_19930086264	1924-01-01	year	1924		NASA Technical Reports Server (NTRS) 19930086264: New Application of Principle of Variable-camber Airfoil : Lachassagne System	english
NASA_NTRS_Archive_19930086274	1924-01-01	year	1924		NASA Technical Reports Server (NTRS) 19930086274: Fatigue of internal combustion engines	english
NASA_NTRS_Archive_19930086278	1924-01-01	year	1924		NASA Technical Reports Server (NTRS) 19930086278: Air-flow Experiments	english
NASA_NTRS_Archive_19930086284	1924-01-01	year	1924		NASA Technical Reports Server (NTRS) 19930086284: Light airplanes which participated in contest at Lympne, England, October, 1923	english
NASA_NTRS_Archive_19930086294	1924-01-01	year	1924		NASA Technical Reports Server (NTRS) 19930086294: Ultra-light alloys and their utilization on aircraft	english
NASA_NTRS_Archive_19930086378	1924-01-01	year	1924		NASA Technical Reports Server (NTRS) 19930086378: Wind tunnel tests of correction formula for wings of large span	english
NASA_NTRS_Archive_19930086392	1924-01-01	year	1924		NASA Technical Reports Server (NTRS) 19930086392: A Method for the Instantaneous Determination of the Velocity and Direction of the Wind	english
NASA_NTRS_Archive_19930086399	1924-01-01	year	1924		NASA Technical Reports Server (NTRS) 19930086399: Development of Wing-steered Messerschmitt Gliders	english
NASA_NTRS_Archive_19930086403	1924-01-01	year	1924		NASA Technical Reports Server (NTRS) 19930086403: Device for measuring sound in airplane engines	english
NASA_NTRS_Archive_19930086404	1924-01-01	year	1924		NASA Technical Reports Server (NTRS) 19930086404: Air Forces Exerted on Streamlined Bodies with Round or Square Cross- Sections, When Placed Obliquely to the Airstream	english
NASA_NTRS_Archive_19930086405	1924-01-01	year	1924		NASA Technical Reports Server (NTRS) 19930086405: Velocity and pressure distribution behind bodies in an air current	english
NASA_NTRS_Archive_19930086407	1924-01-01	year	1924		NASA Technical Reports Server (NTRS) 19930086407: The problem of liquid fuels (for aircraft engines)	english
NASA_NTRS_Archive_19930086408	1924-01-01	year	1924		NASA Technical Reports Server (NTRS) 19930086408: Balloon flight and atmospheric electricity	english
NASA_NTRS_Archive_19930086409	1924-01-01	year	1924		NASA Technical Reports Server (NTRS) 19930086409: Experiments with a device for shortening the glide and landing run of an airplane	english
NASA_NTRS_Archive_19930086410	1924-01-01	year	1924		NASA Technical Reports Server (NTRS) 19930086410: Historical notes on aerodynamic research	english
NASA_NTRS_Archive_19930086411	1924-01-01	year	1924		NASA Technical Reports Server (NTRS) 19930086411: Structural and Economic Limits to the Dimensions of Airships	english
NASA_NTRS_Archive_19930086412	1924-01-01	year	1924		NASA Technical Reports Server (NTRS) 19930086412: Recent researches in airship construction I : forces of flow on a moving airship and the effect of the control surfaces	english
NASA_NTRS_Archive_19930086413	1924-01-01	year	1924		NASA Technical Reports Server (NTRS) 19930086413:	english
NASA_NTRS_Archive_19930086414	1924-01-01	year	1924		NASA Technical Reports Server (NTRS) 19930086414: Recent researches in airship construction III : a new type of nonrigid airship	english
NASA_NTRS_Archive_19930086415	1924-01-01	year	1924		NASA Technical Reports Server (NTRS) 19930086415: General rules for metal aircraft construction	english
NASA_NTRS_Archive_19930086495	1924-01-01	year	1924		NASA Technical Reports Server (NTRS) 19930086495: Provisional rules for the inspection of aircraft adopted by the French Bureau Veritas	english
NASA_NTRS_Archive_19930086506	1924-01-01	year	1924		NASA Technical Reports Server (NTRS) 19930086506: Effect of ratio between volume and surface area of airships	english
NASA_NTRS_Archive_19930086514	1924-01-01	year	1924		NASA Technical Reports Server (NTRS) 19930086514: Combustion of liquid fuels in diesel engine	english
NASA_NTRS_Archive_19930086521	1924-01-01	year	1924		NASA Technical Reports Server (NTRS) 19930086521: Results of experiments with slotted wings	english
NASA_NTRS_Archive_19930086524	1924-01-01	year	1924		NASA Technical Reports Server (NTRS) 19930086524: Mooring airships	english
NASA_NTRS_Archive_19930086528	1924-01-01	year	1924		NASA Technical Reports Server (NTRS) 19930086528: Duralumin, its properties and uses	english
NASA_NTRS_Archive_19930086534	1924-01-01	year	1924		NASA Technical Reports Server (NTRS) 19930086534: Calculation of the hull and of the car-suspension systems of airships	english
NASA_NTRS_Archive_19930086540	1924-01-01	year	1924		NASA Technical Reports Server (NTRS) 19930086540: The American airship ZR-3	english
NASA_NTRS_Archive_19930086546	1924-01-01	year	1924		NASA Technical Reports Server (NTRS) 19930086546: Effect of altitude on power of aviation engines	english
NASA_NTRS_Archive_19930086550	1924-01-01	year	1924		NASA Technical Reports Server (NTRS) 19930086550:	english
NASA_NTRS_Archive_19930086558	1924-01-01	year	1924		NASA Technical Reports Server (NTRS) 19930086558: Aviation engines in the endurance contest	english
NASA_NTRS_Archive_19930086566	1924-01-01	year	1924		NASA Technical Reports Server (NTRS) 19930086566: Measuring vibration and torque with the oscillograph	english
NASA_NTRS_Archive_19930086637	1924-01-01	year	1924		NASA Technical Reports Server (NTRS) 19930086637: Nomogram for correcting drag and angle of attack of an airfoil model in an air stream of finite diameter	english
NASA_NTRS_Archive_19930086640	1924-01-01	year	1924		NASA Technical Reports Server (NTRS) 19930086640: Motive power required to operate a wind tunnel	english
NASA_NTRS_Archive_19930086644	1925-01-01	year	1925		NASA Technical Reports Server (NTRS) 19930086644: Hulls for Large Seaplanes	english
NASA_NTRS_Archive_19930086646	1925-01-01	year	1925		NASA Technical Reports Server (NTRS) 19930086646:	english
NASA_NTRS_Archive_19930086649	1925-01-01	year	1925		NASA Technical Reports Server (NTRS) 19930086649: Results of recent experiments with slotted wings	english
NASA_NTRS_Archive_19930086652	1925-01-01	year	1925		NASA Technical Reports Server (NTRS) 19930086652: Determination of ignition points of liquid fuels under pressure	english
NASA_NTRS_Archive_19930086653	1925-01-01	year	1925		NASA Technical Reports Server (NTRS) 19930086653: Pressure distribution on fuselage of airplane model	english
NASA_NTRS_Archive_19930086909	1925-01-01	year	1925		NASA Technical Reports Server (NTRS) 19930086909: Light airplanes of France, Germany, Italy, Belgium, Holland, Czechoslovakia and Lithuania	english
NASA_NTRS_Archive_19930086910	1925-01-01	year	1925		NASA Technical Reports Server (NTRS) 19930086910: Effect of speed on economy of airship traffic	english
NASA_NTRS_Archive_19930086911	1925-01-01	year	1925		NASA Technical Reports Server (NTRS) 19930086911: Pitot-static tubes for determining the velocity of air	english
NASA_NTRS_Archive_19930086913	1925-01-01	year	1925		NASA Technical Reports Server (NTRS) 19930086913: Calculation of wing spars of variable cross-section and linear load	english
NASA_NTRS_Archive_19930086914	1925-01-01	year	1925		NASA Technical Reports Server (NTRS) 19930086914:	english
NASA_NTRS_Archive_19930086915	1925-01-01	year	1925		NASA Technical Reports Server (NTRS) 19930086915: Preliminary investigation of the effect of a rotating cylinder in a wing	english
NASA_NTRS_Archive_19930086916	1925-01-01	year	1925		NASA Technical Reports Server (NTRS) 19930086916: Law of similitude for the surface resistance of lacquered planes moving in a straight line through water	english
NASA_NTRS_Archive_19930086917	1925-01-01	year	1925		NASA Technical Reports Server (NTRS) 19930086917: Light aeroplane engine development	english
NASA_NTRS_Archive_19930086918	1925-01-01	year	1925		NASA Technical Reports Server (NTRS) 19930086918: The "Magnus effect" - the principle of the Flettner rotor	english
NASA_NTRS_Archive_19930086919	1925-01-01	year	1925		NASA Technical Reports Server (NTRS) 19930086919: The Light Airplane	english
NASA_NTRS_Archive_19930086921	1925-01-01	year	1925		NASA Technical Reports Server (NTRS) 19930086921: Structural Methods Employed by the Schutte-lanz Airship Company	english
NASA_NTRS_Archive_19930087057	1925-01-01	year	1925		NASA Technical Reports Server (NTRS) 19930087057: Alloys similar to duralumin made in other countries than Germany	english
NASA_NTRS_Archive_19930087067	1925-01-01	year	1925		NASA Technical Reports Server (NTRS) 19930087067: The Problem of Fuel Measurement : the Schiske "konsummeter"	english
NASA_NTRS_Archive_19930087077	1925-01-01	year	1925		NASA Technical Reports Server (NTRS) 19930087077: European commercial aeronautics	english
NASA_NTRS_Archive_19930087085	1925-01-01	year	1925		NASA Technical Reports Server (NTRS) 19930087085: Air forces on airfoils moving faster than sound	english
NASA_NTRS_Archive_19930087095	1925-01-01	year	1925		NASA Technical Reports Server (NTRS) 19930087095: High velocity wind tunnels : their application to ballistics, aerodynamics, and aeronautics	english
NASA_NTRS_Archive_19930087097	1925-01-01	year	1925		NASA Technical Reports Server (NTRS) 19930087097: Report on commercial air transportation activities in England, France, Germany and Holland	english
NASA_NTRS_Archive_19930087102	1925-01-01	year	1925		NASA Technical Reports Server (NTRS) 19930087102: The "navigraph"	english
NASA_NTRS_Archive_19930087104	1925-01-01	year	1925		NASA Technical Reports Server (NTRS) 19930087104: Increasing the Power of Internal Combustion Engines	english
NASA_NTRS_Archive_19930087108	1925-01-01	year	1925		NASA Technical Reports Server (NTRS) 19930087108: Airplane Parachutes	english
NASA_NTRS_Archive_19930087110	1925-01-01	year	1925		NASA Technical Reports Server (NTRS) 19930087110: Recent Experiments at the Gottingen Aerodynamic Institute	english
NASA_NTRS_Archive_19930087115	1925-01-01	year	1925		NASA Technical Reports Server (NTRS) 19930087115: Relation of "Lilienthal effect" to dynamic soaring flight	english
NASA_NTRS_Archive_19930087122	1925-01-01	year	1925		NASA Technical Reports Server (NTRS) 19930087122: Computation of cantilever airplane wings	english
NASA_NTRS_Archive_19930087623	1935-01-01	year	1935		NASA Technical Reports Server (NTRS) 19930087623: The importance of auto-ignition lag in knocking	english
NASA_NTRS_Archive_19930087631	1934-01-01	year	1934		NASA Technical Reports Server (NTRS) 19930087631: Calculation of horsepower available : appendix to estimation of the variation of thrust horsepower with air speed	english
NASA_NTRS_Archive_19930087634	1927-01-01	year	1927		NASA Technical Reports Server (NTRS) 19930087634: The Characteristics of the N.A.C.A 97, Clark Y, and N.A.C.A. M6 Airfoils with Particular Reference to the Angle of Attack	english
NASA_NTRS_Archive_19930087637	1927-01-01	year	1927		NASA Technical Reports Server (NTRS) 19930087637: Tests of the N.P.L. airship models in the variable density wind tunnel	english
NASA_NTRS_Archive_19930087643	1936-01-01	year	1936		NASA Technical Reports Server (NTRS) 19930087643: Wind tunnel standardization disk drag	english
NASA_NTRS_Archive_19930087647	1927-01-01	year	1927		NASA Technical Reports Server (NTRS) 19930087647: Precision of wing sections and consequent aerodynamic effects	english
NASA_NTRS_Archive_19930087657	1936-01-01	year	1936		NASA Technical Reports Server (NTRS) 19930087657: Influence of fuel-oil temperature on the combustion in a prechamber compression-ignition engine	english
NASA_NTRS_Archive_19930087672	1927-01-01	year	1927		NASA Technical Reports Server (NTRS) 19930087672: Measurement of the moments of inertia of full scale airplanes	english
NASA_NTRS_Archive_19930087684	1933-01-01	year	1933		NASA Technical Reports Server (NTRS) 19930087684: Aerodynamic tests of a low aspect ratio tapered wing with an auxiliary airfoil for use on tailless airplanes	english
NASA_NTRS_Archive_19930088650	1926-01-01	year	1926		NASA Technical Reports Server (NTRS) 19930088650: The Albatros L 72A : a German Newspaper Carrier with Slotted Wings	english
NASA_NTRS_Archive_19930088665	1926-01-01	year	1926		NASA Technical Reports Server (NTRS) 19930088665: Wibault two-seat monoplane 8C2 : an all-metal pursuit and observation airplane	english
NASA_NTRS_Archive_19930088757	1926-01-01	year	1926		NASA Technical Reports Server (NTRS) 19930088757: A New De Havilland Commercial Airplane : the D.H. 66 with Three Bristol "jupiter" Engines	english
NASA_NTRS_Archive_19930088977	1926-01-01	year	1926		NASA Technical Reports Server (NTRS) 19930088977: The Blackburn "Sprat": A Training Airplane Convertible into Landplane or Seaplane	english
NASA_NTRS_Archive_19930088982	1926-01-01	year	1926		NASA Technical Reports Server (NTRS) 19930088982: Farman Monoplane F.170 : Commercial Airplane with One 500 HP. Farman Engine	english
NASA_NTRS_Archive_19930089054	1926-01-01	year	1926		NASA Technical Reports Server (NTRS) 19930089054: The Armstrong-Whitworth "Argosy" : the latest three-engined commercial airplane	english
NASA_NTRS_Archive_19930089070	1926-01-01	year	1926		NASA Technical Reports Server (NTRS) 19930089070: Albatros Commercial Airplane L 73	english
NASA_NTRS_Archive_19930089090	1926-01-01	year	1926		NASA Technical Reports Server (NTRS) 19930089090: The Avro "Avian" Airplane : 65 HP. Armstrong-Siddeley "Genet" engine	english
NASA_NTRS_Archive_19930089097	1926-01-01	year	1926		NASA Technical Reports Server (NTRS) 19930089097: The De Havilland "Moth"	english
NASA_NTRS_Archive_19930089117	1926-01-01	year	1926		NASA Technical Reports Server (NTRS) 19930089117: The Bristol "Badminton" Airplane	english
NASA_NTRS_Archive_19930089123	1926-01-01	year	1926		NASA Technical Reports Server (NTRS) 19930089123: The Handley Page "Hamlet"	english
NASA_NTRS_Archive_19930089211	1926-01-01	year	1926		NASA Technical Reports Server (NTRS) 19930089211: The A.N.E.C. IV "Missel Thrush" light airplane	english
NASA_NTRS_Archive_19930089220	1926-01-01	year	1926		NASA Technical Reports Server (NTRS) 19930089220: Avia pursuit airplane B.H. 21	english
NASA_NTRS_Archive_19930089227	1926-01-01	year	1926		NASA Technical Reports Server (NTRS) 19930089227:	english
NASA_NTRS_Archive_19930089248	1926-01-01	year	1926		NASA Technical Reports Server (NTRS) 19930089248: Rohrbach all metal commercial airplane RO VIII "Roland"	english
NASA_NTRS_Archive_19930089253	1926-01-01	year	1926		NASA Technical Reports Server (NTRS) 19930089253: The Supermarine "Southampton" seaplane : observation or bomber	english
NASA_NTRS_Archive_19930089258	1926-01-01	year	1926		NASA Technical Reports Server (NTRS) 19930089258: The Boulton and Paul "Bugle" airplane : day bomber	english
NASA_NTRS_Archive_19930089262	1927-01-01	year	1927		NASA Technical Reports Server (NTRS) 19930089262: Dyle and Bacalan metal monoplane, D.B. 10 : night bomber - equipped with two 420 HP. Jupiter engines	english
NASA_NTRS_Archive_19930089271	1927-01-01	year	1927		NASA Technical Reports Server (NTRS) 19930089271: Combat and bombing airplane, Amiot 120 B 3	english
NASA_NTRS_Archive_19930089278	1927-01-01	year	1927		NASA Technical Reports Server (NTRS) 19930089278: Nieuport-Delage Pursuit Airplane 48 C. 1. : "jockey" type	english
NASA_NTRS_Archive_19930089290	1927-01-01	year	1927		NASA Technical Reports Server (NTRS) 19930089290: The "Dornier Mercury" commercial airplane with B.M.W. VI 600 HP. engine	english
NASA_NTRS_Archive_19930089525	1927-01-01	year	1927		NASA Technical Reports Server (NTRS) 19930089525: Dornier "Superwal" commercial seaplane with : two Rolls-Royce "Condor" 600 HP. engines	english
NASA_NTRS_Archive_19930089533	1927-01-01	year	1927		NASA Technical Reports Server (NTRS) 19930089533: Macchi M. 39 Seaplane: Single-Seat Racer with an 800 HP. Fiat "A-S2" Engine	english
NASA_NTRS_Archive_19930089827	1927-01-01	year	1927		NASA Technical Reports Server (NTRS) 19930089827: Savoia seaplane S.55 : military or commercial	english
NASA_NTRS_Archive_19930089855	1927-01-01	year	1927		NASA Technical Reports Server (NTRS) 19930089855: Vojenska-Smolik S.16 airplane : all-metal long-distance observation bi-plane	english
NASA_NTRS_Archive_19930090249	1929-01-01	year	1929		NASA Technical Reports Server (NTRS) 19930090249: The Fairey III.F (British): a General Purpose Biplane	english
NASA_NTRS_Archive_19930090250	1929-01-01	year	1929		NASA Technical Reports Server (NTRS) 19930090250: The Morane Sauliner 222 airplane (French) : a single-seat pursuit monoplane	english
NASA_NTRS_Archive_19930090251	1930-01-01	year	1930		NASA Technical Reports Server (NTRS) 19930090251: The Weymann-Lepere W.E.L. 10 Observation Airplane (French) : a High-Wing Monoplane	english
NASA_NTRS_Archive_19930090252	1930-01-01	year	1930		NASA Technical Reports Server (NTRS) 19930090252: The Dornier "Do.X" flying boat (German) : a giant high-wing monoplane	english
NASA_NTRS_Archive_19930090253	1930-01-01	year	1930		NASA Technical Reports Server (NTRS) 19930090253: Les Mureaux "130.A2" observation airplane (French) : a high-wing two-seat monoplane	english
NASA_NTRS_Archive_19930090254	1930-01-01	year	1930		NASA Technical Reports Server (NTRS) 19930090254: The "Potez 39" observation airplane (French) : an all-metal high-wing two-seat monoplane	english
NASA_NTRS_Archive_19930090255	1930-01-01	year	1930		NASA Technical Reports Server (NTRS) 19930090255: The Wibault 220 R.N. 3 airplane (French) : a three-place observation high-wing monoplane	english
NASA_NTRS_Archive_19930090256	1930-01-01	year	1930		NASA Technical Reports Server (NTRS) 19930090256: The Henderson "Hendy" 302 cabin airplane (British) : a two-seat low-wing cantilever monoplane	english
NASA_NTRS_Archive_19930090257	1930-01-01	year	1930		NASA Technical Reports Server (NTRS) 19930090257: Westland "Wessex" commercial airplane (British) : a high-wing semicantilever monoplane	english
NASA_NTRS_Archive_19930090258	1930-01-01	year	1930		NASA Technical Reports Server (NTRS) 19930090258: The Fiat "T.R.1" training and touring airplane (Italian) : a two-place high-wing monoplane	english
NASA_NTRS_Archive_19930090259	1930-01-01	year	1930		NASA Technical Reports Server (NTRS) 19930090259: The Handley Page type 42 commercial airplane (British) : a metal sesquiplane	english
NASA_NTRS_Archive_19930090260	1931-01-01	year	1931		NASA Technical Reports Server (NTRS) 19930090260: Focke-wulf F 19a "ente" Commercial Airplane (german) : a Tail-first High-wing Monoplane	english
NASA_NTRS_Archive_19930090261	1931-01-01	year	1931		NASA Technical Reports Server (NTRS) 19930090261: The Wibault 280 T.10 commercial airplane (French) : an all-metal, cantilever, low-wing monoplane	english
NASA_NTRS_Archive_19930090262	1931-01-01	year	1931		NASA Technical Reports Server (NTRS) 19930090262: The C.A.M.S. 60 seaplane (French) : a twin-engine bombing and torpedo monoplane	english
NASA_NTRS_Archive_19930090263	1931-01-01	year	1931		NASA Technical Reports Server (NTRS) 19930090263: Potez 37R2 military airplane : a two-place long-distance observation monoplane	english
NASA_NTRS_Archive_19930090264	1931-01-01	year	1931		NASA Technical Reports Server (NTRS) 19930090264: The Supermarine S.6.B. Racing Seaplane (British) : A Low-Wing Twin-Float Monoplane	english
NASA_NTRS_Archive_19930090265	1932-01-01	year	1932		NASA Technical Reports Server (NTRS) 19930090265: Supplement to the Supermarine S.6.B. Racing Seaplane (British) : A Low-Wing Twin-Float Monoplane	english
NASA_NTRS_Archive_19930090266	1932-01-01	year	1932		NASA Technical Reports Server (NTRS) 19930090266: The Dornier Do K commercial airplane (German) : a high-wing cantilever monoplane	english
NASA_NTRS_Archive_19930090267	1932-01-01	year	1932		NASA Technical Reports Server (NTRS) 19930090267: The Armstrong Whitworth A.W. XVI military Airplane (British) : a single-seat biplane	english
NASA_NTRS_Archive_19930090268	1932-01-01	year	1932		NASA Technical Reports Server (NTRS) 19930090268: The Dreieck I Tailless Airplane (German) : A Low-Wing Cantilever Monoplane	english
NASA_NTRS_Archive_19930090269	1932-01-01	year	1932		NASA Technical Reports Server (NTRS) 19930090269: The S.A.B.C.A. "S.XI" commercial airplane (Belgian) : a high-wing semicantilever monoplane	english
NASA_NTRS_Archive_19930090270	1932-01-01	year	1932		NASA Technical Reports Server (NTRS) 19930090270: The Stieger ST. 4 light airplane (British) : a twin-engine four-seat low-wing cabin monoplane	english
NASA_NTRS_Archive_19930090271	1932-01-01	year	1932		NASA Technical Reports Server (NTRS) 19930090271: The Farman night bombers 211 and 212 (French) : four-engine high-wing monoplanes	english
NASA_NTRS_Archive_19930090272	1932-01-01	year	1932		NASA Technical Reports Server (NTRS) 19930090272: Spartan "Cruiser" commercial airplane (British) : a six-seat low-wing cantilever monoplane	english
NASA_NTRS_Archive_19930090273	1933-01-01	year	1933		NASA Technical Reports Server (NTRS) 19930090273: The Westland "Wallace" general-purpose airplane (British) : an all-metal biplane	english
NASA_NTRS_Archive_19930090274	1933-01-01	year	1933		NASA Technical Reports Server (NTRS) 19930090274: The Dewoitine D.500 pursuit airplane (French) : an all-metal cantilever low-wing monoplane	english
NASA_NTRS_Archive_19930090275	1933-01-01	year	1933		NASA Technical Reports Server (NTRS) 19930090275: The Shackleton-Murray SM-1 light airplane : a two-place high-wing monoplane	english
NASA_NTRS_Archive_19930090276	1933-01-01	year	1933		NASA Technical Reports Server (NTRS) 19930090276: The Hanriot-Biche 110 C1 airplane (French) : an all-metal low-wing pursuit monoplane	english
NASA_NTRS_Archive_19930090277	1933-01-01	year	1933		NASA Technical Reports Server (NTRS) 19930090277: Heinkel HE 70 commercial airplane (German) : a seven-seat cantilever low-wing monoplane	english
NASA_NTRS_Archive_19930090278	1933-01-01	year	1933		NASA Technical Reports Server (NTRS) 19930090278: The Dewoitine D.332 commercial airplane (French) : a three-engine all-metal low-wing monoplane	english
NASA_NTRS_Archive_19930090279	1934-01-01	year	1934		NASA Technical Reports Server (NTRS) 19930090279: Fokker F.XX commercial airplane (Dutch) : a high-wing cantilever monoplane	english
NASA_NTRS_Archive_19930090280	1934-01-01	year	1934		NASA Technical Reports Server (NTRS) 19930090280: D.H. 86 "Express Air Liner" (British) : a four-engine biplane	english
NASA_NTRS_Archive_19930090281	1936-01-01	year	1936		NASA Technical Reports Server (NTRS) 19930090281: The Short "Scion Senior" commercial airplane (British) : a four-engine high-wing cantilever monoplane	english
NASA_NTRS_Archive_19930090282	1936-01-01	year	1936		NASA Technical Reports Server (NTRS) 19930090282: The Vickers-Supermarine "Scapa" (British) : a military flying boat	english
NASA_NTRS_Archive_19930090336	1931-01-01	year	1931		NASA Technical Reports Server (NTRS) 19930090336: The Mureaux 111 R.2 military airplane (French) : a long-distance all-metal observation monoplane	english
NASA_NTRS_Archive_19930090352	1930-01-01	year	1930		NASA Technical Reports Server (NTRS) 19930090352: The Short "Valetta" commercial seaplane (British) : a high-wing all-metal twin-float monoplane	english
NASA_NTRS_Archive_19930090355	1931-01-01	year	1931		NASA Technical Reports Server (NTRS) 19930090355: The Hanriot H 431 military airplane (French) : a general purpose biplane	english
NASA_NTRS_Archive_19930090357	1931-01-01	year	1931		NASA Technical Reports Server (NTRS) 19930090357: Polish P type single-seat fighters : all-metal gull-type wing monoplanes	english
NASA_NTRS_Archive_19930090359	1933-01-01	year	1933		NASA Technical Reports Server (NTRS) 19930090359: Heinkel He 64 C sport airplane (German) : a two-seat low-wing cantilever monoplane	english
NASA_NTRS_Archive_19930090361	1934-01-01	year	1934		NASA Technical Reports Server (NTRS) 19930090361: Avro C.30 Direct-Control Autogiro (British)	english
NASA_NTRS_Archive_19930090364	1935-01-01	year	1935		NASA Technical Reports Server (NTRS) 19930090364: Kay 331 gyroplane (British) : all-metal single-seat light rotor plane	english
NASA_NTRS_Archive_19930090365	1937-01-01	year	1937		NASA Technical Reports Server (NTRS) 19930090365: Baynes Bee light airplane (British) : a two-seat high-wing monoplane	english
NASA_NTRS_Archive_19930090367	1937-01-01	year	1937		NASA Technical Reports Server (NTRS) 19930090367: Fairey "Battle" medium bomber airplane (British) : an all-metal low-wing cantilever monoplane	english
NASA_NTRS_Archive_19930090371	1929-01-01	year	1929		NASA Technical Reports Server (NTRS) 19930090371: The A.B.C. "Robin" (British) : a single-seat cabin monoplane	english
NASA_NTRS_Archive_19930090373	1929-01-01	year	1929		NASA Technical Reports Server (NTRS) 19930090373: The Bristol "Bulldog" (British): A Single-Seat All-Steel Fighter	english
NASA_NTRS_Archive_19930090376	1929-01-01	year	1929		NASA Technical Reports Server (NTRS) 19930090376: The A. B. Flygindustri "K 37" (Swedish Junkers) : A Low-Wing All-Metal Military Airplane	english
NASA_NTRS_Archive_19930090386	1929-01-01	year	1929		NASA Technical Reports Server (NTRS) 19930090386: The Saunders "Cutty Sark" commercial seaplane (British) : a high-wing monoplane flying boat	english
NASA_NTRS_Archive_19930090387	1930-01-01	year	1930		NASA Technical Reports Server (NTRS) 19930090387: The Comper C(LA)7 "Swift" airplane (English) : a high-wing single-seat monoplane	english
NASA_NTRS_Archive_19930090388	1930-01-01	year	1930		NASA Technical Reports Server (NTRS) 19930090388: The Liore Olivier "Le 0.240" commercial seaplane (French) : a high-wing cantilever monoplane	english
NASA_NTRS_Archive_19930090389	1930-01-01	year	1930		NASA Technical Reports Server (NTRS) 19930090389: The "Latecoere 28" commercial airplane (French) : a ten passenger high-wing monoplane	english
NASA_NTRS_Archive_19930090390	1930-01-01	year	1930		NASA Technical Reports Server (NTRS) 19930090390: The Dyle and Bacalan "DB 70" commercial airplane (French) : an all-metal high-wing monoplane	english
NASA_NTRS_Archive_19930090391	1930-01-01	year	1930		NASA Technical Reports Server (NTRS) 19930090391: The Farman "F.300" commercial airplane (French) : a high-wing semicantilever monoplane	english
NASA_NTRS_Archive_19930090392	1930-01-01	year	1930		NASA Technical Reports Server (NTRS) 19930090392: The Junkers "G 38" commercial airplane (German) : a giant high-wing monoplane	english
NASA_NTRS_Archive_19930090394	1930-01-01	year	1930		NASA Technical Reports Server (NTRS) 19930090394: The De Havilland "Moth Three" airplane (British)a high-wing commercial monoplane	english
NASA_NTRS_Archive_19930090396	1930-01-01	year	1930		NASA Technical Reports Server (NTRS) 19930090396: The "Junkers-Junior" Light Airplane (German) : A Two-Seat All-Metal Low-Wing Cantilever Monoplane	english
NASA_NTRS_Archive_19930090402	1930-01-01	year	1930		NASA Technical Reports Server (NTRS) 19930090402: The "Avro Trainer" airplane (British) : a training biplane	english
NASA_NTRS_Archive_19930090404	1930-01-01	year	1930		NASA Technical Reports Server (NTRS) 19930090404: The Cierva "Autogiro" Mark III (British) : Armstrong-Siddeley "Genet Major" Engine	english
NASA_NTRS_Archive_19930090406	1930-01-01	year	1930		NASA Technical Reports Server (NTRS) 19930090406: The Caproni "90 P.B." military airplane (Italian) : a giant biplane of 6000 horsepower	english
NASA_NTRS_Archive_19930090409	1930-01-01	year	1930		NASA Technical Reports Server (NTRS) 19930090409: The "Comte A.C. 3" military airplane (Swiss) : a high-wing semicantilever monoplane	english
NASA_NTRS_Archive_19930090415	1930-01-01	year	1930		NASA Technical Reports Server (NTRS) 19930090415: The Dyle and Bacalan "D.B. 80" day mail airplane (French) : an all-metal high-wing monoplane	english
NASA_NTRS_Archive_19930090418	1930-01-01	year	1930		NASA Technical Reports Server (NTRS) 19930090418: The Breguet 270 General-Purpose Military Airplane (French) : A Two-Seat All-Steel Sesquiplane	english
NASA_NTRS_Archive_19930090419	1930-01-01	year	1930		NASA Technical Reports Server (NTRS) 19930090419: Vickers "Viastra I" commercial airplane (British) : a high-wing all-metal semicantilever monoplane	english
NASA_NTRS_Archive_19930090421	1931-01-01	year	1931		NASA Technical Reports Server (NTRS) 19930090421: The Amiot 140 M military airplane (French) : an all-metal multiplace high-wing monoplane	english
NASA_NTRS_Archive_19930090423	1931-01-01	year	1931		NASA Technical Reports Server (NTRS) 19930090423: The Dewoitine D.30 commercial airplane (French) : a high-wing cantilever monoplane	english
NASA_NTRS_Archive_19930090425	1931-01-01	year	1931		NASA Technical Reports Server (NTRS) 19930090425: Latecoere 38-0 flying boat (French) : a long-range sesquiplane for carrying mail	english
NASA_NTRS_Archive_19930090426	1931-01-01	year	1931		NASA Technical Reports Server (NTRS) 19930090426: The Bleriot 110 airplane (French) : a long-distance high-wing monoplane	english
NASA_NTRS_Archive_19930090427	1931-01-01	year	1931		NASA Technical Reports Server (NTRS) 19930090427: The Bernard 120 seaplane (French) : a 1400 hp single-seat monoplane racer	english
NASA_NTRS_Archive_19930090432	1931-01-01	year	1931		NASA Technical Reports Server (NTRS) 19930090432: The S.P.C.A. 40 T commercial airplane (French) : an all-metal cantilever monoplane	english
NASA_NTRS_Archive_19930090434	1931-01-01	year	1931		NASA Technical Reports Server (NTRS) 19930090434: The "I.A.R." pursuit airplane (Roumanian) : a one-place cantilever low-wing monoplane	english
NASA_NTRS_Archive_19930090436	1931-01-01	year	1931		NASA Technical Reports Server (NTRS) 19930090436: The Mauboussin M 11 touring airplane (French) : a two-place high-wing monoplane	english
NASA_NTRS_Archive_19930090439	1931-01-01	year	1931		NASA Technical Reports Server (NTRS) 19930090439: The Dewoitine D 33 commercial airplane (French) : a low-wing cantilever monoplane	english
NASA_NTRS_Archive_19930090444	1931-01-01	year	1931		NASA Technical Reports Server (NTRS) 19930090444: The Bernard 80 G.R. long-distance airplane (French) : a two-place cantilever monoplane	english
NASA_NTRS_Archive_19930090449	1931-01-01	year	1931		NASA Technical Reports Server (NTRS) 19930090449: The Mono-Spar light airplane (British) : a twin-engined low-wing cabin monoplane	english
NASA_NTRS_Archive_19930090454	1931-01-01	year	1931		NASA Technical Reports Server (NTRS) 19930090454: Breguet 390 T commercial airplane (French) : a ten-seat all-steel sesquiplane	english
NASA_NTRS_Archive_19930090455	1931-01-01	year	1931		NASA Technical Reports Server (NTRS) 19930090455: The Avro 627 "Mailplane" (English): A Single-Seat Biplane	english
NASA_NTRS_Archive_19930090456	1931-01-01	year	1931		NASA Technical Reports Server (NTRS) 19930090456: Breguet military airplane, type 33 : a two-place long-distance sesquiplane for observation and bombing	english
NASA_NTRS_Archive_19930090457	1931-01-01	year	1931		NASA Technical Reports Server (NTRS) 19930090457: The Guilleman J.G. 10 (French) : a two-place touring low-wing monoplane	english
NASA_NTRS_Archive_19930090459	1932-01-01	year	1932		NASA Technical Reports Server (NTRS) 19930090459: The Loire 11 colonial military airplane (French) : a high-wing semicantilever all-metal monoplane	english
NASA_NTRS_Archive_19930090461	1932-01-01	year	1932		NASA Technical Reports Server (NTRS) 19930090461: The C.A.M.S. 80 amphibian (French) : an observation monoplane	english
NASA_NTRS_Archive_19930090462	1932-01-01	year	1932		NASA Technical Reports Server (NTRS) 19930090462: The Avro 631 training airplane (British) : a two-seat light biplane	english
NASA_NTRS_Archive_19930090463	1932-01-01	year	1932		NASA Technical Reports Server (NTRS) 19930090463: The D.H. "Fox Moth" commercial airplane (British) : a three-passenger light cabin biplane	english
NASA_NTRS_Archive_19930090465	1932-01-01	year	1932		NASA Technical Reports Server (NTRS) 19930090465: The Breguet 410 and 411 Military Airplanes (French): Multiplace Sesquiplane Fighters	english
NASA_NTRS_Archive_19930090467	1932-01-01	year	1932		NASA Technical Reports Server (NTRS) 19930090467: The Breda 32 commercial airplane (Italian) : a three-engine all-metal low-wing monoplane	english
NASA_NTRS_Archive_19930090469	1932-01-01	year	1932		NASA Technical Reports Server (NTRS) 19930090469: Armstrong-Whitworth A.W. XV "Atlanta" airplane (British) : a commercial multiplace cantilever monoplane	english
NASA_NTRS_Archive_19930090471	1932-01-01	year	1932		NASA Technical Reports Server (NTRS) 19930090471: The Bleriot 137 military airplane (French) : a twin-engine multiplace monoplane	english
NASA_NTRS_Archive_19930090473	1932-01-01	year	1932		NASA Technical Reports Server (NTRS) 19930090473: The Latecoere 501 commercial seaplane (French) : a three-engine metal sesquiplane	english
NASA_NTRS_Archive_19930090475	1932-01-01	year	1932		NASA Technical Reports Server (NTRS) 19930090475: The S.P.C.A. 30 M.4 military airplane (French) : a multiplace low-wing airplane	english
NASA_NTRS_Archive_19930090479	1932-01-01	year	1932		NASA Technical Reports Server (NTRS) 19930090479: The Messerschmidt M.29 touring airplane (German) : a two-seat cantilever monoplane	english
NASA_NTRS_Archive_19930090480	1932-01-01	year	1932		NASA Technical Reports Server (NTRS) 19930090480: Nieuport-Delage 590 Military airplane (French) : a two-place high-wing cantilever monoplane	english
NASA_NTRS_Archive_19930090482	1933-01-01	year	1933		NASA Technical Reports Server (NTRS) 19930090482: The D.H."Dragon Moth" commercial airplane (British) : a twin-engine 6-passenger biplane	english
NASA_NTRS_Archive_19930090484	1933-01-01	year	1933		NASA Technical Reports Server (NTRS) 19930090484: The Caudron P.V. 200 touring airplane (French) : an all-metal amphibian monoplane	english
NASA_NTRS_Archive_19930090486	1932-01-01	year	1932		NASA Technical Reports Server (NTRS) 19930090486: The Boulton and Paul P.64 mail-carrier : a two-engine all-metal biplane	english
NASA_NTRS_Archive_19930090489	1933-01-01	year	1933		NASA Technical Reports Server (NTRS) 19930090489: The Airspeed "Courier" commercial airplane (British) : a low-wing cantilever monoplane	english
NASA_NTRS_Archive_19930090492	1933-01-01	year	1933		NASA Technical Reports Server (NTRS) 19930090492: The Comper "Mouse" commercial airplane (British) : a three-seat cabin low-wing monoplane	english
NASA_NTRS_Archive_19930090495	1933-01-01	year	1933		NASA Technical Reports Server (NTRS) 19930090495: The D.H. 85 "Leopard Moth" airplane (British) : a three-seat cabin high-wing monoplane	english
NASA_NTRS_Archive_19930090497	1934-01-01	year	1934		NASA Technical Reports Server (NTRS) 19930090497: The Avia 51 commercial airplane (Czechoslovakian) : a cantilever high-wing monoplane	english
NASA_NTRS_Archive_19930090501	1934-01-01	year	1934		NASA Technical Reports Server (NTRS) 19930090501: The Short "Scylla" commercial airplane (British) : an all-metal biplane	english
NASA_NTRS_Archive_19930090503	1934-01-01	year	1934		NASA Technical Reports Server (NTRS) 19930090503: Avro 642 commercial airplane (British) : a high-wing cantilever monoplane	english
NASA_NTRS_Archive_19930090506	1934-01-01	year	1934		NASA Technical Reports Server (NTRS) 19930090506: The Bernard 82 military airplane (French) : a long-range monoplane	english
NASA_NTRS_Archive_19930090508	1934-01-01	year	1934		NASA Technical Reports Server (NTRS) 19930090508: The Avro "Commodore" touring airplane (British) : a cabin biplane	english
NASA_NTRS_Archive_19930090509	1934-01-01	year	1934		NASA Technical Reports Server (NTRS) 19930090509: The Comper "Streak" single seat airplane (British) : a low-wing cantilever monoplane	english
NASA_NTRS_Archive_19930090510	1934-01-01	year	1934		NASA Technical Reports Server (NTRS) 19930090510: The British Klemm "Eagle" commercial airplane : a low-wing cantilever monoplane	english
NASA_NTRS_Archive_19930090511	1934-01-01	year	1934		NASA Technical Reports Server (NTRS) 19930090511: The De Havilland "Comet" long-range airplane (British) : a low-wing cantilever monoplane	english
NASA_NTRS_Archive_19930090515	1935-01-01	year	1935		NASA Technical Reports Server (NTRS) 19930090515: Boulton Paul p.71A commercial airplane (British) : a two-engine biplane	english
NASA_NTRS_Archive_19930090516	1936-01-01	year	1936		NASA Technical Reports Server (NTRS) 19930090516: The Avro "Anson" general-purpose airplane (British) : a two-engine low-wing cantilever monoplane	english
NASA_NTRS_Archive_19930090517	1936-01-01	year	1936		NASA Technical Reports Server (NTRS) 19930090517: The Latecoere 521 "Lieutenant De Vaisseau Paris" commercial flying boat (French) : a two-deck six-engine semicantilever sesquiplane	english
NASA_NTRS_Archive_19930090518	1936-01-01	year	1936		NASA Technical Reports Server (NTRS) 19930090518: The short "Empire" commercial flying boat (British) : an all-metal cantilever monoplane	english
NASA_NTRS_Archive_19930090519	1937-01-01	year	1937		NASA Technical Reports Server (NTRS) 19930090519: The Hafner A.R. III Gyroplane (British)	english
NASA_NTRS_Archive_19930090520	1937-01-01	year	1937		NASA Technical Reports Server (NTRS) 19930090520: Armstrong Whitworth 27 "Ensign" commercial airplane (British) : an all-metal high-wing monoplane	english
NASA_NTRS_Archive_19930090521	1937-01-01	year	1937		NASA Technical Reports Server (NTRS) 19930090521: The airspeed "Oxford" training airplane (British) : a two-engine cantilever monoplane	english
NASA_NTRS_Archive_19930090572	1927-01-01	year	1927		NASA Technical Reports Server (NTRS) 19930090572: Richard-Penhoet commercial seaplane	english
NASA_NTRS_Archive_19930090573	1927-01-01	year	1927		NASA Technical Reports Server (NTRS) 19930090573: The Rohrbach "ROBBE" RO VII seaplane : military or commercial	english
NASA_NTRS_Archive_19930090574	1927-01-01	year	1927		NASA Technical Reports Server (NTRS) 19930090574: The Francois Villiers marine pursuit airplane	english
NASA_NTRS_Archive_19930090614	1927-01-01	year	1927		NASA Technical Reports Server (NTRS) 19930090614: Heinkel H.E. 50 commercial seaplane : winner of the 1926 German Seaplane Contest at Warnemunde	english
NASA_NTRS_Archive_19930090615	1927-01-01	year	1927		NASA Technical Reports Server (NTRS) 19930090615: Liore-Olivier LeO 194 seaplane	english
NASA_NTRS_Archive_19930090616	1927-01-01	year	1927		NASA Technical Reports Server (NTRS) 19930090616: Training airplane "Avia B.H. 11."	english
NASA_NTRS_Archive_19930090618	1927-01-01	year	1927		NASA Technical Reports Server (NTRS) 19930090618: Meteore 63 commercial seaplane	english
NASA_NTRS_Archive_19930090619	1927-01-01	year	1927		NASA Technical Reports Server (NTRS) 19930090619: The Mureaux "Brunet 3C2" pursuit airplane	english
NASA_NTRS_Archive_19930090620	1927-01-01	year	1927		NASA Technical Reports Server (NTRS) 19930090620: Fiat C.R. 20 pursuit airplane	english
NASA_NTRS_Archive_19930090621	1927-01-01	year	1927		NASA Technical Reports Server (NTRS) 19930090621: The Rohrbach "ROCCO:" seaplane : new German commercial seaplane with two Rolls-Royce "Condor" engines	english
NASA_NTRS_Archive_19930090622	1927-01-01	year	1927		NASA Technical Reports Server (NTRS) 19930090622: The Blackburn "Bluebird" "two-seat training and sport airplane	english
NASA_NTRS_Archive_19930090623	1927-01-01	year	1927		NASA Technical Reports Server (NTRS) 19930090623: The Focke-Wulf "G.L. 18" : twin-engine 150 HP. commercial airplane	english
NASA_NTRS_Archive_19930090624	1927-01-01	year	1927		NASA Technical Reports Server (NTRS) 19930090624: Junkers Airplane "G 24" : All-metal Commercial Airplane	english
NASA_NTRS_Archive_19930090625	1927-01-01	year	1927		NASA Technical Reports Server (NTRS) 19930090625: The Gloster "Gambet" airplane : a deck-landing ship's fighter fitted with a 420 HP. Bristol Jupiter VI engine	english
NASA_NTRS_Archive_19930090626	1927-01-01	year	1927		NASA Technical Reports Server (NTRS) 19930090626: The Avro "Gosport," 504 R : a new training airplane	english
NASA_NTRS_Archive_19930090627	1927-01-01	year	1927		NASA Technical Reports Server (NTRS) 19930090627: Levasseur 8 transatlantic airplane	english
NASA_NTRS_Archive_19930090628	1927-01-01	year	1927		NASA Technical Reports Server (NTRS) 19930090628: Caproni airplane Ca 73 (commercial) and Ca 73 ter (military)	english
NASA_NTRS_Archive_19930090629	1927-01-01	year	1927		NASA Technical Reports Server (NTRS) 19930090629: The Boeing mail airplane	english
NASA_NTRS_Archive_19930090630	1927-01-01	year	1927		NASA Technical Reports Server (NTRS) 19930090630: The Westland "Widgeon III" "Cirrus II: or "Genet II" engine	english
NASA_NTRS_Archive_19930090631	1927-01-01	year	1927		NASA Technical Reports Server (NTRS) 19930090631: Travel Air commercial airplane -- Type 5000	english
NASA_NTRS_Archive_19930090637	1927-01-01	year	1927		NASA Technical Reports Server (NTRS) 19930090637: Training airplane "Arado SC 1"	english
NASA_NTRS_Archive_19930090639	1927-01-01	year	1927		NASA Technical Reports Server (NTRS) 19930090639: The De Havilland "Tiger Moth"a low wing monoplane	english
NASA_NTRS_Archive_19930090640	1927-01-01	year	1927		NASA Technical Reports Server (NTRS) 19930090640: The Fairchild "all-purpose" cabin monoplane	english
NASA_NTRS_Archive_19930090641	1927-01-01	year	1927		NASA Technical Reports Server (NTRS) 19930090641: The Focke Wulf F.19 "ENTE" Tail-first Airplane	english
NASA_NTRS_Archive_19930090642	1927-01-01	year	1927		NASA Technical Reports Server (NTRS) 19930090642: Stinson Commercial Airplane, Type S M-1	english
NASA_NTRS_Archive_19930090643	1926-01-01	year	1926		NASA Technical Reports Server (NTRS) 19930090643: Experiments on self-ignition of liquid fuels	english
NASA_NTRS_Archive_19930090644	1927-01-01	year	1927		NASA Technical Reports Server (NTRS) 19930090644: Lockheed "Vega" airplane : a commercial cabin monoplane	english
NASA_NTRS_Archive_19930090645	1927-01-01	year	1927		NASA Technical Reports Server (NTRS) 19930090645: The Pitcairn "Mailwing" PA-5 : a single-seat commercial biplane	english
NASA_NTRS_Archive_19930090646	1927-01-01	year	1927		NASA Technical Reports Server (NTRS) 19930090646: Avimeta three-engine commercial monoplane : type A.V.M. 132	english
NASA_NTRS_Archive_19930090647	1927-01-01	year	1927		NASA Technical Reports Server (NTRS) 19930090647: The Heinkel commercial airplane, H.D. 40	english
NASA_NTRS_Archive_19930090648	1928-01-01	year	1928		NASA Technical Reports Server (NTRS) 19930090648: The De Havilland 61 "Canberra" (British) : a 6-8 passenger airplane	english
NASA_NTRS_Archive_19930090649	1928-01-01	year	1928		NASA Technical Reports Server (NTRS) 19930090649: Focke-wulf a 17 Commercial Airplane "mowe" (german)	english
NASA_NTRS_Archive_19930090650	1928-01-01	year	1928		NASA Technical Reports Server (NTRS) 19930090650: Supermarine S.5 Seaplane (British) : Winner of the 1927 Schneider Cup Race	english
NASA_NTRS_Archive_19930090651	1928-01-01	year	1928		NASA Technical Reports Server (NTRS) 19930090651: The Short "Calcutta" : first British all-metal commercial seaplane	english
NASA_NTRS_Archive_19930090652	1928-01-01	year	1928		NASA Technical Reports Server (NTRS) 19930090652: The "Gloster IV" Seaplane (British)	english
NASA_NTRS_Archive_19930090653	1928-01-01	year	1928		NASA Technical Reports Server (NTRS) 19930090653: The Avro "avian III" Airplane (british)	english
NASA_NTRS_Archive_19930090654	1928-01-01	year	1928		NASA Technical Reports Server (NTRS) 19930090654: The Boulton and Paul "Sidestrand I" bomber airplane (British)	english
NASA_NTRS_Archive_19930090655	1928-01-01	year	1928		NASA Technical Reports Server (NTRS) 19930090655: The Parnall "Imp": A New British Light Airplane	english
NASA_NTRS_Archive_19930090656	1925-01-01	year	1925		NASA Technical Reports Server (NTRS) 19930090656: An introduction to the helicopter	english
NASA_NTRS_Archive_19930090657	1928-01-01	year	1928		NASA Technical Reports Server (NTRS) 19930090657: The Fokker "Universal" commercial airplane	english
NASA_NTRS_Archive_19930090658	1928-01-01	year	1928		NASA Technical Reports Server (NTRS) 19930090658: Bleriot-Spad 91 Airplane (French) : pursuit single-seater, type "Jockey"	english
NASA_NTRS_Archive_19930090659	1928-01-01	year	1928		NASA Technical Reports Server (NTRS) 19930090659: Morane-Saulnier 121 single-seat pursuit airplane (French)	english
NASA_NTRS_Archive_19930090660	1925-01-01	year	1925		NASA Technical Reports Server (NTRS) 19930090660: Atomization of liquid fuels. Part II	english
NASA_NTRS_Archive_19930090661	1925-01-01	year	1925		NASA Technical Reports Server (NTRS) 19930090661: Atomization of liquid fuels. Part III	english
NASA_NTRS_Archive_19930090662	1926-01-01	year	1926		NASA Technical Reports Server (NTRS) 19930090662: Experiments with Rotating Cylinders in Combination with Airfoils	english
NASA_NTRS_Archive_19930090663	1926-01-01	year	1926		NASA Technical Reports Server (NTRS) 19930090663: Take-off distance for airplanes	english
NASA_NTRS_Archive_19930090664	1926-01-01	year	1926		NASA Technical Reports Server (NTRS) 19930090664: Recent developments in the construction and operation of all-metal airplanes	english
NASA_NTRS_Archive_19930090665	1926-01-01	year	1926		NASA Technical Reports Server (NTRS) 19930090665: The metal construction of airplanes - its advantages - its present state - its future	english
NASA_NTRS_Archive_19930090666	1926-01-01	year	1926		NASA Technical Reports Server (NTRS) 19930090666: Experiments with an Airfoil from which the Boundary Layer Is Removed by Suction	english
NASA_NTRS_Archive_19930090667	1926-01-01	year	1926		NASA Technical Reports Server (NTRS) 19930090667: Tail planes	english
NASA_NTRS_Archive_19930090669	1928-01-01	year	1928		NASA Technical Reports Server (NTRS) 19930090669: The Fokker "Trimotor F VII" commercial transport monoplane	english
NASA_NTRS_Archive_19930090670	1928-01-01	year	1928		NASA Technical Reports Server (NTRS) 19930090670: Rene Couzinet monoplane (French)	english
NASA_NTRS_Archive_19930090671	1928-01-01	year	1928		NASA Technical Reports Server (NTRS) 19930090671: Savoia Marchetti "S 64" Airplane	english
NASA_NTRS_Archive_19930090672	1928-01-01	year	1928		NASA Technical Reports Server (NTRS) 19930090672: The Sikorsky Twin Engined Amphibian, Type S-38, Model 1928	english
NASA_NTRS_Archive_19930090673	1928-01-01	year	1928		NASA Technical Reports Server (NTRS) 19930090673: The C.A.M.S. 54 G.R. transatlantic seaplane (French)	english
NASA_NTRS_Archive_19930090674	1928-01-01	year	1928		NASA Technical Reports Server (NTRS) 19930090674: Westland "Wapiti", British	english
NASA_NTRS_Archive_19930090675	1928-01-01	year	1928		NASA Technical Reports Server (NTRS) 19930090675: The Vickers "Vellore" (British) : a freight carrier which carries a load greater than its own weight?	english
NASA_NTRS_Archive_19930090676	1928-01-01	year	1928		NASA Technical Reports Server (NTRS) 19930090676: The Caproni monoplanes "Ca 97" Italian	english
NASA_NTRS_Archive_19930090677	1928-01-01	year	1928		NASA Technical Reports Server (NTRS) 19930090677: The Gloster "Goldfinch" (British) : Single-Seat Fighter	english
NASA_NTRS_Archive_19930090678	1928-01-01	year	1928		NASA Technical Reports Server (NTRS) 19930090678: Bleriot combat monoplane 127 (French)	english
NASA_NTRS_Archive_19930090679	1928-01-01	year	1928		NASA Technical Reports Server (NTRS) 19930090679: "Villiers 24" slotted-wing airplane (French)	english
NASA_NTRS_Archive_19930090680	1929-01-01	year	1929		NASA Technical Reports Server (NTRS) 19930090680: Farman two-engine commercial biplane F.180 (French)	english
NASA_NTRS_Archive_19930090681	1929-01-01	year	1929		NASA Technical Reports Server (NTRS) 19930090681: Albessard "Triavion" Airplane (French) : A Two-Seat Tandem Monoplane	english
NASA_NTRS_Archive_19930090682	1929-01-01	year	1929		NASA Technical Reports Server (NTRS) 19930090682: The Boulton and Paul "Partridge" (British) : all-metal single-seat fighter	english
NASA_NTRS_Archive_19930090683	1929-01-01	year	1929		NASA Technical Reports Server (NTRS) 19930090683: The De Havilland D.H. 75 "Hawk Moth" (British): Cabin Monoplane	english
NASA_NTRS_Archive_19930090684	1929-01-01	year	1929		NASA Technical Reports Server (NTRS) 19930090684: Nieuport-Delage 640 (French) : commercial high-wing monoplane	english
NASA_NTRS_Archive_19930090685	1929-01-01	year	1929		NASA Technical Reports Server (NTRS) 19930090685: Morane-Saulnier 180 light airplane (French) : a single-seat training monoplane	english
NASA_NTRS_Archive_19930090686	1926-01-01	year	1926		NASA Technical Reports Server (NTRS) 19930090686: Devices for Prevention of Stalled Flight	english
NASA_NTRS_Archive_19930090687	1926-01-01	year	1926		NASA Technical Reports Server (NTRS) 19930090687: Experimental investigation of the physical properties of medium and heavy oils, their vaporization and use in explosion engines. Part II	english
NASA_NTRS_Archive_19930090689	1926-01-01	year	1926		NASA Technical Reports Server (NTRS) 19930090689: Experimental investigation of the physical properties of medium and heavy oils, their vaporization and use in explosion engines. Part III	english
NASA_NTRS_Archive_19930090690	1926-01-01	year	1926		NASA Technical Reports Server (NTRS) 19930090690: Experimental investigation of the physical properties of medium and heavy oils, their vaporization and use in explosion engines. Part I	english
NASA_NTRS_Archive_19930090691	1926-01-01	year	1926		NASA Technical Reports Server (NTRS) 19930090691: Tasks of air flow research	english
NASA_NTRS_Archive_19930090692	1929-01-01	year	1929		NASA Technical Reports Server (NTRS) 19930090692: The Westland IV commercial monoplane (British)three "Cirrus III" engine	english
NASA_NTRS_Archive_19930090694	1926-01-01	year	1926		NASA Technical Reports Server (NTRS) 19930090694: Cooling of Air-cooled Engines by Forced Circulation of Air	english
NASA_NTRS_Archive_19930090696	1926-01-01	year	1926		NASA Technical Reports Server (NTRS) 19930090696: Central Aerohydrodynamic Institute of Moscow, Russia	english
NASA_NTRS_Archive_19930090697	1926-01-01	year	1926		NASA Technical Reports Server (NTRS) 19930090697: Determining size of drops in fuel mixture of internal combustion engines	english
NASA_NTRS_Archive_19930090698	1926-01-01	year	1926		NASA Technical Reports Server (NTRS) 19930090698: Metal spars	english
NASA_NTRS_Archive_19930090699	1926-01-01	year	1926		NASA Technical Reports Server (NTRS) 19930090699: Tests on an Airfoil with Two Slots Suitable for an Aircraft of High Performance : Lift, Drag, Rolling and Yawing Moment Measurements	english
NASA_NTRS_Archive_19930090700	1926-01-01	year	1926		NASA Technical Reports Server (NTRS) 19930090700: Approximate Calculation of the Static Longitudinal Stability of Airplanes	english
NASA_NTRS_Archive_19930090701	1926-01-01	year	1926		NASA Technical Reports Server (NTRS) 19930090701: Development of light and small airplanes	english
NASA_NTRS_Archive_19930090702	1926-01-01	year	1926		NASA Technical Reports Server (NTRS) 19930090702: Experiments on autorotation	english
NASA_NTRS_Archive_19930090703	1927-01-01	year	1927		NASA Technical Reports Server (NTRS) 19930090703: Testing a Windmill Airplane ("autogiro")	english
NASA_NTRS_Archive_19930090705	1927-01-01	year	1927		NASA Technical Reports Server (NTRS) 19930090705: Stall-proof Airplanes	english
NASA_NTRS_Archive_19930090706	1926-01-01	year	1926		NASA Technical Reports Server (NTRS) 19930090706: Spindled and hollow spars	english
NASA_NTRS_Archive_19930090707	1925-01-01	year	1925		NASA Technical Reports Server (NTRS) 19930090707: The light airplane : modern theoretical aerodynamics as applied to light airplane design with a series of charts	english
NASA_NTRS_Archive_19930090708	1925-01-01	year	1925		NASA Technical Reports Server (NTRS) 19930090708: Latecoere Air Lines	english
NASA_NTRS_Archive_19930090709	1925-01-01	year	1925		NASA Technical Reports Server (NTRS) 19930090709: Preliminary report on British commercial aeronautics	english
NASA_NTRS_Archive_19930090710	1925-01-01	year	1925		NASA Technical Reports Server (NTRS) 19930090710: Atomization of liquid fuels. Part I	english
NASA_NTRS_Archive_19930090711	1929-01-01	year	1929		NASA Technical Reports Server (NTRS) 19930090711: The "Potez 33" military airplane (French)	english
NASA_NTRS_Archive_19930090712	1929-01-01	year	1929		NASA Technical Reports Server (NTRS) 19930090712: The Amiot S.E.C.M. 110 C.1 : a single-seat pursuit monoplane	english
NASA_NTRS_Archive_19930090713	1929-01-01	year	1929		NASA Technical Reports Server (NTRS) 19930090713: The Bernard 20 C.1 (French) : a single-seat pursuit monoplane	english
NASA_NTRS_Archive_19930090714	1929-01-01	year	1929		NASA Technical Reports Server (NTRS) 19930090714: The Parnall "Pipit" (British) : A Single-Seat Ship's Fighter	english
NASA_NTRS_Archive_19930090715	1929-01-01	year	1929		NASA Technical Reports Server (NTRS) 19930090715: The "K 47" of the A.B. Flygindustri : An Armored Pursuit Monoplane	english
NASA_NTRS_Archive_19930090716	1925-01-01	year	1925		NASA Technical Reports Server (NTRS) 19930090716:	english
NASA_NTRS_Archive_19930090717	1925-01-01	year	1925		NASA Technical Reports Server (NTRS) 19930090717: Concrete airship sheds at Orly, France. Part II	english
NASA_NTRS_Archive_19930090718	1925-01-01	year	1925		NASA Technical Reports Server (NTRS) 19930090718: Theory of flapping flight	english
NASA_NTRS_Archive_19930090720	1925-01-01	year	1925		NASA Technical Reports Server (NTRS) 19930090720: A method for the direct determination of wing-section drag	english
NASA_NTRS_Archive_19930090721	1925-01-01	year	1925		NASA Technical Reports Server (NTRS) 19930090721: Recent progress in the theoretical deduction of airplane wings	english
NASA_NTRS_Archive_19930090722	1925-01-01	year	1925		NASA Technical Reports Server (NTRS) 19930090722: Aerodynamic characteristics of aircraft with reference to their use	english
NASA_NTRS_Archive_19930090723	1925-01-01	year	1925		NASA Technical Reports Server (NTRS) 19930090723: Strength calculations on airplanes	english
NASA_NTRS_Archive_19930090724	1925-01-01	year	1925		NASA Technical Reports Server (NTRS) 19930090724: Wire Suspensions in Wind Tunnel Experiments	english
NASA_NTRS_Archive_19930090725	1925-01-01	year	1925		NASA Technical Reports Server (NTRS) 19930090725: Potential flow in engine valves	english
NASA_NTRS_Archive_19930090726	1926-01-01	year	1926		NASA Technical Reports Server (NTRS) 19930090726: Calculation of tubular radiators of the automobile type	english
NASA_NTRS_Archive_19930090727	1926-01-01	year	1926		NASA Technical Reports Server (NTRS) 19930090727: Photographic time studies of airplane paths	english
NASA_NTRS_Archive_19930090728	1926-01-01	year	1926		NASA Technical Reports Server (NTRS) 19930090728: Behm Acoustic Sounder for Aircraft	english
NASA_NTRS_Archive_19930090729	1926-01-01	year	1926		NASA Technical Reports Server (NTRS) 19930090729: Two-stroke-cycle engines for airplanes	english
NASA_NTRS_Archive_19930090730	1926-01-01	year	1926		NASA Technical Reports Server (NTRS) 19930090730: Protection of wooden airplane parts against moisture by means of varnish	english
NASA_NTRS_Archive_19930090731	1926-01-01	year	1926		NASA Technical Reports Server (NTRS) 19930090731: Change of 180 degrees in the direction of a uniform current of air	english
NASA_NTRS_Archive_19930090732	1926-01-01	year	1926		NASA Technical Reports Server (NTRS) 19930090732: Kirsten-boeing Propeller	english
NASA_NTRS_Archive_19930090733	1926-01-01	year	1926		NASA Technical Reports Server (NTRS) 19930090733: Functioning of reduction gears on airplane engines	english
NASA_NTRS_Archive_19930090734	1926-01-01	year	1926		NASA Technical Reports Server (NTRS) 19930090734: Recent experiments with large seaplanes	english
NASA_NTRS_Archive_19930090735	1926-01-01	year	1926		NASA Technical Reports Server (NTRS) 19930090735: Tests for determining the effect of a rotating cylinder fitted into the leading edge of an airplane wing	english
NASA_NTRS_Archive_19930090736	1926-01-01	year	1926		NASA Technical Reports Server (NTRS) 19930090736: Slip stream effect	english
NASA_NTRS_Archive_19930090737	1926-01-01	year	1926		NASA Technical Reports Server (NTRS) 19930090737: The Fundamental Principles of High-speed Semi-diesel Engines. Part I: a General Discussion of the Subject of Fuel Injection in Diesel Engines and Detailed Descriptions of Many Types of Injection Nozzles	english
NASA_NTRS_Archive_19930090738	1928-01-01	year	1928		NASA Technical Reports Server (NTRS) 19930090738: Steel spars	english
NASA_NTRS_Archive_19930090739	1926-01-01	year	1926		NASA Technical Reports Server (NTRS) 19930090739: The Fundamental Principles of High-speed Semi-diesel Engines. Part II: a Discussion of the Semi-diesel Principle and Its Application to Various Types of Solid-injection Engines	english
NASA_NTRS_Archive_19930090740	1926-01-01	year	1926		NASA Technical Reports Server (NTRS) 19930090740: The Fundamental Principles of High-speed Semi-diesel Engines. Part III: a Discussion of Fuel Mixing and Ignition, with Special Reference to Engines with Precombustion Chambers	english
NASA_NTRS_Archive_19930090741	1926-01-01	year	1926		NASA Technical Reports Server (NTRS) 19930090741: Flight Tests on Airplanes	english
NASA_NTRS_Archive_19930090742	1926-01-01	year	1926		NASA Technical Reports Server (NTRS) 19930090742: Experiments with a Sphere from which the Boundary Layer Is Removed by Suction	english
NASA_NTRS_Archive_19930090743	1926-01-01	year	1926		NASA Technical Reports Server (NTRS) 19930090743: On the knocking of gasoline engines	english
NASA_NTRS_Archive_19930090744	1926-01-01	year	1926		NASA Technical Reports Server (NTRS) 19930090744: Metal Airplane Construction	english
NASA_NTRS_Archive_19930090745	1926-01-01	year	1926		NASA Technical Reports Server (NTRS) 19930090745: First experiences with the rotating laboratory	english
NASA_NTRS_Archive_19930090746	1926-01-01	year	1926		NASA Technical Reports Server (NTRS) 19930090746: Effect of roughness on properties of airfoils	english
NASA_NTRS_Archive_19930090748	1926-01-01	year	1926		NASA Technical Reports Server (NTRS) 19930090748: Designing seaplane hulls and floats	english
NASA_NTRS_Archive_19930090749	1926-01-01	year	1926		NASA Technical Reports Server (NTRS) 19930090749: The Belgian Aerotechnical Laboratory at Rhode-Saint-Genese	english
NASA_NTRS_Archive_19930090750	1928-01-01	year	1928		NASA Technical Reports Server (NTRS) 19930090750: Variable pitch propellers	english
NASA_NTRS_Archive_19930090751	1928-01-01	year	1928		NASA Technical Reports Server (NTRS) 19930090751: Take-off of heavily loaded airplanes	english
NASA_NTRS_Archive_19930090752	1928-01-01	year	1928		NASA Technical Reports Server (NTRS) 19930090752: Contribution to the systematic investigation on Joukowsky profiles	english
NASA_NTRS_Archive_19930090753	1928-01-01	year	1928		NASA Technical Reports Server (NTRS) 19930090753: Comments on Crankless Engine Types	english
NASA_NTRS_Archive_19930090754	1928-01-01	year	1928		NASA Technical Reports Server (NTRS) 19930090754: Prospective development of giant airplanes	english
NASA_NTRS_Archive_19930090755	1928-01-01	year	1928		NASA Technical Reports Server (NTRS) 19930090755: Tensile Strength of Welded Steel Tubes : First Series of Experiments	english
NASA_NTRS_Archive_19930090756	1928-01-01	year	1928		NASA Technical Reports Server (NTRS) 19930090756: Crank case scavenging of a two-stroke-cycle engine	english
NASA_NTRS_Archive_19930090757	1928-01-01	year	1928		NASA Technical Reports Server (NTRS) 19930090757: Stressed Coverings in Naval and Aeronautic Construction	english
NASA_NTRS_Archive_19930090758	1927-01-01	year	1927		NASA Technical Reports Server (NTRS) 19930090758: Removing Boundary Layer by Suction	english
NASA_NTRS_Archive_19930090759	1927-01-01	year	1927		NASA Technical Reports Server (NTRS) 19930090759: Determining the efficiency of atomization by its fineness and uniformity	english
NASA_NTRS_Archive_19930090760	1927-01-01	year	1927		NASA Technical Reports Server (NTRS) 19930090760: High-Speed Oil Engines for Vehicles. Part I	english
NASA_NTRS_Archive_19930090761	1927-01-01	year	1927		NASA Technical Reports Server (NTRS) 19930090761: Researches on ailerons and especially on the test loads to which they should be subjected	english
NASA_NTRS_Archive_19930090762	1927-01-01	year	1927		NASA Technical Reports Server (NTRS) 19930090762: Duralumin Welding	english
NASA_NTRS_Archive_19930090763	1927-01-01	year	1927		NASA Technical Reports Server (NTRS) 19930090763: On the mutual reaction of wings and body	english
NASA_NTRS_Archive_19930090764	1927-01-01	year	1927		NASA Technical Reports Server (NTRS) 19930090764: The heat treatment of duralumin	english
NASA_NTRS_Archive_19930090765	1927-01-01	year	1927		NASA Technical Reports Server (NTRS) 19930090765: The protection of duralumin from corrosion	english
NASA_NTRS_Archive_19930090766	1927-01-01	year	1927		NASA Technical Reports Server (NTRS) 19930090766: Permanent commission of aeronautical studies. Report no. 4	english
NASA_NTRS_Archive_19930090767	1927-01-01	year	1927		NASA Technical Reports Server (NTRS) 19930090767: Structural Details from 1926 Paris Aero Salon	english
NASA_NTRS_Archive_19930090768	1927-01-01	year	1927		NASA Technical Reports Server (NTRS) 19930090768: Kinetographic determination of airplane flight characteristics	english
NASA_NTRS_Archive_19930090769	1927-01-01	year	1927		NASA Technical Reports Server (NTRS) 19930090769: Systematic investigation of Joukowsky wing sections	english
NASA_NTRS_Archive_19930090770	1927-01-01	year	1927		NASA Technical Reports Server (NTRS) 19930090770: High-speed Oil Engines for Vehicles. Part II	english
NASA_NTRS_Archive_19930090771	1927-01-01	year	1927		NASA Technical Reports Server (NTRS) 19930090771: High-Speed Oil Engines for Vehicles. Part III	english
NASA_NTRS_Archive_19930090772	1927-01-01	year	1927		NASA Technical Reports Server (NTRS) 19930090772: Flap Gear for Airplanes : A New Scheme in Which Variation is Automatic	english
NASA_NTRS_Archive_19930090773	1927-01-01	year	1927		NASA Technical Reports Server (NTRS) 19930090773: Duralumin and Its Corrosion	english
NASA_NTRS_Archive_19930090774	1927-01-01	year	1927		NASA Technical Reports Server (NTRS) 19930090774: Determining the velocity distribution in the boundary layer of an airfoil fitted with a rotary cylinder	english
NASA_NTRS_Archive_19930090775	1927-01-01	year	1927		NASA Technical Reports Server (NTRS) 19930090775: Multiplicity of Solutions in Aerodynamics	english
NASA_NTRS_Archive_19930090776	1927-01-01	year	1927		NASA Technical Reports Server (NTRS) 19930090776: Air cooling : an experimental method of evaluating the cooling effect of air streams on air-cooled cylinders	english
NASA_NTRS_Archive_19930090777	1927-01-01	year	1927		NASA Technical Reports Server (NTRS) 19930090777: Some impressions of the Paris Aero Show	english
NASA_NTRS_Archive_19930090778	1927-01-01	year	1927		NASA Technical Reports Server (NTRS) 19930090778: Aerodynamic Laboratory at Cuatro Vientos	english
NASA_NTRS_Archive_19930090779	1927-01-01	year	1927		NASA Technical Reports Server (NTRS) 19930090779: Climbing efficiency of aircraft	english
NASA_NTRS_Archive_19930090780	1927-01-01	year	1927		NASA Technical Reports Server (NTRS) 19930090780: Effects of streamline curvature on lift of biplanes	english
NASA_NTRS_Archive_19930090781	1927-01-01	year	1927		NASA Technical Reports Server (NTRS) 19930090781: Drag measurements of two thin wing sections at different index values	english
NASA_NTRS_Archive_19930090782	1927-01-01	year	1927		NASA Technical Reports Server (NTRS) 19930090782: Investigation of a wing with an auxiliary upper part	english
NASA_NTRS_Archive_19930090783	1927-01-01	year	1927		NASA Technical Reports Server (NTRS) 19930090783: Experiments with three horizontal empennages	english
NASA_NTRS_Archive_19930090784	1927-01-01	year	1927		NASA Technical Reports Server (NTRS) 19930090784: Effects of roughness on airfoils	english
NASA_NTRS_Archive_19930090785	1927-01-01	year	1927		NASA Technical Reports Server (NTRS) 19930090785: Experiments on airfoils with trailing edge cut away	english
NASA_NTRS_Archive_19930090786	1927-01-01	year	1927		NASA Technical Reports Server (NTRS) 19930090786: Some Notes on Gasoline-Engine Development	english
NASA_NTRS_Archive_19930090787	1925-01-01	year	1925		NASA Technical Reports Server (NTRS) 19930090787: Pressure Distribution on Joukowski Wings and Graphic Construction of Joukowski Wings	english
NASA_NTRS_Archive_19930090788	1927-01-01	year	1927		NASA Technical Reports Server (NTRS) 19930090788: Aero dopes and varnishes	english
NASA_NTRS_Archive_19930090789	1927-01-01	year	1927		NASA Technical Reports Server (NTRS) 19930090789: Lindbergh's flight	english
NASA_NTRS_Archive_19930090790	1927-01-01	year	1927		NASA Technical Reports Server (NTRS) 19930090790: Discussion of the results of the boundary-layer tests of an airfoil fitted with a rotary cylinder	english
NASA_NTRS_Archive_19930090791	1927-01-01	year	1927		NASA Technical Reports Server (NTRS) 19930090791: Recent suggestions in Diesel-engine construction	english
NASA_NTRS_Archive_19930090792	1927-01-01	year	1927		NASA Technical Reports Server (NTRS) 19930090792: Building a full-size glider	english
NASA_NTRS_Archive_19930090793	1927-01-01	year	1927		NASA Technical Reports Server (NTRS) 19930090793: Some German gliders of 1920-1923	english
NASA_NTRS_Archive_19930090794	1927-01-01	year	1927		NASA Technical Reports Server (NTRS) 19930090794: Seaplanes floats and hulls. Part I	english
NASA_NTRS_Archive_19930090795	1927-01-01	year	1927		NASA Technical Reports Server (NTRS) 19930090795: Seaplanes Floats and Hulls. Part II	english
NASA_NTRS_Archive_19930090796	1927-01-01	year	1927		NASA Technical Reports Server (NTRS) 19930090796: Drag measurements on a Junkers wing section : application of the Betz Method to the results of comparative tests made on a model and on an airplane in flight	english
NASA_NTRS_Archive_19930090797	1927-01-01	year	1927		NASA Technical Reports Server (NTRS) 19930090797: Slotted-Wing Airplanes	english
NASA_NTRS_Archive_19930090798	1927-01-01	year	1927		NASA Technical Reports Server (NTRS) 19930090798: Glider construction and design	english
NASA_NTRS_Archive_19930090799	1927-01-01	year	1927		NASA Technical Reports Server (NTRS) 19930090799: Turbulent flow	english
NASA_NTRS_Archive_19930090800	1927-01-01	year	1927		NASA Technical Reports Server (NTRS) 19930090800: Approximation method for determining the static stability of a monoplane glider	english
NASA_NTRS_Archive_19930090801	1927-01-01	year	1927		NASA Technical Reports Server (NTRS) 19930090801: Increasing Lift by Releasing Compressed Air on Suction Side of Airfoil	english
NASA_NTRS_Archive_19930090802	1927-01-01	year	1927		NASA Technical Reports Server (NTRS) 19930090802: Calculating thrust distribution and efficiency of air propellers	english
NASA_NTRS_Archive_19930090803	1928-01-01	year	1928		NASA Technical Reports Server (NTRS) 19930090803: Parachutes for aircraft	english
NASA_NTRS_Archive_19930090804	1927-01-01	year	1927		NASA Technical Reports Server (NTRS) 19930090804: Metal Aircraft Construction at Vickers : Some Interesting New Forms Developed	english
NASA_NTRS_Archive_19930090805	1927-01-01	year	1927		NASA Technical Reports Server (NTRS) 19930090805: Safety in airplane flight	english
NASA_NTRS_Archive_19930090806	1927-01-01	year	1927		NASA Technical Reports Server (NTRS) 19930090806: "Gloster" high lift biplane wings	english
NASA_NTRS_Archive_19930090807	1927-01-01	year	1927		NASA Technical Reports Server (NTRS) 19930090807: Duralumin - Defects and Failures	english
NASA_NTRS_Archive_19930090808	1927-01-01	year	1927		NASA Technical Reports Server (NTRS) 19930090808: Experiments on airfoils with aileron and slot	english
NASA_NTRS_Archive_19930090809	1927-01-01	year	1927		NASA Technical Reports Server (NTRS) 19930090809: Structural details of German gliders	english
NASA_NTRS_Archive_19930090810	1928-01-01	year	1928		NASA Technical Reports Server (NTRS) 19930090810: Results of aerodynamic tests on slotted airfoils in the aerotechnical laboratory (S.T. Ae.) of Rhode St. Genese, Brussels	english
NASA_NTRS_Archive_19930090811	1928-01-01	year	1928		NASA Technical Reports Server (NTRS) 19930090811: Mechanical properties of some materials used in airplane construction	english
NASA_NTRS_Archive_19930090812	1928-01-01	year	1928		NASA Technical Reports Server (NTRS) 19930090812: Aviation fuels : with especial reference to "white spirit."	english
NASA_NTRS_Archive_19930090813	1928-01-01	year	1928		NASA Technical Reports Server (NTRS) 19930090813: Motion of fluids with very little viscosity	english
NASA_NTRS_Archive_19930090814	1928-01-01	year	1928		NASA Technical Reports Server (NTRS) 19930090814: Note on research work by Helmholtz and Wien relating to the form of waves propagated along the surface of separation of two liquids	english
NASA_NTRS_Archive_19930090815	1928-01-01	year	1928		NASA Technical Reports Server (NTRS) 19930090815: Experiments with a wing from which the boundary layer is removed by pressure or suction	english
NASA_NTRS_Archive_19930090816	1928-01-01	year	1928		NASA Technical Reports Server (NTRS) 19930090816: The span as a fundamental factor in airplane design	english
NASA_NTRS_Archive_19930090817	1928-01-01	year	1928		NASA Technical Reports Server (NTRS) 19930090817: Considerations on propeller efficiency	english
NASA_NTRS_Archive_19930090818	1928-01-01	year	1928		NASA Technical Reports Server (NTRS) 19930090818: Determination of the air forces and moments produced by the ailerons of an airplane	english
NASA_NTRS_Archive_19930090819	1928-01-01	year	1928		NASA Technical Reports Server (NTRS) 19930090819: Influence of fuselage on propeller design	english
NASA_NTRS_Archive_19930090820	1929-01-01	year	1929		NASA Technical Reports Server (NTRS) 19930090820: Remarks on airplane struts and girders under compressive and bending stresses : index values	english
NASA_NTRS_Archive_19930090821	1929-01-01	year	1929		NASA Technical Reports Server (NTRS) 19930090821: Analysis of flight and wind-tunnel tests on Udet airplanes with reference to spinning characteristics	english
NASA_NTRS_Archive_19930090822	1930-01-01	year	1930		NASA Technical Reports Server (NTRS) 19930090822: Air forces and air-force moments at large angles of attack and how they are affected by the shape of the wing	english
NASA_NTRS_Archive_19930090823	1930-01-01	year	1930		NASA Technical Reports Server (NTRS) 19930090823: Investigation of the variations in the velocity of the air flow about a wing profile	english
NASA_NTRS_Archive_19930090824	1928-01-01	year	1928		NASA Technical Reports Server (NTRS) 19930090824: Welding in airplane construction	english
NASA_NTRS_Archive_19930090825	1928-01-01	year	1928		NASA Technical Reports Server (NTRS) 19930090825: The 1926 German seaplane contest	english
NASA_NTRS_Archive_19930090826	1928-01-01	year	1928		NASA Technical Reports Server (NTRS) 19930090826: Calculation of Airplane Performances Without the Aid of Polar Diagrams	english
NASA_NTRS_Archive_19930090827	1928-03-01	day	1928		NASA Technical Reports Server (NTRS) 19930090827: A few more mechanical-flight formulas without the aid of polar diagrams	english
NASA_NTRS_Archive_19930090828	1928-01-01	year	1928		NASA Technical Reports Server (NTRS) 19930090828: Choice of profile for the wings of an airplane. Part I	english
NASA_NTRS_Archive_19930090829	1928-01-01	year	1928		NASA Technical Reports Server (NTRS) 19930090829: Choice of profile for the wings of an airplane. Part II	english
NASA_NTRS_Archive_19930090830	1928-01-01	year	1928		NASA Technical Reports Server (NTRS) 19930090830: Discussion of problems relating to the safety of aviation. Part I	english
NASA_NTRS_Archive_19930090831	1928-01-01	year	1928		NASA Technical Reports Server (NTRS) 19930090831: Discussion of problems relating to the safety of aviation. Part II	english
NASA_NTRS_Archive_19930090832	1928-01-01	year	1928		NASA Technical Reports Server (NTRS) 19930090832: Ignition points and combustion reactions in Diesel engines. Part I	english
NASA_NTRS_Archive_19930090833	1928-01-01	year	1928		NASA Technical Reports Server (NTRS) 19930090833: Ignition points and combustion reactions in Diesel engines. Part II	english
NASA_NTRS_Archive_19930090834	1928-01-01	year	1928		NASA Technical Reports Server (NTRS) 19930090834: Wheel brakes and their application to aircraft	english
NASA_NTRS_Archive_19930090835	1928-01-01	year	1928		NASA Technical Reports Server (NTRS) 19930090835: The Diesel as a Vehicle Engine	english
NASA_NTRS_Archive_19930090836	1928-01-01	year	1928		NASA Technical Reports Server (NTRS) 19930090836: Ignition and combustion phenomena in Diesel engines	english
NASA_NTRS_Archive_19930090837	1928-01-01	year	1928		NASA Technical Reports Server (NTRS) 19930090837: On improvement of air flow in wind tunnels	english
NASA_NTRS_Archive_19930090838	1928-01-01	year	1928		NASA Technical Reports Server (NTRS) 19930090838: Technical Progress Shown in the 1927 Rhon Soaring-Flight Contest	english
NASA_NTRS_Archive_19930090839	1928-01-01	year	1928		NASA Technical Reports Server (NTRS) 19930090839: The problem of noise in civil aircraft and the possibilities of its elimination	english
NASA_NTRS_Archive_19930090840	1928-01-01	year	1928		NASA Technical Reports Server (NTRS) 19930090840: Windmills in the light of modern research	english
NASA_NTRS_Archive_19930090841	1928-01-01	year	1928		NASA Technical Reports Server (NTRS) 19930090841: Recent researches on the air resistance of spheres	english
NASA_NTRS_Archive_19930090842	1928-01-01	year	1928		NASA Technical Reports Server (NTRS) 19930090842: Synopsis of French Aeronautic Equipment : Aeronautic Instruments	english
NASA_NTRS_Archive_19930090843	1928-01-01	year	1928		NASA Technical Reports Server (NTRS) 19930090843: Contribution to the design and calculation of fuel cams and fuel valves for diesel engines	english
NASA_NTRS_Archive_19930090844	1928-01-01	year	1928		NASA Technical Reports Server (NTRS) 19930090844: The cells of giant airplanes	english
NASA_NTRS_Archive_19930090845	1928-01-01	year	1928		NASA Technical Reports Server (NTRS) 19930090845: Airplane strength calculations and static tests in Russia : an attempt at standardization	english
NASA_NTRS_Archive_19930090846	1928-01-01	year	1928		NASA Technical Reports Server (NTRS) 19930090846: Research on the control of airplanes	english
NASA_NTRS_Archive_19930090847	1928-01-01	year	1928		NASA Technical Reports Server (NTRS) 19930090847: Tank Tests of Twin Seaplane Floats	english
NASA_NTRS_Archive_19930090848	1929-01-01	year	1929		NASA Technical Reports Server (NTRS) 19930090848: Effect of oxygen on the ignition of liquid fuels	english
NASA_NTRS_Archive_19930090849	1929-01-01	year	1929		NASA Technical Reports Server (NTRS) 19930090849: Effect of stressed covering on strength of internal girders of a wing	english
NASA_NTRS_Archive_19930090850	1929-01-01	year	1929		NASA Technical Reports Server (NTRS) 19930090850: Mechanical control of airplanes	english
NASA_NTRS_Archive_19930090851	1929-01-01	year	1929		NASA Technical Reports Server (NTRS) 19930090851: Photogrammetric Take-off and Landing Measurements	english
NASA_NTRS_Archive_19930090852	1929-01-01	year	1929		NASA Technical Reports Server (NTRS) 19930090852: Fluttering of the Tail Surfaces of an Airplane and the Means for Its Prevention	english
NASA_NTRS_Archive_19930090853	1928-01-01	year	1928		NASA Technical Reports Server (NTRS) 19930090853: The constructional design of metal flying-boat hulls. Part I	english
NASA_NTRS_Archive_19930090854	1928-01-01	year	1928		NASA Technical Reports Server (NTRS) 19930090854: Structures of Thin Sheet Metal, Their Design and Construction	english
NASA_NTRS_Archive_19930090855	1928-01-01	year	1928		NASA Technical Reports Server (NTRS) 19930090855: On the take-off of heavily loaded airplanes	english
NASA_NTRS_Archive_19930090856	1928-01-01	year	1928		NASA Technical Reports Server (NTRS) 19930090856: Propeller problems	english
NASA_NTRS_Archive_19930090857	1928-01-01	year	1928		NASA Technical Reports Server (NTRS) 19930090857: Aerodynamic characteristics of thin empirical profiles and their application to the tail surfaces and ailerons of airplanes	english
NASA_NTRS_Archive_19930090858	1929-01-01	year	1929		NASA Technical Reports Server (NTRS) 19930090858: "Safety" fuels for aircraft engines	english
NASA_NTRS_Archive_19930090859	1929-01-01	year	1929		NASA Technical Reports Server (NTRS) 19930090859: Device for the Automatic Control of Airplanes	english
NASA_NTRS_Archive_19930090860	1929-01-01	year	1929		NASA Technical Reports Server (NTRS) 19930090860: Danger of ice formation on airplanes	english
NASA_NTRS_Archive_19930090861	1929-01-01	year	1929		NASA Technical Reports Server (NTRS) 19930090861: Effect of intake pipe on the volumetric efficiency of an internal combustion engine	english
NASA_NTRS_Archive_19930090862	1929-01-01	year	1929		NASA Technical Reports Server (NTRS) 19930090862: Impact waves and detonation. Part I	english
NASA_NTRS_Archive_19930090863	1929-01-01	year	1929		NASA Technical Reports Server (NTRS) 19930090863: Impact waves and detonation. Part II	english
NASA_NTRS_Archive_19930090864	1929-01-01	year	1929		NASA Technical Reports Server (NTRS) 19930090864: Landing and Braking of Airplanes	english
NASA_NTRS_Archive_19930090865	1929-01-01	year	1929		NASA Technical Reports Server (NTRS) 19930090865: Aeromechanical experimentation (wind tunnel tests)	english
NASA_NTRS_Archive_19930090866	1929-01-01	year	1929		NASA Technical Reports Server (NTRS) 19930090866: The transformation of heat in an engine	english
NASA_NTRS_Archive_19930090867	1929-01-01	year	1929		NASA Technical Reports Server (NTRS) 19930090867: :Theoretical investigation of the effect of the ailerons on the wing of an airplane	english
NASA_NTRS_Archive_19930090868	1929-01-01	year	1929		NASA Technical Reports Server (NTRS) 19930090868: Investigation of the Effect of the Fuselage on the Wing of a Low-Wing Monoplane	english
NASA_NTRS_Archive_19930090869	1929-01-01	year	1929		NASA Technical Reports Server (NTRS) 19930090869: On the Strength of Box Type Fuselages	english
NASA_NTRS_Archive_19930090870	1929-01-01	year	1929		NASA Technical Reports Server (NTRS) 19930090870: Materials and Methods of Construction in Light Structures	english
NASA_NTRS_Archive_19930090871	1929-01-01	year	1929		NASA Technical Reports Server (NTRS) 19930090871: Contribution to the technique of landing large airships. Part I	english
NASA_NTRS_Archive_19930090872	1929-01-01	year	1929		NASA Technical Reports Server (NTRS) 19930090872: Contribution to the technique of landing large airships. Part II	english
NASA_NTRS_Archive_19930090873	1929-01-01	year	1929		NASA Technical Reports Server (NTRS) 19930090873: Technical report of the 1928 Rhon soaring-flight contest	english
NASA_NTRS_Archive_19930090874	1929-01-01	year	1929		NASA Technical Reports Server (NTRS) 19930090874: Crank case scavenging of two-stroke-cycle engines	english
NASA_NTRS_Archive_19930090875	1928-01-01	year	1928		NASA Technical Reports Server (NTRS) 19930090875: The Armstrong Whitworth "Starling" (British) : (single seat fighter)	english
NASA_NTRS_Archive_19930090876	1931-01-01	year	1931		NASA Technical Reports Server (NTRS) 19930090876: The use of elektron metal in airplane construction	english
NASA_NTRS_Archive_19930090877	1929-01-01	year	1929		NASA Technical Reports Server (NTRS) 19930090877: Investigation of atomization in carburetors	english
NASA_NTRS_Archive_19930090878	1929-01-01	year	1929		NASA Technical Reports Server (NTRS) 19930090878: Force measurements on airplanes	english
NASA_NTRS_Archive_19930090879	1929-01-01	year	1929		NASA Technical Reports Server (NTRS) 19930090879: Torsional rigidity of cantilever wings with constant spar and rib sections	english
NASA_NTRS_Archive_19930090880	1929-01-01	year	1929		NASA Technical Reports Server (NTRS) 19930090880: Wings with Nozzle-Shaped Slots	english
NASA_NTRS_Archive_19930090881	1929-01-01	year	1929		NASA Technical Reports Server (NTRS) 19930090881: The Analysis of Aircraft Structures as Space Frameworks. Method Based on the Forces in the Longitudinal Members	english
NASA_NTRS_Archive_19930090882	1929-01-01	year	1929		NASA Technical Reports Server (NTRS) 19930090882: Autogenous welding in airplane construction	english
NASA_NTRS_Archive_19930090883	1929-01-01	year	1929		NASA Technical Reports Server (NTRS) 19930090883: Lautal as a material for airplane construction	english
NASA_NTRS_Archive_19930090884	1929-01-01	year	1929		NASA Technical Reports Server (NTRS) 19930090884: Buckling tests of light-metal tubes	english
NASA_NTRS_Archive_19930090885	1929-01-01	year	1929		NASA Technical Reports Server (NTRS) 19930090885: Metal construction development. Part I : strip metal construction - fuselage	english
NASA_NTRS_Archive_19930090886	1929-01-01	year	1929		NASA Technical Reports Server (NTRS) 19930090886: Metal Construction Development. Part II : Strip Metal Construction - Wing Spars	english
NASA_NTRS_Archive_19930090887	1929-01-01	year	1929		NASA Technical Reports Server (NTRS) 19930090887: Metal Construction Development. Part III : Strip Metal Construction - Wing Ribs	english
NASA_NTRS_Archive_19930090888	1929-01-01	year	1929		NASA Technical Reports Server (NTRS) 19930090888: Metal construction development. Part IV : moments of inertia of thin corrugated sections	english
NASA_NTRS_Archive_19930090889	1929-01-01	year	1929		NASA Technical Reports Server (NTRS) 19930090889: Travel of the center of pressure of airfoils transversely to the air stream	english
NASA_NTRS_Archive_19930090890	1929-01-01	year	1929		NASA Technical Reports Server (NTRS) 19930090890: Welding Rustproof Steels	english
NASA_NTRS_Archive_19930090891	1929-01-01	year	1929		NASA Technical Reports Server (NTRS) 19930090891: Welding of Stainless Materials	english
NASA_NTRS_Archive_19930090892	1929-01-01	year	1929		NASA Technical Reports Server (NTRS) 19930090892: Handley Page metal construction	english
NASA_NTRS_Archive_19930090893	1929-01-01	year	1929		NASA Technical Reports Server (NTRS) 19930090893: Experiments with a Wing Model from which the Boundary Is Removed by Suction	english
NASA_NTRS_Archive_19930090896	1929-01-01	year	1929		NASA Technical Reports Server (NTRS) 19930090896: Information obtained from airplane flight tests in the year 1927-1928	english
NASA_NTRS_Archive_19930090897	1929-01-01	year	1929		NASA Technical Reports Server (NTRS) 19930090897: Fire prevention on airplanes. Part I	english
NASA_NTRS_Archive_19930090898	1929-01-01	year	1929		NASA Technical Reports Server (NTRS) 19930090898: Fire prevention on airplanes. Part II	english
NASA_NTRS_Archive_19930090899	1929-01-01	year	1929		NASA Technical Reports Server (NTRS) 19930090899: Cantilever Wings for Modern Aircraft: Some Aspects of Cantilever Wing Construction with Special Reference to Weight and Torsional Stiffness	english
NASA_NTRS_Archive_19930090900	1929-01-01	year	1929		NASA Technical Reports Server (NTRS) 19930090900: Unsymmetrical forces in an airplane cell	english
NASA_NTRS_Archive_19930090901	1929-01-01	year	1929		NASA Technical Reports Server (NTRS) 19930090901: Mathematical and experimental investigation of heat control and power increase in air-cooled aircraft engines	english
NASA_NTRS_Archive_19930090902	1929-01-01	year	1929		NASA Technical Reports Server (NTRS) 19930090902: Technical details in the structural development of Rohrbach seaplanes	english
NASA_NTRS_Archive_19930090903	1929-01-01	year	1929		NASA Technical Reports Server (NTRS) 19930090903: Contribution to the aileron theory	english
NASA_NTRS_Archive_19930090904	1929-01-01	year	1929		NASA Technical Reports Server (NTRS) 19930090904: Calculation of the pressures on aircraft engine bearings	english
NASA_NTRS_Archive_19930090905	1929-01-01	year	1929		NASA Technical Reports Server (NTRS) 19930090905: Airplane drag	english
NASA_NTRS_Archive_19930090931	1933-01-01	year	1933		NASA Technical Reports Server (NTRS) 19930090931: The process of separation in the turbulent friction layer	english
NASA_NTRS_Archive_19930090936	1937-01-01	year	1937		NASA Technical Reports Server (NTRS) 19930090936: An analysis of lateral stability in power-off flight with charts for use in design	english
NASA_NTRS_Archive_19930090937	1938-01-01	year	1938		NASA Technical Reports Server (NTRS) 19930090937: Aerodynamic characteristics of a large number of airfoils tested in the variable-density wind tunnel	english
NASA_NTRS_Archive_19930091025	1916-01-01	year	1916		NASA Technical Reports Server (NTRS) 1916/19930091025.pdf: Annual Report of the National Advisory Committee for Aeronautics (1st). [Administrative Report Including Technical Reports Nos. 1 to 7]	english
NASA_NTRS_Archive_19930091026	1917-01-01	year	1917		NASA Technical Reports Server (NTRS) 19930091026: Report on Behavior of Aeroplanes in Gusts	english
NASA_NTRS_Archive_19930091027	1917-01-01	year	1917		NASA Technical Reports Server (NTRS) 19930091027: Investigation of Pitot tubes	english
NASA_NTRS_Archive_19930091028	1917-01-01	year	1917		NASA Technical Reports Server (NTRS) 19930091028: Report on Investigations of Aviation Wires and Cables, Their Fastenings and Terminal Connections	english
NASA_NTRS_Archive_19930091029	1917-01-01	year	1917		NASA Technical Reports Server (NTRS) 19930091029: Preliminary report on the problem of the atmosphere in relation to aeronautics	english
NASA_NTRS_Archive_19930091030	1917-01-01	year	1917		NASA Technical Reports Server (NTRS) 19930091030: Relative Worth of Improvements of Fabrics	english
NASA_NTRS_Archive_19930091031	1917-01-01	year	1917		NASA Technical Reports Server (NTRS) 19930091031: Investigations of Balloon and Aeroplane Fabrics	english
NASA_NTRS_Archive_19930091032	1917-01-01	year	1917		NASA Technical Reports Server (NTRS) 19930091032: Thermodynamic efficiency of present types of internal combustion engines for aircraft	english
NASA_NTRS_Archive_19930091033	1917-01-01	year	1917		NASA Technical Reports Server (NTRS) 19930091033: Annual report of the National Advisory Committee for Aeronautics (2nd) together with the message of the President of the United States transmitting the report for the fiscal year ending June 30, 1916. administrative report including technical report	english
NASA_NTRS_Archive_19930091034	1917-01-01	year	1917		NASA Technical Reports Server (NTRS) 19930091034: General specifications covering requirements of aeronautic instruments	english
NASA_NTRS_Archive_19930091035	1917-01-01	year	1917		NASA Technical Reports Server (NTRS) 19930091035: Nomenclature for aeronautics	english
NASA_NTRS_Archive_19930091036	1917-01-01	year	1917		NASA Technical Reports Server (NTRS) 19930091036: Mufflers for aeronautic engines	english
NASA_NTRS_Archive_19930091037	1917-01-01	year	1917		NASA Technical Reports Server (NTRS) 19930091037: Carburetor Design - a Preliminary Study of the State of the Art	english
NASA_NTRS_Archive_19930091038	1917-01-01	year	1917		NASA Technical Reports Server (NTRS) 19930091038: Experimental researches on the resistance of air	english
NASA_NTRS_Archive_19930091039	1918-01-01	year	1918		NASA Technical Reports Server (NTRS) 19930091039: Annual report of the National Advisory Committee for Aeronautics (3rd).administrative report including Technical Report nos. 13 to 23	english
NASA_NTRS_Archive_19930091040	1917-01-01	year	1917		NASA Technical Reports Server (NTRS) 19930091040: Meteorology and Aeronautics	english
NASA_NTRS_Archive_19930091041	1918-01-01	year	1918		NASA Technical Reports Server (NTRS) 19930091041: Experimental research on air propellers	english
NASA_NTRS_Archive_19930091044	1918-01-01	year	1918		NASA Technical Reports Server (NTRS) 19930091044: An Investigation of the Elements which Contribute to Statical and Dynamical Stability, and of the Effects of Variation in Those Elements	english
NASA_NTRS_Archive_19930091045	1918-01-01	year	1918		NASA Technical Reports Server (NTRS) 19930091045: Periodic Stresses in Gyroscopic Bodies, with Applications to Air Screws	english
NASA_NTRS_Archive_19930091046	1918-01-01	year	1918		NASA Technical Reports Server (NTRS) 19930091046: Aerofoils and Aerofoil Structural Combinations	english
NASA_NTRS_Archive_19930091047	1918-01-01	year	1918		NASA Technical Reports Server (NTRS) 19930091047: Aerodynamic coefficients and transformation tables	english
NASA_NTRS_Archive_19930091049	1918-01-01	year	1918		NASA Technical Reports Server (NTRS) 19930091049: Fabrics for aeronautic construction	english
NASA_NTRS_Archive_19930091050	1918-01-01	year	1918		NASA Technical Reports Server (NTRS) 19930091050: Aeronautic Power Plant Investigations	english
NASA_NTRS_Archive_19930091051	1920-01-01	year	1920		NASA Technical Reports Server (NTRS) 19930091051: Annual report of the National Advisory Committee for Aeronautics (4th).administrative report including Technical Reports nos. 24 to 50	english
NASA_NTRS_Archive_19930091052	1920-01-01	year	1920		NASA Technical Reports Server (NTRS) 19930091052: Air flow through poppet valves	english
NASA_NTRS_Archive_19930091053	1920-01-01	year	1920		NASA Technical Reports Server (NTRS) 19930091053: Nomenclature for aeronautics	english
NASA_NTRS_Archive_19930091054	1918-01-01	year	1918		NASA Technical Reports Server (NTRS) 19930091054: The Variation of Yawing Moment Due to Rolling	english
NASA_NTRS_Archive_19930091055	1918-01-01	year	1918		NASA Technical Reports Server (NTRS) 19930091055: Theory of an Airplane Encountering Gusts III	english
NASA_NTRS_Archive_19930091056	1920-01-01	year	1920		NASA Technical Reports Server (NTRS) 19930091056: An Introduction to the Laws of Air Resistance of Aerofoils	english
NASA_NTRS_Archive_19930091057	1920-01-01	year	1920		NASA Technical Reports Server (NTRS) 19930091057: The general theory of blade screws including propellers, fans, helicopter screws, helicoidal pumps, turbo-motors, and different kinds of helicoidal blades	english
NASA_NTRS_Archive_19930091058	1920-01-01	year	1920		NASA Technical Reports Server (NTRS) 19930091058: Experimental Research on Air Propellers II	english
NASA_NTRS_Archive_19930091061	1920-01-01	year	1920		NASA Technical Reports Server (NTRS) 19930091061: Development of Air Speed Nozzles	english
NASA_NTRS_Archive_19930091062	1920-01-01	year	1920		NASA Technical Reports Server (NTRS) 19930091062:	english
NASA_NTRS_Archive_19930091063	1920-01-01	year	1920		NASA Technical Reports Server (NTRS) 19930091063: Self-luminous materials	english
NASA_NTRS_Archive_19930091064	1920-01-01	year	1920		NASA Technical Reports Server (NTRS) 19930091064: Aluminum and its light alloys	english
NASA_NTRS_Archive_19930091065	1920-01-01	year	1920		NASA Technical Reports Server (NTRS) 19930091065: The Strength of One-Piece Solid, Build-Up and Laminated Wood Airplane Wing Beams	english
NASA_NTRS_Archive_19930091066	1920-01-01	year	1920		NASA Technical Reports Server (NTRS) 19930091066: The structure of airplane fabrics	english
NASA_NTRS_Archive_19930091067	1920-01-01	year	1920		NASA Technical Reports Server (NTRS) 19930091067: Fabric fastenings	english
NASA_NTRS_Archive_19930091068	1920-01-01	year	1920		NASA Technical Reports Server (NTRS) 19930091068: The testing of balloon fabrics	english
NASA_NTRS_Archive_19930091069	1920-01-01	year	1920		NASA Technical Reports Server (NTRS) 19930091069: The ferrosilicon process for the generation of hydrogen	english
NASA_NTRS_Archive_19930091070	1920-01-01	year	1920		NASA Technical Reports Server (NTRS) 19930091070: Testing balloon gas	english
NASA_NTRS_Archive_19930091071	1920-01-01	year	1920		NASA Technical Reports Server (NTRS) 19930091071: A new process for the production of aircraft-engine fuels	english
NASA_NTRS_Archive_19930091072	1920-01-01	year	1920		NASA Technical Reports Server (NTRS) 19930091072: Synopsis of aeronautic radiator investigations for years 1917 and 1918	english
NASA_NTRS_Archive_19930091073	1920-01-01	year	1920		NASA Technical Reports Server (NTRS) 19930091073: The Altitude Laboratory for the Test of Aircraft Engines	english
NASA_NTRS_Archive_19930091074	1919-01-01	year	1919		NASA Technical Reports Server (NTRS) 19930091074: Effect of Compression Ratio, Pressure, Temperature, and Humidity on Power	english
NASA_NTRS_Archive_19930091075	1920-01-01	year	1920		NASA Technical Reports Server (NTRS) 19930091075: A study of airplane engine tests	english
NASA_NTRS_Archive_19930091076	1920-01-01	year	1920		NASA Technical Reports Server (NTRS) 19930091076: Power characteristics of fuels for aircraft engines	english
NASA_NTRS_Archive_19930091077	1920-01-01	year	1920		NASA Technical Reports Server (NTRS) 19930091077: Carbureting conditions characteristics of aircraft engines	english
NASA_NTRS_Archive_19930091078	1919-01-01	year	1919		NASA Technical Reports Server (NTRS) 19930091078: Metering Characteristics of Carburetors	english
NASA_NTRS_Archive_19930091079	1920-01-01	year	1920		NASA Technical Reports Server (NTRS) 19930091079: Calculation of low-pressure indicator diagrams	english
NASA_NTRS_Archive_19930091086	1931-01-01	year	1931		NASA Technical Reports Server (NTRS) 19930091086: The Vertical Wind Tunnel of the National Advisory Committee for Aeronautics	english
NASA_NTRS_Archive_19930091087	1931-01-01	year	1931		NASA Technical Reports Server (NTRS) 19930091087: Reduction of turbulence in wind tunnels	english
NASA_NTRS_Archive_19930091096	1934-01-01	year	1934		NASA Technical Reports Server (NTRS) 19930091096: On the theory of laminar boundary layers involving separation	english
NASA_NTRS_Archive_19930091097	1932-01-01	year	1932		NASA Technical Reports Server (NTRS) 19930091097: Tests of Nacelle-Propeller Combinations in Various Positions with Reference to Wings II : Thick Wing - Various Radial-Engine Cowlings - Tractor Propeller	english
NASA_NTRS_Archive_19930091108	1933-01-01	year	1933		NASA Technical Reports Server (NTRS) 19930091108: The characteristics of 78 related airfoil sections from tests in the variable-density wind tunnel	english
NASA_NTRS_Archive_19930091112	1920-01-01	year	1920		NASA Technical Reports Server (NTRS) 19930091112: Annual report of the National Advisory Committee for Aeronautics (5th).administrative report including Technical Reports nos. 51 to 82	english
NASA_NTRS_Archive_19930091113	1920-01-01	year	1920		NASA Technical Reports Server (NTRS) 19930091113: Spark Plug Defects and Tests	english
NASA_NTRS_Archive_19930091114	1919-01-01	year	1919		NASA Technical Reports Server (NTRS) 19930091114: Temperatures in Spark Plugs Having Steel and Brass Shells	english
NASA_NTRS_Archive_19930091115	1920-01-01	year	1920		NASA Technical Reports Server (NTRS) 19930091115: Properties and preparation of ceramic insulators for spark plugs	english
NASA_NTRS_Archive_19930091116	1920-01-01	year	1920		NASA Technical Reports Server (NTRS) 19930091116: Effect of temperature and pressure on the sparking voltage	english
NASA_NTRS_Archive_19930091117	1920-01-01	year	1920		NASA Technical Reports Server (NTRS) 19930091117: Investigation of the Muffling Problem for Airplane Engines	english
NASA_NTRS_Archive_19930091118	1920-01-01	year	1920		NASA Technical Reports Server (NTRS) 19930091118: Heat energy of various ignition sparks	english
NASA_NTRS_Archive_19930091119	1920-01-01	year	1920		NASA Technical Reports Server (NTRS) 19930091119: The subsidiary gap as a means for improving ignition	english
NASA_NTRS_Archive_19930091120	1920-01-01	year	1920		NASA Technical Reports Server (NTRS) 19930091120: Characteristics of high-tension magnetos	english
NASA_NTRS_Archive_19930091121	1919-01-01	year	1919		NASA Technical Reports Server (NTRS) 19930091121: General Analysis of Airplane Radiator Problems	english
NASA_NTRS_Archive_19930091122	1920-01-01	year	1920		NASA Technical Reports Server (NTRS) 19930091122: Head Resistance Due to Radiators	english
NASA_NTRS_Archive_19930091123	1920-01-01	year	1920		NASA Technical Reports Server (NTRS) 19930091123: Effect of altitude on radiator performance	english
NASA_NTRS_Archive_19930091124	1920-01-01	year	1920		NASA Technical Reports Server (NTRS) 19930091124: Results of Tests on Radiators for Aircraft Engines	english
NASA_NTRS_Archive_19930091125	1919-01-01	year	1919		NASA Technical Reports Server (NTRS) 19930091125: General Discussion of Test Methods for Radiators	english
NASA_NTRS_Archive_19930091126	1920-01-01	year	1920		NASA Technical Reports Server (NTRS) 19930091126: Experimental Research on Air Propellers III	english
NASA_NTRS_Archive_19930091127	1919-01-01	year	1919		NASA Technical Reports Server (NTRS) 19930091127: The Kiln Drying of Wood for Airplanes	english
NASA_NTRS_Archive_19930091128	1920-01-01	year	1920		NASA Technical Reports Server (NTRS) 19930091128: Glues Used in Airplane Parts	english
NASA_NTRS_Archive_19930091129	1920-01-01	year	1920		NASA Technical Reports Server (NTRS) 19930091129: Supplies and production of aircraft wood	english
NASA_NTRS_Archive_19930091130	1920-01-01	year	1920		NASA Technical Reports Server (NTRS) 19930091130: The Effect of Kiln Drying on the Strength of Airplane Woods	english
NASA_NTRS_Archive_19930091131	1920-01-01	year	1920		NASA Technical Reports Server (NTRS) 19930091131: A study of airplane ranges and useful loads	english
NASA_NTRS_Archive_19930091132	1920-01-01	year	1920		NASA Technical Reports Server (NTRS) 19930091132: Preliminary Report on Free Flight Tests	english
NASA_NTRS_Archive_19930091133	1920-01-01	year	1920		NASA Technical Reports Server (NTRS) 19930091133: Slip-stream corrections performance computation	english
NASA_NTRS_Archive_19930091134	1920-01-01	year	1920		NASA Technical Reports Server (NTRS) 19930091134: Wind Tunnel Balances	english
NASA_NTRS_Archive_19930091135	1920-01-01	year	1920		NASA Technical Reports Server (NTRS) 19930091135: Construction of Models for Tests in Wind Tunnels	english
NASA_NTRS_Archive_19930091136	1920-01-01	year	1920		NASA Technical Reports Server (NTRS) 19930091136: The aerodynamic properties of thick aerofoils suitable for internal bracing	english
NASA_NTRS_Archive_19930091137	1920-01-01	year	1920		NASA Technical Reports Server (NTRS) 19930091137: Fuselage stress analysis	english
NASA_NTRS_Archive_19930091138	1920-01-01	year	1920		NASA Technical Reports Server (NTRS) 19930091138: The Parker Variable Camber Wing	english
NASA_NTRS_Archive_19930091139	1919-01-01	year	1919		NASA Technical Reports Server (NTRS) 19930091139: The Limiting Velocity in Falling from a Great Height	english
NASA_NTRS_Archive_19930091140	1920-01-01	year	1920		NASA Technical Reports Server (NTRS) 19930091140: Bomb trajectories	english
NASA_NTRS_Archive_19930091141	1920-01-01	year	1920		NASA Technical Reports Server (NTRS) 19930091141: Stability of the parachute and helicopter	english
NASA_NTRS_Archive_19930091142	1920-01-01	year	1920		NASA Technical Reports Server (NTRS) 19930091142: Comparison of United States and British Standard Pitot Tubes	english
NASA_NTRS_Archive_19930091143	1918-01-01	year	1918		NASA Technical Reports Server (NTRS) 19930091143: Airplane Stress Analysis	english
NASA_NTRS_Archive_19930091144	1919-01-01	year	1919		NASA Technical Reports Server (NTRS) 19930091144: The Design of Wind Tunnels and Wind Tunnel Propellers	english
NASA_NTRS_Archive_19930091145	1921-01-01	year	1921		NASA Technical Reports Server (NTRS) 19930091145: Annual report of the National Advisory Committee for Aeronautics (6th).administrative report including Technical Reports nos. 83 to 110	english
NASA_NTRS_Archive_19930091146	1921-01-01	year	1921		NASA Technical Reports Server (NTRS) 19930091146: Wind Tunnel Studies in Aerodynamic Phenomena at High Speed	english
NASA_NTRS_Archive_19930091147	1921-01-01	year	1921		NASA Technical Reports Server (NTRS) 19930091147: Data on the Design of Plywood for Aircraft	english
NASA_NTRS_Archive_19930091148	1921-01-01	year	1921		NASA Technical Reports Server (NTRS) 19930091148: Moisture Resistant Finishes for Airplane Woods	english
NASA_NTRS_Archive_19930091149	1921-01-01	year	1921		NASA Technical Reports Server (NTRS) 19930091149: Properties of Special Types of Radiators	english
NASA_NTRS_Archive_19930091151	1921-01-01	year	1921		NASA Technical Reports Server (NTRS) 19930091151: Pressure Drop in Radiator Air Tubes	english
NASA_NTRS_Archive_19930091152	1921-01-01	year	1921		NASA Technical Reports Server (NTRS) 19930091152: Comparison of alcogas aviation fuel with export aviation gasoline	english
NASA_NTRS_Archive_19930091153	1921-01-01	year	1921		NASA Technical Reports Server (NTRS) 19930091153: Nomenclature for Aeronautics	english
NASA_NTRS_Archive_19930091155	1921-01-01	year	1921		NASA Technical Reports Server (NTRS) 19930091155: Analysis of wing truss stresses including the effect of redundancies	english
NASA_NTRS_Archive_19930091156	1921-01-01	year	1921		NASA Technical Reports Server (NTRS) 19930091156: Aerodynamic characteristics of aerofoils I	english
NASA_NTRS_Archive_19930091157	1921-01-01	year	1921		NASA Technical Reports Server (NTRS) 19930091157: The Efficiency of Small Bearings in Instruments of the Type Used in Aircraft	english
NASA_NTRS_Archive_19930091158	1921-01-01	year	1921		NASA Technical Reports Server (NTRS) 19930091158: Diagrams of airplane stability	english
NASA_NTRS_Archive_19930091159	1921-01-01	year	1921		NASA Technical Reports Server (NTRS) 19930091159: Statical longitudinal stability of airplanes	english
NASA_NTRS_Archive_19930091160	1921-01-01	year	1921		NASA Technical Reports Server (NTRS) 19930091160: General Theory of the Steady Motion of an Airplane	english
NASA_NTRS_Archive_19930091161	1921-01-01	year	1921		NASA Technical Reports Server (NTRS) 19930091161: Design of Wind Tunnels and Wind Tunnel Propellers II	english
NASA_NTRS_Archive_19930091162	1921-01-01	year	1921		NASA Technical Reports Server (NTRS) 19930091162: Accelerations in Flight	english
NASA_NTRS_Archive_19930091163	1921-01-01	year	1921		NASA Technical Reports Server (NTRS) 19930091163: Accelerometer design	english
NASA_NTRS_Archive_19930091164	1921-01-01	year	1921		NASA Technical Reports Server (NTRS) 19930091164: The calculated performance of airplanes equipped with supercharging engines	english
NASA_NTRS_Archive_19930091165	1921-01-01	year	1921		NASA Technical Reports Server (NTRS) 19930091165: Performance of a Liberty 12 airplane engine	english
NASA_NTRS_Archive_19930091166	1921-01-01	year	1921		NASA Technical Reports Server (NTRS) 19930091166: Performance of a 300-horsepower Hispano-Suiza airplane engine	english
NASA_NTRS_Archive_19930091167	1921-01-01	year	1921		NASA Technical Reports Server (NTRS) 19930091167: Torsion of wing trusses at diving speeds	english
NASA_NTRS_Archive_19930091168	1921-01-01	year	1921		NASA Technical Reports Server (NTRS) 19930091168: Angles of Attack and Air Speeds During Maneuvers	english
NASA_NTRS_Archive_19930091169	1921-01-01	year	1921		NASA Technical Reports Server (NTRS) 19930091169: Turbulence in the air tubes of radiators for aircraft engines	english
NASA_NTRS_Archive_19930091170	1921-01-01	year	1921		NASA Technical Reports Server (NTRS) 19930091170: A High-speed Engine Pressure Indicator of the Balanced Diaphragm Type	english
NASA_NTRS_Archive_19930091171	1921-01-01	year	1921		NASA Technical Reports Server (NTRS) 19930091171: Factors of airplane engine performance	english
NASA_NTRS_Archive_19930091172	1921-01-01	year	1921		NASA Technical Reports Server (NTRS) 19930091172: Experimental research on air propellers IV	english
NASA_NTRS_Archive_19930091173	1921-01-01	year	1921		NASA Technical Reports Server (NTRS) 19930091173: The Altitude Effect on Air Speed Indicators	english
NASA_NTRS_Archive_19930091174	1923-01-01	year	1923		NASA Technical Reports Server (NTRS) 19930091174: Annual report of the National Advisory Committee for Aeronautics (7th).administrative report including Technical Reports nos. 111 to 132	english
NASA_NTRS_Archive_19930091175	1923-01-01	year	1923		NASA Technical Reports Server (NTRS) 19930091175: The variation of aerofoil lift and drag coefficients with changes in size and speed	english
NASA_NTRS_Archive_19930091176	1923-01-01	year	1923		NASA Technical Reports Server (NTRS) 19930091176: Tests on air propellers in yaw	english
NASA_NTRS_Archive_19930091178	1923-01-01	year	1923		NASA Technical Reports Server (NTRS) 19930091178: Some new aerodynamical relations	english
NASA_NTRS_Archive_19930091179	1923-01-01	year	1923		NASA Technical Reports Server (NTRS) 19930091179:	english
NASA_NTRS_Archive_19930091180	1923-01-01	year	1923		NASA Technical Reports Server (NTRS) 19930091180: Applications of Modern Hydrodynamics to Aeronautics. [in Two Parts	english
NASA_NTRS_Archive_19930091181	1923-01-01	year	1923		NASA Technical Reports Server (NTRS) 19930091181: The drag of Zeppelin airships	english
NASA_NTRS_Archive_19930091182	1923-01-01	year	1923		NASA Technical Reports Server (NTRS) 19930091182: The Pressure Distribution Over the Horizontal Tail Surfaces of an Airplane I	english
NASA_NTRS_Archive_19930091183	1921-01-01	year	1921		NASA Technical Reports Server (NTRS) 19930091183: The Pressure Distribution over the Horizontal Tail Surfaces of an Airplane II	english
NASA_NTRS_Archive_19930091184	1923-01-01	year	1923		NASA Technical Reports Server (NTRS) 19930091184: Practical stability and controllability of airplanes	english
NASA_NTRS_Archive_19930091185	1923-01-01	year	1923		NASA Technical Reports Server (NTRS) 19930091185: Preliminary Experiments to Determine Scale and Slip-Stream Effects on a 1/24th Size Model of a JN4H Biplane	english
NASA_NTRS_Archive_19930091186	1923-01-01	year	1923		NASA Technical Reports Server (NTRS) 19930091186: Simplified Theory of the Magneto	english
NASA_NTRS_Archive_19930091187	1923-01-01	year	1923		NASA Technical Reports Server (NTRS) 19930091187: Aerodynamic characteristics of aerofoils II : continuation of report no. 93	english
NASA_NTRS_Archive_19930091188	1923-01-01	year	1923		NASA Technical Reports Server (NTRS) 19930091188: Aeronautic instruments. Section I : general classification of instruments and problems including bibliography	english
NASA_NTRS_Archive_19930091189	1923-01-01	year	1923		NASA Technical Reports Server (NTRS) 19930091189: Aeronautic Instruments. Section II : Altitude Instruments	english
NASA_NTRS_Archive_19930091190	1923-01-01	year	1923		NASA Technical Reports Server (NTRS) 19930091190: Aeronautic Instruments. Section III : Aircraft Speed Instruments	english
NASA_NTRS_Archive_19930091191	1923-01-01	year	1923		NASA Technical Reports Server (NTRS) 19930091191: Aeronautic Instruments. Section IV : Direction Instruments	english
NASA_NTRS_Archive_19930091192	1923-01-01	year	1923		NASA Technical Reports Server (NTRS) 19930091192: Aeronautic Instruments. Section V : Power Plant Instruments	english
NASA_NTRS_Archive_19930091193	1923-01-01	year	1923		NASA Technical Reports Server (NTRS) 19930091193: Aeronautic Instruments. Section VI : Oxygen Instruments	english
NASA_NTRS_Archive_19930091194	1923-01-01	year	1923		NASA Technical Reports Server (NTRS) 19930091194: Aeronautic Instruments. Section VI : Aerial Navigation and Navigating Instruments	english
NASA_NTRS_Archive_19930091196	1934-01-01	year	1934		NASA Technical Reports Server (NTRS) 19930091196: Aircraft Power-Plant Instruments	english
NASA_NTRS_Archive_19930091197	1923-01-01	year	1923		NASA Technical Reports Server (NTRS) 19930091197: Annual report of the National Advisory Committee for Aeronautics (8th).administrative report including Technical Reports nos. 133 to 158	english
NASA_NTRS_Archive_19930091198	1923-01-01	year	1923		NASA Technical Reports Server (NTRS) 19930091198: The tail plane	english
NASA_NTRS_Archive_19930091199	1923-01-01	year	1923		NASA Technical Reports Server (NTRS) 19930091199: Performance of Maybach 300-horsepower airplane engine	english
NASA_NTRS_Archive_19930091200	1923-01-01	year	1923		NASA Technical Reports Server (NTRS) 19930091200: Performance of B. M. W. 185-Horsepower Airplane Engine	english
NASA_NTRS_Archive_19930091202	1923-01-01	year	1923		NASA Technical Reports Server (NTRS) 19930091202: The Drag of C Class Airship Hull with Varying Length of Cylindric Midships	english
NASA_NTRS_Archive_19930091203	1923-01-01	year	1923		NASA Technical Reports Server (NTRS) 19930091203: Influence of model surface and air flow texture on resistance of aerodynamic bodies	english
NASA_NTRS_Archive_19930091204	1923-01-01	year	1923		NASA Technical Reports Server (NTRS) 19930091204: Point drag and total drag of navy struts no. 1 modified	english
NASA_NTRS_Archive_19930091205	1923-01-01	year	1923		NASA Technical Reports Server (NTRS) 19930091205: Lift and drag effects of wing-tip rake	english
NASA_NTRS_Archive_19930091206	1923-01-01	year	1923		NASA Technical Reports Server (NTRS) 19930091206: General theory of thin wing sections	english
NASA_NTRS_Archive_19930091207	1923-01-01	year	1923		NASA Technical Reports Server (NTRS) 19930091207: Experimental research on air propellers V	english
NASA_NTRS_Archive_19930091208	1923-01-01	year	1923		NASA Technical Reports Server (NTRS) 19930091208: Analysis of Stresses in German Airplanes	english
NASA_NTRS_Archive_19930091209	1923-01-01	year	1923		NASA Technical Reports Server (NTRS) 19930091209: The decay of a simple eddy	english
NASA_NTRS_Archive_19930091210	1923-01-01	year	1923		NASA Technical Reports Server (NTRS) 19930091210: Internal Stresses in Laminated Construction	english
NASA_NTRS_Archive_19930091211	1923-01-01	year	1923		NASA Technical Reports Server (NTRS) 19930091211: The Six-Component Wind Balance	english
NASA_NTRS_Archive_19930091212	1923-01-01	year	1923		NASA Technical Reports Server (NTRS) 19930091212: Standard atmosphere	english
NASA_NTRS_Archive_19930091213	1923-01-01	year	1923		NASA Technical Reports Server (NTRS) 19930091213: The Pressure Distribution over the Horizontal Tail Surfaces of an Airplane III	english
NASA_NTRS_Archive_19930091214	1923-01-01	year	1923		NASA Technical Reports Server (NTRS) 19930091214: Pressure Distribution over the Rudder and Fin of an Airplane in Flight	english
NASA_NTRS_Archive_19930091215	1923-01-01	year	1923		NASA Technical Reports Server (NTRS) 19930091215:	english
NASA_NTRS_Archive_19930091216	1923-01-01	year	1923		NASA Technical Reports Server (NTRS) 19930091216: General biplane theory	english
NASA_NTRS_Archive_19930091217	1923-01-01	year	1923		NASA Technical Reports Server (NTRS) 19930091217: Aerodynamic properties of thick airfoils II	english
NASA_NTRS_Archive_19930091218	1923-01-01	year	1923		NASA Technical Reports Server (NTRS) 19930091218: Controllability and Maneuverability of Airplanes	english
NASA_NTRS_Archive_19930091219	1923-01-01	year	1923		NASA Technical Reports Server (NTRS) 19930091219: A Study of Taking off and Landing an Airplane	english
NASA_NTRS_Archive_19930091220	1923-01-01	year	1923		NASA Technical Reports Server (NTRS) 19930091220: A Study of Airplane Maneuvers with Special Reference to Angular Velocities	english
NASA_NTRS_Archive_19930091221	1923-01-01	year	1923		NASA Technical Reports Server (NTRS) 19930091221: The Altitude Effect on Air Speed Indicators II	english
NASA_NTRS_Archive_19930091224	1924-01-01	year	1924		NASA Technical Reports Server (NTRS) 19930091224: Annual Report of the National Advisory Committee for Aeronautics (9Th).Administrative Report Including Technical Reports Nos. 159 to 185	english
NASA_NTRS_Archive_19930091225	1924-01-01	year	1924		NASA Technical Reports Server (NTRS) 19930091225: Jet propulsion for airplanes	english
NASA_NTRS_Archive_19930091226	1924-01-01	year	1924		NASA Technical Reports Server (NTRS) 19930091226: An Airship Slide Rule	english
NASA_NTRS_Archive_19930091227	1924-01-01	year	1924		NASA Technical Reports Server (NTRS) 19930091227: The Distribution of Lift Over Wing Tips and Ailerons	english
NASA_NTRS_Archive_19930091228	1924-01-01	year	1924		NASA Technical Reports Server (NTRS) 19930091228: Complete Study of Longitudinal Oscillation of a VE-7 Airplane	english
NASA_NTRS_Archive_19930091229	1924-01-01	year	1924		NASA Technical Reports Server (NTRS) 19930091229: The Vertical, Longitudinal, and Lateral Accelerations Experienced by an S. E. 5a Airplane While Maneuvering	english
NASA_NTRS_Archive_19930091230	1924-01-01	year	1924		NASA Technical Reports Server (NTRS) 19930091230: The Inertial Coefficients of an Airship in a Frictionless Fluid	english
NASA_NTRS_Archive_19930091231	1924-01-01	year	1924		NASA Technical Reports Server (NTRS) 19930091231: Diaphragms for Aeronautic Instruments	english
NASA_NTRS_Archive_19930091232	1924-01-01	year	1924		NASA Technical Reports Server (NTRS) 19930091232: The Aerodynamic Plane Table	english
NASA_NTRS_Archive_19930091233	1924-01-01	year	1924		NASA Technical Reports Server (NTRS) 19930091233: The Measurement of the Damping in Roll on a Jn4h in Flight	english
NASA_NTRS_Archive_19930091234	1924-01-01	year	1924		NASA Technical Reports Server (NTRS) 19930091234: The general efficiency curve for air propellers	english
NASA_NTRS_Archive_19930091235	1924-01-01	year	1924		NASA Technical Reports Server (NTRS) 19930091235: The Effect of Airfoil Thickness and Plan Form on Lateral Control	english
NASA_NTRS_Archive_19930091236	1924-01-01	year	1924		NASA Technical Reports Server (NTRS) 19930091236: A study of longitudinal dynamic stability in flight	english
NASA_NTRS_Archive_19930091237	1924-01-01	year	1924		NASA Technical Reports Server (NTRS) 19930091237: Engine performance and the determination of absolute ceiling	english
NASA_NTRS_Archive_19930091238	1924-01-01	year	1924		NASA Technical Reports Server (NTRS) 19930091238: Dynamic stability as affected by the longitudinal moment of inertia	english
NASA_NTRS_Archive_19930091239	1924-01-01	year	1924		NASA Technical Reports Server (NTRS) 19930091239: Reliable formulae for estimating airplane performance and the effects of changes in weight, wing area, or power	english
NASA_NTRS_Archive_19930091240	1924-01-01	year	1924		NASA Technical Reports Server (NTRS) 19930091240:	english
NASA_NTRS_Archive_19930091241	1924-01-01	year	1924		NASA Technical Reports Server (NTRS) 19930091241: A Constant Pressure Bomb	english
NASA_NTRS_Archive_19930091242	1924-01-01	year	1924		NASA Technical Reports Server (NTRS) 19930091242: The Effect of Slipstream Obstructions on Air Propellers	english
NASA_NTRS_Archive_19930091243	1924-01-01	year	1924		NASA Technical Reports Server (NTRS) 19930091243: Relative efficiency of direct and geared drive propellers	english
NASA_NTRS_Archive_19930091244	1924-01-01	year	1924		NASA Technical Reports Server (NTRS) 19930091244: The effect of electrode temperature on the sparking voltage of short spark gaps	english
NASA_NTRS_Archive_19930091245	1924-01-01	year	1924		NASA Technical Reports Server (NTRS) 19930091245: The Influence of the Form of a Wooden Beam on Its Stiffness and Strength I : Deflection of Beams with Special Reference to Shear Deformations	english
NASA_NTRS_Archive_19930091246	1924-01-01	year	1924		NASA Technical Reports Server (NTRS) 19930091246: The Influence of the Form of a Wooden Beam on Its Stiffness and Strength II : Form Factors of Beams Subjected to Transverse Loading Only	english
NASA_NTRS_Archive_19930091249	1924-01-01	year	1924		NASA Technical Reports Server (NTRS) 19930091249: The Aerodynamic Forces on Airship Hulls	english
NASA_NTRS_Archive_19930091250	1924-01-01	year	1924		NASA Technical Reports Server (NTRS) 19930091250: The Resistance of Spheres in Wind Tunnels and In Air	english
NASA_NTRS_Archive_19930091251	1925-01-01	year	1925		NASA Technical Reports Server (NTRS) 19930091251: The application of propeller test data to design and performance calculations	english
NASA_NTRS_Archive_19930091252	1925-01-01	year	1925		NASA Technical Reports Server (NTRS) 19930091252: Annual report for the National Advisory Committee for Aeronautics (10th).administrative report including Technical Reports nos. 186 to 209	english
NASA_NTRS_Archive_19930091253	1925-01-01	year	1925		NASA Technical Reports Server (NTRS) 19930091253: Flame Speed and Spark Intensity	english
NASA_NTRS_Archive_19930091254	1925-01-01	year	1925		NASA Technical Reports Server (NTRS) 19930091254: The Influence of the Form of a Wooden Beam on Its Stiffness and Strength III : Stresses in Wood Members Subjected to Combined Column and Beam Action	english
NASA_NTRS_Archive_19930091255	1925-01-01	year	1925		NASA Technical Reports Server (NTRS) 19930091255: Relation of Fuel-Air Ratio to Engine Performance	english
NASA_NTRS_Archive_19930091256	1925-01-01	year	1925		NASA Technical Reports Server (NTRS) 19930091256: Correcting horsepower measurements to a standard temperature	english
NASA_NTRS_Archive_19930091257	1925-01-01	year	1925		NASA Technical Reports Server (NTRS) 19930091257: Elements of the Wing Section Theory and of the Wing Theory	english
NASA_NTRS_Archive_19930091258	1925-01-01	year	1925		NASA Technical Reports Server (NTRS) 19930091258: Charts for graphical estimation of airplane performance	english
NASA_NTRS_Archive_19930091259	1925-01-01	year	1925		NASA Technical Reports Server (NTRS) 19930091259: Pressure Distribution over the Wings of an MB-3 Airplane in Flight	english
NASA_NTRS_Archive_19930091260	1925-01-01	year	1925		NASA Technical Reports Server (NTRS) 19930091260: Investigation of Slipstream Velocity	english
NASA_NTRS_Archive_19930091261	1925-01-01	year	1925		NASA Technical Reports Server (NTRS) 19930091261: Standardization Tests of NACA No. 1 Wind Tunnel	english
NASA_NTRS_Archive_19930091262	1925-01-01	year	1925		NASA Technical Reports Server (NTRS) 19930091262: Comparison of model propeller tests with airfoil theory	english
NASA_NTRS_Archive_19930091263	1925-01-01	year	1925		NASA Technical Reports Server (NTRS) 19930091263: A new relation between the induced yawing moment and the rolling moment of an airfoil in straight motion	english
NASA_NTRS_Archive_19930091265	1925-01-01	year	1925		NASA Technical Reports Server (NTRS) 19930091265: Interference Tests on NACA Pitot Tubes	english
NASA_NTRS_Archive_19930091266	1925-01-01	year	1925		NASA Technical Reports Server (NTRS) 19930091266: Some problems on the lift and rolling moment of airplane wings	english
NASA_NTRS_Archive_19930091267	1925-01-01	year	1925		NASA Technical Reports Server (NTRS) 19930091267: The Effects of Shielding the Tips of Airfoils	english
NASA_NTRS_Archive_19930091268	1925-01-01	year	1925		NASA Technical Reports Server (NTRS) 19930091268: The sparking voltage of spark plugs	english
NASA_NTRS_Archive_19930091270	1925-01-01	year	1925		NASA Technical Reports Server (NTRS) 19930091270: Forces on Airships in Gusts	english
NASA_NTRS_Archive_19930091271	1925-01-01	year	1925		NASA Technical Reports Server (NTRS) 19930091271: The effect of changes in compression ratio upon engine performance	english
NASA_NTRS_Archive_19930091272	1925-01-01	year	1925		NASA Technical Reports Server (NTRS) 19930091272: Nonmetallic Diaphragms for Instruments	english
NASA_NTRS_Archive_19930091273	1925-01-01	year	1925		NASA Technical Reports Server (NTRS) 19930091273: Aerodynamic Characteristics of Airfoils at High Speeds	english
NASA_NTRS_Archive_19930091274	1925-01-01	year	1925		NASA Technical Reports Server (NTRS) 19930091274: Determination of Turning Characteristics of an Airship by Means of a Camera Obscura	english
NASA_NTRS_Archive_19930091275	1925-01-01	year	1925		NASA Technical Reports Server (NTRS) 19930091275: Characteristics of a Single Float Seaplane During Take-off	english
NASA_NTRS_Archive_19930091276	1926-01-01	year	1926		NASA Technical Reports Server (NTRS) 19930091276: Annual report for the National Advisory Committee for Aeronautics (11th).administrative report including Technical Reports nos. 210 to 232	english
NASA_NTRS_Archive_19930091277	1926-01-01	year	1926		NASA Technical Reports Server (NTRS) 19930091277: Inertia factors of ellipsoids for use in airship design	english
NASA_NTRS_Archive_19930091278	1926-01-01	year	1926		NASA Technical Reports Server (NTRS) 19930091278: Water model tests for semirigid airships	english
NASA_NTRS_Archive_19930091279	1926-01-01	year	1926		NASA Technical Reports Server (NTRS) 19930091279: Stability equations for airship hulls	english
NASA_NTRS_Archive_19930091280	1926-01-01	year	1926		NASA Technical Reports Server (NTRS) 19930091280: A resume of the advances in theoretical aeronautics made by Max M. Munk	english
NASA_NTRS_Archive_19930091281	1926-01-01	year	1926		NASA Technical Reports Server (NTRS) 19930091281: Wing spar stress charts and wing truss proportions	english
NASA_NTRS_Archive_19930091282	1926-01-01	year	1926		NASA Technical Reports Server (NTRS) 19930091282: Air Forces, Moments and Damping on Model of Fleet Airship Shenandoah	english
NASA_NTRS_Archive_19930091283	1926-01-01	year	1926		NASA Technical Reports Server (NTRS) 19930091283: The reduction of airplane flight test data to standard atmosphere conditions	english
NASA_NTRS_Archive_19930091284	1926-01-01	year	1926		NASA Technical Reports Server (NTRS) 19930091284: Preliminary wing model tests in the variable density wind tunnel of the National Advisory Committee for Aeronautics	english
NASA_NTRS_Archive_19930091285	1926-01-01	year	1926		NASA Technical Reports Server (NTRS) 19930091285: Standard atmosphere - tables and data	english
NASA_NTRS_Archive_19930091286	1926-01-01	year	1926		NASA Technical Reports Server (NTRS) 19930091286: Some aspects of the comparison of model and full-scale tests	english
NASA_NTRS_Archive_19930091287	1926-01-01	year	1926		NASA Technical Reports Server (NTRS) 19930091287: Comparison of Tests on Air Propellers in Flight with Wind Tunnel Model Tests on Similar Forms	english
NASA_NTRS_Archive_19930091288	1926-01-01	year	1926		NASA Technical Reports Server (NTRS) 19930091288: Model tests with a systematic series of 27 wing sections at full Reynolds number	english
NASA_NTRS_Archive_19930091289	1926-01-01	year	1926		NASA Technical Reports Server (NTRS) 19930091289: Spray Penetration with a Simple Fuel Injection Nozzle	english
NASA_NTRS_Archive_19930091290	1926-01-01	year	1926		NASA Technical Reports Server (NTRS) 19930091290: Pressure Distribution on the C-7 Airship	english
NASA_NTRS_Archive_19930091291	1926-01-01	year	1926		NASA Technical Reports Server (NTRS) 19930091291: An Investigation of the Coefficient of Discharge of Liquids Through Small Round Orifices	english
NASA_NTRS_Archive_19930091292	1926-01-01	year	1926		NASA Technical Reports Server (NTRS) 19930091292: The Air Forces on a Model of the Sperry Messenger Airplane Without Propeller	english
NASA_NTRS_Archive_19930091293	1926-01-01	year	1926		NASA Technical Reports Server (NTRS) 19930091293: Characteristics of a Boat Type Seaplane During Take-off	english
NASA_NTRS_Archive_19930091294	1926-01-01	year	1926		NASA Technical Reports Server (NTRS) 19930091294: The Variable Density Wind Tunnel of the National Advisory Committee for Aeronautics	english
NASA_NTRS_Archive_19930091295	1926-01-01	year	1926		NASA Technical Reports Server (NTRS) 19930091295: A study of the effect of a diving start on airplane speed	english
NASA_NTRS_Archive_19930091297	1926-01-01	year	1926		NASA Technical Reports Server (NTRS) 19930091297: Description and Laboratory Tests of a Roots Type Aircraft Engine Supercharger	english
NASA_NTRS_Archive_19930091298	1926-01-01	year	1926		NASA Technical Reports Server (NTRS) 19930091298: Investigation of Turbulence in Wind Tunnels by a Study of the Flow About Cylinders	english
NASA_NTRS_Archive_19930091299	1926-01-01	year	1926		NASA Technical Reports Server (NTRS) 19930091299: Fuels for high-compression engines	english
NASA_NTRS_Archive_19930091300	1927-01-01	year	1927		NASA Technical Reports Server (NTRS) 19930091300: Annual report for the National Advisory Committee for Aeronautics (12th).administrative report including Technical Reports nos. 233 to 256	english
NASA_NTRS_Archive_19930091301	1927-01-01	year	1927		NASA Technical Reports Server (NTRS) 19930091301: The aerodynamic characteristics of seven frequently used wing sections at full Reynolds number	english
NASA_NTRS_Archive_19930091302	1927-01-01	year	1927		NASA Technical Reports Server (NTRS) 19930091302: Three methods of calculating range and endurance of airplanes	english
NASA_NTRS_Archive_19930091303	1927-01-01	year	1927		NASA Technical Reports Server (NTRS) 19930091303: Interaction Between Air Propellers and Airplane Structures	english
NASA_NTRS_Archive_19930091304	1927-01-01	year	1927		NASA Technical Reports Server (NTRS) 19930091304: Tests on airplane fuselages, floats and hulls	english
NASA_NTRS_Archive_19930091305	1927-01-01	year	1927		NASA Technical Reports Server (NTRS) 19930091305: Tests on thirteen navy type model propellers	english
NASA_NTRS_Archive_19930091306	1927-01-01	year	1927		NASA Technical Reports Server (NTRS) 19930091306: The effect of flight path inclination on airplane velocity	english
NASA_NTRS_Archive_19930091307	1927-01-01	year	1927		NASA Technical Reports Server (NTRS) 19930091307: Power Output and Air Requirements of a Two-stroke Cycle Engine for Aeronautical Use	english
NASA_NTRS_Archive_19930091308	1927-01-01	year	1927		NASA Technical Reports Server (NTRS) 19930091308: Nomenclature for Aeronautics	english
NASA_NTRS_Archive_19930091309	1927-01-01	year	1927		NASA Technical Reports Server (NTRS) 19930091309: Electrical characteristics of spark generators for automotive ignition	english
NASA_NTRS_Archive_19930091310	1927-01-01	year	1927		NASA Technical Reports Server (NTRS) 19930091310: A Preliminary Study of Fuel Injection and Compression Ignition as Applied to an Aircraft Engine Cylinder	english
NASA_NTRS_Archive_19930091311	1927-01-01	year	1927		NASA Technical Reports Server (NTRS) 19930091311: Aerodynamic characteristics of airfoils IV : continuation of reports nos. 93, 124, and 182	english
NASA_NTRS_Archive_19930091312	1927-01-01	year	1927		NASA Technical Reports Server (NTRS) 19930091312: Meteorological conditions along airways	english
NASA_NTRS_Archive_19930091313	1927-01-01	year	1927		NASA Technical Reports Server (NTRS) 19930091313: Tables for calibrating altimeters and computing altitudes based on the standard atmosphere	english
NASA_NTRS_Archive_19930091314	1927-01-01	year	1927		NASA Technical Reports Server (NTRS) 19930091314: Pressure of air on coming to rest from various speeds	english
NASA_NTRS_Archive_19930091315	1927-01-01	year	1927		NASA Technical Reports Server (NTRS) 19930091315: The Corrosion of Magnesium and of the Magnesium Aluminum Alloys Containing Manganese	english
NASA_NTRS_Archive_19930091316	1927-01-01	year	1927		NASA Technical Reports Server (NTRS) 19930091316: A Comparison of the Take-off and Landing Characteristics of a Number of Service Airplane	english
NASA_NTRS_Archive_19930091317	1927-01-01	year	1927		NASA Technical Reports Server (NTRS) 19930091317: Description of the NACA Universal Test Engine and Some Test Results	english
NASA_NTRS_Archive_19930091318	1927-01-01	year	1927		NASA Technical Reports Server (NTRS) 19930091318: Approximations for column effect in airplane wing spars	english
NASA_NTRS_Archive_19930091319	1927-01-01	year	1927		NASA Technical Reports Server (NTRS) 19930091319: The Direct Measurement of Engine Power on an Airplane in Flight with a Hub Type Dynamometer	english
NASA_NTRS_Archive_19930091320	1927-01-01	year	1927		NASA Technical Reports Server (NTRS) 19930091320: Flow and Drag Formulas for Simple Quadrics	english
NASA_NTRS_Archive_19930091321	1927-01-01	year	1927		NASA Technical Reports Server (NTRS) 19930091321: Distribution of Pressure Over Model of the Upper Wing and Aileron of a Fokker D-VII Airplane	english
NASA_NTRS_Archive_19930091322	1927-01-01	year	1927		NASA Technical Reports Server (NTRS) 19930091322: Pressure Distribution Over Airfoils at High Speeds	english
NASA_NTRS_Archive_19930091323	1927-01-01	year	1927		NASA Technical Reports Server (NTRS) 19930091323: The air forces on a systematic series of biplane and triplane cellule models	english
NASA_NTRS_Archive_19930091324	1928-01-01	year	1928		NASA Technical Reports Server (NTRS) 19930091324: Annual report of the National Advisory Committee for Aeronautics (13th).administrative report including Technical Reports nos. 257 to 282	english
NASA_NTRS_Archive_19930091325	1928-01-01	year	1928		NASA Technical Reports Server (NTRS) 19930091325: Pressure Distribution over a Wing and Tail Rib of a VE-7 and of a TS Airplane in Flight	english
NASA_NTRS_Archive_19930091326	1928-01-01	year	1928		NASA Technical Reports Server (NTRS) 19930091326: Some Factors Affecting the Reproducibility of Penetration and the Cut-Off of Oil Sprays for Fuel-injection Engines	english
NASA_NTRS_Archive_19930091327	1928-01-01	year	1928		NASA Technical Reports Server (NTRS) 19930091327: Characteristics of propeller sections tested in the variable density wind tunnel	english
NASA_NTRS_Archive_19930091328	1928-01-01	year	1928		NASA Technical Reports Server (NTRS) 19930091328: The Effect of a Flap and Ailerons on the N.A.C.A. M-6 Airfoil Section	english
NASA_NTRS_Archive_19930091329	1928-01-01	year	1928		NASA Technical Reports Server (NTRS) 19930091329: Resistance and Cooling Power of Various Radiators	english
NASA_NTRS_Archive_19930091330	1928-01-01	year	1928		NASA Technical Reports Server (NTRS) 19930091330: Friction of Aviation Engines	english
NASA_NTRS_Archive_19930091331	1928-01-01	year	1928		NASA Technical Reports Server (NTRS) 19930091331: Preliminary Flight Tests of the N.A.C.A. Roots Type Aircraft Engine Supercharger	english
NASA_NTRS_Archive_19930091332	1928-01-01	year	1928		NASA Technical Reports Server (NTRS) 19930091332: Differential Pressures on a Pitot-venturi and a Pitot-static Nozzle over 360 Degrees Pitch and Yaw	english
NASA_NTRS_Archive_19930091333	1928-01-01	year	1928		NASA Technical Reports Server (NTRS) 19930091333: A Full-Scale Investigation of Ground Effect	english
NASA_NTRS_Archive_19930091334	1928-01-01	year	1928		NASA Technical Reports Server (NTRS) 19930091334: Air force and moment for N-20 wing with certain cut-outs	english
NASA_NTRS_Archive_19930091335	1928-01-01	year	1928		NASA Technical Reports Server (NTRS) 19930091335: Drag of wings with end plates	english
NASA_NTRS_Archive_19930091336	1928-01-01	year	1928		NASA Technical Reports Server (NTRS) 19930091336: Factors in the Design of Centrifugal Type Injection Valves for Oil Engines	english
NASA_NTRS_Archive_19930091337	1928-01-01	year	1928		NASA Technical Reports Server (NTRS) 19930091337: Air Force Tests of Sperry Messenger Model with Six Sets of Wings	english
NASA_NTRS_Archive_19930091338	1928-01-01	year	1928		NASA Technical Reports Server (NTRS) 19930091338: The Measurement of Pressure Through Tubes in Pressure Distribution Tests	english
NASA_NTRS_Archive_19930091339	1928-01-01	year	1928		NASA Technical Reports Server (NTRS) 19930091339: Pressure Distribution Tests on PW-9 Wing Models Showing Effects of Biplane Interference	english
NASA_NTRS_Archive_19930091340	1928-01-01	year	1928		NASA Technical Reports Server (NTRS) 19930091340: The relative performance obtained with several methods of control of an overcompressed engine using gasoline	english
NASA_NTRS_Archive_19930091341	1928-01-01	year	1928		NASA Technical Reports Server (NTRS) 19930091341: Wind Tunnel Tests on Autorotation and the "Flat Spin."	english
NASA_NTRS_Archive_19930091342	1928-01-01	year	1928		NASA Technical Reports Server (NTRS) 19930091342: The N.A.C.A. Photographic Apparatus for Studying Fuel Sprays from Oil Engine Injection Valves and Test Results from Several Researches	english
NASA_NTRS_Archive_19930091343	1928-01-01	year	1928		NASA Technical Reports Server (NTRS) 19930091343: The Effect of the Walls in Closed Type Wind Tunnels	english
NASA_NTRS_Archive_19930091344	1928-01-01	year	1928		NASA Technical Reports Server (NTRS) 19930091344: Combustion time in the engine cylinder and its effect on engine performance	english
NASA_NTRS_Archive_19930091345	1928-01-01	year	1928		NASA Technical Reports Server (NTRS) 19930091345: The comparative performance of an aviation engine at normal and high inlet air temperatures	english
NASA_NTRS_Archive_19930091346	1928-01-01	year	1928		NASA Technical Reports Server (NTRS) 19930091346: Lift, Drag, and Elevator Hinge Moments of Handley Page Control Surfaces	english
NASA_NTRS_Archive_19930091347	1928-01-01	year	1928		NASA Technical Reports Server (NTRS) 19930091347: Tests on Models of Three British Airplanes in the Variable Density Wind Tunnel	english
NASA_NTRS_Archive_19930091348	1928-01-01	year	1928		NASA Technical Reports Server (NTRS) 19930091348: The Gaseous Explosive Reaction : The Effect of Inert Gases	english
NASA_NTRS_Archive_19930091349	1928-01-01	year	1928		NASA Technical Reports Server (NTRS) 19930091349: The Effects of Fuel and Cylinder Gas Densities on the Characteristics of Fuel Sprays for Oil Engines	english
NASA_NTRS_Archive_19930091350	1928-01-01	year	1928		NASA Technical Reports Server (NTRS) 19930091350: Performance of Several Combustion Chambers Designed for Aircraft Oil Engines	english
NASA_NTRS_Archive_19930091351	1929-01-01	year	1929		NASA Technical Reports Server (NTRS) 19930091351: Annual report of the National Advisory Committee for Aeronautics (14th).administrative report including Technical Reports nos. 283 to 308	english
NASA_NTRS_Archive_19930091352	1929-01-01	year	1929		NASA Technical Reports Server (NTRS) 19930091352: A Preliminary Investigation of Supercharging an Air-Cooled Engine in Flight	english
NASA_NTRS_Archive_19930091353	1929-01-01	year	1929		NASA Technical Reports Server (NTRS) 19930091353: The comparative performance of Roots type aircraft engine superchargers as affected by change in impeller speed and displacement	english
NASA_NTRS_Archive_19930091354	1929-01-01	year	1929		NASA Technical Reports Server (NTRS) 19930091354: A Study of Wing Flutter	english
NASA_NTRS_Archive_19930091355	1929-01-01	year	1929		NASA Technical Reports Server (NTRS) 19930091355: Aerodynamic characteristics of airfoils V : continuation of reports nos. 93, 124, 182, and 244	english
NASA_NTRS_Archive_19930091356	1929-01-01	year	1929		NASA Technical Reports Server (NTRS) 19930091356: Theories of flow similitude	english
NASA_NTRS_Archive_19930091357	1929-01-01	year	1929		NASA Technical Reports Server (NTRS) 19930091357: Pressure Distribution Over a Rectangular Monoplane Wing Model up to 90 Degree Angle of Attack	english
NASA_NTRS_Archive_19930091358	1929-01-01	year	1929		NASA Technical Reports Server (NTRS) 19930091358: Forces on Elliptic Cylinders in Uniform Air Stream	english
NASA_NTRS_Archive_19930091359	1929-01-01	year	1929		NASA Technical Reports Server (NTRS) 19930091359: Water-Pressure Distribution on Seaplane Float	english
NASA_NTRS_Archive_19930091360	1929-01-01	year	1929		NASA Technical Reports Server (NTRS) 19930091360: Drag of C-Class Airship Hulls of Various Fineness Ratios	english
NASA_NTRS_Archive_19930091361	1928-01-01	year	1928		NASA Technical Reports Server (NTRS) 19930091361: Characteristics of Five Propellers in Flight	english
NASA_NTRS_Archive_19930091362	1929-01-01	year	1929		NASA Technical Reports Server (NTRS) 19930091362: Two practical methods for the calculation of the horizontal tail area necessary for a statically stable airplane	english
NASA_NTRS_Archive_19930091363	1929-01-01	year	1929		NASA Technical Reports Server (NTRS) 19930091363: The measurement of maximum cylinder pressures	english
NASA_NTRS_Archive_19930091364	1929-01-01	year	1929		NASA Technical Reports Server (NTRS) 19930091364: The variation in engine power with altitude determined from measurements in flight with a hub dynamometer	english
NASA_NTRS_Archive_19930091365	1929-01-01	year	1929		NASA Technical Reports Server (NTRS) 19930091365: Pressure Distribution Tests on PW-9 Wing Models from -18 Degree Through 90 Degree Angle of Attack	english
NASA_NTRS_Archive_19930091366	1929-01-01	year	1929		NASA Technical Reports Server (NTRS) 19930091366: Reduction of observed airplane performance to standard conditions	english
NASA_NTRS_Archive_19930091367	1929-01-01	year	1929		NASA Technical Reports Server (NTRS) 19930091367: Effect of Variation of Chord and Span of Ailerons on Rolling and Yawing Moments in Level Flight	english
NASA_NTRS_Archive_19930091368	1929-01-01	year	1929		NASA Technical Reports Server (NTRS) 19930091368: Investigation of damping liquids for aircraft instruments	english
NASA_NTRS_Archive_19930091369	1929-01-01	year	1929		NASA Technical Reports Server (NTRS) 19930091369: The Twenty-Foot Propeller Research Tunnel of the National Advisory Committee for Aeronautics	english
NASA_NTRS_Archive_19930091370	1929-01-01	year	1929		NASA Technical Reports Server (NTRS) 19930091370: Full Scale Tests of Wood Propellers on a VE-7 Airplane in the Propeller Research Tunnel	english
NASA_NTRS_Archive_19930091371	1929-01-01	year	1929		NASA Technical Reports Server (NTRS) 19930091371: Full Scale Tests on a Thin Metal Propeller at Various Tip Speeds	english
NASA_NTRS_Archive_19930091372	1929-01-01	year	1929		NASA Technical Reports Server (NTRS) 19930091372: An investigation of the use of discharge valves and an intake control for improving the performance of N.A.C.A. Roots type supercharger	english
NASA_NTRS_Archive_19930091373	1929-01-01	year	1929		NASA Technical Reports Server (NTRS) 19930091373: An Investigation of the Aerodynamic Characteristics of an Airplane Equipped with Several Different Sets of Wings	english
NASA_NTRS_Archive_19930091374	1929-01-01	year	1929		NASA Technical Reports Server (NTRS) 19930091374: The Gaseous Explosive Reaction : A Study of the Kinetics of Composite Fuels	english
NASA_NTRS_Archive_19930091375	1929-01-01	year	1929		NASA Technical Reports Server (NTRS) 19930091375: The Pressure Distribution over the Horizontal and Vertical Tail Surfaces of the F6C-4 Pursuit Airplane in Violent Maneuvers	english
NASA_NTRS_Archive_19930091376	1929-01-01	year	1929		NASA Technical Reports Server (NTRS) 19930091376: Full-Scale Wind-Tunnel Tests of a Series of Metal Propellers on a VE-7 Airplane	english
NASA_NTRS_Archive_19930091377	1929-01-01	year	1929		NASA Technical Reports Server (NTRS) 19930091377: Aircraft accidents : method of analysis	english
NASA_NTRS_Archive_19930091378	1930-01-01	year	1930		NASA Technical Reports Server (NTRS) 19930091378: Joint Report on Standardization Tests on N.P.L. R.A.F 15 Airfoil Model	english
NASA_NTRS_Archive_19930091379	1930-01-01	year	1930		NASA Technical Reports Server (NTRS) 19930091379: Annual report of the National Advisory Committee for Aeronautics (15th).administrative report including Technical Reports nos. 309 to 336	english
NASA_NTRS_Archive_19930091380	1930-01-01	year	1930		NASA Technical Reports Server (NTRS) 19930091380: Pressure element of constant logarithmic stiffness for temperature compensated altimeter	english
NASA_NTRS_Archive_19930091381	1930-01-01	year	1930		NASA Technical Reports Server (NTRS) 19930091381: Aerodynamic theory and test of strut forms. Part I	english
NASA_NTRS_Archive_19930091382	1930-01-01	year	1930		NASA Technical Reports Server (NTRS) 19930091382: The prediction of airfoil characteristics	english
NASA_NTRS_Archive_19930091383	1930-01-01	year	1930		NASA Technical Reports Server (NTRS) 19930091383: Drag and Cooling with Various Forms of Cowling for a "Whirlwind" Radial Air-Cooled Engine I	english
NASA_NTRS_Archive_19930091384	1930-01-01	year	1930		NASA Technical Reports Server (NTRS) 19930091384: Drag and Cooling with Various Forms of Cowling for a "Whirlwind" Radial Air-cooled Engine II	english
NASA_NTRS_Archive_19930091385	1930-01-01	year	1930		NASA Technical Reports Server (NTRS) 19930091385: Aerodynamic characteristics of airfoils VI : continuation of reports nos. 93, 124, 182, 244, and 286	english
NASA_NTRS_Archive_19930091386	1930-01-01	year	1930		NASA Technical Reports Server (NTRS) 19930091386: Tables for pressure of air on coming to rest from various speeds	english
NASA_NTRS_Archive_19930091387	1930-01-01	year	1930		NASA Technical Reports Server (NTRS) 19930091387: Wind-Tunnel Tests on a Series of Wing Models Through a Large Angle of Attack Range. Part I : Force Tests	english
NASA_NTRS_Archive_19930091388	1930-01-01	year	1930		NASA Technical Reports Server (NTRS) 19930091388: Speed and Deceleration Trials of U.S.S. Los Angeles	english
NASA_NTRS_Archive_19930091389	1930-01-01	year	1930		NASA Technical Reports Server (NTRS) 19930091389: Aerodynamic Characteristics of Twenty-Four Airfoils at High Speeds	english
NASA_NTRS_Archive_19930091390	1930-01-01	year	1930		NASA Technical Reports Server (NTRS) 19930091390: The Measurement of Fluctuations of Air Speed by the Hot-Wire Anemometer	english
NASA_NTRS_Archive_19930091391	1930-01-01	year	1930		NASA Technical Reports Server (NTRS) 19930091391: Fuel Vapor Pressures and the Relation of Vapor Pressure to the Preparation of Fuel for Combustion in Fuel Injection Engines	english
NASA_NTRS_Archive_19930091392	1930-01-01	year	1930		NASA Technical Reports Server (NTRS) 19930091392: Investigation of air flow in open-throat wind tunnels	english
NASA_NTRS_Archive_19930091393	1930-01-01	year	1930		NASA Technical Reports Server (NTRS) 19930091393: Flow and Force Equations for a Body Revolving in a Fluid	english
NASA_NTRS_Archive_19930091394	1930-01-01	year	1930		NASA Technical Reports Server (NTRS) 19930091394: Flight Tests on U.S.S. Los Angeles. Part I : Full Scale Pressure Distribution Investigation	english
NASA_NTRS_Archive_19930091395	1930-01-01	year	1930		NASA Technical Reports Server (NTRS) 19930091395: Flight Tests on U.S.S. Los Angeles. Part II : Stress and Strength Determination	english
NASA_NTRS_Archive_19930091396	1930-01-01	year	1930		NASA Technical Reports Server (NTRS) 19930091396: Tests of Five Metal Model Propellers with Various Pitch Distributions in a Free Wind Stream and in Combination with Model VE-7 Fuselage	english
NASA_NTRS_Archive_19930091397	1930-01-01	year	1930		NASA Technical Reports Server (NTRS) 19930091397: The Effect of Supercharger Capacity on Engine and Airplane Performance	english
NASA_NTRS_Archive_19930091398	1930-01-01	year	1930		NASA Technical Reports Server (NTRS) 19930091398: Water Pressure Distribution on a Twin-Float Seaplane	english
NASA_NTRS_Archive_19930091399	1930-01-01	year	1930		NASA Technical Reports Server (NTRS) 19930091399: The torsional strength of wings	english
NASA_NTRS_Archive_19930091400	1930-01-01	year	1930		NASA Technical Reports Server (NTRS) 19930091400: Experimental and Analytical Determination of the Motion of Hydraulically Operated Valve Stems in Oil Engine Injection Systems	english
NASA_NTRS_Archive_19930091401	1930-01-01	year	1930		NASA Technical Reports Server (NTRS) 19930091401: Collection of wind-tunnel data on commonly used wing sections	english
NASA_NTRS_Archive_19930091402	1930-01-01	year	1930		NASA Technical Reports Server (NTRS) 19930091402: The Effect of Cowling on Cylinder Temperatures and Performance of a Wright J-5 Engine	english
NASA_NTRS_Archive_19930091403	1930-01-01	year	1930		NASA Technical Reports Server (NTRS) 19930091403: Full-Scale Turning Characteristics of the U.S.S. Los Angeles	english
NASA_NTRS_Archive_19930091404	1930-01-01	year	1930		NASA Technical Reports Server (NTRS) 19930091404: The Torsion of Members Having Sections Common in Aircraft Construction	english
NASA_NTRS_Archive_19930091405	1930-01-01	year	1930		NASA Technical Reports Server (NTRS) 19930091405: Aerodynamic Theory and Tests of Strut Forms-II	english
NASA_NTRS_Archive_19930091406	1930-01-01	year	1930		NASA Technical Reports Server (NTRS) 19930091406: Tests of Large Airfoils in the Propeller Research Tunnel, Including Two with Corrugated Surfaces	english
NASA_NTRS_Archive_19930091407	1931-01-01	year	1931		NASA Technical Reports Server (NTRS) 19930091407: Annual report of the National Advisory Committee for Aeronautics (16th).administrative report including Technical Reports nos. 337 to 364	english
NASA_NTRS_Archive_19930091408	1931-01-01	year	1931		NASA Technical Reports Server (NTRS) 19930091408: The gaseous explosive reaction at constant pressure : the reaction order and reaction rate	english
NASA_NTRS_Archive_19930091409	1931-01-01	year	1931		NASA Technical Reports Server (NTRS) 19930091409: The Effect of Reduction Gearing on Propeller-body Interference as Shown by Full-Scale Wind-Tunnel Tests	english
NASA_NTRS_Archive_19930091410	1931-01-01	year	1931		NASA Technical Reports Server (NTRS) 19930091410: Full-Scale Wind-Tunnel Tests with a Series of Propellers of Different Diameters on a Single Fuselage	english
NASA_NTRS_Archive_19930091411	1931-01-01	year	1931		NASA Technical Reports Server (NTRS) 19930091411: Effect of Turbulence in Wind-Tunnel Measurements	english
NASA_NTRS_Archive_19930091412	1931-01-01	year	1931		NASA Technical Reports Server (NTRS) 19930091412: Effect of Variation of Chord and Span of Ailerons on Rolling and Yawing Moments at Several Angles of Pitch	english
NASA_NTRS_Archive_19930091413	1931-01-01	year	1931		NASA Technical Reports Server (NTRS) 19930091413: The Design of Plywood Webs for Airplane Wing Beams	english
NASA_NTRS_Archive_19930091414	1931-01-01	year	1931		NASA Technical Reports Server (NTRS) 19930091414: The Design of Airplane Wing Ribs	english
NASA_NTRS_Archive_19930091415	1931-01-01	year	1931		NASA Technical Reports Server (NTRS) 19930091415: Water Pressure Distribution on a Flying Boat Hull	english
NASA_NTRS_Archive_19930091416	1931-01-01	year	1931		NASA Technical Reports Server (NTRS) 19930091416: A method of calculating the ultimate strength of continuous beams	english
NASA_NTRS_Archive_19930091417	1931-01-01	year	1931		NASA Technical Reports Server (NTRS) 19930091417: A proof of the theorem regarding the distribution of lift over the span for minimum induced drag	english
NASA_NTRS_Archive_19930091418	1931-01-01	year	1931		NASA Technical Reports Server (NTRS) 19930091418: Working Charts for the Selection of Aluminum Alloy Propellers of a Standard Form to Operate with Various Aircraft Engines and Bodies	english
NASA_NTRS_Archive_19930091419	1931-01-01	year	1931		NASA Technical Reports Server (NTRS) 19930091419: Full-Scale Wind-Tunnel Tests of a Propeller with the Diameter Changed by Cutting off the Blade Tips	english
NASA_NTRS_Archive_19930091420	1931-01-01	year	1931		NASA Technical Reports Server (NTRS) 19930091420: Strength of Welded Joints in Tubular Members for Aircraft	english
NASA_NTRS_Archive_19930091421	1931-01-01	year	1931		NASA Technical Reports Server (NTRS) 19930091421: Large-scale aerodynamic characteristics of airfoils as tested in the variable density wind tunnel	english
NASA_NTRS_Archive_19930091422	1931-01-01	year	1931		NASA Technical Reports Server (NTRS) 19930091422: Airfoil Pressure Distribution Investigation in the Variable Density Wind Tunnel	english
NASA_NTRS_Archive_19930091423	1931-01-01	year	1931		NASA Technical Reports Server (NTRS) 19930091423: Aircraft woods: their properties, selection, and characteristics	english
NASA_NTRS_Archive_19930091424	1931-01-01	year	1931		NASA Technical Reports Server (NTRS) 19930091424: Full-Scale Wind-Tunnel Tests on Several Metal Propellers Having Different Blade Forms	english
NASA_NTRS_Archive_19930091425	1931-01-01	year	1931		NASA Technical Reports Server (NTRS) 19930091425: The Design and Development of an Automatic Injection Valve with an Annular Orifice of Varying Area	english
NASA_NTRS_Archive_19930091426	1931-01-01	year	1931		NASA Technical Reports Server (NTRS) 19930091426: Comparative Flight Performance with an NACA Roots Supercharger and a Turbocentrifugal Supercharger	english
NASA_NTRS_Archive_19930091427	1931-01-01	year	1931		NASA Technical Reports Server (NTRS) 19930091427: Strength of Rectangular Flat Plates Under Edge Compression	english
NASA_NTRS_Archive_19930091428	1931-01-01	year	1931		NASA Technical Reports Server (NTRS) 19930091428: Aircraft accidents : method of analysis	english
NASA_NTRS_Archive_19930091429	1931-01-01	year	1931		NASA Technical Reports Server (NTRS) 19930091429: Temperature Coefficient of the Modulus of Rigidity of Aircraft Instrument Diaphragm and Spring Materials	english
NASA_NTRS_Archive_19930091430	1931-01-01	year	1931		NASA Technical Reports Server (NTRS) 19930091430: An Investigation of the Effectiveness of Ignition Sparks	english
NASA_NTRS_Archive_19930091431	1931-01-01	year	1931		NASA Technical Reports Server (NTRS) 19930091431: Pressure Distribution Over a Symmetrical Airfoil Section with Trailing Edge Flap	english
NASA_NTRS_Archive_19930091432	1931-01-01	year	1931		NASA Technical Reports Server (NTRS) 19930091432: Experimental Determination of Jet Boundary Corrections for Airfoil Tests in Four Open Wind Tunnel Jets of Different Shapes	english
NASA_NTRS_Archive_19930091433	1931-01-01	year	1931		NASA Technical Reports Server (NTRS) 19930091433: An extended theory of thin airfoils and its application to the biplane problem	english
NASA_NTRS_Archive_19930091434	1931-01-01	year	1931		NASA Technical Reports Server (NTRS) 19930091434: Pressure Fluctuations in a Common-Rail Fuel Injection System	english
NASA_NTRS_Archive_19930091435	1931-01-01	year	1931		NASA Technical Reports Server (NTRS) 19930091435: The Pressure Distribution over the Wings and Tail Surfaces of a PW-9 Pursuit Airplane in Flight	english
NASA_NTRS_Archive_19930091436	1932-01-01	year	1932		NASA Technical Reports Server (NTRS) 19930091436: Annual report of the National Advisory Committee for Aeronautics (17th).administrative report including Technical Report nos. 365 to 400	english
NASA_NTRS_Archive_19930091437	1932-01-01	year	1932		NASA Technical Reports Server (NTRS) 19930091437: Aerodynamic characteristics of circular-arc airfoils at high speeds	english
NASA_NTRS_Archive_19930091438	1932-01-01	year	1932		NASA Technical Reports Server (NTRS) 19930091438: Dynamic and Flight Tests on Rubber-Cord and Oleo-Rubber-Disk Landing Gears for an F6C-4 Airplane	english
NASA_NTRS_Archive_19930091439	1932-01-01	year	1932		NASA Technical Reports Server (NTRS) 19930091439: Pressure Distribution Over a Thick, Tapered and Twisted Monoplane Wing Model-NACA 81-J	english
NASA_NTRS_Archive_19930091440	1932-01-01	year	1932		NASA Technical Reports Server (NTRS) 19930091440: A new chart for estimating the absolute ceiling of an airplane	english
NASA_NTRS_Archive_19930091441	1932-01-01	year	1932		NASA Technical Reports Server (NTRS) 19930091441: Maneuverability Investigation of the F6C-3 Airplane with Special Flight Instruments	english
NASA_NTRS_Archive_19930091442	1932-01-01	year	1932		NASA Technical Reports Server (NTRS) 19930091442: Present status of aircraft instruments	english
NASA_NTRS_Archive_19930091443	1932-01-01	year	1932		NASA Technical Reports Server (NTRS) 19930091443: Effect of variation of chord and span of ailerons on hinge moments at several angles of pitch	english
NASA_NTRS_Archive_19930091444	1932-01-01	year	1932		NASA Technical Reports Server (NTRS) 19930091444: The Gaseous Explosive Reaction : the Effect of Pressure on the Rate of Propagation of the Reaction Zone and upon the Rate of Molecular Transformation	english
NASA_NTRS_Archive_19930091445	1932-01-01	year	1932		NASA Technical Reports Server (NTRS) 19930091445: Coefficients of discharge of fuel-injection nozzles for compression-ignition engines	english
NASA_NTRS_Archive_19930091446	1932-01-01	year	1932		NASA Technical Reports Server (NTRS) 19930091446: The Automotive Ignition Coil	english
NASA_NTRS_Archive_19930091447	1932-01-01	year	1932		NASA Technical Reports Server (NTRS) 19930091447: Full-Scale Tests of Metal Propellers at High Tip Speeds	english
NASA_NTRS_Archive_19930091448	1932-01-01	year	1932		NASA Technical Reports Server (NTRS) 19930091448: Some approximate equations for the standard atmosphere	english
NASA_NTRS_Archive_19930091449	1932-01-01	year	1932		NASA Technical Reports Server (NTRS) 19930091449: A Method of Flight Measurement of Spins	english
NASA_NTRS_Archive_19930091450	1932-01-01	year	1932		NASA Technical Reports Server (NTRS) 19930091450: Comparison of Full-Scale Propellers Having R.A.F.-6 and Clark Y Airfoil Sections	english
NASA_NTRS_Archive_19930091451	1932-01-01	year	1932		NASA Technical Reports Server (NTRS) 19930091451: Rolling Moments Due to Rolling and Yaw for Four Wing Models in Rotation	english
NASA_NTRS_Archive_19930091452	1932-01-01	year	1932		NASA Technical Reports Server (NTRS) 19930091452: Pressure Distribution Over the Fuselage of a PW-9 Pursuit Airplane in Flight	english
NASA_NTRS_Archive_19930091453	1932-01-01	year	1932		NASA Technical Reports Server (NTRS) 19930091453: Static, Drop, and Flight Tests on Musselman Type Airwheels	english
NASA_NTRS_Archive_19930091454	1932-01-01	year	1932		NASA Technical Reports Server (NTRS) 19930091454: Elastic Instability of Members Having Sections Common in Aircraft Construction	english
NASA_NTRS_Archive_19930091455	1924-01-01	year	1924		NASA Technical Reports Server (NTRS) 19930091455: Analysis of W. F. Durand's and E. P. Lesley's propeller tests	english
NASA_NTRS_Archive_19930091456	1923-01-01	year	1923		NASA Technical Reports Server (NTRS) 19930091456: The Minimum Induced Drag of Aerofoils	english
NASA_NTRS_Archive_19930091457	1927-01-01	year	1927		NASA Technical Reports Server (NTRS) 19930091457: Characteristics of a twin-float seaplane during take-off	english
NASA_NTRS_Archive_19930091458	1932-01-01	year	1932		NASA Technical Reports Server (NTRS) 19930091458: The comparative performance of superchargers	english
NASA_NTRS_Archive_19930091459	1932-01-01	year	1932		NASA Technical Reports Server (NTRS) 19930091459: Wind-Tunnel Tests on Airfoil Boundary Layer Control Using a Backward-Opening Slot	english
NASA_NTRS_Archive_19930091460	1932-01-01	year	1932		NASA Technical Reports Server (NTRS) 19930091460: Maneuverability Investigation of an F6C-4 Fighting Airplane	english
NASA_NTRS_Archive_19930091461	1932-01-01	year	1932		NASA Technical Reports Server (NTRS) 19930091461: On the theory of wing sections with particular reference to the lift distribution	english
NASA_NTRS_Archive_19930091462	1932-01-01	year	1932		NASA Technical Reports Server (NTRS) 19930091462: Investigation of the diaphragm-type pressure cell	english
NASA_NTRS_Archive_19930091463	1932-01-01	year	1932		NASA Technical Reports Server (NTRS) 19930091463: The Effect of Small Angles of Yaw and Pitch on the Characteristics of Airplane Propellers	english
NASA_NTRS_Archive_19930091464	1932-01-01	year	1932		NASA Technical Reports Server (NTRS) 19930091464: The Effect of Valve Timing Upon the Performance of a Supercharged Engine at Altitude and an Unsupercharged Engine at Sea Level	english
NASA_NTRS_Archive_19930091465	1932-01-01	year	1932		NASA Technical Reports Server (NTRS) 19930091465: The aerodynamic characteristics of eight very thick airfoils from tests in the variable density wind tunnel	english
NASA_NTRS_Archive_19930091466	1932-01-01	year	1932		NASA Technical Reports Server (NTRS) 19930091466: Span-Load Distribution as a Factor in Stability in Roll	english
NASA_NTRS_Archive_19930091467	1932-01-01	year	1932		NASA Technical Reports Server (NTRS) 19930091467: Airship Model Tests in the Variable Density Wind Tunnel	english
NASA_NTRS_Archive_19930091468	1932-01-01	year	1932		NASA Technical Reports Server (NTRS) 19930091468: A New Principle of Sound Frequency Analysis	english
NASA_NTRS_Archive_19930091469	1932-01-01	year	1932		NASA Technical Reports Server (NTRS) 19930091469: Hydraulics of Fuel-Injection Pumps for Compression-ignition Engines	english
NASA_NTRS_Archive_19930091470	1932-01-01	year	1932		NASA Technical Reports Server (NTRS) 19930091470: The drag characteristics of several airships determined by deceleration tests	english
NASA_NTRS_Archive_19930091471	1932-01-01	year	1932		NASA Technical Reports Server (NTRS) 19930091471: Investigation of Damping Liquids for Aircraft Instruments : II	english
NASA_NTRS_Archive_19930091472	1932-01-01	year	1932		NASA Technical Reports Server (NTRS) 19930091472: Flame Movement and Pressure Development in an Engine Cylinder	english
NASA_NTRS_Archive_19930091473	1932-01-01	year	1932		NASA Technical Reports Server (NTRS) 19930091473: The Aerodynamic Characteristics of a Slotted Clark Y Wing as Affected by the Auxiliary Airfoil Position	english
NASA_NTRS_Archive_19930091474	1933-01-01	year	1933		NASA Technical Reports Server (NTRS) 19930091474: Annual report of the National Advisory Committee for Aeronautics (18th).administrative report including Technical Report nos. 401 to 440	english
NASA_NTRS_Archive_19930091475	1933-01-01	year	1933		NASA Technical Reports Server (NTRS) 19930091475: Combustion in a High-Speed Compression-Ignition Engine	english
NASA_NTRS_Archive_19930091476	1933-01-01	year	1933		NASA Technical Reports Server (NTRS) 19930091476: Effect of orifice length-diameter ratio on fuel sprays for compression-ignition engines	english
NASA_NTRS_Archive_19930091477	1933-01-01	year	1933		NASA Technical Reports Server (NTRS) 19930091477: Ice Prevention on Aircraft by Means of Engine Exhaust Heat and a Technical Study of Heat Transmission from a Clark Y Airfoil	english
NASA_NTRS_Archive_19930091478	1933-01-01	year	1933		NASA Technical Reports Server (NTRS) 19930091478: The Effect of Increased Carburetor Pressure on Engine Performance at Several Compression Ratios	english
NASA_NTRS_Archive_19930091479	1933-01-01	year	1933		NASA Technical Reports Server (NTRS) 19930091479: Application of practical hydrodynamics to airship design	english
NASA_NTRS_Archive_19930091480	1933-01-01	year	1933		NASA Technical Reports Server (NTRS) 19930091480: Drop and Flight Tests on NY-2 Landing Gears Including Measurements of Vertical Velocities at Landing	english
NASA_NTRS_Archive_19930091481	1933-01-01	year	1933		NASA Technical Reports Server (NTRS) 19930091481: The characteristics of a Clark y wing model equipped with several forms of low-drag fixed slots	english
NASA_NTRS_Archive_19930091482	1933-01-01	year	1933		NASA Technical Reports Server (NTRS) 19930091482: General formulas and charts for the calculation of airplane performance	english
NASA_NTRS_Archive_19930091483	1933-01-01	year	1933		NASA Technical Reports Server (NTRS) 19930091483: The Elimination of Fire Hazard Due to Back Fires	english
NASA_NTRS_Archive_19930091484	1933-01-01	year	1933		NASA Technical Reports Server (NTRS) 19930091484: The theory of wind-tunnel wall interference	english
NASA_NTRS_Archive_19930091485	1933-01-01	year	1933		NASA Technical Reports Server (NTRS) 19930091485: Theory of wing sections of arbitrary shape	english
NASA_NTRS_Archive_19930091486	1933-01-01	year	1933		NASA Technical Reports Server (NTRS) 19930091486: The 7 by 10 Foot Wind Tunnel of the National Advisory Committee for Aeronautics	english
NASA_NTRS_Archive_19930091487	1933-01-01	year	1933		NASA Technical Reports Server (NTRS) 19930091487: A Method for Computing Leading-Edge Loads	english
NASA_NTRS_Archive_19930091488	1933-01-01	year	1933		NASA Technical Reports Server (NTRS) 19930091488: The Effect on Airplane Performance of the Factors That Must Be Considered in Applying Low-Drag Cowling to Radial Engines	english
NASA_NTRS_Archive_19930091489	1933-01-01	year	1933		NASA Technical Reports Server (NTRS) 19930091489: Tests of Nacelle-propeller Combinations in Various Positions with Reference to Wings. Part I : Thick Wing-N.A.C.A. Cowled Nacelle-Tractor Propeller	english
NASA_NTRS_Archive_19930091490	1933-01-01	year	1933		NASA Technical Reports Server (NTRS) 19930091490: The NACA variable-density wind tunnel	english
NASA_NTRS_Archive_19930091491	1933-01-01	year	1933		NASA Technical Reports Server (NTRS) 19930091491: Pressure Distribution Tests on a Series of Clark Y Biplane Cellules with Special Reference to Stability	english
NASA_NTRS_Archive_19930091492	1933-01-01	year	1933		NASA Technical Reports Server (NTRS) 19930091492: Preliminary Investigation of Modifications to Conventional Airplanes to Give Nonstalling and Short-Landing Characteristics	english
NASA_NTRS_Archive_19930091493	1933-01-01	year	1933		NASA Technical Reports Server (NTRS) 19930091493: Wind-tunnel research comparing lateral control devices, particularly at high angles of attack I : ordinary ailerons on rectangular wings	english
NASA_NTRS_Archive_19930091494	1933-01-01	year	1933		NASA Technical Reports Server (NTRS) 19930091494: Aircraft Speed Instruments	english
NASA_NTRS_Archive_19930091495	1933-01-01	year	1933		NASA Technical Reports Server (NTRS) 19930091495: Measurement of the Differential and Total Thrust and Torque of Six Full-Scale Adjustable-Pitch Propellers	english
NASA_NTRS_Archive_19930091496	1933-01-01	year	1933		NASA Technical Reports Server (NTRS) 19930091496: Wind-tunnel research comparing lateral control devices, particularly at high angles of attack II : slotted ailerons and frise ailerons	english
NASA_NTRS_Archive_19930091497	1933-01-01	year	1933		NASA Technical Reports Server (NTRS) 19930091497: Wind-tunnel research comparing lateral control devices, particularly at high angles of attack III : ordinary ailerons rigged up 10 degrees when neutral	english
NASA_NTRS_Archive_19930091498	1933-01-01	year	1933		NASA Technical Reports Server (NTRS) 19930091498: Wind-tunnel research comparing lateral control devices, particularly at high angles of attack IV : floating tip ailerons on rectangular wings	english
NASA_NTRS_Archive_19930091499	1933-01-01	year	1933		NASA Technical Reports Server (NTRS) 19930091499: The Effect of Nozzle Design and Operating Conditions on the Atomization and Distribution of Fuel Sprays	english
NASA_NTRS_Archive_19930091500	1933-01-01	year	1933		NASA Technical Reports Server (NTRS) 19930091500: The effect of humidity on engine power at altitude	english
NASA_NTRS_Archive_19930091501	1933-01-01	year	1933		NASA Technical Reports Server (NTRS) 19930091501: The effect of multiple fixed slots and a trailing-edge flap on the lift and drag of a Clark Y airfoil	english
NASA_NTRS_Archive_19930091502	1933-01-01	year	1933		NASA Technical Reports Server (NTRS) 19930091502: Wind-tunnel tests of a Clark Y wing with a narrow auxiliary airfoil in different positions	english
NASA_NTRS_Archive_19930091503	1933-01-01	year	1933		NASA Technical Reports Server (NTRS) 19930091503: The NACA Apparatus for Studying the Formation and Combustion of Fuel Sprays and the Results from Preliminary Tests	english
NASA_NTRS_Archive_19930091504	1933-01-01	year	1933		NASA Technical Reports Server (NTRS) 19930091504: Characteristics of Clark Y airfoils of small aspect ratios	english
NASA_NTRS_Archive_19930091505	1933-01-01	year	1933		NASA Technical Reports Server (NTRS) 19930091505: Force Measurements on a 1/40-scale Model of the U. S. Airship "Akron."	english
NASA_NTRS_Archive_19930091506	1933-01-01	year	1933		NASA Technical Reports Server (NTRS) 19930091506: Rates of fuel discharge as affected by the design of fuel-injection systems for internal-combustion engines	english
NASA_NTRS_Archive_19930091507	1933-01-01	year	1933		NASA Technical Reports Server (NTRS) 19930091507: Measurements of Flow in the Boundary Layer of a 1/40-Scale Model of the U. S. Airship "Akron."	english
NASA_NTRS_Archive_19930091508	1933-01-01	year	1933		NASA Technical Reports Server (NTRS) 19930091508: Lift and Drag Characteristics and Gliding Performance of an Autogiro as Determined in Flight	english
NASA_NTRS_Archive_19930091509	1933-01-01	year	1933		NASA Technical Reports Server (NTRS) 19930091509: Fuel Vaporization and Its Effect on Combustion in a High-Speed Compression-Ignition Engine	english
NASA_NTRS_Archive_19930091510	1933-01-01	year	1933		NASA Technical Reports Server (NTRS) 19930091510: The effect of area aspect ratio on the yawing moments of rudders at large angles of pitch on three fuselages	english
NASA_NTRS_Archive_19930091511	1933-01-01	year	1933		NASA Technical Reports Server (NTRS) 19930091511: Experiments on the Distribution of Fuel in Fuel Sprays	english
NASA_NTRS_Archive_19930091512	1933-01-01	year	1933		NASA Technical Reports Server (NTRS) 19930091512: Wind-tunnel research comparing lateral control devices, particularly at high angles of attack V : spoilers and ailerons on rectangular wings	english
NASA_NTRS_Archive_19930091513	1933-01-01	year	1933		NASA Technical Reports Server (NTRS) 19930091513: The Mechanism of Atomization Accompanying Solid Injection	english
NASA_NTRS_Archive_19930091514	1934-01-01	year	1934		NASA Technical Reports Server (NTRS) 19930091514: Annual report of the National Advisory Committee for Aeronautics (19th).administrative report including Technical Report nos. 441 to 474	english
NASA_NTRS_Archive_19930091515	1934-01-01	year	1934		NASA Technical Reports Server (NTRS) 19930091515: A flight investigation of the spinning of the NY-1 airplane with varied mass distribution and other modifications, and an analysis based on wind-tunnel tests	english
NASA_NTRS_Archive_19930091516	1934-01-01	year	1934		NASA Technical Reports Server (NTRS) 19930091516: A Comparison Between the Theoretical and Measured Longitudinal Stability Characteristics of an Airplane	english
NASA_NTRS_Archive_19930091517	1934-01-01	year	1934		NASA Technical Reports Server (NTRS) 19930091517: Pressure-Distribution Measurements on the Hull and Fins of a 1/40-Scale Model of the U. S. Airship "Akron."	english
NASA_NTRS_Archive_19930091518	1934-01-01	year	1934		NASA Technical Reports Server (NTRS) 19930091518: Wind-tunnel research comparing lateral control devices, particularly at high angles of attack VI : skewed ailerons on rectangular wings	english
NASA_NTRS_Archive_19930091519	1934-01-01	year	1934		NASA Technical Reports Server (NTRS) 19930091519: Working charts for the determination of the lift distribution between biplane wings	english
NASA_NTRS_Archive_19930091520	1934-01-01	year	1934		NASA Technical Reports Server (NTRS) 19930091520: Airfoil section characteristics as affected by protuberances	english
NASA_NTRS_Archive_19930091521	1934-01-01	year	1934		NASA Technical Reports Server (NTRS) 19930091521: Static thrust of airplane propellers	english
NASA_NTRS_Archive_19930091522	1934-01-01	year	1934		NASA Technical Reports Server (NTRS) 19930091522: Improved Apparatus for the Measurement of Fluctuations of Air Speed in Turbulent Flow	english
NASA_NTRS_Archive_19930091523	1934-01-01	year	1934		NASA Technical Reports Server (NTRS) 19930091523: Wing characteristics as affected by protuberances of short span	english
NASA_NTRS_Archive_19930091524	1934-01-01	year	1934		NASA Technical Reports Server (NTRS) 19930091524: The calculation of take-off run	english
NASA_NTRS_Archive_19930091526	1934-01-01	year	1934		NASA Technical Reports Server (NTRS) 19930091526: The Drag of Two Streamline Bodies as Affected by Protuberances and Appendages	english
NASA_NTRS_Archive_19930091527	1934-01-01	year	1934		NASA Technical Reports Server (NTRS) 19930091527: General Potential Theory of Arbitrary Wing Section	english
NASA_NTRS_Archive_19930091528	1934-01-01	year	1934		NASA Technical Reports Server (NTRS) 19930091528: The estimation of maximum load capacity of seaplanes and flying boats	english
NASA_NTRS_Archive_19930091529	1934-01-01	year	1934		NASA Technical Reports Server (NTRS) 19930091529: Photomicrographic Studies of Fuel Sprays	english
NASA_NTRS_Archive_19930091530	1934-01-01	year	1934		NASA Technical Reports Server (NTRS) 19930091530: Penetration and Duration of Fuel Sprays from a Pump Injection System	english
NASA_NTRS_Archive_19930091531	1934-01-01	year	1934		NASA Technical Reports Server (NTRS) 19930091531: The Aerodynamic Forces and Moments Exerted on a Spinning Model of the NY-1 Airplane as Measured by the Spinning Balance	english
NASA_NTRS_Archive_19930091532	1934-01-01	year	1934		NASA Technical Reports Server (NTRS) 19930091532: Maneuverability Investigation of an O3U-1 Observation Airplane	english
NASA_NTRS_Archive_19930091533	1934-01-01	year	1934		NASA Technical Reports Server (NTRS) 19930091533: Relative loading on biplane wings	english
NASA_NTRS_Archive_19930091534	1934-01-01	year	1934		NASA Technical Reports Server (NTRS) 19930091534: The NACA full-scale wind tunnel	english
NASA_NTRS_Archive_19930091535	1934-01-01	year	1934		NASA Technical Reports Server (NTRS) 19930091535: Interference on an airfoil of finite span in an open wind tunnel	english
NASA_NTRS_Archive_19930091536	1933-01-01	year	1933		NASA Technical Reports Server (NTRS) 19930091536: Tests of Nacelle-Propeller Combinations in Various Positions with Reference to Wings III : Clark Y Wing - Various Radial-engine Cowlings - Tractor Propeller	english
NASA_NTRS_Archive_19930091537	1934-01-01	year	1934		NASA Technical Reports Server (NTRS) 19930091537: The NACA High-Speed Wind Tunnel and Tests of Six Propeller Sections	english
NASA_NTRS_Archive_19930091538	1934-01-01	year	1934		NASA Technical Reports Server (NTRS) 19930091538: Negative Thrust and Torque Characteristics of an Adjustable-Pitch Metal Propeller	english
NASA_NTRS_Archive_19930091539	1924-01-01	year	1924		NASA Technical Reports Server (NTRS) 19930091539:	english
NASA_NTRS_Archive_19930091540	1934-01-01	year	1934		NASA Technical Reports Server (NTRS) 19930091540: Determination of the theoretical pressure distribution for twenty airfoils	english
NASA_NTRS_Archive_19930091541	1934-01-01	year	1934		NASA Technical Reports Server (NTRS) 19930091541: The experimental determination of the moments of inertia of airplanes	english
NASA_NTRS_Archive_19930091542	1934-01-01	year	1934		NASA Technical Reports Server (NTRS) 19930091542: The Interference Between Struts in Various Combinations	english
NASA_NTRS_Archive_19930091543	1934-01-01	year	1934		NASA Technical Reports Server (NTRS) 19930091543: Increasing the Air Charge and Scavenging the Clearance Volume of a Compression-Ignition Engine	english
NASA_NTRS_Archive_19930091544	1934-01-01	year	1934		NASA Technical Reports Server (NTRS) 19930091544: The NACA Tank : A High-speed Towing Basin for Testing Models of Seaplane Floats	english
NASA_NTRS_Archive_19930091545	1934-01-01	year	1934		NASA Technical Reports Server (NTRS) 19930091545: Performance of a Fuel-Injection Spark-Ignition Engine Using a Hydrogenated Safety Fuel	english
NASA_NTRS_Archive_19930091546	1934-01-01	year	1934		NASA Technical Reports Server (NTRS) 19930091546: Wind-tunnel tests on combinations of a wing with fixed auxiliary airfoils having various chords and profiles	english
NASA_NTRS_Archive_19930091547	1934-01-01	year	1934		NASA Technical Reports Server (NTRS) 19930091547: Strength Tests of Thin-Walled Duralumin Cylinders in Compression	english
NASA_NTRS_Archive_19930091548	1935-01-01	year	1935		NASA Technical Reports Server (NTRS) 19930091548: Annual report of the National Advisory Committee for Aeronautics (20th).administrative report including Technical Report nos. 475 to 507	english
NASA_NTRS_Archive_19930091549	1935-01-01	year	1935		NASA Technical Reports Server (NTRS) 19930091549: Wing Pressure Distribution and Rotor-Blade Motion of an Autogiro as Determined in Flight	english
NASA_NTRS_Archive_19930091550	1935-01-01	year	1935		NASA Technical Reports Server (NTRS) 19930091550: Relation of Hydrogen and Methane to Carbon Monoxide in Exhaust Gases from Internal-Combustion Engines	english
NASA_NTRS_Archive_19930091551	1935-01-01	year	1935		NASA Technical Reports Server (NTRS) 19930091551: Effect of Viscosity on Fuel Leakage Between Lapped Plungers and Sleeves and on the Discharge from a Pump-Injection System	english
NASA_NTRS_Archive_19930091552	1935-01-01	year	1935		NASA Technical Reports Server (NTRS) 19930091552: Experimental Verification of the Theory of Wind-Tunnel Boundary Interference	english
NASA_NTRS_Archive_19930091553	1935-01-01	year	1935		NASA Technical Reports Server (NTRS) 19930091553: Stability of Thin-Walled Tubes Under Torsion	english
NASA_NTRS_Archive_19930091554	1935-01-01	year	1935		NASA Technical Reports Server (NTRS) 19930091554: The Aerodynamic Effects of Wing Cut-Outs	english
NASA_NTRS_Archive_19930091555	1935-01-01	year	1935		NASA Technical Reports Server (NTRS) 19930091555: Working Charts for the Determination of Propeller Thrust at Various Air Speeds	english
NASA_NTRS_Archive_19930091556	1935-01-01	year	1935		NASA Technical Reports Server (NTRS) 19930091556: Wing-Fuselage Interference, Tail Buffeting, and Air Flow About the Tail of a Low-Wing Monoplane	english
NASA_NTRS_Archive_19930091557	1935-01-01	year	1935		NASA Technical Reports Server (NTRS) 19930091557: Effect of Moderate Air Flow on the Distribution of Fuel Sprays After Injection Cut-0ff	english
NASA_NTRS_Archive_19930091558	1935-01-01	year	1935		NASA Technical Reports Server (NTRS) 19930091558: A flight investigation of the effect of mass distribution and control setting on the spinning of the XN2Y-1 airplane	english
NASA_NTRS_Archive_19930091559	1935-01-01	year	1935		NASA Technical Reports Server (NTRS) 19930091559: The Drag of Airplane Wheels, Wheel Fairings, and Landing Gears - I	english
NASA_NTRS_Archive_19930091560	1935-01-01	year	1935		NASA Technical Reports Server (NTRS) 19930091560: Infrared radiation from explosions in a spark-ignition engine	english
NASA_NTRS_Archive_19930091561	1935-01-01	year	1935		NASA Technical Reports Server (NTRS) 19930091561: An aerodynamic analysis of the autogiro rotor with a comparison between calculated and experimental results	english
NASA_NTRS_Archive_19930091562	1935-01-01	year	1935		NASA Technical Reports Server (NTRS) 19930091562: Heat Transfer from Finned Metal Cylinders in an Air Stream	english
NASA_NTRS_Archive_19930091563	1935-01-01	year	1935		NASA Technical Reports Server (NTRS) 19930091563: Air Conditions Close to the Ground and the Effect on Airplane Landings	english
NASA_NTRS_Archive_19930091564	1935-01-01	year	1935		NASA Technical Reports Server (NTRS) 19930091564: The Weathering of Aluminum Alloy Sheet Materials Used in Aircraft	english
NASA_NTRS_Archive_19930091565	1935-01-01	year	1935		NASA Technical Reports Server (NTRS) 19930091565: Vibration Response of Airplane Structures	english
NASA_NTRS_Archive_19930091566	1935-01-01	year	1935		NASA Technical Reports Server (NTRS) 19930091566: Tests of 16 related airfoils at high speed	english
NASA_NTRS_Archive_19930091567	1935-01-01	year	1935		NASA Technical Reports Server (NTRS) 19930091567: The Physical Effects of Detonation in a Closed Cylindrical Chamber	english
NASA_NTRS_Archive_19930091568	1935-01-01	year	1935		NASA Technical Reports Server (NTRS) 19930091568: A Flight Investigation of the Lateral Control Characteristics of Short Wide Ailerons and Various Spoilers with Different Amounts of Wing Dihedral	english
NASA_NTRS_Archive_19930091569	1935-01-01	year	1935		NASA Technical Reports Server (NTRS) 19930091569: A Description and Test Results of a Spark-Ignition and a Compression-Ignition 2-Stroke-Cycle Engine	english
NASA_NTRS_Archive_19930091570	1935-01-01	year	1935		NASA Technical Reports Server (NTRS) 19930091570: Computation of the two-dimensional flow in a laminar boundary layer	english
NASA_NTRS_Archive_19930091571	1935-01-01	year	1935		NASA Technical Reports Server (NTRS) 19930091571: Improved Airplane Windshields to Provide Vision in Stormy Weather	english
NASA_NTRS_Archive_19930091572	1935-01-01	year	1935		NASA Technical Reports Server (NTRS) 19930091572: Wind-tunnel research comparing lateral control devices, particularly at high angles of attack XII : upper-surface ailerons on wings with split flaps	english
NASA_NTRS_Archive_19930091573	1935-01-01	year	1935		NASA Technical Reports Server (NTRS) 19930091573: The Influence of Tip Shape on the Wing Load Distribution as Determined by Flight Tests	english
NASA_NTRS_Archive_19930091574	1935-01-01	year	1935		NASA Technical Reports Server (NTRS) 19930091574: Relative loading on biplane wings of unequal chords	english
NASA_NTRS_Archive_19930091575	1935-01-01	year	1935		NASA Technical Reports Server (NTRS) 19930091575: Scale Effect on Clark Y Airfoil Characteristics from NACA Full-Scale Wind-Tunnel Tests	english
NASA_NTRS_Archive_19930091576	1935-01-01	year	1935		NASA Technical Reports Server (NTRS) 19930091576: The Effect of Spray Strips on the Take-off Performance of a Model of a Flying-Boat Hull	english
NASA_NTRS_Archive_19930091577	1935-01-01	year	1935		NASA Technical Reports Server (NTRS) 19930091577: Tests of Nacelle-Propeller Combinations in Various Positions with Reference to Wings IV : Thick Wing - Various Radial-Engine Cowlings - Tandem Propellers	english
NASA_NTRS_Archive_19930091578	1935-01-01	year	1935		NASA Technical Reports Server (NTRS) 19930091578: Tests of Nacelle-Propeller Combinations in Various Positions with Reference to Wings V : Clark Y Biplane Cellule - NACA Cowled Nacelle - Tractor Propeller	english
NASA_NTRS_Archive_19930091579	1935-01-01	year	1935		NASA Technical Reports Server (NTRS) 19930091579: Tests of Nacelle-Propeller Combinations in Various Positions with Reference to Wings VI : Wings and Nacelles with Pusher Propeller	english
NASA_NTRS_Archive_19930091580	1936-01-01	year	1936		NASA Technical Reports Server (NTRS) 19930091580: Annual report of the National Advisory Committee for Aeronautics (21st).administrative report including Technical Report nos. 508 to 541	english
NASA_NTRS_Archive_19930091581	1936-01-01	year	1936		NASA Technical Reports Server (NTRS) 19930091581: Analysis of 2-spar cantilever wings with special reference to torsion and load transference	english
NASA_NTRS_Archive_19930091582	1936-01-01	year	1936		NASA Technical Reports Server (NTRS) 19930091582: General equations for the stress analysis of rings	english
NASA_NTRS_Archive_19930091583	1936-01-01	year	1936		NASA Technical Reports Server (NTRS) 19930091583: Wind-Tunnel Research Comparing Lateral Control Devices Particularly at High Angles of Attack XIII : Auxiliary Airfoils Used as External Ailerons	english
NASA_NTRS_Archive_19930091584	1936-01-01	year	1936		NASA Technical Reports Server (NTRS) 19930091584: The Effect of Baffles on the Temperature Distribution and Heat-transfer Coefficients of Finned Cylinders	english
NASA_NTRS_Archive_19930091585	1936-01-01	year	1936		NASA Technical Reports Server (NTRS) 19930091585: Some Factors Affecting Combustion in an Internal-Combustion Engine	english
NASA_NTRS_Archive_19930091586	1936-01-01	year	1936		NASA Technical Reports Server (NTRS) 19930091586: Experimental Investigation of the Robinson-Type Cup Anemometer	english
NASA_NTRS_Archive_19930091587	1935-01-01	year	1935		NASA Technical Reports Server (NTRS) 19930091587: Full-Scale Wind-Tunnel Tests of a PCA-2 Autogiro Rotor	english
NASA_NTRS_Archive_19930091588	1936-01-01	year	1936		NASA Technical Reports Server (NTRS) 19930091588: The Measurement of the Field of View from Airplane Cockpits	english
NASA_NTRS_Archive_19930091589	1936-01-01	year	1936		NASA Technical Reports Server (NTRS) 19930091589: Potential flow about elongated bodies of revolution	english
NASA_NTRS_Archive_19930091590	1936-01-01	year	1936		NASA Technical Reports Server (NTRS) 19930091590: Flight Investigation of Lateral Control Devices for Use with Full-Span Flaps	english
NASA_NTRS_Archive_19930091591	1936-01-01	year	1936		NASA Technical Reports Server (NTRS) 19930091591: The Drag of Airplane Wheels, Wheel Fairings, and Landing Gears II : Nonretractable and Partly Retractable Landing Gears	english
NASA_NTRS_Archive_19930091592	1936-01-01	year	1936		NASA Technical Reports Server (NTRS) 19930091592: Spinning Characteristics of Wings I : Rectangular Clark Y Monoplane Wing	english
NASA_NTRS_Archive_19930091593	1936-01-01	year	1936		NASA Technical Reports Server (NTRS) 19930091593: A Comparison of Fuel Sprays from Several Types of Injection Nozzles	english
NASA_NTRS_Archive_19930091594	1936-01-01	year	1936		NASA Technical Reports Server (NTRS) 19930091594: An analysis of longitudinal stability in power-off flight with charts for use in design	english
NASA_NTRS_Archive_19930091595	1936-01-01	year	1936		NASA Technical Reports Server (NTRS) 19930091595: The Drag of Airplane Wheels, Wheel Fairings, and Landing Gears - III	english
NASA_NTRS_Archive_19930091596	1936-01-01	year	1936		NASA Technical Reports Server (NTRS) 19930091596: The Influence of Wing Setting on the Wing Load and Rotor Speed of a PCA-2 Autogiro as Determined in Flight	english
NASA_NTRS_Archive_19930091597	1936-01-01	year	1936		NASA Technical Reports Server (NTRS) 19930091597: A turbulence indicator utilizing the diffusion of heat	english
NASA_NTRS_Archive_19930091598	1936-01-01	year	1936		NASA Technical Reports Server (NTRS) 19930091598: Some Effects of Injection Advance Angle, Engine-Jacket Temperature, and Speed on Combustion in a Compression-Ignition Engine	english
NASA_NTRS_Archive_19930091599	1936-01-01	year	1936		NASA Technical Reports Server (NTRS) 19930091599: Noise from Two-Blade Propellers	english
NASA_NTRS_Archive_19930091600	1936-01-01	year	1936		NASA Technical Reports Server (NTRS) 19930091600: Air Flow in a Separating Laminar Boundary Layer	english
NASA_NTRS_Archive_19930091601	1936-01-01	year	1936		NASA Technical Reports Server (NTRS) 19930091601: Reduction of hinge moments of airplane control surfaces by tabs	english
NASA_NTRS_Archive_19930091602	1936-01-01	year	1936		NASA Technical Reports Server (NTRS) 19930091602: A Flight Investigation of the Spinning of the F4B-2 Biplane with Various Loads and Tail Surfaces	english
NASA_NTRS_Archive_19930091603	1936-01-01	year	1936		NASA Technical Reports Server (NTRS) 19930091603: Characteristics of the NACA 23012 Airfoil from Tests in the Full-Scale and Variable-Density Tunnels	english
NASA_NTRS_Archive_19930091604	1936-01-01	year	1936		NASA Technical Reports Server (NTRS) 19930091604: The Effect of Water Vapor on Flame Velocity in Equivalent Carbon Monoxide and Oxygen Mixtures	english
NASA_NTRS_Archive_19930091605	1936-01-01	year	1936		NASA Technical Reports Server (NTRS) 19930091605: The Soap-Bubble Method of Studying the Combustion of Mixtures of Carbon Monoxide and Oxygen	english
NASA_NTRS_Archive_19930091606	1936-01-01	year	1936		NASA Technical Reports Server (NTRS) 19930091606: Distribution and regularity of injection from a multicylinder fuel-injection pump	english
NASA_NTRS_Archive_19930091607	1936-01-01	year	1936		NASA Technical Reports Server (NTRS) 19930091607: Aerodynamic characteristics of a wing with Fowler flaps including flap loads, downwash, and calculated effect on take-off	english
NASA_NTRS_Archive_19930091608	1936-01-01	year	1936		NASA Technical Reports Server (NTRS) 19930091608: Wind-Tunnel Tests of a 10-foot-diameter Gyroplane Rotor	english
NASA_NTRS_Archive_19930091609	1936-01-01	year	1936		NASA Technical Reports Server (NTRS) 19930091609: Hydrogen as an Auxiliary Fuel in Compression-Ignition Engines	english
NASA_NTRS_Archive_19930091610	1936-01-01	year	1936		NASA Technical Reports Server (NTRS) 19930091610: Tests in the variable-density wind tunnel of related airfoils having the maximum camber unusually far forward	english
NASA_NTRS_Archive_19930091611	1936-01-01	year	1936		NASA Technical Reports Server (NTRS) 19930091611: Altitude-pressure tables based on the United States standard atmosphere	english
NASA_NTRS_Archive_19930091612	1936-01-01	year	1936		NASA Technical Reports Server (NTRS) 19930091612: Investigation of Full-Scale Split Trailing-Edge Wing Flaps with Various Chords and Hinge Locations	english
NASA_NTRS_Archive_19930091613	1936-01-01	year	1936		NASA Technical Reports Server (NTRS) 19930091613: Interference of Wing and Fuselage from Tests of 209 Combinations in the NACA Variable-Density Tunnel	english
NASA_NTRS_Archive_19930091614	1936-01-01	year	1936		NASA Technical Reports Server (NTRS) 19930091614: Aerodynamic characteristics of wings with cambered external airfoil flaps, including lateral control, with a full-span flap	english
NASA_NTRS_Archive_19930091616	1937-01-01	year	1937		NASA Technical Reports Server (NTRS) 19930091616: Annual report of the National Advisory Committee for Aeronautics (22nd).administrative report including Technical Report nos. 542 to 576	english
NASA_NTRS_Archive_19930091617	1937-01-01	year	1937		NASA Technical Reports Server (NTRS) 19930091617: Potential flow about arbitrary biplane wing sections	english
NASA_NTRS_Archive_19930091618	1937-01-01	year	1937		NASA Technical Reports Server (NTRS) 19930091618: Tank Tests of NACA Model 40 Series of Hulls for Small Flying Boats and Amphibians	english
NASA_NTRS_Archive_19930091619	1935-01-01	year	1935		NASA Technical Reports Server (NTRS) 19930091619: Combustion in a Bomb with a Fuel-Injection System	english
NASA_NTRS_Archive_19930091620	1937-01-01	year	1937		NASA Technical Reports Server (NTRS) 19930091620: Effects of Air-Fuel Spray and Flame Formation in a Compression-Ignition Engine	english
NASA_NTRS_Archive_19930091621	1937-01-01	year	1937		NASA Technical Reports Server (NTRS) 19930091621: The Effect of Turbulence on the Drag of Flat Plates	english
NASA_NTRS_Archive_19930091622	1937-01-01	year	1937		NASA Technical Reports Server (NTRS) 19930091622: Wind-tunnel interference with particular reference to off-center positions of the wing and to the downwash at the tail	english
NASA_NTRS_Archive_19930091623	1937-01-01	year	1937		NASA Technical Reports Server (NTRS) 19930091623: Effect of tip shape and dihedral on lateral-stability characteristics	english
NASA_NTRS_Archive_19930091624	1937-01-01	year	1937		NASA Technical Reports Server (NTRS) 19930091624: Wind-tunnel investigation of the aerodynamic balancing of upper-surface ailerons and split flaps	english
NASA_NTRS_Archive_19930091625	1937-01-01	year	1937		NASA Technical Reports Server (NTRS) 19930091625: Cooling Characteristics of a 2-Row Radial Engine	english
NASA_NTRS_Archive_19930091626	1937-01-01	year	1937		NASA Technical Reports Server (NTRS) 19930091626: Aircraft compass characteristics	english
NASA_NTRS_Archive_19930091627	1937-01-01	year	1937		NASA Technical Reports Server (NTRS) 19930091627: Wind-Tunnel Tests of 10-foot-diameter Autogiro Rotors	english
NASA_NTRS_Archive_19930091628	1937-01-01	year	1937		NASA Technical Reports Server (NTRS) 19930091628: Some effects of argon and helium upon explosions of carbon monoxide and oxygen	english
NASA_NTRS_Archive_19930091629	1937-01-01	year	1937		NASA Technical Reports Server (NTRS) 19930091629: Wind-tunnel investigation of ordinary and split flaps on airfoils of different profile	english
NASA_NTRS_Archive_19930091630	1937-01-01	year	1937		NASA Technical Reports Server (NTRS) 19930091630: Air Flow Around Finned Cylinders	english
NASA_NTRS_Archive_19930091631	1937-01-01	year	1937		NASA Technical Reports Server (NTRS) 19930091631: Further Studies of Flame Movement and Pressure Development in an Engine Cylinder	english
NASA_NTRS_Archive_19930091632	1937-01-01	year	1937		NASA Technical Reports Server (NTRS) 19930091632: Preliminary Tests in the NACA Free-Spinning Wind Tunnel	english
NASA_NTRS_Archive_19930091633	1937-01-01	year	1937		NASA Technical Reports Server (NTRS) 19930091633: Turbulence Factors of NACA Wind Tunnels as Determined by Sphere Tests	english
NASA_NTRS_Archive_19930091634	1937-01-01	year	1937		NASA Technical Reports Server (NTRS) 19930091634: The forces and moments acting on parts of the XN2Y-1 airplane during spins	english
NASA_NTRS_Archive_19930091635	1937-01-01	year	1937		NASA Technical Reports Server (NTRS) 19930091635: Effect of Nozzle Design on Fuel Spray and Flame Formation in a High-Speed Compression-Ignition Engine	english
NASA_NTRS_Archive_19930091636	1937-01-01	year	1937		NASA Technical Reports Server (NTRS) 19930091636: A simplified application of the method of operators to the calculation of disturbed motions of an airplane	english
NASA_NTRS_Archive_19930091637	1937-01-01	year	1937		NASA Technical Reports Server (NTRS) 19930091637: Air flow in the boundary layer near a plate	english
NASA_NTRS_Archive_19930091638	1937-01-01	year	1937		NASA Technical Reports Server (NTRS) 19930091638: Calculated and Measured Pressure Distributions over the Midspan Section of the NACA 4412 Airfoil	english
NASA_NTRS_Archive_19930091639	1937-01-01	year	1937		NASA Technical Reports Server (NTRS) 19930091639: Tests of a Wing-nacelle-Propeller Combination at Several Pitch Settings up to 42 Degrees	english
NASA_NTRS_Archive_19930091640	1937-01-01	year	1937		NASA Technical Reports Server (NTRS) 19930091640: Measurements of Fuel Distribution Within Sprays for Fuel-Injection Engines	english
NASA_NTRS_Archive_19930091641	1937-01-01	year	1937		NASA Technical Reports Server (NTRS) 19930091641: Ground-Handling Forces on a 1/40-scale Model of the U. S. Airship "Akron."	english
NASA_NTRS_Archive_19930091642	1937-01-01	year	1937		NASA Technical Reports Server (NTRS) 19930091642: Propulsion of a flapping and oscillating airfoil	english
NASA_NTRS_Archive_19930091643	1937-01-01	year	1937		NASA Technical Reports Server (NTRS) 19930091643: The Quiescent-Chamber Type Compression-Ignition Engine	english
NASA_NTRS_Archive_19930091644	1937-01-01	year	1937		NASA Technical Reports Server (NTRS) 19930091644: Wing-Nacelle-Propeller Interference for Wings of Various Spans Force and Pressure-Distribution Tests	english
NASA_NTRS_Archive_19930091645	1937-01-01	year	1937		NASA Technical Reports Server (NTRS) 19930091645: The effect of lateral controls in producing motion of an airplane as computed from wind-tunnel data	english
NASA_NTRS_Archive_19930091647	1937-01-01	year	1937		NASA Technical Reports Server (NTRS) 19930091647: Determination of the characteristics of tapered wings	english
NASA_NTRS_Archive_19930091648	1937-01-01	year	1937		NASA Technical Reports Server (NTRS) 19930091648: Aerodynamic Characteristics of NACA 23012 and 23021 Airfoils with 20-Percent-chord External-Airfoil Flaps of NACA 23012 Section	english
NASA_NTRS_Archive_19930091649	1937-01-01	year	1937		NASA Technical Reports Server (NTRS) 19930091649: Pressure distribution over an airfoil section with a flap and tab	english
NASA_NTRS_Archive_19930091650	1937-01-01	year	1937		NASA Technical Reports Server (NTRS) 19930091650: Interference of Wing and Fuselage from Tests of 28 Combinations in the NACA Variable-Density Tunnel	english
NASA_NTRS_Archive_19930091651	1937-01-01	year	1937		NASA Technical Reports Server (NTRS) 19930091651: Aircraft accidents.method of analysis	english
NASA_NTRS_Archive_19930091652	1937-01-01	year	1937		NASA Technical Reports Server (NTRS) 19930091652: Annual report of the National Advisory Committee for Aeronautics (23rd).administrative report including Technical Report nos. 577 to 611	english
NASA_NTRS_Archive_19930091653	1938-01-01	year	1938		NASA Technical Reports Server (NTRS) 19930091653: Prechamber Compression-Ignition Engine Performance	english
NASA_NTRS_Archive_19930091654	1938-01-01	year	1938		NASA Technical Reports Server (NTRS) 19930091654: A study of the two-control operation of an airplane	english
NASA_NTRS_Archive_19930091655	1938-01-01	year	1938		NASA Technical Reports Server (NTRS) 19930091655: Heat Transfer to Fuel Sprays Injected into Heated Gases	english
NASA_NTRS_Archive_19930091656	1937-01-01	year	1937		NASA Technical Reports Server (NTRS) 19930091656: Measurements of Intensity and Scale of Wind-Tunnel Turbulence and Their Relation to the Critical Reynolds Number of Spheres	english
NASA_NTRS_Archive_19930091657	1938-01-01	year	1938		NASA Technical Reports Server (NTRS) 19930091657: A theory for primary failure of straight centrally loaded columns	english
NASA_NTRS_Archive_19930091658	1937-01-01	year	1937		NASA Technical Reports Server (NTRS) 19930091658: The Rolling Friction of Several Airplane Wheels and Tires and the Effect of Rolling Friction on Take-Off	english
NASA_NTRS_Archive_19930091659	1937-01-01	year	1937		NASA Technical Reports Server (NTRS) 19930091659: Strength of Welded Aircraft Joints	english
NASA_NTRS_Archive_19930091660	1937-01-01	year	1937		NASA Technical Reports Server (NTRS) 19930091660: Span load distribution for tapered wings with partial-span flaps	english
NASA_NTRS_Archive_19930091661	1937-01-01	year	1937		NASA Technical Reports Server (NTRS) 19930091661: Flight measurements of the dynamic longitudinal stability of several airplanes and a correlation of the measurements with pilots' observations of handling characteristics	english
NASA_NTRS_Archive_19930091662	1937-01-01	year	1937		NASA Technical Reports Server (NTRS) 19930091662: Airfoil Section Characteristics as Affected by Variations of the Reynolds Number	english
NASA_NTRS_Archive_19930091663	1937-01-01	year	1937		NASA Technical Reports Server (NTRS) 19930091663: Blower Cooling of Finned Cylinders	english
NASA_NTRS_Archive_19930091664	1937-01-01	year	1937		NASA Technical Reports Server (NTRS) 19930091664: Fuel Spray and Flame Formation in a Compression-Ignition Engine Employing Air Flow	english
NASA_NTRS_Archive_19930091665	1937-01-01	year	1937		NASA Technical Reports Server (NTRS) 19930091665: Pressure-Distribution Measurements on O-2H Airplane in Flight	english
NASA_NTRS_Archive_19930091666	1937-01-01	year	1937		NASA Technical Reports Server (NTRS) 19930091666: An analytical and experimental study of the effect of periodic blade twist on the thrust, torque, and flapping motion of an autogiro rotor	english
NASA_NTRS_Archive_19930091667	1937-01-01	year	1937		NASA Technical Reports Server (NTRS) 19930091667: Full-Scale Tests of NACA Cowlings	english
NASA_NTRS_Archive_19930091668	1937-01-01	year	1937		NASA Technical Reports Server (NTRS) 19930091668: Cooling of Airplane Engines at Low Air Speeds	english
NASA_NTRS_Archive_19930091669	1937-01-01	year	1937		NASA Technical Reports Server (NTRS) 19930091669: Characteristics of Six Propellers Including the High-Speed Range	english
NASA_NTRS_Archive_19930091670	1937-01-01	year	1937		NASA Technical Reports Server (NTRS) 19930091670: Full-Scale Tests of a New Type NACA Nose-Slot Cowling	english
NASA_NTRS_Archive_19930091671	1937-01-01	year	1937		NASA Technical Reports Server (NTRS) 19930091671: Cooling Tests of a Single-Row Radial Engine with Several NACA Cowlings	english
NASA_NTRS_Archive_19930091672	1937-01-01	year	1937		NASA Technical Reports Server (NTRS) 19930091672: Air Propellers in Yaw	english
NASA_NTRS_Archive_19930091673	1937-01-01	year	1937		NASA Technical Reports Server (NTRS) 19930091673: Alternating-Current Equipment for the Measurement of Fluctuations of Air Speed in Turbulent Flow	english
NASA_NTRS_Archive_19930091674	1937-01-01	year	1937		NASA Technical Reports Server (NTRS) 19930091674: Flight Tests of the Drag and Torque of the Propeller in Terminal-Velocity Dives	english
NASA_NTRS_Archive_19930091675	1937-01-01	year	1937		NASA Technical Reports Server (NTRS) 19930091675: An analysis of the factors that determine the periodic twist of an autogiro rotor blade, with a comparison of predicted and measured results	english
NASA_NTRS_Archive_19930091676	1937-01-01	year	1937		NASA Technical Reports Server (NTRS) 19930091676: Torsion Tests of Tubes	english
NASA_NTRS_Archive_19930091677	1937-01-01	year	1937		NASA Technical Reports Server (NTRS) 19930091677: Wind-Tunnel Investigation of Wings with Ordinary Ailerons and Full-Span External-Airfoil Flaps	english
NASA_NTRS_Archive_19930091678	1937-01-01	year	1937		NASA Technical Reports Server (NTRS) 19930091678: Wind-Tunnel and Flight Tests of Slot-lip Ailerons	english
NASA_NTRS_Archive_19930091679	1937-01-01	year	1937		NASA Technical Reports Server (NTRS) 19930091679: Pressure-Distribution Measurements at Large Angles of Pitch on Fins of Different Span-Chord Ratio on a 1/40-Scale Model of the U. S. Airship "Akron."	english
NASA_NTRS_Archive_19930091680	1937-01-01	year	1937		NASA Technical Reports Server (NTRS) 19930091680: Resume and analysis of NACA lateral control research	english
NASA_NTRS_Archive_19930091681	1937-01-01	year	1937		NASA Technical Reports Server (NTRS) 19930091681: Electrical Thermometers for Aircraft	english
NASA_NTRS_Archive_19930091682	1937-01-01	year	1937		NASA Technical Reports Server (NTRS) 19930091682: Spinning Characteristics of the XN2Y-1 Airplane Obtained from the Spinning Balance and Compared with Results from the Spinning Tunnel and from Flight Tests	english
NASA_NTRS_Archive_19930091683	1937-01-01	year	1937		NASA Technical Reports Server (NTRS) 19930091683: Stress Analysis of Beams with Shear Deformation of the Flanges	english
NASA_NTRS_Archive_19930091684	1937-01-01	year	1937		NASA Technical Reports Server (NTRS) 19930091684: Experimental Investigation of Wind-Tunnel Interference on the Downwash Behind an Airfoil	english
NASA_NTRS_Archive_19930091685	1937-01-01	year	1937		NASA Technical Reports Server (NTRS) 19930091685: Tests of related forward-camber airfoils in the variable-density wind tunnel	english
NASA_NTRS_Archive_19930091686	1937-01-01	year	1937		NASA Technical Reports Server (NTRS) 19930091686: Wind-tunnel investigation of tapered wings with ordinary ailerons and partial-span split flaps	english
NASA_NTRS_Archive_19930091688	1938-01-01	year	1938		NASA Technical Reports Server (NTRS) 19930091688: Heat-transfer processes in air-cooled engine cylinders	english
NASA_NTRS_Archive_19930091689	1938-01-01	year	1938		NASA Technical Reports Server (NTRS) 19930091689: The variation with Reynolds number of pressure distribution over an airfoil section	english
NASA_NTRS_Archive_19930091690	1938-01-01	year	1938		NASA Technical Reports Server (NTRS) 19930091690: Pressure distribution over an NACA 23012 airfoil with an NACA 23012 external-airfoil flap	english
NASA_NTRS_Archive_19930091691	1938-01-01	year	1938		NASA Technical Reports Server (NTRS) 19930091691: Interrelation of exhaust-gas constituents	english
NASA_NTRS_Archive_19930091692	1938-01-01	year	1938		NASA Technical Reports Server (NTRS) 19930091692: Auto-Ignition and Combustion of Diesel Fuel in a Constant-Volume Bomb	english
NASA_NTRS_Archive_19930091693	1938-01-01	year	1938		NASA Technical Reports Server (NTRS) 19930091693: Comparative Flight and Full-Scale Wind-Tunnel Measurements of the Maximum Lift of an Airplane	english
NASA_NTRS_Archive_19930091694	1938-01-01	year	1938		NASA Technical Reports Server (NTRS) 19930091694: Drag of cylinders of simple shapes	english
NASA_NTRS_Archive_19930091695	1938-01-01	year	1938		NASA Technical Reports Server (NTRS) 19930091695: Pressure Distribution Over Airfoils with Fowler Flaps	english
NASA_NTRS_Archive_19930091696	1938-01-01	year	1938		NASA Technical Reports Server (NTRS) 19930091696: Compressible flow about symmetrical Joukowski profiles	english
NASA_NTRS_Archive_19930091697	1938-01-01	year	1938		NASA Technical Reports Server (NTRS) 19930091697: A Photographic Study of Combustion and Knock in a Spark-Ignition Engine	english
NASA_NTRS_Archive_19930091698	1938-01-01	year	1938		NASA Technical Reports Server (NTRS) 19930091698: A study of the torque equilibrium of an autogiro rotor	english
NASA_NTRS_Archive_19930091699	1938-01-01	year	1938		NASA Technical Reports Server (NTRS) 19930091699: Two-dimensional subsonic compressible flow past elliptic cylinders	english
NASA_NTRS_Archive_19930091700	1938-01-01	year	1938		NASA Technical Reports Server (NTRS) 19930091700: A discussion of certain problems connected with the design of hulls of flying boats and the use of general test data	english
NASA_NTRS_Archive_19930091701	1938-01-01	year	1938		NASA Technical Reports Server (NTRS) 19930091701: The Transition Phase in the Take-Off of an Airplane	english
NASA_NTRS_Archive_19930091702	1938-01-01	year	1938		NASA Technical Reports Server (NTRS) 19930091702: Column strength of tubes elastically restrained against rotation at the ends	english
NASA_NTRS_Archive_19930091703	1938-01-01	year	1938		NASA Technical Reports Server (NTRS) 19930091703: The experimental and calculated characteristics of 22 tapered wings	english
NASA_NTRS_Archive_19930091704	1938-01-01	year	1938		NASA Technical Reports Server (NTRS) 19930091704: On some reciprocal relations in the theory of nonstationary flows	english
NASA_NTRS_Archive_19930091705	1938-01-01	year	1938		NASA Technical Reports Server (NTRS) 19930091705: A Flight Comparison of Conventional Ailerons on a Rectangular Wing and of Conventional and Floating Wing-Tip Ailerons on a Tapered Wing	english
NASA_NTRS_Archive_19930091706	1938-01-01	year	1938		NASA Technical Reports Server (NTRS) 19930091706: Airfoil section characteristics as applied to the prediction of air forces and their distribution on wings	english
NASA_NTRS_Archive_19930091707	1938-01-01	year	1938		NASA Technical Reports Server (NTRS) 19930091707: The Crinkling Strength and the Bending Strength of Round Aircraft Tubing	english
NASA_NTRS_Archive_19930091708	1938-01-01	year	1938		NASA Technical Reports Server (NTRS) 19930091708: Pressure distribution over an NACA 23012 airfoil with a slotted and a plain flap	english
NASA_NTRS_Archive_19930091709	1938-01-01	year	1938		NASA Technical Reports Server (NTRS) 19930091709: Calculation of the chordwise load distribution over airfoil sections with plain, split, or serially hinged trailing-edge flaps	english
NASA_NTRS_Archive_19930091710	1938-01-01	year	1938		NASA Technical Reports Server (NTRS) 19930091710: Theoretical stability and control characteristics of wings with various amounts of taper and twist	english
NASA_NTRS_Archive_19930091711	1938-01-01	year	1938		NASA Technical Reports Server (NTRS) 19930091711: Approximate Stress Analysis of Multistringer Beams with Shear Deformation of the Flanges	english
NASA_NTRS_Archive_19930091712	1938-01-01	year	1938		NASA Technical Reports Server (NTRS) 19930091712: Determination of Boundary-Layer Transition on Three Symmetrical Airfoils in the NACA Full-Scale Wind Tunnel	english
NASA_NTRS_Archive_19930091713	1938-01-01	year	1938		NASA Technical Reports Server (NTRS) 19930091713: The influence of lateral stability on disturbed motions of an airplane with special reference to the motions produced by gusts	english
NASA_NTRS_Archive_19930091714	1938-01-01	year	1938		NASA Technical Reports Server (NTRS) 19930091714: The Effect of Compressibility on Eight Full-Scale Propellers Operating in the Take-Off and Climbing Range	english
NASA_NTRS_Archive_19930091715	1938-01-01	year	1938		NASA Technical Reports Server (NTRS) 19930091715: The Aerodynamic Characteristics of Full-Scale Propellers Having 2, 3, and 4 Blades of Clark Y and R.A.F. 6 Airfoil Sections	english
NASA_NTRS_Archive_19930091716	1938-01-01	year	1938		NASA Technical Reports Server (NTRS) 19930091716: The Negative Thrust and Torque of Several Full-scale Propellers and Their Application to Various Flight Problems	english
NASA_NTRS_Archive_19930091717	1938-01-01	year	1938		NASA Technical Reports Server (NTRS) 19930091717: The Torsional and Bending Deflection of Full-Scale Aluminum-Alloy Propeller Blades Under Normal Operating Conditions	english
NASA_NTRS_Archive_19930091718	1938-01-01	year	1938		NASA Technical Reports Server (NTRS) 19930091718: The Aerodynamic Characteristics of Four Full-Scale Propellers Having Different Plan Forms	english
NASA_NTRS_Archive_19930091719	1938-01-01	year	1938		NASA Technical Reports Server (NTRS) 19930091719: Tests of Five Full-Scale Propellers in the Presence of a Radial and a Liquid-Cooled Engine Nacelle, Including Tests of Two Spinners	english
NASA_NTRS_Archive_19930092445	1929-01-01	year	1929		NASA Technical Reports Server (NTRS) 19930092445: The balance of moments and the static longitudinal stability of airplanes	english
NASA_NTRS_Archive_19930092446	1930-01-01	year	1930		NASA Technical Reports Server (NTRS) 19930092446: Structural Details of the Giant Dornier Seaplane "Do X."	english
NASA_NTRS_Archive_19930092447	1930-01-01	year	1930		NASA Technical Reports Server (NTRS) 19930092447: Contribution to the Study of Normal Burning in Gaseous Carbureted Mixtures. Part I	english
NASA_NTRS_Archive_19930092448	1930-01-01	year	1930		NASA Technical Reports Server (NTRS) 19930092448: Contribution to the Study of Normal Burning in Gaseous Carbureted Mixtures. Part II	english
NASA_NTRS_Archive_19930092449	1930-01-01	year	1930		NASA Technical Reports Server (NTRS) 19930092449: Coefficients of Flow of Standard Nozzles	english
NASA_NTRS_Archive_19930092450	1930-01-01	year	1930		NASA Technical Reports Server (NTRS) 19930092450: Combating Airplane Fires	english
NASA_NTRS_Archive_19930092451	1930-01-01	year	1930		NASA Technical Reports Server (NTRS) 19930092451: Relation Between the Stability Characteristics and the Controllability of German Airplanes	english
NASA_NTRS_Archive_19930092452	1930-01-01	year	1930		NASA Technical Reports Server (NTRS) 19930092452: The relation between the tensile strength and the hardness of metals	english
NASA_NTRS_Archive_19930092453	1930-01-01	year	1930		NASA Technical Reports Server (NTRS) 19930092453: Experimental investigations concerning the limits of detonation in gaseous mixtures. Part I	english
NASA_NTRS_Archive_19930092454	1930-01-01	year	1930		NASA Technical Reports Server (NTRS) 19930092454: Experimental investigations concerning the limits of detonation in gaseous mixtures. Part II	english
NASA_NTRS_Archive_19930092624	1938-01-01	year	1938		NASA Technical Reports Server (NTRS) 19930092624: Comparison of free-spinning wind-tunnel results with corresponding full-scale spin results	english
NASA_NTRS_Archive_19930092656	1937-01-01	year	1937		NASA Technical Reports Server (NTRS) 19930092656: Wing-Fuselage Interference Comparison of Conventional and Airfoil-Type-Fuselage Combinations	english
NASA_NTRS_Archive_19930092803	1937-01-01	year	1937		NASA Technical Reports Server (NTRS) 19930092803: Tapered wings, tip stalling, and preliminary results from tests of the stall-control flap	english
NASA_NTRS_Archive_19930093051	1938-01-01	year	1938		NASA Technical Reports Server (NTRS) 19930093051: Effects of a Simulated Ice Formation on the Aerodynamic Characteristics of an Airfoil	english
NASA_NTRS_Archive_19930093641	1938-01-01	year	1938		NASA Technical Reports Server (NTRS) 19930093641: Aerodynamic Characteristics of a 4-engine Monoplane Showing Effects of Enclosing the Engines in the Wing and Comparisons of Tractor- and Pusher-propeller Arrangements	english
NASA_NTRS_Archive_19930093711	1919-01-01	year	1919		NASA Technical Reports Server (NTRS) 19930093711: Airplane dopes and doping	english
NASA_NTRS_Archive_19930093974	1929-01-01	year	1929		NASA Technical Reports Server (NTRS) 19930093974: The Blackburn "Bluebird" Mark IV (British) all-metal biplane	english
NASA_NTRS_Archive_19930094003	1927-01-01	year	1927		NASA Technical Reports Server (NTRS) 19930094003: Junkers Commercial Airplane G 31	english
NASA_NTRS_Archive_19930094533	1938-01-01	year	1938		NASA Technical Reports Server (NTRS) 19930094533: Distribution of Temperatures over an Airplane Wing with Reference to the Phenomena of Ice Formation	english
NASA_NTRS_Archive_19930094534	1938-01-01	year	1938		NASA Technical Reports Server (NTRS) 19930094534: Modern Manufacturing Equipment of the Ernst Heinkel Airplane Works	english
NASA_NTRS_Archive_19930094535	1938-01-01	year	1938		NASA Technical Reports Server (NTRS) 19930094535: Application and Testing of Transparent Plastics Used in Airplane Construction	english
NASA_NTRS_Archive_19930094536	1938-01-01	year	1938		NASA Technical Reports Server (NTRS) 19930094536: The Effective Width of Curved Sheet After Buckling	english
NASA_NTRS_Archive_19930094537	1938-01-01	year	1938		NASA Technical Reports Server (NTRS) 19930094537: Static longitudinal stability and longitudinal control of autogiro rotors	english
NASA_NTRS_Archive_19930094538	1938-01-01	year	1938		NASA Technical Reports Server (NTRS) 19930094538: The Twisting of Thin-walled, Stiffened Circular Cylinders	english
NASA_NTRS_Archive_19930094539	1938-01-01	year	1938		NASA Technical Reports Server (NTRS) 19930094539: Wind-tunnel Investigations on Flexural-torsional Wing Flutter	english
NASA_NTRS_Archive_19930094540	1938-01-01	year	1938		NASA Technical Reports Server (NTRS) 19930094540: Investigations on the downwash behind a tapered wing with fuselage and propeller	english
NASA_NTRS_Archive_19930094541	1938-01-01	year	1938		NASA Technical Reports Server (NTRS) 19930094541: Heat-stressed structural components in combustion-engine design	english
NASA_NTRS_Archive_19930094542	1938-01-01	year	1938		NASA Technical Reports Server (NTRS) 19930094542: Effect of Propeller Slipstream on Wing and Tail	english
NASA_NTRS_Archive_19930094543	1938-01-01	year	1938		NASA Technical Reports Server (NTRS) 19930094543: Experimental Study of Ignition by Hot Spot in Internal Combustion Engines	english
NASA_NTRS_Archive_19930094544	1938-01-01	year	1938		NASA Technical Reports Server (NTRS) 19930094544: The Present Status of Airship Construction, Especially of Airship-framing Construction	english
NASA_NTRS_Archive_19930094545	1938-01-01	year	1938		NASA Technical Reports Server (NTRS) 19930094545: Performance of rotating-wing aircraft	english
NASA_NTRS_Archive_19930094546	1938-01-01	year	1938		NASA Technical Reports Server (NTRS) 19930094546: Behavior of a plate strip under shear and compressive stresses beyond the buckling limit	english
NASA_NTRS_Archive_19930094547	1938-01-01	year	1938		NASA Technical Reports Server (NTRS) 19930094547: The conversion of energy in a radiator	english
NASA_NTRS_Archive_19930094548	1938-01-01	year	1938		NASA Technical Reports Server (NTRS) 19930094548: The Dornier Wind Tunnel	english
NASA_NTRS_Archive_19930094549	1938-01-01	year	1938		NASA Technical Reports Server (NTRS) 19930094549: Theoretical Study of Various Airplane Motions After Initial Disturbance	english
NASA_NTRS_Archive_19930094550	1938-01-01	year	1938		NASA Technical Reports Server (NTRS) 19930094550: Calculation of load distribution in stiffened cylindrical shells	english
NASA_NTRS_Archive_19930094551	1938-01-01	year	1938		NASA Technical Reports Server (NTRS) 19930094551: Behavior of Static Pressure Heads at High Speeds	english
NASA_NTRS_Archive_19930094552	1938-01-01	year	1938		NASA Technical Reports Server (NTRS) 19930094552: Load Tests on a Stiffened Circular Cylindrical Shell	english
NASA_NTRS_Archive_19930094553	1938-01-01	year	1938		NASA Technical Reports Server (NTRS) 19930094553: On the determination of the take-off characteristics of a seaplane	english
NASA_NTRS_Archive_19930094554	1938-01-01	year	1938		NASA Technical Reports Server (NTRS) 19930094554: The Influence of Notches Under Static Stress	english
NASA_NTRS_Archive_19930094555	1938-01-01	year	1938		NASA Technical Reports Server (NTRS) 19930094555: Compression struts with nonprogressively variable moment of inertia	english
NASA_NTRS_Archive_19930094556	1938-01-01	year	1938		NASA Technical Reports Server (NTRS) 19930094556: The Design of Floats	english
NASA_NTRS_Archive_19930094557	1938-01-01	year	1938		NASA Technical Reports Server (NTRS) 19930094557: A New Spinning-test Method	english
NASA_NTRS_Archive_19930094558	1938-01-01	year	1938		NASA Technical Reports Server (NTRS) 19930094558: The Focke Helicopter	english
NASA_NTRS_Archive_19930094559	1938-01-01	year	1938		NASA Technical Reports Server (NTRS) 19930094559: Investigation of Ignition and Combustion Processes of Diesel Engines Operating with Turbulence and Air-storage Chambers	english
NASA_NTRS_Archive_19930094560	1938-01-01	year	1938		NASA Technical Reports Server (NTRS) 19930094560: The lift distribution of wings with end plates	english
NASA_NTRS_Archive_19930094561	1938-01-01	year	1938		NASA Technical Reports Server (NTRS) 19930094561: Model Experiments on the Forces and Moments Acting on an End Plate Fitted to a Wing	english
NASA_NTRS_Archive_19930094562	1938-01-01	year	1938		NASA Technical Reports Server (NTRS) 19930094562: Twisting of thin walled columns perfectly restrained at one end	english
NASA_NTRS_Archive_19930094563	1938-01-01	year	1938		NASA Technical Reports Server (NTRS) 19930094563: Effect of air-fuel ratio on detonation in gasoline engines	english
NASA_NTRS_Archive_19930094564	1938-01-01	year	1938		NASA Technical Reports Server (NTRS) 19930094564: Systematic Airfoil Tests in the Large Wind Tunnel of the DVL	english
NASA_NTRS_Archive_19930094565	1938-01-01	year	1938		NASA Technical Reports Server (NTRS) 19930094565: Twisting failure of centrally loaded open-section columns in the elastic range	english
NASA_NTRS_Archive_19930094566	1938-01-01	year	1938		NASA Technical Reports Server (NTRS) 19930094566: Engines and propellers for powered gliders and light airplanes	english
NASA_NTRS_Archive_19930094567	1938-01-01	year	1938		NASA Technical Reports Server (NTRS) 19930094567: Rate-of-climb Recorder	english
NASA_NTRS_Archive_19930094568	1938-01-01	year	1938		NASA Technical Reports Server (NTRS) 19930094568: Planing-surface Tests at Large Froude Numbers - Airfoil Comparison	english
NASA_NTRS_Archive_19930094569	1938-01-01	year	1938		NASA Technical Reports Server (NTRS) 19930094569: Stresses in reinforcing rings due to axial forces in cylindrical and conical stressed skins	english
NASA_NTRS_Archive_19930094570	1938-01-01	year	1938		NASA Technical Reports Server (NTRS) 19930094570: The Buckling of Curved Tension-field Girders	english
NASA_NTRS_Archive_19930094571	1938-01-01	year	1938		NASA Technical Reports Server (NTRS) 19930094571: On the theory of hydrofoils and planing surfaces	english
NASA_NTRS_Archive_19930094572	1938-01-01	year	1938		NASA Technical Reports Server (NTRS) 19930094572: Flow in Smooth Straight Pipes at Velocities Above and Below Sound Velocity	english
NASA_NTRS_Archive_19930094573	1937-01-01	year	1937		NASA Technical Reports Server (NTRS) 19930094573: Detonation and Autoignition : Some Considerations on Methods of Determination	english
NASA_NTRS_Archive_19930094574	1937-01-01	year	1937		NASA Technical Reports Server (NTRS) 19930094574: Universal logarithmic law of velocity distribution as applied to the investigation of boundary layer and drag of streamline bodies at large Reynolds number	english
NASA_NTRS_Archive_19930094575	1937-01-01	year	1937		NASA Technical Reports Server (NTRS) 19930094575: Synthetic Resins in Aircraft Construction - Their Composition, Properties, Present State of Development and Application to Light Structures	english
NASA_NTRS_Archive_19930094576	1937-01-01	year	1937		NASA Technical Reports Server (NTRS) 19930094576: Research and Design Problems Introduced by Increased Power Output	english
NASA_NTRS_Archive_19930094577	1937-01-01	year	1937		NASA Technical Reports Server (NTRS) 19930094577: The Design of Airplane-engine Superchargers	english
NASA_NTRS_Archive_19930094578	1937-01-01	year	1937		NASA Technical Reports Server (NTRS) 19930094578: The Strength of Shell Bodies : Theory and Practice	english
NASA_NTRS_Archive_19930094579	1937-01-01	year	1937		NASA Technical Reports Server (NTRS) 19930094579: Charts for checking the stability of plane systems of rods	english
NASA_NTRS_Archive_19930094580	1937-01-01	year	1937		NASA Technical Reports Server (NTRS) 19930094580: The ground effect on lifting propellers	english
NASA_NTRS_Archive_19930094581	1937-01-01	year	1937		NASA Technical Reports Server (NTRS) 19930094581: Pressure Distribution on a Wing Section with Slotted Flap in Free Flight Tests	english
NASA_NTRS_Archive_19930094582	1937-01-01	year	1937		NASA Technical Reports Server (NTRS) 19930094582: The Stability of Orthotropic Elliptic Cylinders in Pure Bending	english
NASA_NTRS_Archive_19930094583	1937-01-01	year	1937		NASA Technical Reports Server (NTRS) 19930094583: The apparent width of the plate in compression	english
NASA_NTRS_Archive_19930094584	1937-01-01	year	1937		NASA Technical Reports Server (NTRS) 19930094584: The critical velocity of a body towed by a cable from an airplane	english
NASA_NTRS_Archive_19930094585	1937-01-01	year	1937		NASA Technical Reports Server (NTRS) 19930094585: Contributions to the theory of incomplete tension bay	english
NASA_NTRS_Archive_19930094586	1937-01-01	year	1937		NASA Technical Reports Server (NTRS) 19930094586: Method of Curved Models and Its Application to the Study of Curvilinear Flight of Airships. Part II	english
NASA_NTRS_Archive_19930094587	1937-01-01	year	1937		NASA Technical Reports Server (NTRS) 19930094587: Method of curved models and its application to the study of curvilinear flight of airships. Part I	english
NASA_NTRS_Archive_19930094588	1937-01-01	year	1937		NASA Technical Reports Server (NTRS) 19930094588: Ground Effect - Theory and Practice	english
NASA_NTRS_Archive_19930094589	1937-01-01	year	1937		NASA Technical Reports Server (NTRS) 19930094589: Helicopter problems	english
NASA_NTRS_Archive_19930094590	1937-01-01	year	1937		NASA Technical Reports Server (NTRS) 19930094590: The Scale Effect in Towing Tests with Airplane-float Systems	english
NASA_NTRS_Archive_19930094591	1937-01-01	year	1937		NASA Technical Reports Server (NTRS) 19930094591: The Source of Propeller Noise	english
NASA_NTRS_Archive_19930094592	1937-01-01	year	1937		NASA Technical Reports Server (NTRS) 19930094592: The Photoelastic Investigation of Three-dimensional Stress and Strain Conditions	english
NASA_NTRS_Archive_19930094593	1937-01-01	year	1937		NASA Technical Reports Server (NTRS) 19930094593: Experimental Investigation of the Problem of Surface Roughness	english
NASA_NTRS_Archive_19930094594	1937-01-01	year	1937		NASA Technical Reports Server (NTRS) 19930094594: Turbulent boundary layer of an airfoil	english
NASA_NTRS_Archive_19930094595	1937-01-01	year	1937		NASA Technical Reports Server (NTRS) 19930094595: On the actual loads on airplane landing gears	english
NASA_NTRS_Archive_19930094596	1937-01-01	year	1937		NASA Technical Reports Server (NTRS) 19930094596: Some experiments on the slipstream effect	english
NASA_NTRS_Archive_19930094597	1937-01-01	year	1937		NASA Technical Reports Server (NTRS) 19930094597: Experimental apparatus for the study of propellers	english
NASA_NTRS_Archive_19930094598	1937-01-01	year	1937		NASA Technical Reports Server (NTRS) 19930094598: Valve-spring Surge	english
NASA_NTRS_Archive_19930094599	1937-01-01	year	1937		NASA Technical Reports Server (NTRS) 19930094599: The stress distribution in shell bodies and wings as an equilibrium problem	english
NASA_NTRS_Archive_19930094600	1937-01-01	year	1937		NASA Technical Reports Server (NTRS) 19930094600: The Gyroplane : Its Principles and Its Possibilities	english
NASA_NTRS_Archive_19930094601	1936-01-01	year	1936		NASA Technical Reports Server (NTRS) 19930094601: Automatic Stabilization	english
NASA_NTRS_Archive_19930094602	1936-01-01	year	1936		NASA Technical Reports Server (NTRS) 19930094602: Experimental Studies of the Effective Width of Buckled Sheets	english
NASA_NTRS_Archive_19930094603	1936-01-01	year	1936		NASA Technical Reports Server (NTRS) 19930094603: The cetene scale and the induction period preceding the spontaneous ignition of diesel fuels in bombs	english
NASA_NTRS_Archive_19930094604	1936-01-01	year	1936		NASA Technical Reports Server (NTRS) 19930094604: The horsepower of aircraft engines and their maximum frontal area	english
NASA_NTRS_Archive_19930094605	1936-01-01	year	1936		NASA Technical Reports Server (NTRS) 19930094605: The impact on floats or hulls during landing as affected by bottom width	english
NASA_NTRS_Archive_19930094606	1936-01-01	year	1936		NASA Technical Reports Server (NTRS) 19930094606: Tests for the determination of the stress condition in tension fields	english
NASA_NTRS_Archive_19930094607	1936-01-01	year	1936		NASA Technical Reports Server (NTRS) 19930094607: High-speed Wind Tunnels	english
NASA_NTRS_Archive_19930094608	1936-01-01	year	1936		NASA Technical Reports Server (NTRS) 19930094608: Torsion and buckling of open sections	english
NASA_NTRS_Archive_19930094609	1936-01-01	year	1936		NASA Technical Reports Server (NTRS) 19930094609: The Question of Spontaneous Wing Oscillations : Determination of Critical Velocity Through Flight-oscillation Tests	english
NASA_NTRS_Archive_19930094610	1936-01-01	year	1936		NASA Technical Reports Server (NTRS) 19930094610: Impact of a vee-type seaplane on water with reference to elasticity	english
NASA_NTRS_Archive_19930094611	1936-01-01	year	1936		NASA Technical Reports Server (NTRS) 19930094611: General Considerations on the Flow of Compressible Fluids	english
NASA_NTRS_Archive_19930094612	1936-01-01	year	1936		NASA Technical Reports Server (NTRS) 19930094612: The stress criterion of a tension member with graded flexural stiffness : contribution to the problem of "clamping effect" outside of the elastic range	english
NASA_NTRS_Archive_19930094613	1936-01-01	year	1936		NASA Technical Reports Server (NTRS) 19930094613: Details of the Construction and Production of Fuel Pumps and Fuel Nozzles for the Airplane Diesel Engine	english
NASA_NTRS_Archive_19930094615	1936-01-01	year	1936		NASA Technical Reports Server (NTRS) 19930094615: Automatic stabilization	english
NASA_NTRS_Archive_19930094616	1936-01-01	year	1936		NASA Technical Reports Server (NTRS) 19930094616: Correction of downwash in wind tunnels of circular and elliptic sections	english
NASA_NTRS_Archive_19930094617	1936-01-01	year	1936		NASA Technical Reports Server (NTRS) 19930094617: Charts for checking the stability of compression members in trusses	english
NASA_NTRS_Archive_19930094618	1936-01-01	year	1936		NASA Technical Reports Server (NTRS) 19930094618: The transport of vorticity through fluids in turbulent motion : in the light of the Prandtl and Taylor theories	english
NASA_NTRS_Archive_19930094619	1936-01-01	year	1936		NASA Technical Reports Server (NTRS) 19930094619: Flow phenomena on plates and airfoils of short span	english
NASA_NTRS_Archive_19930094620	1936-01-01	year	1936		NASA Technical Reports Server (NTRS) 19930094620: Ignition process in Diesel engines	english
NASA_NTRS_Archive_19930094621	1936-01-01	year	1936		NASA Technical Reports Server (NTRS) 19930094621: Contribution to the Problem of Airfoils Spanning a Free Jet	english
NASA_NTRS_Archive_19930094622	1936-01-01	year	1936		NASA Technical Reports Server (NTRS) 19930094622: Similitude in hydrodynamic tests involving planing	english
NASA_NTRS_Archive_19930094623	1936-01-01	year	1936		NASA Technical Reports Server (NTRS) 19930094623: Chief Characteristics and Advantages of Tailless Airplanes	english
NASA_NTRS_Archive_19930094624	1936-01-01	year	1936		NASA Technical Reports Server (NTRS) 19930094624: Bending of beams of thin sections	english
NASA_NTRS_Archive_19930094625	1936-01-01	year	1936		NASA Technical Reports Server (NTRS) 19930094625: General instability criterion of laminar velocity distributions	english
NASA_NTRS_Archive_19930094626	1936-01-01	year	1936		NASA Technical Reports Server (NTRS) 19930094626: Behavior of turbulent boundary layers on curved convex walls	english
NASA_NTRS_Archive_19930094627	1936-01-01	year	1936		NASA Technical Reports Server (NTRS) 19930094627: Ignition and Flame Development in the Case of Diesel Fuel Injection	english
NASA_NTRS_Archive_19930094628	1936-01-01	year	1936		NASA Technical Reports Server (NTRS) 19930094628: Turbulent Jet Expansion	english
NASA_NTRS_Archive_19930094629	1936-01-01	year	1936		NASA Technical Reports Server (NTRS) 19930094629: The 5- by 7-meter Wind Tunnel of the DVL	english
NASA_NTRS_Archive_19930094630	1936-01-01	year	1936		NASA Technical Reports Server (NTRS) 19930094630: Investigations on the amount of downwash behind rectangular and elliptical wings	english
NASA_NTRS_Archive_19930094631	1936-01-01	year	1936		NASA Technical Reports Server (NTRS) 19930094631: The formation of ice on airplanes	english
NASA_NTRS_Archive_19930094632	1936-01-01	year	1936		NASA Technical Reports Server (NTRS) 19930094632: Methods and formulas for calculating the strength of plate and shell constructions as used in airplane design	english
NASA_NTRS_Archive_19930094633	1936-01-01	year	1936		NASA Technical Reports Server (NTRS) 19930094633: Torsion and buckling of open sections	english
NASA_NTRS_Archive_19930094634	1936-01-01	year	1936		NASA Technical Reports Server (NTRS) 19930094634: Analysis of the three lowest bending frequencies of a rotating propeller	english
NASA_NTRS_Archive_19930094635	1936-01-01	year	1936		NASA Technical Reports Server (NTRS) 19930094635: Status of wing flutter	english
NASA_NTRS_Archive_19930094636	1935-01-01	year	1935		NASA Technical Reports Server (NTRS) 19930094636: Reduction of lift of a wing due to its drag	english
NASA_NTRS_Archive_19930094637	1935-01-01	year	1935		NASA Technical Reports Server (NTRS) 19930094637: Glider Development in Germany : a Technical Survey of Progress in Design in Germany Since 1922	english
NASA_NTRS_Archive_19930094638	1935-01-01	year	1935		NASA Technical Reports Server (NTRS) 19930094638: Weldability of High-tensile Steels from Experience in Airplane Construction, with Special Reference to Welding Crack Susceptibility	english
NASA_NTRS_Archive_19930094639	1935-01-01	year	1935		NASA Technical Reports Server (NTRS) 19930094639: Method for the determination of the spanwise lift distribution	english
NASA_NTRS_Archive_19930094640	1935-01-01	year	1935		NASA Technical Reports Server (NTRS) 19930094640: Tests of Spheres with Reference to Reynolds Number, Turbulence, and Surface Roughness	english
NASA_NTRS_Archive_19930094641	1935-01-01	year	1935		NASA Technical Reports Server (NTRS) 19930094641: A discussion of the several types of two-stroke-cycle engines	english
NASA_NTRS_Archive_19930094642	1935-01-01	year	1935		NASA Technical Reports Server (NTRS) 19930094642: Total-head Meter with Small Sensitivity to Yaw	english
NASA_NTRS_Archive_19930094643	1935-01-01	year	1935		NASA Technical Reports Server (NTRS) 19930094643: Tension Fields in Originally Curved, Thin Sheets During Shearing Stresses	english
NASA_NTRS_Archive_19930094644	1935-01-01	year	1935		NASA Technical Reports Server (NTRS) 19930094644: Experiments with suction-type wings	english
NASA_NTRS_Archive_19930094645	1935-01-01	year	1935		NASA Technical Reports Server (NTRS) 19930094645: The Denis-gruson Six-component Wind-tunnel Balance	english
NASA_NTRS_Archive_19930094646	1935-01-01	year	1935		NASA Technical Reports Server (NTRS) 19930094646: Ground Effect on the Take-off and Landing of Airplanes	english
NASA_NTRS_Archive_19930094647	1935-01-01	year	1935		NASA Technical Reports Server (NTRS) 19930094647: Hydrodynamic Tests of Models of Seaplane Floats	english
NASA_NTRS_Archive_19930094648	1935-01-01	year	1935		NASA Technical Reports Server (NTRS) 19930094648: The bending of beams with thin tension flanges	english
NASA_NTRS_Archive_19930094649	1935-01-01	year	1935		NASA Technical Reports Server (NTRS) 19930094649: The interdependence of profile drag and lift with Joukowski type and related airfoils	english
NASA_NTRS_Archive_19930094650	1935-01-01	year	1935		NASA Technical Reports Server (NTRS) 19930094650: Modification of wing-section shape to assure a predetermined change in pressure distribution	english
NASA_NTRS_Archive_19930094651	1935-01-01	year	1935		NASA Technical Reports Server (NTRS) 19930094651: The Aeronautical Laboratory of the Stockholm Technical Institute	english
NASA_NTRS_Archive_19930094652	1935-01-01	year	1935		NASA Technical Reports Server (NTRS) 19930094652: The 1934 Contest for the Deutsch De La Meurthe Trophy	english
NASA_NTRS_Archive_19930094653	1935-01-01	year	1935		NASA Technical Reports Server (NTRS) 19930094653: The Aerodynamic Aspect of Wing-fuselage Fillets	english
NASA_NTRS_Archive_19930094654	1935-01-01	year	1935		NASA Technical Reports Server (NTRS) 19930094654: The heat transfer of cooling fins on moving air	english
NASA_NTRS_Archive_19930094655	1935-01-01	year	1935		NASA Technical Reports Server (NTRS) 19930094655: Effect of Aerodynamic Design on Glider Performance	english
NASA_NTRS_Archive_19930094656	1935-01-01	year	1935		NASA Technical Reports Server (NTRS) 19930094656: Gliding in convection currents	english
NASA_NTRS_Archive_19930094657	1934-01-01	year	1934		NASA Technical Reports Server (NTRS) 19930094657: Technical Aspects of the 1934 International Touring Competition (rundflug)	english
NASA_NTRS_Archive_19930094658	1934-01-01	year	1934		NASA Technical Reports Server (NTRS) 19930094658: The effect of weight and drag on the sinking speed and lift/drag ratio of gliders	english
NASA_NTRS_Archive_19930094659	1934-01-01	year	1934		NASA Technical Reports Server (NTRS) 19930094659: The processes in spring-loaded injection valves of solid injection oil engines	english
NASA_NTRS_Archive_19930094660	1934-01-01	year	1934		NASA Technical Reports Server (NTRS) 19930094660: The Aachen Wind-tunnel Balance	english
NASA_NTRS_Archive_19930094661	1934-01-01	year	1934		NASA Technical Reports Server (NTRS) 19930094661: The Behavior Under Shearing Stress of Duralumin Strip with Round, Flanged Holes	english
NASA_NTRS_Archive_19930094662	1934-01-01	year	1934		NASA Technical Reports Server (NTRS) 19930094662: Safety and design in airplane construction	english
NASA_NTRS_Archive_19930094663	1934-01-01	year	1934		NASA Technical Reports Server (NTRS) 19930094663: Contribution to the mutual interference of wing and propeller	english
NASA_NTRS_Archive_19930094664	1934-01-01	year	1934		NASA Technical Reports Server (NTRS) 19930094664: Stipa Monoplane with Venturi Fuselage	english
NASA_NTRS_Archive_19930094665	1934-01-01	year	1934		NASA Technical Reports Server (NTRS) 19930094665: Additional test data on static longitudinal stability	english
NASA_NTRS_Archive_19930094666	1934-01-01	year	1934		NASA Technical Reports Server (NTRS) 19930094666: Investigation of Boundary Layers on an Airplane Wing in Free Flight	english
NASA_NTRS_Archive_19930094667	1934-01-01	year	1934		NASA Technical Reports Server (NTRS) 19930094667: Influence of Cut-outs in Elevator on the Static Longitudinal Stability and on the Static Elevator Effect	english
NASA_NTRS_Archive_19930094668	1934-01-01	year	1934		NASA Technical Reports Server (NTRS) 19930094668: Impact buckling of thin bars in the elastic range for any end condition	english
NASA_NTRS_Archive_19930094669	1934-01-01	year	1934		NASA Technical Reports Server (NTRS) 19930094669: Impact buckling of thin bars in the elastic range hinged at both ends	english
NASA_NTRS_Archive_19930094670	1934-01-01	year	1934		NASA Technical Reports Server (NTRS) 19930094670: Analysis of spinning in a monoplane wing by the induction method as compared with the strip method	english
NASA_NTRS_Archive_19930094671	1934-01-01	year	1934		NASA Technical Reports Server (NTRS) 19930094671: The High-speed Heinkel He 70 Mail Airplane	english
NASA_NTRS_Archive_19930094672	1934-01-01	year	1934		NASA Technical Reports Server (NTRS) 19930094672: High-speed Aircraft	english
NASA_NTRS_Archive_19930094673	1934-01-01	year	1934		NASA Technical Reports Server (NTRS) 19930094673: Torsional stresses in box beams with cross sections partially restrained against warping	english
NASA_NTRS_Archive_19930094674	1934-01-01	year	1934		NASA Technical Reports Server (NTRS) 19930094674: Fatigue Strength of Airplane and Engine Materials	english
NASA_NTRS_Archive_19930094675	1934-01-01	year	1934		NASA Technical Reports Server (NTRS) 19930094675: Supplemental data and calculations of the lateral stability of airplanes	english
NASA_NTRS_Archive_19930094676	1934-01-01	year	1934		NASA Technical Reports Server (NTRS) 19930094676: The Development of Floats and Equipment for Research in Promoting It	english
NASA_NTRS_Archive_19930094677	1934-01-01	year	1934		NASA Technical Reports Server (NTRS) 19930094677: Experiments with Planing Surfaces	english
NASA_NTRS_Archive_19930094678	1934-01-01	year	1934		NASA Technical Reports Server (NTRS) 19930094678: The calculation of lateral stability with free controls	english
NASA_NTRS_Archive_19930094679	1934-01-01	year	1934		NASA Technical Reports Server (NTRS) 19930094679: Investigation of a Rateau Supercharger for a 700-horsepower Airplane Engine	english
NASA_NTRS_Archive_19930094680	1934-01-01	year	1934		NASA Technical Reports Server (NTRS) 19930094680: Conversion of energy in cross-sectional divergences under different conditions of inflow	english
NASA_NTRS_Archive_19930094681	1934-01-01	year	1934		NASA Technical Reports Server (NTRS) 19930094681: Effect of fuselage and engine nacelles on some aerodynamic properties of an airplane wing	english
NASA_NTRS_Archive_19930094682	1934-01-01	year	1934		NASA Technical Reports Server (NTRS) 19930094682: The high-speed tank of the Hamburg Shipbuilding Company	english
NASA_NTRS_Archive_19930094683	1934-01-01	year	1934		NASA Technical Reports Server (NTRS) 19930094683: The Small Wind Tunnel of the DVL	english
NASA_NTRS_Archive_19930094684	1934-01-01	year	1934		NASA Technical Reports Server (NTRS) 19930094684: Aerodynamic principles of the direct lifting propeller	english
NASA_NTRS_Archive_19930094685	1934-01-01	year	1934		NASA Technical Reports Server (NTRS) 19930094685: Evaluation of scavenging in two-stroke-cycle engines	english
NASA_NTRS_Archive_19930094686	1933-01-01	year	1933		NASA Technical Reports Server (NTRS) 19930094686: Trend of airplane flight characteristics	english
NASA_NTRS_Archive_19930094687	1933-01-01	year	1933		NASA Technical Reports Server (NTRS) 19930094687: Practical Experiences with Lightning Discharges to Airplanes	english
NASA_NTRS_Archive_19930094688	1933-01-01	year	1933		NASA Technical Reports Server (NTRS) 19930094688: The flight of an autogiro at high speed	english
NASA_NTRS_Archive_19930094689	1933-01-01	year	1933		NASA Technical Reports Server (NTRS) 19930094689: Aerodynamic Forces and Moments of a Seaplane on the Water	english
NASA_NTRS_Archive_19930094690	1933-01-01	year	1933		NASA Technical Reports Server (NTRS) 19930094690: The Theory of the Strandgren Cyclogiro	english
NASA_NTRS_Archive_19930094691	1933-01-01	year	1933		NASA Technical Reports Server (NTRS) 19930094691: Attaining a steady air stream in wind tunnels	english
NASA_NTRS_Archive_19930094692	1933-01-01	year	1933		NASA Technical Reports Server (NTRS) 19930094692: Development of Air-cooled Engines with Blower Cooling	english
NASA_NTRS_Archive_19930094693	1933-01-01	year	1933		NASA Technical Reports Server (NTRS) 19930094693: The 1933 Contest for the Deutsch De La Meurthe Trophy	english
NASA_NTRS_Archive_19930094694	1933-01-01	year	1933		NASA Technical Reports Server (NTRS) 19930094694: An Airfoil Spanning an Open Jet	english
NASA_NTRS_Archive_19930094695	1933-01-01	year	1933		NASA Technical Reports Server (NTRS) 19930094695: Guide Vanes for Deflecting Fluid Currents with Small Loss of Energy	english
NASA_NTRS_Archive_19930094696	1933-01-01	year	1933		NASA Technical Reports Server (NTRS) 19930094696: Results of extended tests of the Focke-Wulf F 19a "ente," a tail-first airplane	english
NASA_NTRS_Archive_19930094697	1933-01-01	year	1933		NASA Technical Reports Server (NTRS) 19930094697: Recent Results of Turbulence Research	english
NASA_NTRS_Archive_19930094698	1933-01-01	year	1933		NASA Technical Reports Server (NTRS) 19930094698: Dimensions of twin seaplane floats	english
NASA_NTRS_Archive_19930094699	1933-01-01	year	1933		NASA Technical Reports Server (NTRS) 19930094699: Development of the rules governing the strength of airplanes. Part III : loading conditions in France, Italy, Holland, and Russia - aims at standardization	english
NASA_NTRS_Archive_19930094700	1933-01-01	year	1933		NASA Technical Reports Server (NTRS) 19930094700: Development of the rules governing the strength of airplanes. Part II : loading conditions in Germany (continued), England and the United States	english
NASA_NTRS_Archive_19930094701	1933-01-01	year	1933		NASA Technical Reports Server (NTRS) 19930094701: Development of the Rules Governing the Strength of Airplanes. Part I : German Loading Conditions up to 1926	english
NASA_NTRS_Archive_19930094702	1933-01-01	year	1933		NASA Technical Reports Server (NTRS) 19930094702: Pressure and frictional resistance of a cylinder at Reynolds numbers 5,000 to 40,000	english
NASA_NTRS_Archive_19930094703	1933-01-01	year	1933		NASA Technical Reports Server (NTRS) 19930094703: A simple method for increasing the lift of airplane wings by means of flaps	english
NASA_NTRS_Archive_19930094704	1933-01-01	year	1933		NASA Technical Reports Server (NTRS) 19930094704: Behavior of Vortex Systems	english
NASA_NTRS_Archive_19930094705	1933-01-01	year	1933		NASA Technical Reports Server (NTRS) 19930094705: The Schneider Trophy Contest	english
NASA_NTRS_Archive_19930094706	1933-01-01	year	1933		NASA Technical Reports Server (NTRS) 19930094706: Pressure Rise, Gas Vibrations and Combustion Noises During the Explosion of Fuels	english
NASA_NTRS_Archive_19930094707	1933-01-01	year	1933		NASA Technical Reports Server (NTRS) 19930094707: Tests for the Elimination of Tail Flutter	english
NASA_NTRS_Archive_19930094708	1933-01-01	year	1933		NASA Technical Reports Server (NTRS) 19930094708: Future problems of soaring flight : report of 1932 Rhon soaring contest	english
NASA_NTRS_Archive_19930094709	1933-01-01	year	1933		NASA Technical Reports Server (NTRS) 19930094709: Flight-test data on the static fore-and-aft stability of various German airplanes	english
NASA_NTRS_Archive_19930094710	1933-01-01	year	1933		NASA Technical Reports Server (NTRS) 19930094710: Experiments with needle bearings	english
NASA_NTRS_Archive_19930094711	1933-01-01	year	1933		NASA Technical Reports Server (NTRS) 19930094711: Knowledge Gained from Practical Experience in the Designing of Aircraft Engines	english
NASA_NTRS_Archive_19930094712	1933-01-01	year	1933		NASA Technical Reports Server (NTRS) 19930094712: The critical shear load of rectangular plates	english
NASA_NTRS_Archive_19930094713	1933-01-01	year	1933		NASA Technical Reports Server (NTRS) 19930094713: Scale Effect of Model in Seaplane-float Investigations	english
NASA_NTRS_Archive_19930094714	1933-01-01	year	1933		NASA Technical Reports Server (NTRS) 19930094714: Take-off and propeller thrust	english
NASA_NTRS_Archive_19930094715	1933-01-01	year	1933		NASA Technical Reports Server (NTRS) 19930094715: Determination of Inherent Stresses by Measuring Deformations of Drilled Holes	english
NASA_NTRS_Archive_19930094716	1933-01-01	year	1933		NASA Technical Reports Server (NTRS) 19930094716: The effect of a gap between elevator and stabilizer on the static stability and maneuverability about the lateral axis in flight	english
NASA_NTRS_Archive_19930094717	1933-01-01	year	1933		NASA Technical Reports Server (NTRS) 19930094717: Increasing the volumetric efficiency of Diesel engines by intake pipes	english
NASA_NTRS_Archive_19930094718	1933-01-01	year	1933		NASA Technical Reports Server (NTRS) 19930094718: Dynamic Breaking Tests of Airplane Parts	english
NASA_NTRS_Archive_19930094719	1933-01-01	year	1933		NASA Technical Reports Server (NTRS) 19930094719: The D.V.L. Gliding-angle Control : W. Hubner Design	english
NASA_NTRS_Archive_19930094720	1933-01-01	year	1933		NASA Technical Reports Server (NTRS) 19930094720: The Problem of the Propeller in Yaw with Special Reference to Airplane Stability	english
NASA_NTRS_Archive_19930094721	1932-01-01	year	1932		NASA Technical Reports Server (NTRS) 19930094721: Automatic Stability of Airplanes	english
NASA_NTRS_Archive_19930094722	1932-01-01	year	1932		NASA Technical Reports Server (NTRS) 19930094722: Combustion of Gaseous Mixtures	english
NASA_NTRS_Archive_19930094723	1932-01-01	year	1932		NASA Technical Reports Server (NTRS) 19930094723: The Testing of Airplane Fabrics	english
NASA_NTRS_Archive_19930094724	1932-01-01	year	1932		NASA Technical Reports Server (NTRS) 19930094724: Methods of Recording Rapid Wind Changes	english
NASA_NTRS_Archive_19930094725	1932-01-01	year	1932		NASA Technical Reports Server (NTRS) 19930094725: Some Ideas on Racing Seaplanes	english
NASA_NTRS_Archive_19930094726	1932-01-01	year	1932		NASA Technical Reports Server (NTRS) 19930094726: Transmission of heat from a flat plate to a fluid flowing at a high velocity	english
NASA_NTRS_Archive_19930094727	1932-01-01	year	1932		NASA Technical Reports Server (NTRS) 19930094727: The Problem of Tire Sizes for Airplane Wheels	english
NASA_NTRS_Archive_19930094728	1932-01-01	year	1932		NASA Technical Reports Server (NTRS) 19930094728: Speed and pressure recording in three-dimensional flow	english
NASA_NTRS_Archive_19930094729	1932-01-01	year	1932		NASA Technical Reports Server (NTRS) 19930094729: Methods for Facilitating the Blind Landing of Airplanes	english
NASA_NTRS_Archive_19930094730	1932-01-01	year	1932		NASA Technical Reports Server (NTRS) 19930094730: Further Flight Tests on the Effectiveness of Handley Page Automatic Control Slots	english
NASA_NTRS_Archive_19930094731	1932-01-01	year	1932		NASA Technical Reports Server (NTRS) 19930094731: The controls at low hinge moments	english
NASA_NTRS_Archive_19930094732	1932-01-01	year	1932		NASA Technical Reports Server (NTRS) 19930094732: The aerodynamic safety of airplanes	english
NASA_NTRS_Archive_19930094733	1932-01-01	year	1932		NASA Technical Reports Server (NTRS) 19930094733: Propeller Tip Flutter	english
NASA_NTRS_Archive_19930094734	1932-01-01	year	1932		NASA Technical Reports Server (NTRS) 19930094734: Airplane stability in taxying	english
NASA_NTRS_Archive_19930094735	1932-01-01	year	1932		NASA Technical Reports Server (NTRS) 19930094735: Reduction of wing lift by the drag	english
NASA_NTRS_Archive_19930094736	1932-01-01	year	1932		NASA Technical Reports Server (NTRS) 19930094736: Approximate calculation of multispar cantilever and semicantilever wings with parallel ribs under direct and indirect loading	english
NASA_NTRS_Archive_19930094737	1932-01-01	year	1932		NASA Technical Reports Server (NTRS) 19930094737: Experimental determination of the thickness of the boundary layer along a wing section	english
NASA_NTRS_Archive_19930094738	1932-01-01	year	1932		NASA Technical Reports Server (NTRS) 19930094738: Increase in the maximum lift of an airplane wing due to a sudden increase in its effective angle of attack resulting from a gust	english
NASA_NTRS_Archive_19930094739	1932-01-01	year	1932		NASA Technical Reports Server (NTRS) 19930094739: Stresses developed in seaplanes while taking off and landing	english
NASA_NTRS_Archive_19930094740	1932-01-01	year	1932		NASA Technical Reports Server (NTRS) 19930094740: Calculation of potential flow past airship bodies in yaw	english
NASA_NTRS_Archive_19930094741	1932-01-01	year	1932		NASA Technical Reports Server (NTRS) 19930094741: Towing tests of models as an aid in the design of seaplanes	english
NASA_NTRS_Archive_19930094742	1932-01-01	year	1932		NASA Technical Reports Server (NTRS) 19930094742: Effect of the ground on an airplane flying close to it	english
NASA_NTRS_Archive_19930094743	1932-01-01	year	1932		NASA Technical Reports Server (NTRS) 19930094743: Vertical descent of the autogiro	english
NASA_NTRS_Archive_19930094744	1932-01-01	year	1932		NASA Technical Reports Server (NTRS) 19930094744: Torsional vibration of aircraft engines	english
NASA_NTRS_Archive_19930094745	1932-01-01	year	1932		NASA Technical Reports Server (NTRS) 19930094745: Twelfth Rhon soaring contest, 1931	english
NASA_NTRS_Archive_19930094746	1932-01-01	year	1932		NASA Technical Reports Server (NTRS) 19930094746: Determination of Stresses and Deformations of Aircraft Propellers	english
NASA_NTRS_Archive_19930094747	1932-01-01	year	1932		NASA Technical Reports Server (NTRS) 19930094747: The German Investigation of the Accident at Meopham (England)	english
NASA_NTRS_Archive_19930094748	1932-01-01	year	1932		NASA Technical Reports Server (NTRS) 19930094748: Combustion Velocity of Benzine-Benzol-Air Mixtures in High-Speed Internal-Combustion Engines	english
NASA_NTRS_Archive_19930094749	1932-01-01	year	1932		NASA Technical Reports Server (NTRS) 19930094749: Application of the theory of free jets	english
NASA_NTRS_Archive_19930094750	1932-01-01	year	1932		NASA Technical Reports Server (NTRS) 19930094750: Development of tailless and all-wing gliders and airplanes	english
NASA_NTRS_Archive_19930094751	1932-01-01	year	1932		NASA Technical Reports Server (NTRS) 19930094751: The mutual action of airplane body and power plant	english
NASA_NTRS_Archive_19930094752	1932-01-01	year	1932		NASA Technical Reports Server (NTRS) 19930094752: German aircraft accident statistics, 1930	english
NASA_NTRS_Archive_19930094753	1932-01-01	year	1932		NASA Technical Reports Server (NTRS) 19930094753: Problems concerning the stability and maneuverability of airplanes	english
NASA_NTRS_Archive_19930094754	1932-01-01	year	1932		NASA Technical Reports Server (NTRS) 19930094754: Accurate calculation of multispar cantilever and semicantilever wings with parallel webs under direct and indirect loading	english
NASA_NTRS_Archive_19930094755	1932-01-01	year	1932		NASA Technical Reports Server (NTRS) 19930094755: Experiments with planing surfaces	english
NASA_NTRS_Archive_19930094756	1932-01-01	year	1932		NASA Technical Reports Server (NTRS) 19930094756: Airplane flight in the stratosphere	english
NASA_NTRS_Archive_19930094757	1932-01-01	year	1932		NASA Technical Reports Server (NTRS) 19930094757: Disintegration of a Liquid Jet	english
NASA_NTRS_Archive_19930094758	1932-01-01	year	1932		NASA Technical Reports Server (NTRS) 19930094758: Problems Involved in the Choice and Use of Materials in Airplane Construction	english
NASA_NTRS_Archive_19930094759	1932-01-01	year	1932		NASA Technical Reports Server (NTRS) 19930094759: Resonance vibrations of aircraft propellers	english
NASA_NTRS_Archive_19930094760	1932-01-01	year	1932		NASA Technical Reports Server (NTRS) 19930094760: Dynamic testing of airplane shock-absorbing struts	english
NASA_NTRS_Archive_19930094761	1932-01-01	year	1932		NASA Technical Reports Server (NTRS) 19930094761: Experiments with Intubed Propellers	english
NASA_NTRS_Archive_19930094762	1932-01-01	year	1932		NASA Technical Reports Server (NTRS) 19930094762: Stresses Produced in Airplane Wings by Gusts	english
NASA_NTRS_Archive_19930094763	1932-01-01	year	1932		NASA Technical Reports Server (NTRS) 19930094763: Turbulence and mechanism of resistance on spheres and cylinders	english
NASA_NTRS_Archive_19930094764	1931-01-01	year	1931		NASA Technical Reports Server (NTRS) 19930094764: Goldstein's solution of the problem of the aircraft propeller with a finite number of blades	english
NASA_NTRS_Archive_19930094765	1931-01-01	year	1931		NASA Technical Reports Server (NTRS) 19930094765: Wind Tunnel of the Bucharest Polytechnic Institute	english
NASA_NTRS_Archive_19930094766	1931-01-01	year	1931		NASA Technical Reports Server (NTRS) 19930094766: Development of a Non-autorotative Airplane Capable of Steep Landing	english
NASA_NTRS_Archive_19930094767	1931-01-01	year	1931		NASA Technical Reports Server (NTRS) 19930094767: Liquid cooling of aircraft engines	english
NASA_NTRS_Archive_19930094768	1931-01-01	year	1931		NASA Technical Reports Server (NTRS) 19930094768: Measurements of vertical air currents in the atmosphere	english
NASA_NTRS_Archive_19930094769	1931-01-01	year	1931		NASA Technical Reports Server (NTRS) 19930094769: Spatial buckling of various types of airplane strut systems	english
NASA_NTRS_Archive_19930094770	1931-01-01	year	1931		NASA Technical Reports Server (NTRS) 19930094770: Measurement of visibility from the pilot's cockpit on different airplane types	english
NASA_NTRS_Archive_19930094771	1931-01-01	year	1931		NASA Technical Reports Server (NTRS) 19930094771: Relations between ship design and seaplane design	english
NASA_NTRS_Archive_19930094772	1931-01-01	year	1931		NASA Technical Reports Server (NTRS) 19930094772: On Atomization in Carburetors	english
NASA_NTRS_Archive_19930094773	1931-01-01	year	1931		NASA Technical Reports Server (NTRS) 19930094773: Load assumptions for the landing impact of seaplanes	english
NASA_NTRS_Archive_19930094774	1931-01-01	year	1931		NASA Technical Reports Server (NTRS) 19930094774: Flutter in propeller blades	english
NASA_NTRS_Archive_19930094775	1931-01-01	year	1931		NASA Technical Reports Server (NTRS) 19930094775: Lift distribution and longitudinal stability of an airplane	english
NASA_NTRS_Archive_19930094776	1931-01-01	year	1931		NASA Technical Reports Server (NTRS) 19930094776: The new "Charlestop" remote brake transmission and control	english
NASA_NTRS_Archive_19930094777	1931-01-01	year	1931		NASA Technical Reports Server (NTRS) 19930094777: On floats and float tests	english
NASA_NTRS_Archive_19930094778	1931-01-01	year	1931		NASA Technical Reports Server (NTRS) 19930094778: The dangerous sideslip of a stalled airplane and its prevention	english
NASA_NTRS_Archive_19930094779	1931-01-01	year	1931		NASA Technical Reports Server (NTRS) 19930094779: The Development, Design and Construction of Gliders and Sailplanes	english
NASA_NTRS_Archive_19930094780	1931-01-01	year	1931		NASA Technical Reports Server (NTRS) 19930094780: Experiments with airplane brakes	english
NASA_NTRS_Archive_19930094781	1931-01-01	year	1931		NASA Technical Reports Server (NTRS) 19930094781: The use of slots for increasing the lift of airplane wings	english
NASA_NTRS_Archive_19930094782	1931-01-01	year	1931		NASA Technical Reports Server (NTRS) 19930094782: Experiments with a wing from which the boundary layer is removed by suction	english
NASA_NTRS_Archive_19930094783	1931-01-01	year	1931		NASA Technical Reports Server (NTRS) 19930094783: Effect of viscosity in speed measurements with double-throat Venturi tubes	english
NASA_NTRS_Archive_19930094784	1931-01-01	year	1931		NASA Technical Reports Server (NTRS) 19930094784: Downwash measurements behind wings with detached float	english
NASA_NTRS_Archive_19930094785	1931-01-01	year	1931		NASA Technical Reports Server (NTRS) 19930094785: Superchargers	english
NASA_NTRS_Archive_19930094786	1931-01-01	year	1931		NASA Technical Reports Server (NTRS) 19930094786: The Steady Spin	english
NASA_NTRS_Archive_19930094787	1931-01-01	year	1931		NASA Technical Reports Server (NTRS) 19930094787: The dangerous flat spin and the factors affecting it	english
NASA_NTRS_Archive_19930094788	1931-01-01	year	1931		NASA Technical Reports Server (NTRS) 19930094788: Fire prevention on aircraft	english
NASA_NTRS_Archive_19930094789	1931-01-01	year	1931		NASA Technical Reports Server (NTRS) 19930094789: Airplane landing gear	english
NASA_NTRS_Archive_19930094790	1931-01-01	year	1931		NASA Technical Reports Server (NTRS) 19930094790: The Frictionless Flow in the Region Around Two Circles	english
NASA_NTRS_Archive_19930094791	1931-01-01	year	1931		NASA Technical Reports Server (NTRS) 19930094791: Effect of stabilizing forces on turbulence	english
NASA_NTRS_Archive_19930094792	1931-01-01	year	1931		NASA Technical Reports Server (NTRS) 19930094792: Landing impact of seaplanes	english
NASA_NTRS_Archive_19930094793	1931-01-01	year	1931		NASA Technical Reports Server (NTRS) 19930094793: Eleventh Rhon soaring-flight contest, 1930	english
NASA_NTRS_Archive_19930094794	1931-01-01	year	1931		NASA Technical Reports Server (NTRS) 19930094794: Landing of seaplanes	english
NASA_NTRS_Archive_19930094796	1931-01-01	year	1931		NASA Technical Reports Server (NTRS) 19930094796: Combined pitching and yawing motion of airplanes	english
NASA_NTRS_Archive_19930094797	1931-01-01	year	1931		NASA Technical Reports Server (NTRS) 19930094797: Determination of resistance and trimming moment of planing water craft	english
NASA_NTRS_Archive_19930094798	1931-01-01	year	1931		NASA Technical Reports Server (NTRS) 19930094798: Relative Economy of Different Methods of Airplane Construction	english
NASA_NTRS_Archive_19930094799	1931-01-01	year	1931		NASA Technical Reports Server (NTRS) 19930094799: Investigation of certain wing shapes with sections varying progressively along the span	english
NASA_NTRS_Archive_19930094800	1931-01-01	year	1931		NASA Technical Reports Server (NTRS) 19930094800: Aeronautical education and research at the Swiss Institute of Technology in Zurich	english
NASA_NTRS_Archive_19930094801	1931-01-01	year	1931		NASA Technical Reports Server (NTRS) 19930094801: A study of curvilinear flight	english
NASA_NTRS_Archive_19930094802	1931-01-01	year	1931		NASA Technical Reports Server (NTRS) 19930094802: The transference of heat from a hot plate to an air stream	english
NASA_NTRS_Archive_19930094803	1931-01-01	year	1931		NASA Technical Reports Server (NTRS) 19930094803: Elmira soaring contest, 1930	english
NASA_NTRS_Archive_19930094804	1931-01-01	year	1931		NASA Technical Reports Server (NTRS) 19930094804: Static longitudinal stability of "Ente" airplanes	english
NASA_NTRS_Archive_19930094805	1931-01-01	year	1931		NASA Technical Reports Server (NTRS) 19930094805: Mechanical similitude and turbulence	english
NASA_NTRS_Archive_19930094806	1931-01-01	year	1931		NASA Technical Reports Server (NTRS) 19930094806: Optico-photographic measurements of airplane deformations	english
NASA_NTRS_Archive_19930094807	1931-01-01	year	1931		NASA Technical Reports Server (NTRS) 19930094807: The Production of Turbulence	english
NASA_NTRS_Archive_19930094809	1931-01-01	year	1931		NASA Technical Reports Server (NTRS) 19930094809: The aerodynamic wind vane and the inherent stability of airplanes	english
NASA_NTRS_Archive_19930094810	1931-01-01	year	1931		NASA Technical Reports Server (NTRS) 19930094810: Flat sheet metal girders with very thin metal web. Part III : sheet metal girders with spars resistant to bending - the stress in uprights - diagonal tension fields	english
NASA_NTRS_Archive_19930094811	1931-01-01	year	1931		NASA Technical Reports Server (NTRS) 19930094811: Flat sheet metal girders with very thin metal web. Part II : sheet metal girders with spars resistant to bending - oblique uprights - stiffness	english
NASA_NTRS_Archive_19930094812	1931-01-01	year	1931		NASA Technical Reports Server (NTRS) 19930094812: Flat sheet metal girders with very thin metal web. Part I : general theories and assumptions	english
NASA_NTRS_Archive_19930094813	1931-01-01	year	1931		NASA Technical Reports Server (NTRS) 19930094813: Clerget 100 hp heavy-oil engine	english
NASA_NTRS_Archive_19930094814	1931-01-01	year	1931		NASA Technical Reports Server (NTRS) 19930094814: Wrinkling of reinforced plates subjected to shear stresses	english
NASA_NTRS_Archive_19930094815	1931-01-01	year	1931		NASA Technical Reports Server (NTRS) 19930094815: Wrinkling Phenomena of Thin Flat Plates Subjected to Shear Stresses	english
NASA_NTRS_Archive_19930094816	1931-01-01	year	1931		NASA Technical Reports Server (NTRS) 19930094816: Resistance of plates and pipes at high Reynolds numbers	english
NASA_NTRS_Archive_19930094817	1930-01-01	year	1930		NASA Technical Reports Server (NTRS) 19930094817: Riveting in metal airplane construction. Part IV : strength of riveted joints in duralumin (concluded)	english
NASA_NTRS_Archive_19930094818	1930-01-01	year	1930		NASA Technical Reports Server (NTRS) 19930094818: Riveting in metal airplane construction. Part III : strength of riveted joints in duralumin (continued)	english
NASA_NTRS_Archive_19930094819	1930-01-01	year	1930		NASA Technical Reports Server (NTRS) 19930094819: Riveting in metal airplane construction. Part II : riveting methods and equipment (concluded)	english
NASA_NTRS_Archive_19930094820	1930-01-01	year	1930		NASA Technical Reports Server (NTRS) 19930094820: Riveting in Metal Airplane Construction. Part I : Riveting Methods and Equipment in German Metal Airplane Construction	english
NASA_NTRS_Archive_19930094821	1930-01-01	year	1930		NASA Technical Reports Server (NTRS) 19930094821: English airplane construction	english
NASA_NTRS_Archive_19930094822	1930-01-01	year	1930		NASA Technical Reports Server (NTRS) 19930094822: Practical Tests with the "auto Control Slot." Part II : Discussion	english
NASA_NTRS_Archive_19930094823	1930-01-01	year	1930		NASA Technical Reports Server (NTRS) 19930094823: Practical Tests with the "auto Control Slot." Part I : Lecture	english
NASA_NTRS_Archive_19930094824	1930-01-01	year	1930		NASA Technical Reports Server (NTRS) 19930094824: Metal Covering of Airplanes	english
NASA_NTRS_Archive_19930094825	1930-01-01	year	1930		NASA Technical Reports Server (NTRS) 19930094825: Mathematical treatise on the recovery from a flat spin	english
NASA_NTRS_Archive_19930094826	1930-01-01	year	1930		NASA Technical Reports Server (NTRS) 19930094826: Riveted joints in thin plates	english
NASA_NTRS_Archive_19930094827	1930-01-01	year	1930		NASA Technical Reports Server (NTRS) 19930094827: Diesel-engine investigations : ignition-chamber engines	english
NASA_NTRS_Archive_19930094828	1930-01-01	year	1930		NASA Technical Reports Server (NTRS) 19930094828: The Behm Acoustic Sounder for Airplanes with Reference to Its Accuracy	english
NASA_NTRS_Archive_19930094829	1931-01-01	year	1931		NASA Technical Reports Server (NTRS) 19930094829: Counter-propeller	english
NASA_NTRS_Archive_19930094830	1930-01-01	year	1930		NASA Technical Reports Server (NTRS) 19930094830: Gottingen six-component scale measurements on a Junkers A 35 airplane model	english
NASA_NTRS_Archive_19930094831	1930-01-01	year	1930		NASA Technical Reports Server (NTRS) 19930094831: Velocity Distribution in the Boundary Layer of a Submerged Plate	english
NASA_NTRS_Archive_19930094832	1930-01-01	year	1930		NASA Technical Reports Server (NTRS) 19930094832: Flight tests for the determination of static longitudinal stability	english
NASA_NTRS_Archive_19930094833	1930-01-01	year	1930		NASA Technical Reports Server (NTRS) 19930094833: Determination of the Maximum Control Forces and Attainable Quickness in the Operation of Airplane Controls	english
NASA_NTRS_Archive_19930094834	1930-01-01	year	1930		NASA Technical Reports Server (NTRS) 19930094834: Effects of the end fixation of airplane struts	english
NASA_NTRS_Archive_19930094835	1930-01-01	year	1930		NASA Technical Reports Server (NTRS) 19930094835: Load assumptions for calculating the strength of airplanes	english
NASA_NTRS_Archive_19930094836	1930-01-01	year	1930		NASA Technical Reports Server (NTRS) 19930094836: Theory of the Landing Impact of Seaplanes	english
NASA_NTRS_Archive_19930094837	1930-01-01	year	1930		NASA Technical Reports Server (NTRS) 19930094837: Structural details of German light airplanes	english
NASA_NTRS_Archive_19930094838	1930-01-01	year	1930		NASA Technical Reports Server (NTRS) 19930094838: Calculation of tapered monoplane wings	english
NASA_NTRS_Archive_19930094839	1930-01-01	year	1930		NASA Technical Reports Server (NTRS) 19930094839: Determination of the Best Cross Section for a Box Beam Subjected to Bending Stresses	english
NASA_NTRS_Archive_19930094840	1930-01-01	year	1930		NASA Technical Reports Server (NTRS) 19930094840: The vortex theory and its significance in aviation	english
NASA_NTRS_Archive_19930094841	1930-01-01	year	1930		NASA Technical Reports Server (NTRS) 19930094841: Calculation of Pressure Distribution on Airship Hulls	english
NASA_NTRS_Archive_19930094842	1930-01-01	year	1930		NASA Technical Reports Server (NTRS) 19930094842: Impact tests on rubber compression springs for airplane landing gears	english
NASA_NTRS_Archive_19930094843	1930-01-01	year	1930		NASA Technical Reports Server (NTRS) 19930094843: Propulsion by Reaction	english
NASA_NTRS_Archive_19930094844	1930-01-01	year	1930		NASA Technical Reports Server (NTRS) 19930094844: "Gloster" metal construction	english
NASA_NTRS_Archive_19930094845	1930-01-01	year	1930		NASA Technical Reports Server (NTRS) 19930094845: A possible method for preventing the autorotation of airplane wings	english
NASA_NTRS_Archive_19930094846	1930-01-01	year	1930		NASA Technical Reports Server (NTRS) 19930094846: Contribution to the theory of propeller vibrations	english
NASA_NTRS_Archive_19930094847	1930-01-01	year	1930		NASA Technical Reports Server (NTRS) 19930094847: The Magnus Effect in Theory and in Reality	english
NASA_NTRS_Archive_19930094848	1930-01-01	year	1930		NASA Technical Reports Server (NTRS) 19930094848: Experimental research on the friction of pivots	english
NASA_NTRS_Archive_19930094849	1930-01-01	year	1930		NASA Technical Reports Server (NTRS) 19930094849: Development of the Junkers-diesel Aircraft Engine	english
NASA_NTRS_Archive_19930094850	1930-01-01	year	1930		NASA Technical Reports Server (NTRS) 19930094850: Recent tests of tailless airplanes	english
NASA_NTRS_Archive_19930094851	1930-01-01	year	1930		NASA Technical Reports Server (NTRS) 19930094851: Balanced and servo control surfaces	english
NASA_NTRS_Archive_19930094852	1930-01-01	year	1930		NASA Technical Reports Server (NTRS) 19930094852: Experimental Investigation of Aircraft Propellers Exposed to Oblique Air Currents	english
NASA_NTRS_Archive_19930094853	1930-01-01	year	1930		NASA Technical Reports Server (NTRS) 19930094853: Improving the Performance of Multi-engined Airplanes by Means of Idling Propellers : the "free-wheel" Propeller	english
NASA_NTRS_Archive_19930094854	1930-01-01	year	1930		NASA Technical Reports Server (NTRS) 19930094854: The 1929 Rhon soaring-flight contest	english
NASA_NTRS_Archive_19930094855	1930-01-01	year	1930		NASA Technical Reports Server (NTRS) 19930094855: Ratier Metal Propeller with Pitch Variable in Flight	english
NASA_NTRS_Archive_19930094856	1930-01-01	year	1930		NASA Technical Reports Server (NTRS) 19930094856: Measurement of profile drag on an airplane in flight by the momentum method. Part II	english
NASA_NTRS_Archive_19930094857	1930-01-01	year	1930		NASA Technical Reports Server (NTRS) 19930094857: Measurement of Profile Drag on an Airplane in Flight by the Momentum Method. Part I	english
NASA_NTRS_Archive_19930094858	1930-01-01	year	1930		NASA Technical Reports Server (NTRS) 19930094858: The electrodynamometric balance of the small wind tunnel of the French Service of Aeronautical Research	english
NASA_NTRS_Archive_19930094859	1930-01-01	year	1930		NASA Technical Reports Server (NTRS) 19930094859: The boundary layer as a means of controlling the flow of liquids and gases	english
NASA_NTRS_Archive_19930094860	1922-01-01	year	1922		NASA Technical Reports Server (NTRS) 19930094860: The glider	english
NASA_NTRS_Archive_19930094861	1922-01-01	year	1922		NASA Technical Reports Server (NTRS) 19930094861: Behavior of aviation engines at different air densities	english
NASA_NTRS_Archive_19960023477	1930-01-01	year	1930		NASA Technical Reports Server (NTRS) 19960023477: Identification of Aircraft Tubing by Rockwell Test	english
NASA_NTRS_Archive_20030082190	1920-01-01	year	1920		NASA Technical Reports Server (NTRS) 20030082190: Theory of Lifting Surfaces. Part 2	english
NASA_NTRS_Archive_20050241726	1933-01-01	year	1933		NASA Technical Reports Server (NTRS) 20050241726: A Complete Tank Test of a Model of a Flying-Boat Hull - N.A.C.A. Model No.11	english
NASA_NTRS_Archive_20050241729	1921-01-01	year	1921		NASA Technical Reports Server (NTRS) 20050241729: Calculation of wing spars	english
NASA_NTRS_Archive_20050241730	1923-01-01	year	1923		NASA Technical Reports Server (NTRS) 20050241730: Compressive Strength of Tapered Airplane Struts	english
NASA_NTRS_Archive_20090014119	1938-01-01	year	1938		NASA Technical Reports Server (NTRS) 20090014119: N.A.C.A. Stall-Warning Device	english
NASA_NTRS_Archive_20090014139	1938-01-01	year	1938		NASA Technical Reports Server (NTRS) 20090014139: Wind-Tunnel Investigation of an N.A.C.A. 23012 Airfoil with a Slotted Flap and Three Types of Auxiliary Flap	english
NASA_NTRS_Archive_20090014144	1937-01-01	year	1937		NASA Technical Reports Server (NTRS) 20090014144: Tandem Air Propellers	english
NASA_NTRS_Archive_20090014186	1937-01-01	year	1937		NASA Technical Reports Server (NTRS) 20090014186: Energy Loss, Velocity Distribution, and Temperature Distribution for a Baffled Cylinder Model, Special Report	english
NASA_NTRS_Archive_20090014187	1937-01-01	year	1937		NASA Technical Reports Server (NTRS) 20090014187: Stability of Castering Wheels for Aircraft Landing Gears, Special Report	english
NASA_NTRS_Archive_20090014211	1936-01-01	year	1936		NASA Technical Reports Server (NTRS) 20090014211: Tank Tests of the Effect of Rivet Heads, etc., on the Water Performance of a Seaplane Float, Special Report	english
NASA_NTRS_Archive_20090014215	1938-01-01	year	1938		NASA Technical Reports Server (NTRS) 20090014215: The Torsional and Bending Deflection of Full-Scale Duralumin Propeller Blades under Normal Operating Conditions, Special Report	english
NASA_NTRS_Archive_20090014718	1938-01-01	year	1938		NASA Technical Reports Server (NTRS) 20090014718: Investigation in the 7-By-10 Foot Wind Tunnel of Ducts for Cooling Radiators Within an Airplane Wing, Special Report	english
NASA_NTRS_Archive_20090014741	1937-01-01	year	1937		NASA Technical Reports Server (NTRS) 20090014741: The Transition Phase in the Take-Off of an Airplane, Special Report	english
NASA_NTRS_Archive_20090014805	1937-01-01	year	1937		NASA Technical Reports Server (NTRS) 20090014805: A Study of Transparent Plastics for use on Aircraft, Special Report	english
NASA_NTRS_Archive_20090014835	1932-01-01	year	1932		NASA Technical Reports Server (NTRS) 20090014835: Statistics of the Bureau Veritas	english
NASA_NTRS_Archive_20090014836	1933-01-01	year	1933		NASA Technical Reports Server (NTRS) 20090014836: Present Status of Lateral-Control Devices for use with Split Flaps, Special Report	english
NASA_NTRS_Archive_20090014837	1933-01-01	year	1933		NASA Technical Reports Server (NTRS) 20090014837: Flight Tests on the Lateral Control of an Airplane having a Split Flap which Retracts Ahead of Conventional Ailerons, Special Report	english
NASA_NTRS_Archive_20090014889	1937-01-01	year	1937		NASA Technical Reports Server (NTRS) 20090014889: Accelerations in Landing with a Tricycle-Type Landing Gear	english
NASA_NTRS_Archive_20090015031	1926-01-01	year	1926		NASA Technical Reports Server (NTRS) 20090015031: Suggestions for Popularizing Civil Aviation	english
NASA_NTRS_Archive_20090015053	1937-01-01	year	1937		NASA Technical Reports Server (NTRS) 20090015053: Notes on Factors Affecting Geometrical Arrangement of Tricycle-Type Landing Gear	english
NASA_NTRS_Archive_20090015056	1934-01-01	year	1934		NASA Technical Reports Server (NTRS) 20090015056: Wing-Nacelle-Propeller Tests - Comparative Tests of Liquid-Cooled and Air-Cooled Engine Nacelles	english
NASA_NTRS_Archive_20090015089	1938-01-01	year	1938		NASA Technical Reports Server (NTRS) 20090015089: Full-Scale Wind-Tunnel Investigation of Wing Cooling Ducts, Special Report	english
NASA_NTRS_Archive_20090015095	1938-01-01	year	1938		NASA Technical Reports Server (NTRS) 20090015095: Wind-Tunnel Investigation of Air Inlet and Outlet Openings for Aircraft, Special Report	english
NASA_NTRS_Archive_20090015098	1937-01-01	year	1937		NASA Technical Reports Server (NTRS) 20090015098: A Study of Transparent Plastics for use on Aircraft. Supplement	english
NASA_NTRS_Archive_20090015103	1935-01-01	year	1935		NASA Technical Reports Server (NTRS) 20090015103: The Relative Hydrodynamic Resistance of Various Types of Rivet Heads from Tests of Planning Surfaces, Special Report	english
NASA_NTRS_Archive_20090015106	1935-01-01	year	1935		NASA Technical Reports Server (NTRS) 20090015106: Ice Prevention on Aircraft by Means of Impregnated Leather Covers, Special Report	english
NASA_NTRS_Archive_20090015107	1934-01-01	year	1934		NASA Technical Reports Server (NTRS) 20090015107: Preliminary Wind-Tunnel and Flight Tests of a Balanced Split Flap, Special Report	english
NASA_NTRS_Archive_20090015117	1934-01-01	year	1934		NASA Technical Reports Server (NTRS) 20090015117: Resume of Present Data on Load Distribution on Slots and Flaps, Special Report	english
NASA_NTRS_Archive_20090015247	1938-01-01	year	1938		NASA Technical Reports Server (NTRS) 20090015247: Preliminary Full-Scale Wind-Tunnel Investigation of Wing Ducts for Radiators, Special Report	english
NASA_NTRS_Archive_20090015249	1931-01-01	year	1931		NASA Technical Reports Server (NTRS) 20090015249: Definition of Method of Measurement of Supporting and Control Surface Areas, Special Report	english
NASA_NTRS_Archive_20090015250	1936-01-01	year	1936		NASA Technical Reports Server (NTRS) 20090015250: Relative Efficiencies and Design Charts for Various Engine-Propeller Combinations, Special Report	english
NASA_NTRS_Archive_20090015251	1931-01-01	year	1931		NASA Technical Reports Server (NTRS) 20090015251: Method of Determining the Weights of the Most Important Simple Girders	english
NASA_NTRS_Archive_20090015253	1931-01-01	year	1931		NASA Technical Reports Server (NTRS) 20090015253: Estimated Effect of Ring Cowl on the Climb and Ceiling of an Airplane, Special Report	english
NASA_NTRS_Archive_20090015308	1938-01-01	year	1938		NASA Technical Reports Server (NTRS) 20090015308: The Effect of Surface Irregularities on Wing Drag. I. Rivets and Spot Welds. 1; Rivets and Spot Welds	english
NASA_NTRS_Archive_20090015310	1938-01-01	year	1938		NASA Technical Reports Server (NTRS) 20090015310: The Effect of Surface Irregularities on Wing Drag. IV - Manufacturing Irregularities. 5; Manufacturing Irregularities	english
NASA_NTRS_Archive_20090015311	1938-01-01	year	1938		NASA Technical Reports Server (NTRS) 20090015311: The Effect of Surface Irregularities on Wing Drag. II - Lap Joints. 2; Lap Joints	english
NASA_NTRS_Archive_20090015312	1935-01-01	year	1935		NASA Technical Reports Server (NTRS) 20090015312: Large-Scale Boundary-Layer Control Tests on Two Wings in the NACA 20-Foot Wind Tunnel, Special Report	english
NASA_NTRS_Archive_20090015315	1937-01-01	year	1937		NASA Technical Reports Server (NTRS) 20090015315: Tests in the Variable-Density Tunnel of Seven Tapered Wings Having N.A.C.A. 230 Mean Lines, Special Report	english
NASA_NTRS_Archive_20090015316	1938-01-01	year	1938		NASA Technical Reports Server (NTRS) 20090015316: The Effect of Surface Irregularities on Wing Drag. 3; Roughness	english
NASA_NTRS_Archive_20090019124	1938-01-01	year	1938		NASA Technical Reports Server (NTRS) 20090019124: Correction of Profile-Drag Results from Variable-Density Tunnel and the Effect on the Choice of Wing-Section Thickness	english
NASA_NTRS_Archive_20090019125	1935-01-01	year	1935		NASA Technical Reports Server (NTRS) 20090019125: The Effect of Lateral Inclination of the Thrust Axis and of Sweepback of the Leading Edge of the Wing on Propulsive and Net Efficiencies of a Wing-Nacelle-Propeller Combination	english
NASA_NTRS_Archive_20090023670	1935-01-01	year	1935		NASA Technical Reports Server (NTRS) 20090023670: Notes on New French Commercial Airplanes	english
NASA_NTRS_Archive_20090023691	1934-01-01	year	1934		NASA Technical Reports Server (NTRS) 20090023691: Paris Aviation Salon, 1934	english
NASA_NTRS_Archive_20150012617	1932-06-25	day	1932		NASA Technical Reports Server (NTRS) 20150012617: Test of NACA 21 Airfoil (Modified NACA M-6) Including Characteristics at Positive and Negative Angles of Attack	english
NASA_NTRS_Archive_20150020405	1933-08-01	day	1933		NASA Technical Reports Server (NTRS) 20150020405: Wings with Variable Camber and Slots	english
NASA_NTRS_Archive_20150021810	1921-01-01	year	1921		NASA Technical Reports Server (NTRS) 20150021810: Bibliography of Aeronautics 1909-1916	english
NASA_NTRS_Archive_20150021833	1925-01-01	year	1925		NASA Technical Reports Server (NTRS) 20150021833: Bibliography of Aeronautics	english
NASA_NTRS_Archive_20150021909	1928-10-27	day	1928		NASA Technical Reports Server (NTRS) 20150021909: Bibliography of Aeronautics: 1926	english
NASA_NTRS_Archive_20150021911	1928-01-01	year	1928		NASA Technical Reports Server (NTRS) 20150021911: Bibliography of Aeronautics: 1928	english
NASA_NTRS_Archive_20150021912	1930-01-01	year	1930		NASA Technical Reports Server (NTRS) 20150021912: Bibliography of Aeronautics	english
NASA_NTRS_Archive_20150021942	1935-11-30	day	1935		NASA Technical Reports Server (NTRS) 20150021942: Bibliography of Aeronautics: 1932	english
NASA_NTRS_Archive_20180002405	1937-11-15	day	1937		NASA Technical Reports Server (NTRS) 20180002405: Results of Landing Tests of Kellett YG-1 Autogiro (A. C. R. 35-278)	english
