key	date	precision	year	volume	title	language
sim_naturwissenschaften_1913-01-03_1_1	1913-01-03	day	1913	1	Die Naturwissenschaften 1913-01-03: Vol 1 Iss 1	German
sim_naturwissenschaften_1913-01-10_1_2	1913-01-10	day	1913	1	Die Naturwissenschaften 1913-01-10: Vol 1 Iss 2	German
sim_naturwissenschaften_1913-01-17_1_3	1913-01-17	day	1913	1	Die Naturwissenschaften 1913-01-17: Vol 1 Iss 3	German
sim_naturwissenschaften_1913-01-24_1_4	1913-01-24	day	1913	1	Die Naturwissenschaften 1913-01-24: Vol 1 Iss 4	German
sim_naturwissenschaften_1913-01-31_1_5	1913-01-31	day	1913	1	Die Naturwissenschaften 1913-01-31: Vol 1 Iss 5	German
sim_naturwissenschaften_1913-02-07_1_6	1913-02-07	day	1913	1	Die Naturwissenschaften 1913-02-07: Vol 1 Iss 6	German
sim_naturwissenschaften_1913-02-14_1_7	1913-02-14	day	1913	1	Die Naturwissenschaften 1913-02-14: Vol 1 Iss 7	German
sim_naturwissenschaften_1913-02-21_1_8	1913-02-21	day	1913	1	Die Naturwissenschaften 1913-02-21: Vol 1 Iss 8	German
sim_naturwissenschaften_1913-02-28_1_9	1913-02-28	day	1913	1	Die Naturwissenschaften 1913-02-28: Vol 1 Iss 9	German
sim_naturwissenschaften_1913-03-07_1_10	1913-03-07	day	1913	1	Die Naturwissenschaften 1913-03-07: Vol 1 Iss 10	German
sim_naturwissenschaften_1913-03-14_1_11	1913-03-14	day	1913	1	Die Naturwissenschaften 1913-03-14: Vol 1 Iss 11	German
sim_naturwissenschaften_1913-03-21_1_12	1913-03-21	day	1913	1	Die Naturwissenschaften 1913-03-21: Vol 1 Iss 12	German
sim_naturwissenschaften_1913-03-28_1_13	1913-03-28	day	1913	1	Die Naturwissenschaften 1913-03-28: Vol 1 Iss 13	German
sim_naturwissenschaften_1913-04-04_1_14	1913-04-04	day	1913	1	Die Naturwissenschaften 1913-04-04: Vol 1 Iss 14	German
sim_naturwissenschaften_1913-04-11_1_15	1913-04-11	day	1913	1	Die Naturwissenschaften 1913-04-11: Vol 1 Iss 15	German
sim_naturwissenschaften_1913-04-18_1_16	1913-04-18	day	1913	1	Die Naturwissenschaften 1913-04-18: Vol 1 Iss 16	German
sim_naturwissenschaften_1913-04-25_1_17	1913-04-25	day	1913	1	Die Naturwissenschaften 1913-04-25: Vol 1 Iss 17	German
sim_naturwissenschaften_1913-05-02_1_18	1913-05-02	day	1913	1	Die Naturwissenschaften 1913-05-02: Vol 1 Iss 18	German
sim_naturwissenschaften_1913-05-09_1_19	1913-05-09	day	1913	1	Die Naturwissenschaften 1913-05-09: Vol 1 Iss 19	German
sim_naturwissenschaften_1913-05-16_1_20	1913-05-16	day	1913	1	Die Naturwissenschaften 1913-05-16: Vol 1 Iss 20	German
sim_naturwissenschaften_1913-05-23_1_21	1913-05-23	day	1913	1	Die Naturwissenschaften 1913-05-23: Vol 1 Iss 21	German
sim_naturwissenschaften_1913-05-30_1_22	1913-05-30	day	1913	1	Die Naturwissenschaften 1913-05-30: Vol 1 Iss 22	German
sim_naturwissenschaften_1913-06-06_1_23	1913-06-06	day	1913	1	Die Naturwissenschaften 1913-06-06: Vol 1 Iss 23	German
sim_naturwissenschaften_1913-06-13_1_24	1913-06-13	day	1913	1	Die Naturwissenschaften 1913-06-13: Vol 1 Iss 24	German
sim_naturwissenschaften_1913-06-20_1_25	1913-06-20	day	1913	1	Die Naturwissenschaften 1913-06-20: Vol 1 Iss 25	German
sim_naturwissenschaften_1913-06-27_1_26	1913-06-27	day	1913	1	Die Naturwissenschaften 1913-06-27: Vol 1 Iss 26	German
sim_naturwissenschaften_1913-07-04_1_27	1913-07-04	day	1913	1	Die Naturwissenschaften 1913-07-04: Vol 1 Iss 27	German
sim_naturwissenschaften_1913-07-11_1_28	1913-07-11	day	1913	1	Die Naturwissenschaften 1913-07-11: Vol 1 Iss 28	German
sim_naturwissenschaften_1913-07-18_1_29	1913-07-18	day	1913	1	Die Naturwissenschaften 1913-07-18: Vol 1 Iss 29	German
sim_naturwissenschaften_1913-07-25_1_30	1913-07-25	day	1913	1	Die Naturwissenschaften 1913-07-25: Vol 1 Iss 30	German
sim_naturwissenschaften_1913-08-01_1_31	1913-08-01	day	1913	1	Die Naturwissenschaften 1913-08-01: Vol 1 Iss 31	German
sim_naturwissenschaften_1913-08-08_1_32	1913-08-08	day	1913	1	Die Naturwissenschaften 1913-08-08: Vol 1 Iss 32	German
sim_naturwissenschaften_1913-08-15_1_33	1913-08-15	day	1913	1	Die Naturwissenschaften 1913-08-15: Vol 1 Iss 33	German
sim_naturwissenschaften_1913-08-22_1_34	1913-08-22	day	1913	1	Die Naturwissenschaften 1913-08-22: Vol 1 Iss 34	German
sim_naturwissenschaften_1913-08-29_1_35	1913-08-29	day	1913	1	Die Naturwissenschaften 1913-08-29: Vol 1 Iss 35	German
sim_naturwissenschaften_1913-09-05_1_36	1913-09-05	day	1913	1	Die Naturwissenschaften 1913-09-05: Vol 1 Iss 36	German
sim_naturwissenschaften_1913-09-12_1_37	1913-09-12	day	1913	1	Die Naturwissenschaften 1913-09-12: Vol 1 Iss 37	German
sim_naturwissenschaften_1913-09-19_1_38	1913-09-19	day	1913	1	Die Naturwissenschaften 1913-09-19: Vol 1 Iss 38	German
sim_naturwissenschaften_1913-09-26_1_39	1913-09-26	day	1913	1	Die Naturwissenschaften 1913-09-26: Vol 1 Iss 39	German
sim_naturwissenschaften_1913-10-03_1_40	1913-10-03	day	1913	1	Die Naturwissenschaften 1913-10-03: Vol 1 Iss 40	German
sim_naturwissenschaften_1913-10-10_1_41	1913-10-10	day	1913	1	Die Naturwissenschaften 1913-10-10: Vol 1 Iss 41	German
sim_naturwissenschaften_1913-10-17_1_42	1913-10-17	day	1913	1	Die Naturwissenschaften 1913-10-17: Vol 1 Iss 42	German
sim_naturwissenschaften_1913-10-24_1_43	1913-10-24	day	1913	1	Die Naturwissenschaften 1913-10-24: Vol 1 Iss 43	German
sim_naturwissenschaften_1913-10-31_1_44	1913-10-31	day	1913	1	Die Naturwissenschaften 1913-10-31: Vol 1 Iss 44	German
sim_naturwissenschaften_1913-11-07_1_45	1913-11-07	day	1913	1	Die Naturwissenschaften 1913-11-07: Vol 1 Iss 45	German
sim_naturwissenschaften_1913-11-14_1_46	1913-11-14	day	1913	1	Die Naturwissenschaften 1913-11-14: Vol 1 Iss 46	German
sim_naturwissenschaften_1913-11-21_1_47	1913-11-21	day	1913	1	Die Naturwissenschaften 1913-11-21: Vol 1 Iss 47	German
sim_naturwissenschaften_1913-11-28_1_48	1913-11-28	day	1913	1	Die Naturwissenschaften 1913-11-28: Vol 1 Iss 48	German
sim_naturwissenschaften_1913-12-05_1_49	1913-12-05	day	1913	1	Die Naturwissenschaften 1913-12-05: Vol 1 Iss 49	German
sim_naturwissenschaften_1913-12-12_1_50	1913-12-12	day	1913	1	Die Naturwissenschaften 1913-12-12: Vol 1 Iss 50	German
sim_naturwissenschaften_1913-12-19_1_51	1913-12-19	day	1913	1	Die Naturwissenschaften 1913-12-19: Vol 1 Iss 51	German
sim_naturwissenschaften_1913-12-26_1_52	1913-12-26	day	1913	1	Die Naturwissenschaften 1913-12-26: Vol 1 Iss 52	German
sim_naturwissenschaften_1913_1_contents	1913-01-01	year	1913	1	Die Naturwissenschaften 1913: Vol 1 Table of Contents	German
sim_naturwissenschaften_1914-01-02_2_1	1914-01-02	day	1914	2	Die Naturwissenschaften 1914-01-02: Vol 2 Iss 1	German
sim_naturwissenschaften_1914-01-09_2_2	1914-01-09	day	1914	2	Die Naturwissenschaften 1914-01-09: Vol 2 Iss 2	German
sim_naturwissenschaften_1914-01-16_2_3	1914-01-16	day	1914	2	Die Naturwissenschaften 1914-01-16: Vol 2 Iss 3	German
sim_naturwissenschaften_1914-01-23_2_4	1914-01-23	day	1914	2	Die Naturwissenschaften 1914-01-23: Vol 2 Iss 4	German
sim_naturwissenschaften_1914-01-30_2_5	1914-01-30	day	1914	2	Die Naturwissenschaften 1914-01-30: Vol 2 Iss 5	German
sim_naturwissenschaften_1914-02-06_2_6	1914-02-06	day	1914	2	Die Naturwissenschaften 1914-02-06: Vol 2 Iss 6	German
sim_naturwissenschaften_1914-02-13_2_7	1914-02-13	day	1914	2	Die Naturwissenschaften 1914-02-13: Vol 2 Iss 7	German
sim_naturwissenschaften_1914-02-20_2_8	1914-02-20	day	1914	2	Die Naturwissenschaften 1914-02-20: Vol 2 Iss 8	German
sim_naturwissenschaften_1914-02-27_2_9	1914-02-27	day	1914	2	Die Naturwissenschaften 1914-02-27: Vol 2 Iss 9	German
sim_naturwissenschaften_1914-03-06_2_10	1914-03-06	day	1914	2	Die Naturwissenschaften 1914-03-06: Vol 2 Iss 10	German
sim_naturwissenschaften_1914-03-13_2_11	1914-03-13	day	1914	2	Die Naturwissenschaften 1914-03-13: Vol 2 Iss 11	German
sim_naturwissenschaften_1914-03-20_2_12	1914-03-20	day	1914	2	Die Naturwissenschaften 1914-03-20: Vol 2 Iss 12	German
sim_naturwissenschaften_1914-03-27_2_13	1914-03-27	day	1914	2	Die Naturwissenschaften 1914-03-27: Vol 2 Iss 13	German
sim_naturwissenschaften_1914-04-03_2_14	1914-04-03	day	1914	2	Die Naturwissenschaften 1914-04-03: Vol 2 Iss 14	German
sim_naturwissenschaften_1914-04-10_2_15	1914-04-10	day	1914	2	Die Naturwissenschaften 1914-04-10: Vol 2 Iss 15	German
sim_naturwissenschaften_1914-04-17_2_16	1914-04-17	day	1914	2	Die Naturwissenschaften 1914-04-17: Vol 2 Iss 16	German
sim_naturwissenschaften_1914-04-24_2_17	1914-04-24	day	1914	2	Die Naturwissenschaften 1914-04-24: Vol 2 Iss 17	German
sim_naturwissenschaften_1914-05-01_2_18	1914-05-01	day	1914	2	Die Naturwissenschaften 1914-05-01: Vol 2 Iss 18	German
sim_naturwissenschaften_1914-05-08_2_19	1914-05-08	day	1914	2	Die Naturwissenschaften 1914-05-08: Vol 2 Iss 19	German
sim_naturwissenschaften_1914-05-15_2_20	1914-05-15	day	1914	2	Die Naturwissenschaften 1914-05-15: Vol 2 Iss 20	German
sim_naturwissenschaften_1914-05-22_2_21	1914-05-22	day	1914	2	Die Naturwissenschaften 1914-05-22: Vol 2 Iss 21	German
sim_naturwissenschaften_1914-05-29_2_22	1914-05-29	day	1914	2	Die Naturwissenschaften 1914-05-29: Vol 2 Iss 22	German
sim_naturwissenschaften_1914-06-05_2_23	1914-06-05	day	1914	2	Die Naturwissenschaften 1914-06-05: Vol 2 Iss 23	German
sim_naturwissenschaften_1914-06-12_2_24	1914-06-12	day	1914	2	Die Naturwissenschaften 1914-06-12: Vol 2 Iss 24	German
sim_naturwissenschaften_1914-06-19_2_25	1914-06-19	day	1914	2	Die Naturwissenschaften 1914-06-19: Vol 2 Iss 25	German
sim_naturwissenschaften_1914-06-26_2_26	1914-06-26	day	1914	2	Die Naturwissenschaften 1914-06-26: Vol 2 Iss 26	German
sim_naturwissenschaften_1914-07-03_2_27	1914-07-03	day	1914	2	Die Naturwissenschaften 1914-07-03: Vol 2 Iss 27	German
sim_naturwissenschaften_1914-07-10_2_28	1914-07-10	day	1914	2	Die Naturwissenschaften 1914-07-10: Vol 2 Iss 28	German
sim_naturwissenschaften_1914-07-17_2_29	1914-07-17	day	1914	2	Die Naturwissenschaften 1914-07-17: Vol 2 Iss 29	German
sim_naturwissenschaften_1914-07-24_2_30	1914-07-24	day	1914	2	Die Naturwissenschaften 1914-07-24: Vol 2 Iss 30	German
sim_naturwissenschaften_1914-07-31_2_31	1914-07-31	day	1914	2	Die Naturwissenschaften 1914-07-31: Vol 2 Iss 31	German
sim_naturwissenschaften_1914-08-07_2_32	1914-08-07	day	1914	2	Die Naturwissenschaften 1914-08-07: Vol 2 Iss 32	German
sim_naturwissenschaften_1914-08-14_2_33	1914-08-14	day	1914	2	Die Naturwissenschaften 1914-08-14: Vol 2 Iss 33	German
sim_naturwissenschaften_1914-08-28_2_34-35	1914-08-28	day	1914	2	Die Naturwissenschaften 1914-08-28: Vol 2 Iss 34-35	German
sim_naturwissenschaften_1914-09-04_2_36	1914-09-04	day	1914	2	Die Naturwissenschaften 1914-09-04: Vol 2 Iss 36	German
sim_naturwissenschaften_1914-09-11_2_37	1914-09-11	day	1914	2	Die Naturwissenschaften 1914-09-11: Vol 2 Iss 37	German
sim_naturwissenschaften_1914-09-18_2_38	1914-09-18	day	1914	2	Die Naturwissenschaften 1914-09-18: Vol 2 Iss 38	German
sim_naturwissenschaften_1914-09-25_2_39	1914-09-25	day	1914	2	Die Naturwissenschaften 1914-09-25: Vol 2 Iss 39	German
sim_naturwissenschaften_1914-10-02_2_40	1914-10-02	day	1914	2	Die Naturwissenschaften 1914-10-02: Vol 2 Iss 40	German
sim_naturwissenschaften_1914-10-09_2_41	1914-10-09	day	1914	2	Die Naturwissenschaften 1914-10-09: Vol 2 Iss 41	German
sim_naturwissenschaften_1914-10-16_2_42	1914-10-16	day	1914	2	Die Naturwissenschaften 1914-10-16: Vol 2 Iss 42	German
sim_naturwissenschaften_1914-10-23_2_43	1914-10-23	day	1914	2	Die Naturwissenschaften 1914-10-23: Vol 2 Iss 43	German
sim_naturwissenschaften_1914-10-30_2_44	1914-10-30	day	1914	2	Die Naturwissenschaften 1914-10-30: Vol 2 Iss 44	German
sim_naturwissenschaften_1914-11-06_2_45	1914-11-06	day	1914	2	Die Naturwissenschaften 1914-11-06: Vol 2 Iss 45	German
sim_naturwissenschaften_1914-11-13_2_46	1914-11-13	day	1914	2	Die Naturwissenschaften 1914-11-13: Vol 2 Iss 46	German
sim_naturwissenschaften_1914-11-20_2_47	1914-11-20	day	1914	2	Die Naturwissenschaften 1914-11-20: Vol 2 Iss 47	German
sim_naturwissenschaften_1914-11-27_2_48	1914-11-27	day	1914	2	Die Naturwissenschaften 1914-11-27: Vol 2 Iss 48	German
sim_naturwissenschaften_1914-12-04_2_49	1914-12-04	day	1914	2	Die Naturwissenschaften 1914-12-04: Vol 2 Iss 49	German
sim_naturwissenschaften_1914-12-11_2_50	1914-12-11	day	1914	2	Die Naturwissenschaften 1914-12-11: Vol 2 Iss 50	German
sim_naturwissenschaften_1914-12-18_2_51	1914-12-18	day	1914	2	Die Naturwissenschaften 1914-12-18: Vol 2 Iss 51	German
sim_naturwissenschaften_1914-12-25_2_52	1914-12-25	day	1914	2	Die Naturwissenschaften 1914-12-25: Vol 2 Iss 52	German
sim_naturwissenschaften_1914_2_contents	1914-01-01	year	1914	2	Die Naturwissenschaften 1914: Vol 2 Table of Contents	German
sim_naturwissenschaften_1915-01-01_3_1	1915-01-01	day	1915	3	Die Naturwissenschaften 1915-01-01: Vol 3 Iss 1	German
sim_naturwissenschaften_1915-01-08_3_2	1915-01-08	day	1915	3	Die Naturwissenschaften 1915-01-08: Vol 3 Iss 2	German
sim_naturwissenschaften_1915-01-15_3_3	1915-01-15	day	1915	3	Die Naturwissenschaften 1915-01-15: Vol 3 Iss 3	German
sim_naturwissenschaften_1915-01-22_3_4	1915-01-22	day	1915	3	Die Naturwissenschaften 1915-01-22: Vol 3 Iss 4	German
sim_naturwissenschaften_1915-01-29_3_5	1915-01-29	day	1915	3	Die Naturwissenschaften 1915-01-29: Vol 3 Iss 5	German
sim_naturwissenschaften_1915-02-05_3_6	1915-02-05	day	1915	3	Die Naturwissenschaften 1915-02-05: Vol 3 Iss 6	German
sim_naturwissenschaften_1915-02-12_3_7	1915-02-12	day	1915	3	Die Naturwissenschaften 1915-02-12: Vol 3 Iss 7	German
sim_naturwissenschaften_1915-02-19_3_8	1915-02-19	day	1915	3	Die Naturwissenschaften 1915-02-19: Vol 3 Iss 8	German
sim_naturwissenschaften_1915-02-26_3_9	1915-02-26	day	1915	3	Die Naturwissenschaften 1915-02-26: Vol 3 Iss 9	German
sim_naturwissenschaften_1915-03-05_3_10	1915-03-05	day	1915	3	Die Naturwissenschaften 1915-03-05: Vol 3 Iss 10	German
sim_naturwissenschaften_1915-03-12_3_11	1915-03-12	day	1915	3	Die Naturwissenschaften 1915-03-12: Vol 3 Iss 11	German
sim_naturwissenschaften_1915-03-19_3_12	1915-03-19	day	1915	3	Die Naturwissenschaften 1915-03-19: Vol 3 Iss 12	German
sim_naturwissenschaften_1915-03-26_3_13	1915-03-26	day	1915	3	Die Naturwissenschaften 1915-03-26: Vol 3 Iss 13	German
sim_naturwissenschaften_1915-04-02_3_14	1915-04-02	day	1915	3	Die Naturwissenschaften 1915-04-02: Vol 3 Iss 14	German
sim_naturwissenschaften_1915-04-09_3_15	1915-04-09	day	1915	3	Die Naturwissenschaften 1915-04-09: Vol 3 Iss 15	German
sim_naturwissenschaften_1915-04-16_3_16	1915-04-16	day	1915	3	Die Naturwissenschaften 1915-04-16: Vol 3 Iss 16	German
sim_naturwissenschaften_1915-04-23_3_17	1915-04-23	day	1915	3	Die Naturwissenschaften 1915-04-23: Vol 3 Iss 17	German
sim_naturwissenschaften_1915-04-30_3_18	1915-04-30	day	1915	3	Die Naturwissenschaften 1915-04-30: Vol 3 Iss 18	German
sim_naturwissenschaften_1915-05-07_3_19	1915-05-07	day	1915	3	Die Naturwissenschaften 1915-05-07: Vol 3 Iss 19	German
sim_naturwissenschaften_1915-05-14_3_20	1915-05-14	day	1915	3	Die Naturwissenschaften 1915-05-14: Vol 3 Iss 20	German
sim_naturwissenschaften_1915-05-21_3_21	1915-05-21	day	1915	3	Die Naturwissenschaften 1915-05-21: Vol 3 Iss 21	German
sim_naturwissenschaften_1915-05-28_3_22	1915-05-28	day	1915	3	Die Naturwissenschaften 1915-05-28: Vol 3 Iss 22	German
sim_naturwissenschaften_1915-06-04_3_23	1915-06-04	day	1915	3	Die Naturwissenschaften 1915-06-04: Vol 3 Iss 23	German
sim_naturwissenschaften_1915-06-11_3_24	1915-06-11	day	1915	3	Die Naturwissenschaften 1915-06-11: Vol 3 Iss 24	German
sim_naturwissenschaften_1915-06-18_3_25	1915-06-18	day	1915	3	Die Naturwissenschaften 1915-06-18: Vol 3 Iss 25	German
sim_naturwissenschaften_1915-06-25_3_26	1915-06-25	day	1915	3	Die Naturwissenschaften 1915-06-25: Vol 3 Iss 26	German
sim_naturwissenschaften_1915-07-02_3_27	1915-07-02	day	1915	3	Die Naturwissenschaften 1915-07-02: Vol 3 Iss 27	German
sim_naturwissenschaften_1915-07-09_3_28	1915-07-09	day	1915	3	Die Naturwissenschaften 1915-07-09: Vol 3 Iss 28	German
sim_naturwissenschaften_1915-07-16_3_29	1915-07-16	day	1915	3	Die Naturwissenschaften 1915-07-16: Vol 3 Iss 29	German
sim_naturwissenschaften_1915-07-23_3_30	1915-07-23	day	1915	3	Die Naturwissenschaften 1915-07-23: Vol 3 Iss 30	German
sim_naturwissenschaften_1915-07-30_3_31	1915-07-30	day	1915	3	Die Naturwissenschaften 1915-07-30: Vol 3 Iss 31	German
sim_naturwissenschaften_1915-08-06_3_32	1915-08-06	day	1915	3	Die Naturwissenschaften 1915-08-06: Vol 3 Iss 32	German
sim_naturwissenschaften_1915-08-13_3_33	1915-08-13	day	1915	3	Die Naturwissenschaften 1915-08-13: Vol 3 Iss 33	German
sim_naturwissenschaften_1915-08-20_3_34	1915-08-20	day	1915	3	Die Naturwissenschaften 1915-08-20: Vol 3 Iss 34	German
sim_naturwissenschaften_1915-08-27_3_35	1915-08-27	day	1915	3	Die Naturwissenschaften 1915-08-27: Vol 3 Iss 35	German
sim_naturwissenschaften_1915-09-03_3_36	1915-09-03	day	1915	3	Die Naturwissenschaften 1915-09-03: Vol 3 Iss 36	German
sim_naturwissenschaften_1915-09-10_3_37	1915-09-10	day	1915	3	Die Naturwissenschaften 1915-09-10: Vol 3 Iss 37	German
sim_naturwissenschaften_1915-09-17_3_38	1915-09-17	day	1915	3	Die Naturwissenschaften 1915-09-17: Vol 3 Iss 38	German
sim_naturwissenschaften_1915-09-24_3_39	1915-09-24	day	1915	3	Die Naturwissenschaften 1915-09-24: Vol 3 Iss 39	German
sim_naturwissenschaften_1915-10-01_3_40	1915-10-01	day	1915	3	Die Naturwissenschaften 1915-10-01: Vol 3 Iss 40	German
sim_naturwissenschaften_1915-10-08_3_41	1915-10-08	day	1915	3	Die Naturwissenschaften 1915-10-08: Vol 3 Iss 41	German
sim_naturwissenschaften_1915-10-15_3_42	1915-10-15	day	1915	3	Die Naturwissenschaften 1915-10-15: Vol 3 Iss 42	German
sim_naturwissenschaften_1915-10-22_3_43	1915-10-22	day	1915	3	Die Naturwissenschaften 1915-10-22: Vol 3 Iss 43	German
sim_naturwissenschaften_1915-10-29_3_44	1915-10-29	day	1915	3	Die Naturwissenschaften 1915-10-29: Vol 3 Iss 44	German
sim_naturwissenschaften_1915-11-05_3_45	1915-11-05	day	1915	3	Die Naturwissenschaften 1915-11-05: Vol 3 Iss 45	German
sim_naturwissenschaften_1915-11-12_3_46	1915-11-12	day	1915	3	Die Naturwissenschaften 1915-11-12: Vol 3 Iss 46	German
sim_naturwissenschaften_1915-11-19_3_47	1915-11-19	day	1915	3	Die Naturwissenschaften 1915-11-19: Vol 3 Iss 47	German
sim_naturwissenschaften_1915-11-26_3_48	1915-11-26	day	1915	3	Die Naturwissenschaften 1915-11-26: Vol 3 Iss 48	German
sim_naturwissenschaften_1915-12-03_3_49	1915-12-03	day	1915	3	Die Naturwissenschaften 1915-12-03: Vol 3 Iss 49	German
sim_naturwissenschaften_1915-12-10_3_50	1915-12-10	day	1915	3	Die Naturwissenschaften 1915-12-10: Vol 3 Iss 50	German
sim_naturwissenschaften_1915-12-17_3_51	1915-12-17	day	1915	3	Die Naturwissenschaften 1915-12-17: Vol 3 Iss 51	German
sim_naturwissenschaften_1915-12-24_3_52	1915-12-24	day	1915	3	Die Naturwissenschaften 1915-12-24: Vol 3 Iss 52	German
sim_naturwissenschaften_1915-12-31_3_53	1915-12-31	day	1915	3	Die Naturwissenschaften 1915-12-31: Vol 3 Iss 53	German
sim_naturwissenschaften_1915_3_contents	1915-01-01	year	1915	3	Die Naturwissenschaften 1915: Vol 3 Table of Contents	German
sim_naturwissenschaften_1916-01-07_4_1	1916-01-07	day	1916	4	Die Naturwissenschaften 1916-01-07: Vol 4 Iss 1	German
sim_naturwissenschaften_1916-01-14_4_2	1916-01-14	day	1916	4	Die Naturwissenschaften 1916-01-14: Vol 4 Iss 2	German
sim_naturwissenschaften_1916-01-21_4_3	1916-01-21	day	1916	4	Die Naturwissenschaften 1916-01-21: Vol 4 Iss 3	German
sim_naturwissenschaften_1916-01-28_4_4	1916-01-28	day	1916	4	Die Naturwissenschaften 1916-01-28: Vol 4 Iss 4	German
sim_naturwissenschaften_1916-02-04_4_5	1916-02-04	day	1916	4	Die Naturwissenschaften 1916-02-04: Vol 4 Iss 5	German
sim_naturwissenschaften_1916-02-11_4_6	1916-02-11	day	1916	4	Die Naturwissenschaften 1916-02-11: Vol 4 Iss 6	German
sim_naturwissenschaften_1916-02-18_4_7	1916-02-18	day	1916	4	Die Naturwissenschaften 1916-02-18: Vol 4 Iss 7	German
sim_naturwissenschaften_1916-02-25_4_8	1916-02-25	day	1916	4	Die Naturwissenschaften 1916-02-25: Vol 4 Iss 8	German
sim_naturwissenschaften_1916-03-03_4_9	1916-03-03	day	1916	4	Die Naturwissenschaften 1916-03-03: Vol 4 Iss 9	German
sim_naturwissenschaften_1916-03-10_4_10	1916-03-10	day	1916	4	Die Naturwissenschaften 1916-03-10: Vol 4 Iss 10	German
sim_naturwissenschaften_1916-03-17_4_11	1916-03-17	day	1916	4	Die Naturwissenschaften 1916-03-17: Vol 4 Iss 11	German
sim_naturwissenschaften_1916-03-24_4_12	1916-03-24	day	1916	4	Die Naturwissenschaften 1916-03-24: Vol 4 Iss 12	German
sim_naturwissenschaften_1916-03-31_4_13	1916-03-31	day	1916	4	Die Naturwissenschaften 1916-03-31: Vol 4 Iss 13	German
sim_naturwissenschaften_1916-04-07_4_14	1916-04-07	day	1916	4	Die Naturwissenschaften 1916-04-07: Vol 4 Iss 14	German
sim_naturwissenschaften_1916-04-14_4_15	1916-04-14	day	1916	4	Die Naturwissenschaften 1916-04-14: Vol 4 Iss 15	German
sim_naturwissenschaften_1916-04-21_4_16	1916-04-21	day	1916	4	Die Naturwissenschaften 1916-04-21: Vol 4 Iss 16	German
sim_naturwissenschaften_1916-04-28_4_17	1916-04-28	day	1916	4	Die Naturwissenschaften 1916-04-28: Vol 4 Iss 17	German
sim_naturwissenschaften_1916-05-05_4_18	1916-05-05	day	1916	4	Die Naturwissenschaften 1916-05-05: Vol 4 Iss 18	German
sim_naturwissenschaften_1916-05-12_4_19	1916-05-12	day	1916	4	Die Naturwissenschaften 1916-05-12: Vol 4 Iss 19	German
sim_naturwissenschaften_1916-05-19_4_20	1916-05-19	day	1916	4	Die Naturwissenschaften 1916-05-19: Vol 4 Iss 20	German
sim_naturwissenschaften_1916-05-26_4_21	1916-05-26	day	1916	4	Die Naturwissenschaften 1916-05-26: Vol 4 Iss 21	German
sim_naturwissenschaften_1916-06-02_4_22	1916-06-02	day	1916	4	Die Naturwissenschaften 1916-06-02: Vol 4 Iss 22	German
sim_naturwissenschaften_1916-06-09_4_23	1916-06-09	day	1916	4	Die Naturwissenschaften 1916-06-09: Vol 4 Iss 23	German
sim_naturwissenschaften_1916-06-16_4_24	1916-06-16	day	1916	4	Die Naturwissenschaften 1916-06-16: Vol 4 Iss 24	German
sim_naturwissenschaften_1916-06-23_4_25	1916-06-23	day	1916	4	Die Naturwissenschaften 1916-06-23: Vol 4 Iss 25	German
sim_naturwissenschaften_1916-06-30_4_26	1916-06-30	day	1916	4	Die Naturwissenschaften 1916-06-30: Vol 4 Iss 26	German
sim_naturwissenschaften_1916-07-07_4_27	1916-07-07	day	1916	4	Die Naturwissenschaften 1916-07-07: Vol 4 Iss 27	German
sim_naturwissenschaften_1916-07-14_4_28	1916-07-14	day	1916	4	Die Naturwissenschaften 1916-07-14: Vol 4 Iss 28	German
sim_naturwissenschaften_1916-07-21_4_29	1916-07-21	day	1916	4	Die Naturwissenschaften 1916-07-21: Vol 4 Iss 29	German
sim_naturwissenschaften_1916-07-28_4_30	1916-07-28	day	1916	4	Die Naturwissenschaften 1916-07-28: Vol 4 Iss 30	German
sim_naturwissenschaften_1916-08-04_4_31	1916-08-04	day	1916	4	Die Naturwissenschaften 1916-08-04: Vol 4 Iss 31	German
sim_naturwissenschaften_1916-08-11_4_32	1916-08-11	day	1916	4	Die Naturwissenschaften 1916-08-11: Vol 4 Iss 32	German
sim_naturwissenschaften_1916-08-18_4_33	1916-08-18	day	1916	4	Die Naturwissenschaften 1916-08-18: Vol 4 Iss 33	German
sim_naturwissenschaften_1916-08-25_4_34	1916-08-25	day	1916	4	Die Naturwissenschaften 1916-08-25: Vol 4 Iss 34	German
sim_naturwissenschaften_1916-09-01_4_35	1916-09-01	day	1916	4	Die Naturwissenschaften 1916-09-01: Vol 4 Iss 35	German
sim_naturwissenschaften_1916-09-08_4_36	1916-09-08	day	1916	4	Die Naturwissenschaften 1916-09-08: Vol 4 Iss 36	German
sim_naturwissenschaften_1916-09-15_4_37	1916-09-15	day	1916	4	Die Naturwissenschaften 1916-09-15: Vol 4 Iss 37	German
sim_naturwissenschaften_1916-09-22_4_38	1916-09-22	day	1916	4	Die Naturwissenschaften 1916-09-22: Vol 4 Iss 38	German
sim_naturwissenschaften_1916-09-29_4_39	1916-09-29	day	1916	4	Die Naturwissenschaften 1916-09-29: Vol 4 Iss 39	German
sim_naturwissenschaften_1916-10-06_4_40	1916-10-06	day	1916	4	Die Naturwissenschaften 1916-10-06: Vol 4 Iss 40	German
sim_naturwissenschaften_1916-10-13_4_41	1916-10-13	day	1916	4	Die Naturwissenschaften 1916-10-13: Vol 4 Iss 41	German
sim_naturwissenschaften_1916-10-20_4_42	1916-10-20	day	1916	4	Die Naturwissenschaften 1916-10-20: Vol 4 Iss 42	German
sim_naturwissenschaften_1916-10-27_4_43	1916-10-27	day	1916	4	Die Naturwissenschaften 1916-10-27: Vol 4 Iss 43	German
sim_naturwissenschaften_1916-11-03_4_44	1916-11-03	day	1916	4	Die Naturwissenschaften 1916-11-03: Vol 4 Iss 44	German
sim_naturwissenschaften_1916-11-10_4_45	1916-11-10	day	1916	4	Die Naturwissenschaften 1916-11-10: Vol 4 Iss 45	German
sim_naturwissenschaften_1916-11-17_4_46	1916-11-17	day	1916	4	Die Naturwissenschaften 1916-11-17: Vol 4 Iss 46	German
sim_naturwissenschaften_1916-11-24_4_47	1916-11-24	day	1916	4	Die Naturwissenschaften 1916-11-24: Vol 4 Iss 47	German
sim_naturwissenschaften_1916-12-01_4_48	1916-12-01	day	1916	4	Die Naturwissenschaften 1916-12-01: Vol 4 Iss 48	German
sim_naturwissenschaften_1916-12-08_4_49	1916-12-08	day	1916	4	Die Naturwissenschaften 1916-12-08: Vol 4 Iss 49	German
sim_naturwissenschaften_1916-12-15_4_50	1916-12-15	day	1916	4	Die Naturwissenschaften 1916-12-15: Vol 4 Iss 50	German
sim_naturwissenschaften_1916-12-22_4_51	1916-12-22	day	1916	4	Die Naturwissenschaften 1916-12-22: Vol 4 Iss 51	German
sim_naturwissenschaften_1916-12-29_4_52	1916-12-29	day	1916	4	Die Naturwissenschaften 1916-12-29: Vol 4 Iss 52	German
sim_naturwissenschaften_1916_4_contents	1916-01-01	year	1916	4	Die Naturwissenschaften 1916: Vol 4 Table of Contents	German
sim_naturwissenschaften_1917-01-05_5_1	1917-01-05	day	1917	5	Die Naturwissenschaften 1917-01-05: Vol 5 Iss 1	German
sim_naturwissenschaften_1917-01-12_5_2	1917-01-12	day	1917	5	Die Naturwissenschaften 1917-01-12: Vol 5 Iss 2	German
sim_naturwissenschaften_1917-01-19_5_3	1917-01-19	day	1917	5	Die Naturwissenschaften 1917-01-19: Vol 5 Iss 3	German
sim_naturwissenschaften_1917-01-26_5_4	1917-01-26	day	1917	5	Die Naturwissenschaften 1917-01-26: Vol 5 Iss 4	German
sim_naturwissenschaften_1917-02-02_5_5	1917-02-02	day	1917	5	Die Naturwissenschaften 1917-02-02: Vol 5 Iss 5	German
sim_naturwissenschaften_1917-02-09_5_6	1917-02-09	day	1917	5	Die Naturwissenschaften 1917-02-09: Vol 5 Iss 6	German
sim_naturwissenschaften_1917-02-16_5_7	1917-02-16	day	1917	5	Die Naturwissenschaften 1917-02-16: Vol 5 Iss 7	German
sim_naturwissenschaften_1917-02-23_5_8	1917-02-23	day	1917	5	Die Naturwissenschaften 1917-02-23: Vol 5 Iss 8	German
sim_naturwissenschaften_1917-03-02_5_9	1917-03-02	day	1917	5	Die Naturwissenschaften 1917-03-02: Vol 5 Iss 9	German
sim_naturwissenschaften_1917-03-09_5_10	1917-03-09	day	1917	5	Die Naturwissenschaften 1917-03-09: Vol 5 Iss 10	German
sim_naturwissenschaften_1917-03-16_5_11	1917-03-16	day	1917	5	Die Naturwissenschaften 1917-03-16: Vol 5 Iss 11	German
sim_naturwissenschaften_1917-03-23_5_12	1917-03-23	day	1917	5	Die Naturwissenschaften 1917-03-23: Vol 5 Iss 12	German
sim_naturwissenschaften_1917-03-30_5_13	1917-03-30	day	1917	5	Die Naturwissenschaften 1917-03-30: Vol 5 Iss 13	German
sim_naturwissenschaften_1917-04-06_5_14	1917-04-06	day	1917	5	Die Naturwissenschaften 1917-04-06: Vol 5 Iss 14	German
sim_naturwissenschaften_1917-04-13_5_15	1917-04-13	day	1917	5	Die Naturwissenschaften 1917-04-13: Vol 5 Iss 15	German
sim_naturwissenschaften_1917-04-20_5_16	1917-04-20	day	1917	5	Die Naturwissenschaften 1917-04-20: Vol 5 Iss 16	German
sim_naturwissenschaften_1917-04-27_5_17	1917-04-27	day	1917	5	Die Naturwissenschaften 1917-04-27: Vol 5 Iss 17	German
sim_naturwissenschaften_1917-05-04_5_18	1917-05-04	day	1917	5	Die Naturwissenschaften 1917-05-04: Vol 5 Iss 18	German
sim_naturwissenschaften_1917-05-11_5_19	1917-05-11	day	1917	5	Die Naturwissenschaften 1917-05-11: Vol 5 Iss 19	German
sim_naturwissenschaften_1917-05-18_5_20	1917-05-18	day	1917	5	Die Naturwissenschaften 1917-05-18: Vol 5 Iss 20	German
sim_naturwissenschaften_1917-05-25_5_21	1917-05-25	day	1917	5	Die Naturwissenschaften 1917-05-25: Vol 5 Iss 21	German
sim_naturwissenschaften_1917-06-01_5_22	1917-06-01	day	1917	5	Die Naturwissenschaften 1917-06-01: Vol 5 Iss 22	German
sim_naturwissenschaften_1917-06-08_5_23	1917-06-08	day	1917	5	Die Naturwissenschaften 1917-06-08: Vol 5 Iss 23	German
sim_naturwissenschaften_1917-06-15_5_24	1917-06-15	day	1917	5	Die Naturwissenschaften 1917-06-15: Vol 5 Iss 24	German
sim_naturwissenschaften_1917-06-22_5_25	1917-06-22	day	1917	5	Die Naturwissenschaften 1917-06-22: Vol 5 Iss 25	German
sim_naturwissenschaften_1917-06-29_5_26	1917-06-29	day	1917	5	Die Naturwissenschaften 1917-06-29: Vol 5 Iss 26	German
sim_naturwissenschaften_1917-07-06_5_27	1917-07-06	day	1917	5	Die Naturwissenschaften 1917-07-06: Vol 5 Iss 27	German
sim_naturwissenschaften_1917-07-13_5_28	1917-07-13	day	1917	5	Die Naturwissenschaften 1917-07-13: Vol 5 Iss 28	German
sim_naturwissenschaften_1917-07-20_5_29	1917-07-20	day	1917	5	Die Naturwissenschaften 1917-07-20: Vol 5 Iss 29	German
sim_naturwissenschaften_1917-07-27_5_30	1917-07-27	day	1917	5	Die Naturwissenschaften 1917-07-27: Vol 5 Iss 30	German
sim_naturwissenschaften_1917-08-03_5_31	1917-08-03	day	1917	5	Die Naturwissenschaften 1917-08-03: Vol 5 Iss 31	German
sim_naturwissenschaften_1917-08-10_5_32	1917-08-10	day	1917	5	Die Naturwissenschaften 1917-08-10: Vol 5 Iss 32	German
sim_naturwissenschaften_1917-08-17_5_33	1917-08-17	day	1917	5	Die Naturwissenschaften 1917-08-17: Vol 5 Iss 33	German
sim_naturwissenschaften_1917-08-24_5_34	1917-08-24	day	1917	5	Die Naturwissenschaften 1917-08-24: Vol 5 Iss 34	German
sim_naturwissenschaften_1917-08-31_5_35	1917-08-31	day	1917	5	Die Naturwissenschaften 1917-08-31: Vol 5 Iss 35	German
sim_naturwissenschaften_1917-09-07_5_36	1917-09-07	day	1917	5	Die Naturwissenschaften 1917-09-07: Vol 5 Iss 36	German
sim_naturwissenschaften_1917-09-14_5_37	1917-09-14	day	1917	5	Die Naturwissenschaften 1917-09-14: Vol 5 Iss 37	German
sim_naturwissenschaften_1917-09-21_5_38	1917-09-21	day	1917	5	Die Naturwissenschaften 1917-09-21: Vol 5 Iss 38	German
sim_naturwissenschaften_1917-09-28_5_39	1917-09-28	day	1917	5	Die Naturwissenschaften 1917-09-28: Vol 5 Iss 39	German
sim_naturwissenschaften_1917-10-05_5_40	1917-10-05	day	1917	5	Die Naturwissenschaften 1917-10-05: Vol 5 Iss 40	German
sim_naturwissenschaften_1917-10-12_5_41	1917-10-12	day	1917	5	Die Naturwissenschaften 1917-10-12: Vol 5 Iss 41	German
sim_naturwissenschaften_1917-10-19_5_42	1917-10-19	day	1917	5	Die Naturwissenschaften 1917-10-19: Vol 5 Iss 42	German
sim_naturwissenschaften_1917-10-26_5_43	1917-10-26	day	1917	5	Die Naturwissenschaften 1917-10-26: Vol 5 Iss 43	German
sim_naturwissenschaften_1917-11-02_5_44	1917-11-02	day	1917	5	Die Naturwissenschaften 1917-11-02: Vol 5 Iss 44	German
sim_naturwissenschaften_1917-11-09_5_45	1917-11-09	day	1917	5	Die Naturwissenschaften 1917-11-09: Vol 5 Iss 45	German
sim_naturwissenschaften_1917-11-16_5_46	1917-11-16	day	1917	5	Die Naturwissenschaften 1917-11-16: Vol 5 Iss 46	German
sim_naturwissenschaften_1917-11-23_5_47	1917-11-23	day	1917	5	Die Naturwissenschaften 1917-11-23: Vol 5 Iss 47	German
sim_naturwissenschaften_1917-11-30_5_48	1917-11-30	day	1917	5	Die Naturwissenschaften 1917-11-30: Vol 5 Iss 48	German
sim_naturwissenschaften_1917-12-07_5_49	1917-12-07	day	1917	5	Die Naturwissenschaften 1917-12-07: Vol 5 Iss 49	German
sim_naturwissenschaften_1917-12-14_5_50	1917-12-14	day	1917	5	Die Naturwissenschaften 1917-12-14: Vol 5 Iss 50	German
sim_naturwissenschaften_1917-12-21_5_51	1917-12-21	day	1917	5	Die Naturwissenschaften 1917-12-21: Vol 5 Iss 51	German
sim_naturwissenschaften_1917-12-28_5_52	1917-12-28	day	1917	5	Die Naturwissenschaften 1917-12-28: Vol 5 Iss 52	German
sim_naturwissenschaften_1917_5_contents	1917-01-01	year	1917	5	Die Naturwissenschaften 1917: Vol 5 Table of Contents	German
sim_naturwissenschaften_1918-01-04_6_1	1918-01-04	day	1918	6	Die Naturwissenschaften 1918-01-04: Vol 6 Iss 1	German
sim_naturwissenschaften_1918-01-11_6_2	1918-01-11	day	1918	6	Die Naturwissenschaften 1918-01-11: Vol 6 Iss 2	German
sim_naturwissenschaften_1918-01-18_6_3	1918-01-18	day	1918	6	Die Naturwissenschaften 1918-01-18: Vol 6 Iss 3	German
sim_naturwissenschaften_1918-01-25_6_4	1918-01-25	day	1918	6	Die Naturwissenschaften 1918-01-25: Vol 6 Iss 4	German
sim_naturwissenschaften_1918-02-01_6_5	1918-02-01	day	1918	6	Die Naturwissenschaften 1918-02-01: Vol 6 Iss 5	German
sim_naturwissenschaften_1918-02-08_6_6	1918-02-08	day	1918	6	Die Naturwissenschaften 1918-02-08: Vol 6 Iss 6	German
sim_naturwissenschaften_1918-02-15_6_7	1918-02-15	day	1918	6	Die Naturwissenschaften 1918-02-15: Vol 6 Iss 7	German
sim_naturwissenschaften_1918-02-22_6_8	1918-02-22	day	1918	6	Die Naturwissenschaften 1918-02-22: Vol 6 Iss 8	German
sim_naturwissenschaften_1918-03-01_6_9	1918-03-01	day	1918	6	Die Naturwissenschaften 1918-03-01: Vol 6 Iss 9	German
sim_naturwissenschaften_1918-03-08_6_10	1918-03-08	day	1918	6	Die Naturwissenschaften 1918-03-08: Vol 6 Iss 10	German
sim_naturwissenschaften_1918-03-15_6_11	1918-03-15	day	1918	6	Die Naturwissenschaften 1918-03-15: Vol 6 Iss 11	German
sim_naturwissenschaften_1918-03-22_6_12	1918-03-22	day	1918	6	Die Naturwissenschaften 1918-03-22: Vol 6 Iss 12	German
sim_naturwissenschaften_1918-03-29_6_13	1918-03-29	day	1918	6	Die Naturwissenschaften 1918-03-29: Vol 6 Iss 13	German
sim_naturwissenschaften_1918-04-05_6_14	1918-04-05	day	1918	6	Die Naturwissenschaften 1918-04-05: Vol 6 Iss 14	German
sim_naturwissenschaften_1918-04-12_6_15	1918-04-12	day	1918	6	Die Naturwissenschaften 1918-04-12: Vol 6 Iss 15	German
sim_naturwissenschaften_1918-04-19_6_16	1918-04-19	day	1918	6	Die Naturwissenschaften 1918-04-19: Vol 6 Iss 16	German
sim_naturwissenschaften_1918-04-26_6_17	1918-04-26	day	1918	6	Die Naturwissenschaften 1918-04-26: Vol 6 Iss 17	German
sim_naturwissenschaften_1918-05-03_6_18	1918-05-03	day	1918	6	Die Naturwissenschaften 1918-05-03: Vol 6 Iss 18	German
sim_naturwissenschaften_1918-05-10_6_19	1918-05-10	day	1918	6	Die Naturwissenschaften 1918-05-10: Vol 6 Iss 19	German
sim_naturwissenschaften_1918-05-17_6_20	1918-05-17	day	1918	6	Die Naturwissenschaften 1918-05-17: Vol 6 Iss 20	German
sim_naturwissenschaften_1918-05-24_6_21	1918-05-24	day	1918	6	Die Naturwissenschaften 1918-05-24: Vol 6 Iss 21	German
sim_naturwissenschaften_1918-05-31_6_22	1918-05-31	day	1918	6	Die Naturwissenschaften 1918-05-31: Vol 6 Iss 22	German
sim_naturwissenschaften_1918-06-07_6_23	1918-06-07	day	1918	6	Die Naturwissenschaften 1918-06-07: Vol 6 Iss 23	German
sim_naturwissenschaften_1918-06-14_6_24	1918-06-14	day	1918	6	Die Naturwissenschaften 1918-06-14: Vol 6 Iss 24	German
sim_naturwissenschaften_1918-06-21_6_25	1918-06-21	day	1918	6	Die Naturwissenschaften 1918-06-21: Vol 6 Iss 25	German
sim_naturwissenschaften_1918-06-28_6_26	1918-06-28	day	1918	6	Die Naturwissenschaften 1918-06-28: Vol 6 Iss 26	German
sim_naturwissenschaften_1918-07-05_6_27	1918-07-05	day	1918	6	Die Naturwissenschaften 1918-07-05: Vol 6 Iss 27	German
sim_naturwissenschaften_1918-07-12_6_28	1918-07-12	day	1918	6	Die Naturwissenschaften 1918-07-12: Vol 6 Iss 28	German
sim_naturwissenschaften_1918-07-19_6_29	1918-07-19	day	1918	6	Die Naturwissenschaften 1918-07-19: Vol 6 Iss 29	German
sim_naturwissenschaften_1918-07-26_6_30	1918-07-26	day	1918	6	Die Naturwissenschaften 1918-07-26: Vol 6 Iss 30	German
sim_naturwissenschaften_1918-08-02_6_31	1918-08-02	day	1918	6	Die Naturwissenschaften 1918-08-02: Vol 6 Iss 31	German
sim_naturwissenschaften_1918-08-09_6_32	1918-08-09	day	1918	6	Die Naturwissenschaften 1918-08-09: Vol 6 Iss 32	German
sim_naturwissenschaften_1918-08-16_6_33	1918-08-16	day	1918	6	Die Naturwissenschaften 1918-08-16: Vol 6 Iss 33	German
sim_naturwissenschaften_1918-08-23_6_34	1918-08-23	day	1918	6	Die Naturwissenschaften 1918-08-23: Vol 6 Iss 34	German
sim_naturwissenschaften_1918-08-30_6_35	1918-08-30	day	1918	6	Die Naturwissenschaften 1918-08-30: Vol 6 Iss 35	German
sim_naturwissenschaften_1918-09-06_6_36	1918-09-06	day	1918	6	Die Naturwissenschaften 1918-09-06: Vol 6 Iss 36	German
sim_naturwissenschaften_1918-09-13_6_37	1918-09-13	day	1918	6	Die Naturwissenschaften 1918-09-13: Vol 6 Iss 37	German
sim_naturwissenschaften_1918-09-20_6_38	1918-09-20	day	1918	6	Die Naturwissenschaften 1918-09-20: Vol 6 Iss 38	German
sim_naturwissenschaften_1918-09-27_6_39	1918-09-27	day	1918	6	Die Naturwissenschaften 1918-09-27: Vol 6 Iss 39	German
sim_naturwissenschaften_1918-10-04_6_40	1918-10-04	day	1918	6	Die Naturwissenschaften 1918-10-04: Vol 6 Iss 40	German
sim_naturwissenschaften_1918-10-11_6_41	1918-10-11	day	1918	6	Die Naturwissenschaften 1918-10-11: Vol 6 Iss 41	German
sim_naturwissenschaften_1918-10-18_6_42	1918-10-18	day	1918	6	Die Naturwissenschaften 1918-10-18: Vol 6 Iss 42	German
sim_naturwissenschaften_1918-10-25_6_43	1918-10-25	day	1918	6	Die Naturwissenschaften 1918-10-25: Vol 6 Iss 43	German
sim_naturwissenschaften_1918-11-01_6_44	1918-11-01	day	1918	6	Die Naturwissenschaften 1918-11-01: Vol 6 Iss 44	German
sim_naturwissenschaften_1918-11-08_6_45	1918-11-08	day	1918	6	Die Naturwissenschaften 1918-11-08: Vol 6 Iss 45	German
sim_naturwissenschaften_1918-11-15_6_46	1918-11-15	day	1918	6	Die Naturwissenschaften 1918-11-15: Vol 6 Iss 46	German
sim_naturwissenschaften_1918-11-22_6_47	1918-11-22	day	1918	6	Die Naturwissenschaften 1918-11-22: Vol 6 Iss 47	German
sim_naturwissenschaften_1918-11-29_6_48	1918-11-29	day	1918	6	Die Naturwissenschaften 1918-11-29: Vol 6 Iss 48	German
sim_naturwissenschaften_1918-12-06_6_49	1918-12-06	day	1918	6	Die Naturwissenschaften 1918-12-06: Vol 6 Iss 49	German
sim_naturwissenschaften_1918-12-13_6_50	1918-12-13	day	1918	6	Die Naturwissenschaften 1918-12-13: Vol 6 Iss 50	German
sim_naturwissenschaften_1918-12-20_6_51	1918-12-20	day	1918	6	Die Naturwissenschaften 1918-12-20: Vol 6 Iss 51	German
sim_naturwissenschaften_1918-12-27_6_52	1918-12-27	day	1918	6	Die Naturwissenschaften 1918-12-27: Vol 6 Iss 52	German
sim_naturwissenschaften_1918_6_index	1918-01-01	year	1918	6	Die Naturwissenschaften 1918: Vol 6 Index	German
sim_naturwissenschaften_1919-01-03_7_1	1919-01-03	day	1919	7	Die Naturwissenschaften 1919-01-03: Vol 7 Iss 1	German
sim_naturwissenschaften_1919-01-10_7_2	1919-01-10	day	1919	7	Die Naturwissenschaften 1919-01-10: Vol 7 Iss 2	German
sim_naturwissenschaften_1919-01-17_7_3	1919-01-17	day	1919	7	Die Naturwissenschaften 1919-01-17: Vol 7 Iss 3	German
sim_naturwissenschaften_1919-01-24_7_4	1919-01-24	day	1919	7	Die Naturwissenschaften 1919-01-24: Vol 7 Iss 4	German
sim_naturwissenschaften_1919-01-31_7_5	1919-01-31	day	1919	7	Die Naturwissenschaften 1919-01-31: Vol 7 Iss 5	German
sim_naturwissenschaften_1919-02-07_7_6	1919-02-07	day	1919	7	Die Naturwissenschaften 1919-02-07: Vol 7 Iss 6	German
sim_naturwissenschaften_1919-02-14_7_7	1919-02-14	day	1919	7	Die Naturwissenschaften 1919-02-14: Vol 7 Iss 7	German
sim_naturwissenschaften_1919-02-21_7_8	1919-02-21	day	1919	7	Die Naturwissenschaften 1919-02-21: Vol 7 Iss 8	German
sim_naturwissenschaften_1919-02-28_7_9	1919-02-28	day	1919	7	Die Naturwissenschaften 1919-02-28: Vol 7 Iss 9	German
sim_naturwissenschaften_1919-03-07_7_10	1919-03-07	day	1919	7	Die Naturwissenschaften 1919-03-07: Vol 7 Iss 10	German
sim_naturwissenschaften_1919-03-14_7_11	1919-03-14	day	1919	7	Die Naturwissenschaften 1919-03-14: Vol 7 Iss 11	German
sim_naturwissenschaften_1919-03-21_7_12	1919-03-21	day	1919	7	Die Naturwissenschaften 1919-03-21: Vol 7 Iss 12	German
sim_naturwissenschaften_1919-03-28_7_13	1919-03-28	day	1919	7	Die Naturwissenschaften 1919-03-28: Vol 7 Iss 13	German
sim_naturwissenschaften_1919-04-04_7_14	1919-04-04	day	1919	7	Die Naturwissenschaften 1919-04-04: Vol 7 Iss 14	German
sim_naturwissenschaften_1919-04-11_7_15	1919-04-11	day	1919	7	Die Naturwissenschaften 1919-04-11: Vol 7 Iss 15	German
sim_naturwissenschaften_1919-04-18_7_16	1919-04-18	day	1919	7	Die Naturwissenschaften 1919-04-18: Vol 7 Iss 16	German
sim_naturwissenschaften_1919-04-25_7_17	1919-04-25	day	1919	7	Die Naturwissenschaften 1919-04-25: Vol 7 Iss 17	German
sim_naturwissenschaften_1919-05-02_7_18	1919-05-02	day	1919	7	Die Naturwissenschaften 1919-05-02: Vol 7 Iss 18	German
sim_naturwissenschaften_1919-05-09_7_19	1919-05-09	day	1919	7	Die Naturwissenschaften 1919-05-09: Vol 7 Iss 19	German
sim_naturwissenschaften_1919-05-16_7_20	1919-05-16	day	1919	7	Die Naturwissenschaften 1919-05-16: Vol 7 Iss 20	German
sim_naturwissenschaften_1919-05-23_7_21	1919-05-23	day	1919	7	Die Naturwissenschaften 1919-05-23: Vol 7 Iss 21	German
sim_naturwissenschaften_1919-05-30_7_22	1919-05-30	day	1919	7	Die Naturwissenschaften 1919-05-30: Vol 7 Iss 22	German
sim_naturwissenschaften_1919-06-06_7_23	1919-06-06	day	1919	7	Die Naturwissenschaften 1919-06-06: Vol 7 Iss 23	German
sim_naturwissenschaften_1919-06-13_7_24	1919-06-13	day	1919	7	Die Naturwissenschaften 1919-06-13: Vol 7 Iss 24	German
sim_naturwissenschaften_1919-06-20_7_25	1919-06-20	day	1919	7	Die Naturwissenschaften 1919-06-20: Vol 7 Iss 25	German
sim_naturwissenschaften_1919-06-27_7_26	1919-06-27	day	1919	7	Die Naturwissenschaften 1919-06-27: Vol 7 Iss 26	German
sim_naturwissenschaften_1919-07-04_7_27	1919-07-04	day	1919	7	Die Naturwissenschaften 1919-07-04: Vol 7 Iss 27	German
sim_naturwissenschaften_1919-07-11_7_28	1919-07-11	day	1919	7	Die Naturwissenschaften 1919-07-11: Vol 7 Iss 28	German
sim_naturwissenschaften_1919-07-18_7_29	1919-07-18	day	1919	7	Die Naturwissenschaften 1919-07-18: Vol 7 Iss 29	German
sim_naturwissenschaften_1919-07-25_7_30	1919-07-25	day	1919	7	Die Naturwissenschaften 1919-07-25: Vol 7 Iss 30	German
sim_naturwissenschaften_1919-08-01_7_31	1919-08-01	day	1919	7	Die Naturwissenschaften 1919-08-01: Vol 7 Iss 31	German
sim_naturwissenschaften_1919-08-08_7_32	1919-08-08	day	1919	7	Die Naturwissenschaften 1919-08-08: Vol 7 Iss 32	German
sim_naturwissenschaften_1919-08-15_7_33	1919-08-15	day	1919	7	Die Naturwissenschaften 1919-08-15: Vol 7 Iss 33	German
sim_naturwissenschaften_1919-08-22_7_34	1919-08-22	day	1919	7	Die Naturwissenschaften 1919-08-22: Vol 7 Iss 34	German
sim_naturwissenschaften_1919-08-29_7_35	1919-08-29	day	1919	7	Die Naturwissenschaften 1919-08-29: Vol 7 Iss 35	German
sim_naturwissenschaften_1919-09-05_7_36	1919-09-05	day	1919	7	Die Naturwissenschaften 1919-09-05: Vol 7 Iss 36	German
sim_naturwissenschaften_1919-09-12_7_37	1919-09-12	day	1919	7	Die Naturwissenschaften 1919-09-12: Vol 7 Iss 37	German
sim_naturwissenschaften_1919-09-19_7_38	1919-09-19	day	1919	7	Die Naturwissenschaften 1919-09-19: Vol 7 Iss 38	German
sim_naturwissenschaften_1919-09-26_7_39	1919-09-26	day	1919	7	Die Naturwissenschaften 1919-09-26: Vol 7 Iss 39	German
sim_naturwissenschaften_1919-10-03_7_40	1919-10-03	day	1919	7	Die Naturwissenschaften 1919-10-03: Vol 7 Iss 40	German
sim_naturwissenschaften_1919-10-10_7_41	1919-10-10	day	1919	7	Die Naturwissenschaften 1919-10-10: Vol 7 Iss 41	German
sim_naturwissenschaften_1919-10-17_7_42	1919-10-17	day	1919	7	Die Naturwissenschaften 1919-10-17: Vol 7 Iss 42	German
sim_naturwissenschaften_1919-10-24_7_43	1919-10-24	day	1919	7	Die Naturwissenschaften 1919-10-24: Vol 7 Iss 43	German
sim_naturwissenschaften_1919-10-31_7_44	1919-10-31	day	1919	7	Die Naturwissenschaften 1919-10-31: Vol 7 Iss 44	German
sim_naturwissenschaften_1919-11-07_7_45	1919-11-07	day	1919	7	Die Naturwissenschaften 1919-11-07: Vol 7 Iss 45	German
sim_naturwissenschaften_1919-11-14_7_46	1919-11-14	day	1919	7	Die Naturwissenschaften 1919-11-14: Vol 7 Iss 46	German
sim_naturwissenschaften_1919-11-21_7_47	1919-11-21	day	1919	7	Die Naturwissenschaften 1919-11-21: Vol 7 Iss 47	German
sim_naturwissenschaften_1919-11-28_7_48	1919-11-28	day	1919	7	Die Naturwissenschaften 1919-11-28: Vol 7 Iss 48	German
sim_naturwissenschaften_1919-12-05_7_49	1919-12-05	day	1919	7	Die Naturwissenschaften 1919-12-05: Vol 7 Iss 49	German
sim_naturwissenschaften_1919-12-12_7_50	1919-12-12	day	1919	7	Die Naturwissenschaften 1919-12-12: Vol 7 Iss 50	German
sim_naturwissenschaften_1919-12-19_7_51	1919-12-19	day	1919	7	Die Naturwissenschaften 1919-12-19: Vol 7 Iss 51	German
sim_naturwissenschaften_1919-12-26_7_52	1919-12-26	day	1919	7	Die Naturwissenschaften 1919-12-26: Vol 7 Iss 52	German
sim_naturwissenschaften_1919_7_contents	1919-01-01	year	1919	7	Die Naturwissenschaften 1919: Vol 7 Table of Contents	German
sim_naturwissenschaften_1920-01-02_8_1	1920-01-02	day	1920	8	Die Naturwissenschaften 1920-01-02: Vol 8 Iss 1	German
sim_naturwissenschaften_1920-01-09_8_2	1920-01-09	day	1920	8	Die Naturwissenschaften 1920-01-09: Vol 8 Iss 2	German
sim_naturwissenschaften_1920-01-16_8_3	1920-01-16	day	1920	8	Die Naturwissenschaften 1920-01-16: Vol 8 Iss 3	German
sim_naturwissenschaften_1920-01-23_8_4	1920-01-23	day	1920	8	Die Naturwissenschaften 1920-01-23: Vol 8 Iss 4	German
sim_naturwissenschaften_1920-01-30_8_5	1920-01-30	day	1920	8	Die Naturwissenschaften 1920-01-30: Vol 8 Iss 5	German
sim_naturwissenschaften_1920-02-06_8_6	1920-02-06	day	1920	8	Die Naturwissenschaften 1920-02-06: Vol 8 Iss 6	German
sim_naturwissenschaften_1920-02-13_8_7	1920-02-13	day	1920	8	Die Naturwissenschaften 1920-02-13: Vol 8 Iss 7	German
sim_naturwissenschaften_1920-02-20_8_8	1920-02-20	day	1920	8	Die Naturwissenschaften 1920-02-20: Vol 8 Iss 8	German
sim_naturwissenschaften_1920-02-27_8_9	1920-02-27	day	1920	8	Die Naturwissenschaften 1920-02-27: Vol 8 Iss 9	German
sim_naturwissenschaften_1920-03-05_8_10	1920-03-05	day	1920	8	Die Naturwissenschaften 1920-03-05: Vol 8 Iss 10	German
sim_naturwissenschaften_1920-03-12_8_11	1920-03-12	day	1920	8	Die Naturwissenschaften 1920-03-12: Vol 8 Iss 11	German
sim_naturwissenschaften_1920-03-19_8_12	1920-03-19	day	1920	8	Die Naturwissenschaften 1920-03-19: Vol 8 Iss 12	German
sim_naturwissenschaften_1920-03-26_8_13	1920-03-26	day	1920	8	Die Naturwissenschaften 1920-03-26: Vol 8 Iss 13	German
sim_naturwissenschaften_1920-04-09_8_14-15	1920-04-09	day	1920	8	Die Naturwissenschaften 1920-04-09: Vol 8 Iss 14-15	German
sim_naturwissenschaften_1920-04-16_8_16	1920-04-16	day	1920	8	Die Naturwissenschaften 1920-04-16: Vol 8 Iss 16	German
sim_naturwissenschaften_1920-04-23_8_17	1920-04-23	day	1920	8	Die Naturwissenschaften 1920-04-23: Vol 8 Iss 17	German
sim_naturwissenschaften_1920-04-30_8_18	1920-04-30	day	1920	8	Die Naturwissenschaften 1920-04-30: Vol 8 Iss 18	German
sim_naturwissenschaften_1920-05-07_8_19	1920-05-07	day	1920	8	Die Naturwissenschaften 1920-05-07: Vol 8 Iss 19	German
sim_naturwissenschaften_1920-05-14_8_20	1920-05-14	day	1920	8	Die Naturwissenschaften 1920-05-14: Vol 8 Iss 20	German
sim_naturwissenschaften_1920-05-21_8_21	1920-05-21	day	1920	8	Die Naturwissenschaften 1920-05-21: Vol 8 Iss 21	German
sim_naturwissenschaften_1920-05-28_8_22	1920-05-28	day	1920	8	Die Naturwissenschaften 1920-05-28: Vol 8 Iss 22	German
sim_naturwissenschaften_1920-06-04_8_23	1920-06-04	day	1920	8	Die Naturwissenschaften 1920-06-04: Vol 8 Iss 23	German
sim_naturwissenschaften_1920-06-11_8_24	1920-06-11	day	1920	8	Die Naturwissenschaften 1920-06-11: Vol 8 Iss 24	German
sim_naturwissenschaften_1920-06-18_8_25	1920-06-18	day	1920	8	Die Naturwissenschaften 1920-06-18: Vol 8 Iss 25	German
sim_naturwissenschaften_1920-06-25_8_26	1920-06-25	day	1920	8	Die Naturwissenschaften 1920-06-25: Vol 8 Iss 26	German
sim_naturwissenschaften_1920-07-02_8_27	1920-07-02	day	1920	8	Die Naturwissenschaften 1920-07-02: Vol 8 Iss 27	German
sim_naturwissenschaften_1920-07-09_8_28	1920-07-09	day	1920	8	Die Naturwissenschaften 1920-07-09: Vol 8 Iss 28	German
sim_naturwissenschaften_1920-07-16_8_29	1920-07-16	day	1920	8	Die Naturwissenschaften 1920-07-16: Vol 8 Iss 29	German
sim_naturwissenschaften_1920-07-23_8_30	1920-07-23	day	1920	8	Die Naturwissenschaften 1920-07-23: Vol 8 Iss 30	German
sim_naturwissenschaften_1920-07-30_8_31	1920-07-30	day	1920	8	Die Naturwissenschaften 1920-07-30: Vol 8 Iss 31	German
sim_naturwissenschaften_1920-08-06_8_32	1920-08-06	day	1920	8	Die Naturwissenschaften 1920-08-06: Vol 8 Iss 32	German
sim_naturwissenschaften_1920-08-13_8_33	1920-08-13	day	1920	8	Die Naturwissenschaften 1920-08-13: Vol 8 Iss 33	German
sim_naturwissenschaften_1920-08-20_8_34	1920-08-20	day	1920	8	Die Naturwissenschaften 1920-08-20: Vol 8 Iss 34	German
sim_naturwissenschaften_1920-08-27_8_35	1920-08-27	day	1920	8	Die Naturwissenschaften 1920-08-27: Vol 8 Iss 35	German
sim_naturwissenschaften_1920-09-03_8_36	1920-09-03	day	1920	8	Die Naturwissenschaften 1920-09-03: Vol 8 Iss 36	German
sim_naturwissenschaften_1920-09-10_8_37	1920-09-10	day	1920	8	Die Naturwissenschaften 1920-09-10: Vol 8 Iss 37	German
sim_naturwissenschaften_1920-09-17_8_38	1920-09-17	day	1920	8	Die Naturwissenschaften 1920-09-17: Vol 8 Iss 38	German
sim_naturwissenschaften_1920-09-24_8_39	1920-09-24	day	1920	8	Die Naturwissenschaften 1920-09-24: Vol 8 Iss 39	German
sim_naturwissenschaften_1920-10-01_8_40	1920-10-01	day	1920	8	Die Naturwissenschaften 1920-10-01: Vol 8 Iss 40	German
sim_naturwissenschaften_1920-10-08_8_41	1920-10-08	day	1920	8	Die Naturwissenschaften 1920-10-08: Vol 8 Iss 41	German
sim_naturwissenschaften_1920-10-15_8_42	1920-10-15	day	1920	8	Die Naturwissenschaften 1920-10-15: Vol 8 Iss 42	German
sim_naturwissenschaften_1920-10-22_8_43	1920-10-22	day	1920	8	Die Naturwissenschaften 1920-10-22: Vol 8 Iss 43	German
sim_naturwissenschaften_1920-10-29_8_44	1920-10-29	day	1920	8	Die Naturwissenschaften 1920-10-29: Vol 8 Iss 44	German
sim_naturwissenschaften_1920-11-05_8_45	1920-11-05	day	1920	8	Die Naturwissenschaften 1920-11-05: Vol 8 Iss 45	German
sim_naturwissenschaften_1920-11-12_8_46	1920-11-12	day	1920	8	Die Naturwissenschaften 1920-11-12: Vol 8 Iss 46	German
sim_naturwissenschaften_1920-11-19_8_47	1920-11-19	day	1920	8	Die Naturwissenschaften 1920-11-19: Vol 8 Iss 47	German
sim_naturwissenschaften_1920-11-26_8_48	1920-11-26	day	1920	8	Die Naturwissenschaften 1920-11-26: Vol 8 Iss 48	German
sim_naturwissenschaften_1920-12-03_8_49	1920-12-03	day	1920	8	Die Naturwissenschaften 1920-12-03: Vol 8 Iss 49	German
sim_naturwissenschaften_1920-12-10_8_50	1920-12-10	day	1920	8	Die Naturwissenschaften 1920-12-10: Vol 8 Iss 50	German
sim_naturwissenschaften_1920-12-17_8_51	1920-12-17	day	1920	8	Die Naturwissenschaften 1920-12-17: Vol 8 Iss 51	German
sim_naturwissenschaften_1920-12-24_8_52	1920-12-24	day	1920	8	Die Naturwissenschaften 1920-12-24: Vol 8 Iss 52	German
sim_naturwissenschaften_1920-12-31_8_53	1920-12-31	day	1920	8	Die Naturwissenschaften 1920-12-31: Vol 8 Iss 53	German
sim_naturwissenschaften_1920_8_contents	1920-01-01	year	1920	8	Die Naturwissenschaften 1920: Vol 8 Table of Contents	German
sim_naturwissenschaften_1921-01-07_9_1	1921-01-07	day	1921	9	Die Naturwissenschaften 1921-01-07: Vol 9 Iss 1	German
sim_naturwissenschaften_1921-01-14_9_2	1921-01-14	day	1921	9	Die Naturwissenschaften 1921-01-14: Vol 9 Iss 2	German
sim_naturwissenschaften_1921-01-21_9_3	1921-01-21	day	1921	9	Die Naturwissenschaften 1921-01-21: Vol 9 Iss 3	German
sim_naturwissenschaften_1921-01-28_9_4	1921-01-28	day	1921	9	Die Naturwissenschaften 1921-01-28: Vol 9 Iss 4	German
sim_naturwissenschaften_1921-02-04_9_5	1921-02-04	day	1921	9	Die Naturwissenschaften 1921-02-04: Vol 9 Iss 5	German
sim_naturwissenschaften_1921-02-11_9_6	1921-02-11	day	1921	9	Die Naturwissenschaften 1921-02-11: Vol 9 Iss 6	German
sim_naturwissenschaften_1921-02-18_9_7	1921-02-18	day	1921	9	Die Naturwissenschaften 1921-02-18: Vol 9 Iss 7	German
sim_naturwissenschaften_1921-02-25_9_8	1921-02-25	day	1921	9	Die Naturwissenschaften 1921-02-25: Vol 9 Iss 8	German
sim_naturwissenschaften_1921-03-04_9_9	1921-03-04	day	1921	9	Die Naturwissenschaften 1921-03-04: Vol 9 Iss 9	German
sim_naturwissenschaften_1921-03-11_9_10	1921-03-11	day	1921	9	Die Naturwissenschaften 1921-03-11: Vol 9 Iss 10	German
sim_naturwissenschaften_1921-03-18_9_11	1921-03-18	day	1921	9	Die Naturwissenschaften 1921-03-18: Vol 9 Iss 11	German
sim_naturwissenschaften_1921-03-25_9_12	1921-03-25	day	1921	9	Die Naturwissenschaften 1921-03-25: Vol 9 Iss 12	German
sim_naturwissenschaften_1921-04-01_9_13	1921-04-01	day	1921	9	Die Naturwissenschaften 1921-04-01: Vol 9 Iss 13	German
sim_naturwissenschaften_1921-04-08_9_14	1921-04-08	day	1921	9	Die Naturwissenschaften 1921-04-08: Vol 9 Iss 14	German
sim_naturwissenschaften_1921-04-15_9_15	1921-04-15	day	1921	9	Die Naturwissenschaften 1921-04-15: Vol 9 Iss 15	German
sim_naturwissenschaften_1921-04-22_9_16	1921-04-22	day	1921	9	Die Naturwissenschaften 1921-04-22: Vol 9 Iss 16	German
sim_naturwissenschaften_1921-04-29_9_17	1921-04-29	day	1921	9	Die Naturwissenschaften 1921-04-29: Vol 9 Iss 17	German
sim_naturwissenschaften_1921-05-06_9_18	1921-05-06	day	1921	9	Die Naturwissenschaften 1921-05-06: Vol 9 Iss 18	German
sim_naturwissenschaften_1921-05-13_9_19	1921-05-13	day	1921	9	Die Naturwissenschaften 1921-05-13: Vol 9 Iss 19	German
sim_naturwissenschaften_1921-05-20_9_20	1921-05-20	day	1921	9	Die Naturwissenschaften 1921-05-20: Vol 9 Iss 20	German
sim_naturwissenschaften_1921-05-27_9_21	1921-05-27	day	1921	9	Die Naturwissenschaften 1921-05-27: Vol 9 Iss 21	German
sim_naturwissenschaften_1921-06-03_9_22	1921-06-03	day	1921	9	Die Naturwissenschaften 1921-06-03: Vol 9 Iss 22	German
sim_naturwissenschaften_1921-06-10_9_23	1921-06-10	day	1921	9	Die Naturwissenschaften 1921-06-10: Vol 9 Iss 23	German
sim_naturwissenschaften_1921-06-17_9_24	1921-06-17	day	1921	9	Die Naturwissenschaften 1921-06-17: Vol 9 Iss 24	German
sim_naturwissenschaften_1921-06-24_9_25	1921-06-24	day	1921	9	Die Naturwissenschaften 1921-06-24: Vol 9 Iss 25	German
sim_naturwissenschaften_1921-06-30_9_26	1921-06-30	day	1921	9	Die Naturwissenschaften 1921-06-30: Vol 9 Iss 26	German
sim_naturwissenschaften_1921-07-07_9_27	1921-07-07	day	1921	9	Die Naturwissenschaften 1921-07-07: Vol 9 Iss 27	German
sim_naturwissenschaften_1921-07-14_9_28	1921-07-14	day	1921	9	Die Naturwissenschaften 1921-07-14: Vol 9 Iss 28	German
sim_naturwissenschaften_1921-07-21_9_29	1921-07-21	day	1921	9	Die Naturwissenschaften 1921-07-21: Vol 9 Iss 29	German
sim_naturwissenschaften_1921-07-28_9_30	1921-07-28	day	1921	9	Die Naturwissenschaften 1921-07-28: Vol 9 Iss 30	German
sim_naturwissenschaften_1921-08-04_9_31	1921-08-04	day	1921	9	Die Naturwissenschaften 1921-08-04: Vol 9 Iss 31	German
sim_naturwissenschaften_1921-08-11_9_32	1921-08-11	day	1921	9	Die Naturwissenschaften 1921-08-11: Vol 9 Iss 32	German
sim_naturwissenschaften_1921-08-18_9_33	1921-08-18	day	1921	9	Die Naturwissenschaften 1921-08-18: Vol 9 Iss 33	German
sim_naturwissenschaften_1921-08-25_9_34	1921-08-25	day	1921	9	Die Naturwissenschaften 1921-08-25: Vol 9 Iss 34	German
sim_naturwissenschaften_1921-09-01_9_35	1921-09-01	day	1921	9	Die Naturwissenschaften 1921-09-01: Vol 9 Iss 35	German
sim_naturwissenschaften_1921-09-08_9_36	1921-09-08	day	1921	9	Die Naturwissenschaften 1921-09-08: Vol 9 Iss 36	German
sim_naturwissenschaften_1921-09-15_9_37	1921-09-15	day	1921	9	Die Naturwissenschaften 1921-09-15: Vol 9 Iss 37	German
sim_naturwissenschaften_1921-09-22_9_38	1921-09-22	day	1921	9	Die Naturwissenschaften 1921-09-22: Vol 9 Iss 38	German
sim_naturwissenschaften_1921-09-29_9_39	1921-09-29	day	1921	9	Die Naturwissenschaften 1921-09-29: Vol 9 Iss 39	German
sim_naturwissenschaften_1921-10-06_9_40	1921-10-06	day	1921	9	Die Naturwissenschaften 1921-10-06: Vol 9 Iss 40	German
sim_naturwissenschaften_1921-10-13_9_41	1921-10-13	day	1921	9	Die Naturwissenschaften 1921-10-13: Vol 9 Iss 41	German
sim_naturwissenschaften_1921-10-20_9_42	1921-10-20	day	1921	9	Die Naturwissenschaften 1921-10-20: Vol 9 Iss 42	German
sim_naturwissenschaften_1921-10-27_9_43	1921-10-27	day	1921	9	Die Naturwissenschaften 1921-10-27: Vol 9 Iss 43	German
sim_naturwissenschaften_1921-11-03_9_44	1921-11-03	day	1921	9	Die Naturwissenschaften 1921-11-03: Vol 9 Iss 44	German
sim_naturwissenschaften_1921-11-10_9_45	1921-11-10	day	1921	9	Die Naturwissenschaften 1921-11-10: Vol 9 Iss 45	German
sim_naturwissenschaften_1921-11-17_9_46	1921-11-17	day	1921	9	Die Naturwissenschaften 1921-11-17: Vol 9 Iss 46	German
sim_naturwissenschaften_1921-11-24_9_47	1921-11-24	day	1921	9	Die Naturwissenschaften 1921-11-24: Vol 9 Iss 47	German
sim_naturwissenschaften_1921-12-01_9_48	1921-12-01	day	1921	9	Die Naturwissenschaften 1921-12-01: Vol 9 Iss 48	German
sim_naturwissenschaften_1921-12-08_9_49	1921-12-08	day	1921	9	Die Naturwissenschaften 1921-12-08: Vol 9 Iss 49	German
sim_naturwissenschaften_1921-12-15_9_50	1921-12-15	day	1921	9	Die Naturwissenschaften 1921-12-15: Vol 9 Iss 50	German
sim_naturwissenschaften_1921-12-22_9_51	1921-12-22	day	1921	9	Die Naturwissenschaften 1921-12-22: Vol 9 Iss 51	German
sim_naturwissenschaften_1921-12-29_9_52	1921-12-29	day	1921	9	Die Naturwissenschaften 1921-12-29: Vol 9 Iss 52	German
sim_naturwissenschaften_1921_9_contents	1921-01-01	year	1921	9	Die Naturwissenschaften 1921: Vol 9 Table of Contents	German
sim_naturwissenschaften_1922-01-06_10_1	1922-01-06	day	1922	10	Die Naturwissenschaften 1922-01-06: Vol 10 Iss 1	German
sim_naturwissenschaften_1922-01-13_10_2	1922-01-13	day	1922	10	Die Naturwissenschaften 1922-01-13: Vol 10 Iss 2	German
sim_naturwissenschaften_1922-01-20_10_3	1922-01-20	day	1922	10	Die Naturwissenschaften 1922-01-20: Vol 10 Iss 3	German
sim_naturwissenschaften_1922-01-27_10_4	1922-01-27	day	1922	10	Die Naturwissenschaften 1922-01-27: Vol 10 Iss 4	German
sim_naturwissenschaften_1922-02-03_10_5	1922-02-03	day	1922	10	Die Naturwissenschaften 1922-02-03: Vol 10 Iss 5	German
sim_naturwissenschaften_1922-02-10_10_6	1922-02-10	day	1922	10	Die Naturwissenschaften 1922-02-10: Vol 10 Iss 6	German
sim_naturwissenschaften_1922-02-17_10_7	1922-02-17	day	1922	10	Die Naturwissenschaften 1922-02-17: Vol 10 Iss 7	German
sim_naturwissenschaften_1922-02-24_10_8	1922-02-24	day	1922	10	Die Naturwissenschaften 1922-02-24: Vol 10 Iss 8	German
sim_naturwissenschaften_1922-03-03_10_9	1922-03-03	day	1922	10	Die Naturwissenschaften 1922-03-03: Vol 10 Iss 9	German
sim_naturwissenschaften_1922-03-10_10_10	1922-03-10	day	1922	10	Die Naturwissenschaften 1922-03-10: Vol 10 Iss 10	German
sim_naturwissenschaften_1922-03-17_10_11	1922-03-17	day	1922	10	Die Naturwissenschaften 1922-03-17: Vol 10 Iss 11	German
sim_naturwissenschaften_1922-03-24_10_12	1922-03-24	day	1922	10	Die Naturwissenschaften 1922-03-24: Vol 10 Iss 12	German
sim_naturwissenschaften_1922-03-31_10_13	1922-03-31	day	1922	10	Die Naturwissenschaften 1922-03-31: Vol 10 Iss 13	German
sim_naturwissenschaften_1922-04-07_10_14	1922-04-07	day	1922	10	Die Naturwissenschaften 1922-04-07: Vol 10 Iss 14	German
sim_naturwissenschaften_1922-04-14_10_15	1922-04-14	day	1922	10	Die Naturwissenschaften 1922-04-14: Vol 10 Iss 15	German
sim_naturwissenschaften_1922-04-21_10_16	1922-04-21	day	1922	10	Die Naturwissenschaften 1922-04-21: Vol 10 Iss 16	German
sim_naturwissenschaften_1922-04-28_10_17	1922-04-28	day	1922	10	Die Naturwissenschaften 1922-04-28: Vol 10 Iss 17	German
sim_naturwissenschaften_1922-05-05_10_18	1922-05-05	day	1922	10	Die Naturwissenschaften 1922-05-05: Vol 10 Iss 18	German
sim_naturwissenschaften_1922-05-12_10_19	1922-05-12	day	1922	10	Die Naturwissenschaften 1922-05-12: Vol 10 Iss 19	German
sim_naturwissenschaften_1922-05-19_10_20	1922-05-19	day	1922	10	Die Naturwissenschaften 1922-05-19: Vol 10 Iss 20	German
sim_naturwissenschaften_1922-05-26_10_21	1922-05-26	day	1922	10	Die Naturwissenschaften 1922-05-26: Vol 10 Iss 21	German
sim_naturwissenschaften_1922-06-02_10_22	1922-06-02	day	1922	10	Die Naturwissenschaften 1922-06-02: Vol 10 Iss 22	German
sim_naturwissenschaften_1922-06-09_10_23	1922-06-09	day	1922	10	Die Naturwissenschaften 1922-06-09: Vol 10 Iss 23	German
sim_naturwissenschaften_1922-06-16_10_24	1922-06-16	day	1922	10	Die Naturwissenschaften 1922-06-16: Vol 10 Iss 24	German
sim_naturwissenschaften_1922-06-23_10_25	1922-06-23	day	1922	10	Die Naturwissenschaften 1922-06-23: Vol 10 Iss 25	German
sim_naturwissenschaften_1922-06-30_10_26	1922-06-30	day	1922	10	Die Naturwissenschaften 1922-06-30: Vol 10 Iss 26	German
sim_naturwissenschaften_1922-07-07_10_27	1922-07-07	day	1922	10	Die Naturwissenschaften 1922-07-07: Vol 10 Iss 27	German
sim_naturwissenschaften_1922-07-14_10_28	1922-07-14	day	1922	10	Die Naturwissenschaften 1922-07-14: Vol 10 Iss 28	German
sim_naturwissenschaften_1922-07-21_10_29	1922-07-21	day	1922	10	Die Naturwissenschaften 1922-07-21: Vol 10 Iss 29	German
sim_naturwissenschaften_1922-07-28_10_30	1922-07-28	day	1922	10	Die Naturwissenschaften 1922-07-28: Vol 10 Iss 30	German
sim_naturwissenschaften_1922-08-04_10_31	1922-08-04	day	1922	10	Die Naturwissenschaften 1922-08-04: Vol 10 Iss 31	German
sim_naturwissenschaften_1922-08-11_10_32	1922-08-11	day	1922	10	Die Naturwissenschaften 1922-08-11: Vol 10 Iss 32	German
sim_naturwissenschaften_1922-08-18_10_33	1922-08-18	day	1922	10	Die Naturwissenschaften 1922-08-18: Vol 10 Iss 33	German
sim_naturwissenschaften_1922-08-25_10_34	1922-08-25	day	1922	10	Die Naturwissenschaften 1922-08-25: Vol 10 Iss 34	German
sim_naturwissenschaften_1922-09-01_10_35	1922-09-01	day	1922	10	Die Naturwissenschaften 1922-09-01: Vol 10 Iss 35	German
sim_naturwissenschaften_1922-09-08_10_36	1922-09-08	day	1922	10	Die Naturwissenschaften 1922-09-08: Vol 10 Iss 36	German
sim_naturwissenschaften_1922-09-15_10_37	1922-09-15	day	1922	10	Die Naturwissenschaften 1922-09-15: Vol 10 Iss 37	German
sim_naturwissenschaften_1922-09-22_10_38	1922-09-22	day	1922	10	Die Naturwissenschaften 1922-09-22: Vol 10 Iss 38	German
sim_naturwissenschaften_1922-09-29_10_39	1922-09-29	day	1922	10	Die Naturwissenschaften 1922-09-29: Vol 10 Iss 39	German
sim_naturwissenschaften_1922-10-06_10_40	1922-10-06	day	1922	10	Die Naturwissenschaften 1922-10-06: Vol 10 Iss 40	German
sim_naturwissenschaften_1922-10-13_10_41	1922-10-13	day	1922	10	Die Naturwissenschaften 1922-10-13: Vol 10 Iss 41	German
sim_naturwissenschaften_1922-10-20_10_42	1922-10-20	day	1922	10	Die Naturwissenschaften 1922-10-20: Vol 10 Iss 42	German
sim_naturwissenschaften_1922-10-27_10_43	1922-10-27	day	1922	10	Die Naturwissenschaften 1922-10-27: Vol 10 Iss 43	German
sim_naturwissenschaften_1922-11-03_10_44	1922-11-03	day	1922	10	Die Naturwissenschaften 1922-11-03: Vol 10 Iss 44	German
sim_naturwissenschaften_1922-11-10_10_45	1922-11-10	day	1922	10	Die Naturwissenschaften 1922-11-10: Vol 10 Iss 45	German
sim_naturwissenschaften_1922-11-17_10_46	1922-11-17	day	1922	10	Die Naturwissenschaften 1922-11-17: Vol 10 Iss 46	German
sim_naturwissenschaften_1922-11-24_10_47	1922-11-24	day	1922	10	Die Naturwissenschaften 1922-11-24: Vol 10 Iss 47	German
sim_naturwissenschaften_1922-12-01_10_48	1922-12-01	day	1922	10	Die Naturwissenschaften 1922-12-01: Vol 10 Iss 48	German
sim_naturwissenschaften_1922-12-08_10_49	1922-12-08	day	1922	10	Die Naturwissenschaften 1922-12-08: Vol 10 Iss 49	German
sim_naturwissenschaften_1922-12-15_10_50	1922-12-15	day	1922	10	Die Naturwissenschaften 1922-12-15: Vol 10 Iss 50	German
sim_naturwissenschaften_1922-12-22_10_51	1922-12-22	day	1922	10	Die Naturwissenschaften 1922-12-22: Vol 10 Iss 51	German
sim_naturwissenschaften_1922-12-29_10_52	1922-12-29	day	1922	10	Die Naturwissenschaften 1922-12-29: Vol 10 Iss 52	German
sim_naturwissenschaften_1922_10_contents	1922-01-01	year	1922	10	Die Naturwissenschaften 1922: Vol 10 Table of Contents	German
sim_naturwissenschaften_1923-01-05_11_1	1923-01-05	day	1923	11	Die Naturwissenschaften 1923-01-05: Vol 11 Iss 1	German
sim_naturwissenschaften_1923-01-12_11_2	1923-01-12	day	1923	11	Die Naturwissenschaften 1923-01-12: Vol 11 Iss 2	German
sim_naturwissenschaften_1923-01-19_11_3	1923-01-19	day	1923	11	Die Naturwissenschaften 1923-01-19: Vol 11 Iss 3	German
sim_naturwissenschaften_1923-01-26_11_4	1923-01-26	day	1923	11	Die Naturwissenschaften 1923-01-26: Vol 11 Iss 4	German
sim_naturwissenschaften_1923-02-02_11_5	1923-02-02	day	1923	11	Die Naturwissenschaften 1923-02-02: Vol 11 Iss 5	German
sim_naturwissenschaften_1923-02-09_11_6	1923-02-09	day	1923	11	Die Naturwissenschaften 1923-02-09: Vol 11 Iss 6	German
sim_naturwissenschaften_1923-02-16_11_7	1923-02-16	day	1923	11	Die Naturwissenschaften 1923-02-16: Vol 11 Iss 7	German
sim_naturwissenschaften_1923-02-23_11_8	1923-02-23	day	1923	11	Die Naturwissenschaften 1923-02-23: Vol 11 Iss 8	German
sim_naturwissenschaften_1923-03-02_11_9	1923-03-02	day	1923	11	Die Naturwissenschaften 1923-03-02: Vol 11 Iss 9	German
sim_naturwissenschaften_1923-03-09_11_10	1923-03-09	day	1923	11	Die Naturwissenschaften 1923-03-09: Vol 11 Iss 10	German
sim_naturwissenschaften_1923-03-16_11_11	1923-03-16	day	1923	11	Die Naturwissenschaften 1923-03-16: Vol 11 Iss 11	German
sim_naturwissenschaften_1923-03-23_11_12	1923-03-23	day	1923	11	Die Naturwissenschaften 1923-03-23: Vol 11 Iss 12	German
sim_naturwissenschaften_1923-03-30_11_13	1923-03-30	day	1923	11	Die Naturwissenschaften 1923-03-30: Vol 11 Iss 13	German
sim_naturwissenschaften_1923-04-06_11_14	1923-04-06	day	1923	11	Die Naturwissenschaften 1923-04-06: Vol 11 Iss 14	German
sim_naturwissenschaften_1923-04-13_11_15	1923-04-13	day	1923	11	Die Naturwissenschaften 1923-04-13: Vol 11 Iss 15	German
sim_naturwissenschaften_1923-04-20_11_16	1923-04-20	day	1923	11	Die Naturwissenschaften 1923-04-20: Vol 11 Iss 16	German
sim_naturwissenschaften_1923-04-27_11_17	1923-04-27	day	1923	11	Die Naturwissenschaften 1923-04-27: Vol 11 Iss 17	German
sim_naturwissenschaften_1923-05-04_11_18	1923-05-04	day	1923	11	Die Naturwissenschaften 1923-05-04: Vol 11 Iss 18	German
sim_naturwissenschaften_1923-05-11_11_19	1923-05-11	day	1923	11	Die Naturwissenschaften 1923-05-11: Vol 11 Iss 19	German
sim_naturwissenschaften_1923-05-18_11_20	1923-05-18	day	1923	11	Die Naturwissenschaften 1923-05-18: Vol 11 Iss 20	German
sim_naturwissenschaften_1923-05-25_11_21	1923-05-25	day	1923	11	Die Naturwissenschaften 1923-05-25: Vol 11 Iss 21	German
sim_naturwissenschaften_1923-06-01_11_22	1923-06-01	day	1923	11	Die Naturwissenschaften 1923-06-01: Vol 11 Iss 22	German
sim_naturwissenschaften_1923-06-08_11_23	1923-06-08	day	1923	11	Die Naturwissenschaften 1923-06-08: Vol 11 Iss 23	German
sim_naturwissenschaften_1923-06-15_11_24	1923-06-15	day	1923	11	Die Naturwissenschaften 1923-06-15: Vol 11 Iss 24	German
sim_naturwissenschaften_1923-06-22_11_25	1923-06-22	day	1923	11	Die Naturwissenschaften 1923-06-22: Vol 11 Iss 25	German
sim_naturwissenschaften_1923-06-29_11_26	1923-06-29	day	1923	11	Die Naturwissenschaften 1923-06-29: Vol 11 Iss 26	German
sim_naturwissenschaften_1923-07-06_11_27	1923-07-06	day	1923	11	Die Naturwissenschaften 1923-07-06: Vol 11 Iss 27	German
sim_naturwissenschaften_1923-07-13_11_28	1923-07-13	day	1923	11	Die Naturwissenschaften 1923-07-13: Vol 11 Iss 28	German
sim_naturwissenschaften_1923-07-20_11_29	1923-07-20	day	1923	11	Die Naturwissenschaften 1923-07-20: Vol 11 Iss 29	German
sim_naturwissenschaften_1923-07-27_11_30	1923-07-27	day	1923	11	Die Naturwissenschaften 1923-07-27: Vol 11 Iss 30	German
sim_naturwissenschaften_1923-08-03_11_31	1923-08-03	day	1923	11	Die Naturwissenschaften 1923-08-03: Vol 11 Iss 31	German
sim_naturwissenschaften_1923-08-10_11_32	1923-08-10	day	1923	11	Die Naturwissenschaften 1923-08-10: Vol 11 Iss 32	German
sim_naturwissenschaften_1923-08-17_11_33	1923-08-17	day	1923	11	Die Naturwissenschaften 1923-08-17: Vol 11 Iss 33	German
sim_naturwissenschaften_1923-08-24_11_34	1923-08-24	day	1923	11	Die Naturwissenschaften 1923-08-24: Vol 11 Iss 34	German
sim_naturwissenschaften_1923-08-31_11_35	1923-08-31	day	1923	11	Die Naturwissenschaften 1923-08-31: Vol 11 Iss 35	German
sim_naturwissenschaften_1923-09-07_11_36	1923-09-07	day	1923	11	Die Naturwissenschaften 1923-09-07: Vol 11 Iss 36	German
sim_naturwissenschaften_1923-09-14_11_37	1923-09-14	day	1923	11	Die Naturwissenschaften 1923-09-14: Vol 11 Iss 37	German
sim_naturwissenschaften_1923-09-21_11_38	1923-09-21	day	1923	11	Die Naturwissenschaften 1923-09-21: Vol 11 Iss 38	German
sim_naturwissenschaften_1923-09-28_11_39	1923-09-28	day	1923	11	Die Naturwissenschaften 1923-09-28: Vol 11 Iss 39	German
sim_naturwissenschaften_1923-10-05_11_40	1923-10-05	day	1923	11	Die Naturwissenschaften 1923-10-05: Vol 11 Iss 40	German
sim_naturwissenschaften_1923-10-12_11_41	1923-10-12	day	1923	11	Die Naturwissenschaften 1923-10-12: Vol 11 Iss 41	German
sim_naturwissenschaften_1923-10-19_11_42	1923-10-19	day	1923	11	Die Naturwissenschaften 1923-10-19: Vol 11 Iss 42	German
sim_naturwissenschaften_1923-10-26_11_43	1923-10-26	day	1923	11	Die Naturwissenschaften 1923-10-26: Vol 11 Iss 43	German
sim_naturwissenschaften_1923-11-02_11_44	1923-11-02	day	1923	11	Die Naturwissenschaften 1923-11-02: Vol 11 Iss 44	German
sim_naturwissenschaften_1923-11-09_11_45	1923-11-09	day	1923	11	Die Naturwissenschaften 1923-11-09: Vol 11 Iss 45	German
sim_naturwissenschaften_1923-11-16_11_46	1923-11-16	day	1923	11	Die Naturwissenschaften 1923-11-16: Vol 11 Iss 46	German
sim_naturwissenschaften_1923-11-23_11_47	1923-11-23	day	1923	11	Die Naturwissenschaften 1923-11-23: Vol 11 Iss 47	German
sim_naturwissenschaften_1923-12-07_11_48-49	1923-12-07	day	1923	11	Die Naturwissenschaften 1923-12-07: Vol 11 Iss 48-49	German
sim_naturwissenschaften_1923-12-14_11_50	1923-12-14	day	1923	11	Die Naturwissenschaften 1923-12-14: Vol 11 Iss 50	German
sim_naturwissenschaften_1923-12-21_11_51	1923-12-21	day	1923	11	Die Naturwissenschaften 1923-12-21: Vol 11 Iss 51	German
sim_naturwissenschaften_1923-12-28_11_52	1923-12-28	day	1923	11	Die Naturwissenschaften 1923-12-28: Vol 11 Iss 52	German
sim_naturwissenschaften_1923_11_contents	1923-01-01	year	1923	11	Die Naturwissenschaften 1923: Vol 11 Table of Contents	German
sim_naturwissenschaften_1924-01-04_12_1	1924-01-04	day	1924	12	Die Naturwissenschaften 1924-01-04: Vol 12 Iss 1	German
sim_naturwissenschaften_1924-01-11_12_2	1924-01-11	day	1924	12	Die Naturwissenschaften 1924-01-11: Vol 12 Iss 2	German
sim_naturwissenschaften_1924-01-18_12_3	1924-01-18	day	1924	12	Die Naturwissenschaften 1924-01-18: Vol 12 Iss 3	German
sim_naturwissenschaften_1924-01-25_12_4	1924-01-25	day	1924	12	Die Naturwissenschaften 1924-01-25: Vol 12 Iss 4	German
sim_naturwissenschaften_1924-02-01_12_5	1924-02-01	day	1924	12	Die Naturwissenschaften 1924-02-01: Vol 12 Iss 5	German
sim_naturwissenschaften_1924-02-08_12_6	1924-02-08	day	1924	12	Die Naturwissenschaften 1924-02-08: Vol 12 Iss 6	German
sim_naturwissenschaften_1924-02-15_12_7	1924-02-15	day	1924	12	Die Naturwissenschaften 1924-02-15: Vol 12 Iss 7	German
sim_naturwissenschaften_1924-02-22_12_8	1924-02-22	day	1924	12	Die Naturwissenschaften 1924-02-22: Vol 12 Iss 8	German
sim_naturwissenschaften_1924-02-29_12_9	1924-02-29	day	1924	12	Die Naturwissenschaften 1924-02-29: Vol 12 Iss 9	German
sim_naturwissenschaften_1924-03-07_12_10	1924-03-07	day	1924	12	Die Naturwissenschaften 1924-03-07: Vol 12 Iss 10	German
sim_naturwissenschaften_1924-03-14_12_11	1924-03-14	day	1924	12	Die Naturwissenschaften 1924-03-14: Vol 12 Iss 11	German
sim_naturwissenschaften_1924-03-21_12_12	1924-03-21	day	1924	12	Die Naturwissenschaften 1924-03-21: Vol 12 Iss 12	German
sim_naturwissenschaften_1924-03-28_12_13	1924-03-28	day	1924	12	Die Naturwissenschaften 1924-03-28: Vol 12 Iss 13	German
sim_naturwissenschaften_1924-04-04_12_14	1924-04-04	day	1924	12	Die Naturwissenschaften 1924-04-04: Vol 12 Iss 14	German
sim_naturwissenschaften_1924-04-11_12_15	1924-04-11	day	1924	12	Die Naturwissenschaften 1924-04-11: Vol 12 Iss 15	German
sim_naturwissenschaften_1924-04-18_12_16	1924-04-18	day	1924	12	Die Naturwissenschaften 1924-04-18: Vol 12 Iss 16	German
sim_naturwissenschaften_1924-04-25_12_17	1924-04-25	day	1924	12	Die Naturwissenschaften 1924-04-25: Vol 12 Iss 17	German
sim_naturwissenschaften_1924-05-02_12_18	1924-05-02	day	1924	12	Die Naturwissenschaften 1924-05-02: Vol 12 Iss 18	German
sim_naturwissenschaften_1924-05-09_12_19	1924-05-09	day	1924	12	Die Naturwissenschaften 1924-05-09: Vol 12 Iss 19	German
sim_naturwissenschaften_1924-05-16_12_20	1924-05-16	day	1924	12	Die Naturwissenschaften 1924-05-16: Vol 12 Iss 20	German
sim_naturwissenschaften_1924-05-23_12_21	1924-05-23	day	1924	12	Die Naturwissenschaften 1924-05-23: Vol 12 Iss 21	German
sim_naturwissenschaften_1924-05-30_12_22	1924-05-30	day	1924	12	Die Naturwissenschaften 1924-05-30: Vol 12 Iss 22	German
sim_naturwissenschaften_1924-06-06_12_23	1924-06-06	day	1924	12	Die Naturwissenschaften 1924-06-06: Vol 12 Iss 23	German
sim_naturwissenschaften_1924-06-13_12_24	1924-06-13	day	1924	12	Die Naturwissenschaften 1924-06-13: Vol 12 Iss 24	German
sim_naturwissenschaften_1924-06-20_12_25	1924-06-20	day	1924	12	Die Naturwissenschaften 1924-06-20: Vol 12 Iss 25	German
sim_naturwissenschaften_1924-06-27_12_26	1924-06-27	day	1924	12	Die Naturwissenschaften 1924-06-27: Vol 12 Iss 26	German
sim_naturwissenschaften_1924-07-04_12_27	1924-07-04	day	1924	12	Die Naturwissenschaften 1924-07-04: Vol 12 Iss 27	German
sim_naturwissenschaften_1924-07-11_12_28	1924-07-11	day	1924	12	Die Naturwissenschaften 1924-07-11: Vol 12 Iss 28	German
sim_naturwissenschaften_1924-07-18_12_29	1924-07-18	day	1924	12	Die Naturwissenschaften 1924-07-18: Vol 12 Iss 29	German
sim_naturwissenschaften_1924-07-25_12_30	1924-07-25	day	1924	12	Die Naturwissenschaften 1924-07-25: Vol 12 Iss 30	German
sim_naturwissenschaften_1924-08-01_12_31	1924-08-01	day	1924	12	Die Naturwissenschaften 1924-08-01: Vol 12 Iss 31	German
sim_naturwissenschaften_1924-08-08_12_32	1924-08-08	day	1924	12	Die Naturwissenschaften 1924-08-08: Vol 12 Iss 32	German
sim_naturwissenschaften_1924-08-15_12_33	1924-08-15	day	1924	12	Die Naturwissenschaften 1924-08-15: Vol 12 Iss 33	German
sim_naturwissenschaften_1924-08-22_12_34	1924-08-22	day	1924	12	Die Naturwissenschaften 1924-08-22: Vol 12 Iss 34	German
sim_naturwissenschaften_1924-08-29_12_35	1924-08-29	day	1924	12	Die Naturwissenschaften 1924-08-29: Vol 12 Iss 35	German
sim_naturwissenschaften_1924-09-05_12_36	1924-09-05	day	1924	12	Die Naturwissenschaften 1924-09-05: Vol 12 Iss 36	German
sim_naturwissenschaften_1924-09-12_12_37	1924-09-12	day	1924	12	Die Naturwissenschaften 1924-09-12: Vol 12 Iss 37	German
sim_naturwissenschaften_1924-09-19_12_38	1924-09-19	day	1924	12	Die Naturwissenschaften 1924-09-19: Vol 12 Iss 38	German
sim_naturwissenschaften_1924-09-26_12_39	1924-09-26	day	1924	12	Die Naturwissenschaften 1924-09-26: Vol 12 Iss 39	German
sim_naturwissenschaften_1924-10-03_12_40	1924-10-03	day	1924	12	Die Naturwissenschaften 1924-10-03: Vol 12 Iss 40	German
sim_naturwissenschaften_1924-10-10_12_41	1924-10-10	day	1924	12	Die Naturwissenschaften 1924-10-10: Vol 12 Iss 41	German
sim_naturwissenschaften_1924-10-17_12_42	1924-10-17	day	1924	12	Die Naturwissenschaften 1924-10-17: Vol 12 Iss 42	German
sim_naturwissenschaften_1924-10-24_12_43	1924-10-24	day	1924	12	Die Naturwissenschaften 1924-10-24: Vol 12 Iss 43	German
sim_naturwissenschaften_1924-10-31_12_44	1924-10-31	day	1924	12	Die Naturwissenschaften 1924-10-31: Vol 12 Iss 44	German
sim_naturwissenschaften_1924-11-07_12_45	1924-11-07	day	1924	12	Die Naturwissenschaften 1924-11-07: Vol 12 Iss 45	German
sim_naturwissenschaften_1924-11-14_12_46	1924-11-14	day	1924	12	Die Naturwissenschaften 1924-11-14: Vol 12 Iss 46	German
sim_naturwissenschaften_1924-11-21_12_47	1924-11-21	day	1924	12	Die Naturwissenschaften 1924-11-21: Vol 12 Iss 47	German
sim_naturwissenschaften_1924-11-28_12_48	1924-11-28	day	1924	12	Die Naturwissenschaften 1924-11-28: Vol 12 Iss 48	German
sim_naturwissenschaften_1924-12-05_12_49	1924-12-05	day	1924	12	Die Naturwissenschaften 1924-12-05: Vol 12 Iss 49	German
sim_naturwissenschaften_1924-12-12_12_50	1924-12-12	day	1924	12	Die Naturwissenschaften 1924-12-12: Vol 12 Iss 50	German
sim_naturwissenschaften_1924-12-19_12_51	1924-12-19	day	1924	12	Die Naturwissenschaften 1924-12-19: Vol 12 Iss 51	German
sim_naturwissenschaften_1924-12-26_12_52	1924-12-26	day	1924	12	Die Naturwissenschaften 1924-12-26: Vol 12 Iss 52	German
sim_naturwissenschaften_1924_12_contents	1924-01-01	year	1924	12	Die Naturwissenschaften 1924: Vol 12 Table of Contents	German
sim_naturwissenschaften_1925-01-02_13_1	1925-01-02	day	1925	13	Die Naturwissenschaften 1925-01-02: Vol 13 Iss 1	German
sim_naturwissenschaften_1925-01-09_13_2	1925-01-09	day	1925	13	Die Naturwissenschaften 1925-01-09: Vol 13 Iss 2	German
sim_naturwissenschaften_1925-01-16_13_3	1925-01-16	day	1925	13	Die Naturwissenschaften 1925-01-16: Vol 13 Iss 3	German
sim_naturwissenschaften_1925-01-23_13_4	1925-01-23	day	1925	13	Die Naturwissenschaften 1925-01-23: Vol 13 Iss 4	German
sim_naturwissenschaften_1925-01-30_13_5	1925-01-30	day	1925	13	Die Naturwissenschaften 1925-01-30: Vol 13 Iss 5	German
sim_naturwissenschaften_1925-02-06_13_6	1925-02-06	day	1925	13	Die Naturwissenschaften 1925-02-06: Vol 13 Iss 6	German
sim_naturwissenschaften_1925-02-13_13_7	1925-02-13	day	1925	13	Die Naturwissenschaften 1925-02-13: Vol 13 Iss 7	German
sim_naturwissenschaften_1925-02-20_13_8	1925-02-20	day	1925	13	Die Naturwissenschaften 1925-02-20: Vol 13 Iss 8	German
sim_naturwissenschaften_1925-02-27_13_9	1925-02-27	day	1925	13	Die Naturwissenschaften 1925-02-27: Vol 13 Iss 9	German
sim_naturwissenschaften_1925-03-06_13_10	1925-03-06	day	1925	13	Die Naturwissenschaften 1925-03-06: Vol 13 Iss 10	German
sim_naturwissenschaften_1925-03-13_13_11	1925-03-13	day	1925	13	Die Naturwissenschaften 1925-03-13: Vol 13 Iss 11	German
sim_naturwissenschaften_1925-03-20_13_12	1925-03-20	day	1925	13	Die Naturwissenschaften 1925-03-20: Vol 13 Iss 12	German
sim_naturwissenschaften_1925-03-27_13_13	1925-03-27	day	1925	13	Die Naturwissenschaften 1925-03-27: Vol 13 Iss 13	German
sim_naturwissenschaften_1925-04-03_13_14	1925-04-03	day	1925	13	Die Naturwissenschaften 1925-04-03: Vol 13 Iss 14	German
sim_naturwissenschaften_1925-04-10_13_15	1925-04-10	day	1925	13	Die Naturwissenschaften 1925-04-10: Vol 13 Iss 15	German
sim_naturwissenschaften_1925-04-17_13_16	1925-04-17	day	1925	13	Die Naturwissenschaften 1925-04-17: Vol 13 Iss 16	German
sim_naturwissenschaften_1925-04-24_13_17	1925-04-24	day	1925	13	Die Naturwissenschaften 1925-04-24: Vol 13 Iss 17	German
sim_naturwissenschaften_1925-05-01_13_18	1925-05-01	day	1925	13	Die Naturwissenschaften 1925-05-01: Vol 13 Iss 18	German
sim_naturwissenschaften_1925-05-08_13_19	1925-05-08	day	1925	13	Die Naturwissenschaften 1925-05-08: Vol 13 Iss 19	German
sim_naturwissenschaften_1925-05-15_13_20	1925-05-15	day	1925	13	Die Naturwissenschaften 1925-05-15: Vol 13 Iss 20	German
sim_naturwissenschaften_1925-05-22_13_21	1925-05-22	day	1925	13	Die Naturwissenschaften 1925-05-22: Vol 13 Iss 21	German
sim_naturwissenschaften_1925-05-29_13_22	1925-05-29	day	1925	13	Die Naturwissenschaften 1925-05-29: Vol 13 Iss 22	German
sim_naturwissenschaften_1925-06-05_13_23	1925-06-05	day	1925	13	Die Naturwissenschaften 1925-06-05: Vol 13 Iss 23	German
sim_naturwissenschaften_1925-06-12_13_24	1925-06-12	day	1925	13	Die Naturwissenschaften 1925-06-12: Vol 13 Iss 24	German
sim_naturwissenschaften_1925-06-19_13_25	1925-06-19	day	1925	13	Die Naturwissenschaften 1925-06-19: Vol 13 Iss 25	German
sim_naturwissenschaften_1925-06-26_13_26	1925-06-26	day	1925	13	Die Naturwissenschaften 1925-06-26: Vol 13 Iss 26	German
sim_naturwissenschaften_1925-07-03_13_27	1925-07-03	day	1925	13	Die Naturwissenschaften 1925-07-03: Vol 13 Iss 27	German
sim_naturwissenschaften_1925-07-10_13_28	1925-07-10	day	1925	13	Die Naturwissenschaften 1925-07-10: Vol 13 Iss 28	German
sim_naturwissenschaften_1925-07-17_13_29	1925-07-17	day	1925	13	Die Naturwissenschaften 1925-07-17: Vol 13 Iss 29	German
sim_naturwissenschaften_1925-07-24_13_30	1925-07-24	day	1925	13	Die Naturwissenschaften 1925-07-24: Vol 13 Iss 30	German
sim_naturwissenschaften_1925-07-31_13_31	1925-07-31	day	1925	13	Die Naturwissenschaften 1925-07-31: Vol 13 Iss 31	German
sim_naturwissenschaften_1925-08-07_13_32	1925-08-07	day	1925	13	Die Naturwissenschaften 1925-08-07: Vol 13 Iss 32	German
sim_naturwissenschaften_1925-08-14_13_33	1925-08-14	day	1925	13	Die Naturwissenschaften 1925-08-14: Vol 13 Iss 33	German
sim_naturwissenschaften_1925-08-21_13_34	1925-08-21	day	1925	13	Die Naturwissenschaften 1925-08-21: Vol 13 Iss 34	German
sim_naturwissenschaften_1925-08-28_13_35	1925-08-28	day	1925	13	Die Naturwissenschaften 1925-08-28: Vol 13 Iss 35	German
sim_naturwissenschaften_1925-09-04_13_36	1925-09-04	day	1925	13	Die Naturwissenschaften 1925-09-04: Vol 13 Iss 36	German
sim_naturwissenschaften_1925-09-11_13_37	1925-09-11	day	1925	13	Die Naturwissenschaften 1925-09-11: Vol 13 Iss 37	German
sim_naturwissenschaften_1925-09-18_13_38	1925-09-18	day	1925	13	Die Naturwissenschaften 1925-09-18: Vol 13 Iss 38	German
sim_naturwissenschaften_1925-09-25_13_39	1925-09-25	day	1925	13	Die Naturwissenschaften 1925-09-25: Vol 13 Iss 39	German
sim_naturwissenschaften_1925-10-02_13_40	1925-10-02	day	1925	13	Die Naturwissenschaften 1925-10-02: Vol 13 Iss 40	German
sim_naturwissenschaften_1925-10-09_13_41	1925-10-09	day	1925	13	Die Naturwissenschaften 1925-10-09: Vol 13 Iss 41	German
sim_naturwissenschaften_1925-10-16_13_42	1925-10-16	day	1925	13	Die Naturwissenschaften 1925-10-16: Vol 13 Iss 42	German
sim_naturwissenschaften_1925-10-23_13_43	1925-10-23	day	1925	13	Die Naturwissenschaften 1925-10-23: Vol 13 Iss 43	German
sim_naturwissenschaften_1925-10-30_13_44	1925-10-30	day	1925	13	Die Naturwissenschaften 1925-10-30: Vol 13 Iss 44	German
sim_naturwissenschaften_1925-11-06_13_45	1925-11-06	day	1925	13	Die Naturwissenschaften 1925-11-06: Vol 13 Iss 45	German
sim_naturwissenschaften_1925-11-13_13_46	1925-11-13	day	1925	13	Die Naturwissenschaften 1925-11-13: Vol 13 Iss 46	German
sim_naturwissenschaften_1925-11-20_13_47	1925-11-20	day	1925	13	Die Naturwissenschaften 1925-11-20: Vol 13 Iss 47	German
sim_naturwissenschaften_1925-11-27_13_48	1925-11-27	day	1925	13	Die Naturwissenschaften 1925-11-27: Vol 13 Iss 48	German
sim_naturwissenschaften_1925-12-04_13_49-50	1925-12-04	day	1925	13	Die Naturwissenschaften 1925-12-04: Vol 13 Iss 49-50	German
sim_naturwissenschaften_1925-12-18_13_51	1925-12-18	day	1925	13	Die Naturwissenschaften 1925-12-18: Vol 13 Iss 51	German
sim_naturwissenschaften_1925_13_contents	1925-01-01	year	1925	13	Die Naturwissenschaften 1925: Vol 13 Table of Contents	German
sim_naturwissenschaften_1926-01-01_14_1	1926-01-01	day	1926	14	Die Naturwissenschaften 1926-01-01: Vol 14 Iss 1	German
sim_naturwissenschaften_1926-01-08_14_2	1926-01-08	day	1926	14	Die Naturwissenschaften 1926-01-08: Vol 14 Iss 2	German
sim_naturwissenschaften_1926-01-15_14_3	1926-01-15	day	1926	14	Die Naturwissenschaften 1926-01-15: Vol 14 Iss 3	German
sim_naturwissenschaften_1926-01-22_14_4	1926-01-22	day	1926	14	Die Naturwissenschaften 1926-01-22: Vol 14 Iss 4	German
sim_naturwissenschaften_1926-01-29_14_5	1926-01-29	day	1926	14	Die Naturwissenschaften 1926-01-29: Vol 14 Iss 5	German
sim_naturwissenschaften_1926-02-05_14_6	1926-02-05	day	1926	14	Die Naturwissenschaften 1926-02-05: Vol 14 Iss 6	German
sim_naturwissenschaften_1926-02-12_14_7	1926-02-12	day	1926	14	Die Naturwissenschaften 1926-02-12: Vol 14 Iss 7	German
sim_naturwissenschaften_1926-02-19_14_8	1926-02-19	day	1926	14	Die Naturwissenschaften 1926-02-19: Vol 14 Iss 8	German
sim_naturwissenschaften_1926-02-26_14_9	1926-02-26	day	1926	14	Die Naturwissenschaften 1926-02-26: Vol 14 Iss 9	German
sim_naturwissenschaften_1926-03-05_14_10	1926-03-05	day	1926	14	Die Naturwissenschaften 1926-03-05: Vol 14 Iss 10	German
sim_naturwissenschaften_1926-03-12_14_11	1926-03-12	day	1926	14	Die Naturwissenschaften 1926-03-12: Vol 14 Iss 11	German
sim_naturwissenschaften_1926-03-19_14_12	1926-03-19	day	1926	14	Die Naturwissenschaften 1926-03-19: Vol 14 Iss 12	German
sim_naturwissenschaften_1926-03-26_14_13	1926-03-26	day	1926	14	Die Naturwissenschaften 1926-03-26: Vol 14 Iss 13	German
sim_naturwissenschaften_1926-04-02_14_14	1926-04-02	day	1926	14	Die Naturwissenschaften 1926-04-02: Vol 14 Iss 14	German
sim_naturwissenschaften_1926-04-09_14_15	1926-04-09	day	1926	14	Die Naturwissenschaften 1926-04-09: Vol 14 Iss 15	German
sim_naturwissenschaften_1926-04-16_14_16	1926-04-16	day	1926	14	Die Naturwissenschaften 1926-04-16: Vol 14 Iss 16	German
sim_naturwissenschaften_1926-04-23_14_17	1926-04-23	day	1926	14	Die Naturwissenschaften 1926-04-23: Vol 14 Iss 17	German
sim_naturwissenschaften_1926-04-30_14_18	1926-04-30	day	1926	14	Die Naturwissenschaften 1926-04-30: Vol 14 Iss 18	German
sim_naturwissenschaften_1926-05-07_14_19	1926-05-07	day	1926	14	Die Naturwissenschaften 1926-05-07: Vol 14 Iss 19	German
sim_naturwissenschaften_1926-05-14_14_20	1926-05-14	day	1926	14	Die Naturwissenschaften 1926-05-14: Vol 14 Iss 20	German
sim_naturwissenschaften_1926-05-21_14_21	1926-05-21	day	1926	14	Die Naturwissenschaften 1926-05-21: Vol 14 Iss 21	German
sim_naturwissenschaften_1926-05-28_14_22	1926-05-28	day	1926	14	Die Naturwissenschaften 1926-05-28: Vol 14 Iss 22	German
sim_naturwissenschaften_1926-06-04_14_23	1926-06-04	day	1926	14	Die Naturwissenschaften 1926-06-04: Vol 14 Iss 23	German
sim_naturwissenschaften_1926-06-11_14_24	1926-06-11	day	1926	14	Die Naturwissenschaften 1926-06-11: Vol 14 Iss 24	German
sim_naturwissenschaften_1926-06-18_14_25	1926-06-18	day	1926	14	Die Naturwissenschaften 1926-06-18: Vol 14 Iss 25	German
sim_naturwissenschaften_1926-06-25_14_26	1926-06-25	day	1926	14	Die Naturwissenschaften 1926-06-25: Vol 14 Iss 26	German
sim_naturwissenschaften_1926-07-02_14_27	1926-07-02	day	1926	14	Die Naturwissenschaften 1926-07-02: Vol 14 Iss 27	German
sim_naturwissenschaften_1926-07-09_14_28	1926-07-09	day	1926	14	Die Naturwissenschaften 1926-07-09: Vol 14 Iss 28	German
sim_naturwissenschaften_1926-07-16_14_29	1926-07-16	day	1926	14	Die Naturwissenschaften 1926-07-16: Vol 14 Iss 29	German
sim_naturwissenschaften_1926-07-23_14_30	1926-07-23	day	1926	14	Die Naturwissenschaften 1926-07-23: Vol 14 Iss 30	German
sim_naturwissenschaften_1926-07-30_14_31	1926-07-30	day	1926	14	Die Naturwissenschaften 1926-07-30: Vol 14 Iss 31	German
sim_naturwissenschaften_1926-08-06_14_32	1926-08-06	day	1926	14	Die Naturwissenschaften 1926-08-06: Vol 14 Iss 32	German
sim_naturwissenschaften_1926-08-13_14_33	1926-08-13	day	1926	14	Die Naturwissenschaften 1926-08-13: Vol 14 Iss 33	German
sim_naturwissenschaften_1926-08-20_14_34	1926-08-20	day	1926	14	Die Naturwissenschaften 1926-08-20: Vol 14 Iss 34	German
sim_naturwissenschaften_1926-08-27_14_35	1926-08-27	day	1926	14	Die Naturwissenschaften 1926-08-27: Vol 14 Iss 35	German
sim_naturwissenschaften_1926-09-03_14_36	1926-09-03	day	1926	14	Die Naturwissenschaften 1926-09-03: Vol 14 Iss 36	German
sim_naturwissenschaften_1926-09-10_14_37	1926-09-10	day	1926	14	Die Naturwissenschaften 1926-09-10: Vol 14 Iss 37	German
sim_naturwissenschaften_1926-09-17_14_38	1926-09-17	day	1926	14	Die Naturwissenschaften 1926-09-17: Vol 14 Iss 38	German
sim_naturwissenschaften_1926-09-24_14_39	1926-09-24	day	1926	14	Die Naturwissenschaften 1926-09-24: Vol 14 Iss 39	German
sim_naturwissenschaften_1926-10-01_14_40	1926-10-01	day	1926	14	Die Naturwissenschaften 1926-10-01: Vol 14 Iss 40	German
sim_naturwissenschaften_1926-10-08_14_41	1926-10-08	day	1926	14	Die Naturwissenschaften 1926-10-08: Vol 14 Iss 41	German
sim_naturwissenschaften_1926-10-15_14_42	1926-10-15	day	1926	14	Die Naturwissenschaften 1926-10-15: Vol 14 Iss 42	German
sim_naturwissenschaften_1926-10-22_14_43	1926-10-22	day	1926	14	Die Naturwissenschaften 1926-10-22: Vol 14 Iss 43	German
sim_naturwissenschaften_1926-10-29_14_44	1926-10-29	day	1926	14	Die Naturwissenschaften 1926-10-29: Vol 14 Iss 44	German
sim_naturwissenschaften_1926-11-05_14_45	1926-11-05	day	1926	14	Die Naturwissenschaften 1926-11-05: Vol 14 Iss 45	German
sim_naturwissenschaften_1926-11-12_14_46	1926-11-12	day	1926	14	Die Naturwissenschaften 1926-11-12: Vol 14 Iss 46	German
sim_naturwissenschaften_1926-11-19_14_47	1926-11-19	day	1926	14	Die Naturwissenschaften 1926-11-19: Vol 14 Iss 47	German
sim_naturwissenschaften_1926-11-26_14_48-29	1926-11-26	day	1926	14	Die Naturwissenschaften 1926-11-26: Vol 14 Iss 48-29	German
sim_naturwissenschaften_1926-12-10_14_50-51	1926-12-10	day	1926	14	Die Naturwissenschaften 1926-12-10: Vol 14 Iss 50-51	German
sim_naturwissenschaften_1926-12-24_14_52	1926-12-24	day	1926	14	Die Naturwissenschaften 1926-12-24: Vol 14 Iss 52	German
sim_naturwissenschaften_1926_14_contents	1926-01-01	year	1926	14	Die Naturwissenschaften 1926: Vol 14 Table of Contents	German
sim_naturwissenschaften_1927-01-07_15_1	1927-01-07	day	1927	15	Die Naturwissenschaften 1927-01-07: Vol 15 Iss 1	German
sim_naturwissenschaften_1927-01-14_15_2	1927-01-14	day	1927	15	Die Naturwissenschaften 1927-01-14: Vol 15 Iss 2	German
sim_naturwissenschaften_1927-01-21_15_3	1927-01-21	day	1927	15	Die Naturwissenschaften 1927-01-21: Vol 15 Iss 3	German
sim_naturwissenschaften_1927-01-28_15_4	1927-01-28	day	1927	15	Die Naturwissenschaften 1927-01-28: Vol 15 Iss 4	German
sim_naturwissenschaften_1927-02-04_15_5	1927-02-04	day	1927	15	Die Naturwissenschaften 1927-02-04: Vol 15 Iss 5	German
sim_naturwissenschaften_1927-02-11_15_6	1927-02-11	day	1927	15	Die Naturwissenschaften 1927-02-11: Vol 15 Iss 6	German
sim_naturwissenschaften_1927-02-18_15_7	1927-02-18	day	1927	15	Die Naturwissenschaften 1927-02-18: Vol 15 Iss 7	German
sim_naturwissenschaften_1927-02-25_15_8	1927-02-25	day	1927	15	Die Naturwissenschaften 1927-02-25: Vol 15 Iss 8	German
sim_naturwissenschaften_1927-03-04_15_9	1927-03-04	day	1927	15	Die Naturwissenschaften 1927-03-04: Vol 15 Iss 9	German
sim_naturwissenschaften_1927-03-11_15_10	1927-03-11	day	1927	15	Die Naturwissenschaften 1927-03-11: Vol 15 Iss 10	German
sim_naturwissenschaften_1927-03-18_15_11	1927-03-18	day	1927	15	Die Naturwissenschaften 1927-03-18: Vol 15 Iss 11	German
sim_naturwissenschaften_1927-03-25_15_12	1927-03-25	day	1927	15	Die Naturwissenschaften 1927-03-25: Vol 15 Iss 12	German
sim_naturwissenschaften_1927-04-01_15_13	1927-04-01	day	1927	15	Die Naturwissenschaften 1927-04-01: Vol 15 Iss 13	German
sim_naturwissenschaften_1927-04-08_15_14	1927-04-08	day	1927	15	Die Naturwissenschaften 1927-04-08: Vol 15 Iss 14	German
sim_naturwissenschaften_1927-04-15_15_15	1927-04-15	day	1927	15	Die Naturwissenschaften 1927-04-15: Vol 15 Iss 15	German
sim_naturwissenschaften_1927-04-22_15_16	1927-04-22	day	1927	15	Die Naturwissenschaften 1927-04-22: Vol 15 Iss 16	German
sim_naturwissenschaften_1927-04-29_15_17	1927-04-29	day	1927	15	Die Naturwissenschaften 1927-04-29: Vol 15 Iss 17	German
sim_naturwissenschaften_1927-05-06_15_18	1927-05-06	day	1927	15	Die Naturwissenschaften 1927-05-06: Vol 15 Iss 18	German
sim_naturwissenschaften_1927-05-13_15_19	1927-05-13	day	1927	15	Die Naturwissenschaften 1927-05-13: Vol 15 Iss 19	German
sim_naturwissenschaften_1927-05-20_15_20	1927-05-20	day	1927	15	Die Naturwissenschaften 1927-05-20: Vol 15 Iss 20	German
sim_naturwissenschaften_1927-05-27_15_21	1927-05-27	day	1927	15	Die Naturwissenschaften 1927-05-27: Vol 15 Iss 21	German
sim_naturwissenschaften_1927-06-03_15_22	1927-06-03	day	1927	15	Die Naturwissenschaften 1927-06-03: Vol 15 Iss 22	German
sim_naturwissenschaften_1927-06-10_15_23	1927-06-10	day	1927	15	Die Naturwissenschaften 1927-06-10: Vol 15 Iss 23	German
sim_naturwissenschaften_1927-06-17_15_24	1927-06-17	day	1927	15	Die Naturwissenschaften 1927-06-17: Vol 15 Iss 24	German
sim_naturwissenschaften_1927-06-24_15_25	1927-06-24	day	1927	15	Die Naturwissenschaften 1927-06-24: Vol 15 Iss 25	German
sim_naturwissenschaften_1927-06-30_15_26	1927-06-30	day	1927	15	Die Naturwissenschaften 1927-06-30: Vol 15 Iss 26	German
sim_naturwissenschaften_1927-07-07_15_27	1927-07-07	day	1927	15	Die Naturwissenschaften 1927-07-07: Vol 15 Iss 27	German
sim_naturwissenschaften_1927-07-14_15_28	1927-07-14	day	1927	15	Die Naturwissenschaften 1927-07-14: Vol 15 Iss 28	German
sim_naturwissenschaften_1927-07-21_15_29	1927-07-21	day	1927	15	Die Naturwissenschaften 1927-07-21: Vol 15 Iss 29	German
sim_naturwissenschaften_1927-07-28_15_30	1927-07-28	day	1927	15	Die Naturwissenschaften 1927-07-28: Vol 15 Iss 30	German
sim_naturwissenschaften_1927-08-04_15_31	1927-08-04	day	1927	15	Die Naturwissenschaften 1927-08-04: Vol 15 Iss 31	German
sim_naturwissenschaften_1927-08-11_15_32	1927-08-11	day	1927	15	Die Naturwissenschaften 1927-08-11: Vol 15 Iss 32	German
sim_naturwissenschaften_1927-08-18_15_33	1927-08-18	day	1927	15	Die Naturwissenschaften 1927-08-18: Vol 15 Iss 33	German
sim_naturwissenschaften_1927-08-25_15_34	1927-08-25	day	1927	15	Die Naturwissenschaften 1927-08-25: Vol 15 Iss 34	German
sim_naturwissenschaften_1927-09-01_15_35	1927-09-01	day	1927	15	Die Naturwissenschaften 1927-09-01: Vol 15 Iss 35	German
sim_naturwissenschaften_1927-09-08_15_36	1927-09-08	day	1927	15	Die Naturwissenschaften 1927-09-08: Vol 15 Iss 36	German
sim_naturwissenschaften_1927-09-15_15_37	1927-09-15	day	1927	15	Die Naturwissenschaften 1927-09-15: Vol 15 Iss 37	German
sim_naturwissenschaften_1927-09-22_15_38	1927-09-22	day	1927	15	Die Naturwissenschaften 1927-09-22: Vol 15 Iss 38	German
sim_naturwissenschaften_1927-09-29_15_39	1927-09-29	day	1927	15	Die Naturwissenschaften 1927-09-29: Vol 15 Iss 39	German
sim_naturwissenschaften_1927-10-06_15_40	1927-10-06	day	1927	15	Die Naturwissenschaften 1927-10-06: Vol 15 Iss 40	German
sim_naturwissenschaften_1927-10-13_15_41	1927-10-13	day	1927	15	Die Naturwissenschaften 1927-10-13: Vol 15 Iss 41	German
sim_naturwissenschaften_1927-10-20_15_42	1927-10-20	day	1927	15	Die Naturwissenschaften 1927-10-20: Vol 15 Iss 42	German
sim_naturwissenschaften_1927-10-27_15_43	1927-10-27	day	1927	15	Die Naturwissenschaften 1927-10-27: Vol 15 Iss 43	German
sim_naturwissenschaften_1927-11-03_15_44	1927-11-03	day	1927	15	Die Naturwissenschaften 1927-11-03: Vol 15 Iss 44	German
sim_naturwissenschaften_1927-11-10_15_45	1927-11-10	day	1927	15	Die Naturwissenschaften 1927-11-10: Vol 15 Iss 45	German
sim_naturwissenschaften_1927-11-17_15_46	1927-11-17	day	1927	15	Die Naturwissenschaften 1927-11-17: Vol 15 Iss 46	German
sim_naturwissenschaften_1927-11-24_15_47	1927-11-24	day	1927	15	Die Naturwissenschaften 1927-11-24: Vol 15 Iss 47	German
sim_naturwissenschaften_1927-12-02_15_48-49	1927-12-02	day	1927	15	Die Naturwissenschaften 1927-12-02: Vol 15 Iss 48-49	German
sim_naturwissenschaften_1927-12-16_15_50	1927-12-16	day	1927	15	Die Naturwissenschaften 1927-12-16: Vol 15 Iss 50	German
sim_naturwissenschaften_1927-12-23_15_51	1927-12-23	day	1927	15	Die Naturwissenschaften 1927-12-23: Vol 15 Iss 51	German
sim_naturwissenschaften_1927_15_contents	1927-01-01	year	1927	15	Die Naturwissenschaften 1927: Vol 15 Table of Contents	German
sim_naturwissenschaften_1928-01-06_16_1	1928-01-06	day	1928	16	Die Naturwissenschaften 1928-01-06: Vol 16 Iss 1	German
sim_naturwissenschaften_1928-01-13_16_2	1928-01-13	day	1928	16	Die Naturwissenschaften 1928-01-13: Vol 16 Iss 2	German
sim_naturwissenschaften_1928-01-20_16_3	1928-01-20	day	1928	16	Die Naturwissenschaften 1928-01-20: Vol 16 Iss 3	German
sim_naturwissenschaften_1928-01-27_16_4	1928-01-27	day	1928	16	Die Naturwissenschaften 1928-01-27: Vol 16 Iss 4	German
sim_naturwissenschaften_1928-02-03_16_5	1928-02-03	day	1928	16	Die Naturwissenschaften 1928-02-03: Vol 16 Iss 5	German
sim_naturwissenschaften_1928-02-10_16_6	1928-02-10	day	1928	16	Die Naturwissenschaften 1928-02-10: Vol 16 Iss 6	German
sim_naturwissenschaften_1928-02-17_16_7	1928-02-17	day	1928	16	Die Naturwissenschaften 1928-02-17: Vol 16 Iss 7	German
sim_naturwissenschaften_1928-02-24_16_8	1928-02-24	day	1928	16	Die Naturwissenschaften 1928-02-24: Vol 16 Iss 8	German
sim_naturwissenschaften_1928-03-02_16_9	1928-03-02	day	1928	16	Die Naturwissenschaften 1928-03-02: Vol 16 Iss 9	German
sim_naturwissenschaften_1928-03-09_16_10	1928-03-09	day	1928	16	Die Naturwissenschaften 1928-03-09: Vol 16 Iss 10	German
sim_naturwissenschaften_1928-03-16_16_11	1928-03-16	day	1928	16	Die Naturwissenschaften 1928-03-16: Vol 16 Iss 11	German
sim_naturwissenschaften_1928-03-23_16_12	1928-03-23	day	1928	16	Die Naturwissenschaften 1928-03-23: Vol 16 Iss 12	German
sim_naturwissenschaften_1928-03-30_16_13	1928-03-30	day	1928	16	Die Naturwissenschaften 1928-03-30: Vol 16 Iss 13	German
sim_naturwissenschaften_1928-04-06_16_14	1928-04-06	day	1928	16	Die Naturwissenschaften 1928-04-06: Vol 16 Iss 14	German
sim_naturwissenschaften_1928-04-13_16_15	1928-04-13	day	1928	16	Die Naturwissenschaften 1928-04-13: Vol 16 Iss 15	German
sim_naturwissenschaften_1928-04-20_16_16	1928-04-20	day	1928	16	Die Naturwissenschaften 1928-04-20: Vol 16 Iss 16	German
sim_naturwissenschaften_1928-04-27_16_17	1928-04-27	day	1928	16	Die Naturwissenschaften 1928-04-27: Vol 16 Iss 17	German
sim_naturwissenschaften_1928-05-04_16_18	1928-05-04	day	1928	16	Die Naturwissenschaften 1928-05-04: Vol 16 Iss 18	German
sim_naturwissenschaften_1928-05-11_16_19	1928-05-11	day	1928	16	Die Naturwissenschaften 1928-05-11: Vol 16 Iss 19	German
sim_naturwissenschaften_1928-05-18_16_20	1928-05-18	day	1928	16	Die Naturwissenschaften 1928-05-18: Vol 16 Iss 20	German
sim_naturwissenschaften_1928-05-25_16_21	1928-05-25	day	1928	16	Die Naturwissenschaften 1928-05-25: Vol 16 Iss 21	German
sim_naturwissenschaften_1928-06-01_16_22	1928-06-01	day	1928	16	Die Naturwissenschaften 1928-06-01: Vol 16 Iss 22	German
sim_naturwissenschaften_1928-06-08_16_23	1928-06-08	day	1928	16	Die Naturwissenschaften 1928-06-08: Vol 16 Iss 23	German
sim_naturwissenschaften_1928-06-15_16_24	1928-06-15	day	1928	16	Die Naturwissenschaften 1928-06-15: Vol 16 Iss 24	German
sim_naturwissenschaften_1928-06-22_16_25	1928-06-22	day	1928	16	Die Naturwissenschaften 1928-06-22: Vol 16 Iss 25	German
sim_naturwissenschaften_1928-06-29_16_26	1928-06-29	day	1928	16	Die Naturwissenschaften 1928-06-29: Vol 16 Iss 26	German
sim_naturwissenschaften_1928-07-06_16_27	1928-07-06	day	1928	16	Die Naturwissenschaften 1928-07-06: Vol 16 Iss 27	German
sim_naturwissenschaften_1928-07-13_16_28	1928-07-13	day	1928	16	Die Naturwissenschaften 1928-07-13: Vol 16 Iss 28	German
sim_naturwissenschaften_1928-07-20_16_29	1928-07-20	day	1928	16	Die Naturwissenschaften 1928-07-20: Vol 16 Iss 29	German
sim_naturwissenschaften_1928-07-27_16_30	1928-07-27	day	1928	16	Die Naturwissenschaften 1928-07-27: Vol 16 Iss 30	German
sim_naturwissenschaften_1928-08-03_16_31	1928-08-03	day	1928	16	Die Naturwissenschaften 1928-08-03: Vol 16 Iss 31	German
sim_naturwissenschaften_1928-08-10_16_32	1928-08-10	day	1928	16	Die Naturwissenschaften 1928-08-10: Vol 16 Iss 32	German
sim_naturwissenschaften_1928-08-17_16_33	1928-08-17	day	1928	16	Die Naturwissenschaften 1928-08-17: Vol 16 Iss 33	German
sim_naturwissenschaften_1928-08-24_16_34	1928-08-24	day	1928	16	Die Naturwissenschaften 1928-08-24: Vol 16 Iss 34	German
sim_naturwissenschaften_1928-08-31_16_35	1928-08-31	day	1928	16	Die Naturwissenschaften 1928-08-31: Vol 16 Iss 35	German
sim_naturwissenschaften_1928-09-07_16_36	1928-09-07	day	1928	16	Die Naturwissenschaften 1928-09-07: Vol 16 Iss 36	German
sim_naturwissenschaften_1928-09-14_16_37-38	1928-09-14	day	1928	16	Die Naturwissenschaften 1928-09-14: Vol 16 Iss 37-38	German
sim_naturwissenschaften_1928-09-28_16_39	1928-09-28	day	1928	16	Die Naturwissenschaften 1928-09-28: Vol 16 Iss 39	German
sim_naturwissenschaften_1928-10-05_16_40	1928-10-05	day	1928	16	Die Naturwissenschaften 1928-10-05: Vol 16 Iss 40	German
sim_naturwissenschaften_1928-10-12_16_41	1928-10-12	day	1928	16	Die Naturwissenschaften 1928-10-12: Vol 16 Iss 41	German
sim_naturwissenschaften_1928-10-19_16_42	1928-10-19	day	1928	16	Die Naturwissenschaften 1928-10-19: Vol 16 Iss 42	German
sim_naturwissenschaften_1928-10-26_16_43	1928-10-26	day	1928	16	Die Naturwissenschaften 1928-10-26: Vol 16 Iss 43	German
sim_naturwissenschaften_1928-11-02_16_44	1928-11-02	day	1928	16	Die Naturwissenschaften 1928-11-02: Vol 16 Iss 44	German
sim_naturwissenschaften_1928-11-09_16_45-47	1928-11-09	day	1928	16	Die Naturwissenschaften 1928-11-09: Vol 16 Iss 45-47	German
sim_naturwissenschaften_1928-11-30_16_48	1928-11-30	day	1928	16	Die Naturwissenschaften 1928-11-30: Vol 16 Iss 48	German
sim_naturwissenschaften_1928-12-07_16_49	1928-12-07	day	1928	16	Die Naturwissenschaften 1928-12-07: Vol 16 Iss 49	German
sim_naturwissenschaften_1928-12-14_16_50	1928-12-14	day	1928	16	Die Naturwissenschaften 1928-12-14: Vol 16 Iss 50	German
sim_naturwissenschaften_1928-12-21_16_51	1928-12-21	day	1928	16	Die Naturwissenschaften 1928-12-21: Vol 16 Iss 51	German
sim_naturwissenschaften_1928_16_contents	1928-01-01	year	1928	16	Die Naturwissenschaften 1928: Vol 16 Table of Contents	German
sim_naturwissenschaften_1929-01-04_17_1	1929-01-04	day	1929	17	Die Naturwissenschaften 1929-01-04: Vol 17 Iss 1	German
sim_naturwissenschaften_1929-01-11_17_2	1929-01-11	day	1929	17	Die Naturwissenschaften 1929-01-11: Vol 17 Iss 2	German
sim_naturwissenschaften_1929-01-18_17_3	1929-01-18	day	1929	17	Die Naturwissenschaften 1929-01-18: Vol 17 Iss 3	German
sim_naturwissenschaften_1929-01-25_17_4	1929-01-25	day	1929	17	Die Naturwissenschaften 1929-01-25: Vol 17 Iss 4	German
sim_naturwissenschaften_1929-02-01_17_5	1929-02-01	day	1929	17	Die Naturwissenschaften 1929-02-01: Vol 17 Iss 5	German
sim_naturwissenschaften_1929-02-08_17_6	1929-02-08	day	1929	17	Die Naturwissenschaften 1929-02-08: Vol 17 Iss 6	German
sim_naturwissenschaften_1929-02-15_17_7	1929-02-15	day	1929	17	Die Naturwissenschaften 1929-02-15: Vol 17 Iss 7	German
sim_naturwissenschaften_1929-02-22_17_8	1929-02-22	day	1929	17	Die Naturwissenschaften 1929-02-22: Vol 17 Iss 8	German
sim_naturwissenschaften_1929-03-01_17_9	1929-03-01	day	1929	17	Die Naturwissenschaften 1929-03-01: Vol 17 Iss 9	German
sim_naturwissenschaften_1929-03-08_17_10	1929-03-08	day	1929	17	Die Naturwissenschaften 1929-03-08: Vol 17 Iss 10	German
sim_naturwissenschaften_1929-03-15_17_11	1929-03-15	day	1929	17	Die Naturwissenschaften 1929-03-15: Vol 17 Iss 11	German
sim_naturwissenschaften_1929-03-22_17_12	1929-03-22	day	1929	17	Die Naturwissenschaften 1929-03-22: Vol 17 Iss 12	German
sim_naturwissenschaften_1929-03-29_17_13	1929-03-29	day	1929	17	Die Naturwissenschaften 1929-03-29: Vol 17 Iss 13	German
sim_naturwissenschaften_1929-04-05_17_14	1929-04-05	day	1929	17	Die Naturwissenschaften 1929-04-05: Vol 17 Iss 14	German
sim_naturwissenschaften_1929-04-12_17_15	1929-04-12	day	1929	17	Die Naturwissenschaften 1929-04-12: Vol 17 Iss 15	German
sim_naturwissenschaften_1929-04-19_17_16	1929-04-19	day	1929	17	Die Naturwissenschaften 1929-04-19: Vol 17 Iss 16	German
sim_naturwissenschaften_1929-04-26_17_17	1929-04-26	day	1929	17	Die Naturwissenschaften 1929-04-26: Vol 17 Iss 17	German
sim_naturwissenschaften_1929-05-03_17_18-19	1929-05-03	day	1929	17	Die Naturwissenschaften 1929-05-03: Vol 17 Iss 18-19	German
sim_naturwissenschaften_1929-05-17_17_20	1929-05-17	day	1929	17	Die Naturwissenschaften 1929-05-17: Vol 17 Iss 20	German
sim_naturwissenschaften_1929-05-24_17_21	1929-05-24	day	1929	17	Die Naturwissenschaften 1929-05-24: Vol 17 Iss 21	German
sim_naturwissenschaften_1929-05-31_17_22	1929-05-31	day	1929	17	Die Naturwissenschaften 1929-05-31: Vol 17 Iss 22	German
sim_naturwissenschaften_1929-06-07_17_23	1929-06-07	day	1929	17	Die Naturwissenschaften 1929-06-07: Vol 17 Iss 23	German
sim_naturwissenschaften_1929-06-14_17_24	1929-06-14	day	1929	17	Die Naturwissenschaften 1929-06-14: Vol 17 Iss 24	German
sim_naturwissenschaften_1929-06-21_17_25	1929-06-21	day	1929	17	Die Naturwissenschaften 1929-06-21: Vol 17 Iss 25	German
sim_naturwissenschaften_1929-06-28_17_26	1929-06-28	day	1929	17	Die Naturwissenschaften 1929-06-28: Vol 17 Iss 26	German
sim_naturwissenschaften_1929-07-05_17_27	1929-07-05	day	1929	17	Die Naturwissenschaften 1929-07-05: Vol 17 Iss 27	German
sim_naturwissenschaften_1929-07-12_17_28	1929-07-12	day	1929	17	Die Naturwissenschaften 1929-07-12: Vol 17 Iss 28	German
sim_naturwissenschaften_1929-07-19_17_29	1929-07-19	day	1929	17	Die Naturwissenschaften 1929-07-19: Vol 17 Iss 29	German
sim_naturwissenschaften_1929-07-26_17_30	1929-07-26	day	1929	17	Die Naturwissenschaften 1929-07-26: Vol 17 Iss 30	German
sim_naturwissenschaften_1929-08-02_17_31	1929-08-02	day	1929	17	Die Naturwissenschaften 1929-08-02: Vol 17 Iss 31	German
sim_naturwissenschaften_1929-08-09_17_32	1929-08-09	day	1929	17	Die Naturwissenschaften 1929-08-09: Vol 17 Iss 32	German
sim_naturwissenschaften_1929-08-16_17_33	1929-08-16	day	1929	17	Die Naturwissenschaften 1929-08-16: Vol 17 Iss 33	German
sim_naturwissenschaften_1929-08-23_17_34	1929-08-23	day	1929	17	Die Naturwissenschaften 1929-08-23: Vol 17 Iss 34	German
sim_naturwissenschaften_1929-08-30_17_35	1929-08-30	day	1929	17	Die Naturwissenschaften 1929-08-30: Vol 17 Iss 35	German
sim_naturwissenschaften_1929-09-06_17_36	1929-09-06	day	1929	17	Die Naturwissenschaften 1929-09-06: Vol 17 Iss 36	German
sim_naturwissenschaften_1929-09-13_17_37	1929-09-13	day	1929	17	Die Naturwissenschaften 1929-09-13: Vol 17 Iss 37	German
sim_naturwissenschaften_1929-09-20_17_38	1929-09-20	day	1929	17	Die Naturwissenschaften 1929-09-20: Vol 17 Iss 38	German
sim_naturwissenschaften_1929-09-27_17_39	1929-09-27	day	1929	17	Die Naturwissenschaften 1929-09-27: Vol 17 Iss 39	German
sim_naturwissenschaften_1929-10-04_17_40	1929-10-04	day	1929	17	Die Naturwissenschaften 1929-10-04: Vol 17 Iss 40	German
sim_naturwissenschaften_1929-10-11_17_41	1929-10-11	day	1929	17	Die Naturwissenschaften 1929-10-11: Vol 17 Iss 41	German
sim_naturwissenschaften_1929-10-18_17_42	1929-10-18	day	1929	17	Die Naturwissenschaften 1929-10-18: Vol 17 Iss 42	German
sim_naturwissenschaften_1929-10-25_17_43	1929-10-25	day	1929	17	Die Naturwissenschaften 1929-10-25: Vol 17 Iss 43	German
sim_naturwissenschaften_1929-11-01_17_44	1929-11-01	day	1929	17	Die Naturwissenschaften 1929-11-01: Vol 17 Iss 44	German
sim_naturwissenschaften_1929-11-08_17_45	1929-11-08	day	1929	17	Die Naturwissenschaften 1929-11-08: Vol 17 Iss 45	German
sim_naturwissenschaften_1929-11-15_17_46	1929-11-15	day	1929	17	Die Naturwissenschaften 1929-11-15: Vol 17 Iss 46	German
sim_naturwissenschaften_1929-11-22_17_47	1929-11-22	day	1929	17	Die Naturwissenschaften 1929-11-22: Vol 17 Iss 47	German
sim_naturwissenschaften_1929-11-29_17_48	1929-11-29	day	1929	17	Die Naturwissenschaften 1929-11-29: Vol 17 Iss 48	German
sim_naturwissenschaften_1929-12-06_17_49	1929-12-06	day	1929	17	Die Naturwissenschaften 1929-12-06: Vol 17 Iss 49	German
sim_naturwissenschaften_1929-12-13_17_50	1929-12-13	day	1929	17	Die Naturwissenschaften 1929-12-13: Vol 17 Iss 50	German
sim_naturwissenschaften_1929-12-20_17_51	1929-12-20	day	1929	17	Die Naturwissenschaften 1929-12-20: Vol 17 Iss 51	German
sim_naturwissenschaften_1929_17_contents	1929-01-01	year	1929	17	Die Naturwissenschaften 1929: Vol 17 Table of Contents	German
sim_naturwissenschaften_1930-01-03_18_1	1930-01-03	day	1930	18	Die Naturwissenschaften 1930-01-03: Vol 18 Iss 1	German
sim_naturwissenschaften_1930-01-10_18_2	1930-01-10	day	1930	18	Die Naturwissenschaften 1930-01-10: Vol 18 Iss 2	German
sim_naturwissenschaften_1930-01-17_18_3	1930-01-17	day	1930	18	Die Naturwissenschaften 1930-01-17: Vol 18 Iss 3	German
sim_naturwissenschaften_1930-01-24_18_4	1930-01-24	day	1930	18	Die Naturwissenschaften 1930-01-24: Vol 18 Iss 4	German
sim_naturwissenschaften_1930-01-31_18_5	1930-01-31	day	1930	18	Die Naturwissenschaften 1930-01-31: Vol 18 Iss 5	German
sim_naturwissenschaften_1930-02-07_18_6	1930-02-07	day	1930	18	Die Naturwissenschaften 1930-02-07: Vol 18 Iss 6	German
sim_naturwissenschaften_1930-02-14_18_7	1930-02-14	day	1930	18	Die Naturwissenschaften 1930-02-14: Vol 18 Iss 7	German
sim_naturwissenschaften_1930-02-21_18_8	1930-02-21	day	1930	18	Die Naturwissenschaften 1930-02-21: Vol 18 Iss 8	German
sim_naturwissenschaften_1930-02-28_18_9	1930-02-28	day	1930	18	Die Naturwissenschaften 1930-02-28: Vol 18 Iss 9	German
sim_naturwissenschaften_1930-03-07_18_10	1930-03-07	day	1930	18	Die Naturwissenschaften 1930-03-07: Vol 18 Iss 10	German
sim_naturwissenschaften_1930-03-14_18_11	1930-03-14	day	1930	18	Die Naturwissenschaften 1930-03-14: Vol 18 Iss 11	German
sim_naturwissenschaften_1930-03-21_18_12	1930-03-21	day	1930	18	Die Naturwissenschaften 1930-03-21: Vol 18 Iss 12	German
sim_naturwissenschaften_1930-03-28_18_13	1930-03-28	day	1930	18	Die Naturwissenschaften 1930-03-28: Vol 18 Iss 13	German
sim_naturwissenschaften_1930-04-04_18_14	1930-04-04	day	1930	18	Die Naturwissenschaften 1930-04-04: Vol 18 Iss 14	German
sim_naturwissenschaften_1930-04-11_18_15	1930-04-11	day	1930	18	Die Naturwissenschaften 1930-04-11: Vol 18 Iss 15	German
sim_naturwissenschaften_1930-04-18_18_16	1930-04-18	day	1930	18	Die Naturwissenschaften 1930-04-18: Vol 18 Iss 16	German
sim_naturwissenschaften_1930-04-25_18_17	1930-04-25	day	1930	18	Die Naturwissenschaften 1930-04-25: Vol 18 Iss 17	German
sim_naturwissenschaften_1930-05-02_18_18	1930-05-02	day	1930	18	Die Naturwissenschaften 1930-05-02: Vol 18 Iss 18	German
sim_naturwissenschaften_1930-05-09_18_19	1930-05-09	day	1930	18	Die Naturwissenschaften 1930-05-09: Vol 18 Iss 19	German
sim_naturwissenschaften_1930-05-16_18_20-21	1930-05-16	day	1930	18	Die Naturwissenschaften 1930-05-16: Vol 18 Iss 20-21	German
sim_naturwissenschaften_1930-05-30_18_22	1930-05-30	day	1930	18	Die Naturwissenschaften 1930-05-30: Vol 18 Iss 22	German
sim_naturwissenschaften_1930-06-06_18_23	1930-06-06	day	1930	18	Die Naturwissenschaften 1930-06-06: Vol 18 Iss 23	German
sim_naturwissenschaften_1930-06-13_18_24	1930-06-13	day	1930	18	Die Naturwissenschaften 1930-06-13: Vol 18 Iss 24	German
sim_naturwissenschaften_1930-06-20_18_25	1930-06-20	day	1930	18	Die Naturwissenschaften 1930-06-20: Vol 18 Iss 25	German
sim_naturwissenschaften_1930-06-27_18_26	1930-06-27	day	1930	18	Die Naturwissenschaften 1930-06-27: Vol 18 Iss 26	German
sim_naturwissenschaften_1930-07-04_18_27	1930-07-04	day	1930	18	Die Naturwissenschaften 1930-07-04: Vol 18 Iss 27	German
sim_naturwissenschaften_1930-07-11_18_28	1930-07-11	day	1930	18	Die Naturwissenschaften 1930-07-11: Vol 18 Iss 28	German
sim_naturwissenschaften_1930-07-18_18_29	1930-07-18	day	1930	18	Die Naturwissenschaften 1930-07-18: Vol 18 Iss 29	German
sim_naturwissenschaften_1930-07-25_18_30	1930-07-25	day	1930	18	Die Naturwissenschaften 1930-07-25: Vol 18 Iss 30	German
sim_naturwissenschaften_1930-08-01_18_31	1930-08-01	day	1930	18	Die Naturwissenschaften 1930-08-01: Vol 18 Iss 31	German
sim_naturwissenschaften_1930-08-08_18_32	1930-08-08	day	1930	18	Die Naturwissenschaften 1930-08-08: Vol 18 Iss 32	German
sim_naturwissenschaften_1930-08-15_18_33	1930-08-15	day	1930	18	Die Naturwissenschaften 1930-08-15: Vol 18 Iss 33	German
sim_naturwissenschaften_1930-08-22_18_34	1930-08-22	day	1930	18	Die Naturwissenschaften 1930-08-22: Vol 18 Iss 34	German
sim_naturwissenschaften_1930-08-29_18_35	1930-08-29	day	1930	18	Die Naturwissenschaften 1930-08-29: Vol 18 Iss 35	German
sim_naturwissenschaften_1930-09-05_18_36	1930-09-05	day	1930	18	Die Naturwissenschaften 1930-09-05: Vol 18 Iss 36	German
sim_naturwissenschaften_1930-09-12_18_37	1930-09-12	day	1930	18	Die Naturwissenschaften 1930-09-12: Vol 18 Iss 37	German
sim_naturwissenschaften_1930-09-19_18_38	1930-09-19	day	1930	18	Die Naturwissenschaften 1930-09-19: Vol 18 Iss 38	German
sim_naturwissenschaften_1930-09-26_18_39	1930-09-26	day	1930	18	Die Naturwissenschaften 1930-09-26: Vol 18 Iss 39	German
sim_naturwissenschaften_1930-10-03_18_40	1930-10-03	day	1930	18	Die Naturwissenschaften 1930-10-03: Vol 18 Iss 40	German
sim_naturwissenschaften_1930-10-10_18_41	1930-10-10	day	1930	18	Die Naturwissenschaften 1930-10-10: Vol 18 Iss 41	German
sim_naturwissenschaften_1930-10-17_18_42	1930-10-17	day	1930	18	Die Naturwissenschaften 1930-10-17: Vol 18 Iss 42	German
sim_naturwissenschaften_1930-10-24_18_43	1930-10-24	day	1930	18	Die Naturwissenschaften 1930-10-24: Vol 18 Iss 43	German
sim_naturwissenschaften_1930-10-31_18_44	1930-10-31	day	1930	18	Die Naturwissenschaften 1930-10-31: Vol 18 Iss 44	German
sim_naturwissenschaften_1930-11-07_18_45	1930-11-07	day	1930	18	Die Naturwissenschaften 1930-11-07: Vol 18 Iss 45	German
sim_naturwissenschaften_1930-11-14_18_46	1930-11-14	day	1930	18	Die Naturwissenschaften 1930-11-14: Vol 18 Iss 46	German
sim_naturwissenschaften_1930-11-28_18_47-49	1930-11-28	day	1930	18	Die Naturwissenschaften 1930-11-28: Vol 18 Iss 47-49	German
sim_naturwissenschaften_1930-12-12_18_50	1930-12-12	day	1930	18	Die Naturwissenschaften 1930-12-12: Vol 18 Iss 50	German
sim_naturwissenschaften_1930-12-19_18_51	1930-12-19	day	1930	18	Die Naturwissenschaften 1930-12-19: Vol 18 Iss 51	German
sim_naturwissenschaften_1930-12-26_18_52	1930-12-26	day	1930	18	Die Naturwissenschaften 1930-12-26: Vol 18 Iss 52	German
sim_naturwissenschaften_1930_18_contents	1930-01-01	year	1930	18	Die Naturwissenschaften 1930: Vol 18 Table of Contents	German
sim_naturwissenschaften_1931-01-02_19_1	1931-01-02	day	1931	19	Die Naturwissenschaften 1931-01-02: Vol 19 Iss 1	German
sim_naturwissenschaften_1931-01-09_19_2	1931-01-09	day	1931	19	Die Naturwissenschaften 1931-01-09: Vol 19 Iss 2	German
sim_naturwissenschaften_1931-01-16_19_3	1931-01-16	day	1931	19	Die Naturwissenschaften 1931-01-16: Vol 19 Iss 3	German
sim_naturwissenschaften_1931-01-23_19_4	1931-01-23	day	1931	19	Die Naturwissenschaften 1931-01-23: Vol 19 Iss 4	German
sim_naturwissenschaften_1931-01-30_19_5	1931-01-30	day	1931	19	Die Naturwissenschaften 1931-01-30: Vol 19 Iss 5	German
sim_naturwissenschaften_1931-02-06_19_6	1931-02-06	day	1931	19	Die Naturwissenschaften 1931-02-06: Vol 19 Iss 6	German
sim_naturwissenschaften_1931-02-13_19_7	1931-02-13	day	1931	19	Die Naturwissenschaften 1931-02-13: Vol 19 Iss 7	German
sim_naturwissenschaften_1931-02-20_19_8	1931-02-20	day	1931	19	Die Naturwissenschaften 1931-02-20: Vol 19 Iss 8	German
sim_naturwissenschaften_1931-02-27_19_9	1931-02-27	day	1931	19	Die Naturwissenschaften 1931-02-27: Vol 19 Iss 9	German
sim_naturwissenschaften_1931-03-06_19_10	1931-03-06	day	1931	19	Die Naturwissenschaften 1931-03-06: Vol 19 Iss 10	German
sim_naturwissenschaften_1931-03-13_19_11	1931-03-13	day	1931	19	Die Naturwissenschaften 1931-03-13: Vol 19 Iss 11	German
sim_naturwissenschaften_1931-03-20_19_12	1931-03-20	day	1931	19	Die Naturwissenschaften 1931-03-20: Vol 19 Iss 12	German
sim_naturwissenschaften_1931-03-27_19_13	1931-03-27	day	1931	19	Die Naturwissenschaften 1931-03-27: Vol 19 Iss 13	German
sim_naturwissenschaften_1931-04-03_19_14	1931-04-03	day	1931	19	Die Naturwissenschaften 1931-04-03: Vol 19 Iss 14	German
sim_naturwissenschaften_1931-04-10_19_15	1931-04-10	day	1931	19	Die Naturwissenschaften 1931-04-10: Vol 19 Iss 15	German
sim_naturwissenschaften_1931-04-17_19_16	1931-04-17	day	1931	19	Die Naturwissenschaften 1931-04-17: Vol 19 Iss 16	German
sim_naturwissenschaften_1931-04-24_19_17	1931-04-24	day	1931	19	Die Naturwissenschaften 1931-04-24: Vol 19 Iss 17	German
sim_naturwissenschaften_1931-05-01_19_18	1931-05-01	day	1931	19	Die Naturwissenschaften 1931-05-01: Vol 19 Iss 18	German
sim_naturwissenschaften_1931-05-08_19_19	1931-05-08	day	1931	19	Die Naturwissenschaften 1931-05-08: Vol 19 Iss 19	German
sim_naturwissenschaften_1931-05-15_19_20	1931-05-15	day	1931	19	Die Naturwissenschaften 1931-05-15: Vol 19 Iss 20	German
sim_naturwissenschaften_1931-05-22_19_21	1931-05-22	day	1931	19	Die Naturwissenschaften 1931-05-22: Vol 19 Iss 21	German
sim_naturwissenschaften_1931-05-29_19_22	1931-05-29	day	1931	19	Die Naturwissenschaften 1931-05-29: Vol 19 Iss 22	German
sim_naturwissenschaften_1931-06-05_19_23-25	1931-06-05	day	1931	19	Die Naturwissenschaften 1931-06-05: Vol 19 Iss 23-25	German
sim_naturwissenschaften_1931-06-26_19_26	1931-06-26	day	1931	19	Die Naturwissenschaften 1931-06-26: Vol 19 Iss 26	German
sim_naturwissenschaften_1931-07-03_19_27	1931-07-03	day	1931	19	Die Naturwissenschaften 1931-07-03: Vol 19 Iss 27	German
sim_naturwissenschaften_1931-07-10_19_28	1931-07-10	day	1931	19	Die Naturwissenschaften 1931-07-10: Vol 19 Iss 28	German
sim_naturwissenschaften_1931-07-17_19_29	1931-07-17	day	1931	19	Die Naturwissenschaften 1931-07-17: Vol 19 Iss 29	German
sim_naturwissenschaften_1931-07-24_19_30	1931-07-24	day	1931	19	Die Naturwissenschaften 1931-07-24: Vol 19 Iss 30	German
sim_naturwissenschaften_1931-07-31_19_31	1931-07-31	day	1931	19	Die Naturwissenschaften 1931-07-31: Vol 19 Iss 31	German
sim_naturwissenschaften_1931-08-07_19_32	1931-08-07	day	1931	19	Die Naturwissenschaften 1931-08-07: Vol 19 Iss 32	German
sim_naturwissenschaften_1931-08-14_19_33	1931-08-14	day	1931	19	Die Naturwissenschaften 1931-08-14: Vol 19 Iss 33	German
sim_naturwissenschaften_1931-08-21_19_34	1931-08-21	day	1931	19	Die Naturwissenschaften 1931-08-21: Vol 19 Iss 34	German
sim_naturwissenschaften_1931-08-28_19_35	1931-08-28	day	1931	19	Die Naturwissenschaften 1931-08-28: Vol 19 Iss 35	German
sim_naturwissenschaften_1931-09-04_19_36	1931-09-04	day	1931	19	Die Naturwissenschaften 1931-09-04: Vol 19 Iss 36	German
sim_naturwissenschaften_1931-09-11_19_37	1931-09-11	day	1931	19	Die Naturwissenschaften 1931-09-11: Vol 19 Iss 37	German
sim_naturwissenschaften_1931-09-18_19_38	1931-09-18	day	1931	19	Die Naturwissenschaften 1931-09-18: Vol 19 Iss 38	German
sim_naturwissenschaften_1931-09-25_19_39	1931-09-25	day	1931	19	Die Naturwissenschaften 1931-09-25: Vol 19 Iss 39	German
sim_naturwissenschaften_1931-10-02_19_40	1931-10-02	day	1931	19	Die Naturwissenschaften 1931-10-02: Vol 19 Iss 40	German
sim_naturwissenschaften_1931-10-09_19_41	1931-10-09	day	1931	19	Die Naturwissenschaften 1931-10-09: Vol 19 Iss 41	German
sim_naturwissenschaften_1931-10-16_19_42	1931-10-16	day	1931	19	Die Naturwissenschaften 1931-10-16: Vol 19 Iss 42	German
sim_naturwissenschaften_1931-10-23_19_43	1931-10-23	day	1931	19	Die Naturwissenschaften 1931-10-23: Vol 19 Iss 43	German
sim_naturwissenschaften_1931-10-30_19_44	1931-10-30	day	1931	19	Die Naturwissenschaften 1931-10-30: Vol 19 Iss 44	German
sim_naturwissenschaften_1931-11-06_19_45	1931-11-06	day	1931	19	Die Naturwissenschaften 1931-11-06: Vol 19 Iss 45	German
sim_naturwissenschaften_1931-11-13_19_46	1931-11-13	day	1931	19	Die Naturwissenschaften 1931-11-13: Vol 19 Iss 46	German
sim_naturwissenschaften_1931-11-20_19_47	1931-11-20	day	1931	19	Die Naturwissenschaften 1931-11-20: Vol 19 Iss 47	German
sim_naturwissenschaften_1931-11-27_19_48	1931-11-27	day	1931	19	Die Naturwissenschaften 1931-11-27: Vol 19 Iss 48	German
sim_naturwissenschaften_1931-12-04_19_49	1931-12-04	day	1931	19	Die Naturwissenschaften 1931-12-04: Vol 19 Iss 49	German
sim_naturwissenschaften_1931-12-11_19_50	1931-12-11	day	1931	19	Die Naturwissenschaften 1931-12-11: Vol 19 Iss 50	German
sim_naturwissenschaften_1931-12-18_19_51	1931-12-18	day	1931	19	Die Naturwissenschaften 1931-12-18: Vol 19 Iss 51	German
sim_naturwissenschaften_1931-12-25_19_52	1931-12-25	day	1931	19	Die Naturwissenschaften 1931-12-25: Vol 19 Iss 52	German
sim_naturwissenschaften_1931_19_contents	1931-01-01	year	1931	19	Die Naturwissenschaften 1931: Vol 19 Table of Contents	German
sim_naturwissenschaften_1932-01-01_20_1	1932-01-01	day	1932	20	Die Naturwissenschaften 1932-01-01: Vol 20 Iss 1	German
sim_naturwissenschaften_1932-01-08_20_2	1932-01-08	day	1932	20	Die Naturwissenschaften 1932-01-08: Vol 20 Iss 2	German
sim_naturwissenschaften_1932-01-15_20_3	1932-01-15	day	1932	20	Die Naturwissenschaften 1932-01-15: Vol 20 Iss 3	German
sim_naturwissenschaften_1932-01-22_20_4	1932-01-22	day	1932	20	Die Naturwissenschaften 1932-01-22: Vol 20 Iss 4	German
sim_naturwissenschaften_1932-01-29_20_5	1932-01-29	day	1932	20	Die Naturwissenschaften 1932-01-29: Vol 20 Iss 5	German
sim_naturwissenschaften_1932-02-05_20_6	1932-02-05	day	1932	20	Die Naturwissenschaften 1932-02-05: Vol 20 Iss 6	German
sim_naturwissenschaften_1932-02-12_20_7	1932-02-12	day	1932	20	Die Naturwissenschaften 1932-02-12: Vol 20 Iss 7	German
sim_naturwissenschaften_1932-02-19_20_8	1932-02-19	day	1932	20	Die Naturwissenschaften 1932-02-19: Vol 20 Iss 8	German
sim_naturwissenschaften_1932-02-26_20_9	1932-02-26	day	1932	20	Die Naturwissenschaften 1932-02-26: Vol 20 Iss 9	German
sim_naturwissenschaften_1932-03-04_20_10	1932-03-04	day	1932	20	Die Naturwissenschaften 1932-03-04: Vol 20 Iss 10	German
sim_naturwissenschaften_1932-03-11_20_11	1932-03-11	day	1932	20	Die Naturwissenschaften 1932-03-11: Vol 20 Iss 11	German
sim_naturwissenschaften_1932-03-18_20_12	1932-03-18	day	1932	20	Die Naturwissenschaften 1932-03-18: Vol 20 Iss 12	German
sim_naturwissenschaften_1932-03-25_20_13	1932-03-25	day	1932	20	Die Naturwissenschaften 1932-03-25: Vol 20 Iss 13	German
sim_naturwissenschaften_1932-04-01_20_14	1932-04-01	day	1932	20	Die Naturwissenschaften 1932-04-01: Vol 20 Iss 14	German
sim_naturwissenschaften_1932-04-08_20_15	1932-04-08	day	1932	20	Die Naturwissenschaften 1932-04-08: Vol 20 Iss 15	German
sim_naturwissenschaften_1932-04-15_20_16	1932-04-15	day	1932	20	Die Naturwissenschaften 1932-04-15: Vol 20 Iss 16	German
sim_naturwissenschaften_1932-04-22_20_17	1932-04-22	day	1932	20	Die Naturwissenschaften 1932-04-22: Vol 20 Iss 17	German
sim_naturwissenschaften_1932-04-29_20_18	1932-04-29	day	1932	20	Die Naturwissenschaften 1932-04-29: Vol 20 Iss 18	German
sim_naturwissenschaften_1932-05-06_20_19	1932-05-06	day	1932	20	Die Naturwissenschaften 1932-05-06: Vol 20 Iss 19	German
sim_naturwissenschaften_1932-05-13_20_20	1932-05-13	day	1932	20	Die Naturwissenschaften 1932-05-13: Vol 20 Iss 20	German
sim_naturwissenschaften_1932-05-20_20_21	1932-05-20	day	1932	20	Die Naturwissenschaften 1932-05-20: Vol 20 Iss 21	German
sim_naturwissenschaften_1932-05-27_20_22-24	1932-05-27	day	1932	20	Die Naturwissenschaften 1932-05-27: Vol 20 Iss 22-24	German
sim_naturwissenschaften_1932-06-17_20_25	1932-06-17	day	1932	20	Die Naturwissenschaften 1932-06-17: Vol 20 Iss 25	German
sim_naturwissenschaften_1932-06-24_20_26	1932-06-24	day	1932	20	Die Naturwissenschaften 1932-06-24: Vol 20 Iss 26	German
sim_naturwissenschaften_1932-07-01_20_27	1932-07-01	day	1932	20	Die Naturwissenschaften 1932-07-01: Vol 20 Iss 27	German
sim_naturwissenschaften_1932-07-08_20_28	1932-07-08	day	1932	20	Die Naturwissenschaften 1932-07-08: Vol 20 Iss 28	German
sim_naturwissenschaften_1932-07-15_20_29	1932-07-15	day	1932	20	Die Naturwissenschaften 1932-07-15: Vol 20 Iss 29	German
sim_naturwissenschaften_1932-07-22_20_30	1932-07-22	day	1932	20	Die Naturwissenschaften 1932-07-22: Vol 20 Iss 30	German
sim_naturwissenschaften_1932-07-29_20_31	1932-07-29	day	1932	20	Die Naturwissenschaften 1932-07-29: Vol 20 Iss 31	German
sim_naturwissenschaften_1932-08-05_20_32	1932-08-05	day	1932	20	Die Naturwissenschaften 1932-08-05: Vol 20 Iss 32	German
sim_naturwissenschaften_1932-08-12_20_33	1932-08-12	day	1932	20	Die Naturwissenschaften 1932-08-12: Vol 20 Iss 33	German
sim_naturwissenschaften_1932-08-19_20_34	1932-08-19	day	1932	20	Die Naturwissenschaften 1932-08-19: Vol 20 Iss 34	German
sim_naturwissenschaften_1932-08-26_20_35	1932-08-26	day	1932	20	Die Naturwissenschaften 1932-08-26: Vol 20 Iss 35	German
sim_naturwissenschaften_1932-09-02_20_36	1932-09-02	day	1932	20	Die Naturwissenschaften 1932-09-02: Vol 20 Iss 36	German
sim_naturwissenschaften_1932-09-09_20_37	1932-09-09	day	1932	20	Die Naturwissenschaften 1932-09-09: Vol 20 Iss 37	German
sim_naturwissenschaften_1932-09-16_20_38	1932-09-16	day	1932	20	Die Naturwissenschaften 1932-09-16: Vol 20 Iss 38	German
sim_naturwissenschaften_1932-09-23_20_39	1932-09-23	day	1932	20	Die Naturwissenschaften 1932-09-23: Vol 20 Iss 39	German
sim_naturwissenschaften_1932-09-30_20_40	1932-09-30	day	1932	20	Die Naturwissenschaften 1932-09-30: Vol 20 Iss 40	German
sim_naturwissenschaften_1932-10-07_20_41	1932-10-07	day	1932	20	Die Naturwissenschaften 1932-10-07: Vol 20 Iss 41	German
sim_naturwissenschaften_1932-10-14_20_42	1932-10-14	day	1932	20	Die Naturwissenschaften 1932-10-14: Vol 20 Iss 42	German
sim_naturwissenschaften_1932-10-21_20_43	1932-10-21	day	1932	20	Die Naturwissenschaften 1932-10-21: Vol 20 Iss 43	German
sim_naturwissenschaften_1932-10-28_20_44	1932-10-28	day	1932	20	Die Naturwissenschaften 1932-10-28: Vol 20 Iss 44	German
sim_naturwissenschaften_1932-11-04_20_45	1932-11-04	day	1932	20	Die Naturwissenschaften 1932-11-04: Vol 20 Iss 45	German
sim_naturwissenschaften_1932-11-11_20_46	1932-11-11	day	1932	20	Die Naturwissenschaften 1932-11-11: Vol 20 Iss 46	German
sim_naturwissenschaften_1932-11-18_20_47	1932-11-18	day	1932	20	Die Naturwissenschaften 1932-11-18: Vol 20 Iss 47	German
sim_naturwissenschaften_1932-11-25_20_48	1932-11-25	day	1932	20	Die Naturwissenschaften 1932-11-25: Vol 20 Iss 48	German
sim_naturwissenschaften_1932-12-02_20_49	1932-12-02	day	1932	20	Die Naturwissenschaften 1932-12-02: Vol 20 Iss 49	German
sim_naturwissenschaften_1932-12-09_20_50	1932-12-09	day	1932	20	Die Naturwissenschaften 1932-12-09: Vol 20 Iss 50	German
sim_naturwissenschaften_1932_20_index-contents	1932-01-01	year	1932	20	Die Naturwissenschaften 1932: Vol 20 Index & Table of Contents	German
sim_naturwissenschaften_1933-01-06_21_1	1933-01-06	day	1933	21	Die Naturwissenschaften 1933-01-06: Vol 21 Iss 1	German
sim_naturwissenschaften_1933-01-13_21_2	1933-01-13	day	1933	21	Die Naturwissenschaften 1933-01-13: Vol 21 Iss 2	German
sim_naturwissenschaften_1933-01-20_21_3	1933-01-20	day	1933	21	Die Naturwissenschaften 1933-01-20: Vol 21 Iss 3	German
sim_naturwissenschaften_1933-01-27_21_4	1933-01-27	day	1933	21	Die Naturwissenschaften 1933-01-27: Vol 21 Iss 4	German
sim_naturwissenschaften_1933-02-10_21_5-7	1933-02-10	day	1933	21	Die Naturwissenschaften 1933-02-10: Vol 21 Iss 5-7	German
sim_naturwissenschaften_1933-02-24_21_8	1933-02-24	day	1933	21	Die Naturwissenschaften 1933-02-24: Vol 21 Iss 8	German
sim_naturwissenschaften_1933-03-03_21_9	1933-03-03	day	1933	21	Die Naturwissenschaften 1933-03-03: Vol 21 Iss 9	German
sim_naturwissenschaften_1933-03-10_21_10	1933-03-10	day	1933	21	Die Naturwissenschaften 1933-03-10: Vol 21 Iss 10	German
sim_naturwissenschaften_1933-03-17_21_11	1933-03-17	day	1933	21	Die Naturwissenschaften 1933-03-17: Vol 21 Iss 11	German
sim_naturwissenschaften_1933-03-24_21_12	1933-03-24	day	1933	21	Die Naturwissenschaften 1933-03-24: Vol 21 Iss 12	German
sim_naturwissenschaften_1933-03-31_21_13	1933-03-31	day	1933	21	Die Naturwissenschaften 1933-03-31: Vol 21 Iss 13	German
sim_naturwissenschaften_1933-04-07_21_14	1933-04-07	day	1933	21	Die Naturwissenschaften 1933-04-07: Vol 21 Iss 14	German
sim_naturwissenschaften_1933-04-14_21_15	1933-04-14	day	1933	21	Die Naturwissenschaften 1933-04-14: Vol 21 Iss 15	German
sim_naturwissenschaften_1933-04-21_21_16	1933-04-21	day	1933	21	Die Naturwissenschaften 1933-04-21: Vol 21 Iss 16	German
sim_naturwissenschaften_1933-04-28_21_17	1933-04-28	day	1933	21	Die Naturwissenschaften 1933-04-28: Vol 21 Iss 17	German
sim_naturwissenschaften_1933-05-05_21_18	1933-05-05	day	1933	21	Die Naturwissenschaften 1933-05-05: Vol 21 Iss 18	German
sim_naturwissenschaften_1933-05-12_21_19	1933-05-12	day	1933	21	Die Naturwissenschaften 1933-05-12: Vol 21 Iss 19	German
sim_naturwissenschaften_1933-05-19_21_20	1933-05-19	day	1933	21	Die Naturwissenschaften 1933-05-19: Vol 21 Iss 20	German
sim_naturwissenschaften_1933-05-26_21_21-23	1933-05-26	day	1933	21	Die Naturwissenschaften 1933-05-26: Vol 21 Iss 21-23	German
sim_naturwissenschaften_1933-06-16_21_24	1933-06-16	day	1933	21	Die Naturwissenschaften 1933-06-16: Vol 21 Iss 24	German
sim_naturwissenschaften_1933-06-23_21_25	1933-06-23	day	1933	21	Die Naturwissenschaften 1933-06-23: Vol 21 Iss 25	German
sim_naturwissenschaften_1933-06-30_21_26	1933-06-30	day	1933	21	Die Naturwissenschaften 1933-06-30: Vol 21 Iss 26	German
sim_naturwissenschaften_1933-07-07_21_27	1933-07-07	day	1933	21	Die Naturwissenschaften 1933-07-07: Vol 21 Iss 27	German
sim_naturwissenschaften_1933-07-14_21_28	1933-07-14	day	1933	21	Die Naturwissenschaften 1933-07-14: Vol 21 Iss 28	German
sim_naturwissenschaften_1933-07-21_21_29	1933-07-21	day	1933	21	Die Naturwissenschaften 1933-07-21: Vol 21 Iss 29	German
sim_naturwissenschaften_1933-07-28_21_30	1933-07-28	day	1933	21	Die Naturwissenschaften 1933-07-28: Vol 21 Iss 30	German
sim_naturwissenschaften_1933-08-04_21_31	1933-08-04	day	1933	21	Die Naturwissenschaften 1933-08-04: Vol 21 Iss 31	German
sim_naturwissenschaften_1933-08-11_21_32	1933-08-11	day	1933	21	Die Naturwissenschaften 1933-08-11: Vol 21 Iss 32	German
sim_naturwissenschaften_1933-08-18_21_33	1933-08-18	day	1933	21	Die Naturwissenschaften 1933-08-18: Vol 21 Iss 33	German
sim_naturwissenschaften_1933-08-25_21_34	1933-08-25	day	1933	21	Die Naturwissenschaften 1933-08-25: Vol 21 Iss 34	German
sim_naturwissenschaften_1933-09-01_21_35	1933-09-01	day	1933	21	Die Naturwissenschaften 1933-09-01: Vol 21 Iss 35	German
sim_naturwissenschaften_1933-09-08_21_36	1933-09-08	day	1933	21	Die Naturwissenschaften 1933-09-08: Vol 21 Iss 36	German
sim_naturwissenschaften_1933-09-15_21_37	1933-09-15	day	1933	21	Die Naturwissenschaften 1933-09-15: Vol 21 Iss 37	German
sim_naturwissenschaften_1933-09-22_21_38	1933-09-22	day	1933	21	Die Naturwissenschaften 1933-09-22: Vol 21 Iss 38	German
sim_naturwissenschaften_1933-09-29_21_39	1933-09-29	day	1933	21	Die Naturwissenschaften 1933-09-29: Vol 21 Iss 39	German
sim_naturwissenschaften_1933-10-06_21_40	1933-10-06	day	1933	21	Die Naturwissenschaften 1933-10-06: Vol 21 Iss 40	German
sim_naturwissenschaften_1933-10-13_21_41	1933-10-13	day	1933	21	Die Naturwissenschaften 1933-10-13: Vol 21 Iss 41	German
sim_naturwissenschaften_1933-10-20_21_42	1933-10-20	day	1933	21	Die Naturwissenschaften 1933-10-20: Vol 21 Iss 42	German
sim_naturwissenschaften_1933-10-27_21_43	1933-10-27	day	1933	21	Die Naturwissenschaften 1933-10-27: Vol 21 Iss 43	German
sim_naturwissenschaften_1933-11-03_21_44	1933-11-03	day	1933	21	Die Naturwissenschaften 1933-11-03: Vol 21 Iss 44	German
sim_naturwissenschaften_1933-11-10_21_45	1933-11-10	day	1933	21	Die Naturwissenschaften 1933-11-10: Vol 21 Iss 45	German
sim_naturwissenschaften_1933-11-17_21_46	1933-11-17	day	1933	21	Die Naturwissenschaften 1933-11-17: Vol 21 Iss 46	German
sim_naturwissenschaften_1933-11-24_21_47	1933-11-24	day	1933	21	Die Naturwissenschaften 1933-11-24: Vol 21 Iss 47	German
sim_naturwissenschaften_1933-12-01_21_48	1933-12-01	day	1933	21	Die Naturwissenschaften 1933-12-01: Vol 21 Iss 48	German
sim_naturwissenschaften_1933-12-08_21_49	1933-12-08	day	1933	21	Die Naturwissenschaften 1933-12-08: Vol 21 Iss 49	German
sim_naturwissenschaften_1933-12-15_21_50	1933-12-15	day	1933	21	Die Naturwissenschaften 1933-12-15: Vol 21 Iss 50	German
sim_naturwissenschaften_1933-12-22_21_51	1933-12-22	day	1933	21	Die Naturwissenschaften 1933-12-22: Vol 21 Iss 51	German
sim_naturwissenschaften_1933_21_index-contents	1933-01-01	year	1933	21	Die Naturwissenschaften 1933: Vol 21 Index & Table of Contents	German
sim_naturwissenschaften_1934-01-05_22_1	1934-01-05	day	1934	22	Die Naturwissenschaften 1934-01-05: Vol 22 Iss 1	German
sim_naturwissenschaften_1934-01-12_22_2	1934-01-12	day	1934	22	Die Naturwissenschaften 1934-01-12: Vol 22 Iss 2	German
sim_naturwissenschaften_1934-01-19_22_3	1934-01-19	day	1934	22	Die Naturwissenschaften 1934-01-19: Vol 22 Iss 3	German
sim_naturwissenschaften_1934-01-26_22_4	1934-01-26	day	1934	22	Die Naturwissenschaften 1934-01-26: Vol 22 Iss 4	German
sim_naturwissenschaften_1934-02-02_22_5	1934-02-02	day	1934	22	Die Naturwissenschaften 1934-02-02: Vol 22 Iss 5	German
sim_naturwissenschaften_1934-02-09_22_6	1934-02-09	day	1934	22	Die Naturwissenschaften 1934-02-09: Vol 22 Iss 6	German
sim_naturwissenschaften_1934-02-16_22_7	1934-02-16	day	1934	22	Die Naturwissenschaften 1934-02-16: Vol 22 Iss 7	German
sim_naturwissenschaften_1934-02-23_22_8	1934-02-23	day	1934	22	Die Naturwissenschaften 1934-02-23: Vol 22 Iss 8	German
sim_naturwissenschaften_1934-03-02_22_9	1934-03-02	day	1934	22	Die Naturwissenschaften 1934-03-02: Vol 22 Iss 9	German
sim_naturwissenschaften_1934-03-09_22_10	1934-03-09	day	1934	22	Die Naturwissenschaften 1934-03-09: Vol 22 Iss 10	German
sim_naturwissenschaften_1934-03-16_22_11	1934-03-16	day	1934	22	Die Naturwissenschaften 1934-03-16: Vol 22 Iss 11	German
sim_naturwissenschaften_1934-03-23_22_12	1934-03-23	day	1934	22	Die Naturwissenschaften 1934-03-23: Vol 22 Iss 12	German
sim_naturwissenschaften_1934-03-30_22_13	1934-03-30	day	1934	22	Die Naturwissenschaften 1934-03-30: Vol 22 Iss 13	German
sim_naturwissenschaften_1934-04-06_22_14	1934-04-06	day	1934	22	Die Naturwissenschaften 1934-04-06: Vol 22 Iss 14	German
sim_naturwissenschaften_1934-04-13_22_15	1934-04-13	day	1934	22	Die Naturwissenschaften 1934-04-13: Vol 22 Iss 15	German
sim_naturwissenschaften_1934-04-20_22_16	1934-04-20	day	1934	22	Die Naturwissenschaften 1934-04-20: Vol 22 Iss 16	German
sim_naturwissenschaften_1934-04-27_22_17-18	1934-04-27	day	1934	22	Die Naturwissenschaften 1934-04-27: Vol 22 Iss 17-18	German
sim_naturwissenschaften_1934-05-11_22_19	1934-05-11	day	1934	22	Die Naturwissenschaften 1934-05-11: Vol 22 Iss 19	German
sim_naturwissenschaften_1934-05-18_22_20	1934-05-18	day	1934	22	Die Naturwissenschaften 1934-05-18: Vol 22 Iss 20	German
sim_naturwissenschaften_1934-05-25_22_21	1934-05-25	day	1934	22	Die Naturwissenschaften 1934-05-25: Vol 22 Iss 21	German
sim_naturwissenschaften_1934-06-01_22_22-24	1934-06-01	day	1934	22	Die Naturwissenschaften 1934-06-01: Vol 22 Iss 22-24	German
sim_naturwissenschaften_1934-06-22_22_25	1934-06-22	day	1934	22	Die Naturwissenschaften 1934-06-22: Vol 22 Iss 25	German
sim_naturwissenschaften_1934-06-29_22_26	1934-06-29	day	1934	22	Die Naturwissenschaften 1934-06-29: Vol 22 Iss 26	German
sim_naturwissenschaften_1934-07-06_22_27	1934-07-06	day	1934	22	Die Naturwissenschaften 1934-07-06: Vol 22 Iss 27	German
sim_naturwissenschaften_1934-07-13_22_28	1934-07-13	day	1934	22	Die Naturwissenschaften 1934-07-13: Vol 22 Iss 28	German
sim_naturwissenschaften_1934-07-20_22_29	1934-07-20	day	1934	22	Die Naturwissenschaften 1934-07-20: Vol 22 Iss 29	German
sim_naturwissenschaften_1934-07-27_22_30	1934-07-27	day	1934	22	Die Naturwissenschaften 1934-07-27: Vol 22 Iss 30	German
sim_naturwissenschaften_1934-08-03_22_31	1934-08-03	day	1934	22	Die Naturwissenschaften 1934-08-03: Vol 22 Iss 31	German
sim_naturwissenschaften_1934-08-10_22_32	1934-08-10	day	1934	22	Die Naturwissenschaften 1934-08-10: Vol 22 Iss 32	German
sim_naturwissenschaften_1934-08-17_22_33	1934-08-17	day	1934	22	Die Naturwissenschaften 1934-08-17: Vol 22 Iss 33	German
sim_naturwissenschaften_1934-08-24_22_34	1934-08-24	day	1934	22	Die Naturwissenschaften 1934-08-24: Vol 22 Iss 34	German
sim_naturwissenschaften_1934-08-31_22_35	1934-08-31	day	1934	22	Die Naturwissenschaften 1934-08-31: Vol 22 Iss 35	German
sim_naturwissenschaften_1934-09-07_22_36	1934-09-07	day	1934	22	Die Naturwissenschaften 1934-09-07: Vol 22 Iss 36	German
sim_naturwissenschaften_1934-09-14_22_37	1934-09-14	day	1934	22	Die Naturwissenschaften 1934-09-14: Vol 22 Iss 37	German
sim_naturwissenschaften_1934-09-21_22_38	1934-09-21	day	1934	22	Die Naturwissenschaften 1934-09-21: Vol 22 Iss 38	German
sim_naturwissenschaften_1934-09-28_22_39	1934-09-28	day	1934	22	Die Naturwissenschaften 1934-09-28: Vol 22 Iss 39	German
sim_naturwissenschaften_1934-10-05_22_40	1934-10-05	day	1934	22	Die Naturwissenschaften 1934-10-05: Vol 22 Iss 40	German
sim_naturwissenschaften_1934-10-12_22_41	1934-10-12	day	1934	22	Die Naturwissenschaften 1934-10-12: Vol 22 Iss 41	German
sim_naturwissenschaften_1934-10-19_22_42	1934-10-19	day	1934	22	Die Naturwissenschaften 1934-10-19: Vol 22 Iss 42	German
sim_naturwissenschaften_1934-10-26_22_43	1934-10-26	day	1934	22	Die Naturwissenschaften 1934-10-26: Vol 22 Iss 43	German
sim_naturwissenschaften_1934-11-02_22_44	1934-11-02	day	1934	22	Die Naturwissenschaften 1934-11-02: Vol 22 Iss 44	German
sim_naturwissenschaften_1934-11-09_22_45	1934-11-09	day	1934	22	Die Naturwissenschaften 1934-11-09: Vol 22 Iss 45	German
sim_naturwissenschaften_1934-11-16_22_46	1934-11-16	day	1934	22	Die Naturwissenschaften 1934-11-16: Vol 22 Iss 46	German
sim_naturwissenschaften_1934-11-23_22_47	1934-11-23	day	1934	22	Die Naturwissenschaften 1934-11-23: Vol 22 Iss 47	German
sim_naturwissenschaften_1934-11-30_22_48	1934-11-30	day	1934	22	Die Naturwissenschaften 1934-11-30: Vol 22 Iss 48	German
sim_naturwissenschaften_1934-12-07_22_49	1934-12-07	day	1934	22	Die Naturwissenschaften 1934-12-07: Vol 22 Iss 49	German
sim_naturwissenschaften_1934-12-14_22_50	1934-12-14	day	1934	22	Die Naturwissenschaften 1934-12-14: Vol 22 Iss 50	German
sim_naturwissenschaften_1934-12-21_22_51	1934-12-21	day	1934	22	Die Naturwissenschaften 1934-12-21: Vol 22 Iss 51	German
sim_naturwissenschaften_1934_22_index-contents	1934-01-01	year	1934	22	Die Naturwissenschaften 1934: Vol 22 Index & Table of Contents	German
sim_naturwissenschaften_1935-01-04_23_1	1935-01-04	day	1935	23	Die Naturwissenschaften 1935-01-04: Vol 23 Iss 1	German
sim_naturwissenschaften_1935-01-11_23_2	1935-01-11	day	1935	23	Die Naturwissenschaften 1935-01-11: Vol 23 Iss 2	German
sim_naturwissenschaften_1935-01-18_23_3	1935-01-18	day	1935	23	Die Naturwissenschaften 1935-01-18: Vol 23 Iss 3	German
sim_naturwissenschaften_1935-01-25_23_4	1935-01-25	day	1935	23	Die Naturwissenschaften 1935-01-25: Vol 23 Iss 4	German
sim_naturwissenschaften_1935-02-01_23_5	1935-02-01	day	1935	23	Die Naturwissenschaften 1935-02-01: Vol 23 Iss 5	German
sim_naturwissenschaften_1935-02-08_23_6	1935-02-08	day	1935	23	Die Naturwissenschaften 1935-02-08: Vol 23 Iss 6	German
sim_naturwissenschaften_1935-02-15_23_7	1935-02-15	day	1935	23	Die Naturwissenschaften 1935-02-15: Vol 23 Iss 7	German
sim_naturwissenschaften_1935-02-22_23_8	1935-02-22	day	1935	23	Die Naturwissenschaften 1935-02-22: Vol 23 Iss 8	German
sim_naturwissenschaften_1935-03-01_23_9	1935-03-01	day	1935	23	Die Naturwissenschaften 1935-03-01: Vol 23 Iss 9	German
sim_naturwissenschaften_1935-03-08_23_10	1935-03-08	day	1935	23	Die Naturwissenschaften 1935-03-08: Vol 23 Iss 10	German
sim_naturwissenschaften_1935-03-15_23_11	1935-03-15	day	1935	23	Die Naturwissenschaften 1935-03-15: Vol 23 Iss 11	German
sim_naturwissenschaften_1935-03-22_23_12	1935-03-22	day	1935	23	Die Naturwissenschaften 1935-03-22: Vol 23 Iss 12	German
sim_naturwissenschaften_1935-03-29_23_13	1935-03-29	day	1935	23	Die Naturwissenschaften 1935-03-29: Vol 23 Iss 13	German
sim_naturwissenschaften_1935-04-05_23_14	1935-04-05	day	1935	23	Die Naturwissenschaften 1935-04-05: Vol 23 Iss 14	German
sim_naturwissenschaften_1935-04-12_23_15	1935-04-12	day	1935	23	Die Naturwissenschaften 1935-04-12: Vol 23 Iss 15	German
sim_naturwissenschaften_1935-04-19_23_16	1935-04-19	day	1935	23	Die Naturwissenschaften 1935-04-19: Vol 23 Iss 16	German
sim_naturwissenschaften_1935-04-26_23_17	1935-04-26	day	1935	23	Die Naturwissenschaften 1935-04-26: Vol 23 Iss 17	German
sim_naturwissenschaften_1935-05-03_23_18	1935-05-03	day	1935	23	Die Naturwissenschaften 1935-05-03: Vol 23 Iss 18	German
sim_naturwissenschaften_1935-05-10_23_19	1935-05-10	day	1935	23	Die Naturwissenschaften 1935-05-10: Vol 23 Iss 19	German
sim_naturwissenschaften_1935-05-17_23_20	1935-05-17	day	1935	23	Die Naturwissenschaften 1935-05-17: Vol 23 Iss 20	German
sim_naturwissenschaften_1935-05-24_23_21	1935-05-24	day	1935	23	Die Naturwissenschaften 1935-05-24: Vol 23 Iss 21	German
sim_naturwissenschaften_1935-05-31_23_22	1935-05-31	day	1935	23	Die Naturwissenschaften 1935-05-31: Vol 23 Iss 22	German
sim_naturwissenschaften_1935-06-07_23_23	1935-06-07	day	1935	23	Die Naturwissenschaften 1935-06-07: Vol 23 Iss 23	German
sim_naturwissenschaften_1935-06-14_23_24	1935-06-14	day	1935	23	Die Naturwissenschaften 1935-06-14: Vol 23 Iss 24	German
sim_naturwissenschaften_1935-06-21_23_25	1935-06-21	day	1935	23	Die Naturwissenschaften 1935-06-21: Vol 23 Iss 25	German
sim_naturwissenschaften_1935-06-28_23_26-28	1935-06-28	day	1935	23	Die Naturwissenschaften 1935-06-28: Vol 23 Iss 26-28	German
sim_naturwissenschaften_1935-07-19_23_29	1935-07-19	day	1935	23	Die Naturwissenschaften 1935-07-19: Vol 23 Iss 29	German
sim_naturwissenschaften_1935-07-26_23_30	1935-07-26	day	1935	23	Die Naturwissenschaften 1935-07-26: Vol 23 Iss 30	German
sim_naturwissenschaften_1935-08-02_23_31	1935-08-02	day	1935	23	Die Naturwissenschaften 1935-08-02: Vol 23 Iss 31	German
sim_naturwissenschaften_1935-08-09_23_32	1935-08-09	day	1935	23	Die Naturwissenschaften 1935-08-09: Vol 23 Iss 32	German
sim_naturwissenschaften_1935-08-16_23_33	1935-08-16	day	1935	23	Die Naturwissenschaften 1935-08-16: Vol 23 Iss 33	German
sim_naturwissenschaften_1935-08-23_23_34	1935-08-23	day	1935	23	Die Naturwissenschaften 1935-08-23: Vol 23 Iss 34	German
sim_naturwissenschaften_1935-08-30_23_35	1935-08-30	day	1935	23	Die Naturwissenschaften 1935-08-30: Vol 23 Iss 35	German
sim_naturwissenschaften_1935-09-06_23_36	1935-09-06	day	1935	23	Die Naturwissenschaften 1935-09-06: Vol 23 Iss 36	German
sim_naturwissenschaften_1935-09-13_23_37	1935-09-13	day	1935	23	Die Naturwissenschaften 1935-09-13: Vol 23 Iss 37	German
sim_naturwissenschaften_1935-09-20_23_38	1935-09-20	day	1935	23	Die Naturwissenschaften 1935-09-20: Vol 23 Iss 38	German
sim_naturwissenschaften_1935-09-27_23_39	1935-09-27	day	1935	23	Die Naturwissenschaften 1935-09-27: Vol 23 Iss 39	German
sim_naturwissenschaften_1935-10-04_23_40	1935-10-04	day	1935	23	Die Naturwissenschaften 1935-10-04: Vol 23 Iss 40	German
sim_naturwissenschaften_1935-10-11_23_41	1935-10-11	day	1935	23	Die Naturwissenschaften 1935-10-11: Vol 23 Iss 41	German
sim_naturwissenschaften_1935-10-18_23_42	1935-10-18	day	1935	23	Die Naturwissenschaften 1935-10-18: Vol 23 Iss 42	German
sim_naturwissenschaften_1935-10-25_23_43	1935-10-25	day	1935	23	Die Naturwissenschaften 1935-10-25: Vol 23 Iss 43	German
sim_naturwissenschaften_1935-11-01_23_44	1935-11-01	day	1935	23	Die Naturwissenschaften 1935-11-01: Vol 23 Iss 44	German
sim_naturwissenschaften_1935-11-08_23_45	1935-11-08	day	1935	23	Die Naturwissenschaften 1935-11-08: Vol 23 Iss 45	German
sim_naturwissenschaften_1935-11-15_23_46	1935-11-15	day	1935	23	Die Naturwissenschaften 1935-11-15: Vol 23 Iss 46	German
sim_naturwissenschaften_1935-11-22_23_47	1935-11-22	day	1935	23	Die Naturwissenschaften 1935-11-22: Vol 23 Iss 47	German
sim_naturwissenschaften_1935-11-29_23_48	1935-11-29	day	1935	23	Die Naturwissenschaften 1935-11-29: Vol 23 Iss 48	German
sim_naturwissenschaften_1935-12-06_23_49	1935-12-06	day	1935	23	Die Naturwissenschaften 1935-12-06: Vol 23 Iss 49	German
sim_naturwissenschaften_1935-12-13_23_50	1935-12-13	day	1935	23	Die Naturwissenschaften 1935-12-13: Vol 23 Iss 50	German
sim_naturwissenschaften_1935-12-20_23_51	1935-12-20	day	1935	23	Die Naturwissenschaften 1935-12-20: Vol 23 Iss 51	German
sim_naturwissenschaften_1935_23_index-contents	1935-01-01	year	1935	23	Die Naturwissenschaften 1935: Vol 23 Index & Table of Contents	German
sim_naturwissenschaften_1936-01-03_24_1	1936-01-03	day	1936	24	Die Naturwissenschaften 1936-01-03: Vol 24 Iss 1	German
sim_naturwissenschaften_1936-01-10_24_2-3	1936-01-10	day	1936	24	Die Naturwissenschaften 1936-01-10: Vol 24 Iss 2-3	German
sim_naturwissenschaften_1936-01-24_24_4	1936-01-24	day	1936	24	Die Naturwissenschaften 1936-01-24: Vol 24 Iss 4	German
sim_naturwissenschaften_1936-01-31_24_5	1936-01-31	day	1936	24	Die Naturwissenschaften 1936-01-31: Vol 24 Iss 5	German
sim_naturwissenschaften_1936-02-07_24_6	1936-02-07	day	1936	24	Die Naturwissenschaften 1936-02-07: Vol 24 Iss 6	German
sim_naturwissenschaften_1936-02-14_24_7	1936-02-14	day	1936	24	Die Naturwissenschaften 1936-02-14: Vol 24 Iss 7	German
sim_naturwissenschaften_1936-02-21_24_8	1936-02-21	day	1936	24	Die Naturwissenschaften 1936-02-21: Vol 24 Iss 8	German
sim_naturwissenschaften_1936-02-28_24_9	1936-02-28	day	1936	24	Die Naturwissenschaften 1936-02-28: Vol 24 Iss 9	German
sim_naturwissenschaften_1936-03-06_24_10	1936-03-06	day	1936	24	Die Naturwissenschaften 1936-03-06: Vol 24 Iss 10	German
sim_naturwissenschaften_1936-03-13_24_11	1936-03-13	day	1936	24	Die Naturwissenschaften 1936-03-13: Vol 24 Iss 11	German
sim_naturwissenschaften_1936-03-20_24_12	1936-03-20	day	1936	24	Die Naturwissenschaften 1936-03-20: Vol 24 Iss 12	German
sim_naturwissenschaften_1936-03-27_24_13	1936-03-27	day	1936	24	Die Naturwissenschaften 1936-03-27: Vol 24 Iss 13	German
sim_naturwissenschaften_1936-04-03_24_14	1936-04-03	day	1936	24	Die Naturwissenschaften 1936-04-03: Vol 24 Iss 14	German
sim_naturwissenschaften_1936-04-10_24_15	1936-04-10	day	1936	24	Die Naturwissenschaften 1936-04-10: Vol 24 Iss 15	German
sim_naturwissenschaften_1936-04-17_24_16	1936-04-17	day	1936	24	Die Naturwissenschaften 1936-04-17: Vol 24 Iss 16	German
sim_naturwissenschaften_1936-04-24_24_17	1936-04-24	day	1936	24	Die Naturwissenschaften 1936-04-24: Vol 24 Iss 17	German
sim_naturwissenschaften_1936-05-01_24_18	1936-05-01	day	1936	24	Die Naturwissenschaften 1936-05-01: Vol 24 Iss 18	German
sim_naturwissenschaften_1936-05-08_24_19	1936-05-08	day	1936	24	Die Naturwissenschaften 1936-05-08: Vol 24 Iss 19	German
sim_naturwissenschaften_1936-05-15_24_20	1936-05-15	day	1936	24	Die Naturwissenschaften 1936-05-15: Vol 24 Iss 20	German
sim_naturwissenschaften_1936-05-22_24_21	1936-05-22	day	1936	24	Die Naturwissenschaften 1936-05-22: Vol 24 Iss 21	German
sim_naturwissenschaften_1936-05-29_24_22	1936-05-29	day	1936	24	Die Naturwissenschaften 1936-05-29: Vol 24 Iss 22	German
sim_naturwissenschaften_1936-06-05_24_23	1936-06-05	day	1936	24	Die Naturwissenschaften 1936-06-05: Vol 24 Iss 23	German
sim_naturwissenschaften_1936-06-12_24_24	1936-06-12	day	1936	24	Die Naturwissenschaften 1936-06-12: Vol 24 Iss 24	German
sim_naturwissenschaften_1936-06-19_24_25	1936-06-19	day	1936	24	Die Naturwissenschaften 1936-06-19: Vol 24 Iss 25	German
sim_naturwissenschaften_1936-06-26_24_26	1936-06-26	day	1936	24	Die Naturwissenschaften 1936-06-26: Vol 24 Iss 26	German
sim_naturwissenschaften_1936-07-03_24_27	1936-07-03	day	1936	24	Die Naturwissenschaften 1936-07-03: Vol 24 Iss 27	German
sim_naturwissenschaften_1936-07-10_24_28	1936-07-10	day	1936	24	Die Naturwissenschaften 1936-07-10: Vol 24 Iss 28	German
sim_naturwissenschaften_1936-07-17_24_29	1936-07-17	day	1936	24	Die Naturwissenschaften 1936-07-17: Vol 24 Iss 29	German
sim_naturwissenschaften_1936-07-24_24_30	1936-07-24	day	1936	24	Die Naturwissenschaften 1936-07-24: Vol 24 Iss 30	German
sim_naturwissenschaften_1936-07-31_24_31	1936-07-31	day	1936	24	Die Naturwissenschaften 1936-07-31: Vol 24 Iss 31	German
sim_naturwissenschaften_1936-08-07_24_32	1936-08-07	day	1936	24	Die Naturwissenschaften 1936-08-07: Vol 24 Iss 32	German
sim_naturwissenschaften_1936-08-14_24_33	1936-08-14	day	1936	24	Die Naturwissenschaften 1936-08-14: Vol 24 Iss 33	German
sim_naturwissenschaften_1936-08-21_24_34	1936-08-21	day	1936	24	Die Naturwissenschaften 1936-08-21: Vol 24 Iss 34	German
sim_naturwissenschaften_1936-08-28_24_35	1936-08-28	day	1936	24	Die Naturwissenschaften 1936-08-28: Vol 24 Iss 35	German
sim_naturwissenschaften_1936-09-04_24_36	1936-09-04	day	1936	24	Die Naturwissenschaften 1936-09-04: Vol 24 Iss 36	German
sim_naturwissenschaften_1936-09-11_24_37	1936-09-11	day	1936	24	Die Naturwissenschaften 1936-09-11: Vol 24 Iss 37	German
sim_naturwissenschaften_1936-09-18_24_38	1936-09-18	day	1936	24	Die Naturwissenschaften 1936-09-18: Vol 24 Iss 38	German
sim_naturwissenschaften_1936-09-25_24_39	1936-09-25	day	1936	24	Die Naturwissenschaften 1936-09-25: Vol 24 Iss 39	German
sim_naturwissenschaften_1936-10-02_24_40	1936-10-02	day	1936	24	Die Naturwissenschaften 1936-10-02: Vol 24 Iss 40	German
sim_naturwissenschaften_1936-10-09_24_41	1936-10-09	day	1936	24	Die Naturwissenschaften 1936-10-09: Vol 24 Iss 41	German
sim_naturwissenschaften_1936-10-16_24_42	1936-10-16	day	1936	24	Die Naturwissenschaften 1936-10-16: Vol 24 Iss 42	German
sim_naturwissenschaften_1936-10-23_24_43	1936-10-23	day	1936	24	Die Naturwissenschaften 1936-10-23: Vol 24 Iss 43	German
sim_naturwissenschaften_1936-10-30_24_44	1936-10-30	day	1936	24	Die Naturwissenschaften 1936-10-30: Vol 24 Iss 44	German
sim_naturwissenschaften_1936-11-06_24_45	1936-11-06	day	1936	24	Die Naturwissenschaften 1936-11-06: Vol 24 Iss 45	German
sim_naturwissenschaften_1936-11-13_24_46-47	1936-11-13	day	1936	24	Die Naturwissenschaften 1936-11-13: Vol 24 Iss 46-47	German
sim_naturwissenschaften_1936-11-27_24_48	1936-11-27	day	1936	24	Die Naturwissenschaften 1936-11-27: Vol 24 Iss 48	German
sim_naturwissenschaften_1936-12-04_24_49	1936-12-04	day	1936	24	Die Naturwissenschaften 1936-12-04: Vol 24 Iss 49	German
sim_naturwissenschaften_1936-12-11_24_50	1936-12-11	day	1936	24	Die Naturwissenschaften 1936-12-11: Vol 24 Iss 50	German
sim_naturwissenschaften_1936-12-18_24_51	1936-12-18	day	1936	24	Die Naturwissenschaften 1936-12-18: Vol 24 Iss 51	German
sim_naturwissenschaften_1936-12-25_24_52	1936-12-25	day	1936	24	Die Naturwissenschaften 1936-12-25: Vol 24 Iss 52	German
sim_naturwissenschaften_1936_24_index-contents	1936-01-01	year	1936	24	Die Naturwissenschaften 1936: Vol 24 Index & Table of Contents	German
sim_naturwissenschaften_1937-01-01_25_1	1937-01-01	day	1937	25	Die Naturwissenschaften 1937-01-01: Vol 25 Iss 1	German
sim_naturwissenschaften_1937-01-08_25_2	1937-01-08	day	1937	25	Die Naturwissenschaften 1937-01-08: Vol 25 Iss 2	German
sim_naturwissenschaften_1937-01-15_25_3	1937-01-15	day	1937	25	Die Naturwissenschaften 1937-01-15: Vol 25 Iss 3	German
sim_naturwissenschaften_1937-01-22_25_4	1937-01-22	day	1937	25	Die Naturwissenschaften 1937-01-22: Vol 25 Iss 4	German
sim_naturwissenschaften_1937-01-29_25_5	1937-01-29	day	1937	25	Die Naturwissenschaften 1937-01-29: Vol 25 Iss 5	German
sim_naturwissenschaften_1937-02-05_25_6	1937-02-05	day	1937	25	Die Naturwissenschaften 1937-02-05: Vol 25 Iss 6	German
sim_naturwissenschaften_1937-02-12_25_7	1937-02-12	day	1937	25	Die Naturwissenschaften 1937-02-12: Vol 25 Iss 7	German
sim_naturwissenschaften_1937-02-19_25_8	1937-02-19	day	1937	25	Die Naturwissenschaften 1937-02-19: Vol 25 Iss 8	German
sim_naturwissenschaften_1937-02-26_25_9	1937-02-26	day	1937	25	Die Naturwissenschaften 1937-02-26: Vol 25 Iss 9	German
sim_naturwissenschaften_1937-03-05_25_10	1937-03-05	day	1937	25	Die Naturwissenschaften 1937-03-05: Vol 25 Iss 10	German
sim_naturwissenschaften_1937-03-12_25_11	1937-03-12	day	1937	25	Die Naturwissenschaften 1937-03-12: Vol 25 Iss 11	German
sim_naturwissenschaften_1937-03-19_25_12	1937-03-19	day	1937	25	Die Naturwissenschaften 1937-03-19: Vol 25 Iss 12	German
sim_naturwissenschaften_1937-03-26_25_13	1937-03-26	day	1937	25	Die Naturwissenschaften 1937-03-26: Vol 25 Iss 13	German
sim_naturwissenschaften_1937-04-02_25_14	1937-04-02	day	1937	25	Die Naturwissenschaften 1937-04-02: Vol 25 Iss 14	German
sim_naturwissenschaften_1937-04-09_25_15	1937-04-09	day	1937	25	Die Naturwissenschaften 1937-04-09: Vol 25 Iss 15	German
sim_naturwissenschaften_1937-04-16_25_16	1937-04-16	day	1937	25	Die Naturwissenschaften 1937-04-16: Vol 25 Iss 16	German
sim_naturwissenschaften_1937-04-23_25_17	1937-04-23	day	1937	25	Die Naturwissenschaften 1937-04-23: Vol 25 Iss 17	German
sim_naturwissenschaften_1937-04-30_25_18	1937-04-30	day	1937	25	Die Naturwissenschaften 1937-04-30: Vol 25 Iss 18	German
sim_naturwissenschaften_1937-05-07_25_19	1937-05-07	day	1937	25	Die Naturwissenschaften 1937-05-07: Vol 25 Iss 19	German
sim_naturwissenschaften_1937-05-14_25_20	1937-05-14	day	1937	25	Die Naturwissenschaften 1937-05-14: Vol 25 Iss 20	German
sim_naturwissenschaften_1937-05-21_25_21	1937-05-21	day	1937	25	Die Naturwissenschaften 1937-05-21: Vol 25 Iss 21	German
sim_naturwissenschaften_1937-05-28_25_22	1937-05-28	day	1937	25	Die Naturwissenschaften 1937-05-28: Vol 25 Iss 22	German
sim_naturwissenschaften_1937-06-04_25_23	1937-06-04	day	1937	25	Die Naturwissenschaften 1937-06-04: Vol 25 Iss 23	German
sim_naturwissenschaften_1937-06-11_25_24-25	1937-06-11	day	1937	25	Die Naturwissenschaften 1937-06-11: Vol 25 Iss 24-25	German
sim_naturwissenschaften_1937-06-25_25_26-27	1937-06-25	day	1937	25	Die Naturwissenschaften 1937-06-25: Vol 25 Iss 26-27	German
sim_naturwissenschaften_1937-07-09_25_28	1937-07-09	day	1937	25	Die Naturwissenschaften 1937-07-09: Vol 25 Iss 28	German
sim_naturwissenschaften_1937-07-16_25_29	1937-07-16	day	1937	25	Die Naturwissenschaften 1937-07-16: Vol 25 Iss 29	German
sim_naturwissenschaften_1937-07-23_25_30	1937-07-23	day	1937	25	Die Naturwissenschaften 1937-07-23: Vol 25 Iss 30	German
sim_naturwissenschaften_1937-07-30_25_31	1937-07-30	day	1937	25	Die Naturwissenschaften 1937-07-30: Vol 25 Iss 31	German
sim_naturwissenschaften_1937-08-06_25_32	1937-08-06	day	1937	25	Die Naturwissenschaften 1937-08-06: Vol 25 Iss 32	German
sim_naturwissenschaften_1937-08-13_25_33	1937-08-13	day	1937	25	Die Naturwissenschaften 1937-08-13: Vol 25 Iss 33	German
sim_naturwissenschaften_1937-08-20_25_34	1937-08-20	day	1937	25	Die Naturwissenschaften 1937-08-20: Vol 25 Iss 34	German
sim_naturwissenschaften_1937-08-27_25_35	1937-08-27	day	1937	25	Die Naturwissenschaften 1937-08-27: Vol 25 Iss 35	German
sim_naturwissenschaften_1937-09-03_25_36	1937-09-03	day	1937	25	Die Naturwissenschaften 1937-09-03: Vol 25 Iss 36	German
sim_naturwissenschaften_1937-09-10_25_37	1937-09-10	day	1937	25	Die Naturwissenschaften 1937-09-10: Vol 25 Iss 37	German
sim_naturwissenschaften_1937-09-17_25_38	1937-09-17	day	1937	25	Die Naturwissenschaften 1937-09-17: Vol 25 Iss 38	German
sim_naturwissenschaften_1937-09-24_25_39	1937-09-24	day	1937	25	Die Naturwissenschaften 1937-09-24: Vol 25 Iss 39	German
sim_naturwissenschaften_1937-10-01_25_40	1937-10-01	day	1937	25	Die Naturwissenschaften 1937-10-01: Vol 25 Iss 40	German
sim_naturwissenschaften_1937-10-08_25_41	1937-10-08	day	1937	25	Die Naturwissenschaften 1937-10-08: Vol 25 Iss 41	German
sim_naturwissenschaften_1937-10-15_25_42	1937-10-15	day	1937	25	Die Naturwissenschaften 1937-10-15: Vol 25 Iss 42	German
sim_naturwissenschaften_1937-10-22_25_43	1937-10-22	day	1937	25	Die Naturwissenschaften 1937-10-22: Vol 25 Iss 43	German
sim_naturwissenschaften_1937-10-29_25_44	1937-10-29	day	1937	25	Die Naturwissenschaften 1937-10-29: Vol 25 Iss 44	German
sim_naturwissenschaften_1937-11-05_25_45	1937-11-05	day	1937	25	Die Naturwissenschaften 1937-11-05: Vol 25 Iss 45	German
sim_naturwissenschaften_1937-11-12_25_46	1937-11-12	day	1937	25	Die Naturwissenschaften 1937-11-12: Vol 25 Iss 46	German
sim_naturwissenschaften_1937-11-19_25_47	1937-11-19	day	1937	25	Die Naturwissenschaften 1937-11-19: Vol 25 Iss 47	German
sim_naturwissenschaften_1937-11-26_25_48	1937-11-26	day	1937	25	Die Naturwissenschaften 1937-11-26: Vol 25 Iss 48	German
sim_naturwissenschaften_1937-12-03_25_49	1937-12-03	day	1937	25	Die Naturwissenschaften 1937-12-03: Vol 25 Iss 49	German
sim_naturwissenschaften_1937-12-10_25_50	1937-12-10	day	1937	25	Die Naturwissenschaften 1937-12-10: Vol 25 Iss 50	German
sim_naturwissenschaften_1937-12-17_25_51	1937-12-17	day	1937	25	Die Naturwissenschaften 1937-12-17: Vol 25 Iss 51	German
sim_naturwissenschaften_1937-12-24_25_52-53	1937-12-24	day	1937	25	Die Naturwissenschaften 1937-12-24: Vol 25 Iss 52-53	German
sim_naturwissenschaften_1937_25_index-contents	1937-01-01	year	1937	25	Die Naturwissenschaften 1937: Vol 25 Index & Table of Contents	German
sim_naturwissenschaften_1938-01-07_26_1	1938-01-07	day	1938	26	Die Naturwissenschaften 1938-01-07: Vol 26 Iss 1	German
sim_naturwissenschaften_1938-01-14_26_2	1938-01-14	day	1938	26	Die Naturwissenschaften 1938-01-14: Vol 26 Iss 2	German
sim_naturwissenschaften_1938-01-21_26_3	1938-01-21	day	1938	26	Die Naturwissenschaften 1938-01-21: Vol 26 Iss 3	German
sim_naturwissenschaften_1938-01-28_26_4	1938-01-28	day	1938	26	Die Naturwissenschaften 1938-01-28: Vol 26 Iss 4	German
sim_naturwissenschaften_1938-02-04_26_5	1938-02-04	day	1938	26	Die Naturwissenschaften 1938-02-04: Vol 26 Iss 5	German
sim_naturwissenschaften_1938-02-11_26_6	1938-02-11	day	1938	26	Die Naturwissenschaften 1938-02-11: Vol 26 Iss 6	German
sim_naturwissenschaften_1938-02-18_26_7	1938-02-18	day	1938	26	Die Naturwissenschaften 1938-02-18: Vol 26 Iss 7	German
sim_naturwissenschaften_1938-02-25_26_8	1938-02-25	day	1938	26	Die Naturwissenschaften 1938-02-25: Vol 26 Iss 8	German
sim_naturwissenschaften_1938-03-04_26_9	1938-03-04	day	1938	26	Die Naturwissenschaften 1938-03-04: Vol 26 Iss 9	German
sim_naturwissenschaften_1938-03-11_26_10	1938-03-11	day	1938	26	Die Naturwissenschaften 1938-03-11: Vol 26 Iss 10	German
sim_naturwissenschaften_1938-03-18_26_11	1938-03-18	day	1938	26	Die Naturwissenschaften 1938-03-18: Vol 26 Iss 11	German
sim_naturwissenschaften_1938-03-25_26_12	1938-03-25	day	1938	26	Die Naturwissenschaften 1938-03-25: Vol 26 Iss 12	German
sim_naturwissenschaften_1938-04-01_26_13	1938-04-01	day	1938	26	Die Naturwissenschaften 1938-04-01: Vol 26 Iss 13	German
sim_naturwissenschaften_1938-04-08_26_14	1938-04-08	day	1938	26	Die Naturwissenschaften 1938-04-08: Vol 26 Iss 14	German
sim_naturwissenschaften_1938-04-15_26_15	1938-04-15	day	1938	26	Die Naturwissenschaften 1938-04-15: Vol 26 Iss 15	German
sim_naturwissenschaften_1938-04-22_26_16	1938-04-22	day	1938	26	Die Naturwissenschaften 1938-04-22: Vol 26 Iss 16	German
sim_naturwissenschaften_1938-04-29_26_17	1938-04-29	day	1938	26	Die Naturwissenschaften 1938-04-29: Vol 26 Iss 17	German
sim_naturwissenschaften_1938-05-06_26_18	1938-05-06	day	1938	26	Die Naturwissenschaften 1938-05-06: Vol 26 Iss 18	German
sim_naturwissenschaften_1938-05-13_26_19	1938-05-13	day	1938	26	Die Naturwissenschaften 1938-05-13: Vol 26 Iss 19	German
sim_naturwissenschaften_1938-05-20_26_20	1938-05-20	day	1938	26	Die Naturwissenschaften 1938-05-20: Vol 26 Iss 20	German
sim_naturwissenschaften_1938-05-27_26_21-22	1938-05-27	day	1938	26	Die Naturwissenschaften 1938-05-27: Vol 26 Iss 21-22	German
sim_naturwissenschaften_1938-06-10_26_23	1938-06-10	day	1938	26	Die Naturwissenschaften 1938-06-10: Vol 26 Iss 23	German
sim_naturwissenschaften_1938-06-17_26_24-25	1938-06-17	day	1938	26	Die Naturwissenschaften 1938-06-17: Vol 26 Iss 24-25	German
sim_naturwissenschaften_1938-07-01_26_26	1938-07-01	day	1938	26	Die Naturwissenschaften 1938-07-01: Vol 26 Iss 26	German
sim_naturwissenschaften_1938-07-08_26_27	1938-07-08	day	1938	26	Die Naturwissenschaften 1938-07-08: Vol 26 Iss 27	German
sim_naturwissenschaften_1938-07-15_26_28	1938-07-15	day	1938	26	Die Naturwissenschaften 1938-07-15: Vol 26 Iss 28	German
sim_naturwissenschaften_1938-07-22_26_29	1938-07-22	day	1938	26	Die Naturwissenschaften 1938-07-22: Vol 26 Iss 29	German
sim_naturwissenschaften_1938-07-29_26_30	1938-07-29	day	1938	26	Die Naturwissenschaften 1938-07-29: Vol 26 Iss 30	German
sim_naturwissenschaften_1938-08-05_26_31	1938-08-05	day	1938	26	Die Naturwissenschaften 1938-08-05: Vol 26 Iss 31	German
sim_naturwissenschaften_1938-08-12_26_32	1938-08-12	day	1938	26	Die Naturwissenschaften 1938-08-12: Vol 26 Iss 32	German
sim_naturwissenschaften_1938-08-19_26_33	1938-08-19	day	1938	26	Die Naturwissenschaften 1938-08-19: Vol 26 Iss 33	German
sim_naturwissenschaften_1938-08-26_26_34	1938-08-26	day	1938	26	Die Naturwissenschaften 1938-08-26: Vol 26 Iss 34	German
sim_naturwissenschaften_1938-09-02_26_35	1938-09-02	day	1938	26	Die Naturwissenschaften 1938-09-02: Vol 26 Iss 35	German
sim_naturwissenschaften_1938-09-09_26_36	1938-09-09	day	1938	26	Die Naturwissenschaften 1938-09-09: Vol 26 Iss 36	German
sim_naturwissenschaften_1938-09-16_26_37	1938-09-16	day	1938	26	Die Naturwissenschaften 1938-09-16: Vol 26 Iss 37	German
sim_naturwissenschaften_1938-09-23_26_38	1938-09-23	day	1938	26	Die Naturwissenschaften 1938-09-23: Vol 26 Iss 38	German
sim_naturwissenschaften_1938-09-30_26_39	1938-09-30	day	1938	26	Die Naturwissenschaften 1938-09-30: Vol 26 Iss 39	German
sim_naturwissenschaften_1938-10-07_26_40	1938-10-07	day	1938	26	Die Naturwissenschaften 1938-10-07: Vol 26 Iss 40	German
sim_naturwissenschaften_1938-10-14_26_41	1938-10-14	day	1938	26	Die Naturwissenschaften 1938-10-14: Vol 26 Iss 41	German
sim_naturwissenschaften_1938-10-21_26_42	1938-10-21	day	1938	26	Die Naturwissenschaften 1938-10-21: Vol 26 Iss 42	German
sim_naturwissenschaften_1938-10-28_26_43	1938-10-28	day	1938	26	Die Naturwissenschaften 1938-10-28: Vol 26 Iss 43	German
sim_naturwissenschaften_1938-11-04_26_44	1938-11-04	day	1938	26	Die Naturwissenschaften 1938-11-04: Vol 26 Iss 44	German
sim_naturwissenschaften_1938-11-11_26_45	1938-11-11	day	1938	26	Die Naturwissenschaften 1938-11-11: Vol 26 Iss 45	German
sim_naturwissenschaften_1938-11-18_26_46	1938-11-18	day	1938	26	Die Naturwissenschaften 1938-11-18: Vol 26 Iss 46	German
sim_naturwissenschaften_1938-11-25_26_47	1938-11-25	day	1938	26	Die Naturwissenschaften 1938-11-25: Vol 26 Iss 47	German
sim_naturwissenschaften_1938-12-02_26_48	1938-12-02	day	1938	26	Die Naturwissenschaften 1938-12-02: Vol 26 Iss 48	German
sim_naturwissenschaften_1938-12-09_26_49	1938-12-09	day	1938	26	Die Naturwissenschaften 1938-12-09: Vol 26 Iss 49	German
sim_naturwissenschaften_1938-12-16_26_50	1938-12-16	day	1938	26	Die Naturwissenschaften 1938-12-16: Vol 26 Iss 50	German
sim_naturwissenschaften_1938-12-23_26_51	1938-12-23	day	1938	26	Die Naturwissenschaften 1938-12-23: Vol 26 Iss 51	German
sim_naturwissenschaften_1938-12-30_26_52	1938-12-30	day	1938	26	Die Naturwissenschaften 1938-12-30: Vol 26 Iss 52	German
sim_naturwissenschaften_1938_26_index-contents	1938-01-01	year	1938	26	Die Naturwissenschaften 1938: Vol 26 Index & Table of Contents	German
sim_naturwissenschaften_1939-01-06_27_1	1939-01-06	day	1939	27	Die Naturwissenschaften 1939-01-06: Vol 27 Iss 1	German
sim_naturwissenschaften_1939-01-13_27_2	1939-01-13	day	1939	27	Die Naturwissenschaften 1939-01-13: Vol 27 Iss 2	German
sim_naturwissenschaften_1939-01-20_27_3	1939-01-20	day	1939	27	Die Naturwissenschaften 1939-01-20: Vol 27 Iss 3	German
sim_naturwissenschaften_1939-01-27_27_4	1939-01-27	day	1939	27	Die Naturwissenschaften 1939-01-27: Vol 27 Iss 4	German
sim_naturwissenschaften_1939-02-03_27_5	1939-02-03	day	1939	27	Die Naturwissenschaften 1939-02-03: Vol 27 Iss 5	German
sim_naturwissenschaften_1939-02-10_27_6	1939-02-10	day	1939	27	Die Naturwissenschaften 1939-02-10: Vol 27 Iss 6	German
sim_naturwissenschaften_1939-02-17_27_7	1939-02-17	day	1939	27	Die Naturwissenschaften 1939-02-17: Vol 27 Iss 7	German
sim_naturwissenschaften_1939-02-24_27_8	1939-02-24	day	1939	27	Die Naturwissenschaften 1939-02-24: Vol 27 Iss 8	German
sim_naturwissenschaften_1939-03-03_27_9	1939-03-03	day	1939	27	Die Naturwissenschaften 1939-03-03: Vol 27 Iss 9	German
sim_naturwissenschaften_1939-03-10_27_10	1939-03-10	day	1939	27	Die Naturwissenschaften 1939-03-10: Vol 27 Iss 10	German
sim_naturwissenschaften_1939-03-17_27_11	1939-03-17	day	1939	27	Die Naturwissenschaften 1939-03-17: Vol 27 Iss 11	German
sim_naturwissenschaften_1939-03-24_27_12	1939-03-24	day	1939	27	Die Naturwissenschaften 1939-03-24: Vol 27 Iss 12	German
sim_naturwissenschaften_1939-03-31_27_13	1939-03-31	day	1939	27	Die Naturwissenschaften 1939-03-31: Vol 27 Iss 13	German
sim_naturwissenschaften_1939-04-07_27_14	1939-04-07	day	1939	27	Die Naturwissenschaften 1939-04-07: Vol 27 Iss 14	German
sim_naturwissenschaften_1939-04-14_27_15	1939-04-14	day	1939	27	Die Naturwissenschaften 1939-04-14: Vol 27 Iss 15	German
sim_naturwissenschaften_1939-04-21_27_16	1939-04-21	day	1939	27	Die Naturwissenschaften 1939-04-21: Vol 27 Iss 16	German
sim_naturwissenschaften_1939-04-28_27_17	1939-04-28	day	1939	27	Die Naturwissenschaften 1939-04-28: Vol 27 Iss 17	German
sim_naturwissenschaften_1939-05-05_27_18	1939-05-05	day	1939	27	Die Naturwissenschaften 1939-05-05: Vol 27 Iss 18	German
sim_naturwissenschaften_1939-05-12_27_19	1939-05-12	day	1939	27	Die Naturwissenschaften 1939-05-12: Vol 27 Iss 19	German
sim_naturwissenschaften_1939-05-19_27_20-21	1939-05-19	day	1939	27	Die Naturwissenschaften 1939-05-19: Vol 27 Iss 20-21	German
sim_naturwissenschaften_1939-06-02_27_22	1939-06-02	day	1939	27	Die Naturwissenschaften 1939-06-02: Vol 27 Iss 22	German
sim_naturwissenschaften_1939-06-09_27_23-24	1939-06-09	day	1939	27	Die Naturwissenschaften 1939-06-09: Vol 27 Iss 23-24	German
sim_naturwissenschaften_1939-06-23_27_25	1939-06-23	day	1939	27	Die Naturwissenschaften 1939-06-23: Vol 27 Iss 25	German
sim_naturwissenschaften_1939-06-30_27_26	1939-06-30	day	1939	27	Die Naturwissenschaften 1939-06-30: Vol 27 Iss 26	German
sim_naturwissenschaften_december-16-23-1932_20_51	1932-12-16	day	1932	20	Die Naturwissenschaften December 16-23, 1932: Vol 20 Iss 51	German
