# naturwiss_ia: archive.org djvu.txt, query 'identifier:sim_naturwissenschaften_*', window 1913-01-01..1939-06-30; built 2026-10-06 by src.data.ia_catalog
key	url	bytes	checksum
sim_naturwissenschaften_1913-01-03_1_1	https://archive.org/download/sim_naturwissenschaften_1913-01-03_1_1/sim_naturwissenschaften_1913-01-03_1_1_djvu.txt	?	-
sim_naturwissenschaften_1913-01-10_1_2	https://archive.org/download/sim_naturwissenschaften_1913-01-10_1_2/sim_naturwissenschaften_1913-01-10_1_2_djvu.txt	?	-
sim_naturwissenschaften_1913-01-17_1_3	https://archive.org/download/sim_naturwissenschaften_1913-01-17_1_3/sim_naturwissenschaften_1913-01-17_1_3_djvu.txt	?	-
sim_naturwissenschaften_1913-01-24_1_4	https://archive.org/download/sim_naturwissenschaften_1913-01-24_1_4/sim_naturwissenschaften_1913-01-24_1_4_djvu.txt	?	-
sim_naturwissenschaften_1913-01-31_1_5	https://archive.org/download/sim_naturwissenschaften_1913-01-31_1_5/sim_naturwissenschaften_1913-01-31_1_5_djvu.txt	?	-
sim_naturwissenschaften_1913-02-07_1_6	https://archive.org/download/sim_naturwissenschaften_1913-02-07_1_6/sim_naturwissenschaften_1913-02-07_1_6_djvu.txt	?	-
sim_naturwissenschaften_1913-02-14_1_7	https://archive.org/download/sim_naturwissenschaften_1913-02-14_1_7/sim_naturwissenschaften_1913-02-14_1_7_djvu.txt	?	-
sim_naturwissenschaften_1913-02-21_1_8	https://archive.org/download/sim_naturwissenschaften_1913-02-21_1_8/sim_naturwissenschaften_1913-02-21_1_8_djvu.txt	?	-
sim_naturwissenschaften_1913-02-28_1_9	https://archive.org/download/sim_naturwissenschaften_1913-02-28_1_9/sim_naturwissenschaften_1913-02-28_1_9_djvu.txt	?	-
sim_naturwissenschaften_1913-03-07_1_10	https://archive.org/download/sim_naturwissenschaften_1913-03-07_1_10/sim_naturwissenschaften_1913-03-07_1_10_djvu.txt	?	-
sim_naturwissenschaften_1913-03-14_1_11	https://archive.org/download/sim_naturwissenschaften_1913-03-14_1_11/sim_naturwissenschaften_1913-03-14_1_11_djvu.txt	?	-
sim_naturwissenschaften_1913-03-21_1_12	https://archive.org/download/sim_naturwissenschaften_1913-03-21_1_12/sim_naturwissenschaften_1913-03-21_1_12_djvu.txt	?	-
sim_naturwissenschaften_1913-03-28_1_13	https://archive.org/download/sim_naturwissenschaften_1913-03-28_1_13/sim_naturwissenschaften_1913-03-28_1_13_djvu.txt	?	-
sim_naturwissenschaften_1913-04-04_1_14	https://archive.org/download/sim_naturwissenschaften_1913-04-04_1_14/sim_naturwissenschaften_1913-04-04_1_14_djvu.txt	?	-
sim_naturwissenschaften_1913-04-11_1_15	https://archive.org/download/sim_naturwissenschaften_1913-04-11_1_15/sim_naturwissenschaften_1913-04-11_1_15_djvu.txt	?	-
sim_naturwissenschaften_1913-04-18_1_16	https://archive.org/download/sim_naturwissenschaften_1913-04-18_1_16/sim_naturwissenschaften_1913-04-18_1_16_djvu.txt	?	-
sim_naturwissenschaften_1913-04-25_1_17	https://archive.org/download/sim_naturwissenschaften_1913-04-25_1_17/sim_naturwissenschaften_1913-04-25_1_17_djvu.txt	?	-
sim_naturwissenschaften_1913-05-02_1_18	https://archive.org/download/sim_naturwissenschaften_1913-05-02_1_18/sim_naturwissenschaften_1913-05-02_1_18_djvu.txt	?	-
sim_naturwissenschaften_1913-05-09_1_19	https://archive.org/download/sim_naturwissenschaften_1913-05-09_1_19/sim_naturwissenschaften_1913-05-09_1_19_djvu.txt	?	-
sim_naturwissenschaften_1913-05-16_1_20	https://archive.org/download/sim_naturwissenschaften_1913-05-16_1_20/sim_naturwissenschaften_1913-05-16_1_20_djvu.txt	?	-
sim_naturwissenschaften_1913-05-23_1_21	https://archive.org/download/sim_naturwissenschaften_1913-05-23_1_21/sim_naturwissenschaften_1913-05-23_1_21_djvu.txt	?	-
sim_naturwissenschaften_1913-05-30_1_22	https://archive.org/download/sim_naturwissenschaften_1913-05-30_1_22/sim_naturwissenschaften_1913-05-30_1_22_djvu.txt	?	-
sim_naturwissenschaften_1913-06-06_1_23	https://archive.org/download/sim_naturwissenschaften_1913-06-06_1_23/sim_naturwissenschaften_1913-06-06_1_23_djvu.txt	?	-
sim_naturwissenschaften_1913-06-13_1_24	https://archive.org/download/sim_naturwissenschaften_1913-06-13_1_24/sim_naturwissenschaften_1913-06-13_1_24_djvu.txt	?	-
sim_naturwissenschaften_1913-06-20_1_25	https://archive.org/download/sim_naturwissenschaften_1913-06-20_1_25/sim_naturwissenschaften_1913-06-20_1_25_djvu.txt	?	-
sim_naturwissenschaften_1913-06-27_1_26	https://archive.org/download/sim_naturwissenschaften_1913-06-27_1_26/sim_naturwissenschaften_1913-06-27_1_26_djvu.txt	?	-
sim_naturwissenschaften_1913-07-04_1_27	https://archive.org/download/sim_naturwissenschaften_1913-07-04_1_27/sim_naturwissenschaften_1913-07-04_1_27_djvu.txt	?	-
sim_naturwissenschaften_1913-07-11_1_28	https://archive.org/download/sim_naturwissenschaften_1913-07-11_1_28/sim_naturwissenschaften_1913-07-11_1_28_djvu.txt	?	-
sim_naturwissenschaften_1913-07-18_1_29	https://archive.org/download/sim_naturwissenschaften_1913-07-18_1_29/sim_naturwissenschaften_1913-07-18_1_29_djvu.txt	?	-
sim_naturwissenschaften_1913-07-25_1_30	https://archive.org/download/sim_naturwissenschaften_1913-07-25_1_30/sim_naturwissenschaften_1913-07-25_1_30_djvu.txt	?	-
sim_naturwissenschaften_1913-08-01_1_31	https://archive.org/download/sim_naturwissenschaften_1913-08-01_1_31/sim_naturwissenschaften_1913-08-01_1_31_djvu.txt	?	-
sim_naturwissenschaften_1913-08-08_1_32	https://archive.org/download/sim_naturwissenschaften_1913-08-08_1_32/sim_naturwissenschaften_1913-08-08_1_32_djvu.txt	?	-
sim_naturwissenschaften_1913-08-15_1_33	https://archive.org/download/sim_naturwissenschaften_1913-08-15_1_33/sim_naturwissenschaften_1913-08-15_1_33_djvu.txt	?	-
sim_naturwissenschaften_1913-08-22_1_34	https://archive.org/download/sim_naturwissenschaften_1913-08-22_1_34/sim_naturwissenschaften_1913-08-22_1_34_djvu.txt	?	-
sim_naturwissenschaften_1913-08-29_1_35	https://archive.org/download/sim_naturwissenschaften_1913-08-29_1_35/sim_naturwissenschaften_1913-08-29_1_35_djvu.txt	?	-
sim_naturwissenschaften_1913-09-05_1_36	https://archive.org/download/sim_naturwissenschaften_1913-09-05_1_36/sim_naturwissenschaften_1913-09-05_1_36_djvu.txt	?	-
sim_naturwissenschaften_1913-09-12_1_37	https://archive.org/download/sim_naturwissenschaften_1913-09-12_1_37/sim_naturwissenschaften_1913-09-12_1_37_djvu.txt	?	-
sim_naturwissenschaften_1913-09-19_1_38	https://archive.org/download/sim_naturwissenschaften_1913-09-19_1_38/sim_naturwissenschaften_1913-09-19_1_38_djvu.txt	?	-
sim_naturwissenschaften_1913-09-26_1_39	https://archive.org/download/sim_naturwissenschaften_1913-09-26_1_39/sim_naturwissenschaften_1913-09-26_1_39_djvu.txt	?	-
sim_naturwissenschaften_1913-10-03_1_40	https://archive.org/download/sim_naturwissenschaften_1913-10-03_1_40/sim_naturwissenschaften_1913-10-03_1_40_djvu.txt	?	-
sim_naturwissenschaften_1913-10-10_1_41	https://archive.org/download/sim_naturwissenschaften_1913-10-10_1_41/sim_naturwissenschaften_1913-10-10_1_41_djvu.txt	?	-
sim_naturwissenschaften_1913-10-17_1_42	https://archive.org/download/sim_naturwissenschaften_1913-10-17_1_42/sim_naturwissenschaften_1913-10-17_1_42_djvu.txt	?	-
sim_naturwissenschaften_1913-10-24_1_43	https://archive.org/download/sim_naturwissenschaften_1913-10-24_1_43/sim_naturwissenschaften_1913-10-24_1_43_djvu.txt	?	-
sim_naturwissenschaften_1913-10-31_1_44	https://archive.org/download/sim_naturwissenschaften_1913-10-31_1_44/sim_naturwissenschaften_1913-10-31_1_44_djvu.txt	?	-
sim_naturwissenschaften_1913-11-07_1_45	https://archive.org/download/sim_naturwissenschaften_1913-11-07_1_45/sim_naturwissenschaften_1913-11-07_1_45_djvu.txt	?	-
sim_naturwissenschaften_1913-11-14_1_46	https://archive.org/download/sim_naturwissenschaften_1913-11-14_1_46/sim_naturwissenschaften_1913-11-14_1_46_djvu.txt	?	-
sim_naturwissenschaften_1913-11-21_1_47	https://archive.org/download/sim_naturwissenschaften_1913-11-21_1_47/sim_naturwissenschaften_1913-11-21_1_47_djvu.txt	?	-
sim_naturwissenschaften_1913-11-28_1_48	https://archive.org/download/sim_naturwissenschaften_1913-11-28_1_48/sim_naturwissenschaften_1913-11-28_1_48_djvu.txt	?	-
sim_naturwissenschaften_1913-12-05_1_49	https://archive.org/download/sim_naturwissenschaften_1913-12-05_1_49/sim_naturwissenschaften_1913-12-05_1_49_djvu.txt	?	-
sim_naturwissenschaften_1913-12-12_1_50	https://archive.org/download/sim_naturwissenschaften_1913-12-12_1_50/sim_naturwissenschaften_1913-12-12_1_50_djvu.txt	?	-
sim_naturwissenschaften_1913-12-19_1_51	https://archive.org/download/sim_naturwissenschaften_1913-12-19_1_51/sim_naturwissenschaften_1913-12-19_1_51_djvu.txt	?	-
sim_naturwissenschaften_1913-12-26_1_52	https://archive.org/download/sim_naturwissenschaften_1913-12-26_1_52/sim_naturwissenschaften_1913-12-26_1_52_djvu.txt	?	-
sim_naturwissenschaften_1913_1_contents	https://archive.org/download/sim_naturwissenschaften_1913_1_contents/sim_naturwissenschaften_1913_1_contents_djvu.txt	?	-
sim_naturwissenschaften_1914-01-02_2_1	https://archive.org/download/sim_naturwissenschaften_1914-01-02_2_1/sim_naturwissenschaften_1914-01-02_2_1_djvu.txt	?	-
sim_naturwissenschaften_1914-01-09_2_2	https://archive.org/download/sim_naturwissenschaften_1914-01-09_2_2/sim_naturwissenschaften_1914-01-09_2_2_djvu.txt	?	-
sim_naturwissenschaften_1914-01-16_2_3	https://archive.org/download/sim_naturwissenschaften_1914-01-16_2_3/sim_naturwissenschaften_1914-01-16_2_3_djvu.txt	?	-
sim_naturwissenschaften_1914-01-23_2_4	https://archive.org/download/sim_naturwissenschaften_1914-01-23_2_4/sim_naturwissenschaften_1914-01-23_2_4_djvu.txt	?	-
sim_naturwissenschaften_1914-01-30_2_5	https://archive.org/download/sim_naturwissenschaften_1914-01-30_2_5/sim_naturwissenschaften_1914-01-30_2_5_djvu.txt	?	-
sim_naturwissenschaften_1914-02-06_2_6	https://archive.org/download/sim_naturwissenschaften_1914-02-06_2_6/sim_naturwissenschaften_1914-02-06_2_6_djvu.txt	?	-
sim_naturwissenschaften_1914-02-13_2_7	https://archive.org/download/sim_naturwissenschaften_1914-02-13_2_7/sim_naturwissenschaften_1914-02-13_2_7_djvu.txt	?	-
sim_naturwissenschaften_1914-02-20_2_8	https://archive.org/download/sim_naturwissenschaften_1914-02-20_2_8/sim_naturwissenschaften_1914-02-20_2_8_djvu.txt	?	-
sim_naturwissenschaften_1914-02-27_2_9	https://archive.org/download/sim_naturwissenschaften_1914-02-27_2_9/sim_naturwissenschaften_1914-02-27_2_9_djvu.txt	?	-
sim_naturwissenschaften_1914-03-06_2_10	https://archive.org/download/sim_naturwissenschaften_1914-03-06_2_10/sim_naturwissenschaften_1914-03-06_2_10_djvu.txt	?	-
sim_naturwissenschaften_1914-03-13_2_11	https://archive.org/download/sim_naturwissenschaften_1914-03-13_2_11/sim_naturwissenschaften_1914-03-13_2_11_djvu.txt	?	-
sim_naturwissenschaften_1914-03-20_2_12	https://archive.org/download/sim_naturwissenschaften_1914-03-20_2_12/sim_naturwissenschaften_1914-03-20_2_12_djvu.txt	?	-
sim_naturwissenschaften_1914-03-27_2_13	https://archive.org/download/sim_naturwissenschaften_1914-03-27_2_13/sim_naturwissenschaften_1914-03-27_2_13_djvu.txt	?	-
sim_naturwissenschaften_1914-04-03_2_14	https://archive.org/download/sim_naturwissenschaften_1914-04-03_2_14/sim_naturwissenschaften_1914-04-03_2_14_djvu.txt	?	-
sim_naturwissenschaften_1914-04-10_2_15	https://archive.org/download/sim_naturwissenschaften_1914-04-10_2_15/sim_naturwissenschaften_1914-04-10_2_15_djvu.txt	?	-
sim_naturwissenschaften_1914-04-17_2_16	https://archive.org/download/sim_naturwissenschaften_1914-04-17_2_16/sim_naturwissenschaften_1914-04-17_2_16_djvu.txt	?	-
sim_naturwissenschaften_1914-04-24_2_17	https://archive.org/download/sim_naturwissenschaften_1914-04-24_2_17/sim_naturwissenschaften_1914-04-24_2_17_djvu.txt	?	-
sim_naturwissenschaften_1914-05-01_2_18	https://archive.org/download/sim_naturwissenschaften_1914-05-01_2_18/sim_naturwissenschaften_1914-05-01_2_18_djvu.txt	?	-
sim_naturwissenschaften_1914-05-08_2_19	https://archive.org/download/sim_naturwissenschaften_1914-05-08_2_19/sim_naturwissenschaften_1914-05-08_2_19_djvu.txt	?	-
sim_naturwissenschaften_1914-05-15_2_20	https://archive.org/download/sim_naturwissenschaften_1914-05-15_2_20/sim_naturwissenschaften_1914-05-15_2_20_djvu.txt	?	-
sim_naturwissenschaften_1914-05-22_2_21	https://archive.org/download/sim_naturwissenschaften_1914-05-22_2_21/sim_naturwissenschaften_1914-05-22_2_21_djvu.txt	?	-
sim_naturwissenschaften_1914-05-29_2_22	https://archive.org/download/sim_naturwissenschaften_1914-05-29_2_22/sim_naturwissenschaften_1914-05-29_2_22_djvu.txt	?	-
sim_naturwissenschaften_1914-06-05_2_23	https://archive.org/download/sim_naturwissenschaften_1914-06-05_2_23/sim_naturwissenschaften_1914-06-05_2_23_djvu.txt	?	-
sim_naturwissenschaften_1914-06-12_2_24	https://archive.org/download/sim_naturwissenschaften_1914-06-12_2_24/sim_naturwissenschaften_1914-06-12_2_24_djvu.txt	?	-
sim_naturwissenschaften_1914-06-19_2_25	https://archive.org/download/sim_naturwissenschaften_1914-06-19_2_25/sim_naturwissenschaften_1914-06-19_2_25_djvu.txt	?	-
sim_naturwissenschaften_1914-06-26_2_26	https://archive.org/download/sim_naturwissenschaften_1914-06-26_2_26/sim_naturwissenschaften_1914-06-26_2_26_djvu.txt	?	-
sim_naturwissenschaften_1914-07-03_2_27	https://archive.org/download/sim_naturwissenschaften_1914-07-03_2_27/sim_naturwissenschaften_1914-07-03_2_27_djvu.txt	?	-
sim_naturwissenschaften_1914-07-10_2_28	https://archive.org/download/sim_naturwissenschaften_1914-07-10_2_28/sim_naturwissenschaften_1914-07-10_2_28_djvu.txt	?	-
sim_naturwissenschaften_1914-07-17_2_29	https://archive.org/download/sim_naturwissenschaften_1914-07-17_2_29/sim_naturwissenschaften_1914-07-17_2_29_djvu.txt	?	-
sim_naturwissenschaften_1914-07-24_2_30	https://archive.org/download/sim_naturwissenschaften_1914-07-24_2_30/sim_naturwissenschaften_1914-07-24_2_30_djvu.txt	?	-
sim_naturwissenschaften_1914-07-31_2_31	https://archive.org/download/sim_naturwissenschaften_1914-07-31_2_31/sim_naturwissenschaften_1914-07-31_2_31_djvu.txt	?	-
sim_naturwissenschaften_1914-08-07_2_32	https://archive.org/download/sim_naturwissenschaften_1914-08-07_2_32/sim_naturwissenschaften_1914-08-07_2_32_djvu.txt	?	-
sim_naturwissenschaften_1914-08-14_2_33	https://archive.org/download/sim_naturwissenschaften_1914-08-14_2_33/sim_naturwissenschaften_1914-08-14_2_33_djvu.txt	?	-
sim_naturwissenschaften_1914-08-28_2_34-35	https://archive.org/download/sim_naturwissenschaften_1914-08-28_2_34-35/sim_naturwissenschaften_1914-08-28_2_34-35_djvu.txt	?	-
sim_naturwissenschaften_1914-09-04_2_36	https://archive.org/download/sim_naturwissenschaften_1914-09-04_2_36/sim_naturwissenschaften_1914-09-04_2_36_djvu.txt	?	-
sim_naturwissenschaften_1914-09-11_2_37	https://archive.org/download/sim_naturwissenschaften_1914-09-11_2_37/sim_naturwissenschaften_1914-09-11_2_37_djvu.txt	?	-
sim_naturwissenschaften_1914-09-18_2_38	https://archive.org/download/sim_naturwissenschaften_1914-09-18_2_38/sim_naturwissenschaften_1914-09-18_2_38_djvu.txt	?	-
sim_naturwissenschaften_1914-09-25_2_39	https://archive.org/download/sim_naturwissenschaften_1914-09-25_2_39/sim_naturwissenschaften_1914-09-25_2_39_djvu.txt	?	-
sim_naturwissenschaften_1914-10-02_2_40	https://archive.org/download/sim_naturwissenschaften_1914-10-02_2_40/sim_naturwissenschaften_1914-10-02_2_40_djvu.txt	?	-
sim_naturwissenschaften_1914-10-09_2_41	https://archive.org/download/sim_naturwissenschaften_1914-10-09_2_41/sim_naturwissenschaften_1914-10-09_2_41_djvu.txt	?	-
sim_naturwissenschaften_1914-10-16_2_42	https://archive.org/download/sim_naturwissenschaften_1914-10-16_2_42/sim_naturwissenschaften_1914-10-16_2_42_djvu.txt	?	-
sim_naturwissenschaften_1914-10-23_2_43	https://archive.org/download/sim_naturwissenschaften_1914-10-23_2_43/sim_naturwissenschaften_1914-10-23_2_43_djvu.txt	?	-
sim_naturwissenschaften_1914-10-30_2_44	https://archive.org/download/sim_naturwissenschaften_1914-10-30_2_44/sim_naturwissenschaften_1914-10-30_2_44_djvu.txt	?	-
sim_naturwissenschaften_1914-11-06_2_45	https://archive.org/download/sim_naturwissenschaften_1914-11-06_2_45/sim_naturwissenschaften_1914-11-06_2_45_djvu.txt	?	-
sim_naturwissenschaften_1914-11-13_2_46	https://archive.org/download/sim_naturwissenschaften_1914-11-13_2_46/sim_naturwissenschaften_1914-11-13_2_46_djvu.txt	?	-
sim_naturwissenschaften_1914-11-20_2_47	https://archive.org/download/sim_naturwissenschaften_1914-11-20_2_47/sim_naturwissenschaften_1914-11-20_2_47_djvu.txt	?	-
sim_naturwissenschaften_1914-11-27_2_48	https://archive.org/download/sim_naturwissenschaften_1914-11-27_2_48/sim_naturwissenschaften_1914-11-27_2_48_djvu.txt	?	-
sim_naturwissenschaften_1914-12-04_2_49	https://archive.org/download/sim_naturwissenschaften_1914-12-04_2_49/sim_naturwissenschaften_1914-12-04_2_49_djvu.txt	?	-
sim_naturwissenschaften_1914-12-11_2_50	https://archive.org/download/sim_naturwissenschaften_1914-12-11_2_50/sim_naturwissenschaften_1914-12-11_2_50_djvu.txt	?	-
sim_naturwissenschaften_1914-12-18_2_51	https://archive.org/download/sim_naturwissenschaften_1914-12-18_2_51/sim_naturwissenschaften_1914-12-18_2_51_djvu.txt	?	-
sim_naturwissenschaften_1914-12-25_2_52	https://archive.org/download/sim_naturwissenschaften_1914-12-25_2_52/sim_naturwissenschaften_1914-12-25_2_52_djvu.txt	?	-
sim_naturwissenschaften_1914_2_contents	https://archive.org/download/sim_naturwissenschaften_1914_2_contents/sim_naturwissenschaften_1914_2_contents_djvu.txt	?	-
sim_naturwissenschaften_1915-01-01_3_1	https://archive.org/download/sim_naturwissenschaften_1915-01-01_3_1/sim_naturwissenschaften_1915-01-01_3_1_djvu.txt	?	-
sim_naturwissenschaften_1915-01-08_3_2	https://archive.org/download/sim_naturwissenschaften_1915-01-08_3_2/sim_naturwissenschaften_1915-01-08_3_2_djvu.txt	?	-
sim_naturwissenschaften_1915-01-15_3_3	https://archive.org/download/sim_naturwissenschaften_1915-01-15_3_3/sim_naturwissenschaften_1915-01-15_3_3_djvu.txt	?	-
sim_naturwissenschaften_1915-01-22_3_4	https://archive.org/download/sim_naturwissenschaften_1915-01-22_3_4/sim_naturwissenschaften_1915-01-22_3_4_djvu.txt	?	-
sim_naturwissenschaften_1915-01-29_3_5	https://archive.org/download/sim_naturwissenschaften_1915-01-29_3_5/sim_naturwissenschaften_1915-01-29_3_5_djvu.txt	?	-
sim_naturwissenschaften_1915-02-05_3_6	https://archive.org/download/sim_naturwissenschaften_1915-02-05_3_6/sim_naturwissenschaften_1915-02-05_3_6_djvu.txt	?	-
sim_naturwissenschaften_1915-02-12_3_7	https://archive.org/download/sim_naturwissenschaften_1915-02-12_3_7/sim_naturwissenschaften_1915-02-12_3_7_djvu.txt	?	-
sim_naturwissenschaften_1915-02-19_3_8	https://archive.org/download/sim_naturwissenschaften_1915-02-19_3_8/sim_naturwissenschaften_1915-02-19_3_8_djvu.txt	?	-
sim_naturwissenschaften_1915-02-26_3_9	https://archive.org/download/sim_naturwissenschaften_1915-02-26_3_9/sim_naturwissenschaften_1915-02-26_3_9_djvu.txt	?	-
sim_naturwissenschaften_1915-03-05_3_10	https://archive.org/download/sim_naturwissenschaften_1915-03-05_3_10/sim_naturwissenschaften_1915-03-05_3_10_djvu.txt	?	-
sim_naturwissenschaften_1915-03-12_3_11	https://archive.org/download/sim_naturwissenschaften_1915-03-12_3_11/sim_naturwissenschaften_1915-03-12_3_11_djvu.txt	?	-
sim_naturwissenschaften_1915-03-19_3_12	https://archive.org/download/sim_naturwissenschaften_1915-03-19_3_12/sim_naturwissenschaften_1915-03-19_3_12_djvu.txt	?	-
sim_naturwissenschaften_1915-03-26_3_13	https://archive.org/download/sim_naturwissenschaften_1915-03-26_3_13/sim_naturwissenschaften_1915-03-26_3_13_djvu.txt	?	-
sim_naturwissenschaften_1915-04-02_3_14	https://archive.org/download/sim_naturwissenschaften_1915-04-02_3_14/sim_naturwissenschaften_1915-04-02_3_14_djvu.txt	?	-
sim_naturwissenschaften_1915-04-09_3_15	https://archive.org/download/sim_naturwissenschaften_1915-04-09_3_15/sim_naturwissenschaften_1915-04-09_3_15_djvu.txt	?	-
sim_naturwissenschaften_1915-04-16_3_16	https://archive.org/download/sim_naturwissenschaften_1915-04-16_3_16/sim_naturwissenschaften_1915-04-16_3_16_djvu.txt	?	-
sim_naturwissenschaften_1915-04-23_3_17	https://archive.org/download/sim_naturwissenschaften_1915-04-23_3_17/sim_naturwissenschaften_1915-04-23_3_17_djvu.txt	?	-
sim_naturwissenschaften_1915-04-30_3_18	https://archive.org/download/sim_naturwissenschaften_1915-04-30_3_18/sim_naturwissenschaften_1915-04-30_3_18_djvu.txt	?	-
sim_naturwissenschaften_1915-05-07_3_19	https://archive.org/download/sim_naturwissenschaften_1915-05-07_3_19/sim_naturwissenschaften_1915-05-07_3_19_djvu.txt	?	-
sim_naturwissenschaften_1915-05-14_3_20	https://archive.org/download/sim_naturwissenschaften_1915-05-14_3_20/sim_naturwissenschaften_1915-05-14_3_20_djvu.txt	?	-
sim_naturwissenschaften_1915-05-21_3_21	https://archive.org/download/sim_naturwissenschaften_1915-05-21_3_21/sim_naturwissenschaften_1915-05-21_3_21_djvu.txt	?	-
sim_naturwissenschaften_1915-05-28_3_22	https://archive.org/download/sim_naturwissenschaften_1915-05-28_3_22/sim_naturwissenschaften_1915-05-28_3_22_djvu.txt	?	-
sim_naturwissenschaften_1915-06-04_3_23	https://archive.org/download/sim_naturwissenschaften_1915-06-04_3_23/sim_naturwissenschaften_1915-06-04_3_23_djvu.txt	?	-
sim_naturwissenschaften_1915-06-11_3_24	https://archive.org/download/sim_naturwissenschaften_1915-06-11_3_24/sim_naturwissenschaften_1915-06-11_3_24_djvu.txt	?	-
sim_naturwissenschaften_1915-06-18_3_25	https://archive.org/download/sim_naturwissenschaften_1915-06-18_3_25/sim_naturwissenschaften_1915-06-18_3_25_djvu.txt	?	-
sim_naturwissenschaften_1915-06-25_3_26	https://archive.org/download/sim_naturwissenschaften_1915-06-25_3_26/sim_naturwissenschaften_1915-06-25_3_26_djvu.txt	?	-
sim_naturwissenschaften_1915-07-02_3_27	https://archive.org/download/sim_naturwissenschaften_1915-07-02_3_27/sim_naturwissenschaften_1915-07-02_3_27_djvu.txt	?	-
sim_naturwissenschaften_1915-07-09_3_28	https://archive.org/download/sim_naturwissenschaften_1915-07-09_3_28/sim_naturwissenschaften_1915-07-09_3_28_djvu.txt	?	-
sim_naturwissenschaften_1915-07-16_3_29	https://archive.org/download/sim_naturwissenschaften_1915-07-16_3_29/sim_naturwissenschaften_1915-07-16_3_29_djvu.txt	?	-
sim_naturwissenschaften_1915-07-23_3_30	https://archive.org/download/sim_naturwissenschaften_1915-07-23_3_30/sim_naturwissenschaften_1915-07-23_3_30_djvu.txt	?	-
sim_naturwissenschaften_1915-07-30_3_31	https://archive.org/download/sim_naturwissenschaften_1915-07-30_3_31/sim_naturwissenschaften_1915-07-30_3_31_djvu.txt	?	-
sim_naturwissenschaften_1915-08-06_3_32	https://archive.org/download/sim_naturwissenschaften_1915-08-06_3_32/sim_naturwissenschaften_1915-08-06_3_32_djvu.txt	?	-
sim_naturwissenschaften_1915-08-13_3_33	https://archive.org/download/sim_naturwissenschaften_1915-08-13_3_33/sim_naturwissenschaften_1915-08-13_3_33_djvu.txt	?	-
sim_naturwissenschaften_1915-08-20_3_34	https://archive.org/download/sim_naturwissenschaften_1915-08-20_3_34/sim_naturwissenschaften_1915-08-20_3_34_djvu.txt	?	-
sim_naturwissenschaften_1915-08-27_3_35	https://archive.org/download/sim_naturwissenschaften_1915-08-27_3_35/sim_naturwissenschaften_1915-08-27_3_35_djvu.txt	?	-
sim_naturwissenschaften_1915-09-03_3_36	https://archive.org/download/sim_naturwissenschaften_1915-09-03_3_36/sim_naturwissenschaften_1915-09-03_3_36_djvu.txt	?	-
sim_naturwissenschaften_1915-09-10_3_37	https://archive.org/download/sim_naturwissenschaften_1915-09-10_3_37/sim_naturwissenschaften_1915-09-10_3_37_djvu.txt	?	-
sim_naturwissenschaften_1915-09-17_3_38	https://archive.org/download/sim_naturwissenschaften_1915-09-17_3_38/sim_naturwissenschaften_1915-09-17_3_38_djvu.txt	?	-
sim_naturwissenschaften_1915-09-24_3_39	https://archive.org/download/sim_naturwissenschaften_1915-09-24_3_39/sim_naturwissenschaften_1915-09-24_3_39_djvu.txt	?	-
sim_naturwissenschaften_1915-10-01_3_40	https://archive.org/download/sim_naturwissenschaften_1915-10-01_3_40/sim_naturwissenschaften_1915-10-01_3_40_djvu.txt	?	-
sim_naturwissenschaften_1915-10-08_3_41	https://archive.org/download/sim_naturwissenschaften_1915-10-08_3_41/sim_naturwissenschaften_1915-10-08_3_41_djvu.txt	?	-
sim_naturwissenschaften_1915-10-15_3_42	https://archive.org/download/sim_naturwissenschaften_1915-10-15_3_42/sim_naturwissenschaften_1915-10-15_3_42_djvu.txt	?	-
sim_naturwissenschaften_1915-10-22_3_43	https://archive.org/download/sim_naturwissenschaften_1915-10-22_3_43/sim_naturwissenschaften_1915-10-22_3_43_djvu.txt	?	-
sim_naturwissenschaften_1915-10-29_3_44	https://archive.org/download/sim_naturwissenschaften_1915-10-29_3_44/sim_naturwissenschaften_1915-10-29_3_44_djvu.txt	?	-
sim_naturwissenschaften_1915-11-05_3_45	https://archive.org/download/sim_naturwissenschaften_1915-11-05_3_45/sim_naturwissenschaften_1915-11-05_3_45_djvu.txt	?	-
sim_naturwissenschaften_1915-11-12_3_46	https://archive.org/download/sim_naturwissenschaften_1915-11-12_3_46/sim_naturwissenschaften_1915-11-12_3_46_djvu.txt	?	-
sim_naturwissenschaften_1915-11-19_3_47	https://archive.org/download/sim_naturwissenschaften_1915-11-19_3_47/sim_naturwissenschaften_1915-11-19_3_47_djvu.txt	?	-
sim_naturwissenschaften_1915-11-26_3_48	https://archive.org/download/sim_naturwissenschaften_1915-11-26_3_48/sim_naturwissenschaften_1915-11-26_3_48_djvu.txt	?	-
sim_naturwissenschaften_1915-12-03_3_49	https://archive.org/download/sim_naturwissenschaften_1915-12-03_3_49/sim_naturwissenschaften_1915-12-03_3_49_djvu.txt	?	-
sim_naturwissenschaften_1915-12-10_3_50	https://archive.org/download/sim_naturwissenschaften_1915-12-10_3_50/sim_naturwissenschaften_1915-12-10_3_50_djvu.txt	?	-
sim_naturwissenschaften_1915-12-17_3_51	https://archive.org/download/sim_naturwissenschaften_1915-12-17_3_51/sim_naturwissenschaften_1915-12-17_3_51_djvu.txt	?	-
sim_naturwissenschaften_1915-12-24_3_52	https://archive.org/download/sim_naturwissenschaften_1915-12-24_3_52/sim_naturwissenschaften_1915-12-24_3_52_djvu.txt	?	-
sim_naturwissenschaften_1915-12-31_3_53	https://archive.org/download/sim_naturwissenschaften_1915-12-31_3_53/sim_naturwissenschaften_1915-12-31_3_53_djvu.txt	?	-
sim_naturwissenschaften_1915_3_contents	https://archive.org/download/sim_naturwissenschaften_1915_3_contents/sim_naturwissenschaften_1915_3_contents_djvu.txt	?	-
sim_naturwissenschaften_1916-01-07_4_1	https://archive.org/download/sim_naturwissenschaften_1916-01-07_4_1/sim_naturwissenschaften_1916-01-07_4_1_djvu.txt	?	-
sim_naturwissenschaften_1916-01-14_4_2	https://archive.org/download/sim_naturwissenschaften_1916-01-14_4_2/sim_naturwissenschaften_1916-01-14_4_2_djvu.txt	?	-
sim_naturwissenschaften_1916-01-21_4_3	https://archive.org/download/sim_naturwissenschaften_1916-01-21_4_3/sim_naturwissenschaften_1916-01-21_4_3_djvu.txt	?	-
sim_naturwissenschaften_1916-01-28_4_4	https://archive.org/download/sim_naturwissenschaften_1916-01-28_4_4/sim_naturwissenschaften_1916-01-28_4_4_djvu.txt	?	-
sim_naturwissenschaften_1916-02-04_4_5	https://archive.org/download/sim_naturwissenschaften_1916-02-04_4_5/sim_naturwissenschaften_1916-02-04_4_5_djvu.txt	?	-
sim_naturwissenschaften_1916-02-11_4_6	https://archive.org/download/sim_naturwissenschaften_1916-02-11_4_6/sim_naturwissenschaften_1916-02-11_4_6_djvu.txt	?	-
sim_naturwissenschaften_1916-02-18_4_7	https://archive.org/download/sim_naturwissenschaften_1916-02-18_4_7/sim_naturwissenschaften_1916-02-18_4_7_djvu.txt	?	-
sim_naturwissenschaften_1916-02-25_4_8	https://archive.org/download/sim_naturwissenschaften_1916-02-25_4_8/sim_naturwissenschaften_1916-02-25_4_8_djvu.txt	?	-
sim_naturwissenschaften_1916-03-03_4_9	https://archive.org/download/sim_naturwissenschaften_1916-03-03_4_9/sim_naturwissenschaften_1916-03-03_4_9_djvu.txt	?	-
sim_naturwissenschaften_1916-03-10_4_10	https://archive.org/download/sim_naturwissenschaften_1916-03-10_4_10/sim_naturwissenschaften_1916-03-10_4_10_djvu.txt	?	-
sim_naturwissenschaften_1916-03-17_4_11	https://archive.org/download/sim_naturwissenschaften_1916-03-17_4_11/sim_naturwissenschaften_1916-03-17_4_11_djvu.txt	?	-
sim_naturwissenschaften_1916-03-24_4_12	https://archive.org/download/sim_naturwissenschaften_1916-03-24_4_12/sim_naturwissenschaften_1916-03-24_4_12_djvu.txt	?	-
sim_naturwissenschaften_1916-03-31_4_13	https://archive.org/download/sim_naturwissenschaften_1916-03-31_4_13/sim_naturwissenschaften_1916-03-31_4_13_djvu.txt	?	-
sim_naturwissenschaften_1916-04-07_4_14	https://archive.org/download/sim_naturwissenschaften_1916-04-07_4_14/sim_naturwissenschaften_1916-04-07_4_14_djvu.txt	?	-
sim_naturwissenschaften_1916-04-14_4_15	https://archive.org/download/sim_naturwissenschaften_1916-04-14_4_15/sim_naturwissenschaften_1916-04-14_4_15_djvu.txt	?	-
sim_naturwissenschaften_1916-04-21_4_16	https://archive.org/download/sim_naturwissenschaften_1916-04-21_4_16/sim_naturwissenschaften_1916-04-21_4_16_djvu.txt	?	-
sim_naturwissenschaften_1916-04-28_4_17	https://archive.org/download/sim_naturwissenschaften_1916-04-28_4_17/sim_naturwissenschaften_1916-04-28_4_17_djvu.txt	?	-
sim_naturwissenschaften_1916-05-05_4_18	https://archive.org/download/sim_naturwissenschaften_1916-05-05_4_18/sim_naturwissenschaften_1916-05-05_4_18_djvu.txt	?	-
sim_naturwissenschaften_1916-05-12_4_19	https://archive.org/download/sim_naturwissenschaften_1916-05-12_4_19/sim_naturwissenschaften_1916-05-12_4_19_djvu.txt	?	-
sim_naturwissenschaften_1916-05-19_4_20	https://archive.org/download/sim_naturwissenschaften_1916-05-19_4_20/sim_naturwissenschaften_1916-05-19_4_20_djvu.txt	?	-
sim_naturwissenschaften_1916-05-26_4_21	https://archive.org/download/sim_naturwissenschaften_1916-05-26_4_21/sim_naturwissenschaften_1916-05-26_4_21_djvu.txt	?	-
sim_naturwissenschaften_1916-06-02_4_22	https://archive.org/download/sim_naturwissenschaften_1916-06-02_4_22/sim_naturwissenschaften_1916-06-02_4_22_djvu.txt	?	-
sim_naturwissenschaften_1916-06-09_4_23	https://archive.org/download/sim_naturwissenschaften_1916-06-09_4_23/sim_naturwissenschaften_1916-06-09_4_23_djvu.txt	?	-
sim_naturwissenschaften_1916-06-16_4_24	https://archive.org/download/sim_naturwissenschaften_1916-06-16_4_24/sim_naturwissenschaften_1916-06-16_4_24_djvu.txt	?	-
sim_naturwissenschaften_1916-06-23_4_25	https://archive.org/download/sim_naturwissenschaften_1916-06-23_4_25/sim_naturwissenschaften_1916-06-23_4_25_djvu.txt	?	-
sim_naturwissenschaften_1916-06-30_4_26	https://archive.org/download/sim_naturwissenschaften_1916-06-30_4_26/sim_naturwissenschaften_1916-06-30_4_26_djvu.txt	?	-
sim_naturwissenschaften_1916-07-07_4_27	https://archive.org/download/sim_naturwissenschaften_1916-07-07_4_27/sim_naturwissenschaften_1916-07-07_4_27_djvu.txt	?	-
sim_naturwissenschaften_1916-07-14_4_28	https://archive.org/download/sim_naturwissenschaften_1916-07-14_4_28/sim_naturwissenschaften_1916-07-14_4_28_djvu.txt	?	-
sim_naturwissenschaften_1916-07-21_4_29	https://archive.org/download/sim_naturwissenschaften_1916-07-21_4_29/sim_naturwissenschaften_1916-07-21_4_29_djvu.txt	?	-
sim_naturwissenschaften_1916-07-28_4_30	https://archive.org/download/sim_naturwissenschaften_1916-07-28_4_30/sim_naturwissenschaften_1916-07-28_4_30_djvu.txt	?	-
sim_naturwissenschaften_1916-08-04_4_31	https://archive.org/download/sim_naturwissenschaften_1916-08-04_4_31/sim_naturwissenschaften_1916-08-04_4_31_djvu.txt	?	-
sim_naturwissenschaften_1916-08-11_4_32	https://archive.org/download/sim_naturwissenschaften_1916-08-11_4_32/sim_naturwissenschaften_1916-08-11_4_32_djvu.txt	?	-
sim_naturwissenschaften_1916-08-18_4_33	https://archive.org/download/sim_naturwissenschaften_1916-08-18_4_33/sim_naturwissenschaften_1916-08-18_4_33_djvu.txt	?	-
sim_naturwissenschaften_1916-08-25_4_34	https://archive.org/download/sim_naturwissenschaften_1916-08-25_4_34/sim_naturwissenschaften_1916-08-25_4_34_djvu.txt	?	-
sim_naturwissenschaften_1916-09-01_4_35	https://archive.org/download/sim_naturwissenschaften_1916-09-01_4_35/sim_naturwissenschaften_1916-09-01_4_35_djvu.txt	?	-
sim_naturwissenschaften_1916-09-08_4_36	https://archive.org/download/sim_naturwissenschaften_1916-09-08_4_36/sim_naturwissenschaften_1916-09-08_4_36_djvu.txt	?	-
sim_naturwissenschaften_1916-09-15_4_37	https://archive.org/download/sim_naturwissenschaften_1916-09-15_4_37/sim_naturwissenschaften_1916-09-15_4_37_djvu.txt	?	-
sim_naturwissenschaften_1916-09-22_4_38	https://archive.org/download/sim_naturwissenschaften_1916-09-22_4_38/sim_naturwissenschaften_1916-09-22_4_38_djvu.txt	?	-
sim_naturwissenschaften_1916-09-29_4_39	https://archive.org/download/sim_naturwissenschaften_1916-09-29_4_39/sim_naturwissenschaften_1916-09-29_4_39_djvu.txt	?	-
sim_naturwissenschaften_1916-10-06_4_40	https://archive.org/download/sim_naturwissenschaften_1916-10-06_4_40/sim_naturwissenschaften_1916-10-06_4_40_djvu.txt	?	-
sim_naturwissenschaften_1916-10-13_4_41	https://archive.org/download/sim_naturwissenschaften_1916-10-13_4_41/sim_naturwissenschaften_1916-10-13_4_41_djvu.txt	?	-
sim_naturwissenschaften_1916-10-20_4_42	https://archive.org/download/sim_naturwissenschaften_1916-10-20_4_42/sim_naturwissenschaften_1916-10-20_4_42_djvu.txt	?	-
sim_naturwissenschaften_1916-10-27_4_43	https://archive.org/download/sim_naturwissenschaften_1916-10-27_4_43/sim_naturwissenschaften_1916-10-27_4_43_djvu.txt	?	-
sim_naturwissenschaften_1916-11-03_4_44	https://archive.org/download/sim_naturwissenschaften_1916-11-03_4_44/sim_naturwissenschaften_1916-11-03_4_44_djvu.txt	?	-
sim_naturwissenschaften_1916-11-10_4_45	https://archive.org/download/sim_naturwissenschaften_1916-11-10_4_45/sim_naturwissenschaften_1916-11-10_4_45_djvu.txt	?	-
sim_naturwissenschaften_1916-11-17_4_46	https://archive.org/download/sim_naturwissenschaften_1916-11-17_4_46/sim_naturwissenschaften_1916-11-17_4_46_djvu.txt	?	-
sim_naturwissenschaften_1916-11-24_4_47	https://archive.org/download/sim_naturwissenschaften_1916-11-24_4_47/sim_naturwissenschaften_1916-11-24_4_47_djvu.txt	?	-
sim_naturwissenschaften_1916-12-01_4_48	https://archive.org/download/sim_naturwissenschaften_1916-12-01_4_48/sim_naturwissenschaften_1916-12-01_4_48_djvu.txt	?	-
sim_naturwissenschaften_1916-12-08_4_49	https://archive.org/download/sim_naturwissenschaften_1916-12-08_4_49/sim_naturwissenschaften_1916-12-08_4_49_djvu.txt	?	-
sim_naturwissenschaften_1916-12-15_4_50	https://archive.org/download/sim_naturwissenschaften_1916-12-15_4_50/sim_naturwissenschaften_1916-12-15_4_50_djvu.txt	?	-
sim_naturwissenschaften_1916-12-22_4_51	https://archive.org/download/sim_naturwissenschaften_1916-12-22_4_51/sim_naturwissenschaften_1916-12-22_4_51_djvu.txt	?	-
sim_naturwissenschaften_1916-12-29_4_52	https://archive.org/download/sim_naturwissenschaften_1916-12-29_4_52/sim_naturwissenschaften_1916-12-29_4_52_djvu.txt	?	-
sim_naturwissenschaften_1916_4_contents	https://archive.org/download/sim_naturwissenschaften_1916_4_contents/sim_naturwissenschaften_1916_4_contents_djvu.txt	?	-
sim_naturwissenschaften_1917-01-05_5_1	https://archive.org/download/sim_naturwissenschaften_1917-01-05_5_1/sim_naturwissenschaften_1917-01-05_5_1_djvu.txt	?	-
sim_naturwissenschaften_1917-01-12_5_2	https://archive.org/download/sim_naturwissenschaften_1917-01-12_5_2/sim_naturwissenschaften_1917-01-12_5_2_djvu.txt	?	-
sim_naturwissenschaften_1917-01-19_5_3	https://archive.org/download/sim_naturwissenschaften_1917-01-19_5_3/sim_naturwissenschaften_1917-01-19_5_3_djvu.txt	?	-
sim_naturwissenschaften_1917-01-26_5_4	https://archive.org/download/sim_naturwissenschaften_1917-01-26_5_4/sim_naturwissenschaften_1917-01-26_5_4_djvu.txt	?	-
sim_naturwissenschaften_1917-02-02_5_5	https://archive.org/download/sim_naturwissenschaften_1917-02-02_5_5/sim_naturwissenschaften_1917-02-02_5_5_djvu.txt	?	-
sim_naturwissenschaften_1917-02-09_5_6	https://archive.org/download/sim_naturwissenschaften_1917-02-09_5_6/sim_naturwissenschaften_1917-02-09_5_6_djvu.txt	?	-
sim_naturwissenschaften_1917-02-16_5_7	https://archive.org/download/sim_naturwissenschaften_1917-02-16_5_7/sim_naturwissenschaften_1917-02-16_5_7_djvu.txt	?	-
sim_naturwissenschaften_1917-02-23_5_8	https://archive.org/download/sim_naturwissenschaften_1917-02-23_5_8/sim_naturwissenschaften_1917-02-23_5_8_djvu.txt	?	-
sim_naturwissenschaften_1917-03-02_5_9	https://archive.org/download/sim_naturwissenschaften_1917-03-02_5_9/sim_naturwissenschaften_1917-03-02_5_9_djvu.txt	?	-
sim_naturwissenschaften_1917-03-09_5_10	https://archive.org/download/sim_naturwissenschaften_1917-03-09_5_10/sim_naturwissenschaften_1917-03-09_5_10_djvu.txt	?	-
sim_naturwissenschaften_1917-03-16_5_11	https://archive.org/download/sim_naturwissenschaften_1917-03-16_5_11/sim_naturwissenschaften_1917-03-16_5_11_djvu.txt	?	-
sim_naturwissenschaften_1917-03-23_5_12	https://archive.org/download/sim_naturwissenschaften_1917-03-23_5_12/sim_naturwissenschaften_1917-03-23_5_12_djvu.txt	?	-
sim_naturwissenschaften_1917-03-30_5_13	https://archive.org/download/sim_naturwissenschaften_1917-03-30_5_13/sim_naturwissenschaften_1917-03-30_5_13_djvu.txt	?	-
sim_naturwissenschaften_1917-04-06_5_14	https://archive.org/download/sim_naturwissenschaften_1917-04-06_5_14/sim_naturwissenschaften_1917-04-06_5_14_djvu.txt	?	-
sim_naturwissenschaften_1917-04-13_5_15	https://archive.org/download/sim_naturwissenschaften_1917-04-13_5_15/sim_naturwissenschaften_1917-04-13_5_15_djvu.txt	?	-
sim_naturwissenschaften_1917-04-20_5_16	https://archive.org/download/sim_naturwissenschaften_1917-04-20_5_16/sim_naturwissenschaften_1917-04-20_5_16_djvu.txt	?	-
sim_naturwissenschaften_1917-04-27_5_17	https://archive.org/download/sim_naturwissenschaften_1917-04-27_5_17/sim_naturwissenschaften_1917-04-27_5_17_djvu.txt	?	-
sim_naturwissenschaften_1917-05-04_5_18	https://archive.org/download/sim_naturwissenschaften_1917-05-04_5_18/sim_naturwissenschaften_1917-05-04_5_18_djvu.txt	?	-
sim_naturwissenschaften_1917-05-11_5_19	https://archive.org/download/sim_naturwissenschaften_1917-05-11_5_19/sim_naturwissenschaften_1917-05-11_5_19_djvu.txt	?	-
sim_naturwissenschaften_1917-05-18_5_20	https://archive.org/download/sim_naturwissenschaften_1917-05-18_5_20/sim_naturwissenschaften_1917-05-18_5_20_djvu.txt	?	-
sim_naturwissenschaften_1917-05-25_5_21	https://archive.org/download/sim_naturwissenschaften_1917-05-25_5_21/sim_naturwissenschaften_1917-05-25_5_21_djvu.txt	?	-
sim_naturwissenschaften_1917-06-01_5_22	https://archive.org/download/sim_naturwissenschaften_1917-06-01_5_22/sim_naturwissenschaften_1917-06-01_5_22_djvu.txt	?	-
sim_naturwissenschaften_1917-06-08_5_23	https://archive.org/download/sim_naturwissenschaften_1917-06-08_5_23/sim_naturwissenschaften_1917-06-08_5_23_djvu.txt	?	-
sim_naturwissenschaften_1917-06-15_5_24	https://archive.org/download/sim_naturwissenschaften_1917-06-15_5_24/sim_naturwissenschaften_1917-06-15_5_24_djvu.txt	?	-
sim_naturwissenschaften_1917-06-22_5_25	https://archive.org/download/sim_naturwissenschaften_1917-06-22_5_25/sim_naturwissenschaften_1917-06-22_5_25_djvu.txt	?	-
sim_naturwissenschaften_1917-06-29_5_26	https://archive.org/download/sim_naturwissenschaften_1917-06-29_5_26/sim_naturwissenschaften_1917-06-29_5_26_djvu.txt	?	-
sim_naturwissenschaften_1917-07-06_5_27	https://archive.org/download/sim_naturwissenschaften_1917-07-06_5_27/sim_naturwissenschaften_1917-07-06_5_27_djvu.txt	?	-
sim_naturwissenschaften_1917-07-13_5_28	https://archive.org/download/sim_naturwissenschaften_1917-07-13_5_28/sim_naturwissenschaften_1917-07-13_5_28_djvu.txt	?	-
sim_naturwissenschaften_1917-07-20_5_29	https://archive.org/download/sim_naturwissenschaften_1917-07-20_5_29/sim_naturwissenschaften_1917-07-20_5_29_djvu.txt	?	-
sim_naturwissenschaften_1917-07-27_5_30	https://archive.org/download/sim_naturwissenschaften_1917-07-27_5_30/sim_naturwissenschaften_1917-07-27_5_30_djvu.txt	?	-
sim_naturwissenschaften_1917-08-03_5_31	https://archive.org/download/sim_naturwissenschaften_1917-08-03_5_31/sim_naturwissenschaften_1917-08-03_5_31_djvu.txt	?	-
sim_naturwissenschaften_1917-08-10_5_32	https://archive.org/download/sim_naturwissenschaften_1917-08-10_5_32/sim_naturwissenschaften_1917-08-10_5_32_djvu.txt	?	-
sim_naturwissenschaften_1917-08-17_5_33	https://archive.org/download/sim_naturwissenschaften_1917-08-17_5_33/sim_naturwissenschaften_1917-08-17_5_33_djvu.txt	?	-
sim_naturwissenschaften_1917-08-24_5_34	https://archive.org/download/sim_naturwissenschaften_1917-08-24_5_34/sim_naturwissenschaften_1917-08-24_5_34_djvu.txt	?	-
sim_naturwissenschaften_1917-08-31_5_35	https://archive.org/download/sim_naturwissenschaften_1917-08-31_5_35/sim_naturwissenschaften_1917-08-31_5_35_djvu.txt	?	-
sim_naturwissenschaften_1917-09-07_5_36	https://archive.org/download/sim_naturwissenschaften_1917-09-07_5_36/sim_naturwissenschaften_1917-09-07_5_36_djvu.txt	?	-
sim_naturwissenschaften_1917-09-14_5_37	https://archive.org/download/sim_naturwissenschaften_1917-09-14_5_37/sim_naturwissenschaften_1917-09-14_5_37_djvu.txt	?	-
sim_naturwissenschaften_1917-09-21_5_38	https://archive.org/download/sim_naturwissenschaften_1917-09-21_5_38/sim_naturwissenschaften_1917-09-21_5_38_djvu.txt	?	-
sim_naturwissenschaften_1917-09-28_5_39	https://archive.org/download/sim_naturwissenschaften_1917-09-28_5_39/sim_naturwissenschaften_1917-09-28_5_39_djvu.txt	?	-
sim_naturwissenschaften_1917-10-05_5_40	https://archive.org/download/sim_naturwissenschaften_1917-10-05_5_40/sim_naturwissenschaften_1917-10-05_5_40_djvu.txt	?	-
sim_naturwissenschaften_1917-10-12_5_41	https://archive.org/download/sim_naturwissenschaften_1917-10-12_5_41/sim_naturwissenschaften_1917-10-12_5_41_djvu.txt	?	-
sim_naturwissenschaften_1917-10-19_5_42	https://archive.org/download/sim_naturwissenschaften_1917-10-19_5_42/sim_naturwissenschaften_1917-10-19_5_42_djvu.txt	?	-
sim_naturwissenschaften_1917-10-26_5_43	https://archive.org/download/sim_naturwissenschaften_1917-10-26_5_43/sim_naturwissenschaften_1917-10-26_5_43_djvu.txt	?	-
sim_naturwissenschaften_1917-11-02_5_44	https://archive.org/download/sim_naturwissenschaften_1917-11-02_5_44/sim_naturwissenschaften_1917-11-02_5_44_djvu.txt	?	-
sim_naturwissenschaften_1917-11-09_5_45	https://archive.org/download/sim_naturwissenschaften_1917-11-09_5_45/sim_naturwissenschaften_1917-11-09_5_45_djvu.txt	?	-
sim_naturwissenschaften_1917-11-16_5_46	https://archive.org/download/sim_naturwissenschaften_1917-11-16_5_46/sim_naturwissenschaften_1917-11-16_5_46_djvu.txt	?	-
sim_naturwissenschaften_1917-11-23_5_47	https://archive.org/download/sim_naturwissenschaften_1917-11-23_5_47/sim_naturwissenschaften_1917-11-23_5_47_djvu.txt	?	-
sim_naturwissenschaften_1917-11-30_5_48	https://archive.org/download/sim_naturwissenschaften_1917-11-30_5_48/sim_naturwissenschaften_1917-11-30_5_48_djvu.txt	?	-
sim_naturwissenschaften_1917-12-07_5_49	https://archive.org/download/sim_naturwissenschaften_1917-12-07_5_49/sim_naturwissenschaften_1917-12-07_5_49_djvu.txt	?	-
sim_naturwissenschaften_1917-12-14_5_50	https://archive.org/download/sim_naturwissenschaften_1917-12-14_5_50/sim_naturwissenschaften_1917-12-14_5_50_djvu.txt	?	-
sim_naturwissenschaften_1917-12-21_5_51	https://archive.org/download/sim_naturwissenschaften_1917-12-21_5_51/sim_naturwissenschaften_1917-12-21_5_51_djvu.txt	?	-
sim_naturwissenschaften_1917-12-28_5_52	https://archive.org/download/sim_naturwissenschaften_1917-12-28_5_52/sim_naturwissenschaften_1917-12-28_5_52_djvu.txt	?	-
sim_naturwissenschaften_1917_5_contents	https://archive.org/download/sim_naturwissenschaften_1917_5_contents/sim_naturwissenschaften_1917_5_contents_djvu.txt	?	-
sim_naturwissenschaften_1918-01-04_6_1	https://archive.org/download/sim_naturwissenschaften_1918-01-04_6_1/sim_naturwissenschaften_1918-01-04_6_1_djvu.txt	?	-
sim_naturwissenschaften_1918-01-11_6_2	https://archive.org/download/sim_naturwissenschaften_1918-01-11_6_2/sim_naturwissenschaften_1918-01-11_6_2_djvu.txt	?	-
sim_naturwissenschaften_1918-01-18_6_3	https://archive.org/download/sim_naturwissenschaften_1918-01-18_6_3/sim_naturwissenschaften_1918-01-18_6_3_djvu.txt	?	-
sim_naturwissenschaften_1918-01-25_6_4	https://archive.org/download/sim_naturwissenschaften_1918-01-25_6_4/sim_naturwissenschaften_1918-01-25_6_4_djvu.txt	?	-
sim_naturwissenschaften_1918-02-01_6_5	https://archive.org/download/sim_naturwissenschaften_1918-02-01_6_5/sim_naturwissenschaften_1918-02-01_6_5_djvu.txt	?	-
sim_naturwissenschaften_1918-02-08_6_6	https://archive.org/download/sim_naturwissenschaften_1918-02-08_6_6/sim_naturwissenschaften_1918-02-08_6_6_djvu.txt	?	-
sim_naturwissenschaften_1918-02-15_6_7	https://archive.org/download/sim_naturwissenschaften_1918-02-15_6_7/sim_naturwissenschaften_1918-02-15_6_7_djvu.txt	?	-
sim_naturwissenschaften_1918-02-22_6_8	https://archive.org/download/sim_naturwissenschaften_1918-02-22_6_8/sim_naturwissenschaften_1918-02-22_6_8_djvu.txt	?	-
sim_naturwissenschaften_1918-03-01_6_9	https://archive.org/download/sim_naturwissenschaften_1918-03-01_6_9/sim_naturwissenschaften_1918-03-01_6_9_djvu.txt	?	-
sim_naturwissenschaften_1918-03-08_6_10	https://archive.org/download/sim_naturwissenschaften_1918-03-08_6_10/sim_naturwissenschaften_1918-03-08_6_10_djvu.txt	?	-
sim_naturwissenschaften_1918-03-15_6_11	https://archive.org/download/sim_naturwissenschaften_1918-03-15_6_11/sim_naturwissenschaften_1918-03-15_6_11_djvu.txt	?	-
sim_naturwissenschaften_1918-03-22_6_12	https://archive.org/download/sim_naturwissenschaften_1918-03-22_6_12/sim_naturwissenschaften_1918-03-22_6_12_djvu.txt	?	-
sim_naturwissenschaften_1918-03-29_6_13	https://archive.org/download/sim_naturwissenschaften_1918-03-29_6_13/sim_naturwissenschaften_1918-03-29_6_13_djvu.txt	?	-
sim_naturwissenschaften_1918-04-05_6_14	https://archive.org/download/sim_naturwissenschaften_1918-04-05_6_14/sim_naturwissenschaften_1918-04-05_6_14_djvu.txt	?	-
sim_naturwissenschaften_1918-04-12_6_15	https://archive.org/download/sim_naturwissenschaften_1918-04-12_6_15/sim_naturwissenschaften_1918-04-12_6_15_djvu.txt	?	-
sim_naturwissenschaften_1918-04-19_6_16	https://archive.org/download/sim_naturwissenschaften_1918-04-19_6_16/sim_naturwissenschaften_1918-04-19_6_16_djvu.txt	?	-
sim_naturwissenschaften_1918-04-26_6_17	https://archive.org/download/sim_naturwissenschaften_1918-04-26_6_17/sim_naturwissenschaften_1918-04-26_6_17_djvu.txt	?	-
sim_naturwissenschaften_1918-05-03_6_18	https://archive.org/download/sim_naturwissenschaften_1918-05-03_6_18/sim_naturwissenschaften_1918-05-03_6_18_djvu.txt	?	-
sim_naturwissenschaften_1918-05-10_6_19	https://archive.org/download/sim_naturwissenschaften_1918-05-10_6_19/sim_naturwissenschaften_1918-05-10_6_19_djvu.txt	?	-
sim_naturwissenschaften_1918-05-17_6_20	https://archive.org/download/sim_naturwissenschaften_1918-05-17_6_20/sim_naturwissenschaften_1918-05-17_6_20_djvu.txt	?	-
sim_naturwissenschaften_1918-05-24_6_21	https://archive.org/download/sim_naturwissenschaften_1918-05-24_6_21/sim_naturwissenschaften_1918-05-24_6_21_djvu.txt	?	-
sim_naturwissenschaften_1918-05-31_6_22	https://archive.org/download/sim_naturwissenschaften_1918-05-31_6_22/sim_naturwissenschaften_1918-05-31_6_22_djvu.txt	?	-
sim_naturwissenschaften_1918-06-07_6_23	https://archive.org/download/sim_naturwissenschaften_1918-06-07_6_23/sim_naturwissenschaften_1918-06-07_6_23_djvu.txt	?	-
sim_naturwissenschaften_1918-06-14_6_24	https://archive.org/download/sim_naturwissenschaften_1918-06-14_6_24/sim_naturwissenschaften_1918-06-14_6_24_djvu.txt	?	-
sim_naturwissenschaften_1918-06-21_6_25	https://archive.org/download/sim_naturwissenschaften_1918-06-21_6_25/sim_naturwissenschaften_1918-06-21_6_25_djvu.txt	?	-
sim_naturwissenschaften_1918-06-28_6_26	https://archive.org/download/sim_naturwissenschaften_1918-06-28_6_26/sim_naturwissenschaften_1918-06-28_6_26_djvu.txt	?	-
sim_naturwissenschaften_1918-07-05_6_27	https://archive.org/download/sim_naturwissenschaften_1918-07-05_6_27/sim_naturwissenschaften_1918-07-05_6_27_djvu.txt	?	-
sim_naturwissenschaften_1918-07-12_6_28	https://archive.org/download/sim_naturwissenschaften_1918-07-12_6_28/sim_naturwissenschaften_1918-07-12_6_28_djvu.txt	?	-
sim_naturwissenschaften_1918-07-19_6_29	https://archive.org/download/sim_naturwissenschaften_1918-07-19_6_29/sim_naturwissenschaften_1918-07-19_6_29_djvu.txt	?	-
sim_naturwissenschaften_1918-07-26_6_30	https://archive.org/download/sim_naturwissenschaften_1918-07-26_6_30/sim_naturwissenschaften_1918-07-26_6_30_djvu.txt	?	-
sim_naturwissenschaften_1918-08-02_6_31	https://archive.org/download/sim_naturwissenschaften_1918-08-02_6_31/sim_naturwissenschaften_1918-08-02_6_31_djvu.txt	?	-
sim_naturwissenschaften_1918-08-09_6_32	https://archive.org/download/sim_naturwissenschaften_1918-08-09_6_32/sim_naturwissenschaften_1918-08-09_6_32_djvu.txt	?	-
sim_naturwissenschaften_1918-08-16_6_33	https://archive.org/download/sim_naturwissenschaften_1918-08-16_6_33/sim_naturwissenschaften_1918-08-16_6_33_djvu.txt	?	-
sim_naturwissenschaften_1918-08-23_6_34	https://archive.org/download/sim_naturwissenschaften_1918-08-23_6_34/sim_naturwissenschaften_1918-08-23_6_34_djvu.txt	?	-
sim_naturwissenschaften_1918-08-30_6_35	https://archive.org/download/sim_naturwissenschaften_1918-08-30_6_35/sim_naturwissenschaften_1918-08-30_6_35_djvu.txt	?	-
sim_naturwissenschaften_1918-09-06_6_36	https://archive.org/download/sim_naturwissenschaften_1918-09-06_6_36/sim_naturwissenschaften_1918-09-06_6_36_djvu.txt	?	-
sim_naturwissenschaften_1918-09-13_6_37	https://archive.org/download/sim_naturwissenschaften_1918-09-13_6_37/sim_naturwissenschaften_1918-09-13_6_37_djvu.txt	?	-
sim_naturwissenschaften_1918-09-20_6_38	https://archive.org/download/sim_naturwissenschaften_1918-09-20_6_38/sim_naturwissenschaften_1918-09-20_6_38_djvu.txt	?	-
sim_naturwissenschaften_1918-09-27_6_39	https://archive.org/download/sim_naturwissenschaften_1918-09-27_6_39/sim_naturwissenschaften_1918-09-27_6_39_djvu.txt	?	-
sim_naturwissenschaften_1918-10-04_6_40	https://archive.org/download/sim_naturwissenschaften_1918-10-04_6_40/sim_naturwissenschaften_1918-10-04_6_40_djvu.txt	?	-
sim_naturwissenschaften_1918-10-11_6_41	https://archive.org/download/sim_naturwissenschaften_1918-10-11_6_41/sim_naturwissenschaften_1918-10-11_6_41_djvu.txt	?	-
sim_naturwissenschaften_1918-10-18_6_42	https://archive.org/download/sim_naturwissenschaften_1918-10-18_6_42/sim_naturwissenschaften_1918-10-18_6_42_djvu.txt	?	-
sim_naturwissenschaften_1918-10-25_6_43	https://archive.org/download/sim_naturwissenschaften_1918-10-25_6_43/sim_naturwissenschaften_1918-10-25_6_43_djvu.txt	?	-
sim_naturwissenschaften_1918-11-01_6_44	https://archive.org/download/sim_naturwissenschaften_1918-11-01_6_44/sim_naturwissenschaften_1918-11-01_6_44_djvu.txt	?	-
sim_naturwissenschaften_1918-11-08_6_45	https://archive.org/download/sim_naturwissenschaften_1918-11-08_6_45/sim_naturwissenschaften_1918-11-08_6_45_djvu.txt	?	-
sim_naturwissenschaften_1918-11-15_6_46	https://archive.org/download/sim_naturwissenschaften_1918-11-15_6_46/sim_naturwissenschaften_1918-11-15_6_46_djvu.txt	?	-
sim_naturwissenschaften_1918-11-22_6_47	https://archive.org/download/sim_naturwissenschaften_1918-11-22_6_47/sim_naturwissenschaften_1918-11-22_6_47_djvu.txt	?	-
sim_naturwissenschaften_1918-11-29_6_48	https://archive.org/download/sim_naturwissenschaften_1918-11-29_6_48/sim_naturwissenschaften_1918-11-29_6_48_djvu.txt	?	-
sim_naturwissenschaften_1918-12-06_6_49	https://archive.org/download/sim_naturwissenschaften_1918-12-06_6_49/sim_naturwissenschaften_1918-12-06_6_49_djvu.txt	?	-
sim_naturwissenschaften_1918-12-13_6_50	https://archive.org/download/sim_naturwissenschaften_1918-12-13_6_50/sim_naturwissenschaften_1918-12-13_6_50_djvu.txt	?	-
sim_naturwissenschaften_1918-12-20_6_51	https://archive.org/download/sim_naturwissenschaften_1918-12-20_6_51/sim_naturwissenschaften_1918-12-20_6_51_djvu.txt	?	-
sim_naturwissenschaften_1918-12-27_6_52	https://archive.org/download/sim_naturwissenschaften_1918-12-27_6_52/sim_naturwissenschaften_1918-12-27_6_52_djvu.txt	?	-
sim_naturwissenschaften_1918_6_index	https://archive.org/download/sim_naturwissenschaften_1918_6_index/sim_naturwissenschaften_1918_6_index_djvu.txt	?	-
sim_naturwissenschaften_1919-01-03_7_1	https://archive.org/download/sim_naturwissenschaften_1919-01-03_7_1/sim_naturwissenschaften_1919-01-03_7_1_djvu.txt	?	-
sim_naturwissenschaften_1919-01-10_7_2	https://archive.org/download/sim_naturwissenschaften_1919-01-10_7_2/sim_naturwissenschaften_1919-01-10_7_2_djvu.txt	?	-
sim_naturwissenschaften_1919-01-17_7_3	https://archive.org/download/sim_naturwissenschaften_1919-01-17_7_3/sim_naturwissenschaften_1919-01-17_7_3_djvu.txt	?	-
sim_naturwissenschaften_1919-01-24_7_4	https://archive.org/download/sim_naturwissenschaften_1919-01-24_7_4/sim_naturwissenschaften_1919-01-24_7_4_djvu.txt	?	-
sim_naturwissenschaften_1919-01-31_7_5	https://archive.org/download/sim_naturwissenschaften_1919-01-31_7_5/sim_naturwissenschaften_1919-01-31_7_5_djvu.txt	?	-
sim_naturwissenschaften_1919-02-07_7_6	https://archive.org/download/sim_naturwissenschaften_1919-02-07_7_6/sim_naturwissenschaften_1919-02-07_7_6_djvu.txt	?	-
sim_naturwissenschaften_1919-02-14_7_7	https://archive.org/download/sim_naturwissenschaften_1919-02-14_7_7/sim_naturwissenschaften_1919-02-14_7_7_djvu.txt	?	-
sim_naturwissenschaften_1919-02-21_7_8	https://archive.org/download/sim_naturwissenschaften_1919-02-21_7_8/sim_naturwissenschaften_1919-02-21_7_8_djvu.txt	?	-
sim_naturwissenschaften_1919-02-28_7_9	https://archive.org/download/sim_naturwissenschaften_1919-02-28_7_9/sim_naturwissenschaften_1919-02-28_7_9_djvu.txt	?	-
sim_naturwissenschaften_1919-03-07_7_10	https://archive.org/download/sim_naturwissenschaften_1919-03-07_7_10/sim_naturwissenschaften_1919-03-07_7_10_djvu.txt	?	-
sim_naturwissenschaften_1919-03-14_7_11	https://archive.org/download/sim_naturwissenschaften_1919-03-14_7_11/sim_naturwissenschaften_1919-03-14_7_11_djvu.txt	?	-
sim_naturwissenschaften_1919-03-21_7_12	https://archive.org/download/sim_naturwissenschaften_1919-03-21_7_12/sim_naturwissenschaften_1919-03-21_7_12_djvu.txt	?	-
sim_naturwissenschaften_1919-03-28_7_13	https://archive.org/download/sim_naturwissenschaften_1919-03-28_7_13/sim_naturwissenschaften_1919-03-28_7_13_djvu.txt	?	-
sim_naturwissenschaften_1919-04-04_7_14	https://archive.org/download/sim_naturwissenschaften_1919-04-04_7_14/sim_naturwissenschaften_1919-04-04_7_14_djvu.txt	?	-
sim_naturwissenschaften_1919-04-11_7_15	https://archive.org/download/sim_naturwissenschaften_1919-04-11_7_15/sim_naturwissenschaften_1919-04-11_7_15_djvu.txt	?	-
sim_naturwissenschaften_1919-04-18_7_16	https://archive.org/download/sim_naturwissenschaften_1919-04-18_7_16/sim_naturwissenschaften_1919-04-18_7_16_djvu.txt	?	-
sim_naturwissenschaften_1919-04-25_7_17	https://archive.org/download/sim_naturwissenschaften_1919-04-25_7_17/sim_naturwissenschaften_1919-04-25_7_17_djvu.txt	?	-
sim_naturwissenschaften_1919-05-02_7_18	https://archive.org/download/sim_naturwissenschaften_1919-05-02_7_18/sim_naturwissenschaften_1919-05-02_7_18_djvu.txt	?	-
sim_naturwissenschaften_1919-05-09_7_19	https://archive.org/download/sim_naturwissenschaften_1919-05-09_7_19/sim_naturwissenschaften_1919-05-09_7_19_djvu.txt	?	-
sim_naturwissenschaften_1919-05-16_7_20	https://archive.org/download/sim_naturwissenschaften_1919-05-16_7_20/sim_naturwissenschaften_1919-05-16_7_20_djvu.txt	?	-
sim_naturwissenschaften_1919-05-23_7_21	https://archive.org/download/sim_naturwissenschaften_1919-05-23_7_21/sim_naturwissenschaften_1919-05-23_7_21_djvu.txt	?	-
sim_naturwissenschaften_1919-05-30_7_22	https://archive.org/download/sim_naturwissenschaften_1919-05-30_7_22/sim_naturwissenschaften_1919-05-30_7_22_djvu.txt	?	-
sim_naturwissenschaften_1919-06-06_7_23	https://archive.org/download/sim_naturwissenschaften_1919-06-06_7_23/sim_naturwissenschaften_1919-06-06_7_23_djvu.txt	?	-
sim_naturwissenschaften_1919-06-13_7_24	https://archive.org/download/sim_naturwissenschaften_1919-06-13_7_24/sim_naturwissenschaften_1919-06-13_7_24_djvu.txt	?	-
sim_naturwissenschaften_1919-06-20_7_25	https://archive.org/download/sim_naturwissenschaften_1919-06-20_7_25/sim_naturwissenschaften_1919-06-20_7_25_djvu.txt	?	-
sim_naturwissenschaften_1919-06-27_7_26	https://archive.org/download/sim_naturwissenschaften_1919-06-27_7_26/sim_naturwissenschaften_1919-06-27_7_26_djvu.txt	?	-
sim_naturwissenschaften_1919-07-04_7_27	https://archive.org/download/sim_naturwissenschaften_1919-07-04_7_27/sim_naturwissenschaften_1919-07-04_7_27_djvu.txt	?	-
sim_naturwissenschaften_1919-07-11_7_28	https://archive.org/download/sim_naturwissenschaften_1919-07-11_7_28/sim_naturwissenschaften_1919-07-11_7_28_djvu.txt	?	-
sim_naturwissenschaften_1919-07-18_7_29	https://archive.org/download/sim_naturwissenschaften_1919-07-18_7_29/sim_naturwissenschaften_1919-07-18_7_29_djvu.txt	?	-
sim_naturwissenschaften_1919-07-25_7_30	https://archive.org/download/sim_naturwissenschaften_1919-07-25_7_30/sim_naturwissenschaften_1919-07-25_7_30_djvu.txt	?	-
sim_naturwissenschaften_1919-08-01_7_31	https://archive.org/download/sim_naturwissenschaften_1919-08-01_7_31/sim_naturwissenschaften_1919-08-01_7_31_djvu.txt	?	-
sim_naturwissenschaften_1919-08-08_7_32	https://archive.org/download/sim_naturwissenschaften_1919-08-08_7_32/sim_naturwissenschaften_1919-08-08_7_32_djvu.txt	?	-
sim_naturwissenschaften_1919-08-15_7_33	https://archive.org/download/sim_naturwissenschaften_1919-08-15_7_33/sim_naturwissenschaften_1919-08-15_7_33_djvu.txt	?	-
sim_naturwissenschaften_1919-08-22_7_34	https://archive.org/download/sim_naturwissenschaften_1919-08-22_7_34/sim_naturwissenschaften_1919-08-22_7_34_djvu.txt	?	-
sim_naturwissenschaften_1919-08-29_7_35	https://archive.org/download/sim_naturwissenschaften_1919-08-29_7_35/sim_naturwissenschaften_1919-08-29_7_35_djvu.txt	?	-
sim_naturwissenschaften_1919-09-05_7_36	https://archive.org/download/sim_naturwissenschaften_1919-09-05_7_36/sim_naturwissenschaften_1919-09-05_7_36_djvu.txt	?	-
sim_naturwissenschaften_1919-09-12_7_37	https://archive.org/download/sim_naturwissenschaften_1919-09-12_7_37/sim_naturwissenschaften_1919-09-12_7_37_djvu.txt	?	-
sim_naturwissenschaften_1919-09-19_7_38	https://archive.org/download/sim_naturwissenschaften_1919-09-19_7_38/sim_naturwissenschaften_1919-09-19_7_38_djvu.txt	?	-
sim_naturwissenschaften_1919-09-26_7_39	https://archive.org/download/sim_naturwissenschaften_1919-09-26_7_39/sim_naturwissenschaften_1919-09-26_7_39_djvu.txt	?	-
sim_naturwissenschaften_1919-10-03_7_40	https://archive.org/download/sim_naturwissenschaften_1919-10-03_7_40/sim_naturwissenschaften_1919-10-03_7_40_djvu.txt	?	-
sim_naturwissenschaften_1919-10-10_7_41	https://archive.org/download/sim_naturwissenschaften_1919-10-10_7_41/sim_naturwissenschaften_1919-10-10_7_41_djvu.txt	?	-
sim_naturwissenschaften_1919-10-17_7_42	https://archive.org/download/sim_naturwissenschaften_1919-10-17_7_42/sim_naturwissenschaften_1919-10-17_7_42_djvu.txt	?	-
sim_naturwissenschaften_1919-10-24_7_43	https://archive.org/download/sim_naturwissenschaften_1919-10-24_7_43/sim_naturwissenschaften_1919-10-24_7_43_djvu.txt	?	-
sim_naturwissenschaften_1919-10-31_7_44	https://archive.org/download/sim_naturwissenschaften_1919-10-31_7_44/sim_naturwissenschaften_1919-10-31_7_44_djvu.txt	?	-
sim_naturwissenschaften_1919-11-07_7_45	https://archive.org/download/sim_naturwissenschaften_1919-11-07_7_45/sim_naturwissenschaften_1919-11-07_7_45_djvu.txt	?	-
sim_naturwissenschaften_1919-11-14_7_46	https://archive.org/download/sim_naturwissenschaften_1919-11-14_7_46/sim_naturwissenschaften_1919-11-14_7_46_djvu.txt	?	-
sim_naturwissenschaften_1919-11-21_7_47	https://archive.org/download/sim_naturwissenschaften_1919-11-21_7_47/sim_naturwissenschaften_1919-11-21_7_47_djvu.txt	?	-
sim_naturwissenschaften_1919-11-28_7_48	https://archive.org/download/sim_naturwissenschaften_1919-11-28_7_48/sim_naturwissenschaften_1919-11-28_7_48_djvu.txt	?	-
sim_naturwissenschaften_1919-12-05_7_49	https://archive.org/download/sim_naturwissenschaften_1919-12-05_7_49/sim_naturwissenschaften_1919-12-05_7_49_djvu.txt	?	-
sim_naturwissenschaften_1919-12-12_7_50	https://archive.org/download/sim_naturwissenschaften_1919-12-12_7_50/sim_naturwissenschaften_1919-12-12_7_50_djvu.txt	?	-
sim_naturwissenschaften_1919-12-19_7_51	https://archive.org/download/sim_naturwissenschaften_1919-12-19_7_51/sim_naturwissenschaften_1919-12-19_7_51_djvu.txt	?	-
sim_naturwissenschaften_1919-12-26_7_52	https://archive.org/download/sim_naturwissenschaften_1919-12-26_7_52/sim_naturwissenschaften_1919-12-26_7_52_djvu.txt	?	-
sim_naturwissenschaften_1919_7_contents	https://archive.org/download/sim_naturwissenschaften_1919_7_contents/sim_naturwissenschaften_1919_7_contents_djvu.txt	?	-
sim_naturwissenschaften_1920-01-02_8_1	https://archive.org/download/sim_naturwissenschaften_1920-01-02_8_1/sim_naturwissenschaften_1920-01-02_8_1_djvu.txt	?	-
sim_naturwissenschaften_1920-01-09_8_2	https://archive.org/download/sim_naturwissenschaften_1920-01-09_8_2/sim_naturwissenschaften_1920-01-09_8_2_djvu.txt	?	-
sim_naturwissenschaften_1920-01-16_8_3	https://archive.org/download/sim_naturwissenschaften_1920-01-16_8_3/sim_naturwissenschaften_1920-01-16_8_3_djvu.txt	?	-
sim_naturwissenschaften_1920-01-23_8_4	https://archive.org/download/sim_naturwissenschaften_1920-01-23_8_4/sim_naturwissenschaften_1920-01-23_8_4_djvu.txt	?	-
sim_naturwissenschaften_1920-01-30_8_5	https://archive.org/download/sim_naturwissenschaften_1920-01-30_8_5/sim_naturwissenschaften_1920-01-30_8_5_djvu.txt	?	-
sim_naturwissenschaften_1920-02-06_8_6	https://archive.org/download/sim_naturwissenschaften_1920-02-06_8_6/sim_naturwissenschaften_1920-02-06_8_6_djvu.txt	?	-
sim_naturwissenschaften_1920-02-13_8_7	https://archive.org/download/sim_naturwissenschaften_1920-02-13_8_7/sim_naturwissenschaften_1920-02-13_8_7_djvu.txt	?	-
sim_naturwissenschaften_1920-02-20_8_8	https://archive.org/download/sim_naturwissenschaften_1920-02-20_8_8/sim_naturwissenschaften_1920-02-20_8_8_djvu.txt	?	-
sim_naturwissenschaften_1920-02-27_8_9	https://archive.org/download/sim_naturwissenschaften_1920-02-27_8_9/sim_naturwissenschaften_1920-02-27_8_9_djvu.txt	?	-
sim_naturwissenschaften_1920-03-05_8_10	https://archive.org/download/sim_naturwissenschaften_1920-03-05_8_10/sim_naturwissenschaften_1920-03-05_8_10_djvu.txt	?	-
sim_naturwissenschaften_1920-03-12_8_11	https://archive.org/download/sim_naturwissenschaften_1920-03-12_8_11/sim_naturwissenschaften_1920-03-12_8_11_djvu.txt	?	-
sim_naturwissenschaften_1920-03-19_8_12	https://archive.org/download/sim_naturwissenschaften_1920-03-19_8_12/sim_naturwissenschaften_1920-03-19_8_12_djvu.txt	?	-
sim_naturwissenschaften_1920-03-26_8_13	https://archive.org/download/sim_naturwissenschaften_1920-03-26_8_13/sim_naturwissenschaften_1920-03-26_8_13_djvu.txt	?	-
sim_naturwissenschaften_1920-04-09_8_14-15	https://archive.org/download/sim_naturwissenschaften_1920-04-09_8_14-15/sim_naturwissenschaften_1920-04-09_8_14-15_djvu.txt	?	-
sim_naturwissenschaften_1920-04-16_8_16	https://archive.org/download/sim_naturwissenschaften_1920-04-16_8_16/sim_naturwissenschaften_1920-04-16_8_16_djvu.txt	?	-
sim_naturwissenschaften_1920-04-23_8_17	https://archive.org/download/sim_naturwissenschaften_1920-04-23_8_17/sim_naturwissenschaften_1920-04-23_8_17_djvu.txt	?	-
sim_naturwissenschaften_1920-04-30_8_18	https://archive.org/download/sim_naturwissenschaften_1920-04-30_8_18/sim_naturwissenschaften_1920-04-30_8_18_djvu.txt	?	-
sim_naturwissenschaften_1920-05-07_8_19	https://archive.org/download/sim_naturwissenschaften_1920-05-07_8_19/sim_naturwissenschaften_1920-05-07_8_19_djvu.txt	?	-
sim_naturwissenschaften_1920-05-14_8_20	https://archive.org/download/sim_naturwissenschaften_1920-05-14_8_20/sim_naturwissenschaften_1920-05-14_8_20_djvu.txt	?	-
sim_naturwissenschaften_1920-05-21_8_21	https://archive.org/download/sim_naturwissenschaften_1920-05-21_8_21/sim_naturwissenschaften_1920-05-21_8_21_djvu.txt	?	-
sim_naturwissenschaften_1920-05-28_8_22	https://archive.org/download/sim_naturwissenschaften_1920-05-28_8_22/sim_naturwissenschaften_1920-05-28_8_22_djvu.txt	?	-
sim_naturwissenschaften_1920-06-04_8_23	https://archive.org/download/sim_naturwissenschaften_1920-06-04_8_23/sim_naturwissenschaften_1920-06-04_8_23_djvu.txt	?	-
sim_naturwissenschaften_1920-06-11_8_24	https://archive.org/download/sim_naturwissenschaften_1920-06-11_8_24/sim_naturwissenschaften_1920-06-11_8_24_djvu.txt	?	-
sim_naturwissenschaften_1920-06-18_8_25	https://archive.org/download/sim_naturwissenschaften_1920-06-18_8_25/sim_naturwissenschaften_1920-06-18_8_25_djvu.txt	?	-
sim_naturwissenschaften_1920-06-25_8_26	https://archive.org/download/sim_naturwissenschaften_1920-06-25_8_26/sim_naturwissenschaften_1920-06-25_8_26_djvu.txt	?	-
sim_naturwissenschaften_1920-07-02_8_27	https://archive.org/download/sim_naturwissenschaften_1920-07-02_8_27/sim_naturwissenschaften_1920-07-02_8_27_djvu.txt	?	-
sim_naturwissenschaften_1920-07-09_8_28	https://archive.org/download/sim_naturwissenschaften_1920-07-09_8_28/sim_naturwissenschaften_1920-07-09_8_28_djvu.txt	?	-
sim_naturwissenschaften_1920-07-16_8_29	https://archive.org/download/sim_naturwissenschaften_1920-07-16_8_29/sim_naturwissenschaften_1920-07-16_8_29_djvu.txt	?	-
sim_naturwissenschaften_1920-07-23_8_30	https://archive.org/download/sim_naturwissenschaften_1920-07-23_8_30/sim_naturwissenschaften_1920-07-23_8_30_djvu.txt	?	-
sim_naturwissenschaften_1920-07-30_8_31	https://archive.org/download/sim_naturwissenschaften_1920-07-30_8_31/sim_naturwissenschaften_1920-07-30_8_31_djvu.txt	?	-
sim_naturwissenschaften_1920-08-06_8_32	https://archive.org/download/sim_naturwissenschaften_1920-08-06_8_32/sim_naturwissenschaften_1920-08-06_8_32_djvu.txt	?	-
sim_naturwissenschaften_1920-08-13_8_33	https://archive.org/download/sim_naturwissenschaften_1920-08-13_8_33/sim_naturwissenschaften_1920-08-13_8_33_djvu.txt	?	-
sim_naturwissenschaften_1920-08-20_8_34	https://archive.org/download/sim_naturwissenschaften_1920-08-20_8_34/sim_naturwissenschaften_1920-08-20_8_34_djvu.txt	?	-
sim_naturwissenschaften_1920-08-27_8_35	https://archive.org/download/sim_naturwissenschaften_1920-08-27_8_35/sim_naturwissenschaften_1920-08-27_8_35_djvu.txt	?	-
sim_naturwissenschaften_1920-09-03_8_36	https://archive.org/download/sim_naturwissenschaften_1920-09-03_8_36/sim_naturwissenschaften_1920-09-03_8_36_djvu.txt	?	-
sim_naturwissenschaften_1920-09-10_8_37	https://archive.org/download/sim_naturwissenschaften_1920-09-10_8_37/sim_naturwissenschaften_1920-09-10_8_37_djvu.txt	?	-
sim_naturwissenschaften_1920-09-17_8_38	https://archive.org/download/sim_naturwissenschaften_1920-09-17_8_38/sim_naturwissenschaften_1920-09-17_8_38_djvu.txt	?	-
sim_naturwissenschaften_1920-09-24_8_39	https://archive.org/download/sim_naturwissenschaften_1920-09-24_8_39/sim_naturwissenschaften_1920-09-24_8_39_djvu.txt	?	-
sim_naturwissenschaften_1920-10-01_8_40	https://archive.org/download/sim_naturwissenschaften_1920-10-01_8_40/sim_naturwissenschaften_1920-10-01_8_40_djvu.txt	?	-
sim_naturwissenschaften_1920-10-08_8_41	https://archive.org/download/sim_naturwissenschaften_1920-10-08_8_41/sim_naturwissenschaften_1920-10-08_8_41_djvu.txt	?	-
sim_naturwissenschaften_1920-10-15_8_42	https://archive.org/download/sim_naturwissenschaften_1920-10-15_8_42/sim_naturwissenschaften_1920-10-15_8_42_djvu.txt	?	-
sim_naturwissenschaften_1920-10-22_8_43	https://archive.org/download/sim_naturwissenschaften_1920-10-22_8_43/sim_naturwissenschaften_1920-10-22_8_43_djvu.txt	?	-
sim_naturwissenschaften_1920-10-29_8_44	https://archive.org/download/sim_naturwissenschaften_1920-10-29_8_44/sim_naturwissenschaften_1920-10-29_8_44_djvu.txt	?	-
sim_naturwissenschaften_1920-11-05_8_45	https://archive.org/download/sim_naturwissenschaften_1920-11-05_8_45/sim_naturwissenschaften_1920-11-05_8_45_djvu.txt	?	-
sim_naturwissenschaften_1920-11-12_8_46	https://archive.org/download/sim_naturwissenschaften_1920-11-12_8_46/sim_naturwissenschaften_1920-11-12_8_46_djvu.txt	?	-
sim_naturwissenschaften_1920-11-19_8_47	https://archive.org/download/sim_naturwissenschaften_1920-11-19_8_47/sim_naturwissenschaften_1920-11-19_8_47_djvu.txt	?	-
sim_naturwissenschaften_1920-11-26_8_48	https://archive.org/download/sim_naturwissenschaften_1920-11-26_8_48/sim_naturwissenschaften_1920-11-26_8_48_djvu.txt	?	-
sim_naturwissenschaften_1920-12-03_8_49	https://archive.org/download/sim_naturwissenschaften_1920-12-03_8_49/sim_naturwissenschaften_1920-12-03_8_49_djvu.txt	?	-
sim_naturwissenschaften_1920-12-10_8_50	https://archive.org/download/sim_naturwissenschaften_1920-12-10_8_50/sim_naturwissenschaften_1920-12-10_8_50_djvu.txt	?	-
sim_naturwissenschaften_1920-12-17_8_51	https://archive.org/download/sim_naturwissenschaften_1920-12-17_8_51/sim_naturwissenschaften_1920-12-17_8_51_djvu.txt	?	-
sim_naturwissenschaften_1920-12-24_8_52	https://archive.org/download/sim_naturwissenschaften_1920-12-24_8_52/sim_naturwissenschaften_1920-12-24_8_52_djvu.txt	?	-
sim_naturwissenschaften_1920-12-31_8_53	https://archive.org/download/sim_naturwissenschaften_1920-12-31_8_53/sim_naturwissenschaften_1920-12-31_8_53_djvu.txt	?	-
sim_naturwissenschaften_1920_8_contents	https://archive.org/download/sim_naturwissenschaften_1920_8_contents/sim_naturwissenschaften_1920_8_contents_djvu.txt	?	-
sim_naturwissenschaften_1921-01-07_9_1	https://archive.org/download/sim_naturwissenschaften_1921-01-07_9_1/sim_naturwissenschaften_1921-01-07_9_1_djvu.txt	?	-
sim_naturwissenschaften_1921-01-14_9_2	https://archive.org/download/sim_naturwissenschaften_1921-01-14_9_2/sim_naturwissenschaften_1921-01-14_9_2_djvu.txt	?	-
sim_naturwissenschaften_1921-01-21_9_3	https://archive.org/download/sim_naturwissenschaften_1921-01-21_9_3/sim_naturwissenschaften_1921-01-21_9_3_djvu.txt	?	-
sim_naturwissenschaften_1921-01-28_9_4	https://archive.org/download/sim_naturwissenschaften_1921-01-28_9_4/sim_naturwissenschaften_1921-01-28_9_4_djvu.txt	?	-
sim_naturwissenschaften_1921-02-04_9_5	https://archive.org/download/sim_naturwissenschaften_1921-02-04_9_5/sim_naturwissenschaften_1921-02-04_9_5_djvu.txt	?	-
sim_naturwissenschaften_1921-02-11_9_6	https://archive.org/download/sim_naturwissenschaften_1921-02-11_9_6/sim_naturwissenschaften_1921-02-11_9_6_djvu.txt	?	-
sim_naturwissenschaften_1921-02-18_9_7	https://archive.org/download/sim_naturwissenschaften_1921-02-18_9_7/sim_naturwissenschaften_1921-02-18_9_7_djvu.txt	?	-
sim_naturwissenschaften_1921-02-25_9_8	https://archive.org/download/sim_naturwissenschaften_1921-02-25_9_8/sim_naturwissenschaften_1921-02-25_9_8_djvu.txt	?	-
sim_naturwissenschaften_1921-03-04_9_9	https://archive.org/download/sim_naturwissenschaften_1921-03-04_9_9/sim_naturwissenschaften_1921-03-04_9_9_djvu.txt	?	-
sim_naturwissenschaften_1921-03-11_9_10	https://archive.org/download/sim_naturwissenschaften_1921-03-11_9_10/sim_naturwissenschaften_1921-03-11_9_10_djvu.txt	?	-
sim_naturwissenschaften_1921-03-18_9_11	https://archive.org/download/sim_naturwissenschaften_1921-03-18_9_11/sim_naturwissenschaften_1921-03-18_9_11_djvu.txt	?	-
sim_naturwissenschaften_1921-03-25_9_12	https://archive.org/download/sim_naturwissenschaften_1921-03-25_9_12/sim_naturwissenschaften_1921-03-25_9_12_djvu.txt	?	-
sim_naturwissenschaften_1921-04-01_9_13	https://archive.org/download/sim_naturwissenschaften_1921-04-01_9_13/sim_naturwissenschaften_1921-04-01_9_13_djvu.txt	?	-
sim_naturwissenschaften_1921-04-08_9_14	https://archive.org/download/sim_naturwissenschaften_1921-04-08_9_14/sim_naturwissenschaften_1921-04-08_9_14_djvu.txt	?	-
sim_naturwissenschaften_1921-04-15_9_15	https://archive.org/download/sim_naturwissenschaften_1921-04-15_9_15/sim_naturwissenschaften_1921-04-15_9_15_djvu.txt	?	-
sim_naturwissenschaften_1921-04-22_9_16	https://archive.org/download/sim_naturwissenschaften_1921-04-22_9_16/sim_naturwissenschaften_1921-04-22_9_16_djvu.txt	?	-
sim_naturwissenschaften_1921-04-29_9_17	https://archive.org/download/sim_naturwissenschaften_1921-04-29_9_17/sim_naturwissenschaften_1921-04-29_9_17_djvu.txt	?	-
sim_naturwissenschaften_1921-05-06_9_18	https://archive.org/download/sim_naturwissenschaften_1921-05-06_9_18/sim_naturwissenschaften_1921-05-06_9_18_djvu.txt	?	-
sim_naturwissenschaften_1921-05-13_9_19	https://archive.org/download/sim_naturwissenschaften_1921-05-13_9_19/sim_naturwissenschaften_1921-05-13_9_19_djvu.txt	?	-
sim_naturwissenschaften_1921-05-20_9_20	https://archive.org/download/sim_naturwissenschaften_1921-05-20_9_20/sim_naturwissenschaften_1921-05-20_9_20_djvu.txt	?	-
sim_naturwissenschaften_1921-05-27_9_21	https://archive.org/download/sim_naturwissenschaften_1921-05-27_9_21/sim_naturwissenschaften_1921-05-27_9_21_djvu.txt	?	-
sim_naturwissenschaften_1921-06-03_9_22	https://archive.org/download/sim_naturwissenschaften_1921-06-03_9_22/sim_naturwissenschaften_1921-06-03_9_22_djvu.txt	?	-
sim_naturwissenschaften_1921-06-10_9_23	https://archive.org/download/sim_naturwissenschaften_1921-06-10_9_23/sim_naturwissenschaften_1921-06-10_9_23_djvu.txt	?	-
sim_naturwissenschaften_1921-06-17_9_24	https://archive.org/download/sim_naturwissenschaften_1921-06-17_9_24/sim_naturwissenschaften_1921-06-17_9_24_djvu.txt	?	-
sim_naturwissenschaften_1921-06-24_9_25	https://archive.org/download/sim_naturwissenschaften_1921-06-24_9_25/sim_naturwissenschaften_1921-06-24_9_25_djvu.txt	?	-
sim_naturwissenschaften_1921-06-30_9_26	https://archive.org/download/sim_naturwissenschaften_1921-06-30_9_26/sim_naturwissenschaften_1921-06-30_9_26_djvu.txt	?	-
sim_naturwissenschaften_1921-07-07_9_27	https://archive.org/download/sim_naturwissenschaften_1921-07-07_9_27/sim_naturwissenschaften_1921-07-07_9_27_djvu.txt	?	-
sim_naturwissenschaften_1921-07-14_9_28	https://archive.org/download/sim_naturwissenschaften_1921-07-14_9_28/sim_naturwissenschaften_1921-07-14_9_28_djvu.txt	?	-
sim_naturwissenschaften_1921-07-21_9_29	https://archive.org/download/sim_naturwissenschaften_1921-07-21_9_29/sim_naturwissenschaften_1921-07-21_9_29_djvu.txt	?	-
sim_naturwissenschaften_1921-07-28_9_30	https://archive.org/download/sim_naturwissenschaften_1921-07-28_9_30/sim_naturwissenschaften_1921-07-28_9_30_djvu.txt	?	-
sim_naturwissenschaften_1921-08-04_9_31	https://archive.org/download/sim_naturwissenschaften_1921-08-04_9_31/sim_naturwissenschaften_1921-08-04_9_31_djvu.txt	?	-
sim_naturwissenschaften_1921-08-11_9_32	https://archive.org/download/sim_naturwissenschaften_1921-08-11_9_32/sim_naturwissenschaften_1921-08-11_9_32_djvu.txt	?	-
sim_naturwissenschaften_1921-08-18_9_33	https://archive.org/download/sim_naturwissenschaften_1921-08-18_9_33/sim_naturwissenschaften_1921-08-18_9_33_djvu.txt	?	-
sim_naturwissenschaften_1921-08-25_9_34	https://archive.org/download/sim_naturwissenschaften_1921-08-25_9_34/sim_naturwissenschaften_1921-08-25_9_34_djvu.txt	?	-
sim_naturwissenschaften_1921-09-01_9_35	https://archive.org/download/sim_naturwissenschaften_1921-09-01_9_35/sim_naturwissenschaften_1921-09-01_9_35_djvu.txt	?	-
sim_naturwissenschaften_1921-09-08_9_36	https://archive.org/download/sim_naturwissenschaften_1921-09-08_9_36/sim_naturwissenschaften_1921-09-08_9_36_djvu.txt	?	-
sim_naturwissenschaften_1921-09-15_9_37	https://archive.org/download/sim_naturwissenschaften_1921-09-15_9_37/sim_naturwissenschaften_1921-09-15_9_37_djvu.txt	?	-
sim_naturwissenschaften_1921-09-22_9_38	https://archive.org/download/sim_naturwissenschaften_1921-09-22_9_38/sim_naturwissenschaften_1921-09-22_9_38_djvu.txt	?	-
sim_naturwissenschaften_1921-09-29_9_39	https://archive.org/download/sim_naturwissenschaften_1921-09-29_9_39/sim_naturwissenschaften_1921-09-29_9_39_djvu.txt	?	-
sim_naturwissenschaften_1921-10-06_9_40	https://archive.org/download/sim_naturwissenschaften_1921-10-06_9_40/sim_naturwissenschaften_1921-10-06_9_40_djvu.txt	?	-
sim_naturwissenschaften_1921-10-13_9_41	https://archive.org/download/sim_naturwissenschaften_1921-10-13_9_41/sim_naturwissenschaften_1921-10-13_9_41_djvu.txt	?	-
sim_naturwissenschaften_1921-10-20_9_42	https://archive.org/download/sim_naturwissenschaften_1921-10-20_9_42/sim_naturwissenschaften_1921-10-20_9_42_djvu.txt	?	-
sim_naturwissenschaften_1921-10-27_9_43	https://archive.org/download/sim_naturwissenschaften_1921-10-27_9_43/sim_naturwissenschaften_1921-10-27_9_43_djvu.txt	?	-
sim_naturwissenschaften_1921-11-03_9_44	https://archive.org/download/sim_naturwissenschaften_1921-11-03_9_44/sim_naturwissenschaften_1921-11-03_9_44_djvu.txt	?	-
sim_naturwissenschaften_1921-11-10_9_45	https://archive.org/download/sim_naturwissenschaften_1921-11-10_9_45/sim_naturwissenschaften_1921-11-10_9_45_djvu.txt	?	-
sim_naturwissenschaften_1921-11-17_9_46	https://archive.org/download/sim_naturwissenschaften_1921-11-17_9_46/sim_naturwissenschaften_1921-11-17_9_46_djvu.txt	?	-
sim_naturwissenschaften_1921-11-24_9_47	https://archive.org/download/sim_naturwissenschaften_1921-11-24_9_47/sim_naturwissenschaften_1921-11-24_9_47_djvu.txt	?	-
sim_naturwissenschaften_1921-12-01_9_48	https://archive.org/download/sim_naturwissenschaften_1921-12-01_9_48/sim_naturwissenschaften_1921-12-01_9_48_djvu.txt	?	-
sim_naturwissenschaften_1921-12-08_9_49	https://archive.org/download/sim_naturwissenschaften_1921-12-08_9_49/sim_naturwissenschaften_1921-12-08_9_49_djvu.txt	?	-
sim_naturwissenschaften_1921-12-15_9_50	https://archive.org/download/sim_naturwissenschaften_1921-12-15_9_50/sim_naturwissenschaften_1921-12-15_9_50_djvu.txt	?	-
sim_naturwissenschaften_1921-12-22_9_51	https://archive.org/download/sim_naturwissenschaften_1921-12-22_9_51/sim_naturwissenschaften_1921-12-22_9_51_djvu.txt	?	-
sim_naturwissenschaften_1921-12-29_9_52	https://archive.org/download/sim_naturwissenschaften_1921-12-29_9_52/sim_naturwissenschaften_1921-12-29_9_52_djvu.txt	?	-
sim_naturwissenschaften_1921_9_contents	https://archive.org/download/sim_naturwissenschaften_1921_9_contents/sim_naturwissenschaften_1921_9_contents_djvu.txt	?	-
sim_naturwissenschaften_1922-01-06_10_1	https://archive.org/download/sim_naturwissenschaften_1922-01-06_10_1/sim_naturwissenschaften_1922-01-06_10_1_djvu.txt	?	-
sim_naturwissenschaften_1922-01-13_10_2	https://archive.org/download/sim_naturwissenschaften_1922-01-13_10_2/sim_naturwissenschaften_1922-01-13_10_2_djvu.txt	?	-
sim_naturwissenschaften_1922-01-20_10_3	https://archive.org/download/sim_naturwissenschaften_1922-01-20_10_3/sim_naturwissenschaften_1922-01-20_10_3_djvu.txt	?	-
sim_naturwissenschaften_1922-01-27_10_4	https://archive.org/download/sim_naturwissenschaften_1922-01-27_10_4/sim_naturwissenschaften_1922-01-27_10_4_djvu.txt	?	-
sim_naturwissenschaften_1922-02-03_10_5	https://archive.org/download/sim_naturwissenschaften_1922-02-03_10_5/sim_naturwissenschaften_1922-02-03_10_5_djvu.txt	?	-
sim_naturwissenschaften_1922-02-10_10_6	https://archive.org/download/sim_naturwissenschaften_1922-02-10_10_6/sim_naturwissenschaften_1922-02-10_10_6_djvu.txt	?	-
sim_naturwissenschaften_1922-02-17_10_7	https://archive.org/download/sim_naturwissenschaften_1922-02-17_10_7/sim_naturwissenschaften_1922-02-17_10_7_djvu.txt	?	-
sim_naturwissenschaften_1922-02-24_10_8	https://archive.org/download/sim_naturwissenschaften_1922-02-24_10_8/sim_naturwissenschaften_1922-02-24_10_8_djvu.txt	?	-
sim_naturwissenschaften_1922-03-03_10_9	https://archive.org/download/sim_naturwissenschaften_1922-03-03_10_9/sim_naturwissenschaften_1922-03-03_10_9_djvu.txt	?	-
sim_naturwissenschaften_1922-03-10_10_10	https://archive.org/download/sim_naturwissenschaften_1922-03-10_10_10/sim_naturwissenschaften_1922-03-10_10_10_djvu.txt	?	-
sim_naturwissenschaften_1922-03-17_10_11	https://archive.org/download/sim_naturwissenschaften_1922-03-17_10_11/sim_naturwissenschaften_1922-03-17_10_11_djvu.txt	?	-
sim_naturwissenschaften_1922-03-24_10_12	https://archive.org/download/sim_naturwissenschaften_1922-03-24_10_12/sim_naturwissenschaften_1922-03-24_10_12_djvu.txt	?	-
sim_naturwissenschaften_1922-03-31_10_13	https://archive.org/download/sim_naturwissenschaften_1922-03-31_10_13/sim_naturwissenschaften_1922-03-31_10_13_djvu.txt	?	-
sim_naturwissenschaften_1922-04-07_10_14	https://archive.org/download/sim_naturwissenschaften_1922-04-07_10_14/sim_naturwissenschaften_1922-04-07_10_14_djvu.txt	?	-
sim_naturwissenschaften_1922-04-14_10_15	https://archive.org/download/sim_naturwissenschaften_1922-04-14_10_15/sim_naturwissenschaften_1922-04-14_10_15_djvu.txt	?	-
sim_naturwissenschaften_1922-04-21_10_16	https://archive.org/download/sim_naturwissenschaften_1922-04-21_10_16/sim_naturwissenschaften_1922-04-21_10_16_djvu.txt	?	-
sim_naturwissenschaften_1922-04-28_10_17	https://archive.org/download/sim_naturwissenschaften_1922-04-28_10_17/sim_naturwissenschaften_1922-04-28_10_17_djvu.txt	?	-
sim_naturwissenschaften_1922-05-05_10_18	https://archive.org/download/sim_naturwissenschaften_1922-05-05_10_18/sim_naturwissenschaften_1922-05-05_10_18_djvu.txt	?	-
sim_naturwissenschaften_1922-05-12_10_19	https://archive.org/download/sim_naturwissenschaften_1922-05-12_10_19/sim_naturwissenschaften_1922-05-12_10_19_djvu.txt	?	-
sim_naturwissenschaften_1922-05-19_10_20	https://archive.org/download/sim_naturwissenschaften_1922-05-19_10_20/sim_naturwissenschaften_1922-05-19_10_20_djvu.txt	?	-
sim_naturwissenschaften_1922-05-26_10_21	https://archive.org/download/sim_naturwissenschaften_1922-05-26_10_21/sim_naturwissenschaften_1922-05-26_10_21_djvu.txt	?	-
sim_naturwissenschaften_1922-06-02_10_22	https://archive.org/download/sim_naturwissenschaften_1922-06-02_10_22/sim_naturwissenschaften_1922-06-02_10_22_djvu.txt	?	-
sim_naturwissenschaften_1922-06-09_10_23	https://archive.org/download/sim_naturwissenschaften_1922-06-09_10_23/sim_naturwissenschaften_1922-06-09_10_23_djvu.txt	?	-
sim_naturwissenschaften_1922-06-16_10_24	https://archive.org/download/sim_naturwissenschaften_1922-06-16_10_24/sim_naturwissenschaften_1922-06-16_10_24_djvu.txt	?	-
sim_naturwissenschaften_1922-06-23_10_25	https://archive.org/download/sim_naturwissenschaften_1922-06-23_10_25/sim_naturwissenschaften_1922-06-23_10_25_djvu.txt	?	-
sim_naturwissenschaften_1922-06-30_10_26	https://archive.org/download/sim_naturwissenschaften_1922-06-30_10_26/sim_naturwissenschaften_1922-06-30_10_26_djvu.txt	?	-
sim_naturwissenschaften_1922-07-07_10_27	https://archive.org/download/sim_naturwissenschaften_1922-07-07_10_27/sim_naturwissenschaften_1922-07-07_10_27_djvu.txt	?	-
sim_naturwissenschaften_1922-07-14_10_28	https://archive.org/download/sim_naturwissenschaften_1922-07-14_10_28/sim_naturwissenschaften_1922-07-14_10_28_djvu.txt	?	-
sim_naturwissenschaften_1922-07-21_10_29	https://archive.org/download/sim_naturwissenschaften_1922-07-21_10_29/sim_naturwissenschaften_1922-07-21_10_29_djvu.txt	?	-
sim_naturwissenschaften_1922-07-28_10_30	https://archive.org/download/sim_naturwissenschaften_1922-07-28_10_30/sim_naturwissenschaften_1922-07-28_10_30_djvu.txt	?	-
sim_naturwissenschaften_1922-08-04_10_31	https://archive.org/download/sim_naturwissenschaften_1922-08-04_10_31/sim_naturwissenschaften_1922-08-04_10_31_djvu.txt	?	-
sim_naturwissenschaften_1922-08-11_10_32	https://archive.org/download/sim_naturwissenschaften_1922-08-11_10_32/sim_naturwissenschaften_1922-08-11_10_32_djvu.txt	?	-
sim_naturwissenschaften_1922-08-18_10_33	https://archive.org/download/sim_naturwissenschaften_1922-08-18_10_33/sim_naturwissenschaften_1922-08-18_10_33_djvu.txt	?	-
sim_naturwissenschaften_1922-08-25_10_34	https://archive.org/download/sim_naturwissenschaften_1922-08-25_10_34/sim_naturwissenschaften_1922-08-25_10_34_djvu.txt	?	-
sim_naturwissenschaften_1922-09-01_10_35	https://archive.org/download/sim_naturwissenschaften_1922-09-01_10_35/sim_naturwissenschaften_1922-09-01_10_35_djvu.txt	?	-
sim_naturwissenschaften_1922-09-08_10_36	https://archive.org/download/sim_naturwissenschaften_1922-09-08_10_36/sim_naturwissenschaften_1922-09-08_10_36_djvu.txt	?	-
sim_naturwissenschaften_1922-09-15_10_37	https://archive.org/download/sim_naturwissenschaften_1922-09-15_10_37/sim_naturwissenschaften_1922-09-15_10_37_djvu.txt	?	-
sim_naturwissenschaften_1922-09-22_10_38	https://archive.org/download/sim_naturwissenschaften_1922-09-22_10_38/sim_naturwissenschaften_1922-09-22_10_38_djvu.txt	?	-
sim_naturwissenschaften_1922-09-29_10_39	https://archive.org/download/sim_naturwissenschaften_1922-09-29_10_39/sim_naturwissenschaften_1922-09-29_10_39_djvu.txt	?	-
sim_naturwissenschaften_1922-10-06_10_40	https://archive.org/download/sim_naturwissenschaften_1922-10-06_10_40/sim_naturwissenschaften_1922-10-06_10_40_djvu.txt	?	-
sim_naturwissenschaften_1922-10-13_10_41	https://archive.org/download/sim_naturwissenschaften_1922-10-13_10_41/sim_naturwissenschaften_1922-10-13_10_41_djvu.txt	?	-
sim_naturwissenschaften_1922-10-20_10_42	https://archive.org/download/sim_naturwissenschaften_1922-10-20_10_42/sim_naturwissenschaften_1922-10-20_10_42_djvu.txt	?	-
sim_naturwissenschaften_1922-10-27_10_43	https://archive.org/download/sim_naturwissenschaften_1922-10-27_10_43/sim_naturwissenschaften_1922-10-27_10_43_djvu.txt	?	-
sim_naturwissenschaften_1922-11-03_10_44	https://archive.org/download/sim_naturwissenschaften_1922-11-03_10_44/sim_naturwissenschaften_1922-11-03_10_44_djvu.txt	?	-
sim_naturwissenschaften_1922-11-10_10_45	https://archive.org/download/sim_naturwissenschaften_1922-11-10_10_45/sim_naturwissenschaften_1922-11-10_10_45_djvu.txt	?	-
sim_naturwissenschaften_1922-11-17_10_46	https://archive.org/download/sim_naturwissenschaften_1922-11-17_10_46/sim_naturwissenschaften_1922-11-17_10_46_djvu.txt	?	-
sim_naturwissenschaften_1922-11-24_10_47	https://archive.org/download/sim_naturwissenschaften_1922-11-24_10_47/sim_naturwissenschaften_1922-11-24_10_47_djvu.txt	?	-
sim_naturwissenschaften_1922-12-01_10_48	https://archive.org/download/sim_naturwissenschaften_1922-12-01_10_48/sim_naturwissenschaften_1922-12-01_10_48_djvu.txt	?	-
sim_naturwissenschaften_1922-12-08_10_49	https://archive.org/download/sim_naturwissenschaften_1922-12-08_10_49/sim_naturwissenschaften_1922-12-08_10_49_djvu.txt	?	-
sim_naturwissenschaften_1922-12-15_10_50	https://archive.org/download/sim_naturwissenschaften_1922-12-15_10_50/sim_naturwissenschaften_1922-12-15_10_50_djvu.txt	?	-
sim_naturwissenschaften_1922-12-22_10_51	https://archive.org/download/sim_naturwissenschaften_1922-12-22_10_51/sim_naturwissenschaften_1922-12-22_10_51_djvu.txt	?	-
sim_naturwissenschaften_1922-12-29_10_52	https://archive.org/download/sim_naturwissenschaften_1922-12-29_10_52/sim_naturwissenschaften_1922-12-29_10_52_djvu.txt	?	-
sim_naturwissenschaften_1922_10_contents	https://archive.org/download/sim_naturwissenschaften_1922_10_contents/sim_naturwissenschaften_1922_10_contents_djvu.txt	?	-
sim_naturwissenschaften_1923-01-05_11_1	https://archive.org/download/sim_naturwissenschaften_1923-01-05_11_1/sim_naturwissenschaften_1923-01-05_11_1_djvu.txt	?	-
sim_naturwissenschaften_1923-01-12_11_2	https://archive.org/download/sim_naturwissenschaften_1923-01-12_11_2/sim_naturwissenschaften_1923-01-12_11_2_djvu.txt	?	-
sim_naturwissenschaften_1923-01-19_11_3	https://archive.org/download/sim_naturwissenschaften_1923-01-19_11_3/sim_naturwissenschaften_1923-01-19_11_3_djvu.txt	?	-
sim_naturwissenschaften_1923-01-26_11_4	https://archive.org/download/sim_naturwissenschaften_1923-01-26_11_4/sim_naturwissenschaften_1923-01-26_11_4_djvu.txt	?	-
sim_naturwissenschaften_1923-02-02_11_5	https://archive.org/download/sim_naturwissenschaften_1923-02-02_11_5/sim_naturwissenschaften_1923-02-02_11_5_djvu.txt	?	-
sim_naturwissenschaften_1923-02-09_11_6	https://archive.org/download/sim_naturwissenschaften_1923-02-09_11_6/sim_naturwissenschaften_1923-02-09_11_6_djvu.txt	?	-
sim_naturwissenschaften_1923-02-16_11_7	https://archive.org/download/sim_naturwissenschaften_1923-02-16_11_7/sim_naturwissenschaften_1923-02-16_11_7_djvu.txt	?	-
sim_naturwissenschaften_1923-02-23_11_8	https://archive.org/download/sim_naturwissenschaften_1923-02-23_11_8/sim_naturwissenschaften_1923-02-23_11_8_djvu.txt	?	-
sim_naturwissenschaften_1923-03-02_11_9	https://archive.org/download/sim_naturwissenschaften_1923-03-02_11_9/sim_naturwissenschaften_1923-03-02_11_9_djvu.txt	?	-
sim_naturwissenschaften_1923-03-09_11_10	https://archive.org/download/sim_naturwissenschaften_1923-03-09_11_10/sim_naturwissenschaften_1923-03-09_11_10_djvu.txt	?	-
sim_naturwissenschaften_1923-03-16_11_11	https://archive.org/download/sim_naturwissenschaften_1923-03-16_11_11/sim_naturwissenschaften_1923-03-16_11_11_djvu.txt	?	-
sim_naturwissenschaften_1923-03-23_11_12	https://archive.org/download/sim_naturwissenschaften_1923-03-23_11_12/sim_naturwissenschaften_1923-03-23_11_12_djvu.txt	?	-
sim_naturwissenschaften_1923-03-30_11_13	https://archive.org/download/sim_naturwissenschaften_1923-03-30_11_13/sim_naturwissenschaften_1923-03-30_11_13_djvu.txt	?	-
sim_naturwissenschaften_1923-04-06_11_14	https://archive.org/download/sim_naturwissenschaften_1923-04-06_11_14/sim_naturwissenschaften_1923-04-06_11_14_djvu.txt	?	-
sim_naturwissenschaften_1923-04-13_11_15	https://archive.org/download/sim_naturwissenschaften_1923-04-13_11_15/sim_naturwissenschaften_1923-04-13_11_15_djvu.txt	?	-
sim_naturwissenschaften_1923-04-20_11_16	https://archive.org/download/sim_naturwissenschaften_1923-04-20_11_16/sim_naturwissenschaften_1923-04-20_11_16_djvu.txt	?	-
sim_naturwissenschaften_1923-04-27_11_17	https://archive.org/download/sim_naturwissenschaften_1923-04-27_11_17/sim_naturwissenschaften_1923-04-27_11_17_djvu.txt	?	-
sim_naturwissenschaften_1923-05-04_11_18	https://archive.org/download/sim_naturwissenschaften_1923-05-04_11_18/sim_naturwissenschaften_1923-05-04_11_18_djvu.txt	?	-
sim_naturwissenschaften_1923-05-11_11_19	https://archive.org/download/sim_naturwissenschaften_1923-05-11_11_19/sim_naturwissenschaften_1923-05-11_11_19_djvu.txt	?	-
sim_naturwissenschaften_1923-05-18_11_20	https://archive.org/download/sim_naturwissenschaften_1923-05-18_11_20/sim_naturwissenschaften_1923-05-18_11_20_djvu.txt	?	-
sim_naturwissenschaften_1923-05-25_11_21	https://archive.org/download/sim_naturwissenschaften_1923-05-25_11_21/sim_naturwissenschaften_1923-05-25_11_21_djvu.txt	?	-
sim_naturwissenschaften_1923-06-01_11_22	https://archive.org/download/sim_naturwissenschaften_1923-06-01_11_22/sim_naturwissenschaften_1923-06-01_11_22_djvu.txt	?	-
sim_naturwissenschaften_1923-06-08_11_23	https://archive.org/download/sim_naturwissenschaften_1923-06-08_11_23/sim_naturwissenschaften_1923-06-08_11_23_djvu.txt	?	-
sim_naturwissenschaften_1923-06-15_11_24	https://archive.org/download/sim_naturwissenschaften_1923-06-15_11_24/sim_naturwissenschaften_1923-06-15_11_24_djvu.txt	?	-
sim_naturwissenschaften_1923-06-22_11_25	https://archive.org/download/sim_naturwissenschaften_1923-06-22_11_25/sim_naturwissenschaften_1923-06-22_11_25_djvu.txt	?	-
sim_naturwissenschaften_1923-06-29_11_26	https://archive.org/download/sim_naturwissenschaften_1923-06-29_11_26/sim_naturwissenschaften_1923-06-29_11_26_djvu.txt	?	-
sim_naturwissenschaften_1923-07-06_11_27	https://archive.org/download/sim_naturwissenschaften_1923-07-06_11_27/sim_naturwissenschaften_1923-07-06_11_27_djvu.txt	?	-
sim_naturwissenschaften_1923-07-13_11_28	https://archive.org/download/sim_naturwissenschaften_1923-07-13_11_28/sim_naturwissenschaften_1923-07-13_11_28_djvu.txt	?	-
sim_naturwissenschaften_1923-07-20_11_29	https://archive.org/download/sim_naturwissenschaften_1923-07-20_11_29/sim_naturwissenschaften_1923-07-20_11_29_djvu.txt	?	-
sim_naturwissenschaften_1923-07-27_11_30	https://archive.org/download/sim_naturwissenschaften_1923-07-27_11_30/sim_naturwissenschaften_1923-07-27_11_30_djvu.txt	?	-
sim_naturwissenschaften_1923-08-03_11_31	https://archive.org/download/sim_naturwissenschaften_1923-08-03_11_31/sim_naturwissenschaften_1923-08-03_11_31_djvu.txt	?	-
sim_naturwissenschaften_1923-08-10_11_32	https://archive.org/download/sim_naturwissenschaften_1923-08-10_11_32/sim_naturwissenschaften_1923-08-10_11_32_djvu.txt	?	-
sim_naturwissenschaften_1923-08-17_11_33	https://archive.org/download/sim_naturwissenschaften_1923-08-17_11_33/sim_naturwissenschaften_1923-08-17_11_33_djvu.txt	?	-
sim_naturwissenschaften_1923-08-24_11_34	https://archive.org/download/sim_naturwissenschaften_1923-08-24_11_34/sim_naturwissenschaften_1923-08-24_11_34_djvu.txt	?	-
sim_naturwissenschaften_1923-08-31_11_35	https://archive.org/download/sim_naturwissenschaften_1923-08-31_11_35/sim_naturwissenschaften_1923-08-31_11_35_djvu.txt	?	-
sim_naturwissenschaften_1923-09-07_11_36	https://archive.org/download/sim_naturwissenschaften_1923-09-07_11_36/sim_naturwissenschaften_1923-09-07_11_36_djvu.txt	?	-
sim_naturwissenschaften_1923-09-14_11_37	https://archive.org/download/sim_naturwissenschaften_1923-09-14_11_37/sim_naturwissenschaften_1923-09-14_11_37_djvu.txt	?	-
sim_naturwissenschaften_1923-09-21_11_38	https://archive.org/download/sim_naturwissenschaften_1923-09-21_11_38/sim_naturwissenschaften_1923-09-21_11_38_djvu.txt	?	-
sim_naturwissenschaften_1923-09-28_11_39	https://archive.org/download/sim_naturwissenschaften_1923-09-28_11_39/sim_naturwissenschaften_1923-09-28_11_39_djvu.txt	?	-
sim_naturwissenschaften_1923-10-05_11_40	https://archive.org/download/sim_naturwissenschaften_1923-10-05_11_40/sim_naturwissenschaften_1923-10-05_11_40_djvu.txt	?	-
sim_naturwissenschaften_1923-10-12_11_41	https://archive.org/download/sim_naturwissenschaften_1923-10-12_11_41/sim_naturwissenschaften_1923-10-12_11_41_djvu.txt	?	-
sim_naturwissenschaften_1923-10-19_11_42	https://archive.org/download/sim_naturwissenschaften_1923-10-19_11_42/sim_naturwissenschaften_1923-10-19_11_42_djvu.txt	?	-
sim_naturwissenschaften_1923-10-26_11_43	https://archive.org/download/sim_naturwissenschaften_1923-10-26_11_43/sim_naturwissenschaften_1923-10-26_11_43_djvu.txt	?	-
sim_naturwissenschaften_1923-11-02_11_44	https://archive.org/download/sim_naturwissenschaften_1923-11-02_11_44/sim_naturwissenschaften_1923-11-02_11_44_djvu.txt	?	-
sim_naturwissenschaften_1923-11-09_11_45	https://archive.org/download/sim_naturwissenschaften_1923-11-09_11_45/sim_naturwissenschaften_1923-11-09_11_45_djvu.txt	?	-
sim_naturwissenschaften_1923-11-16_11_46	https://archive.org/download/sim_naturwissenschaften_1923-11-16_11_46/sim_naturwissenschaften_1923-11-16_11_46_djvu.txt	?	-
sim_naturwissenschaften_1923-11-23_11_47	https://archive.org/download/sim_naturwissenschaften_1923-11-23_11_47/sim_naturwissenschaften_1923-11-23_11_47_djvu.txt	?	-
sim_naturwissenschaften_1923-12-07_11_48-49	https://archive.org/download/sim_naturwissenschaften_1923-12-07_11_48-49/sim_naturwissenschaften_1923-12-07_11_48-49_djvu.txt	?	-
sim_naturwissenschaften_1923-12-14_11_50	https://archive.org/download/sim_naturwissenschaften_1923-12-14_11_50/sim_naturwissenschaften_1923-12-14_11_50_djvu.txt	?	-
sim_naturwissenschaften_1923-12-21_11_51	https://archive.org/download/sim_naturwissenschaften_1923-12-21_11_51/sim_naturwissenschaften_1923-12-21_11_51_djvu.txt	?	-
sim_naturwissenschaften_1923-12-28_11_52	https://archive.org/download/sim_naturwissenschaften_1923-12-28_11_52/sim_naturwissenschaften_1923-12-28_11_52_djvu.txt	?	-
sim_naturwissenschaften_1923_11_contents	https://archive.org/download/sim_naturwissenschaften_1923_11_contents/sim_naturwissenschaften_1923_11_contents_djvu.txt	?	-
sim_naturwissenschaften_1924-01-04_12_1	https://archive.org/download/sim_naturwissenschaften_1924-01-04_12_1/sim_naturwissenschaften_1924-01-04_12_1_djvu.txt	?	-
sim_naturwissenschaften_1924-01-11_12_2	https://archive.org/download/sim_naturwissenschaften_1924-01-11_12_2/sim_naturwissenschaften_1924-01-11_12_2_djvu.txt	?	-
sim_naturwissenschaften_1924-01-18_12_3	https://archive.org/download/sim_naturwissenschaften_1924-01-18_12_3/sim_naturwissenschaften_1924-01-18_12_3_djvu.txt	?	-
sim_naturwissenschaften_1924-01-25_12_4	https://archive.org/download/sim_naturwissenschaften_1924-01-25_12_4/sim_naturwissenschaften_1924-01-25_12_4_djvu.txt	?	-
sim_naturwissenschaften_1924-02-01_12_5	https://archive.org/download/sim_naturwissenschaften_1924-02-01_12_5/sim_naturwissenschaften_1924-02-01_12_5_djvu.txt	?	-
sim_naturwissenschaften_1924-02-08_12_6	https://archive.org/download/sim_naturwissenschaften_1924-02-08_12_6/sim_naturwissenschaften_1924-02-08_12_6_djvu.txt	?	-
sim_naturwissenschaften_1924-02-15_12_7	https://archive.org/download/sim_naturwissenschaften_1924-02-15_12_7/sim_naturwissenschaften_1924-02-15_12_7_djvu.txt	?	-
sim_naturwissenschaften_1924-02-22_12_8	https://archive.org/download/sim_naturwissenschaften_1924-02-22_12_8/sim_naturwissenschaften_1924-02-22_12_8_djvu.txt	?	-
sim_naturwissenschaften_1924-02-29_12_9	https://archive.org/download/sim_naturwissenschaften_1924-02-29_12_9/sim_naturwissenschaften_1924-02-29_12_9_djvu.txt	?	-
sim_naturwissenschaften_1924-03-07_12_10	https://archive.org/download/sim_naturwissenschaften_1924-03-07_12_10/sim_naturwissenschaften_1924-03-07_12_10_djvu.txt	?	-
sim_naturwissenschaften_1924-03-14_12_11	https://archive.org/download/sim_naturwissenschaften_1924-03-14_12_11/sim_naturwissenschaften_1924-03-14_12_11_djvu.txt	?	-
sim_naturwissenschaften_1924-03-21_12_12	https://archive.org/download/sim_naturwissenschaften_1924-03-21_12_12/sim_naturwissenschaften_1924-03-21_12_12_djvu.txt	?	-
sim_naturwissenschaften_1924-03-28_12_13	https://archive.org/download/sim_naturwissenschaften_1924-03-28_12_13/sim_naturwissenschaften_1924-03-28_12_13_djvu.txt	?	-
sim_naturwissenschaften_1924-04-04_12_14	https://archive.org/download/sim_naturwissenschaften_1924-04-04_12_14/sim_naturwissenschaften_1924-04-04_12_14_djvu.txt	?	-
sim_naturwissenschaften_1924-04-11_12_15	https://archive.org/download/sim_naturwissenschaften_1924-04-11_12_15/sim_naturwissenschaften_1924-04-11_12_15_djvu.txt	?	-
sim_naturwissenschaften_1924-04-18_12_16	https://archive.org/download/sim_naturwissenschaften_1924-04-18_12_16/sim_naturwissenschaften_1924-04-18_12_16_djvu.txt	?	-
sim_naturwissenschaften_1924-04-25_12_17	https://archive.org/download/sim_naturwissenschaften_1924-04-25_12_17/sim_naturwissenschaften_1924-04-25_12_17_djvu.txt	?	-
sim_naturwissenschaften_1924-05-02_12_18	https://archive.org/download/sim_naturwissenschaften_1924-05-02_12_18/sim_naturwissenschaften_1924-05-02_12_18_djvu.txt	?	-
sim_naturwissenschaften_1924-05-09_12_19	https://archive.org/download/sim_naturwissenschaften_1924-05-09_12_19/sim_naturwissenschaften_1924-05-09_12_19_djvu.txt	?	-
sim_naturwissenschaften_1924-05-16_12_20	https://archive.org/download/sim_naturwissenschaften_1924-05-16_12_20/sim_naturwissenschaften_1924-05-16_12_20_djvu.txt	?	-
sim_naturwissenschaften_1924-05-23_12_21	https://archive.org/download/sim_naturwissenschaften_1924-05-23_12_21/sim_naturwissenschaften_1924-05-23_12_21_djvu.txt	?	-
sim_naturwissenschaften_1924-05-30_12_22	https://archive.org/download/sim_naturwissenschaften_1924-05-30_12_22/sim_naturwissenschaften_1924-05-30_12_22_djvu.txt	?	-
sim_naturwissenschaften_1924-06-06_12_23	https://archive.org/download/sim_naturwissenschaften_1924-06-06_12_23/sim_naturwissenschaften_1924-06-06_12_23_djvu.txt	?	-
sim_naturwissenschaften_1924-06-13_12_24	https://archive.org/download/sim_naturwissenschaften_1924-06-13_12_24/sim_naturwissenschaften_1924-06-13_12_24_djvu.txt	?	-
sim_naturwissenschaften_1924-06-20_12_25	https://archive.org/download/sim_naturwissenschaften_1924-06-20_12_25/sim_naturwissenschaften_1924-06-20_12_25_djvu.txt	?	-
sim_naturwissenschaften_1924-06-27_12_26	https://archive.org/download/sim_naturwissenschaften_1924-06-27_12_26/sim_naturwissenschaften_1924-06-27_12_26_djvu.txt	?	-
sim_naturwissenschaften_1924-07-04_12_27	https://archive.org/download/sim_naturwissenschaften_1924-07-04_12_27/sim_naturwissenschaften_1924-07-04_12_27_djvu.txt	?	-
sim_naturwissenschaften_1924-07-11_12_28	https://archive.org/download/sim_naturwissenschaften_1924-07-11_12_28/sim_naturwissenschaften_1924-07-11_12_28_djvu.txt	?	-
sim_naturwissenschaften_1924-07-18_12_29	https://archive.org/download/sim_naturwissenschaften_1924-07-18_12_29/sim_naturwissenschaften_1924-07-18_12_29_djvu.txt	?	-
sim_naturwissenschaften_1924-07-25_12_30	https://archive.org/download/sim_naturwissenschaften_1924-07-25_12_30/sim_naturwissenschaften_1924-07-25_12_30_djvu.txt	?	-
sim_naturwissenschaften_1924-08-01_12_31	https://archive.org/download/sim_naturwissenschaften_1924-08-01_12_31/sim_naturwissenschaften_1924-08-01_12_31_djvu.txt	?	-
sim_naturwissenschaften_1924-08-08_12_32	https://archive.org/download/sim_naturwissenschaften_1924-08-08_12_32/sim_naturwissenschaften_1924-08-08_12_32_djvu.txt	?	-
sim_naturwissenschaften_1924-08-15_12_33	https://archive.org/download/sim_naturwissenschaften_1924-08-15_12_33/sim_naturwissenschaften_1924-08-15_12_33_djvu.txt	?	-
sim_naturwissenschaften_1924-08-22_12_34	https://archive.org/download/sim_naturwissenschaften_1924-08-22_12_34/sim_naturwissenschaften_1924-08-22_12_34_djvu.txt	?	-
sim_naturwissenschaften_1924-08-29_12_35	https://archive.org/download/sim_naturwissenschaften_1924-08-29_12_35/sim_naturwissenschaften_1924-08-29_12_35_djvu.txt	?	-
sim_naturwissenschaften_1924-09-05_12_36	https://archive.org/download/sim_naturwissenschaften_1924-09-05_12_36/sim_naturwissenschaften_1924-09-05_12_36_djvu.txt	?	-
sim_naturwissenschaften_1924-09-12_12_37	https://archive.org/download/sim_naturwissenschaften_1924-09-12_12_37/sim_naturwissenschaften_1924-09-12_12_37_djvu.txt	?	-
sim_naturwissenschaften_1924-09-19_12_38	https://archive.org/download/sim_naturwissenschaften_1924-09-19_12_38/sim_naturwissenschaften_1924-09-19_12_38_djvu.txt	?	-
sim_naturwissenschaften_1924-09-26_12_39	https://archive.org/download/sim_naturwissenschaften_1924-09-26_12_39/sim_naturwissenschaften_1924-09-26_12_39_djvu.txt	?	-
sim_naturwissenschaften_1924-10-03_12_40	https://archive.org/download/sim_naturwissenschaften_1924-10-03_12_40/sim_naturwissenschaften_1924-10-03_12_40_djvu.txt	?	-
sim_naturwissenschaften_1924-10-10_12_41	https://archive.org/download/sim_naturwissenschaften_1924-10-10_12_41/sim_naturwissenschaften_1924-10-10_12_41_djvu.txt	?	-
sim_naturwissenschaften_1924-10-17_12_42	https://archive.org/download/sim_naturwissenschaften_1924-10-17_12_42/sim_naturwissenschaften_1924-10-17_12_42_djvu.txt	?	-
sim_naturwissenschaften_1924-10-24_12_43	https://archive.org/download/sim_naturwissenschaften_1924-10-24_12_43/sim_naturwissenschaften_1924-10-24_12_43_djvu.txt	?	-
sim_naturwissenschaften_1924-10-31_12_44	https://archive.org/download/sim_naturwissenschaften_1924-10-31_12_44/sim_naturwissenschaften_1924-10-31_12_44_djvu.txt	?	-
sim_naturwissenschaften_1924-11-07_12_45	https://archive.org/download/sim_naturwissenschaften_1924-11-07_12_45/sim_naturwissenschaften_1924-11-07_12_45_djvu.txt	?	-
sim_naturwissenschaften_1924-11-14_12_46	https://archive.org/download/sim_naturwissenschaften_1924-11-14_12_46/sim_naturwissenschaften_1924-11-14_12_46_djvu.txt	?	-
sim_naturwissenschaften_1924-11-21_12_47	https://archive.org/download/sim_naturwissenschaften_1924-11-21_12_47/sim_naturwissenschaften_1924-11-21_12_47_djvu.txt	?	-
sim_naturwissenschaften_1924-11-28_12_48	https://archive.org/download/sim_naturwissenschaften_1924-11-28_12_48/sim_naturwissenschaften_1924-11-28_12_48_djvu.txt	?	-
sim_naturwissenschaften_1924-12-05_12_49	https://archive.org/download/sim_naturwissenschaften_1924-12-05_12_49/sim_naturwissenschaften_1924-12-05_12_49_djvu.txt	?	-
sim_naturwissenschaften_1924-12-12_12_50	https://archive.org/download/sim_naturwissenschaften_1924-12-12_12_50/sim_naturwissenschaften_1924-12-12_12_50_djvu.txt	?	-
sim_naturwissenschaften_1924-12-19_12_51	https://archive.org/download/sim_naturwissenschaften_1924-12-19_12_51/sim_naturwissenschaften_1924-12-19_12_51_djvu.txt	?	-
sim_naturwissenschaften_1924-12-26_12_52	https://archive.org/download/sim_naturwissenschaften_1924-12-26_12_52/sim_naturwissenschaften_1924-12-26_12_52_djvu.txt	?	-
sim_naturwissenschaften_1924_12_contents	https://archive.org/download/sim_naturwissenschaften_1924_12_contents/sim_naturwissenschaften_1924_12_contents_djvu.txt	?	-
sim_naturwissenschaften_1925-01-02_13_1	https://archive.org/download/sim_naturwissenschaften_1925-01-02_13_1/sim_naturwissenschaften_1925-01-02_13_1_djvu.txt	?	-
sim_naturwissenschaften_1925-01-09_13_2	https://archive.org/download/sim_naturwissenschaften_1925-01-09_13_2/sim_naturwissenschaften_1925-01-09_13_2_djvu.txt	?	-
sim_naturwissenschaften_1925-01-16_13_3	https://archive.org/download/sim_naturwissenschaften_1925-01-16_13_3/sim_naturwissenschaften_1925-01-16_13_3_djvu.txt	?	-
sim_naturwissenschaften_1925-01-23_13_4	https://archive.org/download/sim_naturwissenschaften_1925-01-23_13_4/sim_naturwissenschaften_1925-01-23_13_4_djvu.txt	?	-
sim_naturwissenschaften_1925-01-30_13_5	https://archive.org/download/sim_naturwissenschaften_1925-01-30_13_5/sim_naturwissenschaften_1925-01-30_13_5_djvu.txt	?	-
sim_naturwissenschaften_1925-02-06_13_6	https://archive.org/download/sim_naturwissenschaften_1925-02-06_13_6/sim_naturwissenschaften_1925-02-06_13_6_djvu.txt	?	-
sim_naturwissenschaften_1925-02-13_13_7	https://archive.org/download/sim_naturwissenschaften_1925-02-13_13_7/sim_naturwissenschaften_1925-02-13_13_7_djvu.txt	?	-
sim_naturwissenschaften_1925-02-20_13_8	https://archive.org/download/sim_naturwissenschaften_1925-02-20_13_8/sim_naturwissenschaften_1925-02-20_13_8_djvu.txt	?	-
sim_naturwissenschaften_1925-02-27_13_9	https://archive.org/download/sim_naturwissenschaften_1925-02-27_13_9/sim_naturwissenschaften_1925-02-27_13_9_djvu.txt	?	-
sim_naturwissenschaften_1925-03-06_13_10	https://archive.org/download/sim_naturwissenschaften_1925-03-06_13_10/sim_naturwissenschaften_1925-03-06_13_10_djvu.txt	?	-
sim_naturwissenschaften_1925-03-13_13_11	https://archive.org/download/sim_naturwissenschaften_1925-03-13_13_11/sim_naturwissenschaften_1925-03-13_13_11_djvu.txt	?	-
sim_naturwissenschaften_1925-03-20_13_12	https://archive.org/download/sim_naturwissenschaften_1925-03-20_13_12/sim_naturwissenschaften_1925-03-20_13_12_djvu.txt	?	-
sim_naturwissenschaften_1925-03-27_13_13	https://archive.org/download/sim_naturwissenschaften_1925-03-27_13_13/sim_naturwissenschaften_1925-03-27_13_13_djvu.txt	?	-
sim_naturwissenschaften_1925-04-03_13_14	https://archive.org/download/sim_naturwissenschaften_1925-04-03_13_14/sim_naturwissenschaften_1925-04-03_13_14_djvu.txt	?	-
sim_naturwissenschaften_1925-04-10_13_15	https://archive.org/download/sim_naturwissenschaften_1925-04-10_13_15/sim_naturwissenschaften_1925-04-10_13_15_djvu.txt	?	-
sim_naturwissenschaften_1925-04-17_13_16	https://archive.org/download/sim_naturwissenschaften_1925-04-17_13_16/sim_naturwissenschaften_1925-04-17_13_16_djvu.txt	?	-
sim_naturwissenschaften_1925-04-24_13_17	https://archive.org/download/sim_naturwissenschaften_1925-04-24_13_17/sim_naturwissenschaften_1925-04-24_13_17_djvu.txt	?	-
sim_naturwissenschaften_1925-05-01_13_18	https://archive.org/download/sim_naturwissenschaften_1925-05-01_13_18/sim_naturwissenschaften_1925-05-01_13_18_djvu.txt	?	-
sim_naturwissenschaften_1925-05-08_13_19	https://archive.org/download/sim_naturwissenschaften_1925-05-08_13_19/sim_naturwissenschaften_1925-05-08_13_19_djvu.txt	?	-
sim_naturwissenschaften_1925-05-15_13_20	https://archive.org/download/sim_naturwissenschaften_1925-05-15_13_20/sim_naturwissenschaften_1925-05-15_13_20_djvu.txt	?	-
sim_naturwissenschaften_1925-05-22_13_21	https://archive.org/download/sim_naturwissenschaften_1925-05-22_13_21/sim_naturwissenschaften_1925-05-22_13_21_djvu.txt	?	-
sim_naturwissenschaften_1925-05-29_13_22	https://archive.org/download/sim_naturwissenschaften_1925-05-29_13_22/sim_naturwissenschaften_1925-05-29_13_22_djvu.txt	?	-
sim_naturwissenschaften_1925-06-05_13_23	https://archive.org/download/sim_naturwissenschaften_1925-06-05_13_23/sim_naturwissenschaften_1925-06-05_13_23_djvu.txt	?	-
sim_naturwissenschaften_1925-06-12_13_24	https://archive.org/download/sim_naturwissenschaften_1925-06-12_13_24/sim_naturwissenschaften_1925-06-12_13_24_djvu.txt	?	-
sim_naturwissenschaften_1925-06-19_13_25	https://archive.org/download/sim_naturwissenschaften_1925-06-19_13_25/sim_naturwissenschaften_1925-06-19_13_25_djvu.txt	?	-
sim_naturwissenschaften_1925-06-26_13_26	https://archive.org/download/sim_naturwissenschaften_1925-06-26_13_26/sim_naturwissenschaften_1925-06-26_13_26_djvu.txt	?	-
sim_naturwissenschaften_1925-07-03_13_27	https://archive.org/download/sim_naturwissenschaften_1925-07-03_13_27/sim_naturwissenschaften_1925-07-03_13_27_djvu.txt	?	-
sim_naturwissenschaften_1925-07-10_13_28	https://archive.org/download/sim_naturwissenschaften_1925-07-10_13_28/sim_naturwissenschaften_1925-07-10_13_28_djvu.txt	?	-
sim_naturwissenschaften_1925-07-17_13_29	https://archive.org/download/sim_naturwissenschaften_1925-07-17_13_29/sim_naturwissenschaften_1925-07-17_13_29_djvu.txt	?	-
sim_naturwissenschaften_1925-07-24_13_30	https://archive.org/download/sim_naturwissenschaften_1925-07-24_13_30/sim_naturwissenschaften_1925-07-24_13_30_djvu.txt	?	-
sim_naturwissenschaften_1925-07-31_13_31	https://archive.org/download/sim_naturwissenschaften_1925-07-31_13_31/sim_naturwissenschaften_1925-07-31_13_31_djvu.txt	?	-
sim_naturwissenschaften_1925-08-07_13_32	https://archive.org/download/sim_naturwissenschaften_1925-08-07_13_32/sim_naturwissenschaften_1925-08-07_13_32_djvu.txt	?	-
sim_naturwissenschaften_1925-08-14_13_33	https://archive.org/download/sim_naturwissenschaften_1925-08-14_13_33/sim_naturwissenschaften_1925-08-14_13_33_djvu.txt	?	-
sim_naturwissenschaften_1925-08-21_13_34	https://archive.org/download/sim_naturwissenschaften_1925-08-21_13_34/sim_naturwissenschaften_1925-08-21_13_34_djvu.txt	?	-
sim_naturwissenschaften_1925-08-28_13_35	https://archive.org/download/sim_naturwissenschaften_1925-08-28_13_35/sim_naturwissenschaften_1925-08-28_13_35_djvu.txt	?	-
sim_naturwissenschaften_1925-09-04_13_36	https://archive.org/download/sim_naturwissenschaften_1925-09-04_13_36/sim_naturwissenschaften_1925-09-04_13_36_djvu.txt	?	-
sim_naturwissenschaften_1925-09-11_13_37	https://archive.org/download/sim_naturwissenschaften_1925-09-11_13_37/sim_naturwissenschaften_1925-09-11_13_37_djvu.txt	?	-
sim_naturwissenschaften_1925-09-18_13_38	https://archive.org/download/sim_naturwissenschaften_1925-09-18_13_38/sim_naturwissenschaften_1925-09-18_13_38_djvu.txt	?	-
sim_naturwissenschaften_1925-09-25_13_39	https://archive.org/download/sim_naturwissenschaften_1925-09-25_13_39/sim_naturwissenschaften_1925-09-25_13_39_djvu.txt	?	-
sim_naturwissenschaften_1925-10-02_13_40	https://archive.org/download/sim_naturwissenschaften_1925-10-02_13_40/sim_naturwissenschaften_1925-10-02_13_40_djvu.txt	?	-
sim_naturwissenschaften_1925-10-09_13_41	https://archive.org/download/sim_naturwissenschaften_1925-10-09_13_41/sim_naturwissenschaften_1925-10-09_13_41_djvu.txt	?	-
sim_naturwissenschaften_1925-10-16_13_42	https://archive.org/download/sim_naturwissenschaften_1925-10-16_13_42/sim_naturwissenschaften_1925-10-16_13_42_djvu.txt	?	-
sim_naturwissenschaften_1925-10-23_13_43	https://archive.org/download/sim_naturwissenschaften_1925-10-23_13_43/sim_naturwissenschaften_1925-10-23_13_43_djvu.txt	?	-
sim_naturwissenschaften_1925-10-30_13_44	https://archive.org/download/sim_naturwissenschaften_1925-10-30_13_44/sim_naturwissenschaften_1925-10-30_13_44_djvu.txt	?	-
sim_naturwissenschaften_1925-11-06_13_45	https://archive.org/download/sim_naturwissenschaften_1925-11-06_13_45/sim_naturwissenschaften_1925-11-06_13_45_djvu.txt	?	-
sim_naturwissenschaften_1925-11-13_13_46	https://archive.org/download/sim_naturwissenschaften_1925-11-13_13_46/sim_naturwissenschaften_1925-11-13_13_46_djvu.txt	?	-
sim_naturwissenschaften_1925-11-20_13_47	https://archive.org/download/sim_naturwissenschaften_1925-11-20_13_47/sim_naturwissenschaften_1925-11-20_13_47_djvu.txt	?	-
sim_naturwissenschaften_1925-11-27_13_48	https://archive.org/download/sim_naturwissenschaften_1925-11-27_13_48/sim_naturwissenschaften_1925-11-27_13_48_djvu.txt	?	-
sim_naturwissenschaften_1925-12-04_13_49-50	https://archive.org/download/sim_naturwissenschaften_1925-12-04_13_49-50/sim_naturwissenschaften_1925-12-04_13_49-50_djvu.txt	?	-
sim_naturwissenschaften_1925-12-18_13_51	https://archive.org/download/sim_naturwissenschaften_1925-12-18_13_51/sim_naturwissenschaften_1925-12-18_13_51_djvu.txt	?	-
sim_naturwissenschaften_1925_13_contents	https://archive.org/download/sim_naturwissenschaften_1925_13_contents/sim_naturwissenschaften_1925_13_contents_djvu.txt	?	-
sim_naturwissenschaften_1926-01-01_14_1	https://archive.org/download/sim_naturwissenschaften_1926-01-01_14_1/sim_naturwissenschaften_1926-01-01_14_1_djvu.txt	?	-
sim_naturwissenschaften_1926-01-08_14_2	https://archive.org/download/sim_naturwissenschaften_1926-01-08_14_2/sim_naturwissenschaften_1926-01-08_14_2_djvu.txt	?	-
sim_naturwissenschaften_1926-01-15_14_3	https://archive.org/download/sim_naturwissenschaften_1926-01-15_14_3/sim_naturwissenschaften_1926-01-15_14_3_djvu.txt	?	-
sim_naturwissenschaften_1926-01-22_14_4	https://archive.org/download/sim_naturwissenschaften_1926-01-22_14_4/sim_naturwissenschaften_1926-01-22_14_4_djvu.txt	?	-
sim_naturwissenschaften_1926-01-29_14_5	https://archive.org/download/sim_naturwissenschaften_1926-01-29_14_5/sim_naturwissenschaften_1926-01-29_14_5_djvu.txt	?	-
sim_naturwissenschaften_1926-02-05_14_6	https://archive.org/download/sim_naturwissenschaften_1926-02-05_14_6/sim_naturwissenschaften_1926-02-05_14_6_djvu.txt	?	-
sim_naturwissenschaften_1926-02-12_14_7	https://archive.org/download/sim_naturwissenschaften_1926-02-12_14_7/sim_naturwissenschaften_1926-02-12_14_7_djvu.txt	?	-
sim_naturwissenschaften_1926-02-19_14_8	https://archive.org/download/sim_naturwissenschaften_1926-02-19_14_8/sim_naturwissenschaften_1926-02-19_14_8_djvu.txt	?	-
sim_naturwissenschaften_1926-02-26_14_9	https://archive.org/download/sim_naturwissenschaften_1926-02-26_14_9/sim_naturwissenschaften_1926-02-26_14_9_djvu.txt	?	-
sim_naturwissenschaften_1926-03-05_14_10	https://archive.org/download/sim_naturwissenschaften_1926-03-05_14_10/sim_naturwissenschaften_1926-03-05_14_10_djvu.txt	?	-
sim_naturwissenschaften_1926-03-12_14_11	https://archive.org/download/sim_naturwissenschaften_1926-03-12_14_11/sim_naturwissenschaften_1926-03-12_14_11_djvu.txt	?	-
sim_naturwissenschaften_1926-03-19_14_12	https://archive.org/download/sim_naturwissenschaften_1926-03-19_14_12/sim_naturwissenschaften_1926-03-19_14_12_djvu.txt	?	-
sim_naturwissenschaften_1926-03-26_14_13	https://archive.org/download/sim_naturwissenschaften_1926-03-26_14_13/sim_naturwissenschaften_1926-03-26_14_13_djvu.txt	?	-
sim_naturwissenschaften_1926-04-02_14_14	https://archive.org/download/sim_naturwissenschaften_1926-04-02_14_14/sim_naturwissenschaften_1926-04-02_14_14_djvu.txt	?	-
sim_naturwissenschaften_1926-04-09_14_15	https://archive.org/download/sim_naturwissenschaften_1926-04-09_14_15/sim_naturwissenschaften_1926-04-09_14_15_djvu.txt	?	-
sim_naturwissenschaften_1926-04-16_14_16	https://archive.org/download/sim_naturwissenschaften_1926-04-16_14_16/sim_naturwissenschaften_1926-04-16_14_16_djvu.txt	?	-
sim_naturwissenschaften_1926-04-23_14_17	https://archive.org/download/sim_naturwissenschaften_1926-04-23_14_17/sim_naturwissenschaften_1926-04-23_14_17_djvu.txt	?	-
sim_naturwissenschaften_1926-04-30_14_18	https://archive.org/download/sim_naturwissenschaften_1926-04-30_14_18/sim_naturwissenschaften_1926-04-30_14_18_djvu.txt	?	-
sim_naturwissenschaften_1926-05-07_14_19	https://archive.org/download/sim_naturwissenschaften_1926-05-07_14_19/sim_naturwissenschaften_1926-05-07_14_19_djvu.txt	?	-
sim_naturwissenschaften_1926-05-14_14_20	https://archive.org/download/sim_naturwissenschaften_1926-05-14_14_20/sim_naturwissenschaften_1926-05-14_14_20_djvu.txt	?	-
sim_naturwissenschaften_1926-05-21_14_21	https://archive.org/download/sim_naturwissenschaften_1926-05-21_14_21/sim_naturwissenschaften_1926-05-21_14_21_djvu.txt	?	-
sim_naturwissenschaften_1926-05-28_14_22	https://archive.org/download/sim_naturwissenschaften_1926-05-28_14_22/sim_naturwissenschaften_1926-05-28_14_22_djvu.txt	?	-
sim_naturwissenschaften_1926-06-04_14_23	https://archive.org/download/sim_naturwissenschaften_1926-06-04_14_23/sim_naturwissenschaften_1926-06-04_14_23_djvu.txt	?	-
sim_naturwissenschaften_1926-06-11_14_24	https://archive.org/download/sim_naturwissenschaften_1926-06-11_14_24/sim_naturwissenschaften_1926-06-11_14_24_djvu.txt	?	-
sim_naturwissenschaften_1926-06-18_14_25	https://archive.org/download/sim_naturwissenschaften_1926-06-18_14_25/sim_naturwissenschaften_1926-06-18_14_25_djvu.txt	?	-
sim_naturwissenschaften_1926-06-25_14_26	https://archive.org/download/sim_naturwissenschaften_1926-06-25_14_26/sim_naturwissenschaften_1926-06-25_14_26_djvu.txt	?	-
sim_naturwissenschaften_1926-07-02_14_27	https://archive.org/download/sim_naturwissenschaften_1926-07-02_14_27/sim_naturwissenschaften_1926-07-02_14_27_djvu.txt	?	-
sim_naturwissenschaften_1926-07-09_14_28	https://archive.org/download/sim_naturwissenschaften_1926-07-09_14_28/sim_naturwissenschaften_1926-07-09_14_28_djvu.txt	?	-
sim_naturwissenschaften_1926-07-16_14_29	https://archive.org/download/sim_naturwissenschaften_1926-07-16_14_29/sim_naturwissenschaften_1926-07-16_14_29_djvu.txt	?	-
sim_naturwissenschaften_1926-07-23_14_30	https://archive.org/download/sim_naturwissenschaften_1926-07-23_14_30/sim_naturwissenschaften_1926-07-23_14_30_djvu.txt	?	-
sim_naturwissenschaften_1926-07-30_14_31	https://archive.org/download/sim_naturwissenschaften_1926-07-30_14_31/sim_naturwissenschaften_1926-07-30_14_31_djvu.txt	?	-
sim_naturwissenschaften_1926-08-06_14_32	https://archive.org/download/sim_naturwissenschaften_1926-08-06_14_32/sim_naturwissenschaften_1926-08-06_14_32_djvu.txt	?	-
sim_naturwissenschaften_1926-08-13_14_33	https://archive.org/download/sim_naturwissenschaften_1926-08-13_14_33/sim_naturwissenschaften_1926-08-13_14_33_djvu.txt	?	-
sim_naturwissenschaften_1926-08-20_14_34	https://archive.org/download/sim_naturwissenschaften_1926-08-20_14_34/sim_naturwissenschaften_1926-08-20_14_34_djvu.txt	?	-
sim_naturwissenschaften_1926-08-27_14_35	https://archive.org/download/sim_naturwissenschaften_1926-08-27_14_35/sim_naturwissenschaften_1926-08-27_14_35_djvu.txt	?	-
sim_naturwissenschaften_1926-09-03_14_36	https://archive.org/download/sim_naturwissenschaften_1926-09-03_14_36/sim_naturwissenschaften_1926-09-03_14_36_djvu.txt	?	-
sim_naturwissenschaften_1926-09-10_14_37	https://archive.org/download/sim_naturwissenschaften_1926-09-10_14_37/sim_naturwissenschaften_1926-09-10_14_37_djvu.txt	?	-
sim_naturwissenschaften_1926-09-17_14_38	https://archive.org/download/sim_naturwissenschaften_1926-09-17_14_38/sim_naturwissenschaften_1926-09-17_14_38_djvu.txt	?	-
sim_naturwissenschaften_1926-09-24_14_39	https://archive.org/download/sim_naturwissenschaften_1926-09-24_14_39/sim_naturwissenschaften_1926-09-24_14_39_djvu.txt	?	-
sim_naturwissenschaften_1926-10-01_14_40	https://archive.org/download/sim_naturwissenschaften_1926-10-01_14_40/sim_naturwissenschaften_1926-10-01_14_40_djvu.txt	?	-
sim_naturwissenschaften_1926-10-08_14_41	https://archive.org/download/sim_naturwissenschaften_1926-10-08_14_41/sim_naturwissenschaften_1926-10-08_14_41_djvu.txt	?	-
sim_naturwissenschaften_1926-10-15_14_42	https://archive.org/download/sim_naturwissenschaften_1926-10-15_14_42/sim_naturwissenschaften_1926-10-15_14_42_djvu.txt	?	-
sim_naturwissenschaften_1926-10-22_14_43	https://archive.org/download/sim_naturwissenschaften_1926-10-22_14_43/sim_naturwissenschaften_1926-10-22_14_43_djvu.txt	?	-
sim_naturwissenschaften_1926-10-29_14_44	https://archive.org/download/sim_naturwissenschaften_1926-10-29_14_44/sim_naturwissenschaften_1926-10-29_14_44_djvu.txt	?	-
sim_naturwissenschaften_1926-11-05_14_45	https://archive.org/download/sim_naturwissenschaften_1926-11-05_14_45/sim_naturwissenschaften_1926-11-05_14_45_djvu.txt	?	-
sim_naturwissenschaften_1926-11-12_14_46	https://archive.org/download/sim_naturwissenschaften_1926-11-12_14_46/sim_naturwissenschaften_1926-11-12_14_46_djvu.txt	?	-
sim_naturwissenschaften_1926-11-19_14_47	https://archive.org/download/sim_naturwissenschaften_1926-11-19_14_47/sim_naturwissenschaften_1926-11-19_14_47_djvu.txt	?	-
sim_naturwissenschaften_1926-11-26_14_48-29	https://archive.org/download/sim_naturwissenschaften_1926-11-26_14_48-29/sim_naturwissenschaften_1926-11-26_14_48-29_djvu.txt	?	-
sim_naturwissenschaften_1926-12-10_14_50-51	https://archive.org/download/sim_naturwissenschaften_1926-12-10_14_50-51/sim_naturwissenschaften_1926-12-10_14_50-51_djvu.txt	?	-
sim_naturwissenschaften_1926-12-24_14_52	https://archive.org/download/sim_naturwissenschaften_1926-12-24_14_52/sim_naturwissenschaften_1926-12-24_14_52_djvu.txt	?	-
sim_naturwissenschaften_1926_14_contents	https://archive.org/download/sim_naturwissenschaften_1926_14_contents/sim_naturwissenschaften_1926_14_contents_djvu.txt	?	-
sim_naturwissenschaften_1927-01-07_15_1	https://archive.org/download/sim_naturwissenschaften_1927-01-07_15_1/sim_naturwissenschaften_1927-01-07_15_1_djvu.txt	?	-
sim_naturwissenschaften_1927-01-14_15_2	https://archive.org/download/sim_naturwissenschaften_1927-01-14_15_2/sim_naturwissenschaften_1927-01-14_15_2_djvu.txt	?	-
sim_naturwissenschaften_1927-01-21_15_3	https://archive.org/download/sim_naturwissenschaften_1927-01-21_15_3/sim_naturwissenschaften_1927-01-21_15_3_djvu.txt	?	-
sim_naturwissenschaften_1927-01-28_15_4	https://archive.org/download/sim_naturwissenschaften_1927-01-28_15_4/sim_naturwissenschaften_1927-01-28_15_4_djvu.txt	?	-
sim_naturwissenschaften_1927-02-04_15_5	https://archive.org/download/sim_naturwissenschaften_1927-02-04_15_5/sim_naturwissenschaften_1927-02-04_15_5_djvu.txt	?	-
sim_naturwissenschaften_1927-02-11_15_6	https://archive.org/download/sim_naturwissenschaften_1927-02-11_15_6/sim_naturwissenschaften_1927-02-11_15_6_djvu.txt	?	-
sim_naturwissenschaften_1927-02-18_15_7	https://archive.org/download/sim_naturwissenschaften_1927-02-18_15_7/sim_naturwissenschaften_1927-02-18_15_7_djvu.txt	?	-
sim_naturwissenschaften_1927-02-25_15_8	https://archive.org/download/sim_naturwissenschaften_1927-02-25_15_8/sim_naturwissenschaften_1927-02-25_15_8_djvu.txt	?	-
sim_naturwissenschaften_1927-03-04_15_9	https://archive.org/download/sim_naturwissenschaften_1927-03-04_15_9/sim_naturwissenschaften_1927-03-04_15_9_djvu.txt	?	-
sim_naturwissenschaften_1927-03-11_15_10	https://archive.org/download/sim_naturwissenschaften_1927-03-11_15_10/sim_naturwissenschaften_1927-03-11_15_10_djvu.txt	?	-
sim_naturwissenschaften_1927-03-18_15_11	https://archive.org/download/sim_naturwissenschaften_1927-03-18_15_11/sim_naturwissenschaften_1927-03-18_15_11_djvu.txt	?	-
sim_naturwissenschaften_1927-03-25_15_12	https://archive.org/download/sim_naturwissenschaften_1927-03-25_15_12/sim_naturwissenschaften_1927-03-25_15_12_djvu.txt	?	-
sim_naturwissenschaften_1927-04-01_15_13	https://archive.org/download/sim_naturwissenschaften_1927-04-01_15_13/sim_naturwissenschaften_1927-04-01_15_13_djvu.txt	?	-
sim_naturwissenschaften_1927-04-08_15_14	https://archive.org/download/sim_naturwissenschaften_1927-04-08_15_14/sim_naturwissenschaften_1927-04-08_15_14_djvu.txt	?	-
sim_naturwissenschaften_1927-04-15_15_15	https://archive.org/download/sim_naturwissenschaften_1927-04-15_15_15/sim_naturwissenschaften_1927-04-15_15_15_djvu.txt	?	-
sim_naturwissenschaften_1927-04-22_15_16	https://archive.org/download/sim_naturwissenschaften_1927-04-22_15_16/sim_naturwissenschaften_1927-04-22_15_16_djvu.txt	?	-
sim_naturwissenschaften_1927-04-29_15_17	https://archive.org/download/sim_naturwissenschaften_1927-04-29_15_17/sim_naturwissenschaften_1927-04-29_15_17_djvu.txt	?	-
sim_naturwissenschaften_1927-05-06_15_18	https://archive.org/download/sim_naturwissenschaften_1927-05-06_15_18/sim_naturwissenschaften_1927-05-06_15_18_djvu.txt	?	-
sim_naturwissenschaften_1927-05-13_15_19	https://archive.org/download/sim_naturwissenschaften_1927-05-13_15_19/sim_naturwissenschaften_1927-05-13_15_19_djvu.txt	?	-
sim_naturwissenschaften_1927-05-20_15_20	https://archive.org/download/sim_naturwissenschaften_1927-05-20_15_20/sim_naturwissenschaften_1927-05-20_15_20_djvu.txt	?	-
sim_naturwissenschaften_1927-05-27_15_21	https://archive.org/download/sim_naturwissenschaften_1927-05-27_15_21/sim_naturwissenschaften_1927-05-27_15_21_djvu.txt	?	-
sim_naturwissenschaften_1927-06-03_15_22	https://archive.org/download/sim_naturwissenschaften_1927-06-03_15_22/sim_naturwissenschaften_1927-06-03_15_22_djvu.txt	?	-
sim_naturwissenschaften_1927-06-10_15_23	https://archive.org/download/sim_naturwissenschaften_1927-06-10_15_23/sim_naturwissenschaften_1927-06-10_15_23_djvu.txt	?	-
sim_naturwissenschaften_1927-06-17_15_24	https://archive.org/download/sim_naturwissenschaften_1927-06-17_15_24/sim_naturwissenschaften_1927-06-17_15_24_djvu.txt	?	-
sim_naturwissenschaften_1927-06-24_15_25	https://archive.org/download/sim_naturwissenschaften_1927-06-24_15_25/sim_naturwissenschaften_1927-06-24_15_25_djvu.txt	?	-
sim_naturwissenschaften_1927-06-30_15_26	https://archive.org/download/sim_naturwissenschaften_1927-06-30_15_26/sim_naturwissenschaften_1927-06-30_15_26_djvu.txt	?	-
sim_naturwissenschaften_1927-07-07_15_27	https://archive.org/download/sim_naturwissenschaften_1927-07-07_15_27/sim_naturwissenschaften_1927-07-07_15_27_djvu.txt	?	-
sim_naturwissenschaften_1927-07-14_15_28	https://archive.org/download/sim_naturwissenschaften_1927-07-14_15_28/sim_naturwissenschaften_1927-07-14_15_28_djvu.txt	?	-
sim_naturwissenschaften_1927-07-21_15_29	https://archive.org/download/sim_naturwissenschaften_1927-07-21_15_29/sim_naturwissenschaften_1927-07-21_15_29_djvu.txt	?	-
sim_naturwissenschaften_1927-07-28_15_30	https://archive.org/download/sim_naturwissenschaften_1927-07-28_15_30/sim_naturwissenschaften_1927-07-28_15_30_djvu.txt	?	-
sim_naturwissenschaften_1927-08-04_15_31	https://archive.org/download/sim_naturwissenschaften_1927-08-04_15_31/sim_naturwissenschaften_1927-08-04_15_31_djvu.txt	?	-
sim_naturwissenschaften_1927-08-11_15_32	https://archive.org/download/sim_naturwissenschaften_1927-08-11_15_32/sim_naturwissenschaften_1927-08-11_15_32_djvu.txt	?	-
sim_naturwissenschaften_1927-08-18_15_33	https://archive.org/download/sim_naturwissenschaften_1927-08-18_15_33/sim_naturwissenschaften_1927-08-18_15_33_djvu.txt	?	-
sim_naturwissenschaften_1927-08-25_15_34	https://archive.org/download/sim_naturwissenschaften_1927-08-25_15_34/sim_naturwissenschaften_1927-08-25_15_34_djvu.txt	?	-
sim_naturwissenschaften_1927-09-01_15_35	https://archive.org/download/sim_naturwissenschaften_1927-09-01_15_35/sim_naturwissenschaften_1927-09-01_15_35_djvu.txt	?	-
sim_naturwissenschaften_1927-09-08_15_36	https://archive.org/download/sim_naturwissenschaften_1927-09-08_15_36/sim_naturwissenschaften_1927-09-08_15_36_djvu.txt	?	-
sim_naturwissenschaften_1927-09-15_15_37	https://archive.org/download/sim_naturwissenschaften_1927-09-15_15_37/sim_naturwissenschaften_1927-09-15_15_37_djvu.txt	?	-
sim_naturwissenschaften_1927-09-22_15_38	https://archive.org/download/sim_naturwissenschaften_1927-09-22_15_38/sim_naturwissenschaften_1927-09-22_15_38_djvu.txt	?	-
sim_naturwissenschaften_1927-09-29_15_39	https://archive.org/download/sim_naturwissenschaften_1927-09-29_15_39/sim_naturwissenschaften_1927-09-29_15_39_djvu.txt	?	-
sim_naturwissenschaften_1927-10-06_15_40	https://archive.org/download/sim_naturwissenschaften_1927-10-06_15_40/sim_naturwissenschaften_1927-10-06_15_40_djvu.txt	?	-
sim_naturwissenschaften_1927-10-13_15_41	https://archive.org/download/sim_naturwissenschaften_1927-10-13_15_41/sim_naturwissenschaften_1927-10-13_15_41_djvu.txt	?	-
sim_naturwissenschaften_1927-10-20_15_42	https://archive.org/download/sim_naturwissenschaften_1927-10-20_15_42/sim_naturwissenschaften_1927-10-20_15_42_djvu.txt	?	-
sim_naturwissenschaften_1927-10-27_15_43	https://archive.org/download/sim_naturwissenschaften_1927-10-27_15_43/sim_naturwissenschaften_1927-10-27_15_43_djvu.txt	?	-
sim_naturwissenschaften_1927-11-03_15_44	https://archive.org/download/sim_naturwissenschaften_1927-11-03_15_44/sim_naturwissenschaften_1927-11-03_15_44_djvu.txt	?	-
sim_naturwissenschaften_1927-11-10_15_45	https://archive.org/download/sim_naturwissenschaften_1927-11-10_15_45/sim_naturwissenschaften_1927-11-10_15_45_djvu.txt	?	-
sim_naturwissenschaften_1927-11-17_15_46	https://archive.org/download/sim_naturwissenschaften_1927-11-17_15_46/sim_naturwissenschaften_1927-11-17_15_46_djvu.txt	?	-
sim_naturwissenschaften_1927-11-24_15_47	https://archive.org/download/sim_naturwissenschaften_1927-11-24_15_47/sim_naturwissenschaften_1927-11-24_15_47_djvu.txt	?	-
sim_naturwissenschaften_1927-12-02_15_48-49	https://archive.org/download/sim_naturwissenschaften_1927-12-02_15_48-49/sim_naturwissenschaften_1927-12-02_15_48-49_djvu.txt	?	-
sim_naturwissenschaften_1927-12-16_15_50	https://archive.org/download/sim_naturwissenschaften_1927-12-16_15_50/sim_naturwissenschaften_1927-12-16_15_50_djvu.txt	?	-
sim_naturwissenschaften_1927-12-23_15_51	https://archive.org/download/sim_naturwissenschaften_1927-12-23_15_51/sim_naturwissenschaften_1927-12-23_15_51_djvu.txt	?	-
sim_naturwissenschaften_1927_15_contents	https://archive.org/download/sim_naturwissenschaften_1927_15_contents/sim_naturwissenschaften_1927_15_contents_djvu.txt	?	-
sim_naturwissenschaften_1928-01-06_16_1	https://archive.org/download/sim_naturwissenschaften_1928-01-06_16_1/sim_naturwissenschaften_1928-01-06_16_1_djvu.txt	?	-
sim_naturwissenschaften_1928-01-13_16_2	https://archive.org/download/sim_naturwissenschaften_1928-01-13_16_2/sim_naturwissenschaften_1928-01-13_16_2_djvu.txt	?	-
sim_naturwissenschaften_1928-01-20_16_3	https://archive.org/download/sim_naturwissenschaften_1928-01-20_16_3/sim_naturwissenschaften_1928-01-20_16_3_djvu.txt	?	-
sim_naturwissenschaften_1928-01-27_16_4	https://archive.org/download/sim_naturwissenschaften_1928-01-27_16_4/sim_naturwissenschaften_1928-01-27_16_4_djvu.txt	?	-
sim_naturwissenschaften_1928-02-03_16_5	https://archive.org/download/sim_naturwissenschaften_1928-02-03_16_5/sim_naturwissenschaften_1928-02-03_16_5_djvu.txt	?	-
sim_naturwissenschaften_1928-02-10_16_6	https://archive.org/download/sim_naturwissenschaften_1928-02-10_16_6/sim_naturwissenschaften_1928-02-10_16_6_djvu.txt	?	-
sim_naturwissenschaften_1928-02-17_16_7	https://archive.org/download/sim_naturwissenschaften_1928-02-17_16_7/sim_naturwissenschaften_1928-02-17_16_7_djvu.txt	?	-
sim_naturwissenschaften_1928-02-24_16_8	https://archive.org/download/sim_naturwissenschaften_1928-02-24_16_8/sim_naturwissenschaften_1928-02-24_16_8_djvu.txt	?	-
sim_naturwissenschaften_1928-03-02_16_9	https://archive.org/download/sim_naturwissenschaften_1928-03-02_16_9/sim_naturwissenschaften_1928-03-02_16_9_djvu.txt	?	-
sim_naturwissenschaften_1928-03-09_16_10	https://archive.org/download/sim_naturwissenschaften_1928-03-09_16_10/sim_naturwissenschaften_1928-03-09_16_10_djvu.txt	?	-
sim_naturwissenschaften_1928-03-16_16_11	https://archive.org/download/sim_naturwissenschaften_1928-03-16_16_11/sim_naturwissenschaften_1928-03-16_16_11_djvu.txt	?	-
sim_naturwissenschaften_1928-03-23_16_12	https://archive.org/download/sim_naturwissenschaften_1928-03-23_16_12/sim_naturwissenschaften_1928-03-23_16_12_djvu.txt	?	-
sim_naturwissenschaften_1928-03-30_16_13	https://archive.org/download/sim_naturwissenschaften_1928-03-30_16_13/sim_naturwissenschaften_1928-03-30_16_13_djvu.txt	?	-
sim_naturwissenschaften_1928-04-06_16_14	https://archive.org/download/sim_naturwissenschaften_1928-04-06_16_14/sim_naturwissenschaften_1928-04-06_16_14_djvu.txt	?	-
sim_naturwissenschaften_1928-04-13_16_15	https://archive.org/download/sim_naturwissenschaften_1928-04-13_16_15/sim_naturwissenschaften_1928-04-13_16_15_djvu.txt	?	-
sim_naturwissenschaften_1928-04-20_16_16	https://archive.org/download/sim_naturwissenschaften_1928-04-20_16_16/sim_naturwissenschaften_1928-04-20_16_16_djvu.txt	?	-
sim_naturwissenschaften_1928-04-27_16_17	https://archive.org/download/sim_naturwissenschaften_1928-04-27_16_17/sim_naturwissenschaften_1928-04-27_16_17_djvu.txt	?	-
sim_naturwissenschaften_1928-05-04_16_18	https://archive.org/download/sim_naturwissenschaften_1928-05-04_16_18/sim_naturwissenschaften_1928-05-04_16_18_djvu.txt	?	-
sim_naturwissenschaften_1928-05-11_16_19	https://archive.org/download/sim_naturwissenschaften_1928-05-11_16_19/sim_naturwissenschaften_1928-05-11_16_19_djvu.txt	?	-
sim_naturwissenschaften_1928-05-18_16_20	https://archive.org/download/sim_naturwissenschaften_1928-05-18_16_20/sim_naturwissenschaften_1928-05-18_16_20_djvu.txt	?	-
sim_naturwissenschaften_1928-05-25_16_21	https://archive.org/download/sim_naturwissenschaften_1928-05-25_16_21/sim_naturwissenschaften_1928-05-25_16_21_djvu.txt	?	-
sim_naturwissenschaften_1928-06-01_16_22	https://archive.org/download/sim_naturwissenschaften_1928-06-01_16_22/sim_naturwissenschaften_1928-06-01_16_22_djvu.txt	?	-
sim_naturwissenschaften_1928-06-08_16_23	https://archive.org/download/sim_naturwissenschaften_1928-06-08_16_23/sim_naturwissenschaften_1928-06-08_16_23_djvu.txt	?	-
sim_naturwissenschaften_1928-06-15_16_24	https://archive.org/download/sim_naturwissenschaften_1928-06-15_16_24/sim_naturwissenschaften_1928-06-15_16_24_djvu.txt	?	-
sim_naturwissenschaften_1928-06-22_16_25	https://archive.org/download/sim_naturwissenschaften_1928-06-22_16_25/sim_naturwissenschaften_1928-06-22_16_25_djvu.txt	?	-
sim_naturwissenschaften_1928-06-29_16_26	https://archive.org/download/sim_naturwissenschaften_1928-06-29_16_26/sim_naturwissenschaften_1928-06-29_16_26_djvu.txt	?	-
sim_naturwissenschaften_1928-07-06_16_27	https://archive.org/download/sim_naturwissenschaften_1928-07-06_16_27/sim_naturwissenschaften_1928-07-06_16_27_djvu.txt	?	-
sim_naturwissenschaften_1928-07-13_16_28	https://archive.org/download/sim_naturwissenschaften_1928-07-13_16_28/sim_naturwissenschaften_1928-07-13_16_28_djvu.txt	?	-
sim_naturwissenschaften_1928-07-20_16_29	https://archive.org/download/sim_naturwissenschaften_1928-07-20_16_29/sim_naturwissenschaften_1928-07-20_16_29_djvu.txt	?	-
sim_naturwissenschaften_1928-07-27_16_30	https://archive.org/download/sim_naturwissenschaften_1928-07-27_16_30/sim_naturwissenschaften_1928-07-27_16_30_djvu.txt	?	-
sim_naturwissenschaften_1928-08-03_16_31	https://archive.org/download/sim_naturwissenschaften_1928-08-03_16_31/sim_naturwissenschaften_1928-08-03_16_31_djvu.txt	?	-
sim_naturwissenschaften_1928-08-10_16_32	https://archive.org/download/sim_naturwissenschaften_1928-08-10_16_32/sim_naturwissenschaften_1928-08-10_16_32_djvu.txt	?	-
sim_naturwissenschaften_1928-08-17_16_33	https://archive.org/download/sim_naturwissenschaften_1928-08-17_16_33/sim_naturwissenschaften_1928-08-17_16_33_djvu.txt	?	-
sim_naturwissenschaften_1928-08-24_16_34	https://archive.org/download/sim_naturwissenschaften_1928-08-24_16_34/sim_naturwissenschaften_1928-08-24_16_34_djvu.txt	?	-
sim_naturwissenschaften_1928-08-31_16_35	https://archive.org/download/sim_naturwissenschaften_1928-08-31_16_35/sim_naturwissenschaften_1928-08-31_16_35_djvu.txt	?	-
sim_naturwissenschaften_1928-09-07_16_36	https://archive.org/download/sim_naturwissenschaften_1928-09-07_16_36/sim_naturwissenschaften_1928-09-07_16_36_djvu.txt	?	-
sim_naturwissenschaften_1928-09-14_16_37-38	https://archive.org/download/sim_naturwissenschaften_1928-09-14_16_37-38/sim_naturwissenschaften_1928-09-14_16_37-38_djvu.txt	?	-
sim_naturwissenschaften_1928-09-28_16_39	https://archive.org/download/sim_naturwissenschaften_1928-09-28_16_39/sim_naturwissenschaften_1928-09-28_16_39_djvu.txt	?	-
sim_naturwissenschaften_1928-10-05_16_40	https://archive.org/download/sim_naturwissenschaften_1928-10-05_16_40/sim_naturwissenschaften_1928-10-05_16_40_djvu.txt	?	-
sim_naturwissenschaften_1928-10-12_16_41	https://archive.org/download/sim_naturwissenschaften_1928-10-12_16_41/sim_naturwissenschaften_1928-10-12_16_41_djvu.txt	?	-
sim_naturwissenschaften_1928-10-19_16_42	https://archive.org/download/sim_naturwissenschaften_1928-10-19_16_42/sim_naturwissenschaften_1928-10-19_16_42_djvu.txt	?	-
sim_naturwissenschaften_1928-10-26_16_43	https://archive.org/download/sim_naturwissenschaften_1928-10-26_16_43/sim_naturwissenschaften_1928-10-26_16_43_djvu.txt	?	-
sim_naturwissenschaften_1928-11-02_16_44	https://archive.org/download/sim_naturwissenschaften_1928-11-02_16_44/sim_naturwissenschaften_1928-11-02_16_44_djvu.txt	?	-
sim_naturwissenschaften_1928-11-09_16_45-47	https://archive.org/download/sim_naturwissenschaften_1928-11-09_16_45-47/sim_naturwissenschaften_1928-11-09_16_45-47_djvu.txt	?	-
sim_naturwissenschaften_1928-11-30_16_48	https://archive.org/download/sim_naturwissenschaften_1928-11-30_16_48/sim_naturwissenschaften_1928-11-30_16_48_djvu.txt	?	-
sim_naturwissenschaften_1928-12-07_16_49	https://archive.org/download/sim_naturwissenschaften_1928-12-07_16_49/sim_naturwissenschaften_1928-12-07_16_49_djvu.txt	?	-
sim_naturwissenschaften_1928-12-14_16_50	https://archive.org/download/sim_naturwissenschaften_1928-12-14_16_50/sim_naturwissenschaften_1928-12-14_16_50_djvu.txt	?	-
sim_naturwissenschaften_1928-12-21_16_51	https://archive.org/download/sim_naturwissenschaften_1928-12-21_16_51/sim_naturwissenschaften_1928-12-21_16_51_djvu.txt	?	-
sim_naturwissenschaften_1928_16_contents	https://archive.org/download/sim_naturwissenschaften_1928_16_contents/sim_naturwissenschaften_1928_16_contents_djvu.txt	?	-
sim_naturwissenschaften_1929-01-04_17_1	https://archive.org/download/sim_naturwissenschaften_1929-01-04_17_1/sim_naturwissenschaften_1929-01-04_17_1_djvu.txt	?	-
sim_naturwissenschaften_1929-01-11_17_2	https://archive.org/download/sim_naturwissenschaften_1929-01-11_17_2/sim_naturwissenschaften_1929-01-11_17_2_djvu.txt	?	-
sim_naturwissenschaften_1929-01-18_17_3	https://archive.org/download/sim_naturwissenschaften_1929-01-18_17_3/sim_naturwissenschaften_1929-01-18_17_3_djvu.txt	?	-
sim_naturwissenschaften_1929-01-25_17_4	https://archive.org/download/sim_naturwissenschaften_1929-01-25_17_4/sim_naturwissenschaften_1929-01-25_17_4_djvu.txt	?	-
sim_naturwissenschaften_1929-02-01_17_5	https://archive.org/download/sim_naturwissenschaften_1929-02-01_17_5/sim_naturwissenschaften_1929-02-01_17_5_djvu.txt	?	-
sim_naturwissenschaften_1929-02-08_17_6	https://archive.org/download/sim_naturwissenschaften_1929-02-08_17_6/sim_naturwissenschaften_1929-02-08_17_6_djvu.txt	?	-
sim_naturwissenschaften_1929-02-15_17_7	https://archive.org/download/sim_naturwissenschaften_1929-02-15_17_7/sim_naturwissenschaften_1929-02-15_17_7_djvu.txt	?	-
sim_naturwissenschaften_1929-02-22_17_8	https://archive.org/download/sim_naturwissenschaften_1929-02-22_17_8/sim_naturwissenschaften_1929-02-22_17_8_djvu.txt	?	-
sim_naturwissenschaften_1929-03-01_17_9	https://archive.org/download/sim_naturwissenschaften_1929-03-01_17_9/sim_naturwissenschaften_1929-03-01_17_9_djvu.txt	?	-
sim_naturwissenschaften_1929-03-08_17_10	https://archive.org/download/sim_naturwissenschaften_1929-03-08_17_10/sim_naturwissenschaften_1929-03-08_17_10_djvu.txt	?	-
sim_naturwissenschaften_1929-03-15_17_11	https://archive.org/download/sim_naturwissenschaften_1929-03-15_17_11/sim_naturwissenschaften_1929-03-15_17_11_djvu.txt	?	-
sim_naturwissenschaften_1929-03-22_17_12	https://archive.org/download/sim_naturwissenschaften_1929-03-22_17_12/sim_naturwissenschaften_1929-03-22_17_12_djvu.txt	?	-
sim_naturwissenschaften_1929-03-29_17_13	https://archive.org/download/sim_naturwissenschaften_1929-03-29_17_13/sim_naturwissenschaften_1929-03-29_17_13_djvu.txt	?	-
sim_naturwissenschaften_1929-04-05_17_14	https://archive.org/download/sim_naturwissenschaften_1929-04-05_17_14/sim_naturwissenschaften_1929-04-05_17_14_djvu.txt	?	-
sim_naturwissenschaften_1929-04-12_17_15	https://archive.org/download/sim_naturwissenschaften_1929-04-12_17_15/sim_naturwissenschaften_1929-04-12_17_15_djvu.txt	?	-
sim_naturwissenschaften_1929-04-19_17_16	https://archive.org/download/sim_naturwissenschaften_1929-04-19_17_16/sim_naturwissenschaften_1929-04-19_17_16_djvu.txt	?	-
sim_naturwissenschaften_1929-04-26_17_17	https://archive.org/download/sim_naturwissenschaften_1929-04-26_17_17/sim_naturwissenschaften_1929-04-26_17_17_djvu.txt	?	-
sim_naturwissenschaften_1929-05-03_17_18-19	https://archive.org/download/sim_naturwissenschaften_1929-05-03_17_18-19/sim_naturwissenschaften_1929-05-03_17_18-19_djvu.txt	?	-
sim_naturwissenschaften_1929-05-17_17_20	https://archive.org/download/sim_naturwissenschaften_1929-05-17_17_20/sim_naturwissenschaften_1929-05-17_17_20_djvu.txt	?	-
sim_naturwissenschaften_1929-05-24_17_21	https://archive.org/download/sim_naturwissenschaften_1929-05-24_17_21/sim_naturwissenschaften_1929-05-24_17_21_djvu.txt	?	-
sim_naturwissenschaften_1929-05-31_17_22	https://archive.org/download/sim_naturwissenschaften_1929-05-31_17_22/sim_naturwissenschaften_1929-05-31_17_22_djvu.txt	?	-
sim_naturwissenschaften_1929-06-07_17_23	https://archive.org/download/sim_naturwissenschaften_1929-06-07_17_23/sim_naturwissenschaften_1929-06-07_17_23_djvu.txt	?	-
sim_naturwissenschaften_1929-06-14_17_24	https://archive.org/download/sim_naturwissenschaften_1929-06-14_17_24/sim_naturwissenschaften_1929-06-14_17_24_djvu.txt	?	-
sim_naturwissenschaften_1929-06-21_17_25	https://archive.org/download/sim_naturwissenschaften_1929-06-21_17_25/sim_naturwissenschaften_1929-06-21_17_25_djvu.txt	?	-
sim_naturwissenschaften_1929-06-28_17_26	https://archive.org/download/sim_naturwissenschaften_1929-06-28_17_26/sim_naturwissenschaften_1929-06-28_17_26_djvu.txt	?	-
sim_naturwissenschaften_1929-07-05_17_27	https://archive.org/download/sim_naturwissenschaften_1929-07-05_17_27/sim_naturwissenschaften_1929-07-05_17_27_djvu.txt	?	-
sim_naturwissenschaften_1929-07-12_17_28	https://archive.org/download/sim_naturwissenschaften_1929-07-12_17_28/sim_naturwissenschaften_1929-07-12_17_28_djvu.txt	?	-
sim_naturwissenschaften_1929-07-19_17_29	https://archive.org/download/sim_naturwissenschaften_1929-07-19_17_29/sim_naturwissenschaften_1929-07-19_17_29_djvu.txt	?	-
sim_naturwissenschaften_1929-07-26_17_30	https://archive.org/download/sim_naturwissenschaften_1929-07-26_17_30/sim_naturwissenschaften_1929-07-26_17_30_djvu.txt	?	-
sim_naturwissenschaften_1929-08-02_17_31	https://archive.org/download/sim_naturwissenschaften_1929-08-02_17_31/sim_naturwissenschaften_1929-08-02_17_31_djvu.txt	?	-
sim_naturwissenschaften_1929-08-09_17_32	https://archive.org/download/sim_naturwissenschaften_1929-08-09_17_32/sim_naturwissenschaften_1929-08-09_17_32_djvu.txt	?	-
sim_naturwissenschaften_1929-08-16_17_33	https://archive.org/download/sim_naturwissenschaften_1929-08-16_17_33/sim_naturwissenschaften_1929-08-16_17_33_djvu.txt	?	-
sim_naturwissenschaften_1929-08-23_17_34	https://archive.org/download/sim_naturwissenschaften_1929-08-23_17_34/sim_naturwissenschaften_1929-08-23_17_34_djvu.txt	?	-
sim_naturwissenschaften_1929-08-30_17_35	https://archive.org/download/sim_naturwissenschaften_1929-08-30_17_35/sim_naturwissenschaften_1929-08-30_17_35_djvu.txt	?	-
sim_naturwissenschaften_1929-09-06_17_36	https://archive.org/download/sim_naturwissenschaften_1929-09-06_17_36/sim_naturwissenschaften_1929-09-06_17_36_djvu.txt	?	-
sim_naturwissenschaften_1929-09-13_17_37	https://archive.org/download/sim_naturwissenschaften_1929-09-13_17_37/sim_naturwissenschaften_1929-09-13_17_37_djvu.txt	?	-
sim_naturwissenschaften_1929-09-20_17_38	https://archive.org/download/sim_naturwissenschaften_1929-09-20_17_38/sim_naturwissenschaften_1929-09-20_17_38_djvu.txt	?	-
sim_naturwissenschaften_1929-09-27_17_39	https://archive.org/download/sim_naturwissenschaften_1929-09-27_17_39/sim_naturwissenschaften_1929-09-27_17_39_djvu.txt	?	-
sim_naturwissenschaften_1929-10-04_17_40	https://archive.org/download/sim_naturwissenschaften_1929-10-04_17_40/sim_naturwissenschaften_1929-10-04_17_40_djvu.txt	?	-
sim_naturwissenschaften_1929-10-11_17_41	https://archive.org/download/sim_naturwissenschaften_1929-10-11_17_41/sim_naturwissenschaften_1929-10-11_17_41_djvu.txt	?	-
sim_naturwissenschaften_1929-10-18_17_42	https://archive.org/download/sim_naturwissenschaften_1929-10-18_17_42/sim_naturwissenschaften_1929-10-18_17_42_djvu.txt	?	-
sim_naturwissenschaften_1929-10-25_17_43	https://archive.org/download/sim_naturwissenschaften_1929-10-25_17_43/sim_naturwissenschaften_1929-10-25_17_43_djvu.txt	?	-
sim_naturwissenschaften_1929-11-01_17_44	https://archive.org/download/sim_naturwissenschaften_1929-11-01_17_44/sim_naturwissenschaften_1929-11-01_17_44_djvu.txt	?	-
sim_naturwissenschaften_1929-11-08_17_45	https://archive.org/download/sim_naturwissenschaften_1929-11-08_17_45/sim_naturwissenschaften_1929-11-08_17_45_djvu.txt	?	-
sim_naturwissenschaften_1929-11-15_17_46	https://archive.org/download/sim_naturwissenschaften_1929-11-15_17_46/sim_naturwissenschaften_1929-11-15_17_46_djvu.txt	?	-
sim_naturwissenschaften_1929-11-22_17_47	https://archive.org/download/sim_naturwissenschaften_1929-11-22_17_47/sim_naturwissenschaften_1929-11-22_17_47_djvu.txt	?	-
sim_naturwissenschaften_1929-11-29_17_48	https://archive.org/download/sim_naturwissenschaften_1929-11-29_17_48/sim_naturwissenschaften_1929-11-29_17_48_djvu.txt	?	-
sim_naturwissenschaften_1929-12-06_17_49	https://archive.org/download/sim_naturwissenschaften_1929-12-06_17_49/sim_naturwissenschaften_1929-12-06_17_49_djvu.txt	?	-
sim_naturwissenschaften_1929-12-13_17_50	https://archive.org/download/sim_naturwissenschaften_1929-12-13_17_50/sim_naturwissenschaften_1929-12-13_17_50_djvu.txt	?	-
sim_naturwissenschaften_1929-12-20_17_51	https://archive.org/download/sim_naturwissenschaften_1929-12-20_17_51/sim_naturwissenschaften_1929-12-20_17_51_djvu.txt	?	-
sim_naturwissenschaften_1929_17_contents	https://archive.org/download/sim_naturwissenschaften_1929_17_contents/sim_naturwissenschaften_1929_17_contents_djvu.txt	?	-
sim_naturwissenschaften_1930-01-03_18_1	https://archive.org/download/sim_naturwissenschaften_1930-01-03_18_1/sim_naturwissenschaften_1930-01-03_18_1_djvu.txt	?	-
sim_naturwissenschaften_1930-01-10_18_2	https://archive.org/download/sim_naturwissenschaften_1930-01-10_18_2/sim_naturwissenschaften_1930-01-10_18_2_djvu.txt	?	-
sim_naturwissenschaften_1930-01-17_18_3	https://archive.org/download/sim_naturwissenschaften_1930-01-17_18_3/sim_naturwissenschaften_1930-01-17_18_3_djvu.txt	?	-
sim_naturwissenschaften_1930-01-24_18_4	https://archive.org/download/sim_naturwissenschaften_1930-01-24_18_4/sim_naturwissenschaften_1930-01-24_18_4_djvu.txt	?	-
sim_naturwissenschaften_1930-01-31_18_5	https://archive.org/download/sim_naturwissenschaften_1930-01-31_18_5/sim_naturwissenschaften_1930-01-31_18_5_djvu.txt	?	-
sim_naturwissenschaften_1930-02-07_18_6	https://archive.org/download/sim_naturwissenschaften_1930-02-07_18_6/sim_naturwissenschaften_1930-02-07_18_6_djvu.txt	?	-
sim_naturwissenschaften_1930-02-14_18_7	https://archive.org/download/sim_naturwissenschaften_1930-02-14_18_7/sim_naturwissenschaften_1930-02-14_18_7_djvu.txt	?	-
sim_naturwissenschaften_1930-02-21_18_8	https://archive.org/download/sim_naturwissenschaften_1930-02-21_18_8/sim_naturwissenschaften_1930-02-21_18_8_djvu.txt	?	-
sim_naturwissenschaften_1930-02-28_18_9	https://archive.org/download/sim_naturwissenschaften_1930-02-28_18_9/sim_naturwissenschaften_1930-02-28_18_9_djvu.txt	?	-
sim_naturwissenschaften_1930-03-07_18_10	https://archive.org/download/sim_naturwissenschaften_1930-03-07_18_10/sim_naturwissenschaften_1930-03-07_18_10_djvu.txt	?	-
sim_naturwissenschaften_1930-03-14_18_11	https://archive.org/download/sim_naturwissenschaften_1930-03-14_18_11/sim_naturwissenschaften_1930-03-14_18_11_djvu.txt	?	-
sim_naturwissenschaften_1930-03-21_18_12	https://archive.org/download/sim_naturwissenschaften_1930-03-21_18_12/sim_naturwissenschaften_1930-03-21_18_12_djvu.txt	?	-
sim_naturwissenschaften_1930-03-28_18_13	https://archive.org/download/sim_naturwissenschaften_1930-03-28_18_13/sim_naturwissenschaften_1930-03-28_18_13_djvu.txt	?	-
sim_naturwissenschaften_1930-04-04_18_14	https://archive.org/download/sim_naturwissenschaften_1930-04-04_18_14/sim_naturwissenschaften_1930-04-04_18_14_djvu.txt	?	-
sim_naturwissenschaften_1930-04-11_18_15	https://archive.org/download/sim_naturwissenschaften_1930-04-11_18_15/sim_naturwissenschaften_1930-04-11_18_15_djvu.txt	?	-
sim_naturwissenschaften_1930-04-18_18_16	https://archive.org/download/sim_naturwissenschaften_1930-04-18_18_16/sim_naturwissenschaften_1930-04-18_18_16_djvu.txt	?	-
sim_naturwissenschaften_1930-04-25_18_17	https://archive.org/download/sim_naturwissenschaften_1930-04-25_18_17/sim_naturwissenschaften_1930-04-25_18_17_djvu.txt	?	-
sim_naturwissenschaften_1930-05-02_18_18	https://archive.org/download/sim_naturwissenschaften_1930-05-02_18_18/sim_naturwissenschaften_1930-05-02_18_18_djvu.txt	?	-
sim_naturwissenschaften_1930-05-09_18_19	https://archive.org/download/sim_naturwissenschaften_1930-05-09_18_19/sim_naturwissenschaften_1930-05-09_18_19_djvu.txt	?	-
sim_naturwissenschaften_1930-05-16_18_20-21	https://archive.org/download/sim_naturwissenschaften_1930-05-16_18_20-21/sim_naturwissenschaften_1930-05-16_18_20-21_djvu.txt	?	-
sim_naturwissenschaften_1930-05-30_18_22	https://archive.org/download/sim_naturwissenschaften_1930-05-30_18_22/sim_naturwissenschaften_1930-05-30_18_22_djvu.txt	?	-
sim_naturwissenschaften_1930-06-06_18_23	https://archive.org/download/sim_naturwissenschaften_1930-06-06_18_23/sim_naturwissenschaften_1930-06-06_18_23_djvu.txt	?	-
sim_naturwissenschaften_1930-06-13_18_24	https://archive.org/download/sim_naturwissenschaften_1930-06-13_18_24/sim_naturwissenschaften_1930-06-13_18_24_djvu.txt	?	-
sim_naturwissenschaften_1930-06-20_18_25	https://archive.org/download/sim_naturwissenschaften_1930-06-20_18_25/sim_naturwissenschaften_1930-06-20_18_25_djvu.txt	?	-
sim_naturwissenschaften_1930-06-27_18_26	https://archive.org/download/sim_naturwissenschaften_1930-06-27_18_26/sim_naturwissenschaften_1930-06-27_18_26_djvu.txt	?	-
sim_naturwissenschaften_1930-07-04_18_27	https://archive.org/download/sim_naturwissenschaften_1930-07-04_18_27/sim_naturwissenschaften_1930-07-04_18_27_djvu.txt	?	-
sim_naturwissenschaften_1930-07-11_18_28	https://archive.org/download/sim_naturwissenschaften_1930-07-11_18_28/sim_naturwissenschaften_1930-07-11_18_28_djvu.txt	?	-
sim_naturwissenschaften_1930-07-18_18_29	https://archive.org/download/sim_naturwissenschaften_1930-07-18_18_29/sim_naturwissenschaften_1930-07-18_18_29_djvu.txt	?	-
sim_naturwissenschaften_1930-07-25_18_30	https://archive.org/download/sim_naturwissenschaften_1930-07-25_18_30/sim_naturwissenschaften_1930-07-25_18_30_djvu.txt	?	-
sim_naturwissenschaften_1930-08-01_18_31	https://archive.org/download/sim_naturwissenschaften_1930-08-01_18_31/sim_naturwissenschaften_1930-08-01_18_31_djvu.txt	?	-
sim_naturwissenschaften_1930-08-08_18_32	https://archive.org/download/sim_naturwissenschaften_1930-08-08_18_32/sim_naturwissenschaften_1930-08-08_18_32_djvu.txt	?	-
sim_naturwissenschaften_1930-08-15_18_33	https://archive.org/download/sim_naturwissenschaften_1930-08-15_18_33/sim_naturwissenschaften_1930-08-15_18_33_djvu.txt	?	-
sim_naturwissenschaften_1930-08-22_18_34	https://archive.org/download/sim_naturwissenschaften_1930-08-22_18_34/sim_naturwissenschaften_1930-08-22_18_34_djvu.txt	?	-
sim_naturwissenschaften_1930-08-29_18_35	https://archive.org/download/sim_naturwissenschaften_1930-08-29_18_35/sim_naturwissenschaften_1930-08-29_18_35_djvu.txt	?	-
sim_naturwissenschaften_1930-09-05_18_36	https://archive.org/download/sim_naturwissenschaften_1930-09-05_18_36/sim_naturwissenschaften_1930-09-05_18_36_djvu.txt	?	-
sim_naturwissenschaften_1930-09-12_18_37	https://archive.org/download/sim_naturwissenschaften_1930-09-12_18_37/sim_naturwissenschaften_1930-09-12_18_37_djvu.txt	?	-
sim_naturwissenschaften_1930-09-19_18_38	https://archive.org/download/sim_naturwissenschaften_1930-09-19_18_38/sim_naturwissenschaften_1930-09-19_18_38_djvu.txt	?	-
sim_naturwissenschaften_1930-09-26_18_39	https://archive.org/download/sim_naturwissenschaften_1930-09-26_18_39/sim_naturwissenschaften_1930-09-26_18_39_djvu.txt	?	-
sim_naturwissenschaften_1930-10-03_18_40	https://archive.org/download/sim_naturwissenschaften_1930-10-03_18_40/sim_naturwissenschaften_1930-10-03_18_40_djvu.txt	?	-
sim_naturwissenschaften_1930-10-10_18_41	https://archive.org/download/sim_naturwissenschaften_1930-10-10_18_41/sim_naturwissenschaften_1930-10-10_18_41_djvu.txt	?	-
sim_naturwissenschaften_1930-10-17_18_42	https://archive.org/download/sim_naturwissenschaften_1930-10-17_18_42/sim_naturwissenschaften_1930-10-17_18_42_djvu.txt	?	-
sim_naturwissenschaften_1930-10-24_18_43	https://archive.org/download/sim_naturwissenschaften_1930-10-24_18_43/sim_naturwissenschaften_1930-10-24_18_43_djvu.txt	?	-
sim_naturwissenschaften_1930-10-31_18_44	https://archive.org/download/sim_naturwissenschaften_1930-10-31_18_44/sim_naturwissenschaften_1930-10-31_18_44_djvu.txt	?	-
sim_naturwissenschaften_1930-11-07_18_45	https://archive.org/download/sim_naturwissenschaften_1930-11-07_18_45/sim_naturwissenschaften_1930-11-07_18_45_djvu.txt	?	-
sim_naturwissenschaften_1930-11-14_18_46	https://archive.org/download/sim_naturwissenschaften_1930-11-14_18_46/sim_naturwissenschaften_1930-11-14_18_46_djvu.txt	?	-
sim_naturwissenschaften_1930-11-28_18_47-49	https://archive.org/download/sim_naturwissenschaften_1930-11-28_18_47-49/sim_naturwissenschaften_1930-11-28_18_47-49_djvu.txt	?	-
sim_naturwissenschaften_1930-12-12_18_50	https://archive.org/download/sim_naturwissenschaften_1930-12-12_18_50/sim_naturwissenschaften_1930-12-12_18_50_djvu.txt	?	-
sim_naturwissenschaften_1930-12-19_18_51	https://archive.org/download/sim_naturwissenschaften_1930-12-19_18_51/sim_naturwissenschaften_1930-12-19_18_51_djvu.txt	?	-
sim_naturwissenschaften_1930-12-26_18_52	https://archive.org/download/sim_naturwissenschaften_1930-12-26_18_52/sim_naturwissenschaften_1930-12-26_18_52_djvu.txt	?	-
sim_naturwissenschaften_1930_18_contents	https://archive.org/download/sim_naturwissenschaften_1930_18_contents/sim_naturwissenschaften_1930_18_contents_djvu.txt	?	-
sim_naturwissenschaften_1931-01-02_19_1	https://archive.org/download/sim_naturwissenschaften_1931-01-02_19_1/sim_naturwissenschaften_1931-01-02_19_1_djvu.txt	?	-
sim_naturwissenschaften_1931-01-09_19_2	https://archive.org/download/sim_naturwissenschaften_1931-01-09_19_2/sim_naturwissenschaften_1931-01-09_19_2_djvu.txt	?	-
sim_naturwissenschaften_1931-01-16_19_3	https://archive.org/download/sim_naturwissenschaften_1931-01-16_19_3/sim_naturwissenschaften_1931-01-16_19_3_djvu.txt	?	-
sim_naturwissenschaften_1931-01-23_19_4	https://archive.org/download/sim_naturwissenschaften_1931-01-23_19_4/sim_naturwissenschaften_1931-01-23_19_4_djvu.txt	?	-
sim_naturwissenschaften_1931-01-30_19_5	https://archive.org/download/sim_naturwissenschaften_1931-01-30_19_5/sim_naturwissenschaften_1931-01-30_19_5_djvu.txt	?	-
sim_naturwissenschaften_1931-02-06_19_6	https://archive.org/download/sim_naturwissenschaften_1931-02-06_19_6/sim_naturwissenschaften_1931-02-06_19_6_djvu.txt	?	-
sim_naturwissenschaften_1931-02-13_19_7	https://archive.org/download/sim_naturwissenschaften_1931-02-13_19_7/sim_naturwissenschaften_1931-02-13_19_7_djvu.txt	?	-
sim_naturwissenschaften_1931-02-20_19_8	https://archive.org/download/sim_naturwissenschaften_1931-02-20_19_8/sim_naturwissenschaften_1931-02-20_19_8_djvu.txt	?	-
sim_naturwissenschaften_1931-02-27_19_9	https://archive.org/download/sim_naturwissenschaften_1931-02-27_19_9/sim_naturwissenschaften_1931-02-27_19_9_djvu.txt	?	-
sim_naturwissenschaften_1931-03-06_19_10	https://archive.org/download/sim_naturwissenschaften_1931-03-06_19_10/sim_naturwissenschaften_1931-03-06_19_10_djvu.txt	?	-
sim_naturwissenschaften_1931-03-13_19_11	https://archive.org/download/sim_naturwissenschaften_1931-03-13_19_11/sim_naturwissenschaften_1931-03-13_19_11_djvu.txt	?	-
sim_naturwissenschaften_1931-03-20_19_12	https://archive.org/download/sim_naturwissenschaften_1931-03-20_19_12/sim_naturwissenschaften_1931-03-20_19_12_djvu.txt	?	-
sim_naturwissenschaften_1931-03-27_19_13	https://archive.org/download/sim_naturwissenschaften_1931-03-27_19_13/sim_naturwissenschaften_1931-03-27_19_13_djvu.txt	?	-
sim_naturwissenschaften_1931-04-03_19_14	https://archive.org/download/sim_naturwissenschaften_1931-04-03_19_14/sim_naturwissenschaften_1931-04-03_19_14_djvu.txt	?	-
sim_naturwissenschaften_1931-04-10_19_15	https://archive.org/download/sim_naturwissenschaften_1931-04-10_19_15/sim_naturwissenschaften_1931-04-10_19_15_djvu.txt	?	-
sim_naturwissenschaften_1931-04-17_19_16	https://archive.org/download/sim_naturwissenschaften_1931-04-17_19_16/sim_naturwissenschaften_1931-04-17_19_16_djvu.txt	?	-
sim_naturwissenschaften_1931-04-24_19_17	https://archive.org/download/sim_naturwissenschaften_1931-04-24_19_17/sim_naturwissenschaften_1931-04-24_19_17_djvu.txt	?	-
sim_naturwissenschaften_1931-05-01_19_18	https://archive.org/download/sim_naturwissenschaften_1931-05-01_19_18/sim_naturwissenschaften_1931-05-01_19_18_djvu.txt	?	-
sim_naturwissenschaften_1931-05-08_19_19	https://archive.org/download/sim_naturwissenschaften_1931-05-08_19_19/sim_naturwissenschaften_1931-05-08_19_19_djvu.txt	?	-
sim_naturwissenschaften_1931-05-15_19_20	https://archive.org/download/sim_naturwissenschaften_1931-05-15_19_20/sim_naturwissenschaften_1931-05-15_19_20_djvu.txt	?	-
sim_naturwissenschaften_1931-05-22_19_21	https://archive.org/download/sim_naturwissenschaften_1931-05-22_19_21/sim_naturwissenschaften_1931-05-22_19_21_djvu.txt	?	-
sim_naturwissenschaften_1931-05-29_19_22	https://archive.org/download/sim_naturwissenschaften_1931-05-29_19_22/sim_naturwissenschaften_1931-05-29_19_22_djvu.txt	?	-
sim_naturwissenschaften_1931-06-05_19_23-25	https://archive.org/download/sim_naturwissenschaften_1931-06-05_19_23-25/sim_naturwissenschaften_1931-06-05_19_23-25_djvu.txt	?	-
sim_naturwissenschaften_1931-06-26_19_26	https://archive.org/download/sim_naturwissenschaften_1931-06-26_19_26/sim_naturwissenschaften_1931-06-26_19_26_djvu.txt	?	-
sim_naturwissenschaften_1931-07-03_19_27	https://archive.org/download/sim_naturwissenschaften_1931-07-03_19_27/sim_naturwissenschaften_1931-07-03_19_27_djvu.txt	?	-
sim_naturwissenschaften_1931-07-10_19_28	https://archive.org/download/sim_naturwissenschaften_1931-07-10_19_28/sim_naturwissenschaften_1931-07-10_19_28_djvu.txt	?	-
sim_naturwissenschaften_1931-07-17_19_29	https://archive.org/download/sim_naturwissenschaften_1931-07-17_19_29/sim_naturwissenschaften_1931-07-17_19_29_djvu.txt	?	-
sim_naturwissenschaften_1931-07-24_19_30	https://archive.org/download/sim_naturwissenschaften_1931-07-24_19_30/sim_naturwissenschaften_1931-07-24_19_30_djvu.txt	?	-
sim_naturwissenschaften_1931-07-31_19_31	https://archive.org/download/sim_naturwissenschaften_1931-07-31_19_31/sim_naturwissenschaften_1931-07-31_19_31_djvu.txt	?	-
sim_naturwissenschaften_1931-08-07_19_32	https://archive.org/download/sim_naturwissenschaften_1931-08-07_19_32/sim_naturwissenschaften_1931-08-07_19_32_djvu.txt	?	-
sim_naturwissenschaften_1931-08-14_19_33	https://archive.org/download/sim_naturwissenschaften_1931-08-14_19_33/sim_naturwissenschaften_1931-08-14_19_33_djvu.txt	?	-
sim_naturwissenschaften_1931-08-21_19_34	https://archive.org/download/sim_naturwissenschaften_1931-08-21_19_34/sim_naturwissenschaften_1931-08-21_19_34_djvu.txt	?	-
sim_naturwissenschaften_1931-08-28_19_35	https://archive.org/download/sim_naturwissenschaften_1931-08-28_19_35/sim_naturwissenschaften_1931-08-28_19_35_djvu.txt	?	-
sim_naturwissenschaften_1931-09-04_19_36	https://archive.org/download/sim_naturwissenschaften_1931-09-04_19_36/sim_naturwissenschaften_1931-09-04_19_36_djvu.txt	?	-
sim_naturwissenschaften_1931-09-11_19_37	https://archive.org/download/sim_naturwissenschaften_1931-09-11_19_37/sim_naturwissenschaften_1931-09-11_19_37_djvu.txt	?	-
sim_naturwissenschaften_1931-09-18_19_38	https://archive.org/download/sim_naturwissenschaften_1931-09-18_19_38/sim_naturwissenschaften_1931-09-18_19_38_djvu.txt	?	-
sim_naturwissenschaften_1931-09-25_19_39	https://archive.org/download/sim_naturwissenschaften_1931-09-25_19_39/sim_naturwissenschaften_1931-09-25_19_39_djvu.txt	?	-
sim_naturwissenschaften_1931-10-02_19_40	https://archive.org/download/sim_naturwissenschaften_1931-10-02_19_40/sim_naturwissenschaften_1931-10-02_19_40_djvu.txt	?	-
sim_naturwissenschaften_1931-10-09_19_41	https://archive.org/download/sim_naturwissenschaften_1931-10-09_19_41/sim_naturwissenschaften_1931-10-09_19_41_djvu.txt	?	-
sim_naturwissenschaften_1931-10-16_19_42	https://archive.org/download/sim_naturwissenschaften_1931-10-16_19_42/sim_naturwissenschaften_1931-10-16_19_42_djvu.txt	?	-
sim_naturwissenschaften_1931-10-23_19_43	https://archive.org/download/sim_naturwissenschaften_1931-10-23_19_43/sim_naturwissenschaften_1931-10-23_19_43_djvu.txt	?	-
sim_naturwissenschaften_1931-10-30_19_44	https://archive.org/download/sim_naturwissenschaften_1931-10-30_19_44/sim_naturwissenschaften_1931-10-30_19_44_djvu.txt	?	-
sim_naturwissenschaften_1931-11-06_19_45	https://archive.org/download/sim_naturwissenschaften_1931-11-06_19_45/sim_naturwissenschaften_1931-11-06_19_45_djvu.txt	?	-
sim_naturwissenschaften_1931-11-13_19_46	https://archive.org/download/sim_naturwissenschaften_1931-11-13_19_46/sim_naturwissenschaften_1931-11-13_19_46_djvu.txt	?	-
sim_naturwissenschaften_1931-11-20_19_47	https://archive.org/download/sim_naturwissenschaften_1931-11-20_19_47/sim_naturwissenschaften_1931-11-20_19_47_djvu.txt	?	-
sim_naturwissenschaften_1931-11-27_19_48	https://archive.org/download/sim_naturwissenschaften_1931-11-27_19_48/sim_naturwissenschaften_1931-11-27_19_48_djvu.txt	?	-
sim_naturwissenschaften_1931-12-04_19_49	https://archive.org/download/sim_naturwissenschaften_1931-12-04_19_49/sim_naturwissenschaften_1931-12-04_19_49_djvu.txt	?	-
sim_naturwissenschaften_1931-12-11_19_50	https://archive.org/download/sim_naturwissenschaften_1931-12-11_19_50/sim_naturwissenschaften_1931-12-11_19_50_djvu.txt	?	-
sim_naturwissenschaften_1931-12-18_19_51	https://archive.org/download/sim_naturwissenschaften_1931-12-18_19_51/sim_naturwissenschaften_1931-12-18_19_51_djvu.txt	?	-
sim_naturwissenschaften_1931-12-25_19_52	https://archive.org/download/sim_naturwissenschaften_1931-12-25_19_52/sim_naturwissenschaften_1931-12-25_19_52_djvu.txt	?	-
sim_naturwissenschaften_1931_19_contents	https://archive.org/download/sim_naturwissenschaften_1931_19_contents/sim_naturwissenschaften_1931_19_contents_djvu.txt	?	-
sim_naturwissenschaften_1932-01-01_20_1	https://archive.org/download/sim_naturwissenschaften_1932-01-01_20_1/sim_naturwissenschaften_1932-01-01_20_1_djvu.txt	?	-
sim_naturwissenschaften_1932-01-08_20_2	https://archive.org/download/sim_naturwissenschaften_1932-01-08_20_2/sim_naturwissenschaften_1932-01-08_20_2_djvu.txt	?	-
sim_naturwissenschaften_1932-01-15_20_3	https://archive.org/download/sim_naturwissenschaften_1932-01-15_20_3/sim_naturwissenschaften_1932-01-15_20_3_djvu.txt	?	-
sim_naturwissenschaften_1932-01-22_20_4	https://archive.org/download/sim_naturwissenschaften_1932-01-22_20_4/sim_naturwissenschaften_1932-01-22_20_4_djvu.txt	?	-
sim_naturwissenschaften_1932-01-29_20_5	https://archive.org/download/sim_naturwissenschaften_1932-01-29_20_5/sim_naturwissenschaften_1932-01-29_20_5_djvu.txt	?	-
sim_naturwissenschaften_1932-02-05_20_6	https://archive.org/download/sim_naturwissenschaften_1932-02-05_20_6/sim_naturwissenschaften_1932-02-05_20_6_djvu.txt	?	-
sim_naturwissenschaften_1932-02-12_20_7	https://archive.org/download/sim_naturwissenschaften_1932-02-12_20_7/sim_naturwissenschaften_1932-02-12_20_7_djvu.txt	?	-
sim_naturwissenschaften_1932-02-19_20_8	https://archive.org/download/sim_naturwissenschaften_1932-02-19_20_8/sim_naturwissenschaften_1932-02-19_20_8_djvu.txt	?	-
sim_naturwissenschaften_1932-02-26_20_9	https://archive.org/download/sim_naturwissenschaften_1932-02-26_20_9/sim_naturwissenschaften_1932-02-26_20_9_djvu.txt	?	-
sim_naturwissenschaften_1932-03-04_20_10	https://archive.org/download/sim_naturwissenschaften_1932-03-04_20_10/sim_naturwissenschaften_1932-03-04_20_10_djvu.txt	?	-
sim_naturwissenschaften_1932-03-11_20_11	https://archive.org/download/sim_naturwissenschaften_1932-03-11_20_11/sim_naturwissenschaften_1932-03-11_20_11_djvu.txt	?	-
sim_naturwissenschaften_1932-03-18_20_12	https://archive.org/download/sim_naturwissenschaften_1932-03-18_20_12/sim_naturwissenschaften_1932-03-18_20_12_djvu.txt	?	-
sim_naturwissenschaften_1932-03-25_20_13	https://archive.org/download/sim_naturwissenschaften_1932-03-25_20_13/sim_naturwissenschaften_1932-03-25_20_13_djvu.txt	?	-
sim_naturwissenschaften_1932-04-01_20_14	https://archive.org/download/sim_naturwissenschaften_1932-04-01_20_14/sim_naturwissenschaften_1932-04-01_20_14_djvu.txt	?	-
sim_naturwissenschaften_1932-04-08_20_15	https://archive.org/download/sim_naturwissenschaften_1932-04-08_20_15/sim_naturwissenschaften_1932-04-08_20_15_djvu.txt	?	-
sim_naturwissenschaften_1932-04-15_20_16	https://archive.org/download/sim_naturwissenschaften_1932-04-15_20_16/sim_naturwissenschaften_1932-04-15_20_16_djvu.txt	?	-
sim_naturwissenschaften_1932-04-22_20_17	https://archive.org/download/sim_naturwissenschaften_1932-04-22_20_17/sim_naturwissenschaften_1932-04-22_20_17_djvu.txt	?	-
sim_naturwissenschaften_1932-04-29_20_18	https://archive.org/download/sim_naturwissenschaften_1932-04-29_20_18/sim_naturwissenschaften_1932-04-29_20_18_djvu.txt	?	-
sim_naturwissenschaften_1932-05-06_20_19	https://archive.org/download/sim_naturwissenschaften_1932-05-06_20_19/sim_naturwissenschaften_1932-05-06_20_19_djvu.txt	?	-
sim_naturwissenschaften_1932-05-13_20_20	https://archive.org/download/sim_naturwissenschaften_1932-05-13_20_20/sim_naturwissenschaften_1932-05-13_20_20_djvu.txt	?	-
sim_naturwissenschaften_1932-05-20_20_21	https://archive.org/download/sim_naturwissenschaften_1932-05-20_20_21/sim_naturwissenschaften_1932-05-20_20_21_djvu.txt	?	-
sim_naturwissenschaften_1932-05-27_20_22-24	https://archive.org/download/sim_naturwissenschaften_1932-05-27_20_22-24/sim_naturwissenschaften_1932-05-27_20_22-24_djvu.txt	?	-
sim_naturwissenschaften_1932-06-17_20_25	https://archive.org/download/sim_naturwissenschaften_1932-06-17_20_25/sim_naturwissenschaften_1932-06-17_20_25_djvu.txt	?	-
sim_naturwissenschaften_1932-06-24_20_26	https://archive.org/download/sim_naturwissenschaften_1932-06-24_20_26/sim_naturwissenschaften_1932-06-24_20_26_djvu.txt	?	-
sim_naturwissenschaften_1932-07-01_20_27	https://archive.org/download/sim_naturwissenschaften_1932-07-01_20_27/sim_naturwissenschaften_1932-07-01_20_27_djvu.txt	?	-
sim_naturwissenschaften_1932-07-08_20_28	https://archive.org/download/sim_naturwissenschaften_1932-07-08_20_28/sim_naturwissenschaften_1932-07-08_20_28_djvu.txt	?	-
sim_naturwissenschaften_1932-07-15_20_29	https://archive.org/download/sim_naturwissenschaften_1932-07-15_20_29/sim_naturwissenschaften_1932-07-15_20_29_djvu.txt	?	-
sim_naturwissenschaften_1932-07-22_20_30	https://archive.org/download/sim_naturwissenschaften_1932-07-22_20_30/sim_naturwissenschaften_1932-07-22_20_30_djvu.txt	?	-
sim_naturwissenschaften_1932-07-29_20_31	https://archive.org/download/sim_naturwissenschaften_1932-07-29_20_31/sim_naturwissenschaften_1932-07-29_20_31_djvu.txt	?	-
sim_naturwissenschaften_1932-08-05_20_32	https://archive.org/download/sim_naturwissenschaften_1932-08-05_20_32/sim_naturwissenschaften_1932-08-05_20_32_djvu.txt	?	-
sim_naturwissenschaften_1932-08-12_20_33	https://archive.org/download/sim_naturwissenschaften_1932-08-12_20_33/sim_naturwissenschaften_1932-08-12_20_33_djvu.txt	?	-
sim_naturwissenschaften_1932-08-19_20_34	https://archive.org/download/sim_naturwissenschaften_1932-08-19_20_34/sim_naturwissenschaften_1932-08-19_20_34_djvu.txt	?	-
sim_naturwissenschaften_1932-08-26_20_35	https://archive.org/download/sim_naturwissenschaften_1932-08-26_20_35/sim_naturwissenschaften_1932-08-26_20_35_djvu.txt	?	-
sim_naturwissenschaften_1932-09-02_20_36	https://archive.org/download/sim_naturwissenschaften_1932-09-02_20_36/sim_naturwissenschaften_1932-09-02_20_36_djvu.txt	?	-
sim_naturwissenschaften_1932-09-09_20_37	https://archive.org/download/sim_naturwissenschaften_1932-09-09_20_37/sim_naturwissenschaften_1932-09-09_20_37_djvu.txt	?	-
sim_naturwissenschaften_1932-09-16_20_38	https://archive.org/download/sim_naturwissenschaften_1932-09-16_20_38/sim_naturwissenschaften_1932-09-16_20_38_djvu.txt	?	-
sim_naturwissenschaften_1932-09-23_20_39	https://archive.org/download/sim_naturwissenschaften_1932-09-23_20_39/sim_naturwissenschaften_1932-09-23_20_39_djvu.txt	?	-
sim_naturwissenschaften_1932-09-30_20_40	https://archive.org/download/sim_naturwissenschaften_1932-09-30_20_40/sim_naturwissenschaften_1932-09-30_20_40_djvu.txt	?	-
sim_naturwissenschaften_1932-10-07_20_41	https://archive.org/download/sim_naturwissenschaften_1932-10-07_20_41/sim_naturwissenschaften_1932-10-07_20_41_djvu.txt	?	-
sim_naturwissenschaften_1932-10-14_20_42	https://archive.org/download/sim_naturwissenschaften_1932-10-14_20_42/sim_naturwissenschaften_1932-10-14_20_42_djvu.txt	?	-
sim_naturwissenschaften_1932-10-21_20_43	https://archive.org/download/sim_naturwissenschaften_1932-10-21_20_43/sim_naturwissenschaften_1932-10-21_20_43_djvu.txt	?	-
sim_naturwissenschaften_1932-10-28_20_44	https://archive.org/download/sim_naturwissenschaften_1932-10-28_20_44/sim_naturwissenschaften_1932-10-28_20_44_djvu.txt	?	-
sim_naturwissenschaften_1932-11-04_20_45	https://archive.org/download/sim_naturwissenschaften_1932-11-04_20_45/sim_naturwissenschaften_1932-11-04_20_45_djvu.txt	?	-
sim_naturwissenschaften_1932-11-11_20_46	https://archive.org/download/sim_naturwissenschaften_1932-11-11_20_46/sim_naturwissenschaften_1932-11-11_20_46_djvu.txt	?	-
sim_naturwissenschaften_1932-11-18_20_47	https://archive.org/download/sim_naturwissenschaften_1932-11-18_20_47/sim_naturwissenschaften_1932-11-18_20_47_djvu.txt	?	-
sim_naturwissenschaften_1932-11-25_20_48	https://archive.org/download/sim_naturwissenschaften_1932-11-25_20_48/sim_naturwissenschaften_1932-11-25_20_48_djvu.txt	?	-
sim_naturwissenschaften_1932-12-02_20_49	https://archive.org/download/sim_naturwissenschaften_1932-12-02_20_49/sim_naturwissenschaften_1932-12-02_20_49_djvu.txt	?	-
sim_naturwissenschaften_1932-12-09_20_50	https://archive.org/download/sim_naturwissenschaften_1932-12-09_20_50/sim_naturwissenschaften_1932-12-09_20_50_djvu.txt	?	-
sim_naturwissenschaften_1932_20_index-contents	https://archive.org/download/sim_naturwissenschaften_1932_20_index-contents/sim_naturwissenschaften_1932_20_index-contents_djvu.txt	?	-
sim_naturwissenschaften_1933-01-06_21_1	https://archive.org/download/sim_naturwissenschaften_1933-01-06_21_1/sim_naturwissenschaften_1933-01-06_21_1_djvu.txt	?	-
sim_naturwissenschaften_1933-01-13_21_2	https://archive.org/download/sim_naturwissenschaften_1933-01-13_21_2/sim_naturwissenschaften_1933-01-13_21_2_djvu.txt	?	-
sim_naturwissenschaften_1933-01-20_21_3	https://archive.org/download/sim_naturwissenschaften_1933-01-20_21_3/sim_naturwissenschaften_1933-01-20_21_3_djvu.txt	?	-
sim_naturwissenschaften_1933-01-27_21_4	https://archive.org/download/sim_naturwissenschaften_1933-01-27_21_4/sim_naturwissenschaften_1933-01-27_21_4_djvu.txt	?	-
sim_naturwissenschaften_1933-02-10_21_5-7	https://archive.org/download/sim_naturwissenschaften_1933-02-10_21_5-7/sim_naturwissenschaften_1933-02-10_21_5-7_djvu.txt	?	-
sim_naturwissenschaften_1933-02-24_21_8	https://archive.org/download/sim_naturwissenschaften_1933-02-24_21_8/sim_naturwissenschaften_1933-02-24_21_8_djvu.txt	?	-
sim_naturwissenschaften_1933-03-03_21_9	https://archive.org/download/sim_naturwissenschaften_1933-03-03_21_9/sim_naturwissenschaften_1933-03-03_21_9_djvu.txt	?	-
sim_naturwissenschaften_1933-03-10_21_10	https://archive.org/download/sim_naturwissenschaften_1933-03-10_21_10/sim_naturwissenschaften_1933-03-10_21_10_djvu.txt	?	-
sim_naturwissenschaften_1933-03-17_21_11	https://archive.org/download/sim_naturwissenschaften_1933-03-17_21_11/sim_naturwissenschaften_1933-03-17_21_11_djvu.txt	?	-
sim_naturwissenschaften_1933-03-24_21_12	https://archive.org/download/sim_naturwissenschaften_1933-03-24_21_12/sim_naturwissenschaften_1933-03-24_21_12_djvu.txt	?	-
sim_naturwissenschaften_1933-03-31_21_13	https://archive.org/download/sim_naturwissenschaften_1933-03-31_21_13/sim_naturwissenschaften_1933-03-31_21_13_djvu.txt	?	-
sim_naturwissenschaften_1933-04-07_21_14	https://archive.org/download/sim_naturwissenschaften_1933-04-07_21_14/sim_naturwissenschaften_1933-04-07_21_14_djvu.txt	?	-
sim_naturwissenschaften_1933-04-14_21_15	https://archive.org/download/sim_naturwissenschaften_1933-04-14_21_15/sim_naturwissenschaften_1933-04-14_21_15_djvu.txt	?	-
sim_naturwissenschaften_1933-04-21_21_16	https://archive.org/download/sim_naturwissenschaften_1933-04-21_21_16/sim_naturwissenschaften_1933-04-21_21_16_djvu.txt	?	-
sim_naturwissenschaften_1933-04-28_21_17	https://archive.org/download/sim_naturwissenschaften_1933-04-28_21_17/sim_naturwissenschaften_1933-04-28_21_17_djvu.txt	?	-
sim_naturwissenschaften_1933-05-05_21_18	https://archive.org/download/sim_naturwissenschaften_1933-05-05_21_18/sim_naturwissenschaften_1933-05-05_21_18_djvu.txt	?	-
sim_naturwissenschaften_1933-05-12_21_19	https://archive.org/download/sim_naturwissenschaften_1933-05-12_21_19/sim_naturwissenschaften_1933-05-12_21_19_djvu.txt	?	-
sim_naturwissenschaften_1933-05-19_21_20	https://archive.org/download/sim_naturwissenschaften_1933-05-19_21_20/sim_naturwissenschaften_1933-05-19_21_20_djvu.txt	?	-
sim_naturwissenschaften_1933-05-26_21_21-23	https://archive.org/download/sim_naturwissenschaften_1933-05-26_21_21-23/sim_naturwissenschaften_1933-05-26_21_21-23_djvu.txt	?	-
sim_naturwissenschaften_1933-06-16_21_24	https://archive.org/download/sim_naturwissenschaften_1933-06-16_21_24/sim_naturwissenschaften_1933-06-16_21_24_djvu.txt	?	-
sim_naturwissenschaften_1933-06-23_21_25	https://archive.org/download/sim_naturwissenschaften_1933-06-23_21_25/sim_naturwissenschaften_1933-06-23_21_25_djvu.txt	?	-
sim_naturwissenschaften_1933-06-30_21_26	https://archive.org/download/sim_naturwissenschaften_1933-06-30_21_26/sim_naturwissenschaften_1933-06-30_21_26_djvu.txt	?	-
sim_naturwissenschaften_1933-07-07_21_27	https://archive.org/download/sim_naturwissenschaften_1933-07-07_21_27/sim_naturwissenschaften_1933-07-07_21_27_djvu.txt	?	-
sim_naturwissenschaften_1933-07-14_21_28	https://archive.org/download/sim_naturwissenschaften_1933-07-14_21_28/sim_naturwissenschaften_1933-07-14_21_28_djvu.txt	?	-
sim_naturwissenschaften_1933-07-21_21_29	https://archive.org/download/sim_naturwissenschaften_1933-07-21_21_29/sim_naturwissenschaften_1933-07-21_21_29_djvu.txt	?	-
sim_naturwissenschaften_1933-07-28_21_30	https://archive.org/download/sim_naturwissenschaften_1933-07-28_21_30/sim_naturwissenschaften_1933-07-28_21_30_djvu.txt	?	-
sim_naturwissenschaften_1933-08-04_21_31	https://archive.org/download/sim_naturwissenschaften_1933-08-04_21_31/sim_naturwissenschaften_1933-08-04_21_31_djvu.txt	?	-
sim_naturwissenschaften_1933-08-11_21_32	https://archive.org/download/sim_naturwissenschaften_1933-08-11_21_32/sim_naturwissenschaften_1933-08-11_21_32_djvu.txt	?	-
sim_naturwissenschaften_1933-08-18_21_33	https://archive.org/download/sim_naturwissenschaften_1933-08-18_21_33/sim_naturwissenschaften_1933-08-18_21_33_djvu.txt	?	-
sim_naturwissenschaften_1933-08-25_21_34	https://archive.org/download/sim_naturwissenschaften_1933-08-25_21_34/sim_naturwissenschaften_1933-08-25_21_34_djvu.txt	?	-
sim_naturwissenschaften_1933-09-01_21_35	https://archive.org/download/sim_naturwissenschaften_1933-09-01_21_35/sim_naturwissenschaften_1933-09-01_21_35_djvu.txt	?	-
sim_naturwissenschaften_1933-09-08_21_36	https://archive.org/download/sim_naturwissenschaften_1933-09-08_21_36/sim_naturwissenschaften_1933-09-08_21_36_djvu.txt	?	-
sim_naturwissenschaften_1933-09-15_21_37	https://archive.org/download/sim_naturwissenschaften_1933-09-15_21_37/sim_naturwissenschaften_1933-09-15_21_37_djvu.txt	?	-
sim_naturwissenschaften_1933-09-22_21_38	https://archive.org/download/sim_naturwissenschaften_1933-09-22_21_38/sim_naturwissenschaften_1933-09-22_21_38_djvu.txt	?	-
sim_naturwissenschaften_1933-09-29_21_39	https://archive.org/download/sim_naturwissenschaften_1933-09-29_21_39/sim_naturwissenschaften_1933-09-29_21_39_djvu.txt	?	-
sim_naturwissenschaften_1933-10-06_21_40	https://archive.org/download/sim_naturwissenschaften_1933-10-06_21_40/sim_naturwissenschaften_1933-10-06_21_40_djvu.txt	?	-
sim_naturwissenschaften_1933-10-13_21_41	https://archive.org/download/sim_naturwissenschaften_1933-10-13_21_41/sim_naturwissenschaften_1933-10-13_21_41_djvu.txt	?	-
sim_naturwissenschaften_1933-10-20_21_42	https://archive.org/download/sim_naturwissenschaften_1933-10-20_21_42/sim_naturwissenschaften_1933-10-20_21_42_djvu.txt	?	-
sim_naturwissenschaften_1933-10-27_21_43	https://archive.org/download/sim_naturwissenschaften_1933-10-27_21_43/sim_naturwissenschaften_1933-10-27_21_43_djvu.txt	?	-
sim_naturwissenschaften_1933-11-03_21_44	https://archive.org/download/sim_naturwissenschaften_1933-11-03_21_44/sim_naturwissenschaften_1933-11-03_21_44_djvu.txt	?	-
sim_naturwissenschaften_1933-11-10_21_45	https://archive.org/download/sim_naturwissenschaften_1933-11-10_21_45/sim_naturwissenschaften_1933-11-10_21_45_djvu.txt	?	-
sim_naturwissenschaften_1933-11-17_21_46	https://archive.org/download/sim_naturwissenschaften_1933-11-17_21_46/sim_naturwissenschaften_1933-11-17_21_46_djvu.txt	?	-
sim_naturwissenschaften_1933-11-24_21_47	https://archive.org/download/sim_naturwissenschaften_1933-11-24_21_47/sim_naturwissenschaften_1933-11-24_21_47_djvu.txt	?	-
sim_naturwissenschaften_1933-12-01_21_48	https://archive.org/download/sim_naturwissenschaften_1933-12-01_21_48/sim_naturwissenschaften_1933-12-01_21_48_djvu.txt	?	-
sim_naturwissenschaften_1933-12-08_21_49	https://archive.org/download/sim_naturwissenschaften_1933-12-08_21_49/sim_naturwissenschaften_1933-12-08_21_49_djvu.txt	?	-
sim_naturwissenschaften_1933-12-15_21_50	https://archive.org/download/sim_naturwissenschaften_1933-12-15_21_50/sim_naturwissenschaften_1933-12-15_21_50_djvu.txt	?	-
sim_naturwissenschaften_1933-12-22_21_51	https://archive.org/download/sim_naturwissenschaften_1933-12-22_21_51/sim_naturwissenschaften_1933-12-22_21_51_djvu.txt	?	-
sim_naturwissenschaften_1933_21_index-contents	https://archive.org/download/sim_naturwissenschaften_1933_21_index-contents/sim_naturwissenschaften_1933_21_index-contents_djvu.txt	?	-
sim_naturwissenschaften_1934-01-05_22_1	https://archive.org/download/sim_naturwissenschaften_1934-01-05_22_1/sim_naturwissenschaften_1934-01-05_22_1_djvu.txt	?	-
sim_naturwissenschaften_1934-01-12_22_2	https://archive.org/download/sim_naturwissenschaften_1934-01-12_22_2/sim_naturwissenschaften_1934-01-12_22_2_djvu.txt	?	-
sim_naturwissenschaften_1934-01-19_22_3	https://archive.org/download/sim_naturwissenschaften_1934-01-19_22_3/sim_naturwissenschaften_1934-01-19_22_3_djvu.txt	?	-
sim_naturwissenschaften_1934-01-26_22_4	https://archive.org/download/sim_naturwissenschaften_1934-01-26_22_4/sim_naturwissenschaften_1934-01-26_22_4_djvu.txt	?	-
sim_naturwissenschaften_1934-02-02_22_5	https://archive.org/download/sim_naturwissenschaften_1934-02-02_22_5/sim_naturwissenschaften_1934-02-02_22_5_djvu.txt	?	-
sim_naturwissenschaften_1934-02-09_22_6	https://archive.org/download/sim_naturwissenschaften_1934-02-09_22_6/sim_naturwissenschaften_1934-02-09_22_6_djvu.txt	?	-
sim_naturwissenschaften_1934-02-16_22_7	https://archive.org/download/sim_naturwissenschaften_1934-02-16_22_7/sim_naturwissenschaften_1934-02-16_22_7_djvu.txt	?	-
sim_naturwissenschaften_1934-02-23_22_8	https://archive.org/download/sim_naturwissenschaften_1934-02-23_22_8/sim_naturwissenschaften_1934-02-23_22_8_djvu.txt	?	-
sim_naturwissenschaften_1934-03-02_22_9	https://archive.org/download/sim_naturwissenschaften_1934-03-02_22_9/sim_naturwissenschaften_1934-03-02_22_9_djvu.txt	?	-
sim_naturwissenschaften_1934-03-09_22_10	https://archive.org/download/sim_naturwissenschaften_1934-03-09_22_10/sim_naturwissenschaften_1934-03-09_22_10_djvu.txt	?	-
sim_naturwissenschaften_1934-03-16_22_11	https://archive.org/download/sim_naturwissenschaften_1934-03-16_22_11/sim_naturwissenschaften_1934-03-16_22_11_djvu.txt	?	-
sim_naturwissenschaften_1934-03-23_22_12	https://archive.org/download/sim_naturwissenschaften_1934-03-23_22_12/sim_naturwissenschaften_1934-03-23_22_12_djvu.txt	?	-
sim_naturwissenschaften_1934-03-30_22_13	https://archive.org/download/sim_naturwissenschaften_1934-03-30_22_13/sim_naturwissenschaften_1934-03-30_22_13_djvu.txt	?	-
sim_naturwissenschaften_1934-04-06_22_14	https://archive.org/download/sim_naturwissenschaften_1934-04-06_22_14/sim_naturwissenschaften_1934-04-06_22_14_djvu.txt	?	-
sim_naturwissenschaften_1934-04-13_22_15	https://archive.org/download/sim_naturwissenschaften_1934-04-13_22_15/sim_naturwissenschaften_1934-04-13_22_15_djvu.txt	?	-
sim_naturwissenschaften_1934-04-20_22_16	https://archive.org/download/sim_naturwissenschaften_1934-04-20_22_16/sim_naturwissenschaften_1934-04-20_22_16_djvu.txt	?	-
sim_naturwissenschaften_1934-04-27_22_17-18	https://archive.org/download/sim_naturwissenschaften_1934-04-27_22_17-18/sim_naturwissenschaften_1934-04-27_22_17-18_djvu.txt	?	-
sim_naturwissenschaften_1934-05-11_22_19	https://archive.org/download/sim_naturwissenschaften_1934-05-11_22_19/sim_naturwissenschaften_1934-05-11_22_19_djvu.txt	?	-
sim_naturwissenschaften_1934-05-18_22_20	https://archive.org/download/sim_naturwissenschaften_1934-05-18_22_20/sim_naturwissenschaften_1934-05-18_22_20_djvu.txt	?	-
sim_naturwissenschaften_1934-05-25_22_21	https://archive.org/download/sim_naturwissenschaften_1934-05-25_22_21/sim_naturwissenschaften_1934-05-25_22_21_djvu.txt	?	-
sim_naturwissenschaften_1934-06-01_22_22-24	https://archive.org/download/sim_naturwissenschaften_1934-06-01_22_22-24/sim_naturwissenschaften_1934-06-01_22_22-24_djvu.txt	?	-
sim_naturwissenschaften_1934-06-22_22_25	https://archive.org/download/sim_naturwissenschaften_1934-06-22_22_25/sim_naturwissenschaften_1934-06-22_22_25_djvu.txt	?	-
sim_naturwissenschaften_1934-06-29_22_26	https://archive.org/download/sim_naturwissenschaften_1934-06-29_22_26/sim_naturwissenschaften_1934-06-29_22_26_djvu.txt	?	-
sim_naturwissenschaften_1934-07-06_22_27	https://archive.org/download/sim_naturwissenschaften_1934-07-06_22_27/sim_naturwissenschaften_1934-07-06_22_27_djvu.txt	?	-
sim_naturwissenschaften_1934-07-13_22_28	https://archive.org/download/sim_naturwissenschaften_1934-07-13_22_28/sim_naturwissenschaften_1934-07-13_22_28_djvu.txt	?	-
sim_naturwissenschaften_1934-07-20_22_29	https://archive.org/download/sim_naturwissenschaften_1934-07-20_22_29/sim_naturwissenschaften_1934-07-20_22_29_djvu.txt	?	-
sim_naturwissenschaften_1934-07-27_22_30	https://archive.org/download/sim_naturwissenschaften_1934-07-27_22_30/sim_naturwissenschaften_1934-07-27_22_30_djvu.txt	?	-
sim_naturwissenschaften_1934-08-03_22_31	https://archive.org/download/sim_naturwissenschaften_1934-08-03_22_31/sim_naturwissenschaften_1934-08-03_22_31_djvu.txt	?	-
sim_naturwissenschaften_1934-08-10_22_32	https://archive.org/download/sim_naturwissenschaften_1934-08-10_22_32/sim_naturwissenschaften_1934-08-10_22_32_djvu.txt	?	-
sim_naturwissenschaften_1934-08-17_22_33	https://archive.org/download/sim_naturwissenschaften_1934-08-17_22_33/sim_naturwissenschaften_1934-08-17_22_33_djvu.txt	?	-
sim_naturwissenschaften_1934-08-24_22_34	https://archive.org/download/sim_naturwissenschaften_1934-08-24_22_34/sim_naturwissenschaften_1934-08-24_22_34_djvu.txt	?	-
sim_naturwissenschaften_1934-08-31_22_35	https://archive.org/download/sim_naturwissenschaften_1934-08-31_22_35/sim_naturwissenschaften_1934-08-31_22_35_djvu.txt	?	-
sim_naturwissenschaften_1934-09-07_22_36	https://archive.org/download/sim_naturwissenschaften_1934-09-07_22_36/sim_naturwissenschaften_1934-09-07_22_36_djvu.txt	?	-
sim_naturwissenschaften_1934-09-14_22_37	https://archive.org/download/sim_naturwissenschaften_1934-09-14_22_37/sim_naturwissenschaften_1934-09-14_22_37_djvu.txt	?	-
sim_naturwissenschaften_1934-09-21_22_38	https://archive.org/download/sim_naturwissenschaften_1934-09-21_22_38/sim_naturwissenschaften_1934-09-21_22_38_djvu.txt	?	-
sim_naturwissenschaften_1934-09-28_22_39	https://archive.org/download/sim_naturwissenschaften_1934-09-28_22_39/sim_naturwissenschaften_1934-09-28_22_39_djvu.txt	?	-
sim_naturwissenschaften_1934-10-05_22_40	https://archive.org/download/sim_naturwissenschaften_1934-10-05_22_40/sim_naturwissenschaften_1934-10-05_22_40_djvu.txt	?	-
sim_naturwissenschaften_1934-10-12_22_41	https://archive.org/download/sim_naturwissenschaften_1934-10-12_22_41/sim_naturwissenschaften_1934-10-12_22_41_djvu.txt	?	-
sim_naturwissenschaften_1934-10-19_22_42	https://archive.org/download/sim_naturwissenschaften_1934-10-19_22_42/sim_naturwissenschaften_1934-10-19_22_42_djvu.txt	?	-
sim_naturwissenschaften_1934-10-26_22_43	https://archive.org/download/sim_naturwissenschaften_1934-10-26_22_43/sim_naturwissenschaften_1934-10-26_22_43_djvu.txt	?	-
sim_naturwissenschaften_1934-11-02_22_44	https://archive.org/download/sim_naturwissenschaften_1934-11-02_22_44/sim_naturwissenschaften_1934-11-02_22_44_djvu.txt	?	-
sim_naturwissenschaften_1934-11-09_22_45	https://archive.org/download/sim_naturwissenschaften_1934-11-09_22_45/sim_naturwissenschaften_1934-11-09_22_45_djvu.txt	?	-
sim_naturwissenschaften_1934-11-16_22_46	https://archive.org/download/sim_naturwissenschaften_1934-11-16_22_46/sim_naturwissenschaften_1934-11-16_22_46_djvu.txt	?	-
sim_naturwissenschaften_1934-11-23_22_47	https://archive.org/download/sim_naturwissenschaften_1934-11-23_22_47/sim_naturwissenschaften_1934-11-23_22_47_djvu.txt	?	-
sim_naturwissenschaften_1934-11-30_22_48	https://archive.org/download/sim_naturwissenschaften_1934-11-30_22_48/sim_naturwissenschaften_1934-11-30_22_48_djvu.txt	?	-
sim_naturwissenschaften_1934-12-07_22_49	https://archive.org/download/sim_naturwissenschaften_1934-12-07_22_49/sim_naturwissenschaften_1934-12-07_22_49_djvu.txt	?	-
sim_naturwissenschaften_1934-12-14_22_50	https://archive.org/download/sim_naturwissenschaften_1934-12-14_22_50/sim_naturwissenschaften_1934-12-14_22_50_djvu.txt	?	-
sim_naturwissenschaften_1934-12-21_22_51	https://archive.org/download/sim_naturwissenschaften_1934-12-21_22_51/sim_naturwissenschaften_1934-12-21_22_51_djvu.txt	?	-
sim_naturwissenschaften_1934_22_index-contents	https://archive.org/download/sim_naturwissenschaften_1934_22_index-contents/sim_naturwissenschaften_1934_22_index-contents_djvu.txt	?	-
sim_naturwissenschaften_1935-01-04_23_1	https://archive.org/download/sim_naturwissenschaften_1935-01-04_23_1/sim_naturwissenschaften_1935-01-04_23_1_djvu.txt	?	-
sim_naturwissenschaften_1935-01-11_23_2	https://archive.org/download/sim_naturwissenschaften_1935-01-11_23_2/sim_naturwissenschaften_1935-01-11_23_2_djvu.txt	?	-
sim_naturwissenschaften_1935-01-18_23_3	https://archive.org/download/sim_naturwissenschaften_1935-01-18_23_3/sim_naturwissenschaften_1935-01-18_23_3_djvu.txt	?	-
sim_naturwissenschaften_1935-01-25_23_4	https://archive.org/download/sim_naturwissenschaften_1935-01-25_23_4/sim_naturwissenschaften_1935-01-25_23_4_djvu.txt	?	-
sim_naturwissenschaften_1935-02-01_23_5	https://archive.org/download/sim_naturwissenschaften_1935-02-01_23_5/sim_naturwissenschaften_1935-02-01_23_5_djvu.txt	?	-
sim_naturwissenschaften_1935-02-08_23_6	https://archive.org/download/sim_naturwissenschaften_1935-02-08_23_6/sim_naturwissenschaften_1935-02-08_23_6_djvu.txt	?	-
sim_naturwissenschaften_1935-02-15_23_7	https://archive.org/download/sim_naturwissenschaften_1935-02-15_23_7/sim_naturwissenschaften_1935-02-15_23_7_djvu.txt	?	-
sim_naturwissenschaften_1935-02-22_23_8	https://archive.org/download/sim_naturwissenschaften_1935-02-22_23_8/sim_naturwissenschaften_1935-02-22_23_8_djvu.txt	?	-
sim_naturwissenschaften_1935-03-01_23_9	https://archive.org/download/sim_naturwissenschaften_1935-03-01_23_9/sim_naturwissenschaften_1935-03-01_23_9_djvu.txt	?	-
sim_naturwissenschaften_1935-03-08_23_10	https://archive.org/download/sim_naturwissenschaften_1935-03-08_23_10/sim_naturwissenschaften_1935-03-08_23_10_djvu.txt	?	-
sim_naturwissenschaften_1935-03-15_23_11	https://archive.org/download/sim_naturwissenschaften_1935-03-15_23_11/sim_naturwissenschaften_1935-03-15_23_11_djvu.txt	?	-
sim_naturwissenschaften_1935-03-22_23_12	https://archive.org/download/sim_naturwissenschaften_1935-03-22_23_12/sim_naturwissenschaften_1935-03-22_23_12_djvu.txt	?	-
sim_naturwissenschaften_1935-03-29_23_13	https://archive.org/download/sim_naturwissenschaften_1935-03-29_23_13/sim_naturwissenschaften_1935-03-29_23_13_djvu.txt	?	-
sim_naturwissenschaften_1935-04-05_23_14	https://archive.org/download/sim_naturwissenschaften_1935-04-05_23_14/sim_naturwissenschaften_1935-04-05_23_14_djvu.txt	?	-
sim_naturwissenschaften_1935-04-12_23_15	https://archive.org/download/sim_naturwissenschaften_1935-04-12_23_15/sim_naturwissenschaften_1935-04-12_23_15_djvu.txt	?	-
sim_naturwissenschaften_1935-04-19_23_16	https://archive.org/download/sim_naturwissenschaften_1935-04-19_23_16/sim_naturwissenschaften_1935-04-19_23_16_djvu.txt	?	-
sim_naturwissenschaften_1935-04-26_23_17	https://archive.org/download/sim_naturwissenschaften_1935-04-26_23_17/sim_naturwissenschaften_1935-04-26_23_17_djvu.txt	?	-
sim_naturwissenschaften_1935-05-03_23_18	https://archive.org/download/sim_naturwissenschaften_1935-05-03_23_18/sim_naturwissenschaften_1935-05-03_23_18_djvu.txt	?	-
sim_naturwissenschaften_1935-05-10_23_19	https://archive.org/download/sim_naturwissenschaften_1935-05-10_23_19/sim_naturwissenschaften_1935-05-10_23_19_djvu.txt	?	-
sim_naturwissenschaften_1935-05-17_23_20	https://archive.org/download/sim_naturwissenschaften_1935-05-17_23_20/sim_naturwissenschaften_1935-05-17_23_20_djvu.txt	?	-
sim_naturwissenschaften_1935-05-24_23_21	https://archive.org/download/sim_naturwissenschaften_1935-05-24_23_21/sim_naturwissenschaften_1935-05-24_23_21_djvu.txt	?	-
sim_naturwissenschaften_1935-05-31_23_22	https://archive.org/download/sim_naturwissenschaften_1935-05-31_23_22/sim_naturwissenschaften_1935-05-31_23_22_djvu.txt	?	-
sim_naturwissenschaften_1935-06-07_23_23	https://archive.org/download/sim_naturwissenschaften_1935-06-07_23_23/sim_naturwissenschaften_1935-06-07_23_23_djvu.txt	?	-
sim_naturwissenschaften_1935-06-14_23_24	https://archive.org/download/sim_naturwissenschaften_1935-06-14_23_24/sim_naturwissenschaften_1935-06-14_23_24_djvu.txt	?	-
sim_naturwissenschaften_1935-06-21_23_25	https://archive.org/download/sim_naturwissenschaften_1935-06-21_23_25/sim_naturwissenschaften_1935-06-21_23_25_djvu.txt	?	-
sim_naturwissenschaften_1935-06-28_23_26-28	https://archive.org/download/sim_naturwissenschaften_1935-06-28_23_26-28/sim_naturwissenschaften_1935-06-28_23_26-28_djvu.txt	?	-
sim_naturwissenschaften_1935-07-19_23_29	https://archive.org/download/sim_naturwissenschaften_1935-07-19_23_29/sim_naturwissenschaften_1935-07-19_23_29_djvu.txt	?	-
sim_naturwissenschaften_1935-07-26_23_30	https://archive.org/download/sim_naturwissenschaften_1935-07-26_23_30/sim_naturwissenschaften_1935-07-26_23_30_djvu.txt	?	-
sim_naturwissenschaften_1935-08-02_23_31	https://archive.org/download/sim_naturwissenschaften_1935-08-02_23_31/sim_naturwissenschaften_1935-08-02_23_31_djvu.txt	?	-
sim_naturwissenschaften_1935-08-09_23_32	https://archive.org/download/sim_naturwissenschaften_1935-08-09_23_32/sim_naturwissenschaften_1935-08-09_23_32_djvu.txt	?	-
sim_naturwissenschaften_1935-08-16_23_33	https://archive.org/download/sim_naturwissenschaften_1935-08-16_23_33/sim_naturwissenschaften_1935-08-16_23_33_djvu.txt	?	-
sim_naturwissenschaften_1935-08-23_23_34	https://archive.org/download/sim_naturwissenschaften_1935-08-23_23_34/sim_naturwissenschaften_1935-08-23_23_34_djvu.txt	?	-
sim_naturwissenschaften_1935-08-30_23_35	https://archive.org/download/sim_naturwissenschaften_1935-08-30_23_35/sim_naturwissenschaften_1935-08-30_23_35_djvu.txt	?	-
sim_naturwissenschaften_1935-09-06_23_36	https://archive.org/download/sim_naturwissenschaften_1935-09-06_23_36/sim_naturwissenschaften_1935-09-06_23_36_djvu.txt	?	-
sim_naturwissenschaften_1935-09-13_23_37	https://archive.org/download/sim_naturwissenschaften_1935-09-13_23_37/sim_naturwissenschaften_1935-09-13_23_37_djvu.txt	?	-
sim_naturwissenschaften_1935-09-20_23_38	https://archive.org/download/sim_naturwissenschaften_1935-09-20_23_38/sim_naturwissenschaften_1935-09-20_23_38_djvu.txt	?	-
sim_naturwissenschaften_1935-09-27_23_39	https://archive.org/download/sim_naturwissenschaften_1935-09-27_23_39/sim_naturwissenschaften_1935-09-27_23_39_djvu.txt	?	-
sim_naturwissenschaften_1935-10-04_23_40	https://archive.org/download/sim_naturwissenschaften_1935-10-04_23_40/sim_naturwissenschaften_1935-10-04_23_40_djvu.txt	?	-
sim_naturwissenschaften_1935-10-11_23_41	https://archive.org/download/sim_naturwissenschaften_1935-10-11_23_41/sim_naturwissenschaften_1935-10-11_23_41_djvu.txt	?	-
sim_naturwissenschaften_1935-10-18_23_42	https://archive.org/download/sim_naturwissenschaften_1935-10-18_23_42/sim_naturwissenschaften_1935-10-18_23_42_djvu.txt	?	-
sim_naturwissenschaften_1935-10-25_23_43	https://archive.org/download/sim_naturwissenschaften_1935-10-25_23_43/sim_naturwissenschaften_1935-10-25_23_43_djvu.txt	?	-
sim_naturwissenschaften_1935-11-01_23_44	https://archive.org/download/sim_naturwissenschaften_1935-11-01_23_44/sim_naturwissenschaften_1935-11-01_23_44_djvu.txt	?	-
sim_naturwissenschaften_1935-11-08_23_45	https://archive.org/download/sim_naturwissenschaften_1935-11-08_23_45/sim_naturwissenschaften_1935-11-08_23_45_djvu.txt	?	-
sim_naturwissenschaften_1935-11-15_23_46	https://archive.org/download/sim_naturwissenschaften_1935-11-15_23_46/sim_naturwissenschaften_1935-11-15_23_46_djvu.txt	?	-
sim_naturwissenschaften_1935-11-22_23_47	https://archive.org/download/sim_naturwissenschaften_1935-11-22_23_47/sim_naturwissenschaften_1935-11-22_23_47_djvu.txt	?	-
sim_naturwissenschaften_1935-11-29_23_48	https://archive.org/download/sim_naturwissenschaften_1935-11-29_23_48/sim_naturwissenschaften_1935-11-29_23_48_djvu.txt	?	-
sim_naturwissenschaften_1935-12-06_23_49	https://archive.org/download/sim_naturwissenschaften_1935-12-06_23_49/sim_naturwissenschaften_1935-12-06_23_49_djvu.txt	?	-
sim_naturwissenschaften_1935-12-13_23_50	https://archive.org/download/sim_naturwissenschaften_1935-12-13_23_50/sim_naturwissenschaften_1935-12-13_23_50_djvu.txt	?	-
sim_naturwissenschaften_1935-12-20_23_51	https://archive.org/download/sim_naturwissenschaften_1935-12-20_23_51/sim_naturwissenschaften_1935-12-20_23_51_djvu.txt	?	-
sim_naturwissenschaften_1935_23_index-contents	https://archive.org/download/sim_naturwissenschaften_1935_23_index-contents/sim_naturwissenschaften_1935_23_index-contents_djvu.txt	?	-
sim_naturwissenschaften_1936-01-03_24_1	https://archive.org/download/sim_naturwissenschaften_1936-01-03_24_1/sim_naturwissenschaften_1936-01-03_24_1_djvu.txt	?	-
sim_naturwissenschaften_1936-01-10_24_2-3	https://archive.org/download/sim_naturwissenschaften_1936-01-10_24_2-3/sim_naturwissenschaften_1936-01-10_24_2-3_djvu.txt	?	-
sim_naturwissenschaften_1936-01-24_24_4	https://archive.org/download/sim_naturwissenschaften_1936-01-24_24_4/sim_naturwissenschaften_1936-01-24_24_4_djvu.txt	?	-
sim_naturwissenschaften_1936-01-31_24_5	https://archive.org/download/sim_naturwissenschaften_1936-01-31_24_5/sim_naturwissenschaften_1936-01-31_24_5_djvu.txt	?	-
sim_naturwissenschaften_1936-02-07_24_6	https://archive.org/download/sim_naturwissenschaften_1936-02-07_24_6/sim_naturwissenschaften_1936-02-07_24_6_djvu.txt	?	-
sim_naturwissenschaften_1936-02-14_24_7	https://archive.org/download/sim_naturwissenschaften_1936-02-14_24_7/sim_naturwissenschaften_1936-02-14_24_7_djvu.txt	?	-
sim_naturwissenschaften_1936-02-21_24_8	https://archive.org/download/sim_naturwissenschaften_1936-02-21_24_8/sim_naturwissenschaften_1936-02-21_24_8_djvu.txt	?	-
sim_naturwissenschaften_1936-02-28_24_9	https://archive.org/download/sim_naturwissenschaften_1936-02-28_24_9/sim_naturwissenschaften_1936-02-28_24_9_djvu.txt	?	-
sim_naturwissenschaften_1936-03-06_24_10	https://archive.org/download/sim_naturwissenschaften_1936-03-06_24_10/sim_naturwissenschaften_1936-03-06_24_10_djvu.txt	?	-
sim_naturwissenschaften_1936-03-13_24_11	https://archive.org/download/sim_naturwissenschaften_1936-03-13_24_11/sim_naturwissenschaften_1936-03-13_24_11_djvu.txt	?	-
sim_naturwissenschaften_1936-03-20_24_12	https://archive.org/download/sim_naturwissenschaften_1936-03-20_24_12/sim_naturwissenschaften_1936-03-20_24_12_djvu.txt	?	-
sim_naturwissenschaften_1936-03-27_24_13	https://archive.org/download/sim_naturwissenschaften_1936-03-27_24_13/sim_naturwissenschaften_1936-03-27_24_13_djvu.txt	?	-
sim_naturwissenschaften_1936-04-03_24_14	https://archive.org/download/sim_naturwissenschaften_1936-04-03_24_14/sim_naturwissenschaften_1936-04-03_24_14_djvu.txt	?	-
sim_naturwissenschaften_1936-04-10_24_15	https://archive.org/download/sim_naturwissenschaften_1936-04-10_24_15/sim_naturwissenschaften_1936-04-10_24_15_djvu.txt	?	-
sim_naturwissenschaften_1936-04-17_24_16	https://archive.org/download/sim_naturwissenschaften_1936-04-17_24_16/sim_naturwissenschaften_1936-04-17_24_16_djvu.txt	?	-
sim_naturwissenschaften_1936-04-24_24_17	https://archive.org/download/sim_naturwissenschaften_1936-04-24_24_17/sim_naturwissenschaften_1936-04-24_24_17_djvu.txt	?	-
sim_naturwissenschaften_1936-05-01_24_18	https://archive.org/download/sim_naturwissenschaften_1936-05-01_24_18/sim_naturwissenschaften_1936-05-01_24_18_djvu.txt	?	-
sim_naturwissenschaften_1936-05-08_24_19	https://archive.org/download/sim_naturwissenschaften_1936-05-08_24_19/sim_naturwissenschaften_1936-05-08_24_19_djvu.txt	?	-
sim_naturwissenschaften_1936-05-15_24_20	https://archive.org/download/sim_naturwissenschaften_1936-05-15_24_20/sim_naturwissenschaften_1936-05-15_24_20_djvu.txt	?	-
sim_naturwissenschaften_1936-05-22_24_21	https://archive.org/download/sim_naturwissenschaften_1936-05-22_24_21/sim_naturwissenschaften_1936-05-22_24_21_djvu.txt	?	-
sim_naturwissenschaften_1936-05-29_24_22	https://archive.org/download/sim_naturwissenschaften_1936-05-29_24_22/sim_naturwissenschaften_1936-05-29_24_22_djvu.txt	?	-
sim_naturwissenschaften_1936-06-05_24_23	https://archive.org/download/sim_naturwissenschaften_1936-06-05_24_23/sim_naturwissenschaften_1936-06-05_24_23_djvu.txt	?	-
sim_naturwissenschaften_1936-06-12_24_24	https://archive.org/download/sim_naturwissenschaften_1936-06-12_24_24/sim_naturwissenschaften_1936-06-12_24_24_djvu.txt	?	-
sim_naturwissenschaften_1936-06-19_24_25	https://archive.org/download/sim_naturwissenschaften_1936-06-19_24_25/sim_naturwissenschaften_1936-06-19_24_25_djvu.txt	?	-
sim_naturwissenschaften_1936-06-26_24_26	https://archive.org/download/sim_naturwissenschaften_1936-06-26_24_26/sim_naturwissenschaften_1936-06-26_24_26_djvu.txt	?	-
sim_naturwissenschaften_1936-07-03_24_27	https://archive.org/download/sim_naturwissenschaften_1936-07-03_24_27/sim_naturwissenschaften_1936-07-03_24_27_djvu.txt	?	-
sim_naturwissenschaften_1936-07-10_24_28	https://archive.org/download/sim_naturwissenschaften_1936-07-10_24_28/sim_naturwissenschaften_1936-07-10_24_28_djvu.txt	?	-
sim_naturwissenschaften_1936-07-17_24_29	https://archive.org/download/sim_naturwissenschaften_1936-07-17_24_29/sim_naturwissenschaften_1936-07-17_24_29_djvu.txt	?	-
sim_naturwissenschaften_1936-07-24_24_30	https://archive.org/download/sim_naturwissenschaften_1936-07-24_24_30/sim_naturwissenschaften_1936-07-24_24_30_djvu.txt	?	-
sim_naturwissenschaften_1936-07-31_24_31	https://archive.org/download/sim_naturwissenschaften_1936-07-31_24_31/sim_naturwissenschaften_1936-07-31_24_31_djvu.txt	?	-
sim_naturwissenschaften_1936-08-07_24_32	https://archive.org/download/sim_naturwissenschaften_1936-08-07_24_32/sim_naturwissenschaften_1936-08-07_24_32_djvu.txt	?	-
sim_naturwissenschaften_1936-08-14_24_33	https://archive.org/download/sim_naturwissenschaften_1936-08-14_24_33/sim_naturwissenschaften_1936-08-14_24_33_djvu.txt	?	-
sim_naturwissenschaften_1936-08-21_24_34	https://archive.org/download/sim_naturwissenschaften_1936-08-21_24_34/sim_naturwissenschaften_1936-08-21_24_34_djvu.txt	?	-
sim_naturwissenschaften_1936-08-28_24_35	https://archive.org/download/sim_naturwissenschaften_1936-08-28_24_35/sim_naturwissenschaften_1936-08-28_24_35_djvu.txt	?	-
sim_naturwissenschaften_1936-09-04_24_36	https://archive.org/download/sim_naturwissenschaften_1936-09-04_24_36/sim_naturwissenschaften_1936-09-04_24_36_djvu.txt	?	-
sim_naturwissenschaften_1936-09-11_24_37	https://archive.org/download/sim_naturwissenschaften_1936-09-11_24_37/sim_naturwissenschaften_1936-09-11_24_37_djvu.txt	?	-
sim_naturwissenschaften_1936-09-18_24_38	https://archive.org/download/sim_naturwissenschaften_1936-09-18_24_38/sim_naturwissenschaften_1936-09-18_24_38_djvu.txt	?	-
sim_naturwissenschaften_1936-09-25_24_39	https://archive.org/download/sim_naturwissenschaften_1936-09-25_24_39/sim_naturwissenschaften_1936-09-25_24_39_djvu.txt	?	-
sim_naturwissenschaften_1936-10-02_24_40	https://archive.org/download/sim_naturwissenschaften_1936-10-02_24_40/sim_naturwissenschaften_1936-10-02_24_40_djvu.txt	?	-
sim_naturwissenschaften_1936-10-09_24_41	https://archive.org/download/sim_naturwissenschaften_1936-10-09_24_41/sim_naturwissenschaften_1936-10-09_24_41_djvu.txt	?	-
sim_naturwissenschaften_1936-10-16_24_42	https://archive.org/download/sim_naturwissenschaften_1936-10-16_24_42/sim_naturwissenschaften_1936-10-16_24_42_djvu.txt	?	-
sim_naturwissenschaften_1936-10-23_24_43	https://archive.org/download/sim_naturwissenschaften_1936-10-23_24_43/sim_naturwissenschaften_1936-10-23_24_43_djvu.txt	?	-
sim_naturwissenschaften_1936-10-30_24_44	https://archive.org/download/sim_naturwissenschaften_1936-10-30_24_44/sim_naturwissenschaften_1936-10-30_24_44_djvu.txt	?	-
sim_naturwissenschaften_1936-11-06_24_45	https://archive.org/download/sim_naturwissenschaften_1936-11-06_24_45/sim_naturwissenschaften_1936-11-06_24_45_djvu.txt	?	-
sim_naturwissenschaften_1936-11-13_24_46-47	https://archive.org/download/sim_naturwissenschaften_1936-11-13_24_46-47/sim_naturwissenschaften_1936-11-13_24_46-47_djvu.txt	?	-
sim_naturwissenschaften_1936-11-27_24_48	https://archive.org/download/sim_naturwissenschaften_1936-11-27_24_48/sim_naturwissenschaften_1936-11-27_24_48_djvu.txt	?	-
sim_naturwissenschaften_1936-12-04_24_49	https://archive.org/download/sim_naturwissenschaften_1936-12-04_24_49/sim_naturwissenschaften_1936-12-04_24_49_djvu.txt	?	-
sim_naturwissenschaften_1936-12-11_24_50	https://archive.org/download/sim_naturwissenschaften_1936-12-11_24_50/sim_naturwissenschaften_1936-12-11_24_50_djvu.txt	?	-
sim_naturwissenschaften_1936-12-18_24_51	https://archive.org/download/sim_naturwissenschaften_1936-12-18_24_51/sim_naturwissenschaften_1936-12-18_24_51_djvu.txt	?	-
sim_naturwissenschaften_1936-12-25_24_52	https://archive.org/download/sim_naturwissenschaften_1936-12-25_24_52/sim_naturwissenschaften_1936-12-25_24_52_djvu.txt	?	-
sim_naturwissenschaften_1936_24_index-contents	https://archive.org/download/sim_naturwissenschaften_1936_24_index-contents/sim_naturwissenschaften_1936_24_index-contents_djvu.txt	?	-
sim_naturwissenschaften_1937-01-01_25_1	https://archive.org/download/sim_naturwissenschaften_1937-01-01_25_1/sim_naturwissenschaften_1937-01-01_25_1_djvu.txt	?	-
sim_naturwissenschaften_1937-01-08_25_2	https://archive.org/download/sim_naturwissenschaften_1937-01-08_25_2/sim_naturwissenschaften_1937-01-08_25_2_djvu.txt	?	-
sim_naturwissenschaften_1937-01-15_25_3	https://archive.org/download/sim_naturwissenschaften_1937-01-15_25_3/sim_naturwissenschaften_1937-01-15_25_3_djvu.txt	?	-
sim_naturwissenschaften_1937-01-22_25_4	https://archive.org/download/sim_naturwissenschaften_1937-01-22_25_4/sim_naturwissenschaften_1937-01-22_25_4_djvu.txt	?	-
sim_naturwissenschaften_1937-01-29_25_5	https://archive.org/download/sim_naturwissenschaften_1937-01-29_25_5/sim_naturwissenschaften_1937-01-29_25_5_djvu.txt	?	-
sim_naturwissenschaften_1937-02-05_25_6	https://archive.org/download/sim_naturwissenschaften_1937-02-05_25_6/sim_naturwissenschaften_1937-02-05_25_6_djvu.txt	?	-
sim_naturwissenschaften_1937-02-12_25_7	https://archive.org/download/sim_naturwissenschaften_1937-02-12_25_7/sim_naturwissenschaften_1937-02-12_25_7_djvu.txt	?	-
sim_naturwissenschaften_1937-02-19_25_8	https://archive.org/download/sim_naturwissenschaften_1937-02-19_25_8/sim_naturwissenschaften_1937-02-19_25_8_djvu.txt	?	-
sim_naturwissenschaften_1937-02-26_25_9	https://archive.org/download/sim_naturwissenschaften_1937-02-26_25_9/sim_naturwissenschaften_1937-02-26_25_9_djvu.txt	?	-
sim_naturwissenschaften_1937-03-05_25_10	https://archive.org/download/sim_naturwissenschaften_1937-03-05_25_10/sim_naturwissenschaften_1937-03-05_25_10_djvu.txt	?	-
sim_naturwissenschaften_1937-03-12_25_11	https://archive.org/download/sim_naturwissenschaften_1937-03-12_25_11/sim_naturwissenschaften_1937-03-12_25_11_djvu.txt	?	-
sim_naturwissenschaften_1937-03-19_25_12	https://archive.org/download/sim_naturwissenschaften_1937-03-19_25_12/sim_naturwissenschaften_1937-03-19_25_12_djvu.txt	?	-
sim_naturwissenschaften_1937-03-26_25_13	https://archive.org/download/sim_naturwissenschaften_1937-03-26_25_13/sim_naturwissenschaften_1937-03-26_25_13_djvu.txt	?	-
sim_naturwissenschaften_1937-04-02_25_14	https://archive.org/download/sim_naturwissenschaften_1937-04-02_25_14/sim_naturwissenschaften_1937-04-02_25_14_djvu.txt	?	-
sim_naturwissenschaften_1937-04-09_25_15	https://archive.org/download/sim_naturwissenschaften_1937-04-09_25_15/sim_naturwissenschaften_1937-04-09_25_15_djvu.txt	?	-
sim_naturwissenschaften_1937-04-16_25_16	https://archive.org/download/sim_naturwissenschaften_1937-04-16_25_16/sim_naturwissenschaften_1937-04-16_25_16_djvu.txt	?	-
sim_naturwissenschaften_1937-04-23_25_17	https://archive.org/download/sim_naturwissenschaften_1937-04-23_25_17/sim_naturwissenschaften_1937-04-23_25_17_djvu.txt	?	-
sim_naturwissenschaften_1937-04-30_25_18	https://archive.org/download/sim_naturwissenschaften_1937-04-30_25_18/sim_naturwissenschaften_1937-04-30_25_18_djvu.txt	?	-
sim_naturwissenschaften_1937-05-07_25_19	https://archive.org/download/sim_naturwissenschaften_1937-05-07_25_19/sim_naturwissenschaften_1937-05-07_25_19_djvu.txt	?	-
sim_naturwissenschaften_1937-05-14_25_20	https://archive.org/download/sim_naturwissenschaften_1937-05-14_25_20/sim_naturwissenschaften_1937-05-14_25_20_djvu.txt	?	-
sim_naturwissenschaften_1937-05-21_25_21	https://archive.org/download/sim_naturwissenschaften_1937-05-21_25_21/sim_naturwissenschaften_1937-05-21_25_21_djvu.txt	?	-
sim_naturwissenschaften_1937-05-28_25_22	https://archive.org/download/sim_naturwissenschaften_1937-05-28_25_22/sim_naturwissenschaften_1937-05-28_25_22_djvu.txt	?	-
sim_naturwissenschaften_1937-06-04_25_23	https://archive.org/download/sim_naturwissenschaften_1937-06-04_25_23/sim_naturwissenschaften_1937-06-04_25_23_djvu.txt	?	-
sim_naturwissenschaften_1937-06-11_25_24-25	https://archive.org/download/sim_naturwissenschaften_1937-06-11_25_24-25/sim_naturwissenschaften_1937-06-11_25_24-25_djvu.txt	?	-
sim_naturwissenschaften_1937-06-25_25_26-27	https://archive.org/download/sim_naturwissenschaften_1937-06-25_25_26-27/sim_naturwissenschaften_1937-06-25_25_26-27_djvu.txt	?	-
sim_naturwissenschaften_1937-07-09_25_28	https://archive.org/download/sim_naturwissenschaften_1937-07-09_25_28/sim_naturwissenschaften_1937-07-09_25_28_djvu.txt	?	-
sim_naturwissenschaften_1937-07-16_25_29	https://archive.org/download/sim_naturwissenschaften_1937-07-16_25_29/sim_naturwissenschaften_1937-07-16_25_29_djvu.txt	?	-
sim_naturwissenschaften_1937-07-23_25_30	https://archive.org/download/sim_naturwissenschaften_1937-07-23_25_30/sim_naturwissenschaften_1937-07-23_25_30_djvu.txt	?	-
sim_naturwissenschaften_1937-07-30_25_31	https://archive.org/download/sim_naturwissenschaften_1937-07-30_25_31/sim_naturwissenschaften_1937-07-30_25_31_djvu.txt	?	-
sim_naturwissenschaften_1937-08-06_25_32	https://archive.org/download/sim_naturwissenschaften_1937-08-06_25_32/sim_naturwissenschaften_1937-08-06_25_32_djvu.txt	?	-
sim_naturwissenschaften_1937-08-13_25_33	https://archive.org/download/sim_naturwissenschaften_1937-08-13_25_33/sim_naturwissenschaften_1937-08-13_25_33_djvu.txt	?	-
sim_naturwissenschaften_1937-08-20_25_34	https://archive.org/download/sim_naturwissenschaften_1937-08-20_25_34/sim_naturwissenschaften_1937-08-20_25_34_djvu.txt	?	-
sim_naturwissenschaften_1937-08-27_25_35	https://archive.org/download/sim_naturwissenschaften_1937-08-27_25_35/sim_naturwissenschaften_1937-08-27_25_35_djvu.txt	?	-
sim_naturwissenschaften_1937-09-03_25_36	https://archive.org/download/sim_naturwissenschaften_1937-09-03_25_36/sim_naturwissenschaften_1937-09-03_25_36_djvu.txt	?	-
sim_naturwissenschaften_1937-09-10_25_37	https://archive.org/download/sim_naturwissenschaften_1937-09-10_25_37/sim_naturwissenschaften_1937-09-10_25_37_djvu.txt	?	-
sim_naturwissenschaften_1937-09-17_25_38	https://archive.org/download/sim_naturwissenschaften_1937-09-17_25_38/sim_naturwissenschaften_1937-09-17_25_38_djvu.txt	?	-
sim_naturwissenschaften_1937-09-24_25_39	https://archive.org/download/sim_naturwissenschaften_1937-09-24_25_39/sim_naturwissenschaften_1937-09-24_25_39_djvu.txt	?	-
sim_naturwissenschaften_1937-10-01_25_40	https://archive.org/download/sim_naturwissenschaften_1937-10-01_25_40/sim_naturwissenschaften_1937-10-01_25_40_djvu.txt	?	-
sim_naturwissenschaften_1937-10-08_25_41	https://archive.org/download/sim_naturwissenschaften_1937-10-08_25_41/sim_naturwissenschaften_1937-10-08_25_41_djvu.txt	?	-
sim_naturwissenschaften_1937-10-15_25_42	https://archive.org/download/sim_naturwissenschaften_1937-10-15_25_42/sim_naturwissenschaften_1937-10-15_25_42_djvu.txt	?	-
sim_naturwissenschaften_1937-10-22_25_43	https://archive.org/download/sim_naturwissenschaften_1937-10-22_25_43/sim_naturwissenschaften_1937-10-22_25_43_djvu.txt	?	-
sim_naturwissenschaften_1937-10-29_25_44	https://archive.org/download/sim_naturwissenschaften_1937-10-29_25_44/sim_naturwissenschaften_1937-10-29_25_44_djvu.txt	?	-
sim_naturwissenschaften_1937-11-05_25_45	https://archive.org/download/sim_naturwissenschaften_1937-11-05_25_45/sim_naturwissenschaften_1937-11-05_25_45_djvu.txt	?	-
sim_naturwissenschaften_1937-11-12_25_46	https://archive.org/download/sim_naturwissenschaften_1937-11-12_25_46/sim_naturwissenschaften_1937-11-12_25_46_djvu.txt	?	-
sim_naturwissenschaften_1937-11-19_25_47	https://archive.org/download/sim_naturwissenschaften_1937-11-19_25_47/sim_naturwissenschaften_1937-11-19_25_47_djvu.txt	?	-
sim_naturwissenschaften_1937-11-26_25_48	https://archive.org/download/sim_naturwissenschaften_1937-11-26_25_48/sim_naturwissenschaften_1937-11-26_25_48_djvu.txt	?	-
sim_naturwissenschaften_1937-12-03_25_49	https://archive.org/download/sim_naturwissenschaften_1937-12-03_25_49/sim_naturwissenschaften_1937-12-03_25_49_djvu.txt	?	-
sim_naturwissenschaften_1937-12-10_25_50	https://archive.org/download/sim_naturwissenschaften_1937-12-10_25_50/sim_naturwissenschaften_1937-12-10_25_50_djvu.txt	?	-
sim_naturwissenschaften_1937-12-17_25_51	https://archive.org/download/sim_naturwissenschaften_1937-12-17_25_51/sim_naturwissenschaften_1937-12-17_25_51_djvu.txt	?	-
sim_naturwissenschaften_1937-12-24_25_52-53	https://archive.org/download/sim_naturwissenschaften_1937-12-24_25_52-53/sim_naturwissenschaften_1937-12-24_25_52-53_djvu.txt	?	-
sim_naturwissenschaften_1937_25_index-contents	https://archive.org/download/sim_naturwissenschaften_1937_25_index-contents/sim_naturwissenschaften_1937_25_index-contents_djvu.txt	?	-
sim_naturwissenschaften_1938-01-07_26_1	https://archive.org/download/sim_naturwissenschaften_1938-01-07_26_1/sim_naturwissenschaften_1938-01-07_26_1_djvu.txt	?	-
sim_naturwissenschaften_1938-01-14_26_2	https://archive.org/download/sim_naturwissenschaften_1938-01-14_26_2/sim_naturwissenschaften_1938-01-14_26_2_djvu.txt	?	-
sim_naturwissenschaften_1938-01-21_26_3	https://archive.org/download/sim_naturwissenschaften_1938-01-21_26_3/sim_naturwissenschaften_1938-01-21_26_3_djvu.txt	?	-
sim_naturwissenschaften_1938-01-28_26_4	https://archive.org/download/sim_naturwissenschaften_1938-01-28_26_4/sim_naturwissenschaften_1938-01-28_26_4_djvu.txt	?	-
sim_naturwissenschaften_1938-02-04_26_5	https://archive.org/download/sim_naturwissenschaften_1938-02-04_26_5/sim_naturwissenschaften_1938-02-04_26_5_djvu.txt	?	-
sim_naturwissenschaften_1938-02-11_26_6	https://archive.org/download/sim_naturwissenschaften_1938-02-11_26_6/sim_naturwissenschaften_1938-02-11_26_6_djvu.txt	?	-
sim_naturwissenschaften_1938-02-18_26_7	https://archive.org/download/sim_naturwissenschaften_1938-02-18_26_7/sim_naturwissenschaften_1938-02-18_26_7_djvu.txt	?	-
sim_naturwissenschaften_1938-02-25_26_8	https://archive.org/download/sim_naturwissenschaften_1938-02-25_26_8/sim_naturwissenschaften_1938-02-25_26_8_djvu.txt	?	-
sim_naturwissenschaften_1938-03-04_26_9	https://archive.org/download/sim_naturwissenschaften_1938-03-04_26_9/sim_naturwissenschaften_1938-03-04_26_9_djvu.txt	?	-
sim_naturwissenschaften_1938-03-11_26_10	https://archive.org/download/sim_naturwissenschaften_1938-03-11_26_10/sim_naturwissenschaften_1938-03-11_26_10_djvu.txt	?	-
sim_naturwissenschaften_1938-03-18_26_11	https://archive.org/download/sim_naturwissenschaften_1938-03-18_26_11/sim_naturwissenschaften_1938-03-18_26_11_djvu.txt	?	-
sim_naturwissenschaften_1938-03-25_26_12	https://archive.org/download/sim_naturwissenschaften_1938-03-25_26_12/sim_naturwissenschaften_1938-03-25_26_12_djvu.txt	?	-
sim_naturwissenschaften_1938-04-01_26_13	https://archive.org/download/sim_naturwissenschaften_1938-04-01_26_13/sim_naturwissenschaften_1938-04-01_26_13_djvu.txt	?	-
sim_naturwissenschaften_1938-04-08_26_14	https://archive.org/download/sim_naturwissenschaften_1938-04-08_26_14/sim_naturwissenschaften_1938-04-08_26_14_djvu.txt	?	-
sim_naturwissenschaften_1938-04-15_26_15	https://archive.org/download/sim_naturwissenschaften_1938-04-15_26_15/sim_naturwissenschaften_1938-04-15_26_15_djvu.txt	?	-
sim_naturwissenschaften_1938-04-22_26_16	https://archive.org/download/sim_naturwissenschaften_1938-04-22_26_16/sim_naturwissenschaften_1938-04-22_26_16_djvu.txt	?	-
sim_naturwissenschaften_1938-04-29_26_17	https://archive.org/download/sim_naturwissenschaften_1938-04-29_26_17/sim_naturwissenschaften_1938-04-29_26_17_djvu.txt	?	-
sim_naturwissenschaften_1938-05-06_26_18	https://archive.org/download/sim_naturwissenschaften_1938-05-06_26_18/sim_naturwissenschaften_1938-05-06_26_18_djvu.txt	?	-
sim_naturwissenschaften_1938-05-13_26_19	https://archive.org/download/sim_naturwissenschaften_1938-05-13_26_19/sim_naturwissenschaften_1938-05-13_26_19_djvu.txt	?	-
sim_naturwissenschaften_1938-05-20_26_20	https://archive.org/download/sim_naturwissenschaften_1938-05-20_26_20/sim_naturwissenschaften_1938-05-20_26_20_djvu.txt	?	-
sim_naturwissenschaften_1938-05-27_26_21-22	https://archive.org/download/sim_naturwissenschaften_1938-05-27_26_21-22/sim_naturwissenschaften_1938-05-27_26_21-22_djvu.txt	?	-
sim_naturwissenschaften_1938-06-10_26_23	https://archive.org/download/sim_naturwissenschaften_1938-06-10_26_23/sim_naturwissenschaften_1938-06-10_26_23_djvu.txt	?	-
sim_naturwissenschaften_1938-06-17_26_24-25	https://archive.org/download/sim_naturwissenschaften_1938-06-17_26_24-25/sim_naturwissenschaften_1938-06-17_26_24-25_djvu.txt	?	-
sim_naturwissenschaften_1938-07-01_26_26	https://archive.org/download/sim_naturwissenschaften_1938-07-01_26_26/sim_naturwissenschaften_1938-07-01_26_26_djvu.txt	?	-
sim_naturwissenschaften_1938-07-08_26_27	https://archive.org/download/sim_naturwissenschaften_1938-07-08_26_27/sim_naturwissenschaften_1938-07-08_26_27_djvu.txt	?	-
sim_naturwissenschaften_1938-07-15_26_28	https://archive.org/download/sim_naturwissenschaften_1938-07-15_26_28/sim_naturwissenschaften_1938-07-15_26_28_djvu.txt	?	-
sim_naturwissenschaften_1938-07-22_26_29	https://archive.org/download/sim_naturwissenschaften_1938-07-22_26_29/sim_naturwissenschaften_1938-07-22_26_29_djvu.txt	?	-
sim_naturwissenschaften_1938-07-29_26_30	https://archive.org/download/sim_naturwissenschaften_1938-07-29_26_30/sim_naturwissenschaften_1938-07-29_26_30_djvu.txt	?	-
sim_naturwissenschaften_1938-08-05_26_31	https://archive.org/download/sim_naturwissenschaften_1938-08-05_26_31/sim_naturwissenschaften_1938-08-05_26_31_djvu.txt	?	-
sim_naturwissenschaften_1938-08-12_26_32	https://archive.org/download/sim_naturwissenschaften_1938-08-12_26_32/sim_naturwissenschaften_1938-08-12_26_32_djvu.txt	?	-
sim_naturwissenschaften_1938-08-19_26_33	https://archive.org/download/sim_naturwissenschaften_1938-08-19_26_33/sim_naturwissenschaften_1938-08-19_26_33_djvu.txt	?	-
sim_naturwissenschaften_1938-08-26_26_34	https://archive.org/download/sim_naturwissenschaften_1938-08-26_26_34/sim_naturwissenschaften_1938-08-26_26_34_djvu.txt	?	-
sim_naturwissenschaften_1938-09-02_26_35	https://archive.org/download/sim_naturwissenschaften_1938-09-02_26_35/sim_naturwissenschaften_1938-09-02_26_35_djvu.txt	?	-
sim_naturwissenschaften_1938-09-09_26_36	https://archive.org/download/sim_naturwissenschaften_1938-09-09_26_36/sim_naturwissenschaften_1938-09-09_26_36_djvu.txt	?	-
sim_naturwissenschaften_1938-09-16_26_37	https://archive.org/download/sim_naturwissenschaften_1938-09-16_26_37/sim_naturwissenschaften_1938-09-16_26_37_djvu.txt	?	-
sim_naturwissenschaften_1938-09-23_26_38	https://archive.org/download/sim_naturwissenschaften_1938-09-23_26_38/sim_naturwissenschaften_1938-09-23_26_38_djvu.txt	?	-
sim_naturwissenschaften_1938-09-30_26_39	https://archive.org/download/sim_naturwissenschaften_1938-09-30_26_39/sim_naturwissenschaften_1938-09-30_26_39_djvu.txt	?	-
sim_naturwissenschaften_1938-10-07_26_40	https://archive.org/download/sim_naturwissenschaften_1938-10-07_26_40/sim_naturwissenschaften_1938-10-07_26_40_djvu.txt	?	-
sim_naturwissenschaften_1938-10-14_26_41	https://archive.org/download/sim_naturwissenschaften_1938-10-14_26_41/sim_naturwissenschaften_1938-10-14_26_41_djvu.txt	?	-
sim_naturwissenschaften_1938-10-21_26_42	https://archive.org/download/sim_naturwissenschaften_1938-10-21_26_42/sim_naturwissenschaften_1938-10-21_26_42_djvu.txt	?	-
sim_naturwissenschaften_1938-10-28_26_43	https://archive.org/download/sim_naturwissenschaften_1938-10-28_26_43/sim_naturwissenschaften_1938-10-28_26_43_djvu.txt	?	-
sim_naturwissenschaften_1938-11-04_26_44	https://archive.org/download/sim_naturwissenschaften_1938-11-04_26_44/sim_naturwissenschaften_1938-11-04_26_44_djvu.txt	?	-
sim_naturwissenschaften_1938-11-11_26_45	https://archive.org/download/sim_naturwissenschaften_1938-11-11_26_45/sim_naturwissenschaften_1938-11-11_26_45_djvu.txt	?	-
sim_naturwissenschaften_1938-11-18_26_46	https://archive.org/download/sim_naturwissenschaften_1938-11-18_26_46/sim_naturwissenschaften_1938-11-18_26_46_djvu.txt	?	-
sim_naturwissenschaften_1938-11-25_26_47	https://archive.org/download/sim_naturwissenschaften_1938-11-25_26_47/sim_naturwissenschaften_1938-11-25_26_47_djvu.txt	?	-
sim_naturwissenschaften_1938-12-02_26_48	https://archive.org/download/sim_naturwissenschaften_1938-12-02_26_48/sim_naturwissenschaften_1938-12-02_26_48_djvu.txt	?	-
sim_naturwissenschaften_1938-12-09_26_49	https://archive.org/download/sim_naturwissenschaften_1938-12-09_26_49/sim_naturwissenschaften_1938-12-09_26_49_djvu.txt	?	-
sim_naturwissenschaften_1938-12-16_26_50	https://archive.org/download/sim_naturwissenschaften_1938-12-16_26_50/sim_naturwissenschaften_1938-12-16_26_50_djvu.txt	?	-
sim_naturwissenschaften_1938-12-23_26_51	https://archive.org/download/sim_naturwissenschaften_1938-12-23_26_51/sim_naturwissenschaften_1938-12-23_26_51_djvu.txt	?	-
sim_naturwissenschaften_1938-12-30_26_52	https://archive.org/download/sim_naturwissenschaften_1938-12-30_26_52/sim_naturwissenschaften_1938-12-30_26_52_djvu.txt	?	-
sim_naturwissenschaften_1938_26_index-contents	https://archive.org/download/sim_naturwissenschaften_1938_26_index-contents/sim_naturwissenschaften_1938_26_index-contents_djvu.txt	?	-
sim_naturwissenschaften_1939-01-06_27_1	https://archive.org/download/sim_naturwissenschaften_1939-01-06_27_1/sim_naturwissenschaften_1939-01-06_27_1_djvu.txt	?	-
sim_naturwissenschaften_1939-01-13_27_2	https://archive.org/download/sim_naturwissenschaften_1939-01-13_27_2/sim_naturwissenschaften_1939-01-13_27_2_djvu.txt	?	-
sim_naturwissenschaften_1939-01-20_27_3	https://archive.org/download/sim_naturwissenschaften_1939-01-20_27_3/sim_naturwissenschaften_1939-01-20_27_3_djvu.txt	?	-
sim_naturwissenschaften_1939-01-27_27_4	https://archive.org/download/sim_naturwissenschaften_1939-01-27_27_4/sim_naturwissenschaften_1939-01-27_27_4_djvu.txt	?	-
sim_naturwissenschaften_1939-02-03_27_5	https://archive.org/download/sim_naturwissenschaften_1939-02-03_27_5/sim_naturwissenschaften_1939-02-03_27_5_djvu.txt	?	-
sim_naturwissenschaften_1939-02-10_27_6	https://archive.org/download/sim_naturwissenschaften_1939-02-10_27_6/sim_naturwissenschaften_1939-02-10_27_6_djvu.txt	?	-
sim_naturwissenschaften_1939-02-17_27_7	https://archive.org/download/sim_naturwissenschaften_1939-02-17_27_7/sim_naturwissenschaften_1939-02-17_27_7_djvu.txt	?	-
sim_naturwissenschaften_1939-02-24_27_8	https://archive.org/download/sim_naturwissenschaften_1939-02-24_27_8/sim_naturwissenschaften_1939-02-24_27_8_djvu.txt	?	-
sim_naturwissenschaften_1939-03-03_27_9	https://archive.org/download/sim_naturwissenschaften_1939-03-03_27_9/sim_naturwissenschaften_1939-03-03_27_9_djvu.txt	?	-
sim_naturwissenschaften_1939-03-10_27_10	https://archive.org/download/sim_naturwissenschaften_1939-03-10_27_10/sim_naturwissenschaften_1939-03-10_27_10_djvu.txt	?	-
sim_naturwissenschaften_1939-03-17_27_11	https://archive.org/download/sim_naturwissenschaften_1939-03-17_27_11/sim_naturwissenschaften_1939-03-17_27_11_djvu.txt	?	-
sim_naturwissenschaften_1939-03-24_27_12	https://archive.org/download/sim_naturwissenschaften_1939-03-24_27_12/sim_naturwissenschaften_1939-03-24_27_12_djvu.txt	?	-
sim_naturwissenschaften_1939-03-31_27_13	https://archive.org/download/sim_naturwissenschaften_1939-03-31_27_13/sim_naturwissenschaften_1939-03-31_27_13_djvu.txt	?	-
sim_naturwissenschaften_1939-04-07_27_14	https://archive.org/download/sim_naturwissenschaften_1939-04-07_27_14/sim_naturwissenschaften_1939-04-07_27_14_djvu.txt	?	-
sim_naturwissenschaften_1939-04-14_27_15	https://archive.org/download/sim_naturwissenschaften_1939-04-14_27_15/sim_naturwissenschaften_1939-04-14_27_15_djvu.txt	?	-
sim_naturwissenschaften_1939-04-21_27_16	https://archive.org/download/sim_naturwissenschaften_1939-04-21_27_16/sim_naturwissenschaften_1939-04-21_27_16_djvu.txt	?	-
sim_naturwissenschaften_1939-04-28_27_17	https://archive.org/download/sim_naturwissenschaften_1939-04-28_27_17/sim_naturwissenschaften_1939-04-28_27_17_djvu.txt	?	-
sim_naturwissenschaften_1939-05-05_27_18	https://archive.org/download/sim_naturwissenschaften_1939-05-05_27_18/sim_naturwissenschaften_1939-05-05_27_18_djvu.txt	?	-
sim_naturwissenschaften_1939-05-12_27_19	https://archive.org/download/sim_naturwissenschaften_1939-05-12_27_19/sim_naturwissenschaften_1939-05-12_27_19_djvu.txt	?	-
sim_naturwissenschaften_1939-05-19_27_20-21	https://archive.org/download/sim_naturwissenschaften_1939-05-19_27_20-21/sim_naturwissenschaften_1939-05-19_27_20-21_djvu.txt	?	-
sim_naturwissenschaften_1939-06-02_27_22	https://archive.org/download/sim_naturwissenschaften_1939-06-02_27_22/sim_naturwissenschaften_1939-06-02_27_22_djvu.txt	?	-
sim_naturwissenschaften_1939-06-09_27_23-24	https://archive.org/download/sim_naturwissenschaften_1939-06-09_27_23-24/sim_naturwissenschaften_1939-06-09_27_23-24_djvu.txt	?	-
sim_naturwissenschaften_1939-06-23_27_25	https://archive.org/download/sim_naturwissenschaften_1939-06-23_27_25/sim_naturwissenschaften_1939-06-23_27_25_djvu.txt	?	-
sim_naturwissenschaften_1939-06-30_27_26	https://archive.org/download/sim_naturwissenschaften_1939-06-30_27_26/sim_naturwissenschaften_1939-06-30_27_26_djvu.txt	?	-
sim_naturwissenschaften_december-16-23-1932_20_51	https://archive.org/download/sim_naturwissenschaften_december-16-23-1932_20_51/sim_naturwissenschaften_december-16-23-1932_20_51_djvu.txt	?	-
