# phr_ia: archive.org djvu.txt, query 'collection:pub_public-health-reports', window 1923-01-01..1939-06-30; built 2026-10-06 by src.data.ia_catalog
key	url	bytes	checksum
sim_public-health-reports_1923-01-05_38_1	https://archive.org/download/sim_public-health-reports_1923-01-05_38_1/sim_public-health-reports_1923-01-05_38_1_djvu.txt	?	-
sim_public-health-reports_1923-01-12_38_2	https://archive.org/download/sim_public-health-reports_1923-01-12_38_2/sim_public-health-reports_1923-01-12_38_2_djvu.txt	?	-
sim_public-health-reports_1923-01-19_38_3	https://archive.org/download/sim_public-health-reports_1923-01-19_38_3/sim_public-health-reports_1923-01-19_38_3_djvu.txt	?	-
sim_public-health-reports_1923-01-26_38_4	https://archive.org/download/sim_public-health-reports_1923-01-26_38_4/sim_public-health-reports_1923-01-26_38_4_djvu.txt	?	-
sim_public-health-reports_1923-02-02_38_5	https://archive.org/download/sim_public-health-reports_1923-02-02_38_5/sim_public-health-reports_1923-02-02_38_5_djvu.txt	?	-
sim_public-health-reports_1923-02-09_38_6	https://archive.org/download/sim_public-health-reports_1923-02-09_38_6/sim_public-health-reports_1923-02-09_38_6_djvu.txt	?	-
sim_public-health-reports_1923-02-16_38_7	https://archive.org/download/sim_public-health-reports_1923-02-16_38_7/sim_public-health-reports_1923-02-16_38_7_djvu.txt	?	-
sim_public-health-reports_1923-02-23_38_8	https://archive.org/download/sim_public-health-reports_1923-02-23_38_8/sim_public-health-reports_1923-02-23_38_8_djvu.txt	?	-
sim_public-health-reports_1923-03-02_38_9	https://archive.org/download/sim_public-health-reports_1923-03-02_38_9/sim_public-health-reports_1923-03-02_38_9_djvu.txt	?	-
sim_public-health-reports_1923-03-09_38_10	https://archive.org/download/sim_public-health-reports_1923-03-09_38_10/sim_public-health-reports_1923-03-09_38_10_djvu.txt	?	-
sim_public-health-reports_1923-03-16_38_11	https://archive.org/download/sim_public-health-reports_1923-03-16_38_11/sim_public-health-reports_1923-03-16_38_11_djvu.txt	?	-
sim_public-health-reports_1923-03-23_38_12	https://archive.org/download/sim_public-health-reports_1923-03-23_38_12/sim_public-health-reports_1923-03-23_38_12_djvu.txt	?	-
sim_public-health-reports_1923-03-30_38_13	https://archive.org/download/sim_public-health-reports_1923-03-30_38_13/sim_public-health-reports_1923-03-30_38_13_djvu.txt	?	-
sim_public-health-reports_1923-04-06_38_14	https://archive.org/download/sim_public-health-reports_1923-04-06_38_14/sim_public-health-reports_1923-04-06_38_14_djvu.txt	?	-
sim_public-health-reports_1923-04-13_38_15	https://archive.org/download/sim_public-health-reports_1923-04-13_38_15/sim_public-health-reports_1923-04-13_38_15_djvu.txt	?	-
sim_public-health-reports_1923-04-20_38_16	https://archive.org/download/sim_public-health-reports_1923-04-20_38_16/sim_public-health-reports_1923-04-20_38_16_djvu.txt	?	-
sim_public-health-reports_1923-04-27_38_17	https://archive.org/download/sim_public-health-reports_1923-04-27_38_17/sim_public-health-reports_1923-04-27_38_17_djvu.txt	?	-
sim_public-health-reports_1923-05-04_38_18	https://archive.org/download/sim_public-health-reports_1923-05-04_38_18/sim_public-health-reports_1923-05-04_38_18_djvu.txt	?	-
sim_public-health-reports_1923-05-11_38_19	https://archive.org/download/sim_public-health-reports_1923-05-11_38_19/sim_public-health-reports_1923-05-11_38_19_djvu.txt	?	-
sim_public-health-reports_1923-05-18_38_20	https://archive.org/download/sim_public-health-reports_1923-05-18_38_20/sim_public-health-reports_1923-05-18_38_20_djvu.txt	?	-
sim_public-health-reports_1923-05-25_38_21	https://archive.org/download/sim_public-health-reports_1923-05-25_38_21/sim_public-health-reports_1923-05-25_38_21_djvu.txt	?	-
sim_public-health-reports_1923-06-01_38_22	https://archive.org/download/sim_public-health-reports_1923-06-01_38_22/sim_public-health-reports_1923-06-01_38_22_djvu.txt	?	-
sim_public-health-reports_1923-06-08_38_23	https://archive.org/download/sim_public-health-reports_1923-06-08_38_23/sim_public-health-reports_1923-06-08_38_23_djvu.txt	?	-
sim_public-health-reports_1923-06-15_38_24	https://archive.org/download/sim_public-health-reports_1923-06-15_38_24/sim_public-health-reports_1923-06-15_38_24_djvu.txt	?	-
sim_public-health-reports_1923-06-22_38_25	https://archive.org/download/sim_public-health-reports_1923-06-22_38_25/sim_public-health-reports_1923-06-22_38_25_djvu.txt	?	-
sim_public-health-reports_1923-06-29_38_26	https://archive.org/download/sim_public-health-reports_1923-06-29_38_26/sim_public-health-reports_1923-06-29_38_26_djvu.txt	?	-
sim_public-health-reports_1923-07-06_38_27	https://archive.org/download/sim_public-health-reports_1923-07-06_38_27/sim_public-health-reports_1923-07-06_38_27_djvu.txt	?	-
sim_public-health-reports_1923-07-13_38_28	https://archive.org/download/sim_public-health-reports_1923-07-13_38_28/sim_public-health-reports_1923-07-13_38_28_djvu.txt	?	-
sim_public-health-reports_1923-07-20_38_29	https://archive.org/download/sim_public-health-reports_1923-07-20_38_29/sim_public-health-reports_1923-07-20_38_29_djvu.txt	?	-
sim_public-health-reports_1923-07-27_38_30	https://archive.org/download/sim_public-health-reports_1923-07-27_38_30/sim_public-health-reports_1923-07-27_38_30_djvu.txt	?	-
sim_public-health-reports_1923-08-03_38_31	https://archive.org/download/sim_public-health-reports_1923-08-03_38_31/sim_public-health-reports_1923-08-03_38_31_djvu.txt	?	-
sim_public-health-reports_1923-08-10_38_32	https://archive.org/download/sim_public-health-reports_1923-08-10_38_32/sim_public-health-reports_1923-08-10_38_32_djvu.txt	?	-
sim_public-health-reports_1923-08-17_38_33	https://archive.org/download/sim_public-health-reports_1923-08-17_38_33/sim_public-health-reports_1923-08-17_38_33_djvu.txt	?	-
sim_public-health-reports_1923-08-24_38_34	https://archive.org/download/sim_public-health-reports_1923-08-24_38_34/sim_public-health-reports_1923-08-24_38_34_djvu.txt	?	-
sim_public-health-reports_1923-08-31_38_35	https://archive.org/download/sim_public-health-reports_1923-08-31_38_35/sim_public-health-reports_1923-08-31_38_35_djvu.txt	?	-
sim_public-health-reports_1923-09-07_38_36	https://archive.org/download/sim_public-health-reports_1923-09-07_38_36/sim_public-health-reports_1923-09-07_38_36_djvu.txt	?	-
sim_public-health-reports_1923-09-14_38_37	https://archive.org/download/sim_public-health-reports_1923-09-14_38_37/sim_public-health-reports_1923-09-14_38_37_djvu.txt	?	-
sim_public-health-reports_1923-09-21_38_38	https://archive.org/download/sim_public-health-reports_1923-09-21_38_38/sim_public-health-reports_1923-09-21_38_38_djvu.txt	?	-
sim_public-health-reports_1923-09-28_38_39	https://archive.org/download/sim_public-health-reports_1923-09-28_38_39/sim_public-health-reports_1923-09-28_38_39_djvu.txt	?	-
sim_public-health-reports_1923-10-05_38_40	https://archive.org/download/sim_public-health-reports_1923-10-05_38_40/sim_public-health-reports_1923-10-05_38_40_djvu.txt	?	-
sim_public-health-reports_1923-10-12_38_41	https://archive.org/download/sim_public-health-reports_1923-10-12_38_41/sim_public-health-reports_1923-10-12_38_41_djvu.txt	?	-
sim_public-health-reports_1923-10-19_38_42	https://archive.org/download/sim_public-health-reports_1923-10-19_38_42/sim_public-health-reports_1923-10-19_38_42_djvu.txt	?	-
sim_public-health-reports_1923-10-26_38_43	https://archive.org/download/sim_public-health-reports_1923-10-26_38_43/sim_public-health-reports_1923-10-26_38_43_djvu.txt	?	-
sim_public-health-reports_1923-11-02_38_44	https://archive.org/download/sim_public-health-reports_1923-11-02_38_44/sim_public-health-reports_1923-11-02_38_44_djvu.txt	?	-
sim_public-health-reports_1923-11-09_38_45	https://archive.org/download/sim_public-health-reports_1923-11-09_38_45/sim_public-health-reports_1923-11-09_38_45_djvu.txt	?	-
sim_public-health-reports_1923-11-16_38_46	https://archive.org/download/sim_public-health-reports_1923-11-16_38_46/sim_public-health-reports_1923-11-16_38_46_djvu.txt	?	-
sim_public-health-reports_1923-11-23_38_47	https://archive.org/download/sim_public-health-reports_1923-11-23_38_47/sim_public-health-reports_1923-11-23_38_47_djvu.txt	?	-
sim_public-health-reports_1923-11-30_38_48	https://archive.org/download/sim_public-health-reports_1923-11-30_38_48/sim_public-health-reports_1923-11-30_38_48_djvu.txt	?	-
sim_public-health-reports_1923-12-07_38_49	https://archive.org/download/sim_public-health-reports_1923-12-07_38_49/sim_public-health-reports_1923-12-07_38_49_djvu.txt	?	-
sim_public-health-reports_1923-12-14_38_50	https://archive.org/download/sim_public-health-reports_1923-12-14_38_50/sim_public-health-reports_1923-12-14_38_50_djvu.txt	?	-
sim_public-health-reports_1923-12-21_38_51	https://archive.org/download/sim_public-health-reports_1923-12-21_38_51/sim_public-health-reports_1923-12-21_38_51_djvu.txt	?	-
sim_public-health-reports_1923-12-28_38_52	https://archive.org/download/sim_public-health-reports_1923-12-28_38_52/sim_public-health-reports_1923-12-28_38_52_djvu.txt	?	-
sim_public-health-reports_1923_index	https://archive.org/download/sim_public-health-reports_1923_index/sim_public-health-reports_1923_index_djvu.txt	?	-
sim_public-health-reports_1923_supplement-43	https://archive.org/download/sim_public-health-reports_1923_supplement-43/sim_public-health-reports_1923_supplement-43_djvu.txt	?	-
sim_public-health-reports_1924-01-04_39_1	https://archive.org/download/sim_public-health-reports_1924-01-04_39_1/sim_public-health-reports_1924-01-04_39_1_djvu.txt	?	-
sim_public-health-reports_1924-01-11_39_2	https://archive.org/download/sim_public-health-reports_1924-01-11_39_2/sim_public-health-reports_1924-01-11_39_2_djvu.txt	?	-
sim_public-health-reports_1924-01-18_39_3	https://archive.org/download/sim_public-health-reports_1924-01-18_39_3/sim_public-health-reports_1924-01-18_39_3_djvu.txt	?	-
sim_public-health-reports_1924-01-25_39_4	https://archive.org/download/sim_public-health-reports_1924-01-25_39_4/sim_public-health-reports_1924-01-25_39_4_djvu.txt	?	-
sim_public-health-reports_1924-02-01_39_5	https://archive.org/download/sim_public-health-reports_1924-02-01_39_5/sim_public-health-reports_1924-02-01_39_5_djvu.txt	?	-
sim_public-health-reports_1924-02-08_39_6	https://archive.org/download/sim_public-health-reports_1924-02-08_39_6/sim_public-health-reports_1924-02-08_39_6_djvu.txt	?	-
sim_public-health-reports_1924-02-15_39_7	https://archive.org/download/sim_public-health-reports_1924-02-15_39_7/sim_public-health-reports_1924-02-15_39_7_djvu.txt	?	-
sim_public-health-reports_1924-02-22_39_8	https://archive.org/download/sim_public-health-reports_1924-02-22_39_8/sim_public-health-reports_1924-02-22_39_8_djvu.txt	?	-
sim_public-health-reports_1924-02-29_39_9	https://archive.org/download/sim_public-health-reports_1924-02-29_39_9/sim_public-health-reports_1924-02-29_39_9_djvu.txt	?	-
sim_public-health-reports_1924-03-07_39_10	https://archive.org/download/sim_public-health-reports_1924-03-07_39_10/sim_public-health-reports_1924-03-07_39_10_djvu.txt	?	-
sim_public-health-reports_1924-03-14_39_11	https://archive.org/download/sim_public-health-reports_1924-03-14_39_11/sim_public-health-reports_1924-03-14_39_11_djvu.txt	?	-
sim_public-health-reports_1924-03-21_39_12	https://archive.org/download/sim_public-health-reports_1924-03-21_39_12/sim_public-health-reports_1924-03-21_39_12_djvu.txt	?	-
sim_public-health-reports_1924-03-28_39_13	https://archive.org/download/sim_public-health-reports_1924-03-28_39_13/sim_public-health-reports_1924-03-28_39_13_djvu.txt	?	-
sim_public-health-reports_1924-04-04_39_14	https://archive.org/download/sim_public-health-reports_1924-04-04_39_14/sim_public-health-reports_1924-04-04_39_14_djvu.txt	?	-
sim_public-health-reports_1924-04-11_39_15	https://archive.org/download/sim_public-health-reports_1924-04-11_39_15/sim_public-health-reports_1924-04-11_39_15_djvu.txt	?	-
sim_public-health-reports_1924-04-18_39_16	https://archive.org/download/sim_public-health-reports_1924-04-18_39_16/sim_public-health-reports_1924-04-18_39_16_djvu.txt	?	-
sim_public-health-reports_1924-04-25_39_17	https://archive.org/download/sim_public-health-reports_1924-04-25_39_17/sim_public-health-reports_1924-04-25_39_17_djvu.txt	?	-
sim_public-health-reports_1924-05-02_39_18	https://archive.org/download/sim_public-health-reports_1924-05-02_39_18/sim_public-health-reports_1924-05-02_39_18_djvu.txt	?	-
sim_public-health-reports_1924-05-09_39_19	https://archive.org/download/sim_public-health-reports_1924-05-09_39_19/sim_public-health-reports_1924-05-09_39_19_djvu.txt	?	-
sim_public-health-reports_1924-05-16_39_20	https://archive.org/download/sim_public-health-reports_1924-05-16_39_20/sim_public-health-reports_1924-05-16_39_20_djvu.txt	?	-
sim_public-health-reports_1924-05-16_supplement-46	https://archive.org/download/sim_public-health-reports_1924-05-16_supplement-46/sim_public-health-reports_1924-05-16_supplement-46_djvu.txt	?	-
sim_public-health-reports_1924-05-23_39_21	https://archive.org/download/sim_public-health-reports_1924-05-23_39_21/sim_public-health-reports_1924-05-23_39_21_djvu.txt	?	-
sim_public-health-reports_1924-05-30_39_22	https://archive.org/download/sim_public-health-reports_1924-05-30_39_22/sim_public-health-reports_1924-05-30_39_22_djvu.txt	?	-
sim_public-health-reports_1924-06-06_39_23	https://archive.org/download/sim_public-health-reports_1924-06-06_39_23/sim_public-health-reports_1924-06-06_39_23_djvu.txt	?	-
sim_public-health-reports_1924-06-13_39_24	https://archive.org/download/sim_public-health-reports_1924-06-13_39_24/sim_public-health-reports_1924-06-13_39_24_djvu.txt	?	-
sim_public-health-reports_1924-06-20_39_25	https://archive.org/download/sim_public-health-reports_1924-06-20_39_25/sim_public-health-reports_1924-06-20_39_25_djvu.txt	?	-
sim_public-health-reports_1924-06-27_39_26	https://archive.org/download/sim_public-health-reports_1924-06-27_39_26/sim_public-health-reports_1924-06-27_39_26_djvu.txt	?	-
sim_public-health-reports_1924-07-04_39_27	https://archive.org/download/sim_public-health-reports_1924-07-04_39_27/sim_public-health-reports_1924-07-04_39_27_djvu.txt	?	-
sim_public-health-reports_1924-07-11_39_28	https://archive.org/download/sim_public-health-reports_1924-07-11_39_28/sim_public-health-reports_1924-07-11_39_28_djvu.txt	?	-
sim_public-health-reports_1924-07-18_39_29	https://archive.org/download/sim_public-health-reports_1924-07-18_39_29/sim_public-health-reports_1924-07-18_39_29_djvu.txt	?	-
sim_public-health-reports_1924-07-25_39_30	https://archive.org/download/sim_public-health-reports_1924-07-25_39_30/sim_public-health-reports_1924-07-25_39_30_djvu.txt	?	-
sim_public-health-reports_1924-08-01_39_31	https://archive.org/download/sim_public-health-reports_1924-08-01_39_31/sim_public-health-reports_1924-08-01_39_31_djvu.txt	?	-
sim_public-health-reports_1924-08-08_39_32	https://archive.org/download/sim_public-health-reports_1924-08-08_39_32/sim_public-health-reports_1924-08-08_39_32_djvu.txt	?	-
sim_public-health-reports_1924-08-15_39_33	https://archive.org/download/sim_public-health-reports_1924-08-15_39_33/sim_public-health-reports_1924-08-15_39_33_djvu.txt	?	-
sim_public-health-reports_1924-08-22_39_34	https://archive.org/download/sim_public-health-reports_1924-08-22_39_34/sim_public-health-reports_1924-08-22_39_34_djvu.txt	?	-
sim_public-health-reports_1924-08-29_39_35	https://archive.org/download/sim_public-health-reports_1924-08-29_39_35/sim_public-health-reports_1924-08-29_39_35_djvu.txt	?	-
sim_public-health-reports_1924-09-05_39_36	https://archive.org/download/sim_public-health-reports_1924-09-05_39_36/sim_public-health-reports_1924-09-05_39_36_djvu.txt	?	-
sim_public-health-reports_1924-09-12_39_37	https://archive.org/download/sim_public-health-reports_1924-09-12_39_37/sim_public-health-reports_1924-09-12_39_37_djvu.txt	?	-
sim_public-health-reports_1924-09-19_39_38	https://archive.org/download/sim_public-health-reports_1924-09-19_39_38/sim_public-health-reports_1924-09-19_39_38_djvu.txt	?	-
sim_public-health-reports_1924-09-26_39_39	https://archive.org/download/sim_public-health-reports_1924-09-26_39_39/sim_public-health-reports_1924-09-26_39_39_djvu.txt	?	-
sim_public-health-reports_1924-10-03_39_40	https://archive.org/download/sim_public-health-reports_1924-10-03_39_40/sim_public-health-reports_1924-10-03_39_40_djvu.txt	?	-
sim_public-health-reports_1924-10-10_39_41	https://archive.org/download/sim_public-health-reports_1924-10-10_39_41/sim_public-health-reports_1924-10-10_39_41_djvu.txt	?	-
sim_public-health-reports_1924-10-17_39_42	https://archive.org/download/sim_public-health-reports_1924-10-17_39_42/sim_public-health-reports_1924-10-17_39_42_djvu.txt	?	-
sim_public-health-reports_1924-10-24_39_43	https://archive.org/download/sim_public-health-reports_1924-10-24_39_43/sim_public-health-reports_1924-10-24_39_43_djvu.txt	?	-
sim_public-health-reports_1924-10-31_39_44	https://archive.org/download/sim_public-health-reports_1924-10-31_39_44/sim_public-health-reports_1924-10-31_39_44_djvu.txt	?	-
sim_public-health-reports_1924-11-07_39_45	https://archive.org/download/sim_public-health-reports_1924-11-07_39_45/sim_public-health-reports_1924-11-07_39_45_djvu.txt	?	-
sim_public-health-reports_1924-11-14_39_46	https://archive.org/download/sim_public-health-reports_1924-11-14_39_46/sim_public-health-reports_1924-11-14_39_46_djvu.txt	?	-
sim_public-health-reports_1924-11-21_39_47	https://archive.org/download/sim_public-health-reports_1924-11-21_39_47/sim_public-health-reports_1924-11-21_39_47_djvu.txt	?	-
sim_public-health-reports_1924-11-28_39_48	https://archive.org/download/sim_public-health-reports_1924-11-28_39_48/sim_public-health-reports_1924-11-28_39_48_djvu.txt	?	-
sim_public-health-reports_1924-12-05_39_49	https://archive.org/download/sim_public-health-reports_1924-12-05_39_49/sim_public-health-reports_1924-12-05_39_49_djvu.txt	?	-
sim_public-health-reports_1924-12-12_39_50	https://archive.org/download/sim_public-health-reports_1924-12-12_39_50/sim_public-health-reports_1924-12-12_39_50_djvu.txt	?	-
sim_public-health-reports_1924-12-19_39_51	https://archive.org/download/sim_public-health-reports_1924-12-19_39_51/sim_public-health-reports_1924-12-19_39_51_djvu.txt	?	-
sim_public-health-reports_1924-12-26_39_52	https://archive.org/download/sim_public-health-reports_1924-12-26_39_52/sim_public-health-reports_1924-12-26_39_52_djvu.txt	?	-
sim_public-health-reports_1924_index	https://archive.org/download/sim_public-health-reports_1924_index/sim_public-health-reports_1924_index_djvu.txt	?	-
sim_public-health-reports_1924_index_0	https://archive.org/download/sim_public-health-reports_1924_index_0/sim_public-health-reports_1924_index_0_djvu.txt	?	-
sim_public-health-reports_1924_supplement-44	https://archive.org/download/sim_public-health-reports_1924_supplement-44/sim_public-health-reports_1924_supplement-44_djvu.txt	?	-
sim_public-health-reports_1924_supplement-45	https://archive.org/download/sim_public-health-reports_1924_supplement-45/sim_public-health-reports_1924_supplement-45_djvu.txt	?	-
sim_public-health-reports_1924_supplement-48	https://archive.org/download/sim_public-health-reports_1924_supplement-48/sim_public-health-reports_1924_supplement-48_djvu.txt	?	-
sim_public-health-reports_1925-01-02_40_1	https://archive.org/download/sim_public-health-reports_1925-01-02_40_1/sim_public-health-reports_1925-01-02_40_1_djvu.txt	?	-
sim_public-health-reports_1925-01-09_40_2	https://archive.org/download/sim_public-health-reports_1925-01-09_40_2/sim_public-health-reports_1925-01-09_40_2_djvu.txt	?	-
sim_public-health-reports_1925-01-16_40_3	https://archive.org/download/sim_public-health-reports_1925-01-16_40_3/sim_public-health-reports_1925-01-16_40_3_djvu.txt	?	-
sim_public-health-reports_1925-01-23_40_4	https://archive.org/download/sim_public-health-reports_1925-01-23_40_4/sim_public-health-reports_1925-01-23_40_4_djvu.txt	?	-
sim_public-health-reports_1925-01-30_40_5	https://archive.org/download/sim_public-health-reports_1925-01-30_40_5/sim_public-health-reports_1925-01-30_40_5_djvu.txt	?	-
sim_public-health-reports_1925-02-06_40_6	https://archive.org/download/sim_public-health-reports_1925-02-06_40_6/sim_public-health-reports_1925-02-06_40_6_djvu.txt	?	-
sim_public-health-reports_1925-02-13_40_7	https://archive.org/download/sim_public-health-reports_1925-02-13_40_7/sim_public-health-reports_1925-02-13_40_7_djvu.txt	?	-
sim_public-health-reports_1925-02-20_40_8	https://archive.org/download/sim_public-health-reports_1925-02-20_40_8/sim_public-health-reports_1925-02-20_40_8_djvu.txt	?	-
sim_public-health-reports_1925-02-27_40_9	https://archive.org/download/sim_public-health-reports_1925-02-27_40_9/sim_public-health-reports_1925-02-27_40_9_djvu.txt	?	-
sim_public-health-reports_1925-03-06_40_10	https://archive.org/download/sim_public-health-reports_1925-03-06_40_10/sim_public-health-reports_1925-03-06_40_10_djvu.txt	?	-
sim_public-health-reports_1925-03-13_40_11	https://archive.org/download/sim_public-health-reports_1925-03-13_40_11/sim_public-health-reports_1925-03-13_40_11_djvu.txt	?	-
sim_public-health-reports_1925-03-20_40_12	https://archive.org/download/sim_public-health-reports_1925-03-20_40_12/sim_public-health-reports_1925-03-20_40_12_djvu.txt	?	-
sim_public-health-reports_1925-03-27_40_13	https://archive.org/download/sim_public-health-reports_1925-03-27_40_13/sim_public-health-reports_1925-03-27_40_13_djvu.txt	?	-
sim_public-health-reports_1925-04-03_40_14	https://archive.org/download/sim_public-health-reports_1925-04-03_40_14/sim_public-health-reports_1925-04-03_40_14_djvu.txt	?	-
sim_public-health-reports_1925-04-10_40_15	https://archive.org/download/sim_public-health-reports_1925-04-10_40_15/sim_public-health-reports_1925-04-10_40_15_djvu.txt	?	-
sim_public-health-reports_1925-04-17_40_16	https://archive.org/download/sim_public-health-reports_1925-04-17_40_16/sim_public-health-reports_1925-04-17_40_16_djvu.txt	?	-
sim_public-health-reports_1925-04-24_40_17	https://archive.org/download/sim_public-health-reports_1925-04-24_40_17/sim_public-health-reports_1925-04-24_40_17_djvu.txt	?	-
sim_public-health-reports_1925-05-01_40_18	https://archive.org/download/sim_public-health-reports_1925-05-01_40_18/sim_public-health-reports_1925-05-01_40_18_djvu.txt	?	-
sim_public-health-reports_1925-05-08_40_19	https://archive.org/download/sim_public-health-reports_1925-05-08_40_19/sim_public-health-reports_1925-05-08_40_19_djvu.txt	?	-
sim_public-health-reports_1925-05-15_40_20	https://archive.org/download/sim_public-health-reports_1925-05-15_40_20/sim_public-health-reports_1925-05-15_40_20_djvu.txt	?	-
sim_public-health-reports_1925-05-22_40_21	https://archive.org/download/sim_public-health-reports_1925-05-22_40_21/sim_public-health-reports_1925-05-22_40_21_djvu.txt	?	-
sim_public-health-reports_1925-05-29_40_22	https://archive.org/download/sim_public-health-reports_1925-05-29_40_22/sim_public-health-reports_1925-05-29_40_22_djvu.txt	?	-
sim_public-health-reports_1925-06-05_40_23	https://archive.org/download/sim_public-health-reports_1925-06-05_40_23/sim_public-health-reports_1925-06-05_40_23_djvu.txt	?	-
sim_public-health-reports_1925-06-12_40_24	https://archive.org/download/sim_public-health-reports_1925-06-12_40_24/sim_public-health-reports_1925-06-12_40_24_djvu.txt	?	-
sim_public-health-reports_1925-06-19_40_25	https://archive.org/download/sim_public-health-reports_1925-06-19_40_25/sim_public-health-reports_1925-06-19_40_25_djvu.txt	?	-
sim_public-health-reports_1925-06-26_40_26	https://archive.org/download/sim_public-health-reports_1925-06-26_40_26/sim_public-health-reports_1925-06-26_40_26_djvu.txt	?	-
sim_public-health-reports_1925-07-03_40_27	https://archive.org/download/sim_public-health-reports_1925-07-03_40_27/sim_public-health-reports_1925-07-03_40_27_djvu.txt	?	-
sim_public-health-reports_1925-07-10_40_28	https://archive.org/download/sim_public-health-reports_1925-07-10_40_28/sim_public-health-reports_1925-07-10_40_28_djvu.txt	?	-
sim_public-health-reports_1925-07-17_40_29	https://archive.org/download/sim_public-health-reports_1925-07-17_40_29/sim_public-health-reports_1925-07-17_40_29_djvu.txt	?	-
sim_public-health-reports_1925-07-24_40_30	https://archive.org/download/sim_public-health-reports_1925-07-24_40_30/sim_public-health-reports_1925-07-24_40_30_djvu.txt	?	-
sim_public-health-reports_1925-07-31_40_31	https://archive.org/download/sim_public-health-reports_1925-07-31_40_31/sim_public-health-reports_1925-07-31_40_31_djvu.txt	?	-
sim_public-health-reports_1925-08-07_40_32	https://archive.org/download/sim_public-health-reports_1925-08-07_40_32/sim_public-health-reports_1925-08-07_40_32_djvu.txt	?	-
sim_public-health-reports_1925-08-14_40_33	https://archive.org/download/sim_public-health-reports_1925-08-14_40_33/sim_public-health-reports_1925-08-14_40_33_djvu.txt	?	-
sim_public-health-reports_1925-08-21_40_34	https://archive.org/download/sim_public-health-reports_1925-08-21_40_34/sim_public-health-reports_1925-08-21_40_34_djvu.txt	?	-
sim_public-health-reports_1925-08-28_40_35	https://archive.org/download/sim_public-health-reports_1925-08-28_40_35/sim_public-health-reports_1925-08-28_40_35_djvu.txt	?	-
sim_public-health-reports_1925-09-04_40_36	https://archive.org/download/sim_public-health-reports_1925-09-04_40_36/sim_public-health-reports_1925-09-04_40_36_djvu.txt	?	-
sim_public-health-reports_1925-09-11_40_37	https://archive.org/download/sim_public-health-reports_1925-09-11_40_37/sim_public-health-reports_1925-09-11_40_37_djvu.txt	?	-
sim_public-health-reports_1925-09-18_40_38	https://archive.org/download/sim_public-health-reports_1925-09-18_40_38/sim_public-health-reports_1925-09-18_40_38_djvu.txt	?	-
sim_public-health-reports_1925-09-25_40_39	https://archive.org/download/sim_public-health-reports_1925-09-25_40_39/sim_public-health-reports_1925-09-25_40_39_djvu.txt	?	-
sim_public-health-reports_1925-10-02_40_40	https://archive.org/download/sim_public-health-reports_1925-10-02_40_40/sim_public-health-reports_1925-10-02_40_40_djvu.txt	?	-
sim_public-health-reports_1925-10-09_40_41	https://archive.org/download/sim_public-health-reports_1925-10-09_40_41/sim_public-health-reports_1925-10-09_40_41_djvu.txt	?	-
sim_public-health-reports_1925-10-16_40_42	https://archive.org/download/sim_public-health-reports_1925-10-16_40_42/sim_public-health-reports_1925-10-16_40_42_djvu.txt	?	-
sim_public-health-reports_1925-10-23_40_43	https://archive.org/download/sim_public-health-reports_1925-10-23_40_43/sim_public-health-reports_1925-10-23_40_43_djvu.txt	?	-
sim_public-health-reports_1925-10-30_40_44	https://archive.org/download/sim_public-health-reports_1925-10-30_40_44/sim_public-health-reports_1925-10-30_40_44_djvu.txt	?	-
sim_public-health-reports_1925-11-06_40_45	https://archive.org/download/sim_public-health-reports_1925-11-06_40_45/sim_public-health-reports_1925-11-06_40_45_djvu.txt	?	-
sim_public-health-reports_1925-11-13_40_46	https://archive.org/download/sim_public-health-reports_1925-11-13_40_46/sim_public-health-reports_1925-11-13_40_46_djvu.txt	?	-
sim_public-health-reports_1925-11-20_40_47	https://archive.org/download/sim_public-health-reports_1925-11-20_40_47/sim_public-health-reports_1925-11-20_40_47_djvu.txt	?	-
sim_public-health-reports_1925-11-27_40_48	https://archive.org/download/sim_public-health-reports_1925-11-27_40_48/sim_public-health-reports_1925-11-27_40_48_djvu.txt	?	-
sim_public-health-reports_1925-12-04_40_49	https://archive.org/download/sim_public-health-reports_1925-12-04_40_49/sim_public-health-reports_1925-12-04_40_49_djvu.txt	?	-
sim_public-health-reports_1925-12-11_40_50	https://archive.org/download/sim_public-health-reports_1925-12-11_40_50/sim_public-health-reports_1925-12-11_40_50_djvu.txt	?	-
sim_public-health-reports_1925-12-18_40_51	https://archive.org/download/sim_public-health-reports_1925-12-18_40_51/sim_public-health-reports_1925-12-18_40_51_djvu.txt	?	-
sim_public-health-reports_1925-12-25_40_52	https://archive.org/download/sim_public-health-reports_1925-12-25_40_52/sim_public-health-reports_1925-12-25_40_52_djvu.txt	?	-
sim_public-health-reports_1925_index	https://archive.org/download/sim_public-health-reports_1925_index/sim_public-health-reports_1925_index_djvu.txt	?	-
sim_public-health-reports_1925_index_0	https://archive.org/download/sim_public-health-reports_1925_index_0/sim_public-health-reports_1925_index_0_djvu.txt	?	-
sim_public-health-reports_1925_index_1	https://archive.org/download/sim_public-health-reports_1925_index_1/sim_public-health-reports_1925_index_1_djvu.txt	?	-
sim_public-health-reports_1925_supplement-47	https://archive.org/download/sim_public-health-reports_1925_supplement-47/sim_public-health-reports_1925_supplement-47_djvu.txt	?	-
sim_public-health-reports_1925_supplement-49	https://archive.org/download/sim_public-health-reports_1925_supplement-49/sim_public-health-reports_1925_supplement-49_djvu.txt	?	-
sim_public-health-reports_1925_supplement-50	https://archive.org/download/sim_public-health-reports_1925_supplement-50/sim_public-health-reports_1925_supplement-50_djvu.txt	?	-
sim_public-health-reports_1925_supplement-51	https://archive.org/download/sim_public-health-reports_1925_supplement-51/sim_public-health-reports_1925_supplement-51_djvu.txt	?	-
sim_public-health-reports_1925_supplement-52	https://archive.org/download/sim_public-health-reports_1925_supplement-52/sim_public-health-reports_1925_supplement-52_djvu.txt	?	-
sim_public-health-reports_1925_supplement-53	https://archive.org/download/sim_public-health-reports_1925_supplement-53/sim_public-health-reports_1925_supplement-53_djvu.txt	?	-
sim_public-health-reports_1926-01-01_41_1	https://archive.org/download/sim_public-health-reports_1926-01-01_41_1/sim_public-health-reports_1926-01-01_41_1_djvu.txt	?	-
sim_public-health-reports_1926-01-08_41_2	https://archive.org/download/sim_public-health-reports_1926-01-08_41_2/sim_public-health-reports_1926-01-08_41_2_djvu.txt	?	-
sim_public-health-reports_1926-01-15_41_3	https://archive.org/download/sim_public-health-reports_1926-01-15_41_3/sim_public-health-reports_1926-01-15_41_3_djvu.txt	?	-
sim_public-health-reports_1926-01-22_41_4	https://archive.org/download/sim_public-health-reports_1926-01-22_41_4/sim_public-health-reports_1926-01-22_41_4_djvu.txt	?	-
sim_public-health-reports_1926-01-29_41_5	https://archive.org/download/sim_public-health-reports_1926-01-29_41_5/sim_public-health-reports_1926-01-29_41_5_djvu.txt	?	-
sim_public-health-reports_1926-02-05_41_6	https://archive.org/download/sim_public-health-reports_1926-02-05_41_6/sim_public-health-reports_1926-02-05_41_6_djvu.txt	?	-
sim_public-health-reports_1926-02-12_41_7	https://archive.org/download/sim_public-health-reports_1926-02-12_41_7/sim_public-health-reports_1926-02-12_41_7_djvu.txt	?	-
sim_public-health-reports_1926-02-19_41_8	https://archive.org/download/sim_public-health-reports_1926-02-19_41_8/sim_public-health-reports_1926-02-19_41_8_djvu.txt	?	-
sim_public-health-reports_1926-02-26_41_9	https://archive.org/download/sim_public-health-reports_1926-02-26_41_9/sim_public-health-reports_1926-02-26_41_9_djvu.txt	?	-
sim_public-health-reports_1926-03-05_41_10	https://archive.org/download/sim_public-health-reports_1926-03-05_41_10/sim_public-health-reports_1926-03-05_41_10_djvu.txt	?	-
sim_public-health-reports_1926-03-12_41_11	https://archive.org/download/sim_public-health-reports_1926-03-12_41_11/sim_public-health-reports_1926-03-12_41_11_djvu.txt	?	-
sim_public-health-reports_1926-03-19_41_12	https://archive.org/download/sim_public-health-reports_1926-03-19_41_12/sim_public-health-reports_1926-03-19_41_12_djvu.txt	?	-
sim_public-health-reports_1926-03-26_41_13	https://archive.org/download/sim_public-health-reports_1926-03-26_41_13/sim_public-health-reports_1926-03-26_41_13_djvu.txt	?	-
sim_public-health-reports_1926-04-02_41_14	https://archive.org/download/sim_public-health-reports_1926-04-02_41_14/sim_public-health-reports_1926-04-02_41_14_djvu.txt	?	-
sim_public-health-reports_1926-04-09_41_15	https://archive.org/download/sim_public-health-reports_1926-04-09_41_15/sim_public-health-reports_1926-04-09_41_15_djvu.txt	?	-
sim_public-health-reports_1926-04-16_41_16	https://archive.org/download/sim_public-health-reports_1926-04-16_41_16/sim_public-health-reports_1926-04-16_41_16_djvu.txt	?	-
sim_public-health-reports_1926-04-23_41_17	https://archive.org/download/sim_public-health-reports_1926-04-23_41_17/sim_public-health-reports_1926-04-23_41_17_djvu.txt	?	-
sim_public-health-reports_1926-04-30_41_18	https://archive.org/download/sim_public-health-reports_1926-04-30_41_18/sim_public-health-reports_1926-04-30_41_18_djvu.txt	?	-
sim_public-health-reports_1926-05-07_41_19	https://archive.org/download/sim_public-health-reports_1926-05-07_41_19/sim_public-health-reports_1926-05-07_41_19_djvu.txt	?	-
sim_public-health-reports_1926-05-14_41_20	https://archive.org/download/sim_public-health-reports_1926-05-14_41_20/sim_public-health-reports_1926-05-14_41_20_djvu.txt	?	-
sim_public-health-reports_1926-05-21_41_21	https://archive.org/download/sim_public-health-reports_1926-05-21_41_21/sim_public-health-reports_1926-05-21_41_21_djvu.txt	?	-
sim_public-health-reports_1926-05-28_41_22	https://archive.org/download/sim_public-health-reports_1926-05-28_41_22/sim_public-health-reports_1926-05-28_41_22_djvu.txt	?	-
sim_public-health-reports_1926-06-04_41_23	https://archive.org/download/sim_public-health-reports_1926-06-04_41_23/sim_public-health-reports_1926-06-04_41_23_djvu.txt	?	-
sim_public-health-reports_1926-06-11_41_24	https://archive.org/download/sim_public-health-reports_1926-06-11_41_24/sim_public-health-reports_1926-06-11_41_24_djvu.txt	?	-
sim_public-health-reports_1926-06-18_41_25	https://archive.org/download/sim_public-health-reports_1926-06-18_41_25/sim_public-health-reports_1926-06-18_41_25_djvu.txt	?	-
sim_public-health-reports_1926-06-25_41_26	https://archive.org/download/sim_public-health-reports_1926-06-25_41_26/sim_public-health-reports_1926-06-25_41_26_djvu.txt	?	-
sim_public-health-reports_1926-07-02_41_27	https://archive.org/download/sim_public-health-reports_1926-07-02_41_27/sim_public-health-reports_1926-07-02_41_27_djvu.txt	?	-
sim_public-health-reports_1926-07-09_41_28	https://archive.org/download/sim_public-health-reports_1926-07-09_41_28/sim_public-health-reports_1926-07-09_41_28_djvu.txt	?	-
sim_public-health-reports_1926-07-16_41_29	https://archive.org/download/sim_public-health-reports_1926-07-16_41_29/sim_public-health-reports_1926-07-16_41_29_djvu.txt	?	-
sim_public-health-reports_1926-07-23_41_30	https://archive.org/download/sim_public-health-reports_1926-07-23_41_30/sim_public-health-reports_1926-07-23_41_30_djvu.txt	?	-
sim_public-health-reports_1926-07-30_41_31	https://archive.org/download/sim_public-health-reports_1926-07-30_41_31/sim_public-health-reports_1926-07-30_41_31_djvu.txt	?	-
sim_public-health-reports_1926-08-06_41_32	https://archive.org/download/sim_public-health-reports_1926-08-06_41_32/sim_public-health-reports_1926-08-06_41_32_djvu.txt	?	-
sim_public-health-reports_1926-08-13_41_33	https://archive.org/download/sim_public-health-reports_1926-08-13_41_33/sim_public-health-reports_1926-08-13_41_33_djvu.txt	?	-
sim_public-health-reports_1926-08-20_41_34	https://archive.org/download/sim_public-health-reports_1926-08-20_41_34/sim_public-health-reports_1926-08-20_41_34_djvu.txt	?	-
sim_public-health-reports_1926-08-27_41_35	https://archive.org/download/sim_public-health-reports_1926-08-27_41_35/sim_public-health-reports_1926-08-27_41_35_djvu.txt	?	-
sim_public-health-reports_1926-09-03_41_36	https://archive.org/download/sim_public-health-reports_1926-09-03_41_36/sim_public-health-reports_1926-09-03_41_36_djvu.txt	?	-
sim_public-health-reports_1926-09-10_41_37	https://archive.org/download/sim_public-health-reports_1926-09-10_41_37/sim_public-health-reports_1926-09-10_41_37_djvu.txt	?	-
sim_public-health-reports_1926-09-17_41_38	https://archive.org/download/sim_public-health-reports_1926-09-17_41_38/sim_public-health-reports_1926-09-17_41_38_djvu.txt	?	-
sim_public-health-reports_1926-09-24_41_39	https://archive.org/download/sim_public-health-reports_1926-09-24_41_39/sim_public-health-reports_1926-09-24_41_39_djvu.txt	?	-
sim_public-health-reports_1926-10-01_41_40	https://archive.org/download/sim_public-health-reports_1926-10-01_41_40/sim_public-health-reports_1926-10-01_41_40_djvu.txt	?	-
sim_public-health-reports_1926-10-08_41_41	https://archive.org/download/sim_public-health-reports_1926-10-08_41_41/sim_public-health-reports_1926-10-08_41_41_djvu.txt	?	-
sim_public-health-reports_1926-10-15_41_42	https://archive.org/download/sim_public-health-reports_1926-10-15_41_42/sim_public-health-reports_1926-10-15_41_42_djvu.txt	?	-
sim_public-health-reports_1926-10-22_41_43	https://archive.org/download/sim_public-health-reports_1926-10-22_41_43/sim_public-health-reports_1926-10-22_41_43_djvu.txt	?	-
sim_public-health-reports_1926-10-29_41_44	https://archive.org/download/sim_public-health-reports_1926-10-29_41_44/sim_public-health-reports_1926-10-29_41_44_djvu.txt	?	-
sim_public-health-reports_1926-11-05_41_45	https://archive.org/download/sim_public-health-reports_1926-11-05_41_45/sim_public-health-reports_1926-11-05_41_45_djvu.txt	?	-
sim_public-health-reports_1926-11-12_41_46	https://archive.org/download/sim_public-health-reports_1926-11-12_41_46/sim_public-health-reports_1926-11-12_41_46_djvu.txt	?	-
sim_public-health-reports_1926-11-19_41_47	https://archive.org/download/sim_public-health-reports_1926-11-19_41_47/sim_public-health-reports_1926-11-19_41_47_djvu.txt	?	-
sim_public-health-reports_1926-11-26_41_48	https://archive.org/download/sim_public-health-reports_1926-11-26_41_48/sim_public-health-reports_1926-11-26_41_48_djvu.txt	?	-
sim_public-health-reports_1926-12-03_41_49	https://archive.org/download/sim_public-health-reports_1926-12-03_41_49/sim_public-health-reports_1926-12-03_41_49_djvu.txt	?	-
sim_public-health-reports_1926-12-10_41_50	https://archive.org/download/sim_public-health-reports_1926-12-10_41_50/sim_public-health-reports_1926-12-10_41_50_djvu.txt	?	-
sim_public-health-reports_1926-12-17_41_51	https://archive.org/download/sim_public-health-reports_1926-12-17_41_51/sim_public-health-reports_1926-12-17_41_51_djvu.txt	?	-
sim_public-health-reports_1926-12-24_41_52	https://archive.org/download/sim_public-health-reports_1926-12-24_41_52/sim_public-health-reports_1926-12-24_41_52_djvu.txt	?	-
sim_public-health-reports_1926-12-31_41_53	https://archive.org/download/sim_public-health-reports_1926-12-31_41_53/sim_public-health-reports_1926-12-31_41_53_djvu.txt	?	-
sim_public-health-reports_1926_supplement-54	https://archive.org/download/sim_public-health-reports_1926_supplement-54/sim_public-health-reports_1926_supplement-54_djvu.txt	?	-
sim_public-health-reports_1926_supplement-55	https://archive.org/download/sim_public-health-reports_1926_supplement-55/sim_public-health-reports_1926_supplement-55_djvu.txt	?	-
sim_public-health-reports_1926_supplement-56	https://archive.org/download/sim_public-health-reports_1926_supplement-56/sim_public-health-reports_1926_supplement-56_djvu.txt	?	-
sim_public-health-reports_1926_supplement-57	https://archive.org/download/sim_public-health-reports_1926_supplement-57/sim_public-health-reports_1926_supplement-57_djvu.txt	?	-
sim_public-health-reports_1926_supplement-58	https://archive.org/download/sim_public-health-reports_1926_supplement-58/sim_public-health-reports_1926_supplement-58_djvu.txt	?	-
sim_public-health-reports_1927-01-07_42_1	https://archive.org/download/sim_public-health-reports_1927-01-07_42_1/sim_public-health-reports_1927-01-07_42_1_djvu.txt	?	-
sim_public-health-reports_1927-01-14_42_2	https://archive.org/download/sim_public-health-reports_1927-01-14_42_2/sim_public-health-reports_1927-01-14_42_2_djvu.txt	?	-
sim_public-health-reports_1927-01-21_42_3	https://archive.org/download/sim_public-health-reports_1927-01-21_42_3/sim_public-health-reports_1927-01-21_42_3_djvu.txt	?	-
sim_public-health-reports_1927-01-28_42_4	https://archive.org/download/sim_public-health-reports_1927-01-28_42_4/sim_public-health-reports_1927-01-28_42_4_djvu.txt	?	-
sim_public-health-reports_1927-02-04_42_5	https://archive.org/download/sim_public-health-reports_1927-02-04_42_5/sim_public-health-reports_1927-02-04_42_5_djvu.txt	?	-
sim_public-health-reports_1927-02-11_42_6	https://archive.org/download/sim_public-health-reports_1927-02-11_42_6/sim_public-health-reports_1927-02-11_42_6_djvu.txt	?	-
sim_public-health-reports_1927-02-18_42_7	https://archive.org/download/sim_public-health-reports_1927-02-18_42_7/sim_public-health-reports_1927-02-18_42_7_djvu.txt	?	-
sim_public-health-reports_1927-02-25_42_8	https://archive.org/download/sim_public-health-reports_1927-02-25_42_8/sim_public-health-reports_1927-02-25_42_8_djvu.txt	?	-
sim_public-health-reports_1927-03-04_42_9	https://archive.org/download/sim_public-health-reports_1927-03-04_42_9/sim_public-health-reports_1927-03-04_42_9_djvu.txt	?	-
sim_public-health-reports_1927-03-11_42_10	https://archive.org/download/sim_public-health-reports_1927-03-11_42_10/sim_public-health-reports_1927-03-11_42_10_djvu.txt	?	-
sim_public-health-reports_1927-03-18_42_11	https://archive.org/download/sim_public-health-reports_1927-03-18_42_11/sim_public-health-reports_1927-03-18_42_11_djvu.txt	?	-
sim_public-health-reports_1927-03-25_42_12	https://archive.org/download/sim_public-health-reports_1927-03-25_42_12/sim_public-health-reports_1927-03-25_42_12_djvu.txt	?	-
sim_public-health-reports_1927-04-01_42_13	https://archive.org/download/sim_public-health-reports_1927-04-01_42_13/sim_public-health-reports_1927-04-01_42_13_djvu.txt	?	-
sim_public-health-reports_1927-04-08_42_14	https://archive.org/download/sim_public-health-reports_1927-04-08_42_14/sim_public-health-reports_1927-04-08_42_14_djvu.txt	?	-
sim_public-health-reports_1927-04-15_42_15	https://archive.org/download/sim_public-health-reports_1927-04-15_42_15/sim_public-health-reports_1927-04-15_42_15_djvu.txt	?	-
sim_public-health-reports_1927-04-22_42_16	https://archive.org/download/sim_public-health-reports_1927-04-22_42_16/sim_public-health-reports_1927-04-22_42_16_djvu.txt	?	-
sim_public-health-reports_1927-04-29_42_17	https://archive.org/download/sim_public-health-reports_1927-04-29_42_17/sim_public-health-reports_1927-04-29_42_17_djvu.txt	?	-
sim_public-health-reports_1927-05-06_42_18	https://archive.org/download/sim_public-health-reports_1927-05-06_42_18/sim_public-health-reports_1927-05-06_42_18_djvu.txt	?	-
sim_public-health-reports_1927-05-13_42_19	https://archive.org/download/sim_public-health-reports_1927-05-13_42_19/sim_public-health-reports_1927-05-13_42_19_djvu.txt	?	-
sim_public-health-reports_1927-05-20_42_20	https://archive.org/download/sim_public-health-reports_1927-05-20_42_20/sim_public-health-reports_1927-05-20_42_20_djvu.txt	?	-
sim_public-health-reports_1927-05-27_42_21	https://archive.org/download/sim_public-health-reports_1927-05-27_42_21/sim_public-health-reports_1927-05-27_42_21_djvu.txt	?	-
sim_public-health-reports_1927-06-03_42_22	https://archive.org/download/sim_public-health-reports_1927-06-03_42_22/sim_public-health-reports_1927-06-03_42_22_djvu.txt	?	-
sim_public-health-reports_1927-06-10_42_23	https://archive.org/download/sim_public-health-reports_1927-06-10_42_23/sim_public-health-reports_1927-06-10_42_23_djvu.txt	?	-
sim_public-health-reports_1927-06-17_42_24	https://archive.org/download/sim_public-health-reports_1927-06-17_42_24/sim_public-health-reports_1927-06-17_42_24_djvu.txt	?	-
sim_public-health-reports_1927-06-24_42_25	https://archive.org/download/sim_public-health-reports_1927-06-24_42_25/sim_public-health-reports_1927-06-24_42_25_djvu.txt	?	-
sim_public-health-reports_1927-07-01_42_26	https://archive.org/download/sim_public-health-reports_1927-07-01_42_26/sim_public-health-reports_1927-07-01_42_26_djvu.txt	?	-
sim_public-health-reports_1927-07-08_42_27	https://archive.org/download/sim_public-health-reports_1927-07-08_42_27/sim_public-health-reports_1927-07-08_42_27_djvu.txt	?	-
sim_public-health-reports_1927-07-15_42_28	https://archive.org/download/sim_public-health-reports_1927-07-15_42_28/sim_public-health-reports_1927-07-15_42_28_djvu.txt	?	-
sim_public-health-reports_1927-07-22_42_29	https://archive.org/download/sim_public-health-reports_1927-07-22_42_29/sim_public-health-reports_1927-07-22_42_29_djvu.txt	?	-
sim_public-health-reports_1927-07-29_42_30	https://archive.org/download/sim_public-health-reports_1927-07-29_42_30/sim_public-health-reports_1927-07-29_42_30_djvu.txt	?	-
sim_public-health-reports_1927-08-05_42_31	https://archive.org/download/sim_public-health-reports_1927-08-05_42_31/sim_public-health-reports_1927-08-05_42_31_djvu.txt	?	-
sim_public-health-reports_1927-08-12_42_32	https://archive.org/download/sim_public-health-reports_1927-08-12_42_32/sim_public-health-reports_1927-08-12_42_32_djvu.txt	?	-
sim_public-health-reports_1927-08-19_42_33	https://archive.org/download/sim_public-health-reports_1927-08-19_42_33/sim_public-health-reports_1927-08-19_42_33_djvu.txt	?	-
sim_public-health-reports_1927-08-26_42_34	https://archive.org/download/sim_public-health-reports_1927-08-26_42_34/sim_public-health-reports_1927-08-26_42_34_djvu.txt	?	-
sim_public-health-reports_1927-09-02_42_35	https://archive.org/download/sim_public-health-reports_1927-09-02_42_35/sim_public-health-reports_1927-09-02_42_35_djvu.txt	?	-
sim_public-health-reports_1927-09-09_42_36	https://archive.org/download/sim_public-health-reports_1927-09-09_42_36/sim_public-health-reports_1927-09-09_42_36_djvu.txt	?	-
sim_public-health-reports_1927-09-16_42_37	https://archive.org/download/sim_public-health-reports_1927-09-16_42_37/sim_public-health-reports_1927-09-16_42_37_djvu.txt	?	-
sim_public-health-reports_1927-09-23_42_38	https://archive.org/download/sim_public-health-reports_1927-09-23_42_38/sim_public-health-reports_1927-09-23_42_38_djvu.txt	?	-
sim_public-health-reports_1927-09-30_42_39	https://archive.org/download/sim_public-health-reports_1927-09-30_42_39/sim_public-health-reports_1927-09-30_42_39_djvu.txt	?	-
sim_public-health-reports_1927-10-07_42_40	https://archive.org/download/sim_public-health-reports_1927-10-07_42_40/sim_public-health-reports_1927-10-07_42_40_djvu.txt	?	-
sim_public-health-reports_1927-10-14_42_41	https://archive.org/download/sim_public-health-reports_1927-10-14_42_41/sim_public-health-reports_1927-10-14_42_41_djvu.txt	?	-
sim_public-health-reports_1927-10-21_42_42	https://archive.org/download/sim_public-health-reports_1927-10-21_42_42/sim_public-health-reports_1927-10-21_42_42_djvu.txt	?	-
sim_public-health-reports_1927-10-28_42_43	https://archive.org/download/sim_public-health-reports_1927-10-28_42_43/sim_public-health-reports_1927-10-28_42_43_djvu.txt	?	-
sim_public-health-reports_1927-11-04_42_44	https://archive.org/download/sim_public-health-reports_1927-11-04_42_44/sim_public-health-reports_1927-11-04_42_44_djvu.txt	?	-
sim_public-health-reports_1927-11-11_42_45	https://archive.org/download/sim_public-health-reports_1927-11-11_42_45/sim_public-health-reports_1927-11-11_42_45_djvu.txt	?	-
sim_public-health-reports_1927-11-18_42_46	https://archive.org/download/sim_public-health-reports_1927-11-18_42_46/sim_public-health-reports_1927-11-18_42_46_djvu.txt	?	-
sim_public-health-reports_1927-11-25_42_47	https://archive.org/download/sim_public-health-reports_1927-11-25_42_47/sim_public-health-reports_1927-11-25_42_47_djvu.txt	?	-
sim_public-health-reports_1927-12-02_42_48	https://archive.org/download/sim_public-health-reports_1927-12-02_42_48/sim_public-health-reports_1927-12-02_42_48_djvu.txt	?	-
sim_public-health-reports_1927-12-09_42_49	https://archive.org/download/sim_public-health-reports_1927-12-09_42_49/sim_public-health-reports_1927-12-09_42_49_djvu.txt	?	-
sim_public-health-reports_1927-12-16_42_50	https://archive.org/download/sim_public-health-reports_1927-12-16_42_50/sim_public-health-reports_1927-12-16_42_50_djvu.txt	?	-
sim_public-health-reports_1927-12-23_42_51	https://archive.org/download/sim_public-health-reports_1927-12-23_42_51/sim_public-health-reports_1927-12-23_42_51_djvu.txt	?	-
sim_public-health-reports_1927-12-30_42_52	https://archive.org/download/sim_public-health-reports_1927-12-30_42_52/sim_public-health-reports_1927-12-30_42_52_djvu.txt	?	-
sim_public-health-reports_1927_index	https://archive.org/download/sim_public-health-reports_1927_index/sim_public-health-reports_1927_index_djvu.txt	?	-
sim_public-health-reports_1927_index_0	https://archive.org/download/sim_public-health-reports_1927_index_0/sim_public-health-reports_1927_index_0_djvu.txt	?	-
sim_public-health-reports_1927_supplement-59	https://archive.org/download/sim_public-health-reports_1927_supplement-59/sim_public-health-reports_1927_supplement-59_djvu.txt	?	-
sim_public-health-reports_1927_supplement-60	https://archive.org/download/sim_public-health-reports_1927_supplement-60/sim_public-health-reports_1927_supplement-60_djvu.txt	?	-
sim_public-health-reports_1927_supplement-61	https://archive.org/download/sim_public-health-reports_1927_supplement-61/sim_public-health-reports_1927_supplement-61_djvu.txt	?	-
sim_public-health-reports_1927_supplement-62	https://archive.org/download/sim_public-health-reports_1927_supplement-62/sim_public-health-reports_1927_supplement-62_djvu.txt	?	-
sim_public-health-reports_1927_supplement-63	https://archive.org/download/sim_public-health-reports_1927_supplement-63/sim_public-health-reports_1927_supplement-63_djvu.txt	?	-
sim_public-health-reports_1927_supplement-64	https://archive.org/download/sim_public-health-reports_1927_supplement-64/sim_public-health-reports_1927_supplement-64_djvu.txt	?	-
sim_public-health-reports_1927_supplement-65	https://archive.org/download/sim_public-health-reports_1927_supplement-65/sim_public-health-reports_1927_supplement-65_djvu.txt	?	-
sim_public-health-reports_1927_supplement-66	https://archive.org/download/sim_public-health-reports_1927_supplement-66/sim_public-health-reports_1927_supplement-66_djvu.txt	?	-
sim_public-health-reports_1927_supplement-67	https://archive.org/download/sim_public-health-reports_1927_supplement-67/sim_public-health-reports_1927_supplement-67_djvu.txt	?	-
sim_public-health-reports_1928-01-06_43_1	https://archive.org/download/sim_public-health-reports_1928-01-06_43_1/sim_public-health-reports_1928-01-06_43_1_djvu.txt	?	-
sim_public-health-reports_1928-01-13_43_2	https://archive.org/download/sim_public-health-reports_1928-01-13_43_2/sim_public-health-reports_1928-01-13_43_2_djvu.txt	?	-
sim_public-health-reports_1928-01-20_43_3	https://archive.org/download/sim_public-health-reports_1928-01-20_43_3/sim_public-health-reports_1928-01-20_43_3_djvu.txt	?	-
sim_public-health-reports_1928-01-27_43_4	https://archive.org/download/sim_public-health-reports_1928-01-27_43_4/sim_public-health-reports_1928-01-27_43_4_djvu.txt	?	-
sim_public-health-reports_1928-02-03_43_5	https://archive.org/download/sim_public-health-reports_1928-02-03_43_5/sim_public-health-reports_1928-02-03_43_5_djvu.txt	?	-
sim_public-health-reports_1928-02-10_43_6	https://archive.org/download/sim_public-health-reports_1928-02-10_43_6/sim_public-health-reports_1928-02-10_43_6_djvu.txt	?	-
sim_public-health-reports_1928-02-17_43_7	https://archive.org/download/sim_public-health-reports_1928-02-17_43_7/sim_public-health-reports_1928-02-17_43_7_djvu.txt	?	-
sim_public-health-reports_1928-02-24_43_8	https://archive.org/download/sim_public-health-reports_1928-02-24_43_8/sim_public-health-reports_1928-02-24_43_8_djvu.txt	?	-
sim_public-health-reports_1928-03-02_43_9	https://archive.org/download/sim_public-health-reports_1928-03-02_43_9/sim_public-health-reports_1928-03-02_43_9_djvu.txt	?	-
sim_public-health-reports_1928-03-09_43_10	https://archive.org/download/sim_public-health-reports_1928-03-09_43_10/sim_public-health-reports_1928-03-09_43_10_djvu.txt	?	-
sim_public-health-reports_1928-03-16_43_11	https://archive.org/download/sim_public-health-reports_1928-03-16_43_11/sim_public-health-reports_1928-03-16_43_11_djvu.txt	?	-
sim_public-health-reports_1928-03-23_43_12	https://archive.org/download/sim_public-health-reports_1928-03-23_43_12/sim_public-health-reports_1928-03-23_43_12_djvu.txt	?	-
sim_public-health-reports_1928-03-30_43_13	https://archive.org/download/sim_public-health-reports_1928-03-30_43_13/sim_public-health-reports_1928-03-30_43_13_djvu.txt	?	-
sim_public-health-reports_1928-04-06_43_14	https://archive.org/download/sim_public-health-reports_1928-04-06_43_14/sim_public-health-reports_1928-04-06_43_14_djvu.txt	?	-
sim_public-health-reports_1928-04-13_43_15	https://archive.org/download/sim_public-health-reports_1928-04-13_43_15/sim_public-health-reports_1928-04-13_43_15_djvu.txt	?	-
sim_public-health-reports_1928-04-20_43_16	https://archive.org/download/sim_public-health-reports_1928-04-20_43_16/sim_public-health-reports_1928-04-20_43_16_djvu.txt	?	-
sim_public-health-reports_1928-04-27_43_17	https://archive.org/download/sim_public-health-reports_1928-04-27_43_17/sim_public-health-reports_1928-04-27_43_17_djvu.txt	?	-
sim_public-health-reports_1928-05-04_43_18	https://archive.org/download/sim_public-health-reports_1928-05-04_43_18/sim_public-health-reports_1928-05-04_43_18_djvu.txt	?	-
sim_public-health-reports_1928-05-11_43_19	https://archive.org/download/sim_public-health-reports_1928-05-11_43_19/sim_public-health-reports_1928-05-11_43_19_djvu.txt	?	-
sim_public-health-reports_1928-05-18_43_20	https://archive.org/download/sim_public-health-reports_1928-05-18_43_20/sim_public-health-reports_1928-05-18_43_20_djvu.txt	?	-
sim_public-health-reports_1928-05-25_43_21	https://archive.org/download/sim_public-health-reports_1928-05-25_43_21/sim_public-health-reports_1928-05-25_43_21_djvu.txt	?	-
sim_public-health-reports_1928-06-01_43_22	https://archive.org/download/sim_public-health-reports_1928-06-01_43_22/sim_public-health-reports_1928-06-01_43_22_djvu.txt	?	-
sim_public-health-reports_1928-06-08_43_23	https://archive.org/download/sim_public-health-reports_1928-06-08_43_23/sim_public-health-reports_1928-06-08_43_23_djvu.txt	?	-
sim_public-health-reports_1928-06-15_43_24	https://archive.org/download/sim_public-health-reports_1928-06-15_43_24/sim_public-health-reports_1928-06-15_43_24_djvu.txt	?	-
sim_public-health-reports_1928-06-22_43_25	https://archive.org/download/sim_public-health-reports_1928-06-22_43_25/sim_public-health-reports_1928-06-22_43_25_djvu.txt	?	-
sim_public-health-reports_1928-06-29_43_26	https://archive.org/download/sim_public-health-reports_1928-06-29_43_26/sim_public-health-reports_1928-06-29_43_26_djvu.txt	?	-
sim_public-health-reports_1928-07-06_43_27	https://archive.org/download/sim_public-health-reports_1928-07-06_43_27/sim_public-health-reports_1928-07-06_43_27_djvu.txt	?	-
sim_public-health-reports_1928-07-13_43_28	https://archive.org/download/sim_public-health-reports_1928-07-13_43_28/sim_public-health-reports_1928-07-13_43_28_djvu.txt	?	-
sim_public-health-reports_1928-07-20_43_29	https://archive.org/download/sim_public-health-reports_1928-07-20_43_29/sim_public-health-reports_1928-07-20_43_29_djvu.txt	?	-
sim_public-health-reports_1928-07-27_43_30	https://archive.org/download/sim_public-health-reports_1928-07-27_43_30/sim_public-health-reports_1928-07-27_43_30_djvu.txt	?	-
sim_public-health-reports_1928-08-03_43_31	https://archive.org/download/sim_public-health-reports_1928-08-03_43_31/sim_public-health-reports_1928-08-03_43_31_djvu.txt	?	-
sim_public-health-reports_1928-08-10_43_32	https://archive.org/download/sim_public-health-reports_1928-08-10_43_32/sim_public-health-reports_1928-08-10_43_32_djvu.txt	?	-
sim_public-health-reports_1928-08-17_43_33	https://archive.org/download/sim_public-health-reports_1928-08-17_43_33/sim_public-health-reports_1928-08-17_43_33_djvu.txt	?	-
sim_public-health-reports_1928-08-24_43_34	https://archive.org/download/sim_public-health-reports_1928-08-24_43_34/sim_public-health-reports_1928-08-24_43_34_djvu.txt	?	-
sim_public-health-reports_1928-08-31_43_35	https://archive.org/download/sim_public-health-reports_1928-08-31_43_35/sim_public-health-reports_1928-08-31_43_35_djvu.txt	?	-
sim_public-health-reports_1928-09-07_43_36	https://archive.org/download/sim_public-health-reports_1928-09-07_43_36/sim_public-health-reports_1928-09-07_43_36_djvu.txt	?	-
sim_public-health-reports_1928-09-14_43_37	https://archive.org/download/sim_public-health-reports_1928-09-14_43_37/sim_public-health-reports_1928-09-14_43_37_djvu.txt	?	-
sim_public-health-reports_1928-09-21_43_38	https://archive.org/download/sim_public-health-reports_1928-09-21_43_38/sim_public-health-reports_1928-09-21_43_38_djvu.txt	?	-
sim_public-health-reports_1928-09-28_43_39	https://archive.org/download/sim_public-health-reports_1928-09-28_43_39/sim_public-health-reports_1928-09-28_43_39_djvu.txt	?	-
sim_public-health-reports_1928-10-05_43_40	https://archive.org/download/sim_public-health-reports_1928-10-05_43_40/sim_public-health-reports_1928-10-05_43_40_djvu.txt	?	-
sim_public-health-reports_1928-10-12_43_41	https://archive.org/download/sim_public-health-reports_1928-10-12_43_41/sim_public-health-reports_1928-10-12_43_41_djvu.txt	?	-
sim_public-health-reports_1928-10-19_43_42	https://archive.org/download/sim_public-health-reports_1928-10-19_43_42/sim_public-health-reports_1928-10-19_43_42_djvu.txt	?	-
sim_public-health-reports_1928-10-26_43_43	https://archive.org/download/sim_public-health-reports_1928-10-26_43_43/sim_public-health-reports_1928-10-26_43_43_djvu.txt	?	-
sim_public-health-reports_1928-11-02_43_44	https://archive.org/download/sim_public-health-reports_1928-11-02_43_44/sim_public-health-reports_1928-11-02_43_44_djvu.txt	?	-
sim_public-health-reports_1928-11-09_43_45	https://archive.org/download/sim_public-health-reports_1928-11-09_43_45/sim_public-health-reports_1928-11-09_43_45_djvu.txt	?	-
sim_public-health-reports_1928-11-16_43_46	https://archive.org/download/sim_public-health-reports_1928-11-16_43_46/sim_public-health-reports_1928-11-16_43_46_djvu.txt	?	-
sim_public-health-reports_1928-11-23_43_47	https://archive.org/download/sim_public-health-reports_1928-11-23_43_47/sim_public-health-reports_1928-11-23_43_47_djvu.txt	?	-
sim_public-health-reports_1928-11-30_43_48	https://archive.org/download/sim_public-health-reports_1928-11-30_43_48/sim_public-health-reports_1928-11-30_43_48_djvu.txt	?	-
sim_public-health-reports_1928-12-07_43_49	https://archive.org/download/sim_public-health-reports_1928-12-07_43_49/sim_public-health-reports_1928-12-07_43_49_djvu.txt	?	-
sim_public-health-reports_1928-12-14_43_50	https://archive.org/download/sim_public-health-reports_1928-12-14_43_50/sim_public-health-reports_1928-12-14_43_50_djvu.txt	?	-
sim_public-health-reports_1928-12-21_43_51	https://archive.org/download/sim_public-health-reports_1928-12-21_43_51/sim_public-health-reports_1928-12-21_43_51_djvu.txt	?	-
sim_public-health-reports_1928-12-28_43_52	https://archive.org/download/sim_public-health-reports_1928-12-28_43_52/sim_public-health-reports_1928-12-28_43_52_djvu.txt	?	-
sim_public-health-reports_1928-1929_index	https://archive.org/download/sim_public-health-reports_1928-1929_index/sim_public-health-reports_1928-1929_index_djvu.txt	?	-
sim_public-health-reports_1928-1929_supplement-68-74	https://archive.org/download/sim_public-health-reports_1928-1929_supplement-68-74/sim_public-health-reports_1928-1929_supplement-68-74_djvu.txt	?	-
sim_public-health-reports_1929-01-04_44_1	https://archive.org/download/sim_public-health-reports_1929-01-04_44_1/sim_public-health-reports_1929-01-04_44_1_djvu.txt	?	-
sim_public-health-reports_1929-01-11_44_2	https://archive.org/download/sim_public-health-reports_1929-01-11_44_2/sim_public-health-reports_1929-01-11_44_2_djvu.txt	?	-
sim_public-health-reports_1929-01-18_44_3	https://archive.org/download/sim_public-health-reports_1929-01-18_44_3/sim_public-health-reports_1929-01-18_44_3_djvu.txt	?	-
sim_public-health-reports_1929-01-25_44_4	https://archive.org/download/sim_public-health-reports_1929-01-25_44_4/sim_public-health-reports_1929-01-25_44_4_djvu.txt	?	-
sim_public-health-reports_1929-02-01_44_5	https://archive.org/download/sim_public-health-reports_1929-02-01_44_5/sim_public-health-reports_1929-02-01_44_5_djvu.txt	?	-
sim_public-health-reports_1929-02-08_44_6	https://archive.org/download/sim_public-health-reports_1929-02-08_44_6/sim_public-health-reports_1929-02-08_44_6_djvu.txt	?	-
sim_public-health-reports_1929-02-15_44_7	https://archive.org/download/sim_public-health-reports_1929-02-15_44_7/sim_public-health-reports_1929-02-15_44_7_djvu.txt	?	-
sim_public-health-reports_1929-02-22_44_8	https://archive.org/download/sim_public-health-reports_1929-02-22_44_8/sim_public-health-reports_1929-02-22_44_8_djvu.txt	?	-
sim_public-health-reports_1929-03-01_44_9	https://archive.org/download/sim_public-health-reports_1929-03-01_44_9/sim_public-health-reports_1929-03-01_44_9_djvu.txt	?	-
sim_public-health-reports_1929-03-08_44_10	https://archive.org/download/sim_public-health-reports_1929-03-08_44_10/sim_public-health-reports_1929-03-08_44_10_djvu.txt	?	-
sim_public-health-reports_1929-03-15_44_11	https://archive.org/download/sim_public-health-reports_1929-03-15_44_11/sim_public-health-reports_1929-03-15_44_11_djvu.txt	?	-
sim_public-health-reports_1929-03-22_44_12	https://archive.org/download/sim_public-health-reports_1929-03-22_44_12/sim_public-health-reports_1929-03-22_44_12_djvu.txt	?	-
sim_public-health-reports_1929-03-29_44_13	https://archive.org/download/sim_public-health-reports_1929-03-29_44_13/sim_public-health-reports_1929-03-29_44_13_djvu.txt	?	-
sim_public-health-reports_1929-04-05_44_14	https://archive.org/download/sim_public-health-reports_1929-04-05_44_14/sim_public-health-reports_1929-04-05_44_14_djvu.txt	?	-
sim_public-health-reports_1929-04-12_44_15	https://archive.org/download/sim_public-health-reports_1929-04-12_44_15/sim_public-health-reports_1929-04-12_44_15_djvu.txt	?	-
sim_public-health-reports_1929-04-19_44_16	https://archive.org/download/sim_public-health-reports_1929-04-19_44_16/sim_public-health-reports_1929-04-19_44_16_djvu.txt	?	-
sim_public-health-reports_1929-04-26_44_17	https://archive.org/download/sim_public-health-reports_1929-04-26_44_17/sim_public-health-reports_1929-04-26_44_17_djvu.txt	?	-
sim_public-health-reports_1929-05-03_44_18	https://archive.org/download/sim_public-health-reports_1929-05-03_44_18/sim_public-health-reports_1929-05-03_44_18_djvu.txt	?	-
sim_public-health-reports_1929-05-10_44_19	https://archive.org/download/sim_public-health-reports_1929-05-10_44_19/sim_public-health-reports_1929-05-10_44_19_djvu.txt	?	-
sim_public-health-reports_1929-05-17_44_20	https://archive.org/download/sim_public-health-reports_1929-05-17_44_20/sim_public-health-reports_1929-05-17_44_20_djvu.txt	?	-
sim_public-health-reports_1929-05-24_44_21	https://archive.org/download/sim_public-health-reports_1929-05-24_44_21/sim_public-health-reports_1929-05-24_44_21_djvu.txt	?	-
sim_public-health-reports_1929-05-31_44_22	https://archive.org/download/sim_public-health-reports_1929-05-31_44_22/sim_public-health-reports_1929-05-31_44_22_djvu.txt	?	-
sim_public-health-reports_1929-06-07_44_23	https://archive.org/download/sim_public-health-reports_1929-06-07_44_23/sim_public-health-reports_1929-06-07_44_23_djvu.txt	?	-
sim_public-health-reports_1929-06-14_44_24	https://archive.org/download/sim_public-health-reports_1929-06-14_44_24/sim_public-health-reports_1929-06-14_44_24_djvu.txt	?	-
sim_public-health-reports_1929-06-21_44_25	https://archive.org/download/sim_public-health-reports_1929-06-21_44_25/sim_public-health-reports_1929-06-21_44_25_djvu.txt	?	-
sim_public-health-reports_1929-06-28_44_26	https://archive.org/download/sim_public-health-reports_1929-06-28_44_26/sim_public-health-reports_1929-06-28_44_26_djvu.txt	?	-
sim_public-health-reports_1929-07-05_44_27	https://archive.org/download/sim_public-health-reports_1929-07-05_44_27/sim_public-health-reports_1929-07-05_44_27_djvu.txt	?	-
sim_public-health-reports_1929-07-12_44_28	https://archive.org/download/sim_public-health-reports_1929-07-12_44_28/sim_public-health-reports_1929-07-12_44_28_djvu.txt	?	-
sim_public-health-reports_1929-07-19_44_29	https://archive.org/download/sim_public-health-reports_1929-07-19_44_29/sim_public-health-reports_1929-07-19_44_29_djvu.txt	?	-
sim_public-health-reports_1929-07-26_44_30	https://archive.org/download/sim_public-health-reports_1929-07-26_44_30/sim_public-health-reports_1929-07-26_44_30_djvu.txt	?	-
sim_public-health-reports_1929-08-02_44_31	https://archive.org/download/sim_public-health-reports_1929-08-02_44_31/sim_public-health-reports_1929-08-02_44_31_djvu.txt	?	-
sim_public-health-reports_1929-08-09_44_32	https://archive.org/download/sim_public-health-reports_1929-08-09_44_32/sim_public-health-reports_1929-08-09_44_32_djvu.txt	?	-
sim_public-health-reports_1929-08-16_44_33	https://archive.org/download/sim_public-health-reports_1929-08-16_44_33/sim_public-health-reports_1929-08-16_44_33_djvu.txt	?	-
sim_public-health-reports_1929-08-23_44_34	https://archive.org/download/sim_public-health-reports_1929-08-23_44_34/sim_public-health-reports_1929-08-23_44_34_djvu.txt	?	-
sim_public-health-reports_1929-08-30_44_35	https://archive.org/download/sim_public-health-reports_1929-08-30_44_35/sim_public-health-reports_1929-08-30_44_35_djvu.txt	?	-
sim_public-health-reports_1929-09-06_44_36	https://archive.org/download/sim_public-health-reports_1929-09-06_44_36/sim_public-health-reports_1929-09-06_44_36_djvu.txt	?	-
sim_public-health-reports_1929-09-13_44_37	https://archive.org/download/sim_public-health-reports_1929-09-13_44_37/sim_public-health-reports_1929-09-13_44_37_djvu.txt	?	-
sim_public-health-reports_1929-09-20_44_38	https://archive.org/download/sim_public-health-reports_1929-09-20_44_38/sim_public-health-reports_1929-09-20_44_38_djvu.txt	?	-
sim_public-health-reports_1929-09-27_44_39	https://archive.org/download/sim_public-health-reports_1929-09-27_44_39/sim_public-health-reports_1929-09-27_44_39_djvu.txt	?	-
sim_public-health-reports_1929-10-04_44_40	https://archive.org/download/sim_public-health-reports_1929-10-04_44_40/sim_public-health-reports_1929-10-04_44_40_djvu.txt	?	-
sim_public-health-reports_1929-10-11_44_41	https://archive.org/download/sim_public-health-reports_1929-10-11_44_41/sim_public-health-reports_1929-10-11_44_41_djvu.txt	?	-
sim_public-health-reports_1929-10-18_44_42	https://archive.org/download/sim_public-health-reports_1929-10-18_44_42/sim_public-health-reports_1929-10-18_44_42_djvu.txt	?	-
sim_public-health-reports_1929-10-25_44_43	https://archive.org/download/sim_public-health-reports_1929-10-25_44_43/sim_public-health-reports_1929-10-25_44_43_djvu.txt	?	-
sim_public-health-reports_1929-11-01_44_44	https://archive.org/download/sim_public-health-reports_1929-11-01_44_44/sim_public-health-reports_1929-11-01_44_44_djvu.txt	?	-
sim_public-health-reports_1929-11-08_44_45	https://archive.org/download/sim_public-health-reports_1929-11-08_44_45/sim_public-health-reports_1929-11-08_44_45_djvu.txt	?	-
sim_public-health-reports_1929-11-15_44_46	https://archive.org/download/sim_public-health-reports_1929-11-15_44_46/sim_public-health-reports_1929-11-15_44_46_djvu.txt	?	-
sim_public-health-reports_1929-11-22_44_47	https://archive.org/download/sim_public-health-reports_1929-11-22_44_47/sim_public-health-reports_1929-11-22_44_47_djvu.txt	?	-
sim_public-health-reports_1929-11-29_44_48	https://archive.org/download/sim_public-health-reports_1929-11-29_44_48/sim_public-health-reports_1929-11-29_44_48_djvu.txt	?	-
sim_public-health-reports_1929-12-06_44_49	https://archive.org/download/sim_public-health-reports_1929-12-06_44_49/sim_public-health-reports_1929-12-06_44_49_djvu.txt	?	-
sim_public-health-reports_1929-12-13_44_50	https://archive.org/download/sim_public-health-reports_1929-12-13_44_50/sim_public-health-reports_1929-12-13_44_50_djvu.txt	?	-
sim_public-health-reports_1929-12-20_44_51	https://archive.org/download/sim_public-health-reports_1929-12-20_44_51/sim_public-health-reports_1929-12-20_44_51_djvu.txt	?	-
sim_public-health-reports_1929-12-27_44_52	https://archive.org/download/sim_public-health-reports_1929-12-27_44_52/sim_public-health-reports_1929-12-27_44_52_djvu.txt	?	-
sim_public-health-reports_1929_supplement-76	https://archive.org/download/sim_public-health-reports_1929_supplement-76/sim_public-health-reports_1929_supplement-76_djvu.txt	?	-
sim_public-health-reports_1929_supplement-77	https://archive.org/download/sim_public-health-reports_1929_supplement-77/sim_public-health-reports_1929_supplement-77_djvu.txt	?	-
sim_public-health-reports_1929_supplement-78	https://archive.org/download/sim_public-health-reports_1929_supplement-78/sim_public-health-reports_1929_supplement-78_djvu.txt	?	-
sim_public-health-reports_1929_supplement-80	https://archive.org/download/sim_public-health-reports_1929_supplement-80/sim_public-health-reports_1929_supplement-80_djvu.txt	?	-
sim_public-health-reports_1929_supplement-81	https://archive.org/download/sim_public-health-reports_1929_supplement-81/sim_public-health-reports_1929_supplement-81_djvu.txt	?	-
sim_public-health-reports_1930-01-03_45_1	https://archive.org/download/sim_public-health-reports_1930-01-03_45_1/sim_public-health-reports_1930-01-03_45_1_djvu.txt	?	-
sim_public-health-reports_1930-01-10_45_2	https://archive.org/download/sim_public-health-reports_1930-01-10_45_2/sim_public-health-reports_1930-01-10_45_2_djvu.txt	?	-
sim_public-health-reports_1930-01-17_45_3	https://archive.org/download/sim_public-health-reports_1930-01-17_45_3/sim_public-health-reports_1930-01-17_45_3_djvu.txt	?	-
sim_public-health-reports_1930-01-24_45_4	https://archive.org/download/sim_public-health-reports_1930-01-24_45_4/sim_public-health-reports_1930-01-24_45_4_djvu.txt	?	-
sim_public-health-reports_1930-01-31_45_5	https://archive.org/download/sim_public-health-reports_1930-01-31_45_5/sim_public-health-reports_1930-01-31_45_5_djvu.txt	?	-
sim_public-health-reports_1930-02-07_45_6	https://archive.org/download/sim_public-health-reports_1930-02-07_45_6/sim_public-health-reports_1930-02-07_45_6_djvu.txt	?	-
sim_public-health-reports_1930-02-14_45_7	https://archive.org/download/sim_public-health-reports_1930-02-14_45_7/sim_public-health-reports_1930-02-14_45_7_djvu.txt	?	-
sim_public-health-reports_1930-02-21_45_8	https://archive.org/download/sim_public-health-reports_1930-02-21_45_8/sim_public-health-reports_1930-02-21_45_8_djvu.txt	?	-
sim_public-health-reports_1930-02-28_45_9	https://archive.org/download/sim_public-health-reports_1930-02-28_45_9/sim_public-health-reports_1930-02-28_45_9_djvu.txt	?	-
sim_public-health-reports_1930-03-07_45_10	https://archive.org/download/sim_public-health-reports_1930-03-07_45_10/sim_public-health-reports_1930-03-07_45_10_djvu.txt	?	-
sim_public-health-reports_1930-03-14_45_11	https://archive.org/download/sim_public-health-reports_1930-03-14_45_11/sim_public-health-reports_1930-03-14_45_11_djvu.txt	?	-
sim_public-health-reports_1930-03-21_45_12	https://archive.org/download/sim_public-health-reports_1930-03-21_45_12/sim_public-health-reports_1930-03-21_45_12_djvu.txt	?	-
sim_public-health-reports_1930-03-28_45_13	https://archive.org/download/sim_public-health-reports_1930-03-28_45_13/sim_public-health-reports_1930-03-28_45_13_djvu.txt	?	-
sim_public-health-reports_1930-04-04_45_14	https://archive.org/download/sim_public-health-reports_1930-04-04_45_14/sim_public-health-reports_1930-04-04_45_14_djvu.txt	?	-
sim_public-health-reports_1930-04-11_45_15	https://archive.org/download/sim_public-health-reports_1930-04-11_45_15/sim_public-health-reports_1930-04-11_45_15_djvu.txt	?	-
sim_public-health-reports_1930-04-18_45_16	https://archive.org/download/sim_public-health-reports_1930-04-18_45_16/sim_public-health-reports_1930-04-18_45_16_djvu.txt	?	-
sim_public-health-reports_1930-04-25_45_17	https://archive.org/download/sim_public-health-reports_1930-04-25_45_17/sim_public-health-reports_1930-04-25_45_17_djvu.txt	?	-
sim_public-health-reports_1930-05-02_45_18	https://archive.org/download/sim_public-health-reports_1930-05-02_45_18/sim_public-health-reports_1930-05-02_45_18_djvu.txt	?	-
sim_public-health-reports_1930-05-16_45_20	https://archive.org/download/sim_public-health-reports_1930-05-16_45_20/sim_public-health-reports_1930-05-16_45_20_djvu.txt	?	-
sim_public-health-reports_1930-05-23_45_21	https://archive.org/download/sim_public-health-reports_1930-05-23_45_21/sim_public-health-reports_1930-05-23_45_21_djvu.txt	?	-
sim_public-health-reports_1930-05-30_45_22	https://archive.org/download/sim_public-health-reports_1930-05-30_45_22/sim_public-health-reports_1930-05-30_45_22_djvu.txt	?	-
sim_public-health-reports_1930-06-06_45_23	https://archive.org/download/sim_public-health-reports_1930-06-06_45_23/sim_public-health-reports_1930-06-06_45_23_djvu.txt	?	-
sim_public-health-reports_1930-06-13_45_24	https://archive.org/download/sim_public-health-reports_1930-06-13_45_24/sim_public-health-reports_1930-06-13_45_24_djvu.txt	?	-
sim_public-health-reports_1930-06-20_45_25	https://archive.org/download/sim_public-health-reports_1930-06-20_45_25/sim_public-health-reports_1930-06-20_45_25_djvu.txt	?	-
sim_public-health-reports_1930-06-27_45_26	https://archive.org/download/sim_public-health-reports_1930-06-27_45_26/sim_public-health-reports_1930-06-27_45_26_djvu.txt	?	-
sim_public-health-reports_1930-07-04_45_27	https://archive.org/download/sim_public-health-reports_1930-07-04_45_27/sim_public-health-reports_1930-07-04_45_27_djvu.txt	?	-
sim_public-health-reports_1930-07-11_45_28	https://archive.org/download/sim_public-health-reports_1930-07-11_45_28/sim_public-health-reports_1930-07-11_45_28_djvu.txt	?	-
sim_public-health-reports_1930-07-18_45_29	https://archive.org/download/sim_public-health-reports_1930-07-18_45_29/sim_public-health-reports_1930-07-18_45_29_djvu.txt	?	-
sim_public-health-reports_1930-07-25_45_30	https://archive.org/download/sim_public-health-reports_1930-07-25_45_30/sim_public-health-reports_1930-07-25_45_30_djvu.txt	?	-
sim_public-health-reports_1930-08-01_45_31	https://archive.org/download/sim_public-health-reports_1930-08-01_45_31/sim_public-health-reports_1930-08-01_45_31_djvu.txt	?	-
sim_public-health-reports_1930-08-08_45_32	https://archive.org/download/sim_public-health-reports_1930-08-08_45_32/sim_public-health-reports_1930-08-08_45_32_djvu.txt	?	-
sim_public-health-reports_1930-08-15_45_33	https://archive.org/download/sim_public-health-reports_1930-08-15_45_33/sim_public-health-reports_1930-08-15_45_33_djvu.txt	?	-
sim_public-health-reports_1930-08-22_45_34	https://archive.org/download/sim_public-health-reports_1930-08-22_45_34/sim_public-health-reports_1930-08-22_45_34_djvu.txt	?	-
sim_public-health-reports_1930-08-29_45_35	https://archive.org/download/sim_public-health-reports_1930-08-29_45_35/sim_public-health-reports_1930-08-29_45_35_djvu.txt	?	-
sim_public-health-reports_1930-09-05_45_36	https://archive.org/download/sim_public-health-reports_1930-09-05_45_36/sim_public-health-reports_1930-09-05_45_36_djvu.txt	?	-
sim_public-health-reports_1930-09-12_45_37	https://archive.org/download/sim_public-health-reports_1930-09-12_45_37/sim_public-health-reports_1930-09-12_45_37_djvu.txt	?	-
sim_public-health-reports_1930-09-19_45_38	https://archive.org/download/sim_public-health-reports_1930-09-19_45_38/sim_public-health-reports_1930-09-19_45_38_djvu.txt	?	-
sim_public-health-reports_1930-09-26_45_39	https://archive.org/download/sim_public-health-reports_1930-09-26_45_39/sim_public-health-reports_1930-09-26_45_39_djvu.txt	?	-
sim_public-health-reports_1930-10-03_45_40	https://archive.org/download/sim_public-health-reports_1930-10-03_45_40/sim_public-health-reports_1930-10-03_45_40_djvu.txt	?	-
sim_public-health-reports_1930-10-10_45_41	https://archive.org/download/sim_public-health-reports_1930-10-10_45_41/sim_public-health-reports_1930-10-10_45_41_djvu.txt	?	-
sim_public-health-reports_1930-10-17_45_42	https://archive.org/download/sim_public-health-reports_1930-10-17_45_42/sim_public-health-reports_1930-10-17_45_42_djvu.txt	?	-
sim_public-health-reports_1930-10-24_45_43	https://archive.org/download/sim_public-health-reports_1930-10-24_45_43/sim_public-health-reports_1930-10-24_45_43_djvu.txt	?	-
sim_public-health-reports_1930-10-31_45_44	https://archive.org/download/sim_public-health-reports_1930-10-31_45_44/sim_public-health-reports_1930-10-31_45_44_djvu.txt	?	-
sim_public-health-reports_1930-11-07_45_45	https://archive.org/download/sim_public-health-reports_1930-11-07_45_45/sim_public-health-reports_1930-11-07_45_45_djvu.txt	?	-
sim_public-health-reports_1930-11-14_45_46	https://archive.org/download/sim_public-health-reports_1930-11-14_45_46/sim_public-health-reports_1930-11-14_45_46_djvu.txt	?	-
sim_public-health-reports_1930-11-21_45_47	https://archive.org/download/sim_public-health-reports_1930-11-21_45_47/sim_public-health-reports_1930-11-21_45_47_djvu.txt	?	-
sim_public-health-reports_1930-11-28_45_48	https://archive.org/download/sim_public-health-reports_1930-11-28_45_48/sim_public-health-reports_1930-11-28_45_48_djvu.txt	?	-
sim_public-health-reports_1930-12-05_45_49	https://archive.org/download/sim_public-health-reports_1930-12-05_45_49/sim_public-health-reports_1930-12-05_45_49_djvu.txt	?	-
sim_public-health-reports_1930-12-12_45_50	https://archive.org/download/sim_public-health-reports_1930-12-12_45_50/sim_public-health-reports_1930-12-12_45_50_djvu.txt	?	-
sim_public-health-reports_1930-12-19_45_51	https://archive.org/download/sim_public-health-reports_1930-12-19_45_51/sim_public-health-reports_1930-12-19_45_51_djvu.txt	?	-
sim_public-health-reports_1930-12-26_45_52	https://archive.org/download/sim_public-health-reports_1930-12-26_45_52/sim_public-health-reports_1930-12-26_45_52_djvu.txt	?	-
sim_public-health-reports_1930_index	https://archive.org/download/sim_public-health-reports_1930_index/sim_public-health-reports_1930_index_djvu.txt	?	-
sim_public-health-reports_1930_supplement-75	https://archive.org/download/sim_public-health-reports_1930_supplement-75/sim_public-health-reports_1930_supplement-75_djvu.txt	?	-
sim_public-health-reports_1930_supplement-79	https://archive.org/download/sim_public-health-reports_1930_supplement-79/sim_public-health-reports_1930_supplement-79_djvu.txt	?	-
sim_public-health-reports_1930_supplement-82	https://archive.org/download/sim_public-health-reports_1930_supplement-82/sim_public-health-reports_1930_supplement-82_djvu.txt	?	-
sim_public-health-reports_1930_supplement-83	https://archive.org/download/sim_public-health-reports_1930_supplement-83/sim_public-health-reports_1930_supplement-83_djvu.txt	?	-
sim_public-health-reports_1930_supplement-84	https://archive.org/download/sim_public-health-reports_1930_supplement-84/sim_public-health-reports_1930_supplement-84_djvu.txt	?	-
sim_public-health-reports_1930_supplement-85	https://archive.org/download/sim_public-health-reports_1930_supplement-85/sim_public-health-reports_1930_supplement-85_djvu.txt	?	-
sim_public-health-reports_1930_supplement-86	https://archive.org/download/sim_public-health-reports_1930_supplement-86/sim_public-health-reports_1930_supplement-86_djvu.txt	?	-
sim_public-health-reports_1930_supplement-87	https://archive.org/download/sim_public-health-reports_1930_supplement-87/sim_public-health-reports_1930_supplement-87_djvu.txt	?	-
sim_public-health-reports_1931-01-02_46_1	https://archive.org/download/sim_public-health-reports_1931-01-02_46_1/sim_public-health-reports_1931-01-02_46_1_djvu.txt	?	-
sim_public-health-reports_1931-01-09_46_2	https://archive.org/download/sim_public-health-reports_1931-01-09_46_2/sim_public-health-reports_1931-01-09_46_2_djvu.txt	?	-
sim_public-health-reports_1931-01-16_46_3	https://archive.org/download/sim_public-health-reports_1931-01-16_46_3/sim_public-health-reports_1931-01-16_46_3_djvu.txt	?	-
sim_public-health-reports_1931-01-23_46_4	https://archive.org/download/sim_public-health-reports_1931-01-23_46_4/sim_public-health-reports_1931-01-23_46_4_djvu.txt	?	-
sim_public-health-reports_1931-01-30_46_5	https://archive.org/download/sim_public-health-reports_1931-01-30_46_5/sim_public-health-reports_1931-01-30_46_5_djvu.txt	?	-
sim_public-health-reports_1931-02-06_46_6	https://archive.org/download/sim_public-health-reports_1931-02-06_46_6/sim_public-health-reports_1931-02-06_46_6_djvu.txt	?	-
sim_public-health-reports_1931-02-13_46_7	https://archive.org/download/sim_public-health-reports_1931-02-13_46_7/sim_public-health-reports_1931-02-13_46_7_djvu.txt	?	-
sim_public-health-reports_1931-02-20_46_8	https://archive.org/download/sim_public-health-reports_1931-02-20_46_8/sim_public-health-reports_1931-02-20_46_8_djvu.txt	?	-
sim_public-health-reports_1931-02-27_46_9	https://archive.org/download/sim_public-health-reports_1931-02-27_46_9/sim_public-health-reports_1931-02-27_46_9_djvu.txt	?	-
sim_public-health-reports_1931-03-06_46_10	https://archive.org/download/sim_public-health-reports_1931-03-06_46_10/sim_public-health-reports_1931-03-06_46_10_djvu.txt	?	-
sim_public-health-reports_1931-03-13_46_11	https://archive.org/download/sim_public-health-reports_1931-03-13_46_11/sim_public-health-reports_1931-03-13_46_11_djvu.txt	?	-
sim_public-health-reports_1931-03-20_46_12	https://archive.org/download/sim_public-health-reports_1931-03-20_46_12/sim_public-health-reports_1931-03-20_46_12_djvu.txt	?	-
sim_public-health-reports_1931-03-27_46_13	https://archive.org/download/sim_public-health-reports_1931-03-27_46_13/sim_public-health-reports_1931-03-27_46_13_djvu.txt	?	-
sim_public-health-reports_1931-04-03_46_14	https://archive.org/download/sim_public-health-reports_1931-04-03_46_14/sim_public-health-reports_1931-04-03_46_14_djvu.txt	?	-
sim_public-health-reports_1931-04-10_46_15	https://archive.org/download/sim_public-health-reports_1931-04-10_46_15/sim_public-health-reports_1931-04-10_46_15_djvu.txt	?	-
sim_public-health-reports_1931-04-17_46_16	https://archive.org/download/sim_public-health-reports_1931-04-17_46_16/sim_public-health-reports_1931-04-17_46_16_djvu.txt	?	-
sim_public-health-reports_1931-04-24_46_17	https://archive.org/download/sim_public-health-reports_1931-04-24_46_17/sim_public-health-reports_1931-04-24_46_17_djvu.txt	?	-
sim_public-health-reports_1931-05-01_46_18	https://archive.org/download/sim_public-health-reports_1931-05-01_46_18/sim_public-health-reports_1931-05-01_46_18_djvu.txt	?	-
sim_public-health-reports_1931-05-08_46_19	https://archive.org/download/sim_public-health-reports_1931-05-08_46_19/sim_public-health-reports_1931-05-08_46_19_djvu.txt	?	-
sim_public-health-reports_1931-05-15_46_20	https://archive.org/download/sim_public-health-reports_1931-05-15_46_20/sim_public-health-reports_1931-05-15_46_20_djvu.txt	?	-
sim_public-health-reports_1931-05-22_46_21	https://archive.org/download/sim_public-health-reports_1931-05-22_46_21/sim_public-health-reports_1931-05-22_46_21_djvu.txt	?	-
sim_public-health-reports_1931-05-29_46_22	https://archive.org/download/sim_public-health-reports_1931-05-29_46_22/sim_public-health-reports_1931-05-29_46_22_djvu.txt	?	-
sim_public-health-reports_1931-06-05_46_23	https://archive.org/download/sim_public-health-reports_1931-06-05_46_23/sim_public-health-reports_1931-06-05_46_23_djvu.txt	?	-
sim_public-health-reports_1931-06-12_46_24	https://archive.org/download/sim_public-health-reports_1931-06-12_46_24/sim_public-health-reports_1931-06-12_46_24_djvu.txt	?	-
sim_public-health-reports_1931-06-19_46_25	https://archive.org/download/sim_public-health-reports_1931-06-19_46_25/sim_public-health-reports_1931-06-19_46_25_djvu.txt	?	-
sim_public-health-reports_1931-06-26_46_26	https://archive.org/download/sim_public-health-reports_1931-06-26_46_26/sim_public-health-reports_1931-06-26_46_26_djvu.txt	?	-
sim_public-health-reports_1931-07-03_46_27	https://archive.org/download/sim_public-health-reports_1931-07-03_46_27/sim_public-health-reports_1931-07-03_46_27_djvu.txt	?	-
sim_public-health-reports_1931-07-10_46_28	https://archive.org/download/sim_public-health-reports_1931-07-10_46_28/sim_public-health-reports_1931-07-10_46_28_djvu.txt	?	-
sim_public-health-reports_1931-07-17_46_29	https://archive.org/download/sim_public-health-reports_1931-07-17_46_29/sim_public-health-reports_1931-07-17_46_29_djvu.txt	?	-
sim_public-health-reports_1931-07-24_46_30	https://archive.org/download/sim_public-health-reports_1931-07-24_46_30/sim_public-health-reports_1931-07-24_46_30_djvu.txt	?	-
sim_public-health-reports_1931-07-31_46_31	https://archive.org/download/sim_public-health-reports_1931-07-31_46_31/sim_public-health-reports_1931-07-31_46_31_djvu.txt	?	-
sim_public-health-reports_1931-08-07_46_32	https://archive.org/download/sim_public-health-reports_1931-08-07_46_32/sim_public-health-reports_1931-08-07_46_32_djvu.txt	?	-
sim_public-health-reports_1931-08-14_46_33	https://archive.org/download/sim_public-health-reports_1931-08-14_46_33/sim_public-health-reports_1931-08-14_46_33_djvu.txt	?	-
sim_public-health-reports_1931-08-21_46_34	https://archive.org/download/sim_public-health-reports_1931-08-21_46_34/sim_public-health-reports_1931-08-21_46_34_djvu.txt	?	-
sim_public-health-reports_1931-08-28_46_35	https://archive.org/download/sim_public-health-reports_1931-08-28_46_35/sim_public-health-reports_1931-08-28_46_35_djvu.txt	?	-
sim_public-health-reports_1931-09-04_46_36	https://archive.org/download/sim_public-health-reports_1931-09-04_46_36/sim_public-health-reports_1931-09-04_46_36_djvu.txt	?	-
sim_public-health-reports_1931-09-11_46_37	https://archive.org/download/sim_public-health-reports_1931-09-11_46_37/sim_public-health-reports_1931-09-11_46_37_djvu.txt	?	-
sim_public-health-reports_1931-09-18_46_38	https://archive.org/download/sim_public-health-reports_1931-09-18_46_38/sim_public-health-reports_1931-09-18_46_38_djvu.txt	?	-
sim_public-health-reports_1931-09-25_46_39	https://archive.org/download/sim_public-health-reports_1931-09-25_46_39/sim_public-health-reports_1931-09-25_46_39_djvu.txt	?	-
sim_public-health-reports_1931-10-02_46_40	https://archive.org/download/sim_public-health-reports_1931-10-02_46_40/sim_public-health-reports_1931-10-02_46_40_djvu.txt	?	-
sim_public-health-reports_1931-10-09_46_41	https://archive.org/download/sim_public-health-reports_1931-10-09_46_41/sim_public-health-reports_1931-10-09_46_41_djvu.txt	?	-
sim_public-health-reports_1931-10-16_46_42	https://archive.org/download/sim_public-health-reports_1931-10-16_46_42/sim_public-health-reports_1931-10-16_46_42_djvu.txt	?	-
sim_public-health-reports_1931-10-23_46_43	https://archive.org/download/sim_public-health-reports_1931-10-23_46_43/sim_public-health-reports_1931-10-23_46_43_djvu.txt	?	-
sim_public-health-reports_1931-10-30_46_44	https://archive.org/download/sim_public-health-reports_1931-10-30_46_44/sim_public-health-reports_1931-10-30_46_44_djvu.txt	?	-
sim_public-health-reports_1931-11-06_46_45	https://archive.org/download/sim_public-health-reports_1931-11-06_46_45/sim_public-health-reports_1931-11-06_46_45_djvu.txt	?	-
sim_public-health-reports_1931-11-13_46_46	https://archive.org/download/sim_public-health-reports_1931-11-13_46_46/sim_public-health-reports_1931-11-13_46_46_djvu.txt	?	-
sim_public-health-reports_1931-11-20_46_47	https://archive.org/download/sim_public-health-reports_1931-11-20_46_47/sim_public-health-reports_1931-11-20_46_47_djvu.txt	?	-
sim_public-health-reports_1931-11-27_46_48	https://archive.org/download/sim_public-health-reports_1931-11-27_46_48/sim_public-health-reports_1931-11-27_46_48_djvu.txt	?	-
sim_public-health-reports_1931-12-04_46_49	https://archive.org/download/sim_public-health-reports_1931-12-04_46_49/sim_public-health-reports_1931-12-04_46_49_djvu.txt	?	-
sim_public-health-reports_1931-12-11_46_50	https://archive.org/download/sim_public-health-reports_1931-12-11_46_50/sim_public-health-reports_1931-12-11_46_50_djvu.txt	?	-
sim_public-health-reports_1931-12-18_46_51	https://archive.org/download/sim_public-health-reports_1931-12-18_46_51/sim_public-health-reports_1931-12-18_46_51_djvu.txt	?	-
sim_public-health-reports_1931-12-25_46_52	https://archive.org/download/sim_public-health-reports_1931-12-25_46_52/sim_public-health-reports_1931-12-25_46_52_djvu.txt	?	-
sim_public-health-reports_1931_supplement-101	https://archive.org/download/sim_public-health-reports_1931_supplement-101/sim_public-health-reports_1931_supplement-101_djvu.txt	?	-
sim_public-health-reports_1931_supplement-102	https://archive.org/download/sim_public-health-reports_1931_supplement-102/sim_public-health-reports_1931_supplement-102_djvu.txt	?	-
sim_public-health-reports_1931_supplement-88	https://archive.org/download/sim_public-health-reports_1931_supplement-88/sim_public-health-reports_1931_supplement-88_djvu.txt	?	-
sim_public-health-reports_1931_supplement-89	https://archive.org/download/sim_public-health-reports_1931_supplement-89/sim_public-health-reports_1931_supplement-89_djvu.txt	?	-
sim_public-health-reports_1931_supplement-90	https://archive.org/download/sim_public-health-reports_1931_supplement-90/sim_public-health-reports_1931_supplement-90_djvu.txt	?	-
sim_public-health-reports_1931_supplement-91	https://archive.org/download/sim_public-health-reports_1931_supplement-91/sim_public-health-reports_1931_supplement-91_djvu.txt	?	-
sim_public-health-reports_1931_supplement-92	https://archive.org/download/sim_public-health-reports_1931_supplement-92/sim_public-health-reports_1931_supplement-92_djvu.txt	?	-
sim_public-health-reports_1931_supplement-93	https://archive.org/download/sim_public-health-reports_1931_supplement-93/sim_public-health-reports_1931_supplement-93_djvu.txt	?	-
sim_public-health-reports_1931_supplement-94	https://archive.org/download/sim_public-health-reports_1931_supplement-94/sim_public-health-reports_1931_supplement-94_djvu.txt	?	-
sim_public-health-reports_1931_supplement-95	https://archive.org/download/sim_public-health-reports_1931_supplement-95/sim_public-health-reports_1931_supplement-95_djvu.txt	?	-
sim_public-health-reports_1931_supplement-96	https://archive.org/download/sim_public-health-reports_1931_supplement-96/sim_public-health-reports_1931_supplement-96_djvu.txt	?	-
sim_public-health-reports_1931_supplement-97	https://archive.org/download/sim_public-health-reports_1931_supplement-97/sim_public-health-reports_1931_supplement-97_djvu.txt	?	-
sim_public-health-reports_1931_supplement-98	https://archive.org/download/sim_public-health-reports_1931_supplement-98/sim_public-health-reports_1931_supplement-98_djvu.txt	?	-
sim_public-health-reports_1932-01-01_47_1	https://archive.org/download/sim_public-health-reports_1932-01-01_47_1/sim_public-health-reports_1932-01-01_47_1_djvu.txt	?	-
sim_public-health-reports_1932-01-08_47_2	https://archive.org/download/sim_public-health-reports_1932-01-08_47_2/sim_public-health-reports_1932-01-08_47_2_djvu.txt	?	-
sim_public-health-reports_1932-01-15_47_3	https://archive.org/download/sim_public-health-reports_1932-01-15_47_3/sim_public-health-reports_1932-01-15_47_3_djvu.txt	?	-
sim_public-health-reports_1932-01-22_47_4	https://archive.org/download/sim_public-health-reports_1932-01-22_47_4/sim_public-health-reports_1932-01-22_47_4_djvu.txt	?	-
sim_public-health-reports_1932-01-29_47_5	https://archive.org/download/sim_public-health-reports_1932-01-29_47_5/sim_public-health-reports_1932-01-29_47_5_djvu.txt	?	-
sim_public-health-reports_1932-02-05_47_6	https://archive.org/download/sim_public-health-reports_1932-02-05_47_6/sim_public-health-reports_1932-02-05_47_6_djvu.txt	?	-
sim_public-health-reports_1932-02-12_47_7	https://archive.org/download/sim_public-health-reports_1932-02-12_47_7/sim_public-health-reports_1932-02-12_47_7_djvu.txt	?	-
sim_public-health-reports_1932-02-19_47_8	https://archive.org/download/sim_public-health-reports_1932-02-19_47_8/sim_public-health-reports_1932-02-19_47_8_djvu.txt	?	-
sim_public-health-reports_1932-02-26_47_9	https://archive.org/download/sim_public-health-reports_1932-02-26_47_9/sim_public-health-reports_1932-02-26_47_9_djvu.txt	?	-
sim_public-health-reports_1932-03-04_47_10	https://archive.org/download/sim_public-health-reports_1932-03-04_47_10/sim_public-health-reports_1932-03-04_47_10_djvu.txt	?	-
sim_public-health-reports_1932-03-11_47_11	https://archive.org/download/sim_public-health-reports_1932-03-11_47_11/sim_public-health-reports_1932-03-11_47_11_djvu.txt	?	-
sim_public-health-reports_1932-03-18_47_12	https://archive.org/download/sim_public-health-reports_1932-03-18_47_12/sim_public-health-reports_1932-03-18_47_12_djvu.txt	?	-
sim_public-health-reports_1932-03-25_47_13	https://archive.org/download/sim_public-health-reports_1932-03-25_47_13/sim_public-health-reports_1932-03-25_47_13_djvu.txt	?	-
sim_public-health-reports_1932-04-01_47_14	https://archive.org/download/sim_public-health-reports_1932-04-01_47_14/sim_public-health-reports_1932-04-01_47_14_djvu.txt	?	-
sim_public-health-reports_1932-04-08_47_15	https://archive.org/download/sim_public-health-reports_1932-04-08_47_15/sim_public-health-reports_1932-04-08_47_15_djvu.txt	?	-
sim_public-health-reports_1932-04-15_47_16	https://archive.org/download/sim_public-health-reports_1932-04-15_47_16/sim_public-health-reports_1932-04-15_47_16_djvu.txt	?	-
sim_public-health-reports_1932-04-22_47_17	https://archive.org/download/sim_public-health-reports_1932-04-22_47_17/sim_public-health-reports_1932-04-22_47_17_djvu.txt	?	-
sim_public-health-reports_1932-04-29_47_18	https://archive.org/download/sim_public-health-reports_1932-04-29_47_18/sim_public-health-reports_1932-04-29_47_18_djvu.txt	?	-
sim_public-health-reports_1932-05-06_47_19	https://archive.org/download/sim_public-health-reports_1932-05-06_47_19/sim_public-health-reports_1932-05-06_47_19_djvu.txt	?	-
sim_public-health-reports_1932-05-13_47_20	https://archive.org/download/sim_public-health-reports_1932-05-13_47_20/sim_public-health-reports_1932-05-13_47_20_djvu.txt	?	-
sim_public-health-reports_1932-05-20_47_21	https://archive.org/download/sim_public-health-reports_1932-05-20_47_21/sim_public-health-reports_1932-05-20_47_21_djvu.txt	?	-
sim_public-health-reports_1932-05-27_47_22	https://archive.org/download/sim_public-health-reports_1932-05-27_47_22/sim_public-health-reports_1932-05-27_47_22_djvu.txt	?	-
sim_public-health-reports_1932-06-03_47_23	https://archive.org/download/sim_public-health-reports_1932-06-03_47_23/sim_public-health-reports_1932-06-03_47_23_djvu.txt	?	-
sim_public-health-reports_1932-06-10_47_24	https://archive.org/download/sim_public-health-reports_1932-06-10_47_24/sim_public-health-reports_1932-06-10_47_24_djvu.txt	?	-
sim_public-health-reports_1932-06-17_47_25	https://archive.org/download/sim_public-health-reports_1932-06-17_47_25/sim_public-health-reports_1932-06-17_47_25_djvu.txt	?	-
sim_public-health-reports_1932-06-24_47_26	https://archive.org/download/sim_public-health-reports_1932-06-24_47_26/sim_public-health-reports_1932-06-24_47_26_djvu.txt	?	-
sim_public-health-reports_1932-07-01_47_27	https://archive.org/download/sim_public-health-reports_1932-07-01_47_27/sim_public-health-reports_1932-07-01_47_27_djvu.txt	?	-
sim_public-health-reports_1932-07-08_47_28	https://archive.org/download/sim_public-health-reports_1932-07-08_47_28/sim_public-health-reports_1932-07-08_47_28_djvu.txt	?	-
sim_public-health-reports_1932-07-15_47_29	https://archive.org/download/sim_public-health-reports_1932-07-15_47_29/sim_public-health-reports_1932-07-15_47_29_djvu.txt	?	-
sim_public-health-reports_1932-07-22_47_30	https://archive.org/download/sim_public-health-reports_1932-07-22_47_30/sim_public-health-reports_1932-07-22_47_30_djvu.txt	?	-
sim_public-health-reports_1932-07-29_47_31	https://archive.org/download/sim_public-health-reports_1932-07-29_47_31/sim_public-health-reports_1932-07-29_47_31_djvu.txt	?	-
sim_public-health-reports_1932-08-05_47_32	https://archive.org/download/sim_public-health-reports_1932-08-05_47_32/sim_public-health-reports_1932-08-05_47_32_djvu.txt	?	-
sim_public-health-reports_1932-08-12_47_33	https://archive.org/download/sim_public-health-reports_1932-08-12_47_33/sim_public-health-reports_1932-08-12_47_33_djvu.txt	?	-
sim_public-health-reports_1932-08-19_47_34	https://archive.org/download/sim_public-health-reports_1932-08-19_47_34/sim_public-health-reports_1932-08-19_47_34_djvu.txt	?	-
sim_public-health-reports_1932-08-26_47_35	https://archive.org/download/sim_public-health-reports_1932-08-26_47_35/sim_public-health-reports_1932-08-26_47_35_djvu.txt	?	-
sim_public-health-reports_1932-09-02_47_36	https://archive.org/download/sim_public-health-reports_1932-09-02_47_36/sim_public-health-reports_1932-09-02_47_36_djvu.txt	?	-
sim_public-health-reports_1932-09-09_47_37	https://archive.org/download/sim_public-health-reports_1932-09-09_47_37/sim_public-health-reports_1932-09-09_47_37_djvu.txt	?	-
sim_public-health-reports_1932-09-16_47_38	https://archive.org/download/sim_public-health-reports_1932-09-16_47_38/sim_public-health-reports_1932-09-16_47_38_djvu.txt	?	-
sim_public-health-reports_1932-09-23_47_39	https://archive.org/download/sim_public-health-reports_1932-09-23_47_39/sim_public-health-reports_1932-09-23_47_39_djvu.txt	?	-
sim_public-health-reports_1932-09-30_47_40	https://archive.org/download/sim_public-health-reports_1932-09-30_47_40/sim_public-health-reports_1932-09-30_47_40_djvu.txt	?	-
sim_public-health-reports_1932-10-07_47_41	https://archive.org/download/sim_public-health-reports_1932-10-07_47_41/sim_public-health-reports_1932-10-07_47_41_djvu.txt	?	-
sim_public-health-reports_1932-10-14_47_42	https://archive.org/download/sim_public-health-reports_1932-10-14_47_42/sim_public-health-reports_1932-10-14_47_42_djvu.txt	?	-
sim_public-health-reports_1932-10-21_47_43	https://archive.org/download/sim_public-health-reports_1932-10-21_47_43/sim_public-health-reports_1932-10-21_47_43_djvu.txt	?	-
sim_public-health-reports_1932-10-28_47_44	https://archive.org/download/sim_public-health-reports_1932-10-28_47_44/sim_public-health-reports_1932-10-28_47_44_djvu.txt	?	-
sim_public-health-reports_1932-11-04_47_45	https://archive.org/download/sim_public-health-reports_1932-11-04_47_45/sim_public-health-reports_1932-11-04_47_45_djvu.txt	?	-
sim_public-health-reports_1932-11-11_47_46	https://archive.org/download/sim_public-health-reports_1932-11-11_47_46/sim_public-health-reports_1932-11-11_47_46_djvu.txt	?	-
sim_public-health-reports_1932-11-18_47_47	https://archive.org/download/sim_public-health-reports_1932-11-18_47_47/sim_public-health-reports_1932-11-18_47_47_djvu.txt	?	-
sim_public-health-reports_1932-11-25_47_48	https://archive.org/download/sim_public-health-reports_1932-11-25_47_48/sim_public-health-reports_1932-11-25_47_48_djvu.txt	?	-
sim_public-health-reports_1932-12-02_47_49	https://archive.org/download/sim_public-health-reports_1932-12-02_47_49/sim_public-health-reports_1932-12-02_47_49_djvu.txt	?	-
sim_public-health-reports_1932-12-09_47_50	https://archive.org/download/sim_public-health-reports_1932-12-09_47_50/sim_public-health-reports_1932-12-09_47_50_djvu.txt	?	-
sim_public-health-reports_1932-12-16_47_51	https://archive.org/download/sim_public-health-reports_1932-12-16_47_51/sim_public-health-reports_1932-12-16_47_51_djvu.txt	?	-
sim_public-health-reports_1932-12-23_47_52	https://archive.org/download/sim_public-health-reports_1932-12-23_47_52/sim_public-health-reports_1932-12-23_47_52_djvu.txt	?	-
sim_public-health-reports_1932-12-30_47_53	https://archive.org/download/sim_public-health-reports_1932-12-30_47_53/sim_public-health-reports_1932-12-30_47_53_djvu.txt	?	-
sim_public-health-reports_1932_supplement-103	https://archive.org/download/sim_public-health-reports_1932_supplement-103/sim_public-health-reports_1932_supplement-103_djvu.txt	?	-
sim_public-health-reports_1932_supplement-104	https://archive.org/download/sim_public-health-reports_1932_supplement-104/sim_public-health-reports_1932_supplement-104_djvu.txt	?	-
sim_public-health-reports_1932_supplement-105	https://archive.org/download/sim_public-health-reports_1932_supplement-105/sim_public-health-reports_1932_supplement-105_djvu.txt	?	-
sim_public-health-reports_1933-01-06_48_1	https://archive.org/download/sim_public-health-reports_1933-01-06_48_1/sim_public-health-reports_1933-01-06_48_1_djvu.txt	?	-
sim_public-health-reports_1933-01-13_48_2	https://archive.org/download/sim_public-health-reports_1933-01-13_48_2/sim_public-health-reports_1933-01-13_48_2_djvu.txt	?	-
sim_public-health-reports_1933-01-20_48_3	https://archive.org/download/sim_public-health-reports_1933-01-20_48_3/sim_public-health-reports_1933-01-20_48_3_djvu.txt	?	-
sim_public-health-reports_1933-01-27_48_4	https://archive.org/download/sim_public-health-reports_1933-01-27_48_4/sim_public-health-reports_1933-01-27_48_4_djvu.txt	?	-
sim_public-health-reports_1933-02-03_48_5	https://archive.org/download/sim_public-health-reports_1933-02-03_48_5/sim_public-health-reports_1933-02-03_48_5_djvu.txt	?	-
sim_public-health-reports_1933-02-10_48_6	https://archive.org/download/sim_public-health-reports_1933-02-10_48_6/sim_public-health-reports_1933-02-10_48_6_djvu.txt	?	-
sim_public-health-reports_1933-02-17_48_7	https://archive.org/download/sim_public-health-reports_1933-02-17_48_7/sim_public-health-reports_1933-02-17_48_7_djvu.txt	?	-
sim_public-health-reports_1933-02-24_48_8	https://archive.org/download/sim_public-health-reports_1933-02-24_48_8/sim_public-health-reports_1933-02-24_48_8_djvu.txt	?	-
sim_public-health-reports_1933-03-03_48_9	https://archive.org/download/sim_public-health-reports_1933-03-03_48_9/sim_public-health-reports_1933-03-03_48_9_djvu.txt	?	-
sim_public-health-reports_1933-03-10_48_10	https://archive.org/download/sim_public-health-reports_1933-03-10_48_10/sim_public-health-reports_1933-03-10_48_10_djvu.txt	?	-
sim_public-health-reports_1933-03-17_48_11	https://archive.org/download/sim_public-health-reports_1933-03-17_48_11/sim_public-health-reports_1933-03-17_48_11_djvu.txt	?	-
sim_public-health-reports_1933-03-24_48_12	https://archive.org/download/sim_public-health-reports_1933-03-24_48_12/sim_public-health-reports_1933-03-24_48_12_djvu.txt	?	-
sim_public-health-reports_1933-03-31_48_13	https://archive.org/download/sim_public-health-reports_1933-03-31_48_13/sim_public-health-reports_1933-03-31_48_13_djvu.txt	?	-
sim_public-health-reports_1933-04-07_48_14	https://archive.org/download/sim_public-health-reports_1933-04-07_48_14/sim_public-health-reports_1933-04-07_48_14_djvu.txt	?	-
sim_public-health-reports_1933-04-14_48_15	https://archive.org/download/sim_public-health-reports_1933-04-14_48_15/sim_public-health-reports_1933-04-14_48_15_djvu.txt	?	-
sim_public-health-reports_1933-04-21_48_16	https://archive.org/download/sim_public-health-reports_1933-04-21_48_16/sim_public-health-reports_1933-04-21_48_16_djvu.txt	?	-
sim_public-health-reports_1933-04-28_48_17	https://archive.org/download/sim_public-health-reports_1933-04-28_48_17/sim_public-health-reports_1933-04-28_48_17_djvu.txt	?	-
sim_public-health-reports_1933-05-05_48_18	https://archive.org/download/sim_public-health-reports_1933-05-05_48_18/sim_public-health-reports_1933-05-05_48_18_djvu.txt	?	-
sim_public-health-reports_1933-05-12_48_19	https://archive.org/download/sim_public-health-reports_1933-05-12_48_19/sim_public-health-reports_1933-05-12_48_19_djvu.txt	?	-
sim_public-health-reports_1933-05-19_48_20	https://archive.org/download/sim_public-health-reports_1933-05-19_48_20/sim_public-health-reports_1933-05-19_48_20_djvu.txt	?	-
sim_public-health-reports_1933-05-26_48_21	https://archive.org/download/sim_public-health-reports_1933-05-26_48_21/sim_public-health-reports_1933-05-26_48_21_djvu.txt	?	-
sim_public-health-reports_1933-06-02_48_22	https://archive.org/download/sim_public-health-reports_1933-06-02_48_22/sim_public-health-reports_1933-06-02_48_22_djvu.txt	?	-
sim_public-health-reports_1933-06-09_48_23	https://archive.org/download/sim_public-health-reports_1933-06-09_48_23/sim_public-health-reports_1933-06-09_48_23_djvu.txt	?	-
sim_public-health-reports_1933-06-16_48_24	https://archive.org/download/sim_public-health-reports_1933-06-16_48_24/sim_public-health-reports_1933-06-16_48_24_djvu.txt	?	-
sim_public-health-reports_1933-06-23_48_25	https://archive.org/download/sim_public-health-reports_1933-06-23_48_25/sim_public-health-reports_1933-06-23_48_25_djvu.txt	?	-
sim_public-health-reports_1933-06-30_48_26	https://archive.org/download/sim_public-health-reports_1933-06-30_48_26/sim_public-health-reports_1933-06-30_48_26_djvu.txt	?	-
sim_public-health-reports_1933-07-07_48_27	https://archive.org/download/sim_public-health-reports_1933-07-07_48_27/sim_public-health-reports_1933-07-07_48_27_djvu.txt	?	-
sim_public-health-reports_1933-07-14_48_28	https://archive.org/download/sim_public-health-reports_1933-07-14_48_28/sim_public-health-reports_1933-07-14_48_28_djvu.txt	?	-
sim_public-health-reports_1933-07-21_48_29	https://archive.org/download/sim_public-health-reports_1933-07-21_48_29/sim_public-health-reports_1933-07-21_48_29_djvu.txt	?	-
sim_public-health-reports_1933-07-28_48_30	https://archive.org/download/sim_public-health-reports_1933-07-28_48_30/sim_public-health-reports_1933-07-28_48_30_djvu.txt	?	-
sim_public-health-reports_1933-08-04_48_31	https://archive.org/download/sim_public-health-reports_1933-08-04_48_31/sim_public-health-reports_1933-08-04_48_31_djvu.txt	?	-
sim_public-health-reports_1933-08-11_48_32	https://archive.org/download/sim_public-health-reports_1933-08-11_48_32/sim_public-health-reports_1933-08-11_48_32_djvu.txt	?	-
sim_public-health-reports_1933-08-18_48_33	https://archive.org/download/sim_public-health-reports_1933-08-18_48_33/sim_public-health-reports_1933-08-18_48_33_djvu.txt	?	-
sim_public-health-reports_1933-08-25_48_34	https://archive.org/download/sim_public-health-reports_1933-08-25_48_34/sim_public-health-reports_1933-08-25_48_34_djvu.txt	?	-
sim_public-health-reports_1933-09-01_48_35	https://archive.org/download/sim_public-health-reports_1933-09-01_48_35/sim_public-health-reports_1933-09-01_48_35_djvu.txt	?	-
sim_public-health-reports_1933-09-08_48_36	https://archive.org/download/sim_public-health-reports_1933-09-08_48_36/sim_public-health-reports_1933-09-08_48_36_djvu.txt	?	-
sim_public-health-reports_1933-09-15_48_37	https://archive.org/download/sim_public-health-reports_1933-09-15_48_37/sim_public-health-reports_1933-09-15_48_37_djvu.txt	?	-
sim_public-health-reports_1933-09-22_48_38	https://archive.org/download/sim_public-health-reports_1933-09-22_48_38/sim_public-health-reports_1933-09-22_48_38_djvu.txt	?	-
sim_public-health-reports_1933-09-29_48_39	https://archive.org/download/sim_public-health-reports_1933-09-29_48_39/sim_public-health-reports_1933-09-29_48_39_djvu.txt	?	-
sim_public-health-reports_1933-10-06_48_40	https://archive.org/download/sim_public-health-reports_1933-10-06_48_40/sim_public-health-reports_1933-10-06_48_40_djvu.txt	?	-
sim_public-health-reports_1933-10-13_48_41	https://archive.org/download/sim_public-health-reports_1933-10-13_48_41/sim_public-health-reports_1933-10-13_48_41_djvu.txt	?	-
sim_public-health-reports_1933-10-20_48_42	https://archive.org/download/sim_public-health-reports_1933-10-20_48_42/sim_public-health-reports_1933-10-20_48_42_djvu.txt	?	-
sim_public-health-reports_1933-10-27_48_43	https://archive.org/download/sim_public-health-reports_1933-10-27_48_43/sim_public-health-reports_1933-10-27_48_43_djvu.txt	?	-
sim_public-health-reports_1933-11-03_48_44	https://archive.org/download/sim_public-health-reports_1933-11-03_48_44/sim_public-health-reports_1933-11-03_48_44_djvu.txt	?	-
sim_public-health-reports_1933-11-10_48_45	https://archive.org/download/sim_public-health-reports_1933-11-10_48_45/sim_public-health-reports_1933-11-10_48_45_djvu.txt	?	-
sim_public-health-reports_1933-11-17_48_46	https://archive.org/download/sim_public-health-reports_1933-11-17_48_46/sim_public-health-reports_1933-11-17_48_46_djvu.txt	?	-
sim_public-health-reports_1933-11-24_48_47	https://archive.org/download/sim_public-health-reports_1933-11-24_48_47/sim_public-health-reports_1933-11-24_48_47_djvu.txt	?	-
sim_public-health-reports_1933-12-01_48_48	https://archive.org/download/sim_public-health-reports_1933-12-01_48_48/sim_public-health-reports_1933-12-01_48_48_djvu.txt	?	-
sim_public-health-reports_1933-12-08_48_49	https://archive.org/download/sim_public-health-reports_1933-12-08_48_49/sim_public-health-reports_1933-12-08_48_49_djvu.txt	?	-
sim_public-health-reports_1933-12-15_48_50	https://archive.org/download/sim_public-health-reports_1933-12-15_48_50/sim_public-health-reports_1933-12-15_48_50_djvu.txt	?	-
sim_public-health-reports_1933-12-22_48_51	https://archive.org/download/sim_public-health-reports_1933-12-22_48_51/sim_public-health-reports_1933-12-22_48_51_djvu.txt	?	-
sim_public-health-reports_1933-12-29_48_52	https://archive.org/download/sim_public-health-reports_1933-12-29_48_52/sim_public-health-reports_1933-12-29_48_52_djvu.txt	?	-
sim_public-health-reports_1933_supplement-100	https://archive.org/download/sim_public-health-reports_1933_supplement-100/sim_public-health-reports_1933_supplement-100_djvu.txt	?	-
sim_public-health-reports_1933_supplement-106	https://archive.org/download/sim_public-health-reports_1933_supplement-106/sim_public-health-reports_1933_supplement-106_djvu.txt	?	-
sim_public-health-reports_1933_supplement-107	https://archive.org/download/sim_public-health-reports_1933_supplement-107/sim_public-health-reports_1933_supplement-107_djvu.txt	?	-
sim_public-health-reports_1933_supplement-108	https://archive.org/download/sim_public-health-reports_1933_supplement-108/sim_public-health-reports_1933_supplement-108_djvu.txt	?	-
sim_public-health-reports_1933_supplement-109	https://archive.org/download/sim_public-health-reports_1933_supplement-109/sim_public-health-reports_1933_supplement-109_djvu.txt	?	-
sim_public-health-reports_1933_supplement-99	https://archive.org/download/sim_public-health-reports_1933_supplement-99/sim_public-health-reports_1933_supplement-99_djvu.txt	?	-
sim_public-health-reports_1934-01-05_49_1	https://archive.org/download/sim_public-health-reports_1934-01-05_49_1/sim_public-health-reports_1934-01-05_49_1_djvu.txt	?	-
sim_public-health-reports_1934-01-12_49_2	https://archive.org/download/sim_public-health-reports_1934-01-12_49_2/sim_public-health-reports_1934-01-12_49_2_djvu.txt	?	-
sim_public-health-reports_1934-01-19_49_3	https://archive.org/download/sim_public-health-reports_1934-01-19_49_3/sim_public-health-reports_1934-01-19_49_3_djvu.txt	?	-
sim_public-health-reports_1934-01-26_49_4	https://archive.org/download/sim_public-health-reports_1934-01-26_49_4/sim_public-health-reports_1934-01-26_49_4_djvu.txt	?	-
sim_public-health-reports_1934-02-02_49_5	https://archive.org/download/sim_public-health-reports_1934-02-02_49_5/sim_public-health-reports_1934-02-02_49_5_djvu.txt	?	-
sim_public-health-reports_1934-02-09_49_6	https://archive.org/download/sim_public-health-reports_1934-02-09_49_6/sim_public-health-reports_1934-02-09_49_6_djvu.txt	?	-
sim_public-health-reports_1934-02-16_49_7	https://archive.org/download/sim_public-health-reports_1934-02-16_49_7/sim_public-health-reports_1934-02-16_49_7_djvu.txt	?	-
sim_public-health-reports_1934-02-23_49_8	https://archive.org/download/sim_public-health-reports_1934-02-23_49_8/sim_public-health-reports_1934-02-23_49_8_djvu.txt	?	-
sim_public-health-reports_1934-03-02_49_9	https://archive.org/download/sim_public-health-reports_1934-03-02_49_9/sim_public-health-reports_1934-03-02_49_9_djvu.txt	?	-
sim_public-health-reports_1934-03-09_49_10	https://archive.org/download/sim_public-health-reports_1934-03-09_49_10/sim_public-health-reports_1934-03-09_49_10_djvu.txt	?	-
sim_public-health-reports_1934-03-16_49_11	https://archive.org/download/sim_public-health-reports_1934-03-16_49_11/sim_public-health-reports_1934-03-16_49_11_djvu.txt	?	-
sim_public-health-reports_1934-03-23_49_12	https://archive.org/download/sim_public-health-reports_1934-03-23_49_12/sim_public-health-reports_1934-03-23_49_12_djvu.txt	?	-
sim_public-health-reports_1934-03-30_49_13	https://archive.org/download/sim_public-health-reports_1934-03-30_49_13/sim_public-health-reports_1934-03-30_49_13_djvu.txt	?	-
sim_public-health-reports_1934-04-06_49_14	https://archive.org/download/sim_public-health-reports_1934-04-06_49_14/sim_public-health-reports_1934-04-06_49_14_djvu.txt	?	-
sim_public-health-reports_1934-04-13_49_15	https://archive.org/download/sim_public-health-reports_1934-04-13_49_15/sim_public-health-reports_1934-04-13_49_15_djvu.txt	?	-
sim_public-health-reports_1934-04-20_49_16	https://archive.org/download/sim_public-health-reports_1934-04-20_49_16/sim_public-health-reports_1934-04-20_49_16_djvu.txt	?	-
sim_public-health-reports_1934-04-27_49_17	https://archive.org/download/sim_public-health-reports_1934-04-27_49_17/sim_public-health-reports_1934-04-27_49_17_djvu.txt	?	-
sim_public-health-reports_1934-05-04_49_18	https://archive.org/download/sim_public-health-reports_1934-05-04_49_18/sim_public-health-reports_1934-05-04_49_18_djvu.txt	?	-
sim_public-health-reports_1934-05-11_49_19	https://archive.org/download/sim_public-health-reports_1934-05-11_49_19/sim_public-health-reports_1934-05-11_49_19_djvu.txt	?	-
sim_public-health-reports_1934-05-18_49_20	https://archive.org/download/sim_public-health-reports_1934-05-18_49_20/sim_public-health-reports_1934-05-18_49_20_djvu.txt	?	-
sim_public-health-reports_1934-06-01_49_22	https://archive.org/download/sim_public-health-reports_1934-06-01_49_22/sim_public-health-reports_1934-06-01_49_22_djvu.txt	?	-
sim_public-health-reports_1934-06-08_49_23	https://archive.org/download/sim_public-health-reports_1934-06-08_49_23/sim_public-health-reports_1934-06-08_49_23_djvu.txt	?	-
sim_public-health-reports_1934-06-15_49_24	https://archive.org/download/sim_public-health-reports_1934-06-15_49_24/sim_public-health-reports_1934-06-15_49_24_djvu.txt	?	-
sim_public-health-reports_1934-06-22_49_25	https://archive.org/download/sim_public-health-reports_1934-06-22_49_25/sim_public-health-reports_1934-06-22_49_25_djvu.txt	?	-
sim_public-health-reports_1934-06-29_49_26	https://archive.org/download/sim_public-health-reports_1934-06-29_49_26/sim_public-health-reports_1934-06-29_49_26_djvu.txt	?	-
sim_public-health-reports_1934-07-06_49_27	https://archive.org/download/sim_public-health-reports_1934-07-06_49_27/sim_public-health-reports_1934-07-06_49_27_djvu.txt	?	-
sim_public-health-reports_1934-07-13_49_28	https://archive.org/download/sim_public-health-reports_1934-07-13_49_28/sim_public-health-reports_1934-07-13_49_28_djvu.txt	?	-
sim_public-health-reports_1934-07-20_49_29	https://archive.org/download/sim_public-health-reports_1934-07-20_49_29/sim_public-health-reports_1934-07-20_49_29_djvu.txt	?	-
sim_public-health-reports_1934-07-27_49_30	https://archive.org/download/sim_public-health-reports_1934-07-27_49_30/sim_public-health-reports_1934-07-27_49_30_djvu.txt	?	-
sim_public-health-reports_1934-08-03_49_31	https://archive.org/download/sim_public-health-reports_1934-08-03_49_31/sim_public-health-reports_1934-08-03_49_31_djvu.txt	?	-
sim_public-health-reports_1934-08-10_49_32	https://archive.org/download/sim_public-health-reports_1934-08-10_49_32/sim_public-health-reports_1934-08-10_49_32_djvu.txt	?	-
sim_public-health-reports_1934-08-17_49_33	https://archive.org/download/sim_public-health-reports_1934-08-17_49_33/sim_public-health-reports_1934-08-17_49_33_djvu.txt	?	-
sim_public-health-reports_1934-08-24_49_34	https://archive.org/download/sim_public-health-reports_1934-08-24_49_34/sim_public-health-reports_1934-08-24_49_34_djvu.txt	?	-
sim_public-health-reports_1934-08-31_49_35	https://archive.org/download/sim_public-health-reports_1934-08-31_49_35/sim_public-health-reports_1934-08-31_49_35_djvu.txt	?	-
sim_public-health-reports_1934-09-07_49_36	https://archive.org/download/sim_public-health-reports_1934-09-07_49_36/sim_public-health-reports_1934-09-07_49_36_djvu.txt	?	-
sim_public-health-reports_1934-09-14_49_37	https://archive.org/download/sim_public-health-reports_1934-09-14_49_37/sim_public-health-reports_1934-09-14_49_37_djvu.txt	?	-
sim_public-health-reports_1934-09-21_49_38	https://archive.org/download/sim_public-health-reports_1934-09-21_49_38/sim_public-health-reports_1934-09-21_49_38_djvu.txt	?	-
sim_public-health-reports_1934-09-28_49_39	https://archive.org/download/sim_public-health-reports_1934-09-28_49_39/sim_public-health-reports_1934-09-28_49_39_djvu.txt	?	-
sim_public-health-reports_1934-10-05_49_40	https://archive.org/download/sim_public-health-reports_1934-10-05_49_40/sim_public-health-reports_1934-10-05_49_40_djvu.txt	?	-
sim_public-health-reports_1934-10-12_49_41	https://archive.org/download/sim_public-health-reports_1934-10-12_49_41/sim_public-health-reports_1934-10-12_49_41_djvu.txt	?	-
sim_public-health-reports_1934-10-19_49_42	https://archive.org/download/sim_public-health-reports_1934-10-19_49_42/sim_public-health-reports_1934-10-19_49_42_djvu.txt	?	-
sim_public-health-reports_1934-10-26_49_43	https://archive.org/download/sim_public-health-reports_1934-10-26_49_43/sim_public-health-reports_1934-10-26_49_43_djvu.txt	?	-
sim_public-health-reports_1934-11-02_49_44	https://archive.org/download/sim_public-health-reports_1934-11-02_49_44/sim_public-health-reports_1934-11-02_49_44_djvu.txt	?	-
sim_public-health-reports_1934-11-09_49_45	https://archive.org/download/sim_public-health-reports_1934-11-09_49_45/sim_public-health-reports_1934-11-09_49_45_djvu.txt	?	-
sim_public-health-reports_1934-11-16_49_46	https://archive.org/download/sim_public-health-reports_1934-11-16_49_46/sim_public-health-reports_1934-11-16_49_46_djvu.txt	?	-
sim_public-health-reports_1934-11-23_49_47	https://archive.org/download/sim_public-health-reports_1934-11-23_49_47/sim_public-health-reports_1934-11-23_49_47_djvu.txt	?	-
sim_public-health-reports_1934-11-30_49_48	https://archive.org/download/sim_public-health-reports_1934-11-30_49_48/sim_public-health-reports_1934-11-30_49_48_djvu.txt	?	-
sim_public-health-reports_1934-12-07_49_49	https://archive.org/download/sim_public-health-reports_1934-12-07_49_49/sim_public-health-reports_1934-12-07_49_49_djvu.txt	?	-
sim_public-health-reports_1934-12-14_49_50	https://archive.org/download/sim_public-health-reports_1934-12-14_49_50/sim_public-health-reports_1934-12-14_49_50_djvu.txt	?	-
sim_public-health-reports_1934-12-21_49_51	https://archive.org/download/sim_public-health-reports_1934-12-21_49_51/sim_public-health-reports_1934-12-21_49_51_djvu.txt	?	-
sim_public-health-reports_1934-12-28_49_52	https://archive.org/download/sim_public-health-reports_1934-12-28_49_52/sim_public-health-reports_1934-12-28_49_52_djvu.txt	?	-
sim_public-health-reports_1934_supplement-110	https://archive.org/download/sim_public-health-reports_1934_supplement-110/sim_public-health-reports_1934_supplement-110_djvu.txt	?	-
sim_public-health-reports_1934_supplement-111	https://archive.org/download/sim_public-health-reports_1934_supplement-111/sim_public-health-reports_1934_supplement-111_djvu.txt	?	-
sim_public-health-reports_1934_supplement-112	https://archive.org/download/sim_public-health-reports_1934_supplement-112/sim_public-health-reports_1934_supplement-112_djvu.txt	?	-
sim_public-health-reports_1935-01-04_50_1	https://archive.org/download/sim_public-health-reports_1935-01-04_50_1/sim_public-health-reports_1935-01-04_50_1_djvu.txt	?	-
sim_public-health-reports_1935-01-11_50_2	https://archive.org/download/sim_public-health-reports_1935-01-11_50_2/sim_public-health-reports_1935-01-11_50_2_djvu.txt	?	-
sim_public-health-reports_1935-01-18_50_3	https://archive.org/download/sim_public-health-reports_1935-01-18_50_3/sim_public-health-reports_1935-01-18_50_3_djvu.txt	?	-
sim_public-health-reports_1935-01-25_50_4	https://archive.org/download/sim_public-health-reports_1935-01-25_50_4/sim_public-health-reports_1935-01-25_50_4_djvu.txt	?	-
sim_public-health-reports_1935-02-01_50_5	https://archive.org/download/sim_public-health-reports_1935-02-01_50_5/sim_public-health-reports_1935-02-01_50_5_djvu.txt	?	-
sim_public-health-reports_1935-02-08_50_6	https://archive.org/download/sim_public-health-reports_1935-02-08_50_6/sim_public-health-reports_1935-02-08_50_6_djvu.txt	?	-
sim_public-health-reports_1935-02-15_50_7	https://archive.org/download/sim_public-health-reports_1935-02-15_50_7/sim_public-health-reports_1935-02-15_50_7_djvu.txt	?	-
sim_public-health-reports_1935-02-22_50_8	https://archive.org/download/sim_public-health-reports_1935-02-22_50_8/sim_public-health-reports_1935-02-22_50_8_djvu.txt	?	-
sim_public-health-reports_1935-03-01_50_9	https://archive.org/download/sim_public-health-reports_1935-03-01_50_9/sim_public-health-reports_1935-03-01_50_9_djvu.txt	?	-
sim_public-health-reports_1935-03-08_50_10	https://archive.org/download/sim_public-health-reports_1935-03-08_50_10/sim_public-health-reports_1935-03-08_50_10_djvu.txt	?	-
sim_public-health-reports_1935-03-15_50_11	https://archive.org/download/sim_public-health-reports_1935-03-15_50_11/sim_public-health-reports_1935-03-15_50_11_djvu.txt	?	-
sim_public-health-reports_1935-03-22_50_12	https://archive.org/download/sim_public-health-reports_1935-03-22_50_12/sim_public-health-reports_1935-03-22_50_12_djvu.txt	?	-
sim_public-health-reports_1935-03-29_50_13	https://archive.org/download/sim_public-health-reports_1935-03-29_50_13/sim_public-health-reports_1935-03-29_50_13_djvu.txt	?	-
sim_public-health-reports_1935-04-05_50_14	https://archive.org/download/sim_public-health-reports_1935-04-05_50_14/sim_public-health-reports_1935-04-05_50_14_djvu.txt	?	-
sim_public-health-reports_1935-04-12_50_15	https://archive.org/download/sim_public-health-reports_1935-04-12_50_15/sim_public-health-reports_1935-04-12_50_15_djvu.txt	?	-
sim_public-health-reports_1935-04-19_50_16	https://archive.org/download/sim_public-health-reports_1935-04-19_50_16/sim_public-health-reports_1935-04-19_50_16_djvu.txt	?	-
sim_public-health-reports_1935-04-26_50_17	https://archive.org/download/sim_public-health-reports_1935-04-26_50_17/sim_public-health-reports_1935-04-26_50_17_djvu.txt	?	-
sim_public-health-reports_1935-05-03_50_18	https://archive.org/download/sim_public-health-reports_1935-05-03_50_18/sim_public-health-reports_1935-05-03_50_18_djvu.txt	?	-
sim_public-health-reports_1935-05-10_50_19	https://archive.org/download/sim_public-health-reports_1935-05-10_50_19/sim_public-health-reports_1935-05-10_50_19_djvu.txt	?	-
sim_public-health-reports_1935-05-17_50_20	https://archive.org/download/sim_public-health-reports_1935-05-17_50_20/sim_public-health-reports_1935-05-17_50_20_djvu.txt	?	-
sim_public-health-reports_1935-05-24_50_21	https://archive.org/download/sim_public-health-reports_1935-05-24_50_21/sim_public-health-reports_1935-05-24_50_21_djvu.txt	?	-
sim_public-health-reports_1935-05-31_50_22	https://archive.org/download/sim_public-health-reports_1935-05-31_50_22/sim_public-health-reports_1935-05-31_50_22_djvu.txt	?	-
sim_public-health-reports_1935-06-07_50_23	https://archive.org/download/sim_public-health-reports_1935-06-07_50_23/sim_public-health-reports_1935-06-07_50_23_djvu.txt	?	-
sim_public-health-reports_1935-06-14_50_24	https://archive.org/download/sim_public-health-reports_1935-06-14_50_24/sim_public-health-reports_1935-06-14_50_24_djvu.txt	?	-
sim_public-health-reports_1935-06-21_50_25	https://archive.org/download/sim_public-health-reports_1935-06-21_50_25/sim_public-health-reports_1935-06-21_50_25_djvu.txt	?	-
sim_public-health-reports_1935-06-28_50_26	https://archive.org/download/sim_public-health-reports_1935-06-28_50_26/sim_public-health-reports_1935-06-28_50_26_djvu.txt	?	-
sim_public-health-reports_1935-07-05_50_27	https://archive.org/download/sim_public-health-reports_1935-07-05_50_27/sim_public-health-reports_1935-07-05_50_27_djvu.txt	?	-
sim_public-health-reports_1935-07-12_50_28	https://archive.org/download/sim_public-health-reports_1935-07-12_50_28/sim_public-health-reports_1935-07-12_50_28_djvu.txt	?	-
sim_public-health-reports_1935-07-19_50_29	https://archive.org/download/sim_public-health-reports_1935-07-19_50_29/sim_public-health-reports_1935-07-19_50_29_djvu.txt	?	-
sim_public-health-reports_1935-07-26_50_30	https://archive.org/download/sim_public-health-reports_1935-07-26_50_30/sim_public-health-reports_1935-07-26_50_30_djvu.txt	?	-
sim_public-health-reports_1935-08-02_50_31	https://archive.org/download/sim_public-health-reports_1935-08-02_50_31/sim_public-health-reports_1935-08-02_50_31_djvu.txt	?	-
sim_public-health-reports_1935-08-09_50_32	https://archive.org/download/sim_public-health-reports_1935-08-09_50_32/sim_public-health-reports_1935-08-09_50_32_djvu.txt	?	-
sim_public-health-reports_1935-08-16_50_33	https://archive.org/download/sim_public-health-reports_1935-08-16_50_33/sim_public-health-reports_1935-08-16_50_33_djvu.txt	?	-
sim_public-health-reports_1935-08-30_50_35	https://archive.org/download/sim_public-health-reports_1935-08-30_50_35/sim_public-health-reports_1935-08-30_50_35_djvu.txt	?	-
sim_public-health-reports_1935-09-06_50_36	https://archive.org/download/sim_public-health-reports_1935-09-06_50_36/sim_public-health-reports_1935-09-06_50_36_djvu.txt	?	-
sim_public-health-reports_1935-09-13_50_37	https://archive.org/download/sim_public-health-reports_1935-09-13_50_37/sim_public-health-reports_1935-09-13_50_37_djvu.txt	?	-
sim_public-health-reports_1935-09-20_50_38	https://archive.org/download/sim_public-health-reports_1935-09-20_50_38/sim_public-health-reports_1935-09-20_50_38_djvu.txt	?	-
sim_public-health-reports_1935-09-27_50_39	https://archive.org/download/sim_public-health-reports_1935-09-27_50_39/sim_public-health-reports_1935-09-27_50_39_djvu.txt	?	-
sim_public-health-reports_1935-10-04_50_40	https://archive.org/download/sim_public-health-reports_1935-10-04_50_40/sim_public-health-reports_1935-10-04_50_40_djvu.txt	?	-
sim_public-health-reports_1935-10-11_50_41	https://archive.org/download/sim_public-health-reports_1935-10-11_50_41/sim_public-health-reports_1935-10-11_50_41_djvu.txt	?	-
sim_public-health-reports_1935-10-18_50_42	https://archive.org/download/sim_public-health-reports_1935-10-18_50_42/sim_public-health-reports_1935-10-18_50_42_djvu.txt	?	-
sim_public-health-reports_1935-10-25_50_43	https://archive.org/download/sim_public-health-reports_1935-10-25_50_43/sim_public-health-reports_1935-10-25_50_43_djvu.txt	?	-
sim_public-health-reports_1935-11-01_50_44	https://archive.org/download/sim_public-health-reports_1935-11-01_50_44/sim_public-health-reports_1935-11-01_50_44_djvu.txt	?	-
sim_public-health-reports_1935-11-08_50_45	https://archive.org/download/sim_public-health-reports_1935-11-08_50_45/sim_public-health-reports_1935-11-08_50_45_djvu.txt	?	-
sim_public-health-reports_1935-11-15_50_46	https://archive.org/download/sim_public-health-reports_1935-11-15_50_46/sim_public-health-reports_1935-11-15_50_46_djvu.txt	?	-
sim_public-health-reports_1935-11-29_50_48	https://archive.org/download/sim_public-health-reports_1935-11-29_50_48/sim_public-health-reports_1935-11-29_50_48_djvu.txt	?	-
sim_public-health-reports_1935-12-06_50_49	https://archive.org/download/sim_public-health-reports_1935-12-06_50_49/sim_public-health-reports_1935-12-06_50_49_djvu.txt	?	-
sim_public-health-reports_1935-12-13_50_50	https://archive.org/download/sim_public-health-reports_1935-12-13_50_50/sim_public-health-reports_1935-12-13_50_50_djvu.txt	?	-
sim_public-health-reports_1935-12-20_50_51	https://archive.org/download/sim_public-health-reports_1935-12-20_50_51/sim_public-health-reports_1935-12-20_50_51_djvu.txt	?	-
sim_public-health-reports_1935-12-27_50_52	https://archive.org/download/sim_public-health-reports_1935-12-27_50_52/sim_public-health-reports_1935-12-27_50_52_djvu.txt	?	-
sim_public-health-reports_1935_supplement-113	https://archive.org/download/sim_public-health-reports_1935_supplement-113/sim_public-health-reports_1935_supplement-113_djvu.txt	?	-
sim_public-health-reports_1935_supplement-114	https://archive.org/download/sim_public-health-reports_1935_supplement-114/sim_public-health-reports_1935_supplement-114_djvu.txt	?	-
sim_public-health-reports_1935_supplement-115	https://archive.org/download/sim_public-health-reports_1935_supplement-115/sim_public-health-reports_1935_supplement-115_djvu.txt	?	-
sim_public-health-reports_1935_supplement-116	https://archive.org/download/sim_public-health-reports_1935_supplement-116/sim_public-health-reports_1935_supplement-116_djvu.txt	?	-
sim_public-health-reports_1935_supplement-117	https://archive.org/download/sim_public-health-reports_1935_supplement-117/sim_public-health-reports_1935_supplement-117_djvu.txt	?	-
sim_public-health-reports_1936-01-03_51_1	https://archive.org/download/sim_public-health-reports_1936-01-03_51_1/sim_public-health-reports_1936-01-03_51_1_djvu.txt	?	-
sim_public-health-reports_1936-01-10_51_2	https://archive.org/download/sim_public-health-reports_1936-01-10_51_2/sim_public-health-reports_1936-01-10_51_2_djvu.txt	?	-
sim_public-health-reports_1936-01-17_51_3	https://archive.org/download/sim_public-health-reports_1936-01-17_51_3/sim_public-health-reports_1936-01-17_51_3_djvu.txt	?	-
sim_public-health-reports_1936-01-24_51_4	https://archive.org/download/sim_public-health-reports_1936-01-24_51_4/sim_public-health-reports_1936-01-24_51_4_djvu.txt	?	-
sim_public-health-reports_1936-01-31_51_5	https://archive.org/download/sim_public-health-reports_1936-01-31_51_5/sim_public-health-reports_1936-01-31_51_5_djvu.txt	?	-
sim_public-health-reports_1936-02-07_51_6	https://archive.org/download/sim_public-health-reports_1936-02-07_51_6/sim_public-health-reports_1936-02-07_51_6_djvu.txt	?	-
sim_public-health-reports_1936-02-14_51_7	https://archive.org/download/sim_public-health-reports_1936-02-14_51_7/sim_public-health-reports_1936-02-14_51_7_djvu.txt	?	-
sim_public-health-reports_1936-02-21_51_8	https://archive.org/download/sim_public-health-reports_1936-02-21_51_8/sim_public-health-reports_1936-02-21_51_8_djvu.txt	?	-
sim_public-health-reports_1936-02-28_51_9	https://archive.org/download/sim_public-health-reports_1936-02-28_51_9/sim_public-health-reports_1936-02-28_51_9_djvu.txt	?	-
sim_public-health-reports_1936-03-06_51_10	https://archive.org/download/sim_public-health-reports_1936-03-06_51_10/sim_public-health-reports_1936-03-06_51_10_djvu.txt	?	-
sim_public-health-reports_1936-03-20_51_12	https://archive.org/download/sim_public-health-reports_1936-03-20_51_12/sim_public-health-reports_1936-03-20_51_12_djvu.txt	?	-
sim_public-health-reports_1936-03-27_51_13	https://archive.org/download/sim_public-health-reports_1936-03-27_51_13/sim_public-health-reports_1936-03-27_51_13_djvu.txt	?	-
sim_public-health-reports_1936-04-03_51_14	https://archive.org/download/sim_public-health-reports_1936-04-03_51_14/sim_public-health-reports_1936-04-03_51_14_djvu.txt	?	-
sim_public-health-reports_1936-04-10_51_15	https://archive.org/download/sim_public-health-reports_1936-04-10_51_15/sim_public-health-reports_1936-04-10_51_15_djvu.txt	?	-
sim_public-health-reports_1936-04-17_51_16	https://archive.org/download/sim_public-health-reports_1936-04-17_51_16/sim_public-health-reports_1936-04-17_51_16_djvu.txt	?	-
sim_public-health-reports_1936-04-24_51_17	https://archive.org/download/sim_public-health-reports_1936-04-24_51_17/sim_public-health-reports_1936-04-24_51_17_djvu.txt	?	-
sim_public-health-reports_1936-05-01_51_18	https://archive.org/download/sim_public-health-reports_1936-05-01_51_18/sim_public-health-reports_1936-05-01_51_18_djvu.txt	?	-
sim_public-health-reports_1936-05-08_51_19	https://archive.org/download/sim_public-health-reports_1936-05-08_51_19/sim_public-health-reports_1936-05-08_51_19_djvu.txt	?	-
sim_public-health-reports_1936-05-15_51_20	https://archive.org/download/sim_public-health-reports_1936-05-15_51_20/sim_public-health-reports_1936-05-15_51_20_djvu.txt	?	-
sim_public-health-reports_1936-05-22_51_21	https://archive.org/download/sim_public-health-reports_1936-05-22_51_21/sim_public-health-reports_1936-05-22_51_21_djvu.txt	?	-
sim_public-health-reports_1936-05-29_51_22	https://archive.org/download/sim_public-health-reports_1936-05-29_51_22/sim_public-health-reports_1936-05-29_51_22_djvu.txt	?	-
sim_public-health-reports_1936-06-05_51_23	https://archive.org/download/sim_public-health-reports_1936-06-05_51_23/sim_public-health-reports_1936-06-05_51_23_djvu.txt	?	-
sim_public-health-reports_1936-06-12_51_24	https://archive.org/download/sim_public-health-reports_1936-06-12_51_24/sim_public-health-reports_1936-06-12_51_24_djvu.txt	?	-
sim_public-health-reports_1936-06-19_51_25	https://archive.org/download/sim_public-health-reports_1936-06-19_51_25/sim_public-health-reports_1936-06-19_51_25_djvu.txt	?	-
sim_public-health-reports_1936-06-26_51_26	https://archive.org/download/sim_public-health-reports_1936-06-26_51_26/sim_public-health-reports_1936-06-26_51_26_djvu.txt	?	-
sim_public-health-reports_1936-07-03_51_27	https://archive.org/download/sim_public-health-reports_1936-07-03_51_27/sim_public-health-reports_1936-07-03_51_27_djvu.txt	?	-
sim_public-health-reports_1936-07-10_51_28	https://archive.org/download/sim_public-health-reports_1936-07-10_51_28/sim_public-health-reports_1936-07-10_51_28_djvu.txt	?	-
sim_public-health-reports_1936-07-17_51_29	https://archive.org/download/sim_public-health-reports_1936-07-17_51_29/sim_public-health-reports_1936-07-17_51_29_djvu.txt	?	-
sim_public-health-reports_1936-07-24_51_30	https://archive.org/download/sim_public-health-reports_1936-07-24_51_30/sim_public-health-reports_1936-07-24_51_30_djvu.txt	?	-
sim_public-health-reports_1936-07-31_51_31	https://archive.org/download/sim_public-health-reports_1936-07-31_51_31/sim_public-health-reports_1936-07-31_51_31_djvu.txt	?	-
sim_public-health-reports_1936-08-07_51_32	https://archive.org/download/sim_public-health-reports_1936-08-07_51_32/sim_public-health-reports_1936-08-07_51_32_djvu.txt	?	-
sim_public-health-reports_1936-08-14_51_33	https://archive.org/download/sim_public-health-reports_1936-08-14_51_33/sim_public-health-reports_1936-08-14_51_33_djvu.txt	?	-
sim_public-health-reports_1936-08-21_51_34	https://archive.org/download/sim_public-health-reports_1936-08-21_51_34/sim_public-health-reports_1936-08-21_51_34_djvu.txt	?	-
sim_public-health-reports_1936-08-28_51_35	https://archive.org/download/sim_public-health-reports_1936-08-28_51_35/sim_public-health-reports_1936-08-28_51_35_djvu.txt	?	-
sim_public-health-reports_1936-09-04_51_36	https://archive.org/download/sim_public-health-reports_1936-09-04_51_36/sim_public-health-reports_1936-09-04_51_36_djvu.txt	?	-
sim_public-health-reports_1936-09-11_51_37	https://archive.org/download/sim_public-health-reports_1936-09-11_51_37/sim_public-health-reports_1936-09-11_51_37_djvu.txt	?	-
sim_public-health-reports_1936-09-18_51_38	https://archive.org/download/sim_public-health-reports_1936-09-18_51_38/sim_public-health-reports_1936-09-18_51_38_djvu.txt	?	-
sim_public-health-reports_1936-09-25_51_39	https://archive.org/download/sim_public-health-reports_1936-09-25_51_39/sim_public-health-reports_1936-09-25_51_39_djvu.txt	?	-
sim_public-health-reports_1936-10-02_51_40	https://archive.org/download/sim_public-health-reports_1936-10-02_51_40/sim_public-health-reports_1936-10-02_51_40_djvu.txt	?	-
sim_public-health-reports_1936-10-09_51_41	https://archive.org/download/sim_public-health-reports_1936-10-09_51_41/sim_public-health-reports_1936-10-09_51_41_djvu.txt	?	-
sim_public-health-reports_1936-10-16_51_42	https://archive.org/download/sim_public-health-reports_1936-10-16_51_42/sim_public-health-reports_1936-10-16_51_42_djvu.txt	?	-
sim_public-health-reports_1936-10-23_51_43	https://archive.org/download/sim_public-health-reports_1936-10-23_51_43/sim_public-health-reports_1936-10-23_51_43_djvu.txt	?	-
sim_public-health-reports_1936-10-30_51_44	https://archive.org/download/sim_public-health-reports_1936-10-30_51_44/sim_public-health-reports_1936-10-30_51_44_djvu.txt	?	-
sim_public-health-reports_1936-11-06_51_45	https://archive.org/download/sim_public-health-reports_1936-11-06_51_45/sim_public-health-reports_1936-11-06_51_45_djvu.txt	?	-
sim_public-health-reports_1936-11-13_51_46	https://archive.org/download/sim_public-health-reports_1936-11-13_51_46/sim_public-health-reports_1936-11-13_51_46_djvu.txt	?	-
sim_public-health-reports_1936-11-20_51_47	https://archive.org/download/sim_public-health-reports_1936-11-20_51_47/sim_public-health-reports_1936-11-20_51_47_djvu.txt	?	-
sim_public-health-reports_1936-11-27_51_48	https://archive.org/download/sim_public-health-reports_1936-11-27_51_48/sim_public-health-reports_1936-11-27_51_48_djvu.txt	?	-
sim_public-health-reports_1936-12-04_51_49	https://archive.org/download/sim_public-health-reports_1936-12-04_51_49/sim_public-health-reports_1936-12-04_51_49_djvu.txt	?	-
sim_public-health-reports_1936-12-11_51_50	https://archive.org/download/sim_public-health-reports_1936-12-11_51_50/sim_public-health-reports_1936-12-11_51_50_djvu.txt	?	-
sim_public-health-reports_1936-12-18_51_51	https://archive.org/download/sim_public-health-reports_1936-12-18_51_51/sim_public-health-reports_1936-12-18_51_51_djvu.txt	?	-
sim_public-health-reports_1936-12-25_51_52	https://archive.org/download/sim_public-health-reports_1936-12-25_51_52/sim_public-health-reports_1936-12-25_51_52_djvu.txt	?	-
sim_public-health-reports_1936_supplement-118	https://archive.org/download/sim_public-health-reports_1936_supplement-118/sim_public-health-reports_1936_supplement-118_djvu.txt	?	-
sim_public-health-reports_1936_supplement-119	https://archive.org/download/sim_public-health-reports_1936_supplement-119/sim_public-health-reports_1936_supplement-119_djvu.txt	?	-
sim_public-health-reports_1936_supplement-120	https://archive.org/download/sim_public-health-reports_1936_supplement-120/sim_public-health-reports_1936_supplement-120_djvu.txt	?	-
sim_public-health-reports_1936_supplement-121	https://archive.org/download/sim_public-health-reports_1936_supplement-121/sim_public-health-reports_1936_supplement-121_djvu.txt	?	-
sim_public-health-reports_1937-01-01_52_1	https://archive.org/download/sim_public-health-reports_1937-01-01_52_1/sim_public-health-reports_1937-01-01_52_1_djvu.txt	?	-
sim_public-health-reports_1937-01-08_52_2	https://archive.org/download/sim_public-health-reports_1937-01-08_52_2/sim_public-health-reports_1937-01-08_52_2_djvu.txt	?	-
sim_public-health-reports_1937-01-15_52_3	https://archive.org/download/sim_public-health-reports_1937-01-15_52_3/sim_public-health-reports_1937-01-15_52_3_djvu.txt	?	-
sim_public-health-reports_1937-01-22_52_4	https://archive.org/download/sim_public-health-reports_1937-01-22_52_4/sim_public-health-reports_1937-01-22_52_4_djvu.txt	?	-
sim_public-health-reports_1937-01-29_52_5	https://archive.org/download/sim_public-health-reports_1937-01-29_52_5/sim_public-health-reports_1937-01-29_52_5_djvu.txt	?	-
sim_public-health-reports_1937-02-05_52_6	https://archive.org/download/sim_public-health-reports_1937-02-05_52_6/sim_public-health-reports_1937-02-05_52_6_djvu.txt	?	-
sim_public-health-reports_1937-02-12_52_7	https://archive.org/download/sim_public-health-reports_1937-02-12_52_7/sim_public-health-reports_1937-02-12_52_7_djvu.txt	?	-
sim_public-health-reports_1937-02-19_52_8	https://archive.org/download/sim_public-health-reports_1937-02-19_52_8/sim_public-health-reports_1937-02-19_52_8_djvu.txt	?	-
sim_public-health-reports_1937-02-26_52_9	https://archive.org/download/sim_public-health-reports_1937-02-26_52_9/sim_public-health-reports_1937-02-26_52_9_djvu.txt	?	-
sim_public-health-reports_1937-03-05_52_10	https://archive.org/download/sim_public-health-reports_1937-03-05_52_10/sim_public-health-reports_1937-03-05_52_10_djvu.txt	?	-
sim_public-health-reports_1937-03-12_52_11	https://archive.org/download/sim_public-health-reports_1937-03-12_52_11/sim_public-health-reports_1937-03-12_52_11_djvu.txt	?	-
sim_public-health-reports_1937-03-19_52_12	https://archive.org/download/sim_public-health-reports_1937-03-19_52_12/sim_public-health-reports_1937-03-19_52_12_djvu.txt	?	-
sim_public-health-reports_1937-03-26_52_13	https://archive.org/download/sim_public-health-reports_1937-03-26_52_13/sim_public-health-reports_1937-03-26_52_13_djvu.txt	?	-
sim_public-health-reports_1937-04-02_52_14	https://archive.org/download/sim_public-health-reports_1937-04-02_52_14/sim_public-health-reports_1937-04-02_52_14_djvu.txt	?	-
sim_public-health-reports_1937-04-09_52_15	https://archive.org/download/sim_public-health-reports_1937-04-09_52_15/sim_public-health-reports_1937-04-09_52_15_djvu.txt	?	-
sim_public-health-reports_1937-04-16_52_16	https://archive.org/download/sim_public-health-reports_1937-04-16_52_16/sim_public-health-reports_1937-04-16_52_16_djvu.txt	?	-
sim_public-health-reports_1937-04-23_52_17	https://archive.org/download/sim_public-health-reports_1937-04-23_52_17/sim_public-health-reports_1937-04-23_52_17_djvu.txt	?	-
sim_public-health-reports_1937-04-30_52_18	https://archive.org/download/sim_public-health-reports_1937-04-30_52_18/sim_public-health-reports_1937-04-30_52_18_djvu.txt	?	-
sim_public-health-reports_1937-05-07_52_19	https://archive.org/download/sim_public-health-reports_1937-05-07_52_19/sim_public-health-reports_1937-05-07_52_19_djvu.txt	?	-
sim_public-health-reports_1937-05-14_52_20	https://archive.org/download/sim_public-health-reports_1937-05-14_52_20/sim_public-health-reports_1937-05-14_52_20_djvu.txt	?	-
sim_public-health-reports_1937-05-21_52_21	https://archive.org/download/sim_public-health-reports_1937-05-21_52_21/sim_public-health-reports_1937-05-21_52_21_djvu.txt	?	-
sim_public-health-reports_1937-05-28_52_22	https://archive.org/download/sim_public-health-reports_1937-05-28_52_22/sim_public-health-reports_1937-05-28_52_22_djvu.txt	?	-
sim_public-health-reports_1937-06-04_52_23	https://archive.org/download/sim_public-health-reports_1937-06-04_52_23/sim_public-health-reports_1937-06-04_52_23_djvu.txt	?	-
sim_public-health-reports_1937-06-11_52_24	https://archive.org/download/sim_public-health-reports_1937-06-11_52_24/sim_public-health-reports_1937-06-11_52_24_djvu.txt	?	-
sim_public-health-reports_1937-06-18_52_25	https://archive.org/download/sim_public-health-reports_1937-06-18_52_25/sim_public-health-reports_1937-06-18_52_25_djvu.txt	?	-
sim_public-health-reports_1937-06-25_52_26	https://archive.org/download/sim_public-health-reports_1937-06-25_52_26/sim_public-health-reports_1937-06-25_52_26_djvu.txt	?	-
sim_public-health-reports_1937-07-02_52_27	https://archive.org/download/sim_public-health-reports_1937-07-02_52_27/sim_public-health-reports_1937-07-02_52_27_djvu.txt	?	-
sim_public-health-reports_1937-07-09_52_28	https://archive.org/download/sim_public-health-reports_1937-07-09_52_28/sim_public-health-reports_1937-07-09_52_28_djvu.txt	?	-
sim_public-health-reports_1937-07-16_52_29	https://archive.org/download/sim_public-health-reports_1937-07-16_52_29/sim_public-health-reports_1937-07-16_52_29_djvu.txt	?	-
sim_public-health-reports_1937-07-23_52_30	https://archive.org/download/sim_public-health-reports_1937-07-23_52_30/sim_public-health-reports_1937-07-23_52_30_djvu.txt	?	-
sim_public-health-reports_1937-07-30_52_31	https://archive.org/download/sim_public-health-reports_1937-07-30_52_31/sim_public-health-reports_1937-07-30_52_31_djvu.txt	?	-
sim_public-health-reports_1937-08-06_52_32	https://archive.org/download/sim_public-health-reports_1937-08-06_52_32/sim_public-health-reports_1937-08-06_52_32_djvu.txt	?	-
sim_public-health-reports_1937-08-13_52_33	https://archive.org/download/sim_public-health-reports_1937-08-13_52_33/sim_public-health-reports_1937-08-13_52_33_djvu.txt	?	-
sim_public-health-reports_1937-08-20_52_34	https://archive.org/download/sim_public-health-reports_1937-08-20_52_34/sim_public-health-reports_1937-08-20_52_34_djvu.txt	?	-
sim_public-health-reports_1937-08-27_52_35	https://archive.org/download/sim_public-health-reports_1937-08-27_52_35/sim_public-health-reports_1937-08-27_52_35_djvu.txt	?	-
sim_public-health-reports_1937-09-03_52_36	https://archive.org/download/sim_public-health-reports_1937-09-03_52_36/sim_public-health-reports_1937-09-03_52_36_djvu.txt	?	-
sim_public-health-reports_1937-09-10_52_37	https://archive.org/download/sim_public-health-reports_1937-09-10_52_37/sim_public-health-reports_1937-09-10_52_37_djvu.txt	?	-
sim_public-health-reports_1937-09-17_52_38	https://archive.org/download/sim_public-health-reports_1937-09-17_52_38/sim_public-health-reports_1937-09-17_52_38_djvu.txt	?	-
sim_public-health-reports_1937-09-24_52_39	https://archive.org/download/sim_public-health-reports_1937-09-24_52_39/sim_public-health-reports_1937-09-24_52_39_djvu.txt	?	-
sim_public-health-reports_1937-10-01_52_40	https://archive.org/download/sim_public-health-reports_1937-10-01_52_40/sim_public-health-reports_1937-10-01_52_40_djvu.txt	?	-
sim_public-health-reports_1937-10-08_52_41	https://archive.org/download/sim_public-health-reports_1937-10-08_52_41/sim_public-health-reports_1937-10-08_52_41_djvu.txt	?	-
sim_public-health-reports_1937-10-15_52_42	https://archive.org/download/sim_public-health-reports_1937-10-15_52_42/sim_public-health-reports_1937-10-15_52_42_djvu.txt	?	-
sim_public-health-reports_1937-10-22_52_43	https://archive.org/download/sim_public-health-reports_1937-10-22_52_43/sim_public-health-reports_1937-10-22_52_43_djvu.txt	?	-
sim_public-health-reports_1937-10-29_52_44	https://archive.org/download/sim_public-health-reports_1937-10-29_52_44/sim_public-health-reports_1937-10-29_52_44_djvu.txt	?	-
sim_public-health-reports_1937-11-05_52_45	https://archive.org/download/sim_public-health-reports_1937-11-05_52_45/sim_public-health-reports_1937-11-05_52_45_djvu.txt	?	-
sim_public-health-reports_1937-11-12_52_46	https://archive.org/download/sim_public-health-reports_1937-11-12_52_46/sim_public-health-reports_1937-11-12_52_46_djvu.txt	?	-
sim_public-health-reports_1937-11-19_52_47	https://archive.org/download/sim_public-health-reports_1937-11-19_52_47/sim_public-health-reports_1937-11-19_52_47_djvu.txt	?	-
sim_public-health-reports_1937-11-26_52_48	https://archive.org/download/sim_public-health-reports_1937-11-26_52_48/sim_public-health-reports_1937-11-26_52_48_djvu.txt	?	-
sim_public-health-reports_1937-12-03_52_49	https://archive.org/download/sim_public-health-reports_1937-12-03_52_49/sim_public-health-reports_1937-12-03_52_49_djvu.txt	?	-
sim_public-health-reports_1937-12-10_52_50	https://archive.org/download/sim_public-health-reports_1937-12-10_52_50/sim_public-health-reports_1937-12-10_52_50_djvu.txt	?	-
sim_public-health-reports_1937-12-17_52_51	https://archive.org/download/sim_public-health-reports_1937-12-17_52_51/sim_public-health-reports_1937-12-17_52_51_djvu.txt	?	-
sim_public-health-reports_1937-12-24_52_52	https://archive.org/download/sim_public-health-reports_1937-12-24_52_52/sim_public-health-reports_1937-12-24_52_52_djvu.txt	?	-
sim_public-health-reports_1937-12-31_52_53	https://archive.org/download/sim_public-health-reports_1937-12-31_52_53/sim_public-health-reports_1937-12-31_52_53_djvu.txt	?	-
sim_public-health-reports_1937_supplement-122	https://archive.org/download/sim_public-health-reports_1937_supplement-122/sim_public-health-reports_1937_supplement-122_djvu.txt	?	-
sim_public-health-reports_1937_supplement-123	https://archive.org/download/sim_public-health-reports_1937_supplement-123/sim_public-health-reports_1937_supplement-123_djvu.txt	?	-
sim_public-health-reports_1937_supplement-124	https://archive.org/download/sim_public-health-reports_1937_supplement-124/sim_public-health-reports_1937_supplement-124_djvu.txt	?	-
sim_public-health-reports_1937_supplement-125	https://archive.org/download/sim_public-health-reports_1937_supplement-125/sim_public-health-reports_1937_supplement-125_djvu.txt	?	-
sim_public-health-reports_1937_supplement-126	https://archive.org/download/sim_public-health-reports_1937_supplement-126/sim_public-health-reports_1937_supplement-126_djvu.txt	?	-
sim_public-health-reports_1937_supplement-127	https://archive.org/download/sim_public-health-reports_1937_supplement-127/sim_public-health-reports_1937_supplement-127_djvu.txt	?	-
sim_public-health-reports_1937_supplement-129	https://archive.org/download/sim_public-health-reports_1937_supplement-129/sim_public-health-reports_1937_supplement-129_djvu.txt	?	-
sim_public-health-reports_1937_supplement-130	https://archive.org/download/sim_public-health-reports_1937_supplement-130/sim_public-health-reports_1937_supplement-130_djvu.txt	?	-
sim_public-health-reports_1937_supplement-131	https://archive.org/download/sim_public-health-reports_1937_supplement-131/sim_public-health-reports_1937_supplement-131_djvu.txt	?	-
sim_public-health-reports_1937_supplement-132	https://archive.org/download/sim_public-health-reports_1937_supplement-132/sim_public-health-reports_1937_supplement-132_djvu.txt	?	-
sim_public-health-reports_1937_supplement-133	https://archive.org/download/sim_public-health-reports_1937_supplement-133/sim_public-health-reports_1937_supplement-133_djvu.txt	?	-
sim_public-health-reports_1938-01-07_53_1	https://archive.org/download/sim_public-health-reports_1938-01-07_53_1/sim_public-health-reports_1938-01-07_53_1_djvu.txt	?	-
sim_public-health-reports_1938-01-14_53_2	https://archive.org/download/sim_public-health-reports_1938-01-14_53_2/sim_public-health-reports_1938-01-14_53_2_djvu.txt	?	-
sim_public-health-reports_1938-01-21_53_3	https://archive.org/download/sim_public-health-reports_1938-01-21_53_3/sim_public-health-reports_1938-01-21_53_3_djvu.txt	?	-
sim_public-health-reports_1938-01-28_53_4	https://archive.org/download/sim_public-health-reports_1938-01-28_53_4/sim_public-health-reports_1938-01-28_53_4_djvu.txt	?	-
sim_public-health-reports_1938-02-04_53_5	https://archive.org/download/sim_public-health-reports_1938-02-04_53_5/sim_public-health-reports_1938-02-04_53_5_djvu.txt	?	-
sim_public-health-reports_1938-02-11_53_6	https://archive.org/download/sim_public-health-reports_1938-02-11_53_6/sim_public-health-reports_1938-02-11_53_6_djvu.txt	?	-
sim_public-health-reports_1938-02-18_53_7	https://archive.org/download/sim_public-health-reports_1938-02-18_53_7/sim_public-health-reports_1938-02-18_53_7_djvu.txt	?	-
sim_public-health-reports_1938-02-25_53_8	https://archive.org/download/sim_public-health-reports_1938-02-25_53_8/sim_public-health-reports_1938-02-25_53_8_djvu.txt	?	-
sim_public-health-reports_1938-03-04_53_9	https://archive.org/download/sim_public-health-reports_1938-03-04_53_9/sim_public-health-reports_1938-03-04_53_9_djvu.txt	?	-
sim_public-health-reports_1938-03-11_53_10	https://archive.org/download/sim_public-health-reports_1938-03-11_53_10/sim_public-health-reports_1938-03-11_53_10_djvu.txt	?	-
sim_public-health-reports_1938-03-18_53_11	https://archive.org/download/sim_public-health-reports_1938-03-18_53_11/sim_public-health-reports_1938-03-18_53_11_djvu.txt	?	-
sim_public-health-reports_1938-03-25_53_12	https://archive.org/download/sim_public-health-reports_1938-03-25_53_12/sim_public-health-reports_1938-03-25_53_12_djvu.txt	?	-
sim_public-health-reports_1938-04-01_53_13	https://archive.org/download/sim_public-health-reports_1938-04-01_53_13/sim_public-health-reports_1938-04-01_53_13_djvu.txt	?	-
sim_public-health-reports_1938-04-08_53_14	https://archive.org/download/sim_public-health-reports_1938-04-08_53_14/sim_public-health-reports_1938-04-08_53_14_djvu.txt	?	-
sim_public-health-reports_1938-04-15_53_15	https://archive.org/download/sim_public-health-reports_1938-04-15_53_15/sim_public-health-reports_1938-04-15_53_15_djvu.txt	?	-
sim_public-health-reports_1938-04-22_53_16	https://archive.org/download/sim_public-health-reports_1938-04-22_53_16/sim_public-health-reports_1938-04-22_53_16_djvu.txt	?	-
sim_public-health-reports_1938-04-29_53_17	https://archive.org/download/sim_public-health-reports_1938-04-29_53_17/sim_public-health-reports_1938-04-29_53_17_djvu.txt	?	-
sim_public-health-reports_1938-05-06_53_18	https://archive.org/download/sim_public-health-reports_1938-05-06_53_18/sim_public-health-reports_1938-05-06_53_18_djvu.txt	?	-
sim_public-health-reports_1938-05-13_53_19	https://archive.org/download/sim_public-health-reports_1938-05-13_53_19/sim_public-health-reports_1938-05-13_53_19_djvu.txt	?	-
sim_public-health-reports_1938-05-20_53_20	https://archive.org/download/sim_public-health-reports_1938-05-20_53_20/sim_public-health-reports_1938-05-20_53_20_djvu.txt	?	-
sim_public-health-reports_1938-05-27_53_21	https://archive.org/download/sim_public-health-reports_1938-05-27_53_21/sim_public-health-reports_1938-05-27_53_21_djvu.txt	?	-
sim_public-health-reports_1938-06-03_53_22	https://archive.org/download/sim_public-health-reports_1938-06-03_53_22/sim_public-health-reports_1938-06-03_53_22_djvu.txt	?	-
sim_public-health-reports_1938-06-10_53_23	https://archive.org/download/sim_public-health-reports_1938-06-10_53_23/sim_public-health-reports_1938-06-10_53_23_djvu.txt	?	-
sim_public-health-reports_1938-06-17_53_24	https://archive.org/download/sim_public-health-reports_1938-06-17_53_24/sim_public-health-reports_1938-06-17_53_24_djvu.txt	?	-
sim_public-health-reports_1938-06-24_53_25	https://archive.org/download/sim_public-health-reports_1938-06-24_53_25/sim_public-health-reports_1938-06-24_53_25_djvu.txt	?	-
sim_public-health-reports_1938-07-01_53_26	https://archive.org/download/sim_public-health-reports_1938-07-01_53_26/sim_public-health-reports_1938-07-01_53_26_djvu.txt	?	-
sim_public-health-reports_1938-07-08_53_27	https://archive.org/download/sim_public-health-reports_1938-07-08_53_27/sim_public-health-reports_1938-07-08_53_27_djvu.txt	?	-
sim_public-health-reports_1938-07-15_53_28	https://archive.org/download/sim_public-health-reports_1938-07-15_53_28/sim_public-health-reports_1938-07-15_53_28_djvu.txt	?	-
sim_public-health-reports_1938-07-22_53_29	https://archive.org/download/sim_public-health-reports_1938-07-22_53_29/sim_public-health-reports_1938-07-22_53_29_djvu.txt	?	-
sim_public-health-reports_1938-07-29_53_30	https://archive.org/download/sim_public-health-reports_1938-07-29_53_30/sim_public-health-reports_1938-07-29_53_30_djvu.txt	?	-
sim_public-health-reports_1938-08-05_53_31	https://archive.org/download/sim_public-health-reports_1938-08-05_53_31/sim_public-health-reports_1938-08-05_53_31_djvu.txt	?	-
sim_public-health-reports_1938-08-12_53_32	https://archive.org/download/sim_public-health-reports_1938-08-12_53_32/sim_public-health-reports_1938-08-12_53_32_djvu.txt	?	-
sim_public-health-reports_1938-08-19_53_33	https://archive.org/download/sim_public-health-reports_1938-08-19_53_33/sim_public-health-reports_1938-08-19_53_33_djvu.txt	?	-
sim_public-health-reports_1938-08-26_53_34	https://archive.org/download/sim_public-health-reports_1938-08-26_53_34/sim_public-health-reports_1938-08-26_53_34_djvu.txt	?	-
sim_public-health-reports_1938-09-02_53_35	https://archive.org/download/sim_public-health-reports_1938-09-02_53_35/sim_public-health-reports_1938-09-02_53_35_djvu.txt	?	-
sim_public-health-reports_1938-09-09_53_36	https://archive.org/download/sim_public-health-reports_1938-09-09_53_36/sim_public-health-reports_1938-09-09_53_36_djvu.txt	?	-
sim_public-health-reports_1938-09-16_53_37	https://archive.org/download/sim_public-health-reports_1938-09-16_53_37/sim_public-health-reports_1938-09-16_53_37_djvu.txt	?	-
sim_public-health-reports_1938-09-23_53_38	https://archive.org/download/sim_public-health-reports_1938-09-23_53_38/sim_public-health-reports_1938-09-23_53_38_djvu.txt	?	-
sim_public-health-reports_1938-09-30_53_39	https://archive.org/download/sim_public-health-reports_1938-09-30_53_39/sim_public-health-reports_1938-09-30_53_39_djvu.txt	?	-
sim_public-health-reports_1938-10-07_53_40	https://archive.org/download/sim_public-health-reports_1938-10-07_53_40/sim_public-health-reports_1938-10-07_53_40_djvu.txt	?	-
sim_public-health-reports_1938-10-14_53_41	https://archive.org/download/sim_public-health-reports_1938-10-14_53_41/sim_public-health-reports_1938-10-14_53_41_djvu.txt	?	-
sim_public-health-reports_1938-10-21_53_42	https://archive.org/download/sim_public-health-reports_1938-10-21_53_42/sim_public-health-reports_1938-10-21_53_42_djvu.txt	?	-
sim_public-health-reports_1938-10-28_53_43	https://archive.org/download/sim_public-health-reports_1938-10-28_53_43/sim_public-health-reports_1938-10-28_53_43_djvu.txt	?	-
sim_public-health-reports_1938-11-04_53_44	https://archive.org/download/sim_public-health-reports_1938-11-04_53_44/sim_public-health-reports_1938-11-04_53_44_djvu.txt	?	-
sim_public-health-reports_1938-11-11_53_45	https://archive.org/download/sim_public-health-reports_1938-11-11_53_45/sim_public-health-reports_1938-11-11_53_45_djvu.txt	?	-
sim_public-health-reports_1938-11-18_53_46	https://archive.org/download/sim_public-health-reports_1938-11-18_53_46/sim_public-health-reports_1938-11-18_53_46_djvu.txt	?	-
sim_public-health-reports_1938-11-25_53_47	https://archive.org/download/sim_public-health-reports_1938-11-25_53_47/sim_public-health-reports_1938-11-25_53_47_djvu.txt	?	-
sim_public-health-reports_1938-12-02_53_48	https://archive.org/download/sim_public-health-reports_1938-12-02_53_48/sim_public-health-reports_1938-12-02_53_48_djvu.txt	?	-
sim_public-health-reports_1938-12-09_53_49	https://archive.org/download/sim_public-health-reports_1938-12-09_53_49/sim_public-health-reports_1938-12-09_53_49_djvu.txt	?	-
sim_public-health-reports_1938-12-16_53_50	https://archive.org/download/sim_public-health-reports_1938-12-16_53_50/sim_public-health-reports_1938-12-16_53_50_djvu.txt	?	-
sim_public-health-reports_1938-12-23_53_51	https://archive.org/download/sim_public-health-reports_1938-12-23_53_51/sim_public-health-reports_1938-12-23_53_51_djvu.txt	?	-
sim_public-health-reports_1938-12-30_53_52	https://archive.org/download/sim_public-health-reports_1938-12-30_53_52/sim_public-health-reports_1938-12-30_53_52_djvu.txt	?	-
sim_public-health-reports_1938_index	https://archive.org/download/sim_public-health-reports_1938_index/sim_public-health-reports_1938_index_djvu.txt	?	-
sim_public-health-reports_1938_supplement-128	https://archive.org/download/sim_public-health-reports_1938_supplement-128/sim_public-health-reports_1938_supplement-128_djvu.txt	?	-
sim_public-health-reports_1938_supplement-134	https://archive.org/download/sim_public-health-reports_1938_supplement-134/sim_public-health-reports_1938_supplement-134_djvu.txt	?	-
sim_public-health-reports_1938_supplement-136	https://archive.org/download/sim_public-health-reports_1938_supplement-136/sim_public-health-reports_1938_supplement-136_djvu.txt	?	-
sim_public-health-reports_1938_supplement-137	https://archive.org/download/sim_public-health-reports_1938_supplement-137/sim_public-health-reports_1938_supplement-137_djvu.txt	?	-
sim_public-health-reports_1938_supplement-138	https://archive.org/download/sim_public-health-reports_1938_supplement-138/sim_public-health-reports_1938_supplement-138_djvu.txt	?	-
sim_public-health-reports_1938_supplement-139	https://archive.org/download/sim_public-health-reports_1938_supplement-139/sim_public-health-reports_1938_supplement-139_djvu.txt	?	-
sim_public-health-reports_1938_supplement-140	https://archive.org/download/sim_public-health-reports_1938_supplement-140/sim_public-health-reports_1938_supplement-140_djvu.txt	?	-
sim_public-health-reports_1938_supplement-141	https://archive.org/download/sim_public-health-reports_1938_supplement-141/sim_public-health-reports_1938_supplement-141_djvu.txt	?	-
sim_public-health-reports_1938_supplement-142	https://archive.org/download/sim_public-health-reports_1938_supplement-142/sim_public-health-reports_1938_supplement-142_djvu.txt	?	-
sim_public-health-reports_1938_supplement-143	https://archive.org/download/sim_public-health-reports_1938_supplement-143/sim_public-health-reports_1938_supplement-143_djvu.txt	?	-
sim_public-health-reports_1938_supplement-144	https://archive.org/download/sim_public-health-reports_1938_supplement-144/sim_public-health-reports_1938_supplement-144_djvu.txt	?	-
sim_public-health-reports_1938_supplement-145	https://archive.org/download/sim_public-health-reports_1938_supplement-145/sim_public-health-reports_1938_supplement-145_djvu.txt	?	-
sim_public-health-reports_1938_supplement-146	https://archive.org/download/sim_public-health-reports_1938_supplement-146/sim_public-health-reports_1938_supplement-146_djvu.txt	?	-
sim_public-health-reports_1939-01-06_54_1	https://archive.org/download/sim_public-health-reports_1939-01-06_54_1/sim_public-health-reports_1939-01-06_54_1_djvu.txt	?	-
sim_public-health-reports_1939-01-13_54_2	https://archive.org/download/sim_public-health-reports_1939-01-13_54_2/sim_public-health-reports_1939-01-13_54_2_djvu.txt	?	-
sim_public-health-reports_1939-01-20_54_3	https://archive.org/download/sim_public-health-reports_1939-01-20_54_3/sim_public-health-reports_1939-01-20_54_3_djvu.txt	?	-
sim_public-health-reports_1939-01-27_54_4	https://archive.org/download/sim_public-health-reports_1939-01-27_54_4/sim_public-health-reports_1939-01-27_54_4_djvu.txt	?	-
sim_public-health-reports_1939-02-03_54_5	https://archive.org/download/sim_public-health-reports_1939-02-03_54_5/sim_public-health-reports_1939-02-03_54_5_djvu.txt	?	-
sim_public-health-reports_1939-02-10_54_6	https://archive.org/download/sim_public-health-reports_1939-02-10_54_6/sim_public-health-reports_1939-02-10_54_6_djvu.txt	?	-
sim_public-health-reports_1939-02-17_54_7	https://archive.org/download/sim_public-health-reports_1939-02-17_54_7/sim_public-health-reports_1939-02-17_54_7_djvu.txt	?	-
sim_public-health-reports_1939-02-24_54_8	https://archive.org/download/sim_public-health-reports_1939-02-24_54_8/sim_public-health-reports_1939-02-24_54_8_djvu.txt	?	-
sim_public-health-reports_1939-03-03_54_9	https://archive.org/download/sim_public-health-reports_1939-03-03_54_9/sim_public-health-reports_1939-03-03_54_9_djvu.txt	?	-
sim_public-health-reports_1939-03-10_54_10	https://archive.org/download/sim_public-health-reports_1939-03-10_54_10/sim_public-health-reports_1939-03-10_54_10_djvu.txt	?	-
sim_public-health-reports_1939-03-17_54_11	https://archive.org/download/sim_public-health-reports_1939-03-17_54_11/sim_public-health-reports_1939-03-17_54_11_djvu.txt	?	-
sim_public-health-reports_1939-03-24_54_12	https://archive.org/download/sim_public-health-reports_1939-03-24_54_12/sim_public-health-reports_1939-03-24_54_12_djvu.txt	?	-
sim_public-health-reports_1939-03-31_54_13	https://archive.org/download/sim_public-health-reports_1939-03-31_54_13/sim_public-health-reports_1939-03-31_54_13_djvu.txt	?	-
sim_public-health-reports_1939-04-07_54_14	https://archive.org/download/sim_public-health-reports_1939-04-07_54_14/sim_public-health-reports_1939-04-07_54_14_djvu.txt	?	-
sim_public-health-reports_1939-04-14_54_15	https://archive.org/download/sim_public-health-reports_1939-04-14_54_15/sim_public-health-reports_1939-04-14_54_15_djvu.txt	?	-
sim_public-health-reports_1939-04-21_54_16	https://archive.org/download/sim_public-health-reports_1939-04-21_54_16/sim_public-health-reports_1939-04-21_54_16_djvu.txt	?	-
sim_public-health-reports_1939-04-28_54_17	https://archive.org/download/sim_public-health-reports_1939-04-28_54_17/sim_public-health-reports_1939-04-28_54_17_djvu.txt	?	-
sim_public-health-reports_1939-05-05_54_18	https://archive.org/download/sim_public-health-reports_1939-05-05_54_18/sim_public-health-reports_1939-05-05_54_18_djvu.txt	?	-
sim_public-health-reports_1939-05-12_54_19	https://archive.org/download/sim_public-health-reports_1939-05-12_54_19/sim_public-health-reports_1939-05-12_54_19_djvu.txt	?	-
sim_public-health-reports_1939-05-19_54_20	https://archive.org/download/sim_public-health-reports_1939-05-19_54_20/sim_public-health-reports_1939-05-19_54_20_djvu.txt	?	-
sim_public-health-reports_1939-05-26_54_21	https://archive.org/download/sim_public-health-reports_1939-05-26_54_21/sim_public-health-reports_1939-05-26_54_21_djvu.txt	?	-
sim_public-health-reports_1939-06-02_54_22	https://archive.org/download/sim_public-health-reports_1939-06-02_54_22/sim_public-health-reports_1939-06-02_54_22_djvu.txt	?	-
sim_public-health-reports_1939-06-09_54_23	https://archive.org/download/sim_public-health-reports_1939-06-09_54_23/sim_public-health-reports_1939-06-09_54_23_djvu.txt	?	-
sim_public-health-reports_1939-06-16_54_24	https://archive.org/download/sim_public-health-reports_1939-06-16_54_24/sim_public-health-reports_1939-06-16_54_24_djvu.txt	?	-
sim_public-health-reports_1939-06-23_54_25	https://archive.org/download/sim_public-health-reports_1939-06-23_54_25/sim_public-health-reports_1939-06-23_54_25_djvu.txt	?	-
sim_public-health-reports_1939-06-30_54_26	https://archive.org/download/sim_public-health-reports_1939-06-30_54_26/sim_public-health-reports_1939-06-30_54_26_djvu.txt	?	-
sim_public-health-reports_january-june-1923_38_index	https://archive.org/download/sim_public-health-reports_january-june-1923_38_index/sim_public-health-reports_january-june-1923_38_index_djvu.txt	?	-
sim_public-health-reports_january-june-1924_39_index	https://archive.org/download/sim_public-health-reports_january-june-1924_39_index/sim_public-health-reports_january-june-1924_39_index_djvu.txt	?	-
sim_public-health-reports_january-june-1925_40_index	https://archive.org/download/sim_public-health-reports_january-june-1925_40_index/sim_public-health-reports_january-june-1925_40_index_djvu.txt	?	-
sim_public-health-reports_january-june-1926_41_index	https://archive.org/download/sim_public-health-reports_january-june-1926_41_index/sim_public-health-reports_january-june-1926_41_index_djvu.txt	?	-
sim_public-health-reports_january-june-1927_42_index	https://archive.org/download/sim_public-health-reports_january-june-1927_42_index/sim_public-health-reports_january-june-1927_42_index_djvu.txt	?	-
sim_public-health-reports_january-june-1928_43_index	https://archive.org/download/sim_public-health-reports_january-june-1928_43_index/sim_public-health-reports_january-june-1928_43_index_djvu.txt	?	-
sim_public-health-reports_january-june-1929_44_index	https://archive.org/download/sim_public-health-reports_january-june-1929_44_index/sim_public-health-reports_january-june-1929_44_index_djvu.txt	?	-
sim_public-health-reports_january-june-1930_45_index	https://archive.org/download/sim_public-health-reports_january-june-1930_45_index/sim_public-health-reports_january-june-1930_45_index_djvu.txt	?	-
sim_public-health-reports_january-june-1931_46_index	https://archive.org/download/sim_public-health-reports_january-june-1931_46_index/sim_public-health-reports_january-june-1931_46_index_djvu.txt	?	-
sim_public-health-reports_january-june-1932_47_index	https://archive.org/download/sim_public-health-reports_january-june-1932_47_index/sim_public-health-reports_january-june-1932_47_index_djvu.txt	?	-
sim_public-health-reports_january-june-1933_48_index	https://archive.org/download/sim_public-health-reports_january-june-1933_48_index/sim_public-health-reports_january-june-1933_48_index_djvu.txt	?	-
sim_public-health-reports_january-june-1934_49_index	https://archive.org/download/sim_public-health-reports_january-june-1934_49_index/sim_public-health-reports_january-june-1934_49_index_djvu.txt	?	-
sim_public-health-reports_january-june-1935_50_index	https://archive.org/download/sim_public-health-reports_january-june-1935_50_index/sim_public-health-reports_january-june-1935_50_index_djvu.txt	?	-
sim_public-health-reports_january-june-1936_51_index	https://archive.org/download/sim_public-health-reports_january-june-1936_51_index/sim_public-health-reports_january-june-1936_51_index_djvu.txt	?	-
sim_public-health-reports_january-june-1937_52_index	https://archive.org/download/sim_public-health-reports_january-june-1937_52_index/sim_public-health-reports_january-june-1937_52_index_djvu.txt	?	-
sim_public-health-reports_january-june-1938_53_index	https://archive.org/download/sim_public-health-reports_january-june-1938_53_index/sim_public-health-reports_january-june-1938_53_index_djvu.txt	?	-
sim_public-health-reports_july-december-1923_38_index	https://archive.org/download/sim_public-health-reports_july-december-1923_38_index/sim_public-health-reports_july-december-1923_38_index_djvu.txt	?	-
sim_public-health-reports_july-december-1924_39_index	https://archive.org/download/sim_public-health-reports_july-december-1924_39_index/sim_public-health-reports_july-december-1924_39_index_djvu.txt	?	-
sim_public-health-reports_july-december-1925_40_index	https://archive.org/download/sim_public-health-reports_july-december-1925_40_index/sim_public-health-reports_july-december-1925_40_index_djvu.txt	?	-
sim_public-health-reports_july-december-1926_41_index	https://archive.org/download/sim_public-health-reports_july-december-1926_41_index/sim_public-health-reports_july-december-1926_41_index_djvu.txt	?	-
sim_public-health-reports_july-december-1927_42_index	https://archive.org/download/sim_public-health-reports_july-december-1927_42_index/sim_public-health-reports_july-december-1927_42_index_djvu.txt	?	-
sim_public-health-reports_july-december-1928_43_index	https://archive.org/download/sim_public-health-reports_july-december-1928_43_index/sim_public-health-reports_july-december-1928_43_index_djvu.txt	?	-
sim_public-health-reports_july-december-1929_44_index	https://archive.org/download/sim_public-health-reports_july-december-1929_44_index/sim_public-health-reports_july-december-1929_44_index_djvu.txt	?	-
sim_public-health-reports_july-december-1930_45_index	https://archive.org/download/sim_public-health-reports_july-december-1930_45_index/sim_public-health-reports_july-december-1930_45_index_djvu.txt	?	-
sim_public-health-reports_july-december-1931_46_index	https://archive.org/download/sim_public-health-reports_july-december-1931_46_index/sim_public-health-reports_july-december-1931_46_index_djvu.txt	?	-
sim_public-health-reports_july-december-1932_47_index	https://archive.org/download/sim_public-health-reports_july-december-1932_47_index/sim_public-health-reports_july-december-1932_47_index_djvu.txt	?	-
sim_public-health-reports_july-december-1933_48_index	https://archive.org/download/sim_public-health-reports_july-december-1933_48_index/sim_public-health-reports_july-december-1933_48_index_djvu.txt	?	-
sim_public-health-reports_july-december-1934_49_index	https://archive.org/download/sim_public-health-reports_july-december-1934_49_index/sim_public-health-reports_july-december-1934_49_index_djvu.txt	?	-
sim_public-health-reports_july-december-1935_50_index	https://archive.org/download/sim_public-health-reports_july-december-1935_50_index/sim_public-health-reports_july-december-1935_50_index_djvu.txt	?	-
sim_public-health-reports_july-december-1936_51_index	https://archive.org/download/sim_public-health-reports_july-december-1936_51_index/sim_public-health-reports_july-december-1936_51_index_djvu.txt	?	-
sim_public-health-reports_july-december-1937_52_index	https://archive.org/download/sim_public-health-reports_july-december-1937_52_index/sim_public-health-reports_july-december-1937_52_index_djvu.txt	?	-
sim_public-health-reports_july-december-1938_53_index	https://archive.org/download/sim_public-health-reports_july-december-1938_53_index/sim_public-health-reports_july-december-1938_53_index_djvu.txt	?	-
