# physz_ia: archive.org djvu.txt, query 'identifier:per_physikalische-zeitschrift_*', window 1899-01-01..1939-06-30; built 2026-10-06 by src.data.ia_catalog
key	url	bytes	checksum
per_physikalische-zeitschrift_physikalische-zeitschrift_1899-10-01_1-2	https://archive.org/download/per_physikalische-zeitschrift_physikalische-zeitschrift_1899-10-01_1-2/per_physikalische-zeitschrift_physikalische-zeitschrift_1899-10-01_1-2_djvu.txt	?	-
per_physikalische-zeitschrift_physikalische-zeitschrift_1899-10-14_3	https://archive.org/download/per_physikalische-zeitschrift_physikalische-zeitschrift_1899-10-14_3/per_physikalische-zeitschrift_physikalische-zeitschrift_1899-10-14_3_djvu.txt	?	-
per_physikalische-zeitschrift_physikalische-zeitschrift_1899-10-21_4	https://archive.org/download/per_physikalische-zeitschrift_physikalische-zeitschrift_1899-10-21_4/per_physikalische-zeitschrift_physikalische-zeitschrift_1899-10-21_4_djvu.txt	?	-
per_physikalische-zeitschrift_physikalische-zeitschrift_1899-10-28_5	https://archive.org/download/per_physikalische-zeitschrift_physikalische-zeitschrift_1899-10-28_5/per_physikalische-zeitschrift_physikalische-zeitschrift_1899-10-28_5_djvu.txt	?	-
per_physikalische-zeitschrift_physikalische-zeitschrift_1899-11-04_6	https://archive.org/download/per_physikalische-zeitschrift_physikalische-zeitschrift_1899-11-04_6/per_physikalische-zeitschrift_physikalische-zeitschrift_1899-11-04_6_djvu.txt	?	-
per_physikalische-zeitschrift_physikalische-zeitschrift_1899-11-11_7	https://archive.org/download/per_physikalische-zeitschrift_physikalische-zeitschrift_1899-11-11_7/per_physikalische-zeitschrift_physikalische-zeitschrift_1899-11-11_7_djvu.txt	?	-
per_physikalische-zeitschrift_physikalische-zeitschrift_1899-11-18_8	https://archive.org/download/per_physikalische-zeitschrift_physikalische-zeitschrift_1899-11-18_8/per_physikalische-zeitschrift_physikalische-zeitschrift_1899-11-18_8_djvu.txt	?	-
per_physikalische-zeitschrift_physikalische-zeitschrift_1899-11-25_9	https://archive.org/download/per_physikalische-zeitschrift_physikalische-zeitschrift_1899-11-25_9/per_physikalische-zeitschrift_physikalische-zeitschrift_1899-11-25_9_djvu.txt	?	-
per_physikalische-zeitschrift_physikalische-zeitschrift_1899-12-02_10	https://archive.org/download/per_physikalische-zeitschrift_physikalische-zeitschrift_1899-12-02_10/per_physikalische-zeitschrift_physikalische-zeitschrift_1899-12-02_10_djvu.txt	?	-
per_physikalische-zeitschrift_physikalische-zeitschrift_1899-12-09_11	https://archive.org/download/per_physikalische-zeitschrift_physikalische-zeitschrift_1899-12-09_11/per_physikalische-zeitschrift_physikalische-zeitschrift_1899-12-09_11_djvu.txt	?	-
per_physikalische-zeitschrift_physikalische-zeitschrift_1899-12-16_12	https://archive.org/download/per_physikalische-zeitschrift_physikalische-zeitschrift_1899-12-16_12/per_physikalische-zeitschrift_physikalische-zeitschrift_1899-12-16_12_djvu.txt	?	-
per_physikalische-zeitschrift_physikalische-zeitschrift_1899-12-23_13	https://archive.org/download/per_physikalische-zeitschrift_physikalische-zeitschrift_1899-12-23_13/per_physikalische-zeitschrift_physikalische-zeitschrift_1899-12-23_13_djvu.txt	?	-
per_physikalische-zeitschrift_physikalische-zeitschrift_1899_index	https://archive.org/download/per_physikalische-zeitschrift_physikalische-zeitschrift_1899_index/per_physikalische-zeitschrift_physikalische-zeitschrift_1899_index_djvu.txt	?	-
per_physikalische-zeitschrift_physikalische-zeitschrift_1900-01-06_14	https://archive.org/download/per_physikalische-zeitschrift_physikalische-zeitschrift_1900-01-06_14/per_physikalische-zeitschrift_physikalische-zeitschrift_1900-01-06_14_djvu.txt	?	-
per_physikalische-zeitschrift_physikalische-zeitschrift_1900-01-13_15	https://archive.org/download/per_physikalische-zeitschrift_physikalische-zeitschrift_1900-01-13_15/per_physikalische-zeitschrift_physikalische-zeitschrift_1900-01-13_15_djvu.txt	?	-
per_physikalische-zeitschrift_physikalische-zeitschrift_1900-01-20_16	https://archive.org/download/per_physikalische-zeitschrift_physikalische-zeitschrift_1900-01-20_16/per_physikalische-zeitschrift_physikalische-zeitschrift_1900-01-20_16_djvu.txt	?	-
per_physikalische-zeitschrift_physikalische-zeitschrift_1900-01-27_17	https://archive.org/download/per_physikalische-zeitschrift_physikalische-zeitschrift_1900-01-27_17/per_physikalische-zeitschrift_physikalische-zeitschrift_1900-01-27_17_djvu.txt	?	-
per_physikalische-zeitschrift_physikalische-zeitschrift_1900-02-03_18	https://archive.org/download/per_physikalische-zeitschrift_physikalische-zeitschrift_1900-02-03_18/per_physikalische-zeitschrift_physikalische-zeitschrift_1900-02-03_18_djvu.txt	?	-
per_physikalische-zeitschrift_physikalische-zeitschrift_1900-02-10_19	https://archive.org/download/per_physikalische-zeitschrift_physikalische-zeitschrift_1900-02-10_19/per_physikalische-zeitschrift_physikalische-zeitschrift_1900-02-10_19_djvu.txt	?	-
per_physikalische-zeitschrift_physikalische-zeitschrift_1900-02-17_20	https://archive.org/download/per_physikalische-zeitschrift_physikalische-zeitschrift_1900-02-17_20/per_physikalische-zeitschrift_physikalische-zeitschrift_1900-02-17_20_djvu.txt	?	-
per_physikalische-zeitschrift_physikalische-zeitschrift_1900-02-24_21	https://archive.org/download/per_physikalische-zeitschrift_physikalische-zeitschrift_1900-02-24_21/per_physikalische-zeitschrift_physikalische-zeitschrift_1900-02-24_21_djvu.txt	?	-
per_physikalische-zeitschrift_physikalische-zeitschrift_1900-03-03_22	https://archive.org/download/per_physikalische-zeitschrift_physikalische-zeitschrift_1900-03-03_22/per_physikalische-zeitschrift_physikalische-zeitschrift_1900-03-03_22_djvu.txt	?	-
per_physikalische-zeitschrift_physikalische-zeitschrift_1900-03-10_23	https://archive.org/download/per_physikalische-zeitschrift_physikalische-zeitschrift_1900-03-10_23/per_physikalische-zeitschrift_physikalische-zeitschrift_1900-03-10_23_djvu.txt	?	-
per_physikalische-zeitschrift_physikalische-zeitschrift_1900-03-17_24	https://archive.org/download/per_physikalische-zeitschrift_physikalische-zeitschrift_1900-03-17_24/per_physikalische-zeitschrift_physikalische-zeitschrift_1900-03-17_24_djvu.txt	?	-
per_physikalische-zeitschrift_physikalische-zeitschrift_1900-03-24_25	https://archive.org/download/per_physikalische-zeitschrift_physikalische-zeitschrift_1900-03-24_25/per_physikalische-zeitschrift_physikalische-zeitschrift_1900-03-24_25_djvu.txt	?	-
per_physikalische-zeitschrift_physikalische-zeitschrift_1900-03-31_26	https://archive.org/download/per_physikalische-zeitschrift_physikalische-zeitschrift_1900-03-31_26/per_physikalische-zeitschrift_physikalische-zeitschrift_1900-03-31_26_djvu.txt	?	-
per_physikalische-zeitschrift_physikalische-zeitschrift_1900-04-07_27	https://archive.org/download/per_physikalische-zeitschrift_physikalische-zeitschrift_1900-04-07_27/per_physikalische-zeitschrift_physikalische-zeitschrift_1900-04-07_27_djvu.txt	?	-
per_physikalische-zeitschrift_physikalische-zeitschrift_1900-04-14_28	https://archive.org/download/per_physikalische-zeitschrift_physikalische-zeitschrift_1900-04-14_28/per_physikalische-zeitschrift_physikalische-zeitschrift_1900-04-14_28_djvu.txt	?	-
per_physikalische-zeitschrift_physikalische-zeitschrift_1900-04-21_29	https://archive.org/download/per_physikalische-zeitschrift_physikalische-zeitschrift_1900-04-21_29/per_physikalische-zeitschrift_physikalische-zeitschrift_1900-04-21_29_djvu.txt	?	-
per_physikalische-zeitschrift_physikalische-zeitschrift_1900-04-28_30	https://archive.org/download/per_physikalische-zeitschrift_physikalische-zeitschrift_1900-04-28_30/per_physikalische-zeitschrift_physikalische-zeitschrift_1900-04-28_30_djvu.txt	?	-
per_physikalische-zeitschrift_physikalische-zeitschrift_1900-05-05_31	https://archive.org/download/per_physikalische-zeitschrift_physikalische-zeitschrift_1900-05-05_31/per_physikalische-zeitschrift_physikalische-zeitschrift_1900-05-05_31_djvu.txt	?	-
per_physikalische-zeitschrift_physikalische-zeitschrift_1900-05-12_32	https://archive.org/download/per_physikalische-zeitschrift_physikalische-zeitschrift_1900-05-12_32/per_physikalische-zeitschrift_physikalische-zeitschrift_1900-05-12_32_djvu.txt	?	-
per_physikalische-zeitschrift_physikalische-zeitschrift_1900-05-19_33	https://archive.org/download/per_physikalische-zeitschrift_physikalische-zeitschrift_1900-05-19_33/per_physikalische-zeitschrift_physikalische-zeitschrift_1900-05-19_33_djvu.txt	?	-
per_physikalische-zeitschrift_physikalische-zeitschrift_1900-06-02_34-35	https://archive.org/download/per_physikalische-zeitschrift_physikalische-zeitschrift_1900-06-02_34-35/per_physikalische-zeitschrift_physikalische-zeitschrift_1900-06-02_34-35_djvu.txt	?	-
per_physikalische-zeitschrift_physikalische-zeitschrift_1900-06-09_36	https://archive.org/download/per_physikalische-zeitschrift_physikalische-zeitschrift_1900-06-09_36/per_physikalische-zeitschrift_physikalische-zeitschrift_1900-06-09_36_djvu.txt	?	-
per_physikalische-zeitschrift_physikalische-zeitschrift_1900-06-16_37	https://archive.org/download/per_physikalische-zeitschrift_physikalische-zeitschrift_1900-06-16_37/per_physikalische-zeitschrift_physikalische-zeitschrift_1900-06-16_37_djvu.txt	?	-
per_physikalische-zeitschrift_physikalische-zeitschrift_1900-06-23_38	https://archive.org/download/per_physikalische-zeitschrift_physikalische-zeitschrift_1900-06-23_38/per_physikalische-zeitschrift_physikalische-zeitschrift_1900-06-23_38_djvu.txt	?	-
per_physikalische-zeitschrift_physikalische-zeitschrift_1900-06-30_39	https://archive.org/download/per_physikalische-zeitschrift_physikalische-zeitschrift_1900-06-30_39/per_physikalische-zeitschrift_physikalische-zeitschrift_1900-06-30_39_djvu.txt	?	-
per_physikalische-zeitschrift_physikalische-zeitschrift_1900-07-07_40	https://archive.org/download/per_physikalische-zeitschrift_physikalische-zeitschrift_1900-07-07_40/per_physikalische-zeitschrift_physikalische-zeitschrift_1900-07-07_40_djvu.txt	?	-
per_physikalische-zeitschrift_physikalische-zeitschrift_1900-07-14_41	https://archive.org/download/per_physikalische-zeitschrift_physikalische-zeitschrift_1900-07-14_41/per_physikalische-zeitschrift_physikalische-zeitschrift_1900-07-14_41_djvu.txt	?	-
per_physikalische-zeitschrift_physikalische-zeitschrift_1900-07-21_42	https://archive.org/download/per_physikalische-zeitschrift_physikalische-zeitschrift_1900-07-21_42/per_physikalische-zeitschrift_physikalische-zeitschrift_1900-07-21_42_djvu.txt	?	-
per_physikalische-zeitschrift_physikalische-zeitschrift_1900-07-28_43	https://archive.org/download/per_physikalische-zeitschrift_physikalische-zeitschrift_1900-07-28_43/per_physikalische-zeitschrift_physikalische-zeitschrift_1900-07-28_43_djvu.txt	?	-
per_physikalische-zeitschrift_physikalische-zeitschrift_1900-08-04_44	https://archive.org/download/per_physikalische-zeitschrift_physikalische-zeitschrift_1900-08-04_44/per_physikalische-zeitschrift_physikalische-zeitschrift_1900-08-04_44_djvu.txt	?	-
per_physikalische-zeitschrift_physikalische-zeitschrift_1900-08-11_45	https://archive.org/download/per_physikalische-zeitschrift_physikalische-zeitschrift_1900-08-11_45/per_physikalische-zeitschrift_physikalische-zeitschrift_1900-08-11_45_djvu.txt	?	-
per_physikalische-zeitschrift_physikalische-zeitschrift_1900-08-18_46	https://archive.org/download/per_physikalische-zeitschrift_physikalische-zeitschrift_1900-08-18_46/per_physikalische-zeitschrift_physikalische-zeitschrift_1900-08-18_46_djvu.txt	?	-
per_physikalische-zeitschrift_physikalische-zeitschrift_1900-08-25_47	https://archive.org/download/per_physikalische-zeitschrift_physikalische-zeitschrift_1900-08-25_47/per_physikalische-zeitschrift_physikalische-zeitschrift_1900-08-25_47_djvu.txt	?	-
per_physikalische-zeitschrift_physikalische-zeitschrift_1900-09-01_48	https://archive.org/download/per_physikalische-zeitschrift_physikalische-zeitschrift_1900-09-01_48/per_physikalische-zeitschrift_physikalische-zeitschrift_1900-09-01_48_djvu.txt	?	-
per_physikalische-zeitschrift_physikalische-zeitschrift_1900-09-08_49	https://archive.org/download/per_physikalische-zeitschrift_physikalische-zeitschrift_1900-09-08_49/per_physikalische-zeitschrift_physikalische-zeitschrift_1900-09-08_49_djvu.txt	?	-
per_physikalische-zeitschrift_physikalische-zeitschrift_1900-09-15_50	https://archive.org/download/per_physikalische-zeitschrift_physikalische-zeitschrift_1900-09-15_50/per_physikalische-zeitschrift_physikalische-zeitschrift_1900-09-15_50_djvu.txt	?	-
per_physikalische-zeitschrift_physikalische-zeitschrift_1900-09-22_51	https://archive.org/download/per_physikalische-zeitschrift_physikalische-zeitschrift_1900-09-22_51/per_physikalische-zeitschrift_physikalische-zeitschrift_1900-09-22_51_djvu.txt	?	-
per_physikalische-zeitschrift_physikalische-zeitschrift_1900-09-29_52	https://archive.org/download/per_physikalische-zeitschrift_physikalische-zeitschrift_1900-09-29_52/per_physikalische-zeitschrift_physikalische-zeitschrift_1900-09-29_52_djvu.txt	?	-
per_physikalische-zeitschrift_physikalische-zeitschrift_1900-10-06_1	https://archive.org/download/per_physikalische-zeitschrift_physikalische-zeitschrift_1900-10-06_1/per_physikalische-zeitschrift_physikalische-zeitschrift_1900-10-06_1_djvu.txt	?	-
per_physikalische-zeitschrift_physikalische-zeitschrift_1900-10-13_2	https://archive.org/download/per_physikalische-zeitschrift_physikalische-zeitschrift_1900-10-13_2/per_physikalische-zeitschrift_physikalische-zeitschrift_1900-10-13_2_djvu.txt	?	-
per_physikalische-zeitschrift_physikalische-zeitschrift_1900-10-20_3	https://archive.org/download/per_physikalische-zeitschrift_physikalische-zeitschrift_1900-10-20_3/per_physikalische-zeitschrift_physikalische-zeitschrift_1900-10-20_3_djvu.txt	?	-
per_physikalische-zeitschrift_physikalische-zeitschrift_1900-10-27_4	https://archive.org/download/per_physikalische-zeitschrift_physikalische-zeitschrift_1900-10-27_4/per_physikalische-zeitschrift_physikalische-zeitschrift_1900-10-27_4_djvu.txt	?	-
per_physikalische-zeitschrift_physikalische-zeitschrift_1900-11-03_5	https://archive.org/download/per_physikalische-zeitschrift_physikalische-zeitschrift_1900-11-03_5/per_physikalische-zeitschrift_physikalische-zeitschrift_1900-11-03_5_djvu.txt	?	-
per_physikalische-zeitschrift_physikalische-zeitschrift_1900-11-10_6	https://archive.org/download/per_physikalische-zeitschrift_physikalische-zeitschrift_1900-11-10_6/per_physikalische-zeitschrift_physikalische-zeitschrift_1900-11-10_6_djvu.txt	?	-
per_physikalische-zeitschrift_physikalische-zeitschrift_1900-11-17_7	https://archive.org/download/per_physikalische-zeitschrift_physikalische-zeitschrift_1900-11-17_7/per_physikalische-zeitschrift_physikalische-zeitschrift_1900-11-17_7_djvu.txt	?	-
per_physikalische-zeitschrift_physikalische-zeitschrift_1900-11-24_8	https://archive.org/download/per_physikalische-zeitschrift_physikalische-zeitschrift_1900-11-24_8/per_physikalische-zeitschrift_physikalische-zeitschrift_1900-11-24_8_djvu.txt	?	-
per_physikalische-zeitschrift_physikalische-zeitschrift_1900-12-01_9	https://archive.org/download/per_physikalische-zeitschrift_physikalische-zeitschrift_1900-12-01_9/per_physikalische-zeitschrift_physikalische-zeitschrift_1900-12-01_9_djvu.txt	?	-
per_physikalische-zeitschrift_physikalische-zeitschrift_1900-12-08_10	https://archive.org/download/per_physikalische-zeitschrift_physikalische-zeitschrift_1900-12-08_10/per_physikalische-zeitschrift_physikalische-zeitschrift_1900-12-08_10_djvu.txt	?	-
per_physikalische-zeitschrift_physikalische-zeitschrift_1900-12-15_11	https://archive.org/download/per_physikalische-zeitschrift_physikalische-zeitschrift_1900-12-15_11/per_physikalische-zeitschrift_physikalische-zeitschrift_1900-12-15_11_djvu.txt	?	-
per_physikalische-zeitschrift_physikalische-zeitschrift_1900-12-22_12	https://archive.org/download/per_physikalische-zeitschrift_physikalische-zeitschrift_1900-12-22_12/per_physikalische-zeitschrift_physikalische-zeitschrift_1900-12-22_12_djvu.txt	?	-
per_physikalische-zeitschrift_physikalische-zeitschrift_1900-12-29_13	https://archive.org/download/per_physikalische-zeitschrift_physikalische-zeitschrift_1900-12-29_13/per_physikalische-zeitschrift_physikalische-zeitschrift_1900-12-29_13_djvu.txt	?	-
per_physikalische-zeitschrift_physikalische-zeitschrift_1900-1901_index	https://archive.org/download/per_physikalische-zeitschrift_physikalische-zeitschrift_1900-1901_index/per_physikalische-zeitschrift_physikalische-zeitschrift_1900-1901_index_djvu.txt	?	-
per_physikalische-zeitschrift_physikalische-zeitschrift_1901-01-05_14	https://archive.org/download/per_physikalische-zeitschrift_physikalische-zeitschrift_1901-01-05_14/per_physikalische-zeitschrift_physikalische-zeitschrift_1901-01-05_14_djvu.txt	?	-
per_physikalische-zeitschrift_physikalische-zeitschrift_1901-01-12_15	https://archive.org/download/per_physikalische-zeitschrift_physikalische-zeitschrift_1901-01-12_15/per_physikalische-zeitschrift_physikalische-zeitschrift_1901-01-12_15_djvu.txt	?	-
per_physikalische-zeitschrift_physikalische-zeitschrift_1901-01-19_16	https://archive.org/download/per_physikalische-zeitschrift_physikalische-zeitschrift_1901-01-19_16/per_physikalische-zeitschrift_physikalische-zeitschrift_1901-01-19_16_djvu.txt	?	-
per_physikalische-zeitschrift_physikalische-zeitschrift_1901-01-26_17	https://archive.org/download/per_physikalische-zeitschrift_physikalische-zeitschrift_1901-01-26_17/per_physikalische-zeitschrift_physikalische-zeitschrift_1901-01-26_17_djvu.txt	?	-
per_physikalische-zeitschrift_physikalische-zeitschrift_1901-02-02_18	https://archive.org/download/per_physikalische-zeitschrift_physikalische-zeitschrift_1901-02-02_18/per_physikalische-zeitschrift_physikalische-zeitschrift_1901-02-02_18_djvu.txt	?	-
per_physikalische-zeitschrift_physikalische-zeitschrift_1901-02-09_19	https://archive.org/download/per_physikalische-zeitschrift_physikalische-zeitschrift_1901-02-09_19/per_physikalische-zeitschrift_physikalische-zeitschrift_1901-02-09_19_djvu.txt	?	-
per_physikalische-zeitschrift_physikalische-zeitschrift_1901-02-16_20	https://archive.org/download/per_physikalische-zeitschrift_physikalische-zeitschrift_1901-02-16_20/per_physikalische-zeitschrift_physikalische-zeitschrift_1901-02-16_20_djvu.txt	?	-
per_physikalische-zeitschrift_physikalische-zeitschrift_1901-02-23_21	https://archive.org/download/per_physikalische-zeitschrift_physikalische-zeitschrift_1901-02-23_21/per_physikalische-zeitschrift_physikalische-zeitschrift_1901-02-23_21_djvu.txt	?	-
per_physikalische-zeitschrift_physikalische-zeitschrift_1901-03-02_22	https://archive.org/download/per_physikalische-zeitschrift_physikalische-zeitschrift_1901-03-02_22/per_physikalische-zeitschrift_physikalische-zeitschrift_1901-03-02_22_djvu.txt	?	-
per_physikalische-zeitschrift_physikalische-zeitschrift_1901-03-09_23	https://archive.org/download/per_physikalische-zeitschrift_physikalische-zeitschrift_1901-03-09_23/per_physikalische-zeitschrift_physikalische-zeitschrift_1901-03-09_23_djvu.txt	?	-
per_physikalische-zeitschrift_physikalische-zeitschrift_1901-03-16_24	https://archive.org/download/per_physikalische-zeitschrift_physikalische-zeitschrift_1901-03-16_24/per_physikalische-zeitschrift_physikalische-zeitschrift_1901-03-16_24_djvu.txt	?	-
per_physikalische-zeitschrift_physikalische-zeitschrift_1901-03-23_25	https://archive.org/download/per_physikalische-zeitschrift_physikalische-zeitschrift_1901-03-23_25/per_physikalische-zeitschrift_physikalische-zeitschrift_1901-03-23_25_djvu.txt	?	-
per_physikalische-zeitschrift_physikalische-zeitschrift_1901-03-30_26	https://archive.org/download/per_physikalische-zeitschrift_physikalische-zeitschrift_1901-03-30_26/per_physikalische-zeitschrift_physikalische-zeitschrift_1901-03-30_26_djvu.txt	?	-
per_physikalische-zeitschrift_physikalische-zeitschrift_1901-04-06_27	https://archive.org/download/per_physikalische-zeitschrift_physikalische-zeitschrift_1901-04-06_27/per_physikalische-zeitschrift_physikalische-zeitschrift_1901-04-06_27_djvu.txt	?	-
per_physikalische-zeitschrift_physikalische-zeitschrift_1901-04-13_28	https://archive.org/download/per_physikalische-zeitschrift_physikalische-zeitschrift_1901-04-13_28/per_physikalische-zeitschrift_physikalische-zeitschrift_1901-04-13_28_djvu.txt	?	-
per_physikalische-zeitschrift_physikalische-zeitschrift_1901-04-20_29	https://archive.org/download/per_physikalische-zeitschrift_physikalische-zeitschrift_1901-04-20_29/per_physikalische-zeitschrift_physikalische-zeitschrift_1901-04-20_29_djvu.txt	?	-
per_physikalische-zeitschrift_physikalische-zeitschrift_1901-04-27_30	https://archive.org/download/per_physikalische-zeitschrift_physikalische-zeitschrift_1901-04-27_30/per_physikalische-zeitschrift_physikalische-zeitschrift_1901-04-27_30_djvu.txt	?	-
per_physikalische-zeitschrift_physikalische-zeitschrift_1901-05-04_31	https://archive.org/download/per_physikalische-zeitschrift_physikalische-zeitschrift_1901-05-04_31/per_physikalische-zeitschrift_physikalische-zeitschrift_1901-05-04_31_djvu.txt	?	-
per_physikalische-zeitschrift_physikalische-zeitschrift_1901-05-11_32	https://archive.org/download/per_physikalische-zeitschrift_physikalische-zeitschrift_1901-05-11_32/per_physikalische-zeitschrift_physikalische-zeitschrift_1901-05-11_32_djvu.txt	?	-
per_physikalische-zeitschrift_physikalische-zeitschrift_1901-05-18_33	https://archive.org/download/per_physikalische-zeitschrift_physikalische-zeitschrift_1901-05-18_33/per_physikalische-zeitschrift_physikalische-zeitschrift_1901-05-18_33_djvu.txt	?	-
per_physikalische-zeitschrift_physikalische-zeitschrift_1901-05-25_34	https://archive.org/download/per_physikalische-zeitschrift_physikalische-zeitschrift_1901-05-25_34/per_physikalische-zeitschrift_physikalische-zeitschrift_1901-05-25_34_djvu.txt	?	-
per_physikalische-zeitschrift_physikalische-zeitschrift_1901-06-01_35	https://archive.org/download/per_physikalische-zeitschrift_physikalische-zeitschrift_1901-06-01_35/per_physikalische-zeitschrift_physikalische-zeitschrift_1901-06-01_35_djvu.txt	?	-
per_physikalische-zeitschrift_physikalische-zeitschrift_1901-06-08_36	https://archive.org/download/per_physikalische-zeitschrift_physikalische-zeitschrift_1901-06-08_36/per_physikalische-zeitschrift_physikalische-zeitschrift_1901-06-08_36_djvu.txt	?	-
per_physikalische-zeitschrift_physikalische-zeitschrift_1901-06-15_37	https://archive.org/download/per_physikalische-zeitschrift_physikalische-zeitschrift_1901-06-15_37/per_physikalische-zeitschrift_physikalische-zeitschrift_1901-06-15_37_djvu.txt	?	-
per_physikalische-zeitschrift_physikalische-zeitschrift_1901-06-22_38	https://archive.org/download/per_physikalische-zeitschrift_physikalische-zeitschrift_1901-06-22_38/per_physikalische-zeitschrift_physikalische-zeitschrift_1901-06-22_38_djvu.txt	?	-
per_physikalische-zeitschrift_physikalische-zeitschrift_1901-06-29_39	https://archive.org/download/per_physikalische-zeitschrift_physikalische-zeitschrift_1901-06-29_39/per_physikalische-zeitschrift_physikalische-zeitschrift_1901-06-29_39_djvu.txt	?	-
per_physikalische-zeitschrift_physikalische-zeitschrift_1901-07-06_40	https://archive.org/download/per_physikalische-zeitschrift_physikalische-zeitschrift_1901-07-06_40/per_physikalische-zeitschrift_physikalische-zeitschrift_1901-07-06_40_djvu.txt	?	-
per_physikalische-zeitschrift_physikalische-zeitschrift_1901-07-13_41	https://archive.org/download/per_physikalische-zeitschrift_physikalische-zeitschrift_1901-07-13_41/per_physikalische-zeitschrift_physikalische-zeitschrift_1901-07-13_41_djvu.txt	?	-
per_physikalische-zeitschrift_physikalische-zeitschrift_1901-07-20_42	https://archive.org/download/per_physikalische-zeitschrift_physikalische-zeitschrift_1901-07-20_42/per_physikalische-zeitschrift_physikalische-zeitschrift_1901-07-20_42_djvu.txt	?	-
per_physikalische-zeitschrift_physikalische-zeitschrift_1901-07-27_43	https://archive.org/download/per_physikalische-zeitschrift_physikalische-zeitschrift_1901-07-27_43/per_physikalische-zeitschrift_physikalische-zeitschrift_1901-07-27_43_djvu.txt	?	-
per_physikalische-zeitschrift_physikalische-zeitschrift_1901-08-03_44	https://archive.org/download/per_physikalische-zeitschrift_physikalische-zeitschrift_1901-08-03_44/per_physikalische-zeitschrift_physikalische-zeitschrift_1901-08-03_44_djvu.txt	?	-
per_physikalische-zeitschrift_physikalische-zeitschrift_1901-08-10_45	https://archive.org/download/per_physikalische-zeitschrift_physikalische-zeitschrift_1901-08-10_45/per_physikalische-zeitschrift_physikalische-zeitschrift_1901-08-10_45_djvu.txt	?	-
per_physikalische-zeitschrift_physikalische-zeitschrift_1901-08-17_46	https://archive.org/download/per_physikalische-zeitschrift_physikalische-zeitschrift_1901-08-17_46/per_physikalische-zeitschrift_physikalische-zeitschrift_1901-08-17_46_djvu.txt	?	-
per_physikalische-zeitschrift_physikalische-zeitschrift_1901-08-24_47	https://archive.org/download/per_physikalische-zeitschrift_physikalische-zeitschrift_1901-08-24_47/per_physikalische-zeitschrift_physikalische-zeitschrift_1901-08-24_47_djvu.txt	?	-
per_physikalische-zeitschrift_physikalische-zeitschrift_1901-08-31_48	https://archive.org/download/per_physikalische-zeitschrift_physikalische-zeitschrift_1901-08-31_48/per_physikalische-zeitschrift_physikalische-zeitschrift_1901-08-31_48_djvu.txt	?	-
per_physikalische-zeitschrift_physikalische-zeitschrift_1901-09-07_49	https://archive.org/download/per_physikalische-zeitschrift_physikalische-zeitschrift_1901-09-07_49/per_physikalische-zeitschrift_physikalische-zeitschrift_1901-09-07_49_djvu.txt	?	-
per_physikalische-zeitschrift_physikalische-zeitschrift_1901-09-14_50	https://archive.org/download/per_physikalische-zeitschrift_physikalische-zeitschrift_1901-09-14_50/per_physikalische-zeitschrift_physikalische-zeitschrift_1901-09-14_50_djvu.txt	?	-
per_physikalische-zeitschrift_physikalische-zeitschrift_1901-09-21_51	https://archive.org/download/per_physikalische-zeitschrift_physikalische-zeitschrift_1901-09-21_51/per_physikalische-zeitschrift_physikalische-zeitschrift_1901-09-21_51_djvu.txt	?	-
per_physikalische-zeitschrift_physikalische-zeitschrift_1901-09-28_52	https://archive.org/download/per_physikalische-zeitschrift_physikalische-zeitschrift_1901-09-28_52/per_physikalische-zeitschrift_physikalische-zeitschrift_1901-09-28_52_djvu.txt	?	-
per_physikalische-zeitschrift_physikalische-zeitschrift_1901-10-01_1	https://archive.org/download/per_physikalische-zeitschrift_physikalische-zeitschrift_1901-10-01_1/per_physikalische-zeitschrift_physikalische-zeitschrift_1901-10-01_1_djvu.txt	?	-
per_physikalische-zeitschrift_physikalische-zeitschrift_1901-10-15_2	https://archive.org/download/per_physikalische-zeitschrift_physikalische-zeitschrift_1901-10-15_2/per_physikalische-zeitschrift_physikalische-zeitschrift_1901-10-15_2_djvu.txt	?	-
per_physikalische-zeitschrift_physikalische-zeitschrift_1901-11-01_3	https://archive.org/download/per_physikalische-zeitschrift_physikalische-zeitschrift_1901-11-01_3/per_physikalische-zeitschrift_physikalische-zeitschrift_1901-11-01_3_djvu.txt	?	-
per_physikalische-zeitschrift_physikalische-zeitschrift_1901-11-15_4	https://archive.org/download/per_physikalische-zeitschrift_physikalische-zeitschrift_1901-11-15_4/per_physikalische-zeitschrift_physikalische-zeitschrift_1901-11-15_4_djvu.txt	?	-
per_physikalische-zeitschrift_physikalische-zeitschrift_1901-12-01_5	https://archive.org/download/per_physikalische-zeitschrift_physikalische-zeitschrift_1901-12-01_5/per_physikalische-zeitschrift_physikalische-zeitschrift_1901-12-01_5_djvu.txt	?	-
per_physikalische-zeitschrift_physikalische-zeitschrift_1901-12-15_6	https://archive.org/download/per_physikalische-zeitschrift_physikalische-zeitschrift_1901-12-15_6/per_physikalische-zeitschrift_physikalische-zeitschrift_1901-12-15_6_djvu.txt	?	-
per_physikalische-zeitschrift_physikalische-zeitschrift_1901-1902_index	https://archive.org/download/per_physikalische-zeitschrift_physikalische-zeitschrift_1901-1902_index/per_physikalische-zeitschrift_physikalische-zeitschrift_1901-1902_index_djvu.txt	?	-
per_physikalische-zeitschrift_physikalische-zeitschrift_1902-01-01_7	https://archive.org/download/per_physikalische-zeitschrift_physikalische-zeitschrift_1902-01-01_7/per_physikalische-zeitschrift_physikalische-zeitschrift_1902-01-01_7_djvu.txt	?	-
per_physikalische-zeitschrift_physikalische-zeitschrift_1902-01-15_8	https://archive.org/download/per_physikalische-zeitschrift_physikalische-zeitschrift_1902-01-15_8/per_physikalische-zeitschrift_physikalische-zeitschrift_1902-01-15_8_djvu.txt	?	-
per_physikalische-zeitschrift_physikalische-zeitschrift_1902-02-01_9	https://archive.org/download/per_physikalische-zeitschrift_physikalische-zeitschrift_1902-02-01_9/per_physikalische-zeitschrift_physikalische-zeitschrift_1902-02-01_9_djvu.txt	?	-
per_physikalische-zeitschrift_physikalische-zeitschrift_1902-02-15_10	https://archive.org/download/per_physikalische-zeitschrift_physikalische-zeitschrift_1902-02-15_10/per_physikalische-zeitschrift_physikalische-zeitschrift_1902-02-15_10_djvu.txt	?	-
per_physikalische-zeitschrift_physikalische-zeitschrift_1902-03-01_11	https://archive.org/download/per_physikalische-zeitschrift_physikalische-zeitschrift_1902-03-01_11/per_physikalische-zeitschrift_physikalische-zeitschrift_1902-03-01_11_djvu.txt	?	-
per_physikalische-zeitschrift_physikalische-zeitschrift_1902-03-15_12	https://archive.org/download/per_physikalische-zeitschrift_physikalische-zeitschrift_1902-03-15_12/per_physikalische-zeitschrift_physikalische-zeitschrift_1902-03-15_12_djvu.txt	?	-
per_physikalische-zeitschrift_physikalische-zeitschrift_1902-04-01_13	https://archive.org/download/per_physikalische-zeitschrift_physikalische-zeitschrift_1902-04-01_13/per_physikalische-zeitschrift_physikalische-zeitschrift_1902-04-01_13_djvu.txt	?	-
per_physikalische-zeitschrift_physikalische-zeitschrift_1902-04-15_14	https://archive.org/download/per_physikalische-zeitschrift_physikalische-zeitschrift_1902-04-15_14/per_physikalische-zeitschrift_physikalische-zeitschrift_1902-04-15_14_djvu.txt	?	-
per_physikalische-zeitschrift_physikalische-zeitschrift_1902-05-01_15	https://archive.org/download/per_physikalische-zeitschrift_physikalische-zeitschrift_1902-05-01_15/per_physikalische-zeitschrift_physikalische-zeitschrift_1902-05-01_15_djvu.txt	?	-
per_physikalische-zeitschrift_physikalische-zeitschrift_1902-05-15_16	https://archive.org/download/per_physikalische-zeitschrift_physikalische-zeitschrift_1902-05-15_16/per_physikalische-zeitschrift_physikalische-zeitschrift_1902-05-15_16_djvu.txt	?	-
per_physikalische-zeitschrift_physikalische-zeitschrift_1902-06-01_17	https://archive.org/download/per_physikalische-zeitschrift_physikalische-zeitschrift_1902-06-01_17/per_physikalische-zeitschrift_physikalische-zeitschrift_1902-06-01_17_djvu.txt	?	-
per_physikalische-zeitschrift_physikalische-zeitschrift_1902-06-15_18	https://archive.org/download/per_physikalische-zeitschrift_physikalische-zeitschrift_1902-06-15_18/per_physikalische-zeitschrift_physikalische-zeitschrift_1902-06-15_18_djvu.txt	?	-
per_physikalische-zeitschrift_physikalische-zeitschrift_1902-07-01_19	https://archive.org/download/per_physikalische-zeitschrift_physikalische-zeitschrift_1902-07-01_19/per_physikalische-zeitschrift_physikalische-zeitschrift_1902-07-01_19_djvu.txt	?	-
per_physikalische-zeitschrift_physikalische-zeitschrift_1902-07-15_20	https://archive.org/download/per_physikalische-zeitschrift_physikalische-zeitschrift_1902-07-15_20/per_physikalische-zeitschrift_physikalische-zeitschrift_1902-07-15_20_djvu.txt	?	-
per_physikalische-zeitschrift_physikalische-zeitschrift_1902-08-01_21	https://archive.org/download/per_physikalische-zeitschrift_physikalische-zeitschrift_1902-08-01_21/per_physikalische-zeitschrift_physikalische-zeitschrift_1902-08-01_21_djvu.txt	?	-
per_physikalische-zeitschrift_physikalische-zeitschrift_1902-08-15_22	https://archive.org/download/per_physikalische-zeitschrift_physikalische-zeitschrift_1902-08-15_22/per_physikalische-zeitschrift_physikalische-zeitschrift_1902-08-15_22_djvu.txt	?	-
per_physikalische-zeitschrift_physikalische-zeitschrift_1902-09-01_23	https://archive.org/download/per_physikalische-zeitschrift_physikalische-zeitschrift_1902-09-01_23/per_physikalische-zeitschrift_physikalische-zeitschrift_1902-09-01_23_djvu.txt	?	-
per_physikalische-zeitschrift_physikalische-zeitschrift_1902-09-15_24	https://archive.org/download/per_physikalische-zeitschrift_physikalische-zeitschrift_1902-09-15_24/per_physikalische-zeitschrift_physikalische-zeitschrift_1902-09-15_24_djvu.txt	?	-
per_physikalische-zeitschrift_physikalische-zeitschrift_1902-10-01_1	https://archive.org/download/per_physikalische-zeitschrift_physikalische-zeitschrift_1902-10-01_1/per_physikalische-zeitschrift_physikalische-zeitschrift_1902-10-01_1_djvu.txt	?	-
per_physikalische-zeitschrift_physikalische-zeitschrift_1902-10-15_2	https://archive.org/download/per_physikalische-zeitschrift_physikalische-zeitschrift_1902-10-15_2/per_physikalische-zeitschrift_physikalische-zeitschrift_1902-10-15_2_djvu.txt	?	-
per_physikalische-zeitschrift_physikalische-zeitschrift_1902-11-01_3	https://archive.org/download/per_physikalische-zeitschrift_physikalische-zeitschrift_1902-11-01_3/per_physikalische-zeitschrift_physikalische-zeitschrift_1902-11-01_3_djvu.txt	?	-
per_physikalische-zeitschrift_physikalische-zeitschrift_1902-11-15_4	https://archive.org/download/per_physikalische-zeitschrift_physikalische-zeitschrift_1902-11-15_4/per_physikalische-zeitschrift_physikalische-zeitschrift_1902-11-15_4_djvu.txt	?	-
per_physikalische-zeitschrift_physikalische-zeitschrift_1902-12-01_5	https://archive.org/download/per_physikalische-zeitschrift_physikalische-zeitschrift_1902-12-01_5/per_physikalische-zeitschrift_physikalische-zeitschrift_1902-12-01_5_djvu.txt	?	-
per_physikalische-zeitschrift_physikalische-zeitschrift_1902-12-15_6	https://archive.org/download/per_physikalische-zeitschrift_physikalische-zeitschrift_1902-12-15_6/per_physikalische-zeitschrift_physikalische-zeitschrift_1902-12-15_6_djvu.txt	?	-
per_physikalische-zeitschrift_physikalische-zeitschrift_1902-1903_index	https://archive.org/download/per_physikalische-zeitschrift_physikalische-zeitschrift_1902-1903_index/per_physikalische-zeitschrift_physikalische-zeitschrift_1902-1903_index_djvu.txt	?	-
per_physikalische-zeitschrift_physikalische-zeitschrift_1903-01-01_7	https://archive.org/download/per_physikalische-zeitschrift_physikalische-zeitschrift_1903-01-01_7/per_physikalische-zeitschrift_physikalische-zeitschrift_1903-01-01_7_djvu.txt	?	-
per_physikalische-zeitschrift_physikalische-zeitschrift_1903-01-15_8	https://archive.org/download/per_physikalische-zeitschrift_physikalische-zeitschrift_1903-01-15_8/per_physikalische-zeitschrift_physikalische-zeitschrift_1903-01-15_8_djvu.txt	?	-
per_physikalische-zeitschrift_physikalische-zeitschrift_1903-02-01_9	https://archive.org/download/per_physikalische-zeitschrift_physikalische-zeitschrift_1903-02-01_9/per_physikalische-zeitschrift_physikalische-zeitschrift_1903-02-01_9_djvu.txt	?	-
per_physikalische-zeitschrift_physikalische-zeitschrift_1903-02-15_10	https://archive.org/download/per_physikalische-zeitschrift_physikalische-zeitschrift_1903-02-15_10/per_physikalische-zeitschrift_physikalische-zeitschrift_1903-02-15_10_djvu.txt	?	-
per_physikalische-zeitschrift_physikalische-zeitschrift_1903-03-01_11	https://archive.org/download/per_physikalische-zeitschrift_physikalische-zeitschrift_1903-03-01_11/per_physikalische-zeitschrift_physikalische-zeitschrift_1903-03-01_11_djvu.txt	?	-
per_physikalische-zeitschrift_physikalische-zeitschrift_1903-03-15_12	https://archive.org/download/per_physikalische-zeitschrift_physikalische-zeitschrift_1903-03-15_12/per_physikalische-zeitschrift_physikalische-zeitschrift_1903-03-15_12_djvu.txt	?	-
per_physikalische-zeitschrift_physikalische-zeitschrift_1903-04-01_13	https://archive.org/download/per_physikalische-zeitschrift_physikalische-zeitschrift_1903-04-01_13/per_physikalische-zeitschrift_physikalische-zeitschrift_1903-04-01_13_djvu.txt	?	-
per_physikalische-zeitschrift_physikalische-zeitschrift_1903-04-15_14	https://archive.org/download/per_physikalische-zeitschrift_physikalische-zeitschrift_1903-04-15_14/per_physikalische-zeitschrift_physikalische-zeitschrift_1903-04-15_14_djvu.txt	?	-
per_physikalische-zeitschrift_physikalische-zeitschrift_1903-05-01_15	https://archive.org/download/per_physikalische-zeitschrift_physikalische-zeitschrift_1903-05-01_15/per_physikalische-zeitschrift_physikalische-zeitschrift_1903-05-01_15_djvu.txt	?	-
per_physikalische-zeitschrift_physikalische-zeitschrift_1903-05-15_16	https://archive.org/download/per_physikalische-zeitschrift_physikalische-zeitschrift_1903-05-15_16/per_physikalische-zeitschrift_physikalische-zeitschrift_1903-05-15_16_djvu.txt	?	-
per_physikalische-zeitschrift_physikalische-zeitschrift_1903-06-01_17	https://archive.org/download/per_physikalische-zeitschrift_physikalische-zeitschrift_1903-06-01_17/per_physikalische-zeitschrift_physikalische-zeitschrift_1903-06-01_17_djvu.txt	?	-
per_physikalische-zeitschrift_physikalische-zeitschrift_1903-06-15_18	https://archive.org/download/per_physikalische-zeitschrift_physikalische-zeitschrift_1903-06-15_18/per_physikalische-zeitschrift_physikalische-zeitschrift_1903-06-15_18_djvu.txt	?	-
per_physikalische-zeitschrift_physikalische-zeitschrift_1903-07-01_19	https://archive.org/download/per_physikalische-zeitschrift_physikalische-zeitschrift_1903-07-01_19/per_physikalische-zeitschrift_physikalische-zeitschrift_1903-07-01_19_djvu.txt	?	-
per_physikalische-zeitschrift_physikalische-zeitschrift_1903-07-15_20	https://archive.org/download/per_physikalische-zeitschrift_physikalische-zeitschrift_1903-07-15_20/per_physikalische-zeitschrift_physikalische-zeitschrift_1903-07-15_20_djvu.txt	?	-
per_physikalische-zeitschrift_physikalische-zeitschrift_1903-08-01_21	https://archive.org/download/per_physikalische-zeitschrift_physikalische-zeitschrift_1903-08-01_21/per_physikalische-zeitschrift_physikalische-zeitschrift_1903-08-01_21_djvu.txt	?	-
per_physikalische-zeitschrift_physikalische-zeitschrift_1903-08-15_22	https://archive.org/download/per_physikalische-zeitschrift_physikalische-zeitschrift_1903-08-15_22/per_physikalische-zeitschrift_physikalische-zeitschrift_1903-08-15_22_djvu.txt	?	-
per_physikalische-zeitschrift_physikalische-zeitschrift_1903-09-01_23	https://archive.org/download/per_physikalische-zeitschrift_physikalische-zeitschrift_1903-09-01_23/per_physikalische-zeitschrift_physikalische-zeitschrift_1903-09-01_23_djvu.txt	?	-
per_physikalische-zeitschrift_physikalische-zeitschrift_1903-09-15_24	https://archive.org/download/per_physikalische-zeitschrift_physikalische-zeitschrift_1903-09-15_24/per_physikalische-zeitschrift_physikalische-zeitschrift_1903-09-15_24_djvu.txt	?	-
per_physikalische-zeitschrift_physikalische-zeitschrift_1903-10-01_25	https://archive.org/download/per_physikalische-zeitschrift_physikalische-zeitschrift_1903-10-01_25/per_physikalische-zeitschrift_physikalische-zeitschrift_1903-10-01_25_djvu.txt	?	-
per_physikalische-zeitschrift_physikalische-zeitschrift_1903-10-15_26	https://archive.org/download/per_physikalische-zeitschrift_physikalische-zeitschrift_1903-10-15_26/per_physikalische-zeitschrift_physikalische-zeitschrift_1903-10-15_26_djvu.txt	?	-
per_physikalische-zeitschrift_physikalische-zeitschrift_1903-11-01_27	https://archive.org/download/per_physikalische-zeitschrift_physikalische-zeitschrift_1903-11-01_27/per_physikalische-zeitschrift_physikalische-zeitschrift_1903-11-01_27_djvu.txt	?	-
per_physikalische-zeitschrift_physikalische-zeitschrift_1903-11-15_28	https://archive.org/download/per_physikalische-zeitschrift_physikalische-zeitschrift_1903-11-15_28/per_physikalische-zeitschrift_physikalische-zeitschrift_1903-11-15_28_djvu.txt	?	-
per_physikalische-zeitschrift_physikalische-zeitschrift_1903-12-01_29	https://archive.org/download/per_physikalische-zeitschrift_physikalische-zeitschrift_1903-12-01_29/per_physikalische-zeitschrift_physikalische-zeitschrift_1903-12-01_29_djvu.txt	?	-
per_physikalische-zeitschrift_physikalische-zeitschrift_1903-12-15_30	https://archive.org/download/per_physikalische-zeitschrift_physikalische-zeitschrift_1903-12-15_30/per_physikalische-zeitschrift_physikalische-zeitschrift_1903-12-15_30_djvu.txt	?	-
per_physikalische-zeitschrift_physikalische-zeitschrift_1904-01-01_1	https://archive.org/download/per_physikalische-zeitschrift_physikalische-zeitschrift_1904-01-01_1/per_physikalische-zeitschrift_physikalische-zeitschrift_1904-01-01_1_djvu.txt	?	-
per_physikalische-zeitschrift_physikalische-zeitschrift_1904-01-15_2	https://archive.org/download/per_physikalische-zeitschrift_physikalische-zeitschrift_1904-01-15_2/per_physikalische-zeitschrift_physikalische-zeitschrift_1904-01-15_2_djvu.txt	?	-
per_physikalische-zeitschrift_physikalische-zeitschrift_1904-02-01_3	https://archive.org/download/per_physikalische-zeitschrift_physikalische-zeitschrift_1904-02-01_3/per_physikalische-zeitschrift_physikalische-zeitschrift_1904-02-01_3_djvu.txt	?	-
per_physikalische-zeitschrift_physikalische-zeitschrift_1904-02-15_4	https://archive.org/download/per_physikalische-zeitschrift_physikalische-zeitschrift_1904-02-15_4/per_physikalische-zeitschrift_physikalische-zeitschrift_1904-02-15_4_djvu.txt	?	-
per_physikalische-zeitschrift_physikalische-zeitschrift_1904-03-01_5	https://archive.org/download/per_physikalische-zeitschrift_physikalische-zeitschrift_1904-03-01_5/per_physikalische-zeitschrift_physikalische-zeitschrift_1904-03-01_5_djvu.txt	?	-
per_physikalische-zeitschrift_physikalische-zeitschrift_1904-03-15_6	https://archive.org/download/per_physikalische-zeitschrift_physikalische-zeitschrift_1904-03-15_6/per_physikalische-zeitschrift_physikalische-zeitschrift_1904-03-15_6_djvu.txt	?	-
per_physikalische-zeitschrift_physikalische-zeitschrift_1904-04-01_7	https://archive.org/download/per_physikalische-zeitschrift_physikalische-zeitschrift_1904-04-01_7/per_physikalische-zeitschrift_physikalische-zeitschrift_1904-04-01_7_djvu.txt	?	-
per_physikalische-zeitschrift_physikalische-zeitschrift_1904-04-15_8	https://archive.org/download/per_physikalische-zeitschrift_physikalische-zeitschrift_1904-04-15_8/per_physikalische-zeitschrift_physikalische-zeitschrift_1904-04-15_8_djvu.txt	?	-
per_physikalische-zeitschrift_physikalische-zeitschrift_1904-05-01_9	https://archive.org/download/per_physikalische-zeitschrift_physikalische-zeitschrift_1904-05-01_9/per_physikalische-zeitschrift_physikalische-zeitschrift_1904-05-01_9_djvu.txt	?	-
per_physikalische-zeitschrift_physikalische-zeitschrift_1904-05-15_10	https://archive.org/download/per_physikalische-zeitschrift_physikalische-zeitschrift_1904-05-15_10/per_physikalische-zeitschrift_physikalische-zeitschrift_1904-05-15_10_djvu.txt	?	-
per_physikalische-zeitschrift_physikalische-zeitschrift_1904-06-01_11	https://archive.org/download/per_physikalische-zeitschrift_physikalische-zeitschrift_1904-06-01_11/per_physikalische-zeitschrift_physikalische-zeitschrift_1904-06-01_11_djvu.txt	?	-
per_physikalische-zeitschrift_physikalische-zeitschrift_1904-06-15_12	https://archive.org/download/per_physikalische-zeitschrift_physikalische-zeitschrift_1904-06-15_12/per_physikalische-zeitschrift_physikalische-zeitschrift_1904-06-15_12_djvu.txt	?	-
per_physikalische-zeitschrift_physikalische-zeitschrift_1904-07-01_13	https://archive.org/download/per_physikalische-zeitschrift_physikalische-zeitschrift_1904-07-01_13/per_physikalische-zeitschrift_physikalische-zeitschrift_1904-07-01_13_djvu.txt	?	-
per_physikalische-zeitschrift_physikalische-zeitschrift_1904-07-15_14	https://archive.org/download/per_physikalische-zeitschrift_physikalische-zeitschrift_1904-07-15_14/per_physikalische-zeitschrift_physikalische-zeitschrift_1904-07-15_14_djvu.txt	?	-
per_physikalische-zeitschrift_physikalische-zeitschrift_1904-08-01_15	https://archive.org/download/per_physikalische-zeitschrift_physikalische-zeitschrift_1904-08-01_15/per_physikalische-zeitschrift_physikalische-zeitschrift_1904-08-01_15_djvu.txt	?	-
per_physikalische-zeitschrift_physikalische-zeitschrift_1904-08-15_16	https://archive.org/download/per_physikalische-zeitschrift_physikalische-zeitschrift_1904-08-15_16/per_physikalische-zeitschrift_physikalische-zeitschrift_1904-08-15_16_djvu.txt	?	-
per_physikalische-zeitschrift_physikalische-zeitschrift_1904-09-01_17	https://archive.org/download/per_physikalische-zeitschrift_physikalische-zeitschrift_1904-09-01_17/per_physikalische-zeitschrift_physikalische-zeitschrift_1904-09-01_17_djvu.txt	?	-
per_physikalische-zeitschrift_physikalische-zeitschrift_1904-09-15_18	https://archive.org/download/per_physikalische-zeitschrift_physikalische-zeitschrift_1904-09-15_18/per_physikalische-zeitschrift_physikalische-zeitschrift_1904-09-15_18_djvu.txt	?	-
per_physikalische-zeitschrift_physikalische-zeitschrift_1904-10-01_19	https://archive.org/download/per_physikalische-zeitschrift_physikalische-zeitschrift_1904-10-01_19/per_physikalische-zeitschrift_physikalische-zeitschrift_1904-10-01_19_djvu.txt	?	-
per_physikalische-zeitschrift_physikalische-zeitschrift_1904-10-15_20	https://archive.org/download/per_physikalische-zeitschrift_physikalische-zeitschrift_1904-10-15_20/per_physikalische-zeitschrift_physikalische-zeitschrift_1904-10-15_20_djvu.txt	?	-
per_physikalische-zeitschrift_physikalische-zeitschrift_1904-10-20_21	https://archive.org/download/per_physikalische-zeitschrift_physikalische-zeitschrift_1904-10-20_21/per_physikalische-zeitschrift_physikalische-zeitschrift_1904-10-20_21_djvu.txt	?	-
per_physikalische-zeitschrift_physikalische-zeitschrift_1904-11-01_22	https://archive.org/download/per_physikalische-zeitschrift_physikalische-zeitschrift_1904-11-01_22/per_physikalische-zeitschrift_physikalische-zeitschrift_1904-11-01_22_djvu.txt	?	-
per_physikalische-zeitschrift_physikalische-zeitschrift_1904-11-15_23	https://archive.org/download/per_physikalische-zeitschrift_physikalische-zeitschrift_1904-11-15_23/per_physikalische-zeitschrift_physikalische-zeitschrift_1904-11-15_23_djvu.txt	?	-
per_physikalische-zeitschrift_physikalische-zeitschrift_1904-12-01_24	https://archive.org/download/per_physikalische-zeitschrift_physikalische-zeitschrift_1904-12-01_24/per_physikalische-zeitschrift_physikalische-zeitschrift_1904-12-01_24_djvu.txt	?	-
per_physikalische-zeitschrift_physikalische-zeitschrift_1904-12-15_25	https://archive.org/download/per_physikalische-zeitschrift_physikalische-zeitschrift_1904-12-15_25/per_physikalische-zeitschrift_physikalische-zeitschrift_1904-12-15_25_djvu.txt	?	-
per_physikalische-zeitschrift_physikalische-zeitschrift_1904_index	https://archive.org/download/per_physikalische-zeitschrift_physikalische-zeitschrift_1904_index/per_physikalische-zeitschrift_physikalische-zeitschrift_1904_index_djvu.txt	?	-
per_physikalische-zeitschrift_physikalische-zeitschrift_1905-01-01_1	https://archive.org/download/per_physikalische-zeitschrift_physikalische-zeitschrift_1905-01-01_1/per_physikalische-zeitschrift_physikalische-zeitschrift_1905-01-01_1_djvu.txt	?	-
per_physikalische-zeitschrift_physikalische-zeitschrift_1905-01-15_2	https://archive.org/download/per_physikalische-zeitschrift_physikalische-zeitschrift_1905-01-15_2/per_physikalische-zeitschrift_physikalische-zeitschrift_1905-01-15_2_djvu.txt	?	-
per_physikalische-zeitschrift_physikalische-zeitschrift_1905-02-01_3	https://archive.org/download/per_physikalische-zeitschrift_physikalische-zeitschrift_1905-02-01_3/per_physikalische-zeitschrift_physikalische-zeitschrift_1905-02-01_3_djvu.txt	?	-
per_physikalische-zeitschrift_physikalische-zeitschrift_1905-02-15_4	https://archive.org/download/per_physikalische-zeitschrift_physikalische-zeitschrift_1905-02-15_4/per_physikalische-zeitschrift_physikalische-zeitschrift_1905-02-15_4_djvu.txt	?	-
per_physikalische-zeitschrift_physikalische-zeitschrift_1905-03-01_5	https://archive.org/download/per_physikalische-zeitschrift_physikalische-zeitschrift_1905-03-01_5/per_physikalische-zeitschrift_physikalische-zeitschrift_1905-03-01_5_djvu.txt	?	-
per_physikalische-zeitschrift_physikalische-zeitschrift_1905-03-15_6	https://archive.org/download/per_physikalische-zeitschrift_physikalische-zeitschrift_1905-03-15_6/per_physikalische-zeitschrift_physikalische-zeitschrift_1905-03-15_6_djvu.txt	?	-
per_physikalische-zeitschrift_physikalische-zeitschrift_1905-04-01_7	https://archive.org/download/per_physikalische-zeitschrift_physikalische-zeitschrift_1905-04-01_7/per_physikalische-zeitschrift_physikalische-zeitschrift_1905-04-01_7_djvu.txt	?	-
per_physikalische-zeitschrift_physikalische-zeitschrift_1905-04-15_8	https://archive.org/download/per_physikalische-zeitschrift_physikalische-zeitschrift_1905-04-15_8/per_physikalische-zeitschrift_physikalische-zeitschrift_1905-04-15_8_djvu.txt	?	-
per_physikalische-zeitschrift_physikalische-zeitschrift_1905-05-01_9	https://archive.org/download/per_physikalische-zeitschrift_physikalische-zeitschrift_1905-05-01_9/per_physikalische-zeitschrift_physikalische-zeitschrift_1905-05-01_9_djvu.txt	?	-
per_physikalische-zeitschrift_physikalische-zeitschrift_1905-05-15_10	https://archive.org/download/per_physikalische-zeitschrift_physikalische-zeitschrift_1905-05-15_10/per_physikalische-zeitschrift_physikalische-zeitschrift_1905-05-15_10_djvu.txt	?	-
per_physikalische-zeitschrift_physikalische-zeitschrift_1905-06-01_11	https://archive.org/download/per_physikalische-zeitschrift_physikalische-zeitschrift_1905-06-01_11/per_physikalische-zeitschrift_physikalische-zeitschrift_1905-06-01_11_djvu.txt	?	-
per_physikalische-zeitschrift_physikalische-zeitschrift_1905-06-15_12	https://archive.org/download/per_physikalische-zeitschrift_physikalische-zeitschrift_1905-06-15_12/per_physikalische-zeitschrift_physikalische-zeitschrift_1905-06-15_12_djvu.txt	?	-
per_physikalische-zeitschrift_physikalische-zeitschrift_1905-07-01_13	https://archive.org/download/per_physikalische-zeitschrift_physikalische-zeitschrift_1905-07-01_13/per_physikalische-zeitschrift_physikalische-zeitschrift_1905-07-01_13_djvu.txt	?	-
per_physikalische-zeitschrift_physikalische-zeitschrift_1905-07-15_14	https://archive.org/download/per_physikalische-zeitschrift_physikalische-zeitschrift_1905-07-15_14/per_physikalische-zeitschrift_physikalische-zeitschrift_1905-07-15_14_djvu.txt	?	-
per_physikalische-zeitschrift_physikalische-zeitschrift_1905-08-01_15	https://archive.org/download/per_physikalische-zeitschrift_physikalische-zeitschrift_1905-08-01_15/per_physikalische-zeitschrift_physikalische-zeitschrift_1905-08-01_15_djvu.txt	?	-
per_physikalische-zeitschrift_physikalische-zeitschrift_1905-08-15_16	https://archive.org/download/per_physikalische-zeitschrift_physikalische-zeitschrift_1905-08-15_16/per_physikalische-zeitschrift_physikalische-zeitschrift_1905-08-15_16_djvu.txt	?	-
per_physikalische-zeitschrift_physikalische-zeitschrift_1905-09-01_17	https://archive.org/download/per_physikalische-zeitschrift_physikalische-zeitschrift_1905-09-01_17/per_physikalische-zeitschrift_physikalische-zeitschrift_1905-09-01_17_djvu.txt	?	-
per_physikalische-zeitschrift_physikalische-zeitschrift_1905-09-15_18	https://archive.org/download/per_physikalische-zeitschrift_physikalische-zeitschrift_1905-09-15_18/per_physikalische-zeitschrift_physikalische-zeitschrift_1905-09-15_18_djvu.txt	?	-
per_physikalische-zeitschrift_physikalische-zeitschrift_1905-10-01_19	https://archive.org/download/per_physikalische-zeitschrift_physikalische-zeitschrift_1905-10-01_19/per_physikalische-zeitschrift_physikalische-zeitschrift_1905-10-01_19_djvu.txt	?	-
per_physikalische-zeitschrift_physikalische-zeitschrift_1905-10-15_20	https://archive.org/download/per_physikalische-zeitschrift_physikalische-zeitschrift_1905-10-15_20/per_physikalische-zeitschrift_physikalische-zeitschrift_1905-10-15_20_djvu.txt	?	-
per_physikalische-zeitschrift_physikalische-zeitschrift_1905-10-26_21	https://archive.org/download/per_physikalische-zeitschrift_physikalische-zeitschrift_1905-10-26_21/per_physikalische-zeitschrift_physikalische-zeitschrift_1905-10-26_21_djvu.txt	?	-
per_physikalische-zeitschrift_physikalische-zeitschrift_1905-11-01_22	https://archive.org/download/per_physikalische-zeitschrift_physikalische-zeitschrift_1905-11-01_22/per_physikalische-zeitschrift_physikalische-zeitschrift_1905-11-01_22_djvu.txt	?	-
per_physikalische-zeitschrift_physikalische-zeitschrift_1905-11-15_23	https://archive.org/download/per_physikalische-zeitschrift_physikalische-zeitschrift_1905-11-15_23/per_physikalische-zeitschrift_physikalische-zeitschrift_1905-11-15_23_djvu.txt	?	-
per_physikalische-zeitschrift_physikalische-zeitschrift_1905-12-01_24	https://archive.org/download/per_physikalische-zeitschrift_physikalische-zeitschrift_1905-12-01_24/per_physikalische-zeitschrift_physikalische-zeitschrift_1905-12-01_24_djvu.txt	?	-
per_physikalische-zeitschrift_physikalische-zeitschrift_1905-12-15_25	https://archive.org/download/per_physikalische-zeitschrift_physikalische-zeitschrift_1905-12-15_25/per_physikalische-zeitschrift_physikalische-zeitschrift_1905-12-15_25_djvu.txt	?	-
per_physikalische-zeitschrift_physikalische-zeitschrift_1905_index	https://archive.org/download/per_physikalische-zeitschrift_physikalische-zeitschrift_1905_index/per_physikalische-zeitschrift_physikalische-zeitschrift_1905_index_djvu.txt	?	-
per_physikalische-zeitschrift_physikalische-zeitschrift_1906-01-01_1	https://archive.org/download/per_physikalische-zeitschrift_physikalische-zeitschrift_1906-01-01_1/per_physikalische-zeitschrift_physikalische-zeitschrift_1906-01-01_1_djvu.txt	?	-
per_physikalische-zeitschrift_physikalische-zeitschrift_1906-01-15_2	https://archive.org/download/per_physikalische-zeitschrift_physikalische-zeitschrift_1906-01-15_2/per_physikalische-zeitschrift_physikalische-zeitschrift_1906-01-15_2_djvu.txt	?	-
per_physikalische-zeitschrift_physikalische-zeitschrift_1906-02-01_3	https://archive.org/download/per_physikalische-zeitschrift_physikalische-zeitschrift_1906-02-01_3/per_physikalische-zeitschrift_physikalische-zeitschrift_1906-02-01_3_djvu.txt	?	-
per_physikalische-zeitschrift_physikalische-zeitschrift_1906-02-15_4	https://archive.org/download/per_physikalische-zeitschrift_physikalische-zeitschrift_1906-02-15_4/per_physikalische-zeitschrift_physikalische-zeitschrift_1906-02-15_4_djvu.txt	?	-
per_physikalische-zeitschrift_physikalische-zeitschrift_1906-03-01_5	https://archive.org/download/per_physikalische-zeitschrift_physikalische-zeitschrift_1906-03-01_5/per_physikalische-zeitschrift_physikalische-zeitschrift_1906-03-01_5_djvu.txt	?	-
per_physikalische-zeitschrift_physikalische-zeitschrift_1906-03-15_6	https://archive.org/download/per_physikalische-zeitschrift_physikalische-zeitschrift_1906-03-15_6/per_physikalische-zeitschrift_physikalische-zeitschrift_1906-03-15_6_djvu.txt	?	-
per_physikalische-zeitschrift_physikalische-zeitschrift_1906-04-01_7	https://archive.org/download/per_physikalische-zeitschrift_physikalische-zeitschrift_1906-04-01_7/per_physikalische-zeitschrift_physikalische-zeitschrift_1906-04-01_7_djvu.txt	?	-
per_physikalische-zeitschrift_physikalische-zeitschrift_1906-04-15_8	https://archive.org/download/per_physikalische-zeitschrift_physikalische-zeitschrift_1906-04-15_8/per_physikalische-zeitschrift_physikalische-zeitschrift_1906-04-15_8_djvu.txt	?	-
per_physikalische-zeitschrift_physikalische-zeitschrift_1906-05-01_9	https://archive.org/download/per_physikalische-zeitschrift_physikalische-zeitschrift_1906-05-01_9/per_physikalische-zeitschrift_physikalische-zeitschrift_1906-05-01_9_djvu.txt	?	-
per_physikalische-zeitschrift_physikalische-zeitschrift_1906-05-15_10	https://archive.org/download/per_physikalische-zeitschrift_physikalische-zeitschrift_1906-05-15_10/per_physikalische-zeitschrift_physikalische-zeitschrift_1906-05-15_10_djvu.txt	?	-
per_physikalische-zeitschrift_physikalische-zeitschrift_1906-06-01_11	https://archive.org/download/per_physikalische-zeitschrift_physikalische-zeitschrift_1906-06-01_11/per_physikalische-zeitschrift_physikalische-zeitschrift_1906-06-01_11_djvu.txt	?	-
per_physikalische-zeitschrift_physikalische-zeitschrift_1906-06-15_12	https://archive.org/download/per_physikalische-zeitschrift_physikalische-zeitschrift_1906-06-15_12/per_physikalische-zeitschrift_physikalische-zeitschrift_1906-06-15_12_djvu.txt	?	-
per_physikalische-zeitschrift_physikalische-zeitschrift_1906-07-01_13	https://archive.org/download/per_physikalische-zeitschrift_physikalische-zeitschrift_1906-07-01_13/per_physikalische-zeitschrift_physikalische-zeitschrift_1906-07-01_13_djvu.txt	?	-
per_physikalische-zeitschrift_physikalische-zeitschrift_1906-07-15_14	https://archive.org/download/per_physikalische-zeitschrift_physikalische-zeitschrift_1906-07-15_14/per_physikalische-zeitschrift_physikalische-zeitschrift_1906-07-15_14_djvu.txt	?	-
per_physikalische-zeitschrift_physikalische-zeitschrift_1906-08-01_15	https://archive.org/download/per_physikalische-zeitschrift_physikalische-zeitschrift_1906-08-01_15/per_physikalische-zeitschrift_physikalische-zeitschrift_1906-08-01_15_djvu.txt	?	-
per_physikalische-zeitschrift_physikalische-zeitschrift_1906-08-15_16	https://archive.org/download/per_physikalische-zeitschrift_physikalische-zeitschrift_1906-08-15_16/per_physikalische-zeitschrift_physikalische-zeitschrift_1906-08-15_16_djvu.txt	?	-
per_physikalische-zeitschrift_physikalische-zeitschrift_1906-09-01_17	https://archive.org/download/per_physikalische-zeitschrift_physikalische-zeitschrift_1906-09-01_17/per_physikalische-zeitschrift_physikalische-zeitschrift_1906-09-01_17_djvu.txt	?	-
per_physikalische-zeitschrift_physikalische-zeitschrift_1906-09-15_18	https://archive.org/download/per_physikalische-zeitschrift_physikalische-zeitschrift_1906-09-15_18/per_physikalische-zeitschrift_physikalische-zeitschrift_1906-09-15_18_djvu.txt	?	-
per_physikalische-zeitschrift_physikalische-zeitschrift_1906-10-01_19	https://archive.org/download/per_physikalische-zeitschrift_physikalische-zeitschrift_1906-10-01_19/per_physikalische-zeitschrift_physikalische-zeitschrift_1906-10-01_19_djvu.txt	?	-
per_physikalische-zeitschrift_physikalische-zeitschrift_1906-10-15_20	https://archive.org/download/per_physikalische-zeitschrift_physikalische-zeitschrift_1906-10-15_20/per_physikalische-zeitschrift_physikalische-zeitschrift_1906-10-15_20_djvu.txt	?	-
per_physikalische-zeitschrift_physikalische-zeitschrift_1906-10-25_21	https://archive.org/download/per_physikalische-zeitschrift_physikalische-zeitschrift_1906-10-25_21/per_physikalische-zeitschrift_physikalische-zeitschrift_1906-10-25_21_djvu.txt	?	-
per_physikalische-zeitschrift_physikalische-zeitschrift_1906-11-08_22	https://archive.org/download/per_physikalische-zeitschrift_physikalische-zeitschrift_1906-11-08_22/per_physikalische-zeitschrift_physikalische-zeitschrift_1906-11-08_22_djvu.txt	?	-
per_physikalische-zeitschrift_physikalische-zeitschrift_1906-11-15_23	https://archive.org/download/per_physikalische-zeitschrift_physikalische-zeitschrift_1906-11-15_23/per_physikalische-zeitschrift_physikalische-zeitschrift_1906-11-15_23_djvu.txt	?	-
per_physikalische-zeitschrift_physikalische-zeitschrift_1906-12-01_24	https://archive.org/download/per_physikalische-zeitschrift_physikalische-zeitschrift_1906-12-01_24/per_physikalische-zeitschrift_physikalische-zeitschrift_1906-12-01_24_djvu.txt	?	-
per_physikalische-zeitschrift_physikalische-zeitschrift_1906-12-15_25	https://archive.org/download/per_physikalische-zeitschrift_physikalische-zeitschrift_1906-12-15_25/per_physikalische-zeitschrift_physikalische-zeitschrift_1906-12-15_25_djvu.txt	?	-
per_physikalische-zeitschrift_physikalische-zeitschrift_1906_index	https://archive.org/download/per_physikalische-zeitschrift_physikalische-zeitschrift_1906_index/per_physikalische-zeitschrift_physikalische-zeitschrift_1906_index_djvu.txt	?	-
per_physikalische-zeitschrift_physikalische-zeitschrift_1907-01-01_1	https://archive.org/download/per_physikalische-zeitschrift_physikalische-zeitschrift_1907-01-01_1/per_physikalische-zeitschrift_physikalische-zeitschrift_1907-01-01_1_djvu.txt	?	-
per_physikalische-zeitschrift_physikalische-zeitschrift_1907-01-15_2	https://archive.org/download/per_physikalische-zeitschrift_physikalische-zeitschrift_1907-01-15_2/per_physikalische-zeitschrift_physikalische-zeitschrift_1907-01-15_2_djvu.txt	?	-
per_physikalische-zeitschrift_physikalische-zeitschrift_1907-02-01_3	https://archive.org/download/per_physikalische-zeitschrift_physikalische-zeitschrift_1907-02-01_3/per_physikalische-zeitschrift_physikalische-zeitschrift_1907-02-01_3_djvu.txt	?	-
per_physikalische-zeitschrift_physikalische-zeitschrift_1907-02-15_4	https://archive.org/download/per_physikalische-zeitschrift_physikalische-zeitschrift_1907-02-15_4/per_physikalische-zeitschrift_physikalische-zeitschrift_1907-02-15_4_djvu.txt	?	-
per_physikalische-zeitschrift_physikalische-zeitschrift_1907-03-01_5	https://archive.org/download/per_physikalische-zeitschrift_physikalische-zeitschrift_1907-03-01_5/per_physikalische-zeitschrift_physikalische-zeitschrift_1907-03-01_5_djvu.txt	?	-
per_physikalische-zeitschrift_physikalische-zeitschrift_1907-03-15_6	https://archive.org/download/per_physikalische-zeitschrift_physikalische-zeitschrift_1907-03-15_6/per_physikalische-zeitschrift_physikalische-zeitschrift_1907-03-15_6_djvu.txt	?	-
per_physikalische-zeitschrift_physikalische-zeitschrift_1907-04-01_7	https://archive.org/download/per_physikalische-zeitschrift_physikalische-zeitschrift_1907-04-01_7/per_physikalische-zeitschrift_physikalische-zeitschrift_1907-04-01_7_djvu.txt	?	-
per_physikalische-zeitschrift_physikalische-zeitschrift_1907-04-15_8	https://archive.org/download/per_physikalische-zeitschrift_physikalische-zeitschrift_1907-04-15_8/per_physikalische-zeitschrift_physikalische-zeitschrift_1907-04-15_8_djvu.txt	?	-
per_physikalische-zeitschrift_physikalische-zeitschrift_1907-05-01_9	https://archive.org/download/per_physikalische-zeitschrift_physikalische-zeitschrift_1907-05-01_9/per_physikalische-zeitschrift_physikalische-zeitschrift_1907-05-01_9_djvu.txt	?	-
per_physikalische-zeitschrift_physikalische-zeitschrift_1907-05-15_10	https://archive.org/download/per_physikalische-zeitschrift_physikalische-zeitschrift_1907-05-15_10/per_physikalische-zeitschrift_physikalische-zeitschrift_1907-05-15_10_djvu.txt	?	-
per_physikalische-zeitschrift_physikalische-zeitschrift_1907-06-01_11	https://archive.org/download/per_physikalische-zeitschrift_physikalische-zeitschrift_1907-06-01_11/per_physikalische-zeitschrift_physikalische-zeitschrift_1907-06-01_11_djvu.txt	?	-
per_physikalische-zeitschrift_physikalische-zeitschrift_1907-06-15_12	https://archive.org/download/per_physikalische-zeitschrift_physikalische-zeitschrift_1907-06-15_12/per_physikalische-zeitschrift_physikalische-zeitschrift_1907-06-15_12_djvu.txt	?	-
per_physikalische-zeitschrift_physikalische-zeitschrift_1907-07-01_13	https://archive.org/download/per_physikalische-zeitschrift_physikalische-zeitschrift_1907-07-01_13/per_physikalische-zeitschrift_physikalische-zeitschrift_1907-07-01_13_djvu.txt	?	-
per_physikalische-zeitschrift_physikalische-zeitschrift_1907-07-15_14	https://archive.org/download/per_physikalische-zeitschrift_physikalische-zeitschrift_1907-07-15_14/per_physikalische-zeitschrift_physikalische-zeitschrift_1907-07-15_14_djvu.txt	?	-
per_physikalische-zeitschrift_physikalische-zeitschrift_1907-08-01_15	https://archive.org/download/per_physikalische-zeitschrift_physikalische-zeitschrift_1907-08-01_15/per_physikalische-zeitschrift_physikalische-zeitschrift_1907-08-01_15_djvu.txt	?	-
per_physikalische-zeitschrift_physikalische-zeitschrift_1907-08-15_16	https://archive.org/download/per_physikalische-zeitschrift_physikalische-zeitschrift_1907-08-15_16/per_physikalische-zeitschrift_physikalische-zeitschrift_1907-08-15_16_djvu.txt	?	-
per_physikalische-zeitschrift_physikalische-zeitschrift_1907-09-01_17	https://archive.org/download/per_physikalische-zeitschrift_physikalische-zeitschrift_1907-09-01_17/per_physikalische-zeitschrift_physikalische-zeitschrift_1907-09-01_17_djvu.txt	?	-
per_physikalische-zeitschrift_physikalische-zeitschrift_1907-09-15_18	https://archive.org/download/per_physikalische-zeitschrift_physikalische-zeitschrift_1907-09-15_18/per_physikalische-zeitschrift_physikalische-zeitschrift_1907-09-15_18_djvu.txt	?	-
per_physikalische-zeitschrift_physikalische-zeitschrift_1907-10-01_19	https://archive.org/download/per_physikalische-zeitschrift_physikalische-zeitschrift_1907-10-01_19/per_physikalische-zeitschrift_physikalische-zeitschrift_1907-10-01_19_djvu.txt	?	-
per_physikalische-zeitschrift_physikalische-zeitschrift_1907-10-15_20	https://archive.org/download/per_physikalische-zeitschrift_physikalische-zeitschrift_1907-10-15_20/per_physikalische-zeitschrift_physikalische-zeitschrift_1907-10-15_20_djvu.txt	?	-
per_physikalische-zeitschrift_physikalische-zeitschrift_1907-11-01_22	https://archive.org/download/per_physikalische-zeitschrift_physikalische-zeitschrift_1907-11-01_22/per_physikalische-zeitschrift_physikalische-zeitschrift_1907-11-01_22_djvu.txt	?	-
per_physikalische-zeitschrift_physikalische-zeitschrift_1907-11-15_23	https://archive.org/download/per_physikalische-zeitschrift_physikalische-zeitschrift_1907-11-15_23/per_physikalische-zeitschrift_physikalische-zeitschrift_1907-11-15_23_djvu.txt	?	-
per_physikalische-zeitschrift_physikalische-zeitschrift_1907-11-24_21	https://archive.org/download/per_physikalische-zeitschrift_physikalische-zeitschrift_1907-11-24_21/per_physikalische-zeitschrift_physikalische-zeitschrift_1907-11-24_21_djvu.txt	?	-
per_physikalische-zeitschrift_physikalische-zeitschrift_1907-12-01_24	https://archive.org/download/per_physikalische-zeitschrift_physikalische-zeitschrift_1907-12-01_24/per_physikalische-zeitschrift_physikalische-zeitschrift_1907-12-01_24_djvu.txt	?	-
per_physikalische-zeitschrift_physikalische-zeitschrift_1907-12-15_25	https://archive.org/download/per_physikalische-zeitschrift_physikalische-zeitschrift_1907-12-15_25/per_physikalische-zeitschrift_physikalische-zeitschrift_1907-12-15_25_djvu.txt	?	-
per_physikalische-zeitschrift_physikalische-zeitschrift_1907_index	https://archive.org/download/per_physikalische-zeitschrift_physikalische-zeitschrift_1907_index/per_physikalische-zeitschrift_physikalische-zeitschrift_1907_index_djvu.txt	?	-
per_physikalische-zeitschrift_physikalische-zeitschrift_1908-01-01_1	https://archive.org/download/per_physikalische-zeitschrift_physikalische-zeitschrift_1908-01-01_1/per_physikalische-zeitschrift_physikalische-zeitschrift_1908-01-01_1_djvu.txt	?	-
per_physikalische-zeitschrift_physikalische-zeitschrift_1908-01-15_2	https://archive.org/download/per_physikalische-zeitschrift_physikalische-zeitschrift_1908-01-15_2/per_physikalische-zeitschrift_physikalische-zeitschrift_1908-01-15_2_djvu.txt	?	-
per_physikalische-zeitschrift_physikalische-zeitschrift_1908-02-01_3	https://archive.org/download/per_physikalische-zeitschrift_physikalische-zeitschrift_1908-02-01_3/per_physikalische-zeitschrift_physikalische-zeitschrift_1908-02-01_3_djvu.txt	?	-
per_physikalische-zeitschrift_physikalische-zeitschrift_1908-02-15_4	https://archive.org/download/per_physikalische-zeitschrift_physikalische-zeitschrift_1908-02-15_4/per_physikalische-zeitschrift_physikalische-zeitschrift_1908-02-15_4_djvu.txt	?	-
per_physikalische-zeitschrift_physikalische-zeitschrift_1908-03-01_5	https://archive.org/download/per_physikalische-zeitschrift_physikalische-zeitschrift_1908-03-01_5/per_physikalische-zeitschrift_physikalische-zeitschrift_1908-03-01_5_djvu.txt	?	-
per_physikalische-zeitschrift_physikalische-zeitschrift_1908-03-15_6	https://archive.org/download/per_physikalische-zeitschrift_physikalische-zeitschrift_1908-03-15_6/per_physikalische-zeitschrift_physikalische-zeitschrift_1908-03-15_6_djvu.txt	?	-
per_physikalische-zeitschrift_physikalische-zeitschrift_1908-04-01_7	https://archive.org/download/per_physikalische-zeitschrift_physikalische-zeitschrift_1908-04-01_7/per_physikalische-zeitschrift_physikalische-zeitschrift_1908-04-01_7_djvu.txt	?	-
per_physikalische-zeitschrift_physikalische-zeitschrift_1908-04-15_8	https://archive.org/download/per_physikalische-zeitschrift_physikalische-zeitschrift_1908-04-15_8/per_physikalische-zeitschrift_physikalische-zeitschrift_1908-04-15_8_djvu.txt	?	-
per_physikalische-zeitschrift_physikalische-zeitschrift_1908-05-01_9	https://archive.org/download/per_physikalische-zeitschrift_physikalische-zeitschrift_1908-05-01_9/per_physikalische-zeitschrift_physikalische-zeitschrift_1908-05-01_9_djvu.txt	?	-
per_physikalische-zeitschrift_physikalische-zeitschrift_1908-05-15_10	https://archive.org/download/per_physikalische-zeitschrift_physikalische-zeitschrift_1908-05-15_10/per_physikalische-zeitschrift_physikalische-zeitschrift_1908-05-15_10_djvu.txt	?	-
per_physikalische-zeitschrift_physikalische-zeitschrift_1908-06-01_11	https://archive.org/download/per_physikalische-zeitschrift_physikalische-zeitschrift_1908-06-01_11/per_physikalische-zeitschrift_physikalische-zeitschrift_1908-06-01_11_djvu.txt	?	-
per_physikalische-zeitschrift_physikalische-zeitschrift_1908-06-15_12	https://archive.org/download/per_physikalische-zeitschrift_physikalische-zeitschrift_1908-06-15_12/per_physikalische-zeitschrift_physikalische-zeitschrift_1908-06-15_12_djvu.txt	?	-
per_physikalische-zeitschrift_physikalische-zeitschrift_1908-07-01_13	https://archive.org/download/per_physikalische-zeitschrift_physikalische-zeitschrift_1908-07-01_13/per_physikalische-zeitschrift_physikalische-zeitschrift_1908-07-01_13_djvu.txt	?	-
per_physikalische-zeitschrift_physikalische-zeitschrift_1908-07-15_14	https://archive.org/download/per_physikalische-zeitschrift_physikalische-zeitschrift_1908-07-15_14/per_physikalische-zeitschrift_physikalische-zeitschrift_1908-07-15_14_djvu.txt	?	-
per_physikalische-zeitschrift_physikalische-zeitschrift_1908-08-01_15	https://archive.org/download/per_physikalische-zeitschrift_physikalische-zeitschrift_1908-08-01_15/per_physikalische-zeitschrift_physikalische-zeitschrift_1908-08-01_15_djvu.txt	?	-
per_physikalische-zeitschrift_physikalische-zeitschrift_1908-08-15_16	https://archive.org/download/per_physikalische-zeitschrift_physikalische-zeitschrift_1908-08-15_16/per_physikalische-zeitschrift_physikalische-zeitschrift_1908-08-15_16_djvu.txt	?	-
per_physikalische-zeitschrift_physikalische-zeitschrift_1908-09-01_17	https://archive.org/download/per_physikalische-zeitschrift_physikalische-zeitschrift_1908-09-01_17/per_physikalische-zeitschrift_physikalische-zeitschrift_1908-09-01_17_djvu.txt	?	-
per_physikalische-zeitschrift_physikalische-zeitschrift_1908-09-15_18	https://archive.org/download/per_physikalische-zeitschrift_physikalische-zeitschrift_1908-09-15_18/per_physikalische-zeitschrift_physikalische-zeitschrift_1908-09-15_18_djvu.txt	?	-
per_physikalische-zeitschrift_physikalische-zeitschrift_1908-10-01_19	https://archive.org/download/per_physikalische-zeitschrift_physikalische-zeitschrift_1908-10-01_19/per_physikalische-zeitschrift_physikalische-zeitschrift_1908-10-01_19_djvu.txt	?	-
per_physikalische-zeitschrift_physikalische-zeitschrift_1908-10-15_20	https://archive.org/download/per_physikalische-zeitschrift_physikalische-zeitschrift_1908-10-15_20/per_physikalische-zeitschrift_physikalische-zeitschrift_1908-10-15_20_djvu.txt	?	-
per_physikalische-zeitschrift_physikalische-zeitschrift_1908-10-25_21	https://archive.org/download/per_physikalische-zeitschrift_physikalische-zeitschrift_1908-10-25_21/per_physikalische-zeitschrift_physikalische-zeitschrift_1908-10-25_21_djvu.txt	?	-
per_physikalische-zeitschrift_physikalische-zeitschrift_1908-11-01_22	https://archive.org/download/per_physikalische-zeitschrift_physikalische-zeitschrift_1908-11-01_22/per_physikalische-zeitschrift_physikalische-zeitschrift_1908-11-01_22_djvu.txt	?	-
per_physikalische-zeitschrift_physikalische-zeitschrift_1908-11-15_23	https://archive.org/download/per_physikalische-zeitschrift_physikalische-zeitschrift_1908-11-15_23/per_physikalische-zeitschrift_physikalische-zeitschrift_1908-11-15_23_djvu.txt	?	-
per_physikalische-zeitschrift_physikalische-zeitschrift_1908-12-01_24	https://archive.org/download/per_physikalische-zeitschrift_physikalische-zeitschrift_1908-12-01_24/per_physikalische-zeitschrift_physikalische-zeitschrift_1908-12-01_24_djvu.txt	?	-
per_physikalische-zeitschrift_physikalische-zeitschrift_1908-12-15_25	https://archive.org/download/per_physikalische-zeitschrift_physikalische-zeitschrift_1908-12-15_25/per_physikalische-zeitschrift_physikalische-zeitschrift_1908-12-15_25_djvu.txt	?	-
per_physikalische-zeitschrift_physikalische-zeitschrift_1908_index	https://archive.org/download/per_physikalische-zeitschrift_physikalische-zeitschrift_1908_index/per_physikalische-zeitschrift_physikalische-zeitschrift_1908_index_djvu.txt	?	-
per_physikalische-zeitschrift_physikalische-zeitschrift_1909-01-01_1	https://archive.org/download/per_physikalische-zeitschrift_physikalische-zeitschrift_1909-01-01_1/per_physikalische-zeitschrift_physikalische-zeitschrift_1909-01-01_1_djvu.txt	?	-
per_physikalische-zeitschrift_physikalische-zeitschrift_1909-01-15_2	https://archive.org/download/per_physikalische-zeitschrift_physikalische-zeitschrift_1909-01-15_2/per_physikalische-zeitschrift_physikalische-zeitschrift_1909-01-15_2_djvu.txt	?	-
per_physikalische-zeitschrift_physikalische-zeitschrift_1909-02-01_3	https://archive.org/download/per_physikalische-zeitschrift_physikalische-zeitschrift_1909-02-01_3/per_physikalische-zeitschrift_physikalische-zeitschrift_1909-02-01_3_djvu.txt	?	-
per_physikalische-zeitschrift_physikalische-zeitschrift_1909-02-15_4	https://archive.org/download/per_physikalische-zeitschrift_physikalische-zeitschrift_1909-02-15_4/per_physikalische-zeitschrift_physikalische-zeitschrift_1909-02-15_4_djvu.txt	?	-
per_physikalische-zeitschrift_physikalische-zeitschrift_1909-03-01_5	https://archive.org/download/per_physikalische-zeitschrift_physikalische-zeitschrift_1909-03-01_5/per_physikalische-zeitschrift_physikalische-zeitschrift_1909-03-01_5_djvu.txt	?	-
per_physikalische-zeitschrift_physikalische-zeitschrift_1909-03-15_6	https://archive.org/download/per_physikalische-zeitschrift_physikalische-zeitschrift_1909-03-15_6/per_physikalische-zeitschrift_physikalische-zeitschrift_1909-03-15_6_djvu.txt	?	-
per_physikalische-zeitschrift_physikalische-zeitschrift_1909-04-01_7	https://archive.org/download/per_physikalische-zeitschrift_physikalische-zeitschrift_1909-04-01_7/per_physikalische-zeitschrift_physikalische-zeitschrift_1909-04-01_7_djvu.txt	?	-
per_physikalische-zeitschrift_physikalische-zeitschrift_1909-04-15_8	https://archive.org/download/per_physikalische-zeitschrift_physikalische-zeitschrift_1909-04-15_8/per_physikalische-zeitschrift_physikalische-zeitschrift_1909-04-15_8_djvu.txt	?	-
per_physikalische-zeitschrift_physikalische-zeitschrift_1909-05-01_9	https://archive.org/download/per_physikalische-zeitschrift_physikalische-zeitschrift_1909-05-01_9/per_physikalische-zeitschrift_physikalische-zeitschrift_1909-05-01_9_djvu.txt	?	-
per_physikalische-zeitschrift_physikalische-zeitschrift_1909-05-15_10	https://archive.org/download/per_physikalische-zeitschrift_physikalische-zeitschrift_1909-05-15_10/per_physikalische-zeitschrift_physikalische-zeitschrift_1909-05-15_10_djvu.txt	?	-
per_physikalische-zeitschrift_physikalische-zeitschrift_1909-06-01_11	https://archive.org/download/per_physikalische-zeitschrift_physikalische-zeitschrift_1909-06-01_11/per_physikalische-zeitschrift_physikalische-zeitschrift_1909-06-01_11_djvu.txt	?	-
per_physikalische-zeitschrift_physikalische-zeitschrift_1909-06-15_12	https://archive.org/download/per_physikalische-zeitschrift_physikalische-zeitschrift_1909-06-15_12/per_physikalische-zeitschrift_physikalische-zeitschrift_1909-06-15_12_djvu.txt	?	-
per_physikalische-zeitschrift_physikalische-zeitschrift_1909-07-01_13	https://archive.org/download/per_physikalische-zeitschrift_physikalische-zeitschrift_1909-07-01_13/per_physikalische-zeitschrift_physikalische-zeitschrift_1909-07-01_13_djvu.txt	?	-
per_physikalische-zeitschrift_physikalische-zeitschrift_1909-07-15_14	https://archive.org/download/per_physikalische-zeitschrift_physikalische-zeitschrift_1909-07-15_14/per_physikalische-zeitschrift_physikalische-zeitschrift_1909-07-15_14_djvu.txt	?	-
per_physikalische-zeitschrift_physikalische-zeitschrift_1909-08-01_15	https://archive.org/download/per_physikalische-zeitschrift_physikalische-zeitschrift_1909-08-01_15/per_physikalische-zeitschrift_physikalische-zeitschrift_1909-08-01_15_djvu.txt	?	-
per_physikalische-zeitschrift_physikalische-zeitschrift_1909-08-15_16	https://archive.org/download/per_physikalische-zeitschrift_physikalische-zeitschrift_1909-08-15_16/per_physikalische-zeitschrift_physikalische-zeitschrift_1909-08-15_16_djvu.txt	?	-
per_physikalische-zeitschrift_physikalische-zeitschrift_1909-09-01_17	https://archive.org/download/per_physikalische-zeitschrift_physikalische-zeitschrift_1909-09-01_17/per_physikalische-zeitschrift_physikalische-zeitschrift_1909-09-01_17_djvu.txt	?	-
per_physikalische-zeitschrift_physikalische-zeitschrift_1909-09-15_18	https://archive.org/download/per_physikalische-zeitschrift_physikalische-zeitschrift_1909-09-15_18/per_physikalische-zeitschrift_physikalische-zeitschrift_1909-09-15_18_djvu.txt	?	-
per_physikalische-zeitschrift_physikalische-zeitschrift_1909-10-01_19	https://archive.org/download/per_physikalische-zeitschrift_physikalische-zeitschrift_1909-10-01_19/per_physikalische-zeitschrift_physikalische-zeitschrift_1909-10-01_19_djvu.txt	?	-
per_physikalische-zeitschrift_physikalische-zeitschrift_1909-10-15_20	https://archive.org/download/per_physikalische-zeitschrift_physikalische-zeitschrift_1909-10-15_20/per_physikalische-zeitschrift_physikalische-zeitschrift_1909-10-15_20_djvu.txt	?	-
per_physikalische-zeitschrift_physikalische-zeitschrift_1909-11-01_21	https://archive.org/download/per_physikalische-zeitschrift_physikalische-zeitschrift_1909-11-01_21/per_physikalische-zeitschrift_physikalische-zeitschrift_1909-11-01_21_djvu.txt	?	-
per_physikalische-zeitschrift_physikalische-zeitschrift_1909-11-10_22	https://archive.org/download/per_physikalische-zeitschrift_physikalische-zeitschrift_1909-11-10_22/per_physikalische-zeitschrift_physikalische-zeitschrift_1909-11-10_22_djvu.txt	?	-
per_physikalische-zeitschrift_physikalische-zeitschrift_1909-11-22_23	https://archive.org/download/per_physikalische-zeitschrift_physikalische-zeitschrift_1909-11-22_23/per_physikalische-zeitschrift_physikalische-zeitschrift_1909-11-22_23_djvu.txt	?	-
per_physikalische-zeitschrift_physikalische-zeitschrift_1909-12-01_24	https://archive.org/download/per_physikalische-zeitschrift_physikalische-zeitschrift_1909-12-01_24/per_physikalische-zeitschrift_physikalische-zeitschrift_1909-12-01_24_djvu.txt	?	-
per_physikalische-zeitschrift_physikalische-zeitschrift_1909_index	https://archive.org/download/per_physikalische-zeitschrift_physikalische-zeitschrift_1909_index/per_physikalische-zeitschrift_physikalische-zeitschrift_1909_index_djvu.txt	?	-
per_physikalische-zeitschrift_physikalische-zeitschrift_1910-01-01_1	https://archive.org/download/per_physikalische-zeitschrift_physikalische-zeitschrift_1910-01-01_1/per_physikalische-zeitschrift_physikalische-zeitschrift_1910-01-01_1_djvu.txt	?	-
per_physikalische-zeitschrift_physikalische-zeitschrift_1910-01-15_2	https://archive.org/download/per_physikalische-zeitschrift_physikalische-zeitschrift_1910-01-15_2/per_physikalische-zeitschrift_physikalische-zeitschrift_1910-01-15_2_djvu.txt	?	-
per_physikalische-zeitschrift_physikalische-zeitschrift_1910-02-01_3	https://archive.org/download/per_physikalische-zeitschrift_physikalische-zeitschrift_1910-02-01_3/per_physikalische-zeitschrift_physikalische-zeitschrift_1910-02-01_3_djvu.txt	?	-
per_physikalische-zeitschrift_physikalische-zeitschrift_1910-02-15_4	https://archive.org/download/per_physikalische-zeitschrift_physikalische-zeitschrift_1910-02-15_4/per_physikalische-zeitschrift_physikalische-zeitschrift_1910-02-15_4_djvu.txt	?	-
per_physikalische-zeitschrift_physikalische-zeitschrift_1910-03-01_5	https://archive.org/download/per_physikalische-zeitschrift_physikalische-zeitschrift_1910-03-01_5/per_physikalische-zeitschrift_physikalische-zeitschrift_1910-03-01_5_djvu.txt	?	-
per_physikalische-zeitschrift_physikalische-zeitschrift_1910-03-15_6	https://archive.org/download/per_physikalische-zeitschrift_physikalische-zeitschrift_1910-03-15_6/per_physikalische-zeitschrift_physikalische-zeitschrift_1910-03-15_6_djvu.txt	?	-
per_physikalische-zeitschrift_physikalische-zeitschrift_1910-04-01_7	https://archive.org/download/per_physikalische-zeitschrift_physikalische-zeitschrift_1910-04-01_7/per_physikalische-zeitschrift_physikalische-zeitschrift_1910-04-01_7_djvu.txt	?	-
per_physikalische-zeitschrift_physikalische-zeitschrift_1910-04-15_8	https://archive.org/download/per_physikalische-zeitschrift_physikalische-zeitschrift_1910-04-15_8/per_physikalische-zeitschrift_physikalische-zeitschrift_1910-04-15_8_djvu.txt	?	-
per_physikalische-zeitschrift_physikalische-zeitschrift_1910-05-01_9	https://archive.org/download/per_physikalische-zeitschrift_physikalische-zeitschrift_1910-05-01_9/per_physikalische-zeitschrift_physikalische-zeitschrift_1910-05-01_9_djvu.txt	?	-
per_physikalische-zeitschrift_physikalische-zeitschrift_1910-05-15_10	https://archive.org/download/per_physikalische-zeitschrift_physikalische-zeitschrift_1910-05-15_10/per_physikalische-zeitschrift_physikalische-zeitschrift_1910-05-15_10_djvu.txt	?	-
per_physikalische-zeitschrift_physikalische-zeitschrift_1910-06-01_11	https://archive.org/download/per_physikalische-zeitschrift_physikalische-zeitschrift_1910-06-01_11/per_physikalische-zeitschrift_physikalische-zeitschrift_1910-06-01_11_djvu.txt	?	-
per_physikalische-zeitschrift_physikalische-zeitschrift_1910-06-15_12	https://archive.org/download/per_physikalische-zeitschrift_physikalische-zeitschrift_1910-06-15_12/per_physikalische-zeitschrift_physikalische-zeitschrift_1910-06-15_12_djvu.txt	?	-
per_physikalische-zeitschrift_physikalische-zeitschrift_1910-07-01_13	https://archive.org/download/per_physikalische-zeitschrift_physikalische-zeitschrift_1910-07-01_13/per_physikalische-zeitschrift_physikalische-zeitschrift_1910-07-01_13_djvu.txt	?	-
per_physikalische-zeitschrift_physikalische-zeitschrift_1910-07-15_14	https://archive.org/download/per_physikalische-zeitschrift_physikalische-zeitschrift_1910-07-15_14/per_physikalische-zeitschrift_physikalische-zeitschrift_1910-07-15_14_djvu.txt	?	-
per_physikalische-zeitschrift_physikalische-zeitschrift_1910-08-01_15	https://archive.org/download/per_physikalische-zeitschrift_physikalische-zeitschrift_1910-08-01_15/per_physikalische-zeitschrift_physikalische-zeitschrift_1910-08-01_15_djvu.txt	?	-
per_physikalische-zeitschrift_physikalische-zeitschrift_1910-08-15_16	https://archive.org/download/per_physikalische-zeitschrift_physikalische-zeitschrift_1910-08-15_16/per_physikalische-zeitschrift_physikalische-zeitschrift_1910-08-15_16_djvu.txt	?	-
per_physikalische-zeitschrift_physikalische-zeitschrift_1910-09-01_17	https://archive.org/download/per_physikalische-zeitschrift_physikalische-zeitschrift_1910-09-01_17/per_physikalische-zeitschrift_physikalische-zeitschrift_1910-09-01_17_djvu.txt	?	-
per_physikalische-zeitschrift_physikalische-zeitschrift_1910-09-15_18	https://archive.org/download/per_physikalische-zeitschrift_physikalische-zeitschrift_1910-09-15_18/per_physikalische-zeitschrift_physikalische-zeitschrift_1910-09-15_18_djvu.txt	?	-
per_physikalische-zeitschrift_physikalische-zeitschrift_1910-10-01_19	https://archive.org/download/per_physikalische-zeitschrift_physikalische-zeitschrift_1910-10-01_19/per_physikalische-zeitschrift_physikalische-zeitschrift_1910-10-01_19_djvu.txt	?	-
per_physikalische-zeitschrift_physikalische-zeitschrift_1910-10-15_20	https://archive.org/download/per_physikalische-zeitschrift_physikalische-zeitschrift_1910-10-15_20/per_physikalische-zeitschrift_physikalische-zeitschrift_1910-10-15_20_djvu.txt	?	-
per_physikalische-zeitschrift_physikalische-zeitschrift_1910-11-01_21-22	https://archive.org/download/per_physikalische-zeitschrift_physikalische-zeitschrift_1910-11-01_21-22/per_physikalische-zeitschrift_physikalische-zeitschrift_1910-11-01_21-22_djvu.txt	?	-
per_physikalische-zeitschrift_physikalische-zeitschrift_1910-11-15_23	https://archive.org/download/per_physikalische-zeitschrift_physikalische-zeitschrift_1910-11-15_23/per_physikalische-zeitschrift_physikalische-zeitschrift_1910-11-15_23_djvu.txt	?	-
per_physikalische-zeitschrift_physikalische-zeitschrift_1910-12-01_24	https://archive.org/download/per_physikalische-zeitschrift_physikalische-zeitschrift_1910-12-01_24/per_physikalische-zeitschrift_physikalische-zeitschrift_1910-12-01_24_djvu.txt	?	-
per_physikalische-zeitschrift_physikalische-zeitschrift_1910-12-08_25	https://archive.org/download/per_physikalische-zeitschrift_physikalische-zeitschrift_1910-12-08_25/per_physikalische-zeitschrift_physikalische-zeitschrift_1910-12-08_25_djvu.txt	?	-
per_physikalische-zeitschrift_physikalische-zeitschrift_1910-12-15_25	https://archive.org/download/per_physikalische-zeitschrift_physikalische-zeitschrift_1910-12-15_25/per_physikalische-zeitschrift_physikalische-zeitschrift_1910-12-15_25_djvu.txt	?	-
per_physikalische-zeitschrift_physikalische-zeitschrift_1910-12-15_26	https://archive.org/download/per_physikalische-zeitschrift_physikalische-zeitschrift_1910-12-15_26/per_physikalische-zeitschrift_physikalische-zeitschrift_1910-12-15_26_djvu.txt	?	-
per_physikalische-zeitschrift_physikalische-zeitschrift_1910_index	https://archive.org/download/per_physikalische-zeitschrift_physikalische-zeitschrift_1910_index/per_physikalische-zeitschrift_physikalische-zeitschrift_1910_index_djvu.txt	?	-
per_physikalische-zeitschrift_physikalische-zeitschrift_1911-01-01_1	https://archive.org/download/per_physikalische-zeitschrift_physikalische-zeitschrift_1911-01-01_1/per_physikalische-zeitschrift_physikalische-zeitschrift_1911-01-01_1_djvu.txt	?	-
per_physikalische-zeitschrift_physikalische-zeitschrift_1911-01-15_2	https://archive.org/download/per_physikalische-zeitschrift_physikalische-zeitschrift_1911-01-15_2/per_physikalische-zeitschrift_physikalische-zeitschrift_1911-01-15_2_djvu.txt	?	-
per_physikalische-zeitschrift_physikalische-zeitschrift_1911-02-01_3	https://archive.org/download/per_physikalische-zeitschrift_physikalische-zeitschrift_1911-02-01_3/per_physikalische-zeitschrift_physikalische-zeitschrift_1911-02-01_3_djvu.txt	?	-
per_physikalische-zeitschrift_physikalische-zeitschrift_1911-02-15_4	https://archive.org/download/per_physikalische-zeitschrift_physikalische-zeitschrift_1911-02-15_4/per_physikalische-zeitschrift_physikalische-zeitschrift_1911-02-15_4_djvu.txt	?	-
per_physikalische-zeitschrift_physikalische-zeitschrift_1911-03-01_5	https://archive.org/download/per_physikalische-zeitschrift_physikalische-zeitschrift_1911-03-01_5/per_physikalische-zeitschrift_physikalische-zeitschrift_1911-03-01_5_djvu.txt	?	-
per_physikalische-zeitschrift_physikalische-zeitschrift_1911-03-15_6	https://archive.org/download/per_physikalische-zeitschrift_physikalische-zeitschrift_1911-03-15_6/per_physikalische-zeitschrift_physikalische-zeitschrift_1911-03-15_6_djvu.txt	?	-
per_physikalische-zeitschrift_physikalische-zeitschrift_1911-04-01_7	https://archive.org/download/per_physikalische-zeitschrift_physikalische-zeitschrift_1911-04-01_7/per_physikalische-zeitschrift_physikalische-zeitschrift_1911-04-01_7_djvu.txt	?	-
per_physikalische-zeitschrift_physikalische-zeitschrift_1911-04-15_8	https://archive.org/download/per_physikalische-zeitschrift_physikalische-zeitschrift_1911-04-15_8/per_physikalische-zeitschrift_physikalische-zeitschrift_1911-04-15_8_djvu.txt	?	-
per_physikalische-zeitschrift_physikalische-zeitschrift_1911-05-01_9	https://archive.org/download/per_physikalische-zeitschrift_physikalische-zeitschrift_1911-05-01_9/per_physikalische-zeitschrift_physikalische-zeitschrift_1911-05-01_9_djvu.txt	?	-
per_physikalische-zeitschrift_physikalische-zeitschrift_1911-05-15_10	https://archive.org/download/per_physikalische-zeitschrift_physikalische-zeitschrift_1911-05-15_10/per_physikalische-zeitschrift_physikalische-zeitschrift_1911-05-15_10_djvu.txt	?	-
per_physikalische-zeitschrift_physikalische-zeitschrift_1911-06-01_11	https://archive.org/download/per_physikalische-zeitschrift_physikalische-zeitschrift_1911-06-01_11/per_physikalische-zeitschrift_physikalische-zeitschrift_1911-06-01_11_djvu.txt	?	-
per_physikalische-zeitschrift_physikalische-zeitschrift_1911-06-15_12	https://archive.org/download/per_physikalische-zeitschrift_physikalische-zeitschrift_1911-06-15_12/per_physikalische-zeitschrift_physikalische-zeitschrift_1911-06-15_12_djvu.txt	?	-
per_physikalische-zeitschrift_physikalische-zeitschrift_1911-07-01_13	https://archive.org/download/per_physikalische-zeitschrift_physikalische-zeitschrift_1911-07-01_13/per_physikalische-zeitschrift_physikalische-zeitschrift_1911-07-01_13_djvu.txt	?	-
per_physikalische-zeitschrift_physikalische-zeitschrift_1911-07-15_14	https://archive.org/download/per_physikalische-zeitschrift_physikalische-zeitschrift_1911-07-15_14/per_physikalische-zeitschrift_physikalische-zeitschrift_1911-07-15_14_djvu.txt	?	-
per_physikalische-zeitschrift_physikalische-zeitschrift_1911-08-01_15	https://archive.org/download/per_physikalische-zeitschrift_physikalische-zeitschrift_1911-08-01_15/per_physikalische-zeitschrift_physikalische-zeitschrift_1911-08-01_15_djvu.txt	?	-
per_physikalische-zeitschrift_physikalische-zeitschrift_1911-08-15_16	https://archive.org/download/per_physikalische-zeitschrift_physikalische-zeitschrift_1911-08-15_16/per_physikalische-zeitschrift_physikalische-zeitschrift_1911-08-15_16_djvu.txt	?	-
per_physikalische-zeitschrift_physikalische-zeitschrift_1911-09-01_17	https://archive.org/download/per_physikalische-zeitschrift_physikalische-zeitschrift_1911-09-01_17/per_physikalische-zeitschrift_physikalische-zeitschrift_1911-09-01_17_djvu.txt	?	-
per_physikalische-zeitschrift_physikalische-zeitschrift_1911-09-15_18	https://archive.org/download/per_physikalische-zeitschrift_physikalische-zeitschrift_1911-09-15_18/per_physikalische-zeitschrift_physikalische-zeitschrift_1911-09-15_18_djvu.txt	?	-
per_physikalische-zeitschrift_physikalische-zeitschrift_1911-10-01_19	https://archive.org/download/per_physikalische-zeitschrift_physikalische-zeitschrift_1911-10-01_19/per_physikalische-zeitschrift_physikalische-zeitschrift_1911-10-01_19_djvu.txt	?	-
per_physikalische-zeitschrift_physikalische-zeitschrift_1911-10-15_20	https://archive.org/download/per_physikalische-zeitschrift_physikalische-zeitschrift_1911-10-15_20/per_physikalische-zeitschrift_physikalische-zeitschrift_1911-10-15_20_djvu.txt	?	-
per_physikalische-zeitschrift_physikalische-zeitschrift_1911-11-01_21	https://archive.org/download/per_physikalische-zeitschrift_physikalische-zeitschrift_1911-11-01_21/per_physikalische-zeitschrift_physikalische-zeitschrift_1911-11-01_21_djvu.txt	?	-
per_physikalische-zeitschrift_physikalische-zeitschrift_1911-11-15_22-23	https://archive.org/download/per_physikalische-zeitschrift_physikalische-zeitschrift_1911-11-15_22-23/per_physikalische-zeitschrift_physikalische-zeitschrift_1911-11-15_22-23_djvu.txt	?	-
per_physikalische-zeitschrift_physikalische-zeitschrift_1911-12-01_24	https://archive.org/download/per_physikalische-zeitschrift_physikalische-zeitschrift_1911-12-01_24/per_physikalische-zeitschrift_physikalische-zeitschrift_1911-12-01_24_djvu.txt	?	-
per_physikalische-zeitschrift_physikalische-zeitschrift_1911-12-08_25	https://archive.org/download/per_physikalische-zeitschrift_physikalische-zeitschrift_1911-12-08_25/per_physikalische-zeitschrift_physikalische-zeitschrift_1911-12-08_25_djvu.txt	?	-
per_physikalische-zeitschrift_physikalische-zeitschrift_1911-12-21_26	https://archive.org/download/per_physikalische-zeitschrift_physikalische-zeitschrift_1911-12-21_26/per_physikalische-zeitschrift_physikalische-zeitschrift_1911-12-21_26_djvu.txt	?	-
per_physikalische-zeitschrift_physikalische-zeitschrift_1911_index	https://archive.org/download/per_physikalische-zeitschrift_physikalische-zeitschrift_1911_index/per_physikalische-zeitschrift_physikalische-zeitschrift_1911_index_djvu.txt	?	-
per_physikalische-zeitschrift_physikalische-zeitschrift_1912-01-01_1	https://archive.org/download/per_physikalische-zeitschrift_physikalische-zeitschrift_1912-01-01_1/per_physikalische-zeitschrift_physikalische-zeitschrift_1912-01-01_1_djvu.txt	?	-
per_physikalische-zeitschrift_physikalische-zeitschrift_1912-01-15_2	https://archive.org/download/per_physikalische-zeitschrift_physikalische-zeitschrift_1912-01-15_2/per_physikalische-zeitschrift_physikalische-zeitschrift_1912-01-15_2_djvu.txt	?	-
per_physikalische-zeitschrift_physikalische-zeitschrift_1912-02-01_3	https://archive.org/download/per_physikalische-zeitschrift_physikalische-zeitschrift_1912-02-01_3/per_physikalische-zeitschrift_physikalische-zeitschrift_1912-02-01_3_djvu.txt	?	-
per_physikalische-zeitschrift_physikalische-zeitschrift_1912-02-15_4	https://archive.org/download/per_physikalische-zeitschrift_physikalische-zeitschrift_1912-02-15_4/per_physikalische-zeitschrift_physikalische-zeitschrift_1912-02-15_4_djvu.txt	?	-
per_physikalische-zeitschrift_physikalische-zeitschrift_1912-03-01_5	https://archive.org/download/per_physikalische-zeitschrift_physikalische-zeitschrift_1912-03-01_5/per_physikalische-zeitschrift_physikalische-zeitschrift_1912-03-01_5_djvu.txt	?	-
per_physikalische-zeitschrift_physikalische-zeitschrift_1912-03-15_6	https://archive.org/download/per_physikalische-zeitschrift_physikalische-zeitschrift_1912-03-15_6/per_physikalische-zeitschrift_physikalische-zeitschrift_1912-03-15_6_djvu.txt	?	-
per_physikalische-zeitschrift_physikalische-zeitschrift_1912-04-01_7	https://archive.org/download/per_physikalische-zeitschrift_physikalische-zeitschrift_1912-04-01_7/per_physikalische-zeitschrift_physikalische-zeitschrift_1912-04-01_7_djvu.txt	?	-
per_physikalische-zeitschrift_physikalische-zeitschrift_1912-04-15_8	https://archive.org/download/per_physikalische-zeitschrift_physikalische-zeitschrift_1912-04-15_8/per_physikalische-zeitschrift_physikalische-zeitschrift_1912-04-15_8_djvu.txt	?	-
per_physikalische-zeitschrift_physikalische-zeitschrift_1912-05-15_10	https://archive.org/download/per_physikalische-zeitschrift_physikalische-zeitschrift_1912-05-15_10/per_physikalische-zeitschrift_physikalische-zeitschrift_1912-05-15_10_djvu.txt	?	-
per_physikalische-zeitschrift_physikalische-zeitschrift_1912-06-01_11	https://archive.org/download/per_physikalische-zeitschrift_physikalische-zeitschrift_1912-06-01_11/per_physikalische-zeitschrift_physikalische-zeitschrift_1912-06-01_11_djvu.txt	?	-
per_physikalische-zeitschrift_physikalische-zeitschrift_1912-06-15_12	https://archive.org/download/per_physikalische-zeitschrift_physikalische-zeitschrift_1912-06-15_12/per_physikalische-zeitschrift_physikalische-zeitschrift_1912-06-15_12_djvu.txt	?	-
per_physikalische-zeitschrift_physikalische-zeitschrift_1912-07-01_13	https://archive.org/download/per_physikalische-zeitschrift_physikalische-zeitschrift_1912-07-01_13/per_physikalische-zeitschrift_physikalische-zeitschrift_1912-07-01_13_djvu.txt	?	-
per_physikalische-zeitschrift_physikalische-zeitschrift_1912-07-15_14	https://archive.org/download/per_physikalische-zeitschrift_physikalische-zeitschrift_1912-07-15_14/per_physikalische-zeitschrift_physikalische-zeitschrift_1912-07-15_14_djvu.txt	?	-
per_physikalische-zeitschrift_physikalische-zeitschrift_1912-08-01_15	https://archive.org/download/per_physikalische-zeitschrift_physikalische-zeitschrift_1912-08-01_15/per_physikalische-zeitschrift_physikalische-zeitschrift_1912-08-01_15_djvu.txt	?	-
per_physikalische-zeitschrift_physikalische-zeitschrift_1912-08-15_16	https://archive.org/download/per_physikalische-zeitschrift_physikalische-zeitschrift_1912-08-15_16/per_physikalische-zeitschrift_physikalische-zeitschrift_1912-08-15_16_djvu.txt	?	-
per_physikalische-zeitschrift_physikalische-zeitschrift_1912-09-01_17	https://archive.org/download/per_physikalische-zeitschrift_physikalische-zeitschrift_1912-09-01_17/per_physikalische-zeitschrift_physikalische-zeitschrift_1912-09-01_17_djvu.txt	?	-
per_physikalische-zeitschrift_physikalische-zeitschrift_1912-09-15_18	https://archive.org/download/per_physikalische-zeitschrift_physikalische-zeitschrift_1912-09-15_18/per_physikalische-zeitschrift_physikalische-zeitschrift_1912-09-15_18_djvu.txt	?	-
per_physikalische-zeitschrift_physikalische-zeitschrift_1912-10-01_19	https://archive.org/download/per_physikalische-zeitschrift_physikalische-zeitschrift_1912-10-01_19/per_physikalische-zeitschrift_physikalische-zeitschrift_1912-10-01_19_djvu.txt	?	-
per_physikalische-zeitschrift_physikalische-zeitschrift_1912-10-15_20	https://archive.org/download/per_physikalische-zeitschrift_physikalische-zeitschrift_1912-10-15_20/per_physikalische-zeitschrift_physikalische-zeitschrift_1912-10-15_20_djvu.txt	?	-
per_physikalische-zeitschrift_physikalische-zeitschrift_1912-11-01_21-22	https://archive.org/download/per_physikalische-zeitschrift_physikalische-zeitschrift_1912-11-01_21-22/per_physikalische-zeitschrift_physikalische-zeitschrift_1912-11-01_21-22_djvu.txt	?	-
per_physikalische-zeitschrift_physikalische-zeitschrift_1912-11-15_23	https://archive.org/download/per_physikalische-zeitschrift_physikalische-zeitschrift_1912-11-15_23/per_physikalische-zeitschrift_physikalische-zeitschrift_1912-11-15_23_djvu.txt	?	-
per_physikalische-zeitschrift_physikalische-zeitschrift_1912-12-01_24	https://archive.org/download/per_physikalische-zeitschrift_physikalische-zeitschrift_1912-12-01_24/per_physikalische-zeitschrift_physikalische-zeitschrift_1912-12-01_24_djvu.txt	?	-
per_physikalische-zeitschrift_physikalische-zeitschrift_1912-12-15_25	https://archive.org/download/per_physikalische-zeitschrift_physikalische-zeitschrift_1912-12-15_25/per_physikalische-zeitschrift_physikalische-zeitschrift_1912-12-15_25_djvu.txt	?	-
per_physikalische-zeitschrift_physikalische-zeitschrift_1912_index	https://archive.org/download/per_physikalische-zeitschrift_physikalische-zeitschrift_1912_index/per_physikalische-zeitschrift_physikalische-zeitschrift_1912_index_djvu.txt	?	-
per_physikalische-zeitschrift_physikalische-zeitschrift_1913-01-01_1	https://archive.org/download/per_physikalische-zeitschrift_physikalische-zeitschrift_1913-01-01_1/per_physikalische-zeitschrift_physikalische-zeitschrift_1913-01-01_1_djvu.txt	?	-
per_physikalische-zeitschrift_physikalische-zeitschrift_1913-01-15_2	https://archive.org/download/per_physikalische-zeitschrift_physikalische-zeitschrift_1913-01-15_2/per_physikalische-zeitschrift_physikalische-zeitschrift_1913-01-15_2_djvu.txt	?	-
per_physikalische-zeitschrift_physikalische-zeitschrift_1913-02-01_3	https://archive.org/download/per_physikalische-zeitschrift_physikalische-zeitschrift_1913-02-01_3/per_physikalische-zeitschrift_physikalische-zeitschrift_1913-02-01_3_djvu.txt	?	-
per_physikalische-zeitschrift_physikalische-zeitschrift_1913-02-15_4	https://archive.org/download/per_physikalische-zeitschrift_physikalische-zeitschrift_1913-02-15_4/per_physikalische-zeitschrift_physikalische-zeitschrift_1913-02-15_4_djvu.txt	?	-
per_physikalische-zeitschrift_physikalische-zeitschrift_1913-03-01_5	https://archive.org/download/per_physikalische-zeitschrift_physikalische-zeitschrift_1913-03-01_5/per_physikalische-zeitschrift_physikalische-zeitschrift_1913-03-01_5_djvu.txt	?	-
per_physikalische-zeitschrift_physikalische-zeitschrift_1913-03-15_6	https://archive.org/download/per_physikalische-zeitschrift_physikalische-zeitschrift_1913-03-15_6/per_physikalische-zeitschrift_physikalische-zeitschrift_1913-03-15_6_djvu.txt	?	-
per_physikalische-zeitschrift_physikalische-zeitschrift_1913-04-01_7	https://archive.org/download/per_physikalische-zeitschrift_physikalische-zeitschrift_1913-04-01_7/per_physikalische-zeitschrift_physikalische-zeitschrift_1913-04-01_7_djvu.txt	?	-
per_physikalische-zeitschrift_physikalische-zeitschrift_1913-04-15_8	https://archive.org/download/per_physikalische-zeitschrift_physikalische-zeitschrift_1913-04-15_8/per_physikalische-zeitschrift_physikalische-zeitschrift_1913-04-15_8_djvu.txt	?	-
per_physikalische-zeitschrift_physikalische-zeitschrift_1913-05-01_9	https://archive.org/download/per_physikalische-zeitschrift_physikalische-zeitschrift_1913-05-01_9/per_physikalische-zeitschrift_physikalische-zeitschrift_1913-05-01_9_djvu.txt	?	-
per_physikalische-zeitschrift_physikalische-zeitschrift_1913-05-15_10	https://archive.org/download/per_physikalische-zeitschrift_physikalische-zeitschrift_1913-05-15_10/per_physikalische-zeitschrift_physikalische-zeitschrift_1913-05-15_10_djvu.txt	?	-
per_physikalische-zeitschrift_physikalische-zeitschrift_1913-06-01_11	https://archive.org/download/per_physikalische-zeitschrift_physikalische-zeitschrift_1913-06-01_11/per_physikalische-zeitschrift_physikalische-zeitschrift_1913-06-01_11_djvu.txt	?	-
per_physikalische-zeitschrift_physikalische-zeitschrift_1913-06-15_12	https://archive.org/download/per_physikalische-zeitschrift_physikalische-zeitschrift_1913-06-15_12/per_physikalische-zeitschrift_physikalische-zeitschrift_1913-06-15_12_djvu.txt	?	-
per_physikalische-zeitschrift_physikalische-zeitschrift_1913-07-01_13	https://archive.org/download/per_physikalische-zeitschrift_physikalische-zeitschrift_1913-07-01_13/per_physikalische-zeitschrift_physikalische-zeitschrift_1913-07-01_13_djvu.txt	?	-
per_physikalische-zeitschrift_physikalische-zeitschrift_1913-07-15_14	https://archive.org/download/per_physikalische-zeitschrift_physikalische-zeitschrift_1913-07-15_14/per_physikalische-zeitschrift_physikalische-zeitschrift_1913-07-15_14_djvu.txt	?	-
per_physikalische-zeitschrift_physikalische-zeitschrift_1913-08-01_15	https://archive.org/download/per_physikalische-zeitschrift_physikalische-zeitschrift_1913-08-01_15/per_physikalische-zeitschrift_physikalische-zeitschrift_1913-08-01_15_djvu.txt	?	-
per_physikalische-zeitschrift_physikalische-zeitschrift_1913-08-15_16	https://archive.org/download/per_physikalische-zeitschrift_physikalische-zeitschrift_1913-08-15_16/per_physikalische-zeitschrift_physikalische-zeitschrift_1913-08-15_16_djvu.txt	?	-
per_physikalische-zeitschrift_physikalische-zeitschrift_1913-09-01_17	https://archive.org/download/per_physikalische-zeitschrift_physikalische-zeitschrift_1913-09-01_17/per_physikalische-zeitschrift_physikalische-zeitschrift_1913-09-01_17_djvu.txt	?	-
per_physikalische-zeitschrift_physikalische-zeitschrift_1913-09-15_18	https://archive.org/download/per_physikalische-zeitschrift_physikalische-zeitschrift_1913-09-15_18/per_physikalische-zeitschrift_physikalische-zeitschrift_1913-09-15_18_djvu.txt	?	-
per_physikalische-zeitschrift_physikalische-zeitschrift_1913-10-01_19	https://archive.org/download/per_physikalische-zeitschrift_physikalische-zeitschrift_1913-10-01_19/per_physikalische-zeitschrift_physikalische-zeitschrift_1913-10-01_19_djvu.txt	?	-
per_physikalische-zeitschrift_physikalische-zeitschrift_1913-10-15_20	https://archive.org/download/per_physikalische-zeitschrift_physikalische-zeitschrift_1913-10-15_20/per_physikalische-zeitschrift_physikalische-zeitschrift_1913-10-15_20_djvu.txt	?	-
per_physikalische-zeitschrift_physikalische-zeitschrift_1913-11-01_21-22	https://archive.org/download/per_physikalische-zeitschrift_physikalische-zeitschrift_1913-11-01_21-22/per_physikalische-zeitschrift_physikalische-zeitschrift_1913-11-01_21-22_djvu.txt	?	-
per_physikalische-zeitschrift_physikalische-zeitschrift_1913-11-15_23	https://archive.org/download/per_physikalische-zeitschrift_physikalische-zeitschrift_1913-11-15_23/per_physikalische-zeitschrift_physikalische-zeitschrift_1913-11-15_23_djvu.txt	?	-
per_physikalische-zeitschrift_physikalische-zeitschrift_1913-12-01_24	https://archive.org/download/per_physikalische-zeitschrift_physikalische-zeitschrift_1913-12-01_24/per_physikalische-zeitschrift_physikalische-zeitschrift_1913-12-01_24_djvu.txt	?	-
per_physikalische-zeitschrift_physikalische-zeitschrift_1913-12-15_25	https://archive.org/download/per_physikalische-zeitschrift_physikalische-zeitschrift_1913-12-15_25/per_physikalische-zeitschrift_physikalische-zeitschrift_1913-12-15_25_djvu.txt	?	-
per_physikalische-zeitschrift_physikalische-zeitschrift_1913_index	https://archive.org/download/per_physikalische-zeitschrift_physikalische-zeitschrift_1913_index/per_physikalische-zeitschrift_physikalische-zeitschrift_1913_index_djvu.txt	?	-
per_physikalische-zeitschrift_physikalische-zeitschrift_1914-01-01_1	https://archive.org/download/per_physikalische-zeitschrift_physikalische-zeitschrift_1914-01-01_1/per_physikalische-zeitschrift_physikalische-zeitschrift_1914-01-01_1_djvu.txt	?	-
per_physikalische-zeitschrift_physikalische-zeitschrift_1914-01-15_2	https://archive.org/download/per_physikalische-zeitschrift_physikalische-zeitschrift_1914-01-15_2/per_physikalische-zeitschrift_physikalische-zeitschrift_1914-01-15_2_djvu.txt	?	-
per_physikalische-zeitschrift_physikalische-zeitschrift_1914-02-01_3	https://archive.org/download/per_physikalische-zeitschrift_physikalische-zeitschrift_1914-02-01_3/per_physikalische-zeitschrift_physikalische-zeitschrift_1914-02-01_3_djvu.txt	?	-
per_physikalische-zeitschrift_physikalische-zeitschrift_1914-02-15_4	https://archive.org/download/per_physikalische-zeitschrift_physikalische-zeitschrift_1914-02-15_4/per_physikalische-zeitschrift_physikalische-zeitschrift_1914-02-15_4_djvu.txt	?	-
per_physikalische-zeitschrift_physikalische-zeitschrift_1914-03-01_5	https://archive.org/download/per_physikalische-zeitschrift_physikalische-zeitschrift_1914-03-01_5/per_physikalische-zeitschrift_physikalische-zeitschrift_1914-03-01_5_djvu.txt	?	-
per_physikalische-zeitschrift_physikalische-zeitschrift_1914-03-15_6	https://archive.org/download/per_physikalische-zeitschrift_physikalische-zeitschrift_1914-03-15_6/per_physikalische-zeitschrift_physikalische-zeitschrift_1914-03-15_6_djvu.txt	?	-
per_physikalische-zeitschrift_physikalische-zeitschrift_1914-04-01_7	https://archive.org/download/per_physikalische-zeitschrift_physikalische-zeitschrift_1914-04-01_7/per_physikalische-zeitschrift_physikalische-zeitschrift_1914-04-01_7_djvu.txt	?	-
per_physikalische-zeitschrift_physikalische-zeitschrift_1914-04-15_8	https://archive.org/download/per_physikalische-zeitschrift_physikalische-zeitschrift_1914-04-15_8/per_physikalische-zeitschrift_physikalische-zeitschrift_1914-04-15_8_djvu.txt	?	-
per_physikalische-zeitschrift_physikalische-zeitschrift_1914-05-01_9	https://archive.org/download/per_physikalische-zeitschrift_physikalische-zeitschrift_1914-05-01_9/per_physikalische-zeitschrift_physikalische-zeitschrift_1914-05-01_9_djvu.txt	?	-
per_physikalische-zeitschrift_physikalische-zeitschrift_1914-05-15_10	https://archive.org/download/per_physikalische-zeitschrift_physikalische-zeitschrift_1914-05-15_10/per_physikalische-zeitschrift_physikalische-zeitschrift_1914-05-15_10_djvu.txt	?	-
per_physikalische-zeitschrift_physikalische-zeitschrift_1914-06-01_11	https://archive.org/download/per_physikalische-zeitschrift_physikalische-zeitschrift_1914-06-01_11/per_physikalische-zeitschrift_physikalische-zeitschrift_1914-06-01_11_djvu.txt	?	-
per_physikalische-zeitschrift_physikalische-zeitschrift_1914-06-15_12	https://archive.org/download/per_physikalische-zeitschrift_physikalische-zeitschrift_1914-06-15_12/per_physikalische-zeitschrift_physikalische-zeitschrift_1914-06-15_12_djvu.txt	?	-
per_physikalische-zeitschrift_physikalische-zeitschrift_1914-07-01_13	https://archive.org/download/per_physikalische-zeitschrift_physikalische-zeitschrift_1914-07-01_13/per_physikalische-zeitschrift_physikalische-zeitschrift_1914-07-01_13_djvu.txt	?	-
per_physikalische-zeitschrift_physikalische-zeitschrift_1914-07-15_14	https://archive.org/download/per_physikalische-zeitschrift_physikalische-zeitschrift_1914-07-15_14/per_physikalische-zeitschrift_physikalische-zeitschrift_1914-07-15_14_djvu.txt	?	-
per_physikalische-zeitschrift_physikalische-zeitschrift_1914-08-01_15	https://archive.org/download/per_physikalische-zeitschrift_physikalische-zeitschrift_1914-08-01_15/per_physikalische-zeitschrift_physikalische-zeitschrift_1914-08-01_15_djvu.txt	?	-
per_physikalische-zeitschrift_physikalische-zeitschrift_1914-08-15_16	https://archive.org/download/per_physikalische-zeitschrift_physikalische-zeitschrift_1914-08-15_16/per_physikalische-zeitschrift_physikalische-zeitschrift_1914-08-15_16_djvu.txt	?	-
per_physikalische-zeitschrift_physikalische-zeitschrift_1914-09-15_17-18	https://archive.org/download/per_physikalische-zeitschrift_physikalische-zeitschrift_1914-09-15_17-18/per_physikalische-zeitschrift_physikalische-zeitschrift_1914-09-15_17-18_djvu.txt	?	-
per_physikalische-zeitschrift_physikalische-zeitschrift_1914-10-01_19	https://archive.org/download/per_physikalische-zeitschrift_physikalische-zeitschrift_1914-10-01_19/per_physikalische-zeitschrift_physikalische-zeitschrift_1914-10-01_19_djvu.txt	?	-
per_physikalische-zeitschrift_physikalische-zeitschrift_1914-11-01_20-21	https://archive.org/download/per_physikalische-zeitschrift_physikalische-zeitschrift_1914-11-01_20-21/per_physikalische-zeitschrift_physikalische-zeitschrift_1914-11-01_20-21_djvu.txt	?	-
per_physikalische-zeitschrift_physikalische-zeitschrift_1914-12-01_22	https://archive.org/download/per_physikalische-zeitschrift_physikalische-zeitschrift_1914-12-01_22/per_physikalische-zeitschrift_physikalische-zeitschrift_1914-12-01_22_djvu.txt	?	-
per_physikalische-zeitschrift_physikalische-zeitschrift_1914-12-15_23-24	https://archive.org/download/per_physikalische-zeitschrift_physikalische-zeitschrift_1914-12-15_23-24/per_physikalische-zeitschrift_physikalische-zeitschrift_1914-12-15_23-24_djvu.txt	?	-
per_physikalische-zeitschrift_physikalische-zeitschrift_1914_index	https://archive.org/download/per_physikalische-zeitschrift_physikalische-zeitschrift_1914_index/per_physikalische-zeitschrift_physikalische-zeitschrift_1914_index_djvu.txt	?	-
per_physikalische-zeitschrift_physikalische-zeitschrift_1915-01-01_1	https://archive.org/download/per_physikalische-zeitschrift_physikalische-zeitschrift_1915-01-01_1/per_physikalische-zeitschrift_physikalische-zeitschrift_1915-01-01_1_djvu.txt	?	-
per_physikalische-zeitschrift_physikalische-zeitschrift_1915-02-01_2-3	https://archive.org/download/per_physikalische-zeitschrift_physikalische-zeitschrift_1915-02-01_2-3/per_physikalische-zeitschrift_physikalische-zeitschrift_1915-02-01_2-3_djvu.txt	?	-
per_physikalische-zeitschrift_physikalische-zeitschrift_1915-02-15_4	https://archive.org/download/per_physikalische-zeitschrift_physikalische-zeitschrift_1915-02-15_4/per_physikalische-zeitschrift_physikalische-zeitschrift_1915-02-15_4_djvu.txt	?	-
per_physikalische-zeitschrift_physikalische-zeitschrift_1915-03-01_5	https://archive.org/download/per_physikalische-zeitschrift_physikalische-zeitschrift_1915-03-01_5/per_physikalische-zeitschrift_physikalische-zeitschrift_1915-03-01_5_djvu.txt	?	-
per_physikalische-zeitschrift_physikalische-zeitschrift_1915-03-15_6	https://archive.org/download/per_physikalische-zeitschrift_physikalische-zeitschrift_1915-03-15_6/per_physikalische-zeitschrift_physikalische-zeitschrift_1915-03-15_6_djvu.txt	?	-
per_physikalische-zeitschrift_physikalische-zeitschrift_1915-04-01_7	https://archive.org/download/per_physikalische-zeitschrift_physikalische-zeitschrift_1915-04-01_7/per_physikalische-zeitschrift_physikalische-zeitschrift_1915-04-01_7_djvu.txt	?	-
per_physikalische-zeitschrift_physikalische-zeitschrift_1915-04-15_8	https://archive.org/download/per_physikalische-zeitschrift_physikalische-zeitschrift_1915-04-15_8/per_physikalische-zeitschrift_physikalische-zeitschrift_1915-04-15_8_djvu.txt	?	-
per_physikalische-zeitschrift_physikalische-zeitschrift_1915-05-01_9-10	https://archive.org/download/per_physikalische-zeitschrift_physikalische-zeitschrift_1915-05-01_9-10/per_physikalische-zeitschrift_physikalische-zeitschrift_1915-05-01_9-10_djvu.txt	?	-
per_physikalische-zeitschrift_physikalische-zeitschrift_1915-06-01_11	https://archive.org/download/per_physikalische-zeitschrift_physikalische-zeitschrift_1915-06-01_11/per_physikalische-zeitschrift_physikalische-zeitschrift_1915-06-01_11_djvu.txt	?	-
per_physikalische-zeitschrift_physikalische-zeitschrift_1915-06-15_12	https://archive.org/download/per_physikalische-zeitschrift_physikalische-zeitschrift_1915-06-15_12/per_physikalische-zeitschrift_physikalische-zeitschrift_1915-06-15_12_djvu.txt	?	-
per_physikalische-zeitschrift_physikalische-zeitschrift_1915-07-15_13-14	https://archive.org/download/per_physikalische-zeitschrift_physikalische-zeitschrift_1915-07-15_13-14/per_physikalische-zeitschrift_physikalische-zeitschrift_1915-07-15_13-14_djvu.txt	?	-
per_physikalische-zeitschrift_physikalische-zeitschrift_1915-08-01_15	https://archive.org/download/per_physikalische-zeitschrift_physikalische-zeitschrift_1915-08-01_15/per_physikalische-zeitschrift_physikalische-zeitschrift_1915-08-01_15_djvu.txt	?	-
per_physikalische-zeitschrift_physikalische-zeitschrift_1915-08-15_16	https://archive.org/download/per_physikalische-zeitschrift_physikalische-zeitschrift_1915-08-15_16/per_physikalische-zeitschrift_physikalische-zeitschrift_1915-08-15_16_djvu.txt	?	-
per_physikalische-zeitschrift_physikalische-zeitschrift_1915-09-15_17-18	https://archive.org/download/per_physikalische-zeitschrift_physikalische-zeitschrift_1915-09-15_17-18/per_physikalische-zeitschrift_physikalische-zeitschrift_1915-09-15_17-18_djvu.txt	?	-
per_physikalische-zeitschrift_physikalische-zeitschrift_1915-10-01_19	https://archive.org/download/per_physikalische-zeitschrift_physikalische-zeitschrift_1915-10-01_19/per_physikalische-zeitschrift_physikalische-zeitschrift_1915-10-01_19_djvu.txt	?	-
per_physikalische-zeitschrift_physikalische-zeitschrift_1915-10-15_20	https://archive.org/download/per_physikalische-zeitschrift_physikalische-zeitschrift_1915-10-15_20/per_physikalische-zeitschrift_physikalische-zeitschrift_1915-10-15_20_djvu.txt	?	-
per_physikalische-zeitschrift_physikalische-zeitschrift_1915-11-01_21	https://archive.org/download/per_physikalische-zeitschrift_physikalische-zeitschrift_1915-11-01_21/per_physikalische-zeitschrift_physikalische-zeitschrift_1915-11-01_21_djvu.txt	?	-
per_physikalische-zeitschrift_physikalische-zeitschrift_1915-11-15_22	https://archive.org/download/per_physikalische-zeitschrift_physikalische-zeitschrift_1915-11-15_22/per_physikalische-zeitschrift_physikalische-zeitschrift_1915-11-15_22_djvu.txt	?	-
per_physikalische-zeitschrift_physikalische-zeitschrift_1915-12-01_23	https://archive.org/download/per_physikalische-zeitschrift_physikalische-zeitschrift_1915-12-01_23/per_physikalische-zeitschrift_physikalische-zeitschrift_1915-12-01_23_djvu.txt	?	-
per_physikalische-zeitschrift_physikalische-zeitschrift_1915-12-15_24	https://archive.org/download/per_physikalische-zeitschrift_physikalische-zeitschrift_1915-12-15_24/per_physikalische-zeitschrift_physikalische-zeitschrift_1915-12-15_24_djvu.txt	?	-
per_physikalische-zeitschrift_physikalische-zeitschrift_1915_index	https://archive.org/download/per_physikalische-zeitschrift_physikalische-zeitschrift_1915_index/per_physikalische-zeitschrift_physikalische-zeitschrift_1915_index_djvu.txt	?	-
per_physikalische-zeitschrift_physikalische-zeitschrift_1916-01-01_1	https://archive.org/download/per_physikalische-zeitschrift_physikalische-zeitschrift_1916-01-01_1/per_physikalische-zeitschrift_physikalische-zeitschrift_1916-01-01_1_djvu.txt	?	-
per_physikalische-zeitschrift_physikalische-zeitschrift_1916-01-15_2	https://archive.org/download/per_physikalische-zeitschrift_physikalische-zeitschrift_1916-01-15_2/per_physikalische-zeitschrift_physikalische-zeitschrift_1916-01-15_2_djvu.txt	?	-
per_physikalische-zeitschrift_physikalische-zeitschrift_1916-02-01_3	https://archive.org/download/per_physikalische-zeitschrift_physikalische-zeitschrift_1916-02-01_3/per_physikalische-zeitschrift_physikalische-zeitschrift_1916-02-01_3_djvu.txt	?	-
per_physikalische-zeitschrift_physikalische-zeitschrift_1916-02-15_4	https://archive.org/download/per_physikalische-zeitschrift_physikalische-zeitschrift_1916-02-15_4/per_physikalische-zeitschrift_physikalische-zeitschrift_1916-02-15_4_djvu.txt	?	-
per_physikalische-zeitschrift_physikalische-zeitschrift_1916-03-01_5-6	https://archive.org/download/per_physikalische-zeitschrift_physikalische-zeitschrift_1916-03-01_5-6/per_physikalische-zeitschrift_physikalische-zeitschrift_1916-03-01_5-6_djvu.txt	?	-
per_physikalische-zeitschrift_physikalische-zeitschrift_1916-04-01_7	https://archive.org/download/per_physikalische-zeitschrift_physikalische-zeitschrift_1916-04-01_7/per_physikalische-zeitschrift_physikalische-zeitschrift_1916-04-01_7_djvu.txt	?	-
per_physikalische-zeitschrift_physikalische-zeitschrift_1916-04-15_8	https://archive.org/download/per_physikalische-zeitschrift_physikalische-zeitschrift_1916-04-15_8/per_physikalische-zeitschrift_physikalische-zeitschrift_1916-04-15_8_djvu.txt	?	-
per_physikalische-zeitschrift_physikalische-zeitschrift_1916-05-01_9	https://archive.org/download/per_physikalische-zeitschrift_physikalische-zeitschrift_1916-05-01_9/per_physikalische-zeitschrift_physikalische-zeitschrift_1916-05-01_9_djvu.txt	?	-
per_physikalische-zeitschrift_physikalische-zeitschrift_1916-05-15_10	https://archive.org/download/per_physikalische-zeitschrift_physikalische-zeitschrift_1916-05-15_10/per_physikalische-zeitschrift_physikalische-zeitschrift_1916-05-15_10_djvu.txt	?	-
per_physikalische-zeitschrift_physikalische-zeitschrift_1916-06-01_11	https://archive.org/download/per_physikalische-zeitschrift_physikalische-zeitschrift_1916-06-01_11/per_physikalische-zeitschrift_physikalische-zeitschrift_1916-06-01_11_djvu.txt	?	-
per_physikalische-zeitschrift_physikalische-zeitschrift_1916-06-15_12	https://archive.org/download/per_physikalische-zeitschrift_physikalische-zeitschrift_1916-06-15_12/per_physikalische-zeitschrift_physikalische-zeitschrift_1916-06-15_12_djvu.txt	?	-
per_physikalische-zeitschrift_physikalische-zeitschrift_1916-07-01_13	https://archive.org/download/per_physikalische-zeitschrift_physikalische-zeitschrift_1916-07-01_13/per_physikalische-zeitschrift_physikalische-zeitschrift_1916-07-01_13_djvu.txt	?	-
per_physikalische-zeitschrift_physikalische-zeitschrift_1916-07-15_14	https://archive.org/download/per_physikalische-zeitschrift_physikalische-zeitschrift_1916-07-15_14/per_physikalische-zeitschrift_physikalische-zeitschrift_1916-07-15_14_djvu.txt	?	-
per_physikalische-zeitschrift_physikalische-zeitschrift_1916-08-01_15	https://archive.org/download/per_physikalische-zeitschrift_physikalische-zeitschrift_1916-08-01_15/per_physikalische-zeitschrift_physikalische-zeitschrift_1916-08-01_15_djvu.txt	?	-
per_physikalische-zeitschrift_physikalische-zeitschrift_1916-08-15_16	https://archive.org/download/per_physikalische-zeitschrift_physikalische-zeitschrift_1916-08-15_16/per_physikalische-zeitschrift_physikalische-zeitschrift_1916-08-15_16_djvu.txt	?	-
per_physikalische-zeitschrift_physikalische-zeitschrift_1916-09-01_17	https://archive.org/download/per_physikalische-zeitschrift_physikalische-zeitschrift_1916-09-01_17/per_physikalische-zeitschrift_physikalische-zeitschrift_1916-09-01_17_djvu.txt	?	-
per_physikalische-zeitschrift_physikalische-zeitschrift_1916-09-15_18	https://archive.org/download/per_physikalische-zeitschrift_physikalische-zeitschrift_1916-09-15_18/per_physikalische-zeitschrift_physikalische-zeitschrift_1916-09-15_18_djvu.txt	?	-
per_physikalische-zeitschrift_physikalische-zeitschrift_1916-10-01_19	https://archive.org/download/per_physikalische-zeitschrift_physikalische-zeitschrift_1916-10-01_19/per_physikalische-zeitschrift_physikalische-zeitschrift_1916-10-01_19_djvu.txt	?	-
per_physikalische-zeitschrift_physikalische-zeitschrift_1916-10-15_20	https://archive.org/download/per_physikalische-zeitschrift_physikalische-zeitschrift_1916-10-15_20/per_physikalische-zeitschrift_physikalische-zeitschrift_1916-10-15_20_djvu.txt	?	-
per_physikalische-zeitschrift_physikalische-zeitschrift_1916-11-01_21	https://archive.org/download/per_physikalische-zeitschrift_physikalische-zeitschrift_1916-11-01_21/per_physikalische-zeitschrift_physikalische-zeitschrift_1916-11-01_21_djvu.txt	?	-
per_physikalische-zeitschrift_physikalische-zeitschrift_1916-11-15_22	https://archive.org/download/per_physikalische-zeitschrift_physikalische-zeitschrift_1916-11-15_22/per_physikalische-zeitschrift_physikalische-zeitschrift_1916-11-15_22_djvu.txt	?	-
per_physikalische-zeitschrift_physikalische-zeitschrift_1916-12-01_23	https://archive.org/download/per_physikalische-zeitschrift_physikalische-zeitschrift_1916-12-01_23/per_physikalische-zeitschrift_physikalische-zeitschrift_1916-12-01_23_djvu.txt	?	-
per_physikalische-zeitschrift_physikalische-zeitschrift_1916-12-15_24	https://archive.org/download/per_physikalische-zeitschrift_physikalische-zeitschrift_1916-12-15_24/per_physikalische-zeitschrift_physikalische-zeitschrift_1916-12-15_24_djvu.txt	?	-
per_physikalische-zeitschrift_physikalische-zeitschrift_1916_index	https://archive.org/download/per_physikalische-zeitschrift_physikalische-zeitschrift_1916_index/per_physikalische-zeitschrift_physikalische-zeitschrift_1916_index_djvu.txt	?	-
per_physikalische-zeitschrift_physikalische-zeitschrift_1917-01-01_1	https://archive.org/download/per_physikalische-zeitschrift_physikalische-zeitschrift_1917-01-01_1/per_physikalische-zeitschrift_physikalische-zeitschrift_1917-01-01_1_djvu.txt	?	-
per_physikalische-zeitschrift_physikalische-zeitschrift_1917-01-15_2	https://archive.org/download/per_physikalische-zeitschrift_physikalische-zeitschrift_1917-01-15_2/per_physikalische-zeitschrift_physikalische-zeitschrift_1917-01-15_2_djvu.txt	?	-
per_physikalische-zeitschrift_physikalische-zeitschrift_1917-02-01_3	https://archive.org/download/per_physikalische-zeitschrift_physikalische-zeitschrift_1917-02-01_3/per_physikalische-zeitschrift_physikalische-zeitschrift_1917-02-01_3_djvu.txt	?	-
per_physikalische-zeitschrift_physikalische-zeitschrift_1917-02-15_4	https://archive.org/download/per_physikalische-zeitschrift_physikalische-zeitschrift_1917-02-15_4/per_physikalische-zeitschrift_physikalische-zeitschrift_1917-02-15_4_djvu.txt	?	-
per_physikalische-zeitschrift_physikalische-zeitschrift_1917-03-01_5	https://archive.org/download/per_physikalische-zeitschrift_physikalische-zeitschrift_1917-03-01_5/per_physikalische-zeitschrift_physikalische-zeitschrift_1917-03-01_5_djvu.txt	?	-
per_physikalische-zeitschrift_physikalische-zeitschrift_1917-03-15_6	https://archive.org/download/per_physikalische-zeitschrift_physikalische-zeitschrift_1917-03-15_6/per_physikalische-zeitschrift_physikalische-zeitschrift_1917-03-15_6_djvu.txt	?	-
per_physikalische-zeitschrift_physikalische-zeitschrift_1917-04-01_7	https://archive.org/download/per_physikalische-zeitschrift_physikalische-zeitschrift_1917-04-01_7/per_physikalische-zeitschrift_physikalische-zeitschrift_1917-04-01_7_djvu.txt	?	-
per_physikalische-zeitschrift_physikalische-zeitschrift_1917-04-15_8	https://archive.org/download/per_physikalische-zeitschrift_physikalische-zeitschrift_1917-04-15_8/per_physikalische-zeitschrift_physikalische-zeitschrift_1917-04-15_8_djvu.txt	?	-
per_physikalische-zeitschrift_physikalische-zeitschrift_1917-05-01_9	https://archive.org/download/per_physikalische-zeitschrift_physikalische-zeitschrift_1917-05-01_9/per_physikalische-zeitschrift_physikalische-zeitschrift_1917-05-01_9_djvu.txt	?	-
per_physikalische-zeitschrift_physikalische-zeitschrift_1917-05-15_10	https://archive.org/download/per_physikalische-zeitschrift_physikalische-zeitschrift_1917-05-15_10/per_physikalische-zeitschrift_physikalische-zeitschrift_1917-05-15_10_djvu.txt	?	-
per_physikalische-zeitschrift_physikalische-zeitschrift_1917-06-01_11	https://archive.org/download/per_physikalische-zeitschrift_physikalische-zeitschrift_1917-06-01_11/per_physikalische-zeitschrift_physikalische-zeitschrift_1917-06-01_11_djvu.txt	?	-
per_physikalische-zeitschrift_physikalische-zeitschrift_1917-06-15_12	https://archive.org/download/per_physikalische-zeitschrift_physikalische-zeitschrift_1917-06-15_12/per_physikalische-zeitschrift_physikalische-zeitschrift_1917-06-15_12_djvu.txt	?	-
per_physikalische-zeitschrift_physikalische-zeitschrift_1917-07-01_13	https://archive.org/download/per_physikalische-zeitschrift_physikalische-zeitschrift_1917-07-01_13/per_physikalische-zeitschrift_physikalische-zeitschrift_1917-07-01_13_djvu.txt	?	-
per_physikalische-zeitschrift_physikalische-zeitschrift_1917-07-15_14	https://archive.org/download/per_physikalische-zeitschrift_physikalische-zeitschrift_1917-07-15_14/per_physikalische-zeitschrift_physikalische-zeitschrift_1917-07-15_14_djvu.txt	?	-
per_physikalische-zeitschrift_physikalische-zeitschrift_1917-08-01_15	https://archive.org/download/per_physikalische-zeitschrift_physikalische-zeitschrift_1917-08-01_15/per_physikalische-zeitschrift_physikalische-zeitschrift_1917-08-01_15_djvu.txt	?	-
per_physikalische-zeitschrift_physikalische-zeitschrift_1917-08-15_16	https://archive.org/download/per_physikalische-zeitschrift_physikalische-zeitschrift_1917-08-15_16/per_physikalische-zeitschrift_physikalische-zeitschrift_1917-08-15_16_djvu.txt	?	-
per_physikalische-zeitschrift_physikalische-zeitschrift_1917-09-01_17	https://archive.org/download/per_physikalische-zeitschrift_physikalische-zeitschrift_1917-09-01_17/per_physikalische-zeitschrift_physikalische-zeitschrift_1917-09-01_17_djvu.txt	?	-
per_physikalische-zeitschrift_physikalische-zeitschrift_1917-09-15_18	https://archive.org/download/per_physikalische-zeitschrift_physikalische-zeitschrift_1917-09-15_18/per_physikalische-zeitschrift_physikalische-zeitschrift_1917-09-15_18_djvu.txt	?	-
per_physikalische-zeitschrift_physikalische-zeitschrift_1917-10-01_19	https://archive.org/download/per_physikalische-zeitschrift_physikalische-zeitschrift_1917-10-01_19/per_physikalische-zeitschrift_physikalische-zeitschrift_1917-10-01_19_djvu.txt	?	-
per_physikalische-zeitschrift_physikalische-zeitschrift_1917-10-15_20	https://archive.org/download/per_physikalische-zeitschrift_physikalische-zeitschrift_1917-10-15_20/per_physikalische-zeitschrift_physikalische-zeitschrift_1917-10-15_20_djvu.txt	?	-
per_physikalische-zeitschrift_physikalische-zeitschrift_1917-11-01_21	https://archive.org/download/per_physikalische-zeitschrift_physikalische-zeitschrift_1917-11-01_21/per_physikalische-zeitschrift_physikalische-zeitschrift_1917-11-01_21_djvu.txt	?	-
per_physikalische-zeitschrift_physikalische-zeitschrift_1917-11-15_22	https://archive.org/download/per_physikalische-zeitschrift_physikalische-zeitschrift_1917-11-15_22/per_physikalische-zeitschrift_physikalische-zeitschrift_1917-11-15_22_djvu.txt	?	-
per_physikalische-zeitschrift_physikalische-zeitschrift_1917-12-01_23	https://archive.org/download/per_physikalische-zeitschrift_physikalische-zeitschrift_1917-12-01_23/per_physikalische-zeitschrift_physikalische-zeitschrift_1917-12-01_23_djvu.txt	?	-
per_physikalische-zeitschrift_physikalische-zeitschrift_1917-12-15_24	https://archive.org/download/per_physikalische-zeitschrift_physikalische-zeitschrift_1917-12-15_24/per_physikalische-zeitschrift_physikalische-zeitschrift_1917-12-15_24_djvu.txt	?	-
per_physikalische-zeitschrift_physikalische-zeitschrift_1917_index	https://archive.org/download/per_physikalische-zeitschrift_physikalische-zeitschrift_1917_index/per_physikalische-zeitschrift_physikalische-zeitschrift_1917_index_djvu.txt	?	-
per_physikalische-zeitschrift_physikalische-zeitschrift_1918-01-01_1	https://archive.org/download/per_physikalische-zeitschrift_physikalische-zeitschrift_1918-01-01_1/per_physikalische-zeitschrift_physikalische-zeitschrift_1918-01-01_1_djvu.txt	?	-
per_physikalische-zeitschrift_physikalische-zeitschrift_1918-01-15_2	https://archive.org/download/per_physikalische-zeitschrift_physikalische-zeitschrift_1918-01-15_2/per_physikalische-zeitschrift_physikalische-zeitschrift_1918-01-15_2_djvu.txt	?	-
per_physikalische-zeitschrift_physikalische-zeitschrift_1918-02-01_3	https://archive.org/download/per_physikalische-zeitschrift_physikalische-zeitschrift_1918-02-01_3/per_physikalische-zeitschrift_physikalische-zeitschrift_1918-02-01_3_djvu.txt	?	-
per_physikalische-zeitschrift_physikalische-zeitschrift_1918-02-15_4	https://archive.org/download/per_physikalische-zeitschrift_physikalische-zeitschrift_1918-02-15_4/per_physikalische-zeitschrift_physikalische-zeitschrift_1918-02-15_4_djvu.txt	?	-
per_physikalische-zeitschrift_physikalische-zeitschrift_1918-03-01_5	https://archive.org/download/per_physikalische-zeitschrift_physikalische-zeitschrift_1918-03-01_5/per_physikalische-zeitschrift_physikalische-zeitschrift_1918-03-01_5_djvu.txt	?	-
per_physikalische-zeitschrift_physikalische-zeitschrift_1918-03-15_6	https://archive.org/download/per_physikalische-zeitschrift_physikalische-zeitschrift_1918-03-15_6/per_physikalische-zeitschrift_physikalische-zeitschrift_1918-03-15_6_djvu.txt	?	-
per_physikalische-zeitschrift_physikalische-zeitschrift_1918-04-01_7	https://archive.org/download/per_physikalische-zeitschrift_physikalische-zeitschrift_1918-04-01_7/per_physikalische-zeitschrift_physikalische-zeitschrift_1918-04-01_7_djvu.txt	?	-
per_physikalische-zeitschrift_physikalische-zeitschrift_1918-04-15_8	https://archive.org/download/per_physikalische-zeitschrift_physikalische-zeitschrift_1918-04-15_8/per_physikalische-zeitschrift_physikalische-zeitschrift_1918-04-15_8_djvu.txt	?	-
per_physikalische-zeitschrift_physikalische-zeitschrift_1918-05-01_9	https://archive.org/download/per_physikalische-zeitschrift_physikalische-zeitschrift_1918-05-01_9/per_physikalische-zeitschrift_physikalische-zeitschrift_1918-05-01_9_djvu.txt	?	-
per_physikalische-zeitschrift_physikalische-zeitschrift_1918-05-15_10	https://archive.org/download/per_physikalische-zeitschrift_physikalische-zeitschrift_1918-05-15_10/per_physikalische-zeitschrift_physikalische-zeitschrift_1918-05-15_10_djvu.txt	?	-
per_physikalische-zeitschrift_physikalische-zeitschrift_1918-06-01_11	https://archive.org/download/per_physikalische-zeitschrift_physikalische-zeitschrift_1918-06-01_11/per_physikalische-zeitschrift_physikalische-zeitschrift_1918-06-01_11_djvu.txt	?	-
per_physikalische-zeitschrift_physikalische-zeitschrift_1918-06-15_12	https://archive.org/download/per_physikalische-zeitschrift_physikalische-zeitschrift_1918-06-15_12/per_physikalische-zeitschrift_physikalische-zeitschrift_1918-06-15_12_djvu.txt	?	-
per_physikalische-zeitschrift_physikalische-zeitschrift_1918-07-01_13	https://archive.org/download/per_physikalische-zeitschrift_physikalische-zeitschrift_1918-07-01_13/per_physikalische-zeitschrift_physikalische-zeitschrift_1918-07-01_13_djvu.txt	?	-
per_physikalische-zeitschrift_physikalische-zeitschrift_1918-07-15_14	https://archive.org/download/per_physikalische-zeitschrift_physikalische-zeitschrift_1918-07-15_14/per_physikalische-zeitschrift_physikalische-zeitschrift_1918-07-15_14_djvu.txt	?	-
per_physikalische-zeitschrift_physikalische-zeitschrift_1918-08-01_15	https://archive.org/download/per_physikalische-zeitschrift_physikalische-zeitschrift_1918-08-01_15/per_physikalische-zeitschrift_physikalische-zeitschrift_1918-08-01_15_djvu.txt	?	-
per_physikalische-zeitschrift_physikalische-zeitschrift_1918-08-15_16	https://archive.org/download/per_physikalische-zeitschrift_physikalische-zeitschrift_1918-08-15_16/per_physikalische-zeitschrift_physikalische-zeitschrift_1918-08-15_16_djvu.txt	?	-
per_physikalische-zeitschrift_physikalische-zeitschrift_1918-09-01_17	https://archive.org/download/per_physikalische-zeitschrift_physikalische-zeitschrift_1918-09-01_17/per_physikalische-zeitschrift_physikalische-zeitschrift_1918-09-01_17_djvu.txt	?	-
per_physikalische-zeitschrift_physikalische-zeitschrift_1918-09-15_18	https://archive.org/download/per_physikalische-zeitschrift_physikalische-zeitschrift_1918-09-15_18/per_physikalische-zeitschrift_physikalische-zeitschrift_1918-09-15_18_djvu.txt	?	-
per_physikalische-zeitschrift_physikalische-zeitschrift_1918-10-01_19	https://archive.org/download/per_physikalische-zeitschrift_physikalische-zeitschrift_1918-10-01_19/per_physikalische-zeitschrift_physikalische-zeitschrift_1918-10-01_19_djvu.txt	?	-
per_physikalische-zeitschrift_physikalische-zeitschrift_1918-10-15_20	https://archive.org/download/per_physikalische-zeitschrift_physikalische-zeitschrift_1918-10-15_20/per_physikalische-zeitschrift_physikalische-zeitschrift_1918-10-15_20_djvu.txt	?	-
per_physikalische-zeitschrift_physikalische-zeitschrift_1918-11-01_21	https://archive.org/download/per_physikalische-zeitschrift_physikalische-zeitschrift_1918-11-01_21/per_physikalische-zeitschrift_physikalische-zeitschrift_1918-11-01_21_djvu.txt	?	-
per_physikalische-zeitschrift_physikalische-zeitschrift_1918-11-15_22	https://archive.org/download/per_physikalische-zeitschrift_physikalische-zeitschrift_1918-11-15_22/per_physikalische-zeitschrift_physikalische-zeitschrift_1918-11-15_22_djvu.txt	?	-
per_physikalische-zeitschrift_physikalische-zeitschrift_1918-12-01_23	https://archive.org/download/per_physikalische-zeitschrift_physikalische-zeitschrift_1918-12-01_23/per_physikalische-zeitschrift_physikalische-zeitschrift_1918-12-01_23_djvu.txt	?	-
per_physikalische-zeitschrift_physikalische-zeitschrift_1918-12-15_24	https://archive.org/download/per_physikalische-zeitschrift_physikalische-zeitschrift_1918-12-15_24/per_physikalische-zeitschrift_physikalische-zeitschrift_1918-12-15_24_djvu.txt	?	-
per_physikalische-zeitschrift_physikalische-zeitschrift_1918_index	https://archive.org/download/per_physikalische-zeitschrift_physikalische-zeitschrift_1918_index/per_physikalische-zeitschrift_physikalische-zeitschrift_1918_index_djvu.txt	?	-
per_physikalische-zeitschrift_physikalische-zeitschrift_1919-01-01_1	https://archive.org/download/per_physikalische-zeitschrift_physikalische-zeitschrift_1919-01-01_1/per_physikalische-zeitschrift_physikalische-zeitschrift_1919-01-01_1_djvu.txt	?	-
per_physikalische-zeitschrift_physikalische-zeitschrift_1919-01-15_2	https://archive.org/download/per_physikalische-zeitschrift_physikalische-zeitschrift_1919-01-15_2/per_physikalische-zeitschrift_physikalische-zeitschrift_1919-01-15_2_djvu.txt	?	-
per_physikalische-zeitschrift_physikalische-zeitschrift_1919-02-01_3	https://archive.org/download/per_physikalische-zeitschrift_physikalische-zeitschrift_1919-02-01_3/per_physikalische-zeitschrift_physikalische-zeitschrift_1919-02-01_3_djvu.txt	?	-
per_physikalische-zeitschrift_physikalische-zeitschrift_1919-02-15_4	https://archive.org/download/per_physikalische-zeitschrift_physikalische-zeitschrift_1919-02-15_4/per_physikalische-zeitschrift_physikalische-zeitschrift_1919-02-15_4_djvu.txt	?	-
per_physikalische-zeitschrift_physikalische-zeitschrift_1919-03-01_5	https://archive.org/download/per_physikalische-zeitschrift_physikalische-zeitschrift_1919-03-01_5/per_physikalische-zeitschrift_physikalische-zeitschrift_1919-03-01_5_djvu.txt	?	-
per_physikalische-zeitschrift_physikalische-zeitschrift_1919-03-15_6	https://archive.org/download/per_physikalische-zeitschrift_physikalische-zeitschrift_1919-03-15_6/per_physikalische-zeitschrift_physikalische-zeitschrift_1919-03-15_6_djvu.txt	?	-
per_physikalische-zeitschrift_physikalische-zeitschrift_1919-04-01_7	https://archive.org/download/per_physikalische-zeitschrift_physikalische-zeitschrift_1919-04-01_7/per_physikalische-zeitschrift_physikalische-zeitschrift_1919-04-01_7_djvu.txt	?	-
per_physikalische-zeitschrift_physikalische-zeitschrift_1919-04-15_8	https://archive.org/download/per_physikalische-zeitschrift_physikalische-zeitschrift_1919-04-15_8/per_physikalische-zeitschrift_physikalische-zeitschrift_1919-04-15_8_djvu.txt	?	-
per_physikalische-zeitschrift_physikalische-zeitschrift_1919-05-01_9	https://archive.org/download/per_physikalische-zeitschrift_physikalische-zeitschrift_1919-05-01_9/per_physikalische-zeitschrift_physikalische-zeitschrift_1919-05-01_9_djvu.txt	?	-
per_physikalische-zeitschrift_physikalische-zeitschrift_1919-05-15_10	https://archive.org/download/per_physikalische-zeitschrift_physikalische-zeitschrift_1919-05-15_10/per_physikalische-zeitschrift_physikalische-zeitschrift_1919-05-15_10_djvu.txt	?	-
per_physikalische-zeitschrift_physikalische-zeitschrift_1919-06-01_11	https://archive.org/download/per_physikalische-zeitschrift_physikalische-zeitschrift_1919-06-01_11/per_physikalische-zeitschrift_physikalische-zeitschrift_1919-06-01_11_djvu.txt	?	-
per_physikalische-zeitschrift_physikalische-zeitschrift_1919-06-15_12	https://archive.org/download/per_physikalische-zeitschrift_physikalische-zeitschrift_1919-06-15_12/per_physikalische-zeitschrift_physikalische-zeitschrift_1919-06-15_12_djvu.txt	?	-
per_physikalische-zeitschrift_physikalische-zeitschrift_1919-07-01_13	https://archive.org/download/per_physikalische-zeitschrift_physikalische-zeitschrift_1919-07-01_13/per_physikalische-zeitschrift_physikalische-zeitschrift_1919-07-01_13_djvu.txt	?	-
per_physikalische-zeitschrift_physikalische-zeitschrift_1919-07-15_14	https://archive.org/download/per_physikalische-zeitschrift_physikalische-zeitschrift_1919-07-15_14/per_physikalische-zeitschrift_physikalische-zeitschrift_1919-07-15_14_djvu.txt	?	-
per_physikalische-zeitschrift_physikalische-zeitschrift_1919-08-01_15	https://archive.org/download/per_physikalische-zeitschrift_physikalische-zeitschrift_1919-08-01_15/per_physikalische-zeitschrift_physikalische-zeitschrift_1919-08-01_15_djvu.txt	?	-
per_physikalische-zeitschrift_physikalische-zeitschrift_1919-08-15_16	https://archive.org/download/per_physikalische-zeitschrift_physikalische-zeitschrift_1919-08-15_16/per_physikalische-zeitschrift_physikalische-zeitschrift_1919-08-15_16_djvu.txt	?	-
per_physikalische-zeitschrift_physikalische-zeitschrift_1919-09-01_17	https://archive.org/download/per_physikalische-zeitschrift_physikalische-zeitschrift_1919-09-01_17/per_physikalische-zeitschrift_physikalische-zeitschrift_1919-09-01_17_djvu.txt	?	-
per_physikalische-zeitschrift_physikalische-zeitschrift_1919-09-15_18	https://archive.org/download/per_physikalische-zeitschrift_physikalische-zeitschrift_1919-09-15_18/per_physikalische-zeitschrift_physikalische-zeitschrift_1919-09-15_18_djvu.txt	?	-
per_physikalische-zeitschrift_physikalische-zeitschrift_1919-10-01_19	https://archive.org/download/per_physikalische-zeitschrift_physikalische-zeitschrift_1919-10-01_19/per_physikalische-zeitschrift_physikalische-zeitschrift_1919-10-01_19_djvu.txt	?	-
per_physikalische-zeitschrift_physikalische-zeitschrift_1919-10-15_20	https://archive.org/download/per_physikalische-zeitschrift_physikalische-zeitschrift_1919-10-15_20/per_physikalische-zeitschrift_physikalische-zeitschrift_1919-10-15_20_djvu.txt	?	-
per_physikalische-zeitschrift_physikalische-zeitschrift_1919-11-01_21	https://archive.org/download/per_physikalische-zeitschrift_physikalische-zeitschrift_1919-11-01_21/per_physikalische-zeitschrift_physikalische-zeitschrift_1919-11-01_21_djvu.txt	?	-
per_physikalische-zeitschrift_physikalische-zeitschrift_1919-11-15_22	https://archive.org/download/per_physikalische-zeitschrift_physikalische-zeitschrift_1919-11-15_22/per_physikalische-zeitschrift_physikalische-zeitschrift_1919-11-15_22_djvu.txt	?	-
per_physikalische-zeitschrift_physikalische-zeitschrift_1919-12-01_23	https://archive.org/download/per_physikalische-zeitschrift_physikalische-zeitschrift_1919-12-01_23/per_physikalische-zeitschrift_physikalische-zeitschrift_1919-12-01_23_djvu.txt	?	-
per_physikalische-zeitschrift_physikalische-zeitschrift_1919-12-15_24	https://archive.org/download/per_physikalische-zeitschrift_physikalische-zeitschrift_1919-12-15_24/per_physikalische-zeitschrift_physikalische-zeitschrift_1919-12-15_24_djvu.txt	?	-
per_physikalische-zeitschrift_physikalische-zeitschrift_1919_index	https://archive.org/download/per_physikalische-zeitschrift_physikalische-zeitschrift_1919_index/per_physikalische-zeitschrift_physikalische-zeitschrift_1919_index_djvu.txt	?	-
per_physikalische-zeitschrift_physikalische-zeitschrift_1920-01-01_1	https://archive.org/download/per_physikalische-zeitschrift_physikalische-zeitschrift_1920-01-01_1/per_physikalische-zeitschrift_physikalische-zeitschrift_1920-01-01_1_djvu.txt	?	-
per_physikalische-zeitschrift_physikalische-zeitschrift_1920-01-15_2	https://archive.org/download/per_physikalische-zeitschrift_physikalische-zeitschrift_1920-01-15_2/per_physikalische-zeitschrift_physikalische-zeitschrift_1920-01-15_2_djvu.txt	?	-
per_physikalische-zeitschrift_physikalische-zeitschrift_1920-02-01_3	https://archive.org/download/per_physikalische-zeitschrift_physikalische-zeitschrift_1920-02-01_3/per_physikalische-zeitschrift_physikalische-zeitschrift_1920-02-01_3_djvu.txt	?	-
per_physikalische-zeitschrift_physikalische-zeitschrift_1920-02-15_4	https://archive.org/download/per_physikalische-zeitschrift_physikalische-zeitschrift_1920-02-15_4/per_physikalische-zeitschrift_physikalische-zeitschrift_1920-02-15_4_djvu.txt	?	-
per_physikalische-zeitschrift_physikalische-zeitschrift_1920-03-01_5	https://archive.org/download/per_physikalische-zeitschrift_physikalische-zeitschrift_1920-03-01_5/per_physikalische-zeitschrift_physikalische-zeitschrift_1920-03-01_5_djvu.txt	?	-
per_physikalische-zeitschrift_physikalische-zeitschrift_1920-03-15_6	https://archive.org/download/per_physikalische-zeitschrift_physikalische-zeitschrift_1920-03-15_6/per_physikalische-zeitschrift_physikalische-zeitschrift_1920-03-15_6_djvu.txt	?	-
per_physikalische-zeitschrift_physikalische-zeitschrift_1920-04-01_7	https://archive.org/download/per_physikalische-zeitschrift_physikalische-zeitschrift_1920-04-01_7/per_physikalische-zeitschrift_physikalische-zeitschrift_1920-04-01_7_djvu.txt	?	-
per_physikalische-zeitschrift_physikalische-zeitschrift_1920-04-15_8	https://archive.org/download/per_physikalische-zeitschrift_physikalische-zeitschrift_1920-04-15_8/per_physikalische-zeitschrift_physikalische-zeitschrift_1920-04-15_8_djvu.txt	?	-
per_physikalische-zeitschrift_physikalische-zeitschrift_1920-05-01_9	https://archive.org/download/per_physikalische-zeitschrift_physikalische-zeitschrift_1920-05-01_9/per_physikalische-zeitschrift_physikalische-zeitschrift_1920-05-01_9_djvu.txt	?	-
per_physikalische-zeitschrift_physikalische-zeitschrift_1920-05-15_10	https://archive.org/download/per_physikalische-zeitschrift_physikalische-zeitschrift_1920-05-15_10/per_physikalische-zeitschrift_physikalische-zeitschrift_1920-05-15_10_djvu.txt	?	-
per_physikalische-zeitschrift_physikalische-zeitschrift_1920-06-01_11	https://archive.org/download/per_physikalische-zeitschrift_physikalische-zeitschrift_1920-06-01_11/per_physikalische-zeitschrift_physikalische-zeitschrift_1920-06-01_11_djvu.txt	?	-
per_physikalische-zeitschrift_physikalische-zeitschrift_1920-06-15_12	https://archive.org/download/per_physikalische-zeitschrift_physikalische-zeitschrift_1920-06-15_12/per_physikalische-zeitschrift_physikalische-zeitschrift_1920-06-15_12_djvu.txt	?	-
per_physikalische-zeitschrift_physikalische-zeitschrift_1920-07-01_13	https://archive.org/download/per_physikalische-zeitschrift_physikalische-zeitschrift_1920-07-01_13/per_physikalische-zeitschrift_physikalische-zeitschrift_1920-07-01_13_djvu.txt	?	-
per_physikalische-zeitschrift_physikalische-zeitschrift_1920-07-15_14	https://archive.org/download/per_physikalische-zeitschrift_physikalische-zeitschrift_1920-07-15_14/per_physikalische-zeitschrift_physikalische-zeitschrift_1920-07-15_14_djvu.txt	?	-
per_physikalische-zeitschrift_physikalische-zeitschrift_1920-08-01_15	https://archive.org/download/per_physikalische-zeitschrift_physikalische-zeitschrift_1920-08-01_15/per_physikalische-zeitschrift_physikalische-zeitschrift_1920-08-01_15_djvu.txt	?	-
per_physikalische-zeitschrift_physikalische-zeitschrift_1920-08-15_16	https://archive.org/download/per_physikalische-zeitschrift_physikalische-zeitschrift_1920-08-15_16/per_physikalische-zeitschrift_physikalische-zeitschrift_1920-08-15_16_djvu.txt	?	-
per_physikalische-zeitschrift_physikalische-zeitschrift_1920-09-01_17	https://archive.org/download/per_physikalische-zeitschrift_physikalische-zeitschrift_1920-09-01_17/per_physikalische-zeitschrift_physikalische-zeitschrift_1920-09-01_17_djvu.txt	?	-
per_physikalische-zeitschrift_physikalische-zeitschrift_1920-09-15_18	https://archive.org/download/per_physikalische-zeitschrift_physikalische-zeitschrift_1920-09-15_18/per_physikalische-zeitschrift_physikalische-zeitschrift_1920-09-15_18_djvu.txt	?	-
per_physikalische-zeitschrift_physikalische-zeitschrift_1920-10-01_19	https://archive.org/download/per_physikalische-zeitschrift_physikalische-zeitschrift_1920-10-01_19/per_physikalische-zeitschrift_physikalische-zeitschrift_1920-10-01_19_djvu.txt	?	-
per_physikalische-zeitschrift_physikalische-zeitschrift_1920-10-15_20	https://archive.org/download/per_physikalische-zeitschrift_physikalische-zeitschrift_1920-10-15_20/per_physikalische-zeitschrift_physikalische-zeitschrift_1920-10-15_20_djvu.txt	?	-
per_physikalische-zeitschrift_physikalische-zeitschrift_1920-11-01_21-22	https://archive.org/download/per_physikalische-zeitschrift_physikalische-zeitschrift_1920-11-01_21-22/per_physikalische-zeitschrift_physikalische-zeitschrift_1920-11-01_21-22_djvu.txt	?	-
per_physikalische-zeitschrift_physikalische-zeitschrift_1920-11-15_23-24	https://archive.org/download/per_physikalische-zeitschrift_physikalische-zeitschrift_1920-11-15_23-24/per_physikalische-zeitschrift_physikalische-zeitschrift_1920-11-15_23-24_djvu.txt	?	-
per_physikalische-zeitschrift_physikalische-zeitschrift_1920_index	https://archive.org/download/per_physikalische-zeitschrift_physikalische-zeitschrift_1920_index/per_physikalische-zeitschrift_physikalische-zeitschrift_1920_index_djvu.txt	?	-
per_physikalische-zeitschrift_physikalische-zeitschrift_1921-01-01_1	https://archive.org/download/per_physikalische-zeitschrift_physikalische-zeitschrift_1921-01-01_1/per_physikalische-zeitschrift_physikalische-zeitschrift_1921-01-01_1_djvu.txt	?	-
per_physikalische-zeitschrift_physikalische-zeitschrift_1921-01-15_2	https://archive.org/download/per_physikalische-zeitschrift_physikalische-zeitschrift_1921-01-15_2/per_physikalische-zeitschrift_physikalische-zeitschrift_1921-01-15_2_djvu.txt	?	-
per_physikalische-zeitschrift_physikalische-zeitschrift_1921-02-01_3	https://archive.org/download/per_physikalische-zeitschrift_physikalische-zeitschrift_1921-02-01_3/per_physikalische-zeitschrift_physikalische-zeitschrift_1921-02-01_3_djvu.txt	?	-
per_physikalische-zeitschrift_physikalische-zeitschrift_1921-02-15_4	https://archive.org/download/per_physikalische-zeitschrift_physikalische-zeitschrift_1921-02-15_4/per_physikalische-zeitschrift_physikalische-zeitschrift_1921-02-15_4_djvu.txt	?	-
per_physikalische-zeitschrift_physikalische-zeitschrift_1921-03-01_5	https://archive.org/download/per_physikalische-zeitschrift_physikalische-zeitschrift_1921-03-01_5/per_physikalische-zeitschrift_physikalische-zeitschrift_1921-03-01_5_djvu.txt	?	-
per_physikalische-zeitschrift_physikalische-zeitschrift_1921-03-15_6	https://archive.org/download/per_physikalische-zeitschrift_physikalische-zeitschrift_1921-03-15_6/per_physikalische-zeitschrift_physikalische-zeitschrift_1921-03-15_6_djvu.txt	?	-
per_physikalische-zeitschrift_physikalische-zeitschrift_1921-04-01_7	https://archive.org/download/per_physikalische-zeitschrift_physikalische-zeitschrift_1921-04-01_7/per_physikalische-zeitschrift_physikalische-zeitschrift_1921-04-01_7_djvu.txt	?	-
per_physikalische-zeitschrift_physikalische-zeitschrift_1921-04-15_8	https://archive.org/download/per_physikalische-zeitschrift_physikalische-zeitschrift_1921-04-15_8/per_physikalische-zeitschrift_physikalische-zeitschrift_1921-04-15_8_djvu.txt	?	-
per_physikalische-zeitschrift_physikalische-zeitschrift_1921-05-01_9	https://archive.org/download/per_physikalische-zeitschrift_physikalische-zeitschrift_1921-05-01_9/per_physikalische-zeitschrift_physikalische-zeitschrift_1921-05-01_9_djvu.txt	?	-
per_physikalische-zeitschrift_physikalische-zeitschrift_1921-05-15_10	https://archive.org/download/per_physikalische-zeitschrift_physikalische-zeitschrift_1921-05-15_10/per_physikalische-zeitschrift_physikalische-zeitschrift_1921-05-15_10_djvu.txt	?	-
per_physikalische-zeitschrift_physikalische-zeitschrift_1921-06-01_11	https://archive.org/download/per_physikalische-zeitschrift_physikalische-zeitschrift_1921-06-01_11/per_physikalische-zeitschrift_physikalische-zeitschrift_1921-06-01_11_djvu.txt	?	-
per_physikalische-zeitschrift_physikalische-zeitschrift_1921-06-15_12	https://archive.org/download/per_physikalische-zeitschrift_physikalische-zeitschrift_1921-06-15_12/per_physikalische-zeitschrift_physikalische-zeitschrift_1921-06-15_12_djvu.txt	?	-
per_physikalische-zeitschrift_physikalische-zeitschrift_1921-07-01_13	https://archive.org/download/per_physikalische-zeitschrift_physikalische-zeitschrift_1921-07-01_13/per_physikalische-zeitschrift_physikalische-zeitschrift_1921-07-01_13_djvu.txt	?	-
per_physikalische-zeitschrift_physikalische-zeitschrift_1921-07-15_14	https://archive.org/download/per_physikalische-zeitschrift_physikalische-zeitschrift_1921-07-15_14/per_physikalische-zeitschrift_physikalische-zeitschrift_1921-07-15_14_djvu.txt	?	-
per_physikalische-zeitschrift_physikalische-zeitschrift_1921-08-01_15	https://archive.org/download/per_physikalische-zeitschrift_physikalische-zeitschrift_1921-08-01_15/per_physikalische-zeitschrift_physikalische-zeitschrift_1921-08-01_15_djvu.txt	?	-
per_physikalische-zeitschrift_physikalische-zeitschrift_1921-08-15_16	https://archive.org/download/per_physikalische-zeitschrift_physikalische-zeitschrift_1921-08-15_16/per_physikalische-zeitschrift_physikalische-zeitschrift_1921-08-15_16_djvu.txt	?	-
per_physikalische-zeitschrift_physikalische-zeitschrift_1921-09-01_17	https://archive.org/download/per_physikalische-zeitschrift_physikalische-zeitschrift_1921-09-01_17/per_physikalische-zeitschrift_physikalische-zeitschrift_1921-09-01_17_djvu.txt	?	-
per_physikalische-zeitschrift_physikalische-zeitschrift_1921-09-15_18	https://archive.org/download/per_physikalische-zeitschrift_physikalische-zeitschrift_1921-09-15_18/per_physikalische-zeitschrift_physikalische-zeitschrift_1921-09-15_18_djvu.txt	?	-
per_physikalische-zeitschrift_physikalische-zeitschrift_1921-10-15_19-20	https://archive.org/download/per_physikalische-zeitschrift_physikalische-zeitschrift_1921-10-15_19-20/per_physikalische-zeitschrift_physikalische-zeitschrift_1921-10-15_19-20_djvu.txt	?	-
per_physikalische-zeitschrift_physikalische-zeitschrift_1921-11-15_21-22	https://archive.org/download/per_physikalische-zeitschrift_physikalische-zeitschrift_1921-11-15_21-22/per_physikalische-zeitschrift_physikalische-zeitschrift_1921-11-15_21-22_djvu.txt	?	-
per_physikalische-zeitschrift_physikalische-zeitschrift_1921-12-01_23	https://archive.org/download/per_physikalische-zeitschrift_physikalische-zeitschrift_1921-12-01_23/per_physikalische-zeitschrift_physikalische-zeitschrift_1921-12-01_23_djvu.txt	?	-
per_physikalische-zeitschrift_physikalische-zeitschrift_1921-12-15_24	https://archive.org/download/per_physikalische-zeitschrift_physikalische-zeitschrift_1921-12-15_24/per_physikalische-zeitschrift_physikalische-zeitschrift_1921-12-15_24_djvu.txt	?	-
per_physikalische-zeitschrift_physikalische-zeitschrift_1921_index	https://archive.org/download/per_physikalische-zeitschrift_physikalische-zeitschrift_1921_index/per_physikalische-zeitschrift_physikalische-zeitschrift_1921_index_djvu.txt	?	-
per_physikalische-zeitschrift_physikalische-zeitschrift_1922-01-01_1	https://archive.org/download/per_physikalische-zeitschrift_physikalische-zeitschrift_1922-01-01_1/per_physikalische-zeitschrift_physikalische-zeitschrift_1922-01-01_1_djvu.txt	?	-
per_physikalische-zeitschrift_physikalische-zeitschrift_1922-01-15_2	https://archive.org/download/per_physikalische-zeitschrift_physikalische-zeitschrift_1922-01-15_2/per_physikalische-zeitschrift_physikalische-zeitschrift_1922-01-15_2_djvu.txt	?	-
per_physikalische-zeitschrift_physikalische-zeitschrift_1922-02-01_3	https://archive.org/download/per_physikalische-zeitschrift_physikalische-zeitschrift_1922-02-01_3/per_physikalische-zeitschrift_physikalische-zeitschrift_1922-02-01_3_djvu.txt	?	-
per_physikalische-zeitschrift_physikalische-zeitschrift_1922-02-15_4	https://archive.org/download/per_physikalische-zeitschrift_physikalische-zeitschrift_1922-02-15_4/per_physikalische-zeitschrift_physikalische-zeitschrift_1922-02-15_4_djvu.txt	?	-
per_physikalische-zeitschrift_physikalische-zeitschrift_1922-03-01_5	https://archive.org/download/per_physikalische-zeitschrift_physikalische-zeitschrift_1922-03-01_5/per_physikalische-zeitschrift_physikalische-zeitschrift_1922-03-01_5_djvu.txt	?	-
per_physikalische-zeitschrift_physikalische-zeitschrift_1922-03-15_6	https://archive.org/download/per_physikalische-zeitschrift_physikalische-zeitschrift_1922-03-15_6/per_physikalische-zeitschrift_physikalische-zeitschrift_1922-03-15_6_djvu.txt	?	-
per_physikalische-zeitschrift_physikalische-zeitschrift_1922-04-01_7	https://archive.org/download/per_physikalische-zeitschrift_physikalische-zeitschrift_1922-04-01_7/per_physikalische-zeitschrift_physikalische-zeitschrift_1922-04-01_7_djvu.txt	?	-
per_physikalische-zeitschrift_physikalische-zeitschrift_1922-04-15_8	https://archive.org/download/per_physikalische-zeitschrift_physikalische-zeitschrift_1922-04-15_8/per_physikalische-zeitschrift_physikalische-zeitschrift_1922-04-15_8_djvu.txt	?	-
per_physikalische-zeitschrift_physikalische-zeitschrift_1922-05-01_9	https://archive.org/download/per_physikalische-zeitschrift_physikalische-zeitschrift_1922-05-01_9/per_physikalische-zeitschrift_physikalische-zeitschrift_1922-05-01_9_djvu.txt	?	-
per_physikalische-zeitschrift_physikalische-zeitschrift_1922-05-15_10	https://archive.org/download/per_physikalische-zeitschrift_physikalische-zeitschrift_1922-05-15_10/per_physikalische-zeitschrift_physikalische-zeitschrift_1922-05-15_10_djvu.txt	?	-
per_physikalische-zeitschrift_physikalische-zeitschrift_1922-06-01_11	https://archive.org/download/per_physikalische-zeitschrift_physikalische-zeitschrift_1922-06-01_11/per_physikalische-zeitschrift_physikalische-zeitschrift_1922-06-01_11_djvu.txt	?	-
per_physikalische-zeitschrift_physikalische-zeitschrift_1922-06-15_12	https://archive.org/download/per_physikalische-zeitschrift_physikalische-zeitschrift_1922-06-15_12/per_physikalische-zeitschrift_physikalische-zeitschrift_1922-06-15_12_djvu.txt	?	-
per_physikalische-zeitschrift_physikalische-zeitschrift_1922-07-01_13	https://archive.org/download/per_physikalische-zeitschrift_physikalische-zeitschrift_1922-07-01_13/per_physikalische-zeitschrift_physikalische-zeitschrift_1922-07-01_13_djvu.txt	?	-
per_physikalische-zeitschrift_physikalische-zeitschrift_1922-07-15_14	https://archive.org/download/per_physikalische-zeitschrift_physikalische-zeitschrift_1922-07-15_14/per_physikalische-zeitschrift_physikalische-zeitschrift_1922-07-15_14_djvu.txt	?	-
per_physikalische-zeitschrift_physikalische-zeitschrift_1922-08-01_15	https://archive.org/download/per_physikalische-zeitschrift_physikalische-zeitschrift_1922-08-01_15/per_physikalische-zeitschrift_physikalische-zeitschrift_1922-08-01_15_djvu.txt	?	-
per_physikalische-zeitschrift_physikalische-zeitschrift_1922-08-15_16	https://archive.org/download/per_physikalische-zeitschrift_physikalische-zeitschrift_1922-08-15_16/per_physikalische-zeitschrift_physikalische-zeitschrift_1922-08-15_16_djvu.txt	?	-
per_physikalische-zeitschrift_physikalische-zeitschrift_1922-09-01_17	https://archive.org/download/per_physikalische-zeitschrift_physikalische-zeitschrift_1922-09-01_17/per_physikalische-zeitschrift_physikalische-zeitschrift_1922-09-01_17_djvu.txt	?	-
per_physikalische-zeitschrift_physikalische-zeitschrift_1922-09-15_18	https://archive.org/download/per_physikalische-zeitschrift_physikalische-zeitschrift_1922-09-15_18/per_physikalische-zeitschrift_physikalische-zeitschrift_1922-09-15_18_djvu.txt	?	-
per_physikalische-zeitschrift_physikalische-zeitschrift_1922-10-01_19	https://archive.org/download/per_physikalische-zeitschrift_physikalische-zeitschrift_1922-10-01_19/per_physikalische-zeitschrift_physikalische-zeitschrift_1922-10-01_19_djvu.txt	?	-
per_physikalische-zeitschrift_physikalische-zeitschrift_1922-11-01_20-21	https://archive.org/download/per_physikalische-zeitschrift_physikalische-zeitschrift_1922-11-01_20-21/per_physikalische-zeitschrift_physikalische-zeitschrift_1922-11-01_20-21_djvu.txt	?	-
per_physikalische-zeitschrift_physikalische-zeitschrift_1922-12-01_22-23	https://archive.org/download/per_physikalische-zeitschrift_physikalische-zeitschrift_1922-12-01_22-23/per_physikalische-zeitschrift_physikalische-zeitschrift_1922-12-01_22-23_djvu.txt	?	-
per_physikalische-zeitschrift_physikalische-zeitschrift_1922-12-15_24	https://archive.org/download/per_physikalische-zeitschrift_physikalische-zeitschrift_1922-12-15_24/per_physikalische-zeitschrift_physikalische-zeitschrift_1922-12-15_24_djvu.txt	?	-
per_physikalische-zeitschrift_physikalische-zeitschrift_1922_index	https://archive.org/download/per_physikalische-zeitschrift_physikalische-zeitschrift_1922_index/per_physikalische-zeitschrift_physikalische-zeitschrift_1922_index_djvu.txt	?	-
per_physikalische-zeitschrift_physikalische-zeitschrift_1923-01-01_1	https://archive.org/download/per_physikalische-zeitschrift_physikalische-zeitschrift_1923-01-01_1/per_physikalische-zeitschrift_physikalische-zeitschrift_1923-01-01_1_djvu.txt	?	-
per_physikalische-zeitschrift_physikalische-zeitschrift_1923-01-15_2	https://archive.org/download/per_physikalische-zeitschrift_physikalische-zeitschrift_1923-01-15_2/per_physikalische-zeitschrift_physikalische-zeitschrift_1923-01-15_2_djvu.txt	?	-
per_physikalische-zeitschrift_physikalische-zeitschrift_1923-02-01_3	https://archive.org/download/per_physikalische-zeitschrift_physikalische-zeitschrift_1923-02-01_3/per_physikalische-zeitschrift_physikalische-zeitschrift_1923-02-01_3_djvu.txt	?	-
per_physikalische-zeitschrift_physikalische-zeitschrift_1923-02-15_4	https://archive.org/download/per_physikalische-zeitschrift_physikalische-zeitschrift_1923-02-15_4/per_physikalische-zeitschrift_physikalische-zeitschrift_1923-02-15_4_djvu.txt	?	-
per_physikalische-zeitschrift_physikalische-zeitschrift_1923-03-01_5	https://archive.org/download/per_physikalische-zeitschrift_physikalische-zeitschrift_1923-03-01_5/per_physikalische-zeitschrift_physikalische-zeitschrift_1923-03-01_5_djvu.txt	?	-
per_physikalische-zeitschrift_physikalische-zeitschrift_1923-03-15_6	https://archive.org/download/per_physikalische-zeitschrift_physikalische-zeitschrift_1923-03-15_6/per_physikalische-zeitschrift_physikalische-zeitschrift_1923-03-15_6_djvu.txt	?	-
per_physikalische-zeitschrift_physikalische-zeitschrift_1923-04-01_7	https://archive.org/download/per_physikalische-zeitschrift_physikalische-zeitschrift_1923-04-01_7/per_physikalische-zeitschrift_physikalische-zeitschrift_1923-04-01_7_djvu.txt	?	-
per_physikalische-zeitschrift_physikalische-zeitschrift_1923-04-15_8	https://archive.org/download/per_physikalische-zeitschrift_physikalische-zeitschrift_1923-04-15_8/per_physikalische-zeitschrift_physikalische-zeitschrift_1923-04-15_8_djvu.txt	?	-
per_physikalische-zeitschrift_physikalische-zeitschrift_1923-05-01_9	https://archive.org/download/per_physikalische-zeitschrift_physikalische-zeitschrift_1923-05-01_9/per_physikalische-zeitschrift_physikalische-zeitschrift_1923-05-01_9_djvu.txt	?	-
per_physikalische-zeitschrift_physikalische-zeitschrift_1923-05-15_10	https://archive.org/download/per_physikalische-zeitschrift_physikalische-zeitschrift_1923-05-15_10/per_physikalische-zeitschrift_physikalische-zeitschrift_1923-05-15_10_djvu.txt	?	-
per_physikalische-zeitschrift_physikalische-zeitschrift_1923-06-01_11	https://archive.org/download/per_physikalische-zeitschrift_physikalische-zeitschrift_1923-06-01_11/per_physikalische-zeitschrift_physikalische-zeitschrift_1923-06-01_11_djvu.txt	?	-
per_physikalische-zeitschrift_physikalische-zeitschrift_1923-06-15_12	https://archive.org/download/per_physikalische-zeitschrift_physikalische-zeitschrift_1923-06-15_12/per_physikalische-zeitschrift_physikalische-zeitschrift_1923-06-15_12_djvu.txt	?	-
per_physikalische-zeitschrift_physikalische-zeitschrift_1923-07-01_13	https://archive.org/download/per_physikalische-zeitschrift_physikalische-zeitschrift_1923-07-01_13/per_physikalische-zeitschrift_physikalische-zeitschrift_1923-07-01_13_djvu.txt	?	-
per_physikalische-zeitschrift_physikalische-zeitschrift_1923-07-15_14	https://archive.org/download/per_physikalische-zeitschrift_physikalische-zeitschrift_1923-07-15_14/per_physikalische-zeitschrift_physikalische-zeitschrift_1923-07-15_14_djvu.txt	?	-
per_physikalische-zeitschrift_physikalische-zeitschrift_1923-08-01_15	https://archive.org/download/per_physikalische-zeitschrift_physikalische-zeitschrift_1923-08-01_15/per_physikalische-zeitschrift_physikalische-zeitschrift_1923-08-01_15_djvu.txt	?	-
per_physikalische-zeitschrift_physikalische-zeitschrift_1923-08-15_16	https://archive.org/download/per_physikalische-zeitschrift_physikalische-zeitschrift_1923-08-15_16/per_physikalische-zeitschrift_physikalische-zeitschrift_1923-08-15_16_djvu.txt	?	-
per_physikalische-zeitschrift_physikalische-zeitschrift_1923-09-01_17	https://archive.org/download/per_physikalische-zeitschrift_physikalische-zeitschrift_1923-09-01_17/per_physikalische-zeitschrift_physikalische-zeitschrift_1923-09-01_17_djvu.txt	?	-
per_physikalische-zeitschrift_physikalische-zeitschrift_1923-09-15_18	https://archive.org/download/per_physikalische-zeitschrift_physikalische-zeitschrift_1923-09-15_18/per_physikalische-zeitschrift_physikalische-zeitschrift_1923-09-15_18_djvu.txt	?	-
per_physikalische-zeitschrift_physikalische-zeitschrift_1923-10-01_19	https://archive.org/download/per_physikalische-zeitschrift_physikalische-zeitschrift_1923-10-01_19/per_physikalische-zeitschrift_physikalische-zeitschrift_1923-10-01_19_djvu.txt	?	-
per_physikalische-zeitschrift_physikalische-zeitschrift_1923-10-15_20	https://archive.org/download/per_physikalische-zeitschrift_physikalische-zeitschrift_1923-10-15_20/per_physikalische-zeitschrift_physikalische-zeitschrift_1923-10-15_20_djvu.txt	?	-
per_physikalische-zeitschrift_physikalische-zeitschrift_1923-11-15_21-22	https://archive.org/download/per_physikalische-zeitschrift_physikalische-zeitschrift_1923-11-15_21-22/per_physikalische-zeitschrift_physikalische-zeitschrift_1923-11-15_21-22_djvu.txt	?	-
per_physikalische-zeitschrift_physikalische-zeitschrift_1923-12-15_23-24	https://archive.org/download/per_physikalische-zeitschrift_physikalische-zeitschrift_1923-12-15_23-24/per_physikalische-zeitschrift_physikalische-zeitschrift_1923-12-15_23-24_djvu.txt	?	-
per_physikalische-zeitschrift_physikalische-zeitschrift_1923_index	https://archive.org/download/per_physikalische-zeitschrift_physikalische-zeitschrift_1923_index/per_physikalische-zeitschrift_physikalische-zeitschrift_1923_index_djvu.txt	?	-
per_physikalische-zeitschrift_physikalische-zeitschrift_1924-01-01_1	https://archive.org/download/per_physikalische-zeitschrift_physikalische-zeitschrift_1924-01-01_1/per_physikalische-zeitschrift_physikalische-zeitschrift_1924-01-01_1_djvu.txt	?	-
per_physikalische-zeitschrift_physikalische-zeitschrift_1924-01-15_2	https://archive.org/download/per_physikalische-zeitschrift_physikalische-zeitschrift_1924-01-15_2/per_physikalische-zeitschrift_physikalische-zeitschrift_1924-01-15_2_djvu.txt	?	-
per_physikalische-zeitschrift_physikalische-zeitschrift_1924-02-01_3	https://archive.org/download/per_physikalische-zeitschrift_physikalische-zeitschrift_1924-02-01_3/per_physikalische-zeitschrift_physikalische-zeitschrift_1924-02-01_3_djvu.txt	?	-
per_physikalische-zeitschrift_physikalische-zeitschrift_1924-02-15_4	https://archive.org/download/per_physikalische-zeitschrift_physikalische-zeitschrift_1924-02-15_4/per_physikalische-zeitschrift_physikalische-zeitschrift_1924-02-15_4_djvu.txt	?	-
per_physikalische-zeitschrift_physikalische-zeitschrift_1924-03-01_5	https://archive.org/download/per_physikalische-zeitschrift_physikalische-zeitschrift_1924-03-01_5/per_physikalische-zeitschrift_physikalische-zeitschrift_1924-03-01_5_djvu.txt	?	-
per_physikalische-zeitschrift_physikalische-zeitschrift_1924-03-15_6	https://archive.org/download/per_physikalische-zeitschrift_physikalische-zeitschrift_1924-03-15_6/per_physikalische-zeitschrift_physikalische-zeitschrift_1924-03-15_6_djvu.txt	?	-
per_physikalische-zeitschrift_physikalische-zeitschrift_1924-04-01_7	https://archive.org/download/per_physikalische-zeitschrift_physikalische-zeitschrift_1924-04-01_7/per_physikalische-zeitschrift_physikalische-zeitschrift_1924-04-01_7_djvu.txt	?	-
per_physikalische-zeitschrift_physikalische-zeitschrift_1924-04-15_8	https://archive.org/download/per_physikalische-zeitschrift_physikalische-zeitschrift_1924-04-15_8/per_physikalische-zeitschrift_physikalische-zeitschrift_1924-04-15_8_djvu.txt	?	-
per_physikalische-zeitschrift_physikalische-zeitschrift_1924-05-01_9	https://archive.org/download/per_physikalische-zeitschrift_physikalische-zeitschrift_1924-05-01_9/per_physikalische-zeitschrift_physikalische-zeitschrift_1924-05-01_9_djvu.txt	?	-
per_physikalische-zeitschrift_physikalische-zeitschrift_1924-05-15_10	https://archive.org/download/per_physikalische-zeitschrift_physikalische-zeitschrift_1924-05-15_10/per_physikalische-zeitschrift_physikalische-zeitschrift_1924-05-15_10_djvu.txt	?	-
per_physikalische-zeitschrift_physikalische-zeitschrift_1924-06-01_11	https://archive.org/download/per_physikalische-zeitschrift_physikalische-zeitschrift_1924-06-01_11/per_physikalische-zeitschrift_physikalische-zeitschrift_1924-06-01_11_djvu.txt	?	-
per_physikalische-zeitschrift_physikalische-zeitschrift_1924-06-15_12	https://archive.org/download/per_physikalische-zeitschrift_physikalische-zeitschrift_1924-06-15_12/per_physikalische-zeitschrift_physikalische-zeitschrift_1924-06-15_12_djvu.txt	?	-
per_physikalische-zeitschrift_physikalische-zeitschrift_1924-07-01_13	https://archive.org/download/per_physikalische-zeitschrift_physikalische-zeitschrift_1924-07-01_13/per_physikalische-zeitschrift_physikalische-zeitschrift_1924-07-01_13_djvu.txt	?	-
per_physikalische-zeitschrift_physikalische-zeitschrift_1924-07-15_14	https://archive.org/download/per_physikalische-zeitschrift_physikalische-zeitschrift_1924-07-15_14/per_physikalische-zeitschrift_physikalische-zeitschrift_1924-07-15_14_djvu.txt	?	-
per_physikalische-zeitschrift_physikalische-zeitschrift_1924-08-01_15	https://archive.org/download/per_physikalische-zeitschrift_physikalische-zeitschrift_1924-08-01_15/per_physikalische-zeitschrift_physikalische-zeitschrift_1924-08-01_15_djvu.txt	?	-
per_physikalische-zeitschrift_physikalische-zeitschrift_1924-08-15_16	https://archive.org/download/per_physikalische-zeitschrift_physikalische-zeitschrift_1924-08-15_16/per_physikalische-zeitschrift_physikalische-zeitschrift_1924-08-15_16_djvu.txt	?	-
per_physikalische-zeitschrift_physikalische-zeitschrift_1924-09-01_17	https://archive.org/download/per_physikalische-zeitschrift_physikalische-zeitschrift_1924-09-01_17/per_physikalische-zeitschrift_physikalische-zeitschrift_1924-09-01_17_djvu.txt	?	-
per_physikalische-zeitschrift_physikalische-zeitschrift_1924-09-15_18	https://archive.org/download/per_physikalische-zeitschrift_physikalische-zeitschrift_1924-09-15_18/per_physikalische-zeitschrift_physikalische-zeitschrift_1924-09-15_18_djvu.txt	?	-
per_physikalische-zeitschrift_physikalische-zeitschrift_1924-10-01_19	https://archive.org/download/per_physikalische-zeitschrift_physikalische-zeitschrift_1924-10-01_19/per_physikalische-zeitschrift_physikalische-zeitschrift_1924-10-01_19_djvu.txt	?	-
per_physikalische-zeitschrift_physikalische-zeitschrift_1924-10-15_20	https://archive.org/download/per_physikalische-zeitschrift_physikalische-zeitschrift_1924-10-15_20/per_physikalische-zeitschrift_physikalische-zeitschrift_1924-10-15_20_djvu.txt	?	-
per_physikalische-zeitschrift_physikalische-zeitschrift_1924-11-01_21	https://archive.org/download/per_physikalische-zeitschrift_physikalische-zeitschrift_1924-11-01_21/per_physikalische-zeitschrift_physikalische-zeitschrift_1924-11-01_21_djvu.txt	?	-
per_physikalische-zeitschrift_physikalische-zeitschrift_1924-11-15_22	https://archive.org/download/per_physikalische-zeitschrift_physikalische-zeitschrift_1924-11-15_22/per_physikalische-zeitschrift_physikalische-zeitschrift_1924-11-15_22_djvu.txt	?	-
per_physikalische-zeitschrift_physikalische-zeitschrift_1924-12-01_23	https://archive.org/download/per_physikalische-zeitschrift_physikalische-zeitschrift_1924-12-01_23/per_physikalische-zeitschrift_physikalische-zeitschrift_1924-12-01_23_djvu.txt	?	-
per_physikalische-zeitschrift_physikalische-zeitschrift_1924-12-15_24	https://archive.org/download/per_physikalische-zeitschrift_physikalische-zeitschrift_1924-12-15_24/per_physikalische-zeitschrift_physikalische-zeitschrift_1924-12-15_24_djvu.txt	?	-
per_physikalische-zeitschrift_physikalische-zeitschrift_1924_index	https://archive.org/download/per_physikalische-zeitschrift_physikalische-zeitschrift_1924_index/per_physikalische-zeitschrift_physikalische-zeitschrift_1924_index_djvu.txt	?	-
per_physikalische-zeitschrift_physikalische-zeitschrift_1925-01-01_1	https://archive.org/download/per_physikalische-zeitschrift_physikalische-zeitschrift_1925-01-01_1/per_physikalische-zeitschrift_physikalische-zeitschrift_1925-01-01_1_djvu.txt	?	-
per_physikalische-zeitschrift_physikalische-zeitschrift_1925-01-15_2	https://archive.org/download/per_physikalische-zeitschrift_physikalische-zeitschrift_1925-01-15_2/per_physikalische-zeitschrift_physikalische-zeitschrift_1925-01-15_2_djvu.txt	?	-
per_physikalische-zeitschrift_physikalische-zeitschrift_1925-02-01_3	https://archive.org/download/per_physikalische-zeitschrift_physikalische-zeitschrift_1925-02-01_3/per_physikalische-zeitschrift_physikalische-zeitschrift_1925-02-01_3_djvu.txt	?	-
per_physikalische-zeitschrift_physikalische-zeitschrift_1925-02-15_4	https://archive.org/download/per_physikalische-zeitschrift_physikalische-zeitschrift_1925-02-15_4/per_physikalische-zeitschrift_physikalische-zeitschrift_1925-02-15_4_djvu.txt	?	-
per_physikalische-zeitschrift_physikalische-zeitschrift_1925-03-01_5	https://archive.org/download/per_physikalische-zeitschrift_physikalische-zeitschrift_1925-03-01_5/per_physikalische-zeitschrift_physikalische-zeitschrift_1925-03-01_5_djvu.txt	?	-
per_physikalische-zeitschrift_physikalische-zeitschrift_1925-03-15_6	https://archive.org/download/per_physikalische-zeitschrift_physikalische-zeitschrift_1925-03-15_6/per_physikalische-zeitschrift_physikalische-zeitschrift_1925-03-15_6_djvu.txt	?	-
per_physikalische-zeitschrift_physikalische-zeitschrift_1925-04-01_7	https://archive.org/download/per_physikalische-zeitschrift_physikalische-zeitschrift_1925-04-01_7/per_physikalische-zeitschrift_physikalische-zeitschrift_1925-04-01_7_djvu.txt	?	-
per_physikalische-zeitschrift_physikalische-zeitschrift_1925-04-15_8	https://archive.org/download/per_physikalische-zeitschrift_physikalische-zeitschrift_1925-04-15_8/per_physikalische-zeitschrift_physikalische-zeitschrift_1925-04-15_8_djvu.txt	?	-
per_physikalische-zeitschrift_physikalische-zeitschrift_1925-05-01_9	https://archive.org/download/per_physikalische-zeitschrift_physikalische-zeitschrift_1925-05-01_9/per_physikalische-zeitschrift_physikalische-zeitschrift_1925-05-01_9_djvu.txt	?	-
per_physikalische-zeitschrift_physikalische-zeitschrift_1925-05-15_10	https://archive.org/download/per_physikalische-zeitschrift_physikalische-zeitschrift_1925-05-15_10/per_physikalische-zeitschrift_physikalische-zeitschrift_1925-05-15_10_djvu.txt	?	-
per_physikalische-zeitschrift_physikalische-zeitschrift_1925-06-01_11	https://archive.org/download/per_physikalische-zeitschrift_physikalische-zeitschrift_1925-06-01_11/per_physikalische-zeitschrift_physikalische-zeitschrift_1925-06-01_11_djvu.txt	?	-
per_physikalische-zeitschrift_physikalische-zeitschrift_1925-06-15_12	https://archive.org/download/per_physikalische-zeitschrift_physikalische-zeitschrift_1925-06-15_12/per_physikalische-zeitschrift_physikalische-zeitschrift_1925-06-15_12_djvu.txt	?	-
per_physikalische-zeitschrift_physikalische-zeitschrift_1925-07-01_13	https://archive.org/download/per_physikalische-zeitschrift_physikalische-zeitschrift_1925-07-01_13/per_physikalische-zeitschrift_physikalische-zeitschrift_1925-07-01_13_djvu.txt	?	-
per_physikalische-zeitschrift_physikalische-zeitschrift_1925-07-15_14	https://archive.org/download/per_physikalische-zeitschrift_physikalische-zeitschrift_1925-07-15_14/per_physikalische-zeitschrift_physikalische-zeitschrift_1925-07-15_14_djvu.txt	?	-
per_physikalische-zeitschrift_physikalische-zeitschrift_1925-08-01_15	https://archive.org/download/per_physikalische-zeitschrift_physikalische-zeitschrift_1925-08-01_15/per_physikalische-zeitschrift_physikalische-zeitschrift_1925-08-01_15_djvu.txt	?	-
per_physikalische-zeitschrift_physikalische-zeitschrift_1925-08-15_16	https://archive.org/download/per_physikalische-zeitschrift_physikalische-zeitschrift_1925-08-15_16/per_physikalische-zeitschrift_physikalische-zeitschrift_1925-08-15_16_djvu.txt	?	-
per_physikalische-zeitschrift_physikalische-zeitschrift_1925-09-01_17	https://archive.org/download/per_physikalische-zeitschrift_physikalische-zeitschrift_1925-09-01_17/per_physikalische-zeitschrift_physikalische-zeitschrift_1925-09-01_17_djvu.txt	?	-
per_physikalische-zeitschrift_physikalische-zeitschrift_1925-09-15_18	https://archive.org/download/per_physikalische-zeitschrift_physikalische-zeitschrift_1925-09-15_18/per_physikalische-zeitschrift_physikalische-zeitschrift_1925-09-15_18_djvu.txt	?	-
per_physikalische-zeitschrift_physikalische-zeitschrift_1925-10-01_19	https://archive.org/download/per_physikalische-zeitschrift_physikalische-zeitschrift_1925-10-01_19/per_physikalische-zeitschrift_physikalische-zeitschrift_1925-10-01_19_djvu.txt	?	-
per_physikalische-zeitschrift_physikalische-zeitschrift_1925-10-15_20	https://archive.org/download/per_physikalische-zeitschrift_physikalische-zeitschrift_1925-10-15_20/per_physikalische-zeitschrift_physikalische-zeitschrift_1925-10-15_20_djvu.txt	?	-
per_physikalische-zeitschrift_physikalische-zeitschrift_1925-11-01_21	https://archive.org/download/per_physikalische-zeitschrift_physikalische-zeitschrift_1925-11-01_21/per_physikalische-zeitschrift_physikalische-zeitschrift_1925-11-01_21_djvu.txt	?	-
per_physikalische-zeitschrift_physikalische-zeitschrift_1925-11-15_22	https://archive.org/download/per_physikalische-zeitschrift_physikalische-zeitschrift_1925-11-15_22/per_physikalische-zeitschrift_physikalische-zeitschrift_1925-11-15_22_djvu.txt	?	-
per_physikalische-zeitschrift_physikalische-zeitschrift_1925-12-01_23	https://archive.org/download/per_physikalische-zeitschrift_physikalische-zeitschrift_1925-12-01_23/per_physikalische-zeitschrift_physikalische-zeitschrift_1925-12-01_23_djvu.txt	?	-
per_physikalische-zeitschrift_physikalische-zeitschrift_1925-12-15_24	https://archive.org/download/per_physikalische-zeitschrift_physikalische-zeitschrift_1925-12-15_24/per_physikalische-zeitschrift_physikalische-zeitschrift_1925-12-15_24_djvu.txt	?	-
per_physikalische-zeitschrift_physikalische-zeitschrift_1925_index	https://archive.org/download/per_physikalische-zeitschrift_physikalische-zeitschrift_1925_index/per_physikalische-zeitschrift_physikalische-zeitschrift_1925_index_djvu.txt	?	-
per_physikalische-zeitschrift_physikalische-zeitschrift_1926-01-01_1	https://archive.org/download/per_physikalische-zeitschrift_physikalische-zeitschrift_1926-01-01_1/per_physikalische-zeitschrift_physikalische-zeitschrift_1926-01-01_1_djvu.txt	?	-
per_physikalische-zeitschrift_physikalische-zeitschrift_1926-01-15_2	https://archive.org/download/per_physikalische-zeitschrift_physikalische-zeitschrift_1926-01-15_2/per_physikalische-zeitschrift_physikalische-zeitschrift_1926-01-15_2_djvu.txt	?	-
per_physikalische-zeitschrift_physikalische-zeitschrift_1926-02-01_3	https://archive.org/download/per_physikalische-zeitschrift_physikalische-zeitschrift_1926-02-01_3/per_physikalische-zeitschrift_physikalische-zeitschrift_1926-02-01_3_djvu.txt	?	-
per_physikalische-zeitschrift_physikalische-zeitschrift_1926-03-01_4-5	https://archive.org/download/per_physikalische-zeitschrift_physikalische-zeitschrift_1926-03-01_4-5/per_physikalische-zeitschrift_physikalische-zeitschrift_1926-03-01_4-5_djvu.txt	?	-
per_physikalische-zeitschrift_physikalische-zeitschrift_1926-03-15_6	https://archive.org/download/per_physikalische-zeitschrift_physikalische-zeitschrift_1926-03-15_6/per_physikalische-zeitschrift_physikalische-zeitschrift_1926-03-15_6_djvu.txt	?	-
per_physikalische-zeitschrift_physikalische-zeitschrift_1926-04-01_7	https://archive.org/download/per_physikalische-zeitschrift_physikalische-zeitschrift_1926-04-01_7/per_physikalische-zeitschrift_physikalische-zeitschrift_1926-04-01_7_djvu.txt	?	-
per_physikalische-zeitschrift_physikalische-zeitschrift_1926-04-15_8	https://archive.org/download/per_physikalische-zeitschrift_physikalische-zeitschrift_1926-04-15_8/per_physikalische-zeitschrift_physikalische-zeitschrift_1926-04-15_8_djvu.txt	?	-
per_physikalische-zeitschrift_physikalische-zeitschrift_1926-05-01_9	https://archive.org/download/per_physikalische-zeitschrift_physikalische-zeitschrift_1926-05-01_9/per_physikalische-zeitschrift_physikalische-zeitschrift_1926-05-01_9_djvu.txt	?	-
per_physikalische-zeitschrift_physikalische-zeitschrift_1926-05-15_10	https://archive.org/download/per_physikalische-zeitschrift_physikalische-zeitschrift_1926-05-15_10/per_physikalische-zeitschrift_physikalische-zeitschrift_1926-05-15_10_djvu.txt	?	-
per_physikalische-zeitschrift_physikalische-zeitschrift_1926-06-01_11	https://archive.org/download/per_physikalische-zeitschrift_physikalische-zeitschrift_1926-06-01_11/per_physikalische-zeitschrift_physikalische-zeitschrift_1926-06-01_11_djvu.txt	?	-
per_physikalische-zeitschrift_physikalische-zeitschrift_1926-06-15_12	https://archive.org/download/per_physikalische-zeitschrift_physikalische-zeitschrift_1926-06-15_12/per_physikalische-zeitschrift_physikalische-zeitschrift_1926-06-15_12_djvu.txt	?	-
per_physikalische-zeitschrift_physikalische-zeitschrift_1926-07-01_13	https://archive.org/download/per_physikalische-zeitschrift_physikalische-zeitschrift_1926-07-01_13/per_physikalische-zeitschrift_physikalische-zeitschrift_1926-07-01_13_djvu.txt	?	-
per_physikalische-zeitschrift_physikalische-zeitschrift_1926-07-15_14	https://archive.org/download/per_physikalische-zeitschrift_physikalische-zeitschrift_1926-07-15_14/per_physikalische-zeitschrift_physikalische-zeitschrift_1926-07-15_14_djvu.txt	?	-
per_physikalische-zeitschrift_physikalische-zeitschrift_1926-08-01_15	https://archive.org/download/per_physikalische-zeitschrift_physikalische-zeitschrift_1926-08-01_15/per_physikalische-zeitschrift_physikalische-zeitschrift_1926-08-01_15_djvu.txt	?	-
per_physikalische-zeitschrift_physikalische-zeitschrift_1926-08-15_16	https://archive.org/download/per_physikalische-zeitschrift_physikalische-zeitschrift_1926-08-15_16/per_physikalische-zeitschrift_physikalische-zeitschrift_1926-08-15_16_djvu.txt	?	-
per_physikalische-zeitschrift_physikalische-zeitschrift_1926-09-01_17	https://archive.org/download/per_physikalische-zeitschrift_physikalische-zeitschrift_1926-09-01_17/per_physikalische-zeitschrift_physikalische-zeitschrift_1926-09-01_17_djvu.txt	?	-
per_physikalische-zeitschrift_physikalische-zeitschrift_1926-09-15_18	https://archive.org/download/per_physikalische-zeitschrift_physikalische-zeitschrift_1926-09-15_18/per_physikalische-zeitschrift_physikalische-zeitschrift_1926-09-15_18_djvu.txt	?	-
per_physikalische-zeitschrift_physikalische-zeitschrift_1926-10-15_19-20	https://archive.org/download/per_physikalische-zeitschrift_physikalische-zeitschrift_1926-10-15_19-20/per_physikalische-zeitschrift_physikalische-zeitschrift_1926-10-15_19-20_djvu.txt	?	-
per_physikalische-zeitschrift_physikalische-zeitschrift_1926-11-01_21	https://archive.org/download/per_physikalische-zeitschrift_physikalische-zeitschrift_1926-11-01_21/per_physikalische-zeitschrift_physikalische-zeitschrift_1926-11-01_21_djvu.txt	?	-
per_physikalische-zeitschrift_physikalische-zeitschrift_1926-11-15_22	https://archive.org/download/per_physikalische-zeitschrift_physikalische-zeitschrift_1926-11-15_22/per_physikalische-zeitschrift_physikalische-zeitschrift_1926-11-15_22_djvu.txt	?	-
per_physikalische-zeitschrift_physikalische-zeitschrift_1926-12-01_23	https://archive.org/download/per_physikalische-zeitschrift_physikalische-zeitschrift_1926-12-01_23/per_physikalische-zeitschrift_physikalische-zeitschrift_1926-12-01_23_djvu.txt	?	-
per_physikalische-zeitschrift_physikalische-zeitschrift_1926-12-15_24	https://archive.org/download/per_physikalische-zeitschrift_physikalische-zeitschrift_1926-12-15_24/per_physikalische-zeitschrift_physikalische-zeitschrift_1926-12-15_24_djvu.txt	?	-
per_physikalische-zeitschrift_physikalische-zeitschrift_1926_index	https://archive.org/download/per_physikalische-zeitschrift_physikalische-zeitschrift_1926_index/per_physikalische-zeitschrift_physikalische-zeitschrift_1926_index_djvu.txt	?	-
per_physikalische-zeitschrift_physikalische-zeitschrift_1927-01-01_1	https://archive.org/download/per_physikalische-zeitschrift_physikalische-zeitschrift_1927-01-01_1/per_physikalische-zeitschrift_physikalische-zeitschrift_1927-01-01_1_djvu.txt	?	-
per_physikalische-zeitschrift_physikalische-zeitschrift_1927-01-15_2	https://archive.org/download/per_physikalische-zeitschrift_physikalische-zeitschrift_1927-01-15_2/per_physikalische-zeitschrift_physikalische-zeitschrift_1927-01-15_2_djvu.txt	?	-
per_physikalische-zeitschrift_physikalische-zeitschrift_1927-02-01_3	https://archive.org/download/per_physikalische-zeitschrift_physikalische-zeitschrift_1927-02-01_3/per_physikalische-zeitschrift_physikalische-zeitschrift_1927-02-01_3_djvu.txt	?	-
per_physikalische-zeitschrift_physikalische-zeitschrift_1927-02-15_4	https://archive.org/download/per_physikalische-zeitschrift_physikalische-zeitschrift_1927-02-15_4/per_physikalische-zeitschrift_physikalische-zeitschrift_1927-02-15_4_djvu.txt	?	-
per_physikalische-zeitschrift_physikalische-zeitschrift_1927-03-01_5	https://archive.org/download/per_physikalische-zeitschrift_physikalische-zeitschrift_1927-03-01_5/per_physikalische-zeitschrift_physikalische-zeitschrift_1927-03-01_5_djvu.txt	?	-
per_physikalische-zeitschrift_physikalische-zeitschrift_1927-03-15_6	https://archive.org/download/per_physikalische-zeitschrift_physikalische-zeitschrift_1927-03-15_6/per_physikalische-zeitschrift_physikalische-zeitschrift_1927-03-15_6_djvu.txt	?	-
per_physikalische-zeitschrift_physikalische-zeitschrift_1927-04-01_7	https://archive.org/download/per_physikalische-zeitschrift_physikalische-zeitschrift_1927-04-01_7/per_physikalische-zeitschrift_physikalische-zeitschrift_1927-04-01_7_djvu.txt	?	-
per_physikalische-zeitschrift_physikalische-zeitschrift_1927-04-15_8	https://archive.org/download/per_physikalische-zeitschrift_physikalische-zeitschrift_1927-04-15_8/per_physikalische-zeitschrift_physikalische-zeitschrift_1927-04-15_8_djvu.txt	?	-
per_physikalische-zeitschrift_physikalische-zeitschrift_1927-05-01_9	https://archive.org/download/per_physikalische-zeitschrift_physikalische-zeitschrift_1927-05-01_9/per_physikalische-zeitschrift_physikalische-zeitschrift_1927-05-01_9_djvu.txt	?	-
per_physikalische-zeitschrift_physikalische-zeitschrift_1927-05-15_10	https://archive.org/download/per_physikalische-zeitschrift_physikalische-zeitschrift_1927-05-15_10/per_physikalische-zeitschrift_physikalische-zeitschrift_1927-05-15_10_djvu.txt	?	-
per_physikalische-zeitschrift_physikalische-zeitschrift_1927-06-01_11	https://archive.org/download/per_physikalische-zeitschrift_physikalische-zeitschrift_1927-06-01_11/per_physikalische-zeitschrift_physikalische-zeitschrift_1927-06-01_11_djvu.txt	?	-
per_physikalische-zeitschrift_physikalische-zeitschrift_1927-06-15_12	https://archive.org/download/per_physikalische-zeitschrift_physikalische-zeitschrift_1927-06-15_12/per_physikalische-zeitschrift_physikalische-zeitschrift_1927-06-15_12_djvu.txt	?	-
per_physikalische-zeitschrift_physikalische-zeitschrift_1927-07-01_13	https://archive.org/download/per_physikalische-zeitschrift_physikalische-zeitschrift_1927-07-01_13/per_physikalische-zeitschrift_physikalische-zeitschrift_1927-07-01_13_djvu.txt	?	-
per_physikalische-zeitschrift_physikalische-zeitschrift_1927-07-15_14	https://archive.org/download/per_physikalische-zeitschrift_physikalische-zeitschrift_1927-07-15_14/per_physikalische-zeitschrift_physikalische-zeitschrift_1927-07-15_14_djvu.txt	?	-
per_physikalische-zeitschrift_physikalische-zeitschrift_1927-08-01_15	https://archive.org/download/per_physikalische-zeitschrift_physikalische-zeitschrift_1927-08-01_15/per_physikalische-zeitschrift_physikalische-zeitschrift_1927-08-01_15_djvu.txt	?	-
per_physikalische-zeitschrift_physikalische-zeitschrift_1927-08-15_16	https://archive.org/download/per_physikalische-zeitschrift_physikalische-zeitschrift_1927-08-15_16/per_physikalische-zeitschrift_physikalische-zeitschrift_1927-08-15_16_djvu.txt	?	-
per_physikalische-zeitschrift_physikalische-zeitschrift_1927-09-01_17	https://archive.org/download/per_physikalische-zeitschrift_physikalische-zeitschrift_1927-09-01_17/per_physikalische-zeitschrift_physikalische-zeitschrift_1927-09-01_17_djvu.txt	?	-
per_physikalische-zeitschrift_physikalische-zeitschrift_1927-09-15_18	https://archive.org/download/per_physikalische-zeitschrift_physikalische-zeitschrift_1927-09-15_18/per_physikalische-zeitschrift_physikalische-zeitschrift_1927-09-15_18_djvu.txt	?	-
per_physikalische-zeitschrift_physikalische-zeitschrift_1927-10-01_19	https://archive.org/download/per_physikalische-zeitschrift_physikalische-zeitschrift_1927-10-01_19/per_physikalische-zeitschrift_physikalische-zeitschrift_1927-10-01_19_djvu.txt	?	-
per_physikalische-zeitschrift_physikalische-zeitschrift_1927-10-15_20	https://archive.org/download/per_physikalische-zeitschrift_physikalische-zeitschrift_1927-10-15_20/per_physikalische-zeitschrift_physikalische-zeitschrift_1927-10-15_20_djvu.txt	?	-
per_physikalische-zeitschrift_physikalische-zeitschrift_1927-11-01_21	https://archive.org/download/per_physikalische-zeitschrift_physikalische-zeitschrift_1927-11-01_21/per_physikalische-zeitschrift_physikalische-zeitschrift_1927-11-01_21_djvu.txt	?	-
per_physikalische-zeitschrift_physikalische-zeitschrift_1927-11-15_22	https://archive.org/download/per_physikalische-zeitschrift_physikalische-zeitschrift_1927-11-15_22/per_physikalische-zeitschrift_physikalische-zeitschrift_1927-11-15_22_djvu.txt	?	-
per_physikalische-zeitschrift_physikalische-zeitschrift_1927-12-01_23	https://archive.org/download/per_physikalische-zeitschrift_physikalische-zeitschrift_1927-12-01_23/per_physikalische-zeitschrift_physikalische-zeitschrift_1927-12-01_23_djvu.txt	?	-
per_physikalische-zeitschrift_physikalische-zeitschrift_1927-12-15_24	https://archive.org/download/per_physikalische-zeitschrift_physikalische-zeitschrift_1927-12-15_24/per_physikalische-zeitschrift_physikalische-zeitschrift_1927-12-15_24_djvu.txt	?	-
per_physikalische-zeitschrift_physikalische-zeitschrift_1927_index	https://archive.org/download/per_physikalische-zeitschrift_physikalische-zeitschrift_1927_index/per_physikalische-zeitschrift_physikalische-zeitschrift_1927_index_djvu.txt	?	-
per_physikalische-zeitschrift_physikalische-zeitschrift_1928-01-01_1	https://archive.org/download/per_physikalische-zeitschrift_physikalische-zeitschrift_1928-01-01_1/per_physikalische-zeitschrift_physikalische-zeitschrift_1928-01-01_1_djvu.txt	?	-
per_physikalische-zeitschrift_physikalische-zeitschrift_1928-01-15_2	https://archive.org/download/per_physikalische-zeitschrift_physikalische-zeitschrift_1928-01-15_2/per_physikalische-zeitschrift_physikalische-zeitschrift_1928-01-15_2_djvu.txt	?	-
per_physikalische-zeitschrift_physikalische-zeitschrift_1928-02-01_3	https://archive.org/download/per_physikalische-zeitschrift_physikalische-zeitschrift_1928-02-01_3/per_physikalische-zeitschrift_physikalische-zeitschrift_1928-02-01_3_djvu.txt	?	-
per_physikalische-zeitschrift_physikalische-zeitschrift_1928-02-15_4	https://archive.org/download/per_physikalische-zeitschrift_physikalische-zeitschrift_1928-02-15_4/per_physikalische-zeitschrift_physikalische-zeitschrift_1928-02-15_4_djvu.txt	?	-
per_physikalische-zeitschrift_physikalische-zeitschrift_1928-03-01_5	https://archive.org/download/per_physikalische-zeitschrift_physikalische-zeitschrift_1928-03-01_5/per_physikalische-zeitschrift_physikalische-zeitschrift_1928-03-01_5_djvu.txt	?	-
per_physikalische-zeitschrift_physikalische-zeitschrift_1928-03-15_6	https://archive.org/download/per_physikalische-zeitschrift_physikalische-zeitschrift_1928-03-15_6/per_physikalische-zeitschrift_physikalische-zeitschrift_1928-03-15_6_djvu.txt	?	-
per_physikalische-zeitschrift_physikalische-zeitschrift_1928-04-01_7	https://archive.org/download/per_physikalische-zeitschrift_physikalische-zeitschrift_1928-04-01_7/per_physikalische-zeitschrift_physikalische-zeitschrift_1928-04-01_7_djvu.txt	?	-
per_physikalische-zeitschrift_physikalische-zeitschrift_1928-04-15_8	https://archive.org/download/per_physikalische-zeitschrift_physikalische-zeitschrift_1928-04-15_8/per_physikalische-zeitschrift_physikalische-zeitschrift_1928-04-15_8_djvu.txt	?	-
per_physikalische-zeitschrift_physikalische-zeitschrift_1928-05-01_9	https://archive.org/download/per_physikalische-zeitschrift_physikalische-zeitschrift_1928-05-01_9/per_physikalische-zeitschrift_physikalische-zeitschrift_1928-05-01_9_djvu.txt	?	-
per_physikalische-zeitschrift_physikalische-zeitschrift_1928-05-15_10	https://archive.org/download/per_physikalische-zeitschrift_physikalische-zeitschrift_1928-05-15_10/per_physikalische-zeitschrift_physikalische-zeitschrift_1928-05-15_10_djvu.txt	?	-
per_physikalische-zeitschrift_physikalische-zeitschrift_1928-06-01_11	https://archive.org/download/per_physikalische-zeitschrift_physikalische-zeitschrift_1928-06-01_11/per_physikalische-zeitschrift_physikalische-zeitschrift_1928-06-01_11_djvu.txt	?	-
per_physikalische-zeitschrift_physikalische-zeitschrift_1928-06-15_12	https://archive.org/download/per_physikalische-zeitschrift_physikalische-zeitschrift_1928-06-15_12/per_physikalische-zeitschrift_physikalische-zeitschrift_1928-06-15_12_djvu.txt	?	-
per_physikalische-zeitschrift_physikalische-zeitschrift_1928-07-01_13	https://archive.org/download/per_physikalische-zeitschrift_physikalische-zeitschrift_1928-07-01_13/per_physikalische-zeitschrift_physikalische-zeitschrift_1928-07-01_13_djvu.txt	?	-
per_physikalische-zeitschrift_physikalische-zeitschrift_1928-07-15_14	https://archive.org/download/per_physikalische-zeitschrift_physikalische-zeitschrift_1928-07-15_14/per_physikalische-zeitschrift_physikalische-zeitschrift_1928-07-15_14_djvu.txt	?	-
per_physikalische-zeitschrift_physikalische-zeitschrift_1928-08-01_15	https://archive.org/download/per_physikalische-zeitschrift_physikalische-zeitschrift_1928-08-01_15/per_physikalische-zeitschrift_physikalische-zeitschrift_1928-08-01_15_djvu.txt	?	-
per_physikalische-zeitschrift_physikalische-zeitschrift_1928-08-15_16	https://archive.org/download/per_physikalische-zeitschrift_physikalische-zeitschrift_1928-08-15_16/per_physikalische-zeitschrift_physikalische-zeitschrift_1928-08-15_16_djvu.txt	?	-
per_physikalische-zeitschrift_physikalische-zeitschrift_1928-09-01_17	https://archive.org/download/per_physikalische-zeitschrift_physikalische-zeitschrift_1928-09-01_17/per_physikalische-zeitschrift_physikalische-zeitschrift_1928-09-01_17_djvu.txt	?	-
per_physikalische-zeitschrift_physikalische-zeitschrift_1928-09-15_18	https://archive.org/download/per_physikalische-zeitschrift_physikalische-zeitschrift_1928-09-15_18/per_physikalische-zeitschrift_physikalische-zeitschrift_1928-09-15_18_djvu.txt	?	-
per_physikalische-zeitschrift_physikalische-zeitschrift_1928-10-01_19	https://archive.org/download/per_physikalische-zeitschrift_physikalische-zeitschrift_1928-10-01_19/per_physikalische-zeitschrift_physikalische-zeitschrift_1928-10-01_19_djvu.txt	?	-
per_physikalische-zeitschrift_physikalische-zeitschrift_1928-10-15_20	https://archive.org/download/per_physikalische-zeitschrift_physikalische-zeitschrift_1928-10-15_20/per_physikalische-zeitschrift_physikalische-zeitschrift_1928-10-15_20_djvu.txt	?	-
per_physikalische-zeitschrift_physikalische-zeitschrift_1928-11-01_21	https://archive.org/download/per_physikalische-zeitschrift_physikalische-zeitschrift_1928-11-01_21/per_physikalische-zeitschrift_physikalische-zeitschrift_1928-11-01_21_djvu.txt	?	-
per_physikalische-zeitschrift_physikalische-zeitschrift_1928-11-15_22	https://archive.org/download/per_physikalische-zeitschrift_physikalische-zeitschrift_1928-11-15_22/per_physikalische-zeitschrift_physikalische-zeitschrift_1928-11-15_22_djvu.txt	?	-
per_physikalische-zeitschrift_physikalische-zeitschrift_1928-12-01_23	https://archive.org/download/per_physikalische-zeitschrift_physikalische-zeitschrift_1928-12-01_23/per_physikalische-zeitschrift_physikalische-zeitschrift_1928-12-01_23_djvu.txt	?	-
per_physikalische-zeitschrift_physikalische-zeitschrift_1928-12-15_24	https://archive.org/download/per_physikalische-zeitschrift_physikalische-zeitschrift_1928-12-15_24/per_physikalische-zeitschrift_physikalische-zeitschrift_1928-12-15_24_djvu.txt	?	-
per_physikalische-zeitschrift_physikalische-zeitschrift_1929-01-01_1	https://archive.org/download/per_physikalische-zeitschrift_physikalische-zeitschrift_1929-01-01_1/per_physikalische-zeitschrift_physikalische-zeitschrift_1929-01-01_1_djvu.txt	?	-
per_physikalische-zeitschrift_physikalische-zeitschrift_1929-01-15_2	https://archive.org/download/per_physikalische-zeitschrift_physikalische-zeitschrift_1929-01-15_2/per_physikalische-zeitschrift_physikalische-zeitschrift_1929-01-15_2_djvu.txt	?	-
per_physikalische-zeitschrift_physikalische-zeitschrift_1929-02-01_3	https://archive.org/download/per_physikalische-zeitschrift_physikalische-zeitschrift_1929-02-01_3/per_physikalische-zeitschrift_physikalische-zeitschrift_1929-02-01_3_djvu.txt	?	-
per_physikalische-zeitschrift_physikalische-zeitschrift_1929-03-01_4-5	https://archive.org/download/per_physikalische-zeitschrift_physikalische-zeitschrift_1929-03-01_4-5/per_physikalische-zeitschrift_physikalische-zeitschrift_1929-03-01_4-5_djvu.txt	?	-
per_physikalische-zeitschrift_physikalische-zeitschrift_1929-03-15_6	https://archive.org/download/per_physikalische-zeitschrift_physikalische-zeitschrift_1929-03-15_6/per_physikalische-zeitschrift_physikalische-zeitschrift_1929-03-15_6_djvu.txt	?	-
per_physikalische-zeitschrift_physikalische-zeitschrift_1929-04-01_7	https://archive.org/download/per_physikalische-zeitschrift_physikalische-zeitschrift_1929-04-01_7/per_physikalische-zeitschrift_physikalische-zeitschrift_1929-04-01_7_djvu.txt	?	-
per_physikalische-zeitschrift_physikalische-zeitschrift_1929-04-15_8	https://archive.org/download/per_physikalische-zeitschrift_physikalische-zeitschrift_1929-04-15_8/per_physikalische-zeitschrift_physikalische-zeitschrift_1929-04-15_8_djvu.txt	?	-
per_physikalische-zeitschrift_physikalische-zeitschrift_1929-05-01_9	https://archive.org/download/per_physikalische-zeitschrift_physikalische-zeitschrift_1929-05-01_9/per_physikalische-zeitschrift_physikalische-zeitschrift_1929-05-01_9_djvu.txt	?	-
per_physikalische-zeitschrift_physikalische-zeitschrift_1929-05-15_10	https://archive.org/download/per_physikalische-zeitschrift_physikalische-zeitschrift_1929-05-15_10/per_physikalische-zeitschrift_physikalische-zeitschrift_1929-05-15_10_djvu.txt	?	-
per_physikalische-zeitschrift_physikalische-zeitschrift_1929-06-01_11	https://archive.org/download/per_physikalische-zeitschrift_physikalische-zeitschrift_1929-06-01_11/per_physikalische-zeitschrift_physikalische-zeitschrift_1929-06-01_11_djvu.txt	?	-
per_physikalische-zeitschrift_physikalische-zeitschrift_1929-06-15_12	https://archive.org/download/per_physikalische-zeitschrift_physikalische-zeitschrift_1929-06-15_12/per_physikalische-zeitschrift_physikalische-zeitschrift_1929-06-15_12_djvu.txt	?	-
per_physikalische-zeitschrift_physikalische-zeitschrift_1929-07-01_13	https://archive.org/download/per_physikalische-zeitschrift_physikalische-zeitschrift_1929-07-01_13/per_physikalische-zeitschrift_physikalische-zeitschrift_1929-07-01_13_djvu.txt	?	-
per_physikalische-zeitschrift_physikalische-zeitschrift_1929-07-15_14	https://archive.org/download/per_physikalische-zeitschrift_physikalische-zeitschrift_1929-07-15_14/per_physikalische-zeitschrift_physikalische-zeitschrift_1929-07-15_14_djvu.txt	?	-
per_physikalische-zeitschrift_physikalische-zeitschrift_1929-08-01_15	https://archive.org/download/per_physikalische-zeitschrift_physikalische-zeitschrift_1929-08-01_15/per_physikalische-zeitschrift_physikalische-zeitschrift_1929-08-01_15_djvu.txt	?	-
per_physikalische-zeitschrift_physikalische-zeitschrift_1929-08-15_16	https://archive.org/download/per_physikalische-zeitschrift_physikalische-zeitschrift_1929-08-15_16/per_physikalische-zeitschrift_physikalische-zeitschrift_1929-08-15_16_djvu.txt	?	-
per_physikalische-zeitschrift_physikalische-zeitschrift_1929-09-01_17	https://archive.org/download/per_physikalische-zeitschrift_physikalische-zeitschrift_1929-09-01_17/per_physikalische-zeitschrift_physikalische-zeitschrift_1929-09-01_17_djvu.txt	?	-
per_physikalische-zeitschrift_physikalische-zeitschrift_1929-09-15_18	https://archive.org/download/per_physikalische-zeitschrift_physikalische-zeitschrift_1929-09-15_18/per_physikalische-zeitschrift_physikalische-zeitschrift_1929-09-15_18_djvu.txt	?	-
per_physikalische-zeitschrift_physikalische-zeitschrift_1929-10-01_19	https://archive.org/download/per_physikalische-zeitschrift_physikalische-zeitschrift_1929-10-01_19/per_physikalische-zeitschrift_physikalische-zeitschrift_1929-10-01_19_djvu.txt	?	-
per_physikalische-zeitschrift_physikalische-zeitschrift_1929-10-15_20	https://archive.org/download/per_physikalische-zeitschrift_physikalische-zeitschrift_1929-10-15_20/per_physikalische-zeitschrift_physikalische-zeitschrift_1929-10-15_20_djvu.txt	?	-
per_physikalische-zeitschrift_physikalische-zeitschrift_1929-11-01_21	https://archive.org/download/per_physikalische-zeitschrift_physikalische-zeitschrift_1929-11-01_21/per_physikalische-zeitschrift_physikalische-zeitschrift_1929-11-01_21_djvu.txt	?	-
per_physikalische-zeitschrift_physikalische-zeitschrift_1929-11-15_22	https://archive.org/download/per_physikalische-zeitschrift_physikalische-zeitschrift_1929-11-15_22/per_physikalische-zeitschrift_physikalische-zeitschrift_1929-11-15_22_djvu.txt	?	-
per_physikalische-zeitschrift_physikalische-zeitschrift_1929-12-01_23	https://archive.org/download/per_physikalische-zeitschrift_physikalische-zeitschrift_1929-12-01_23/per_physikalische-zeitschrift_physikalische-zeitschrift_1929-12-01_23_djvu.txt	?	-
per_physikalische-zeitschrift_physikalische-zeitschrift_1929-12-15_24	https://archive.org/download/per_physikalische-zeitschrift_physikalische-zeitschrift_1929-12-15_24/per_physikalische-zeitschrift_physikalische-zeitschrift_1929-12-15_24_djvu.txt	?	-
per_physikalische-zeitschrift_physikalische-zeitschrift_1930-01-01_1	https://archive.org/download/per_physikalische-zeitschrift_physikalische-zeitschrift_1930-01-01_1/per_physikalische-zeitschrift_physikalische-zeitschrift_1930-01-01_1_djvu.txt	?	-
per_physikalische-zeitschrift_physikalische-zeitschrift_1930-01-15_2	https://archive.org/download/per_physikalische-zeitschrift_physikalische-zeitschrift_1930-01-15_2/per_physikalische-zeitschrift_physikalische-zeitschrift_1930-01-15_2_djvu.txt	?	-
per_physikalische-zeitschrift_physikalische-zeitschrift_1930-02-01_3	https://archive.org/download/per_physikalische-zeitschrift_physikalische-zeitschrift_1930-02-01_3/per_physikalische-zeitschrift_physikalische-zeitschrift_1930-02-01_3_djvu.txt	?	-
per_physikalische-zeitschrift_physikalische-zeitschrift_1930-02-15_4	https://archive.org/download/per_physikalische-zeitschrift_physikalische-zeitschrift_1930-02-15_4/per_physikalische-zeitschrift_physikalische-zeitschrift_1930-02-15_4_djvu.txt	?	-
per_physikalische-zeitschrift_physikalische-zeitschrift_1930-03-01_5	https://archive.org/download/per_physikalische-zeitschrift_physikalische-zeitschrift_1930-03-01_5/per_physikalische-zeitschrift_physikalische-zeitschrift_1930-03-01_5_djvu.txt	?	-
per_physikalische-zeitschrift_physikalische-zeitschrift_1930-03-15_6	https://archive.org/download/per_physikalische-zeitschrift_physikalische-zeitschrift_1930-03-15_6/per_physikalische-zeitschrift_physikalische-zeitschrift_1930-03-15_6_djvu.txt	?	-
per_physikalische-zeitschrift_physikalische-zeitschrift_1930-04-01_7	https://archive.org/download/per_physikalische-zeitschrift_physikalische-zeitschrift_1930-04-01_7/per_physikalische-zeitschrift_physikalische-zeitschrift_1930-04-01_7_djvu.txt	?	-
per_physikalische-zeitschrift_physikalische-zeitschrift_1930-04-15_8	https://archive.org/download/per_physikalische-zeitschrift_physikalische-zeitschrift_1930-04-15_8/per_physikalische-zeitschrift_physikalische-zeitschrift_1930-04-15_8_djvu.txt	?	-
per_physikalische-zeitschrift_physikalische-zeitschrift_1930-05-01_9	https://archive.org/download/per_physikalische-zeitschrift_physikalische-zeitschrift_1930-05-01_9/per_physikalische-zeitschrift_physikalische-zeitschrift_1930-05-01_9_djvu.txt	?	-
per_physikalische-zeitschrift_physikalische-zeitschrift_1930-05-15_10	https://archive.org/download/per_physikalische-zeitschrift_physikalische-zeitschrift_1930-05-15_10/per_physikalische-zeitschrift_physikalische-zeitschrift_1930-05-15_10_djvu.txt	?	-
per_physikalische-zeitschrift_physikalische-zeitschrift_1930-06-01_11	https://archive.org/download/per_physikalische-zeitschrift_physikalische-zeitschrift_1930-06-01_11/per_physikalische-zeitschrift_physikalische-zeitschrift_1930-06-01_11_djvu.txt	?	-
per_physikalische-zeitschrift_physikalische-zeitschrift_1930-06-15_12	https://archive.org/download/per_physikalische-zeitschrift_physikalische-zeitschrift_1930-06-15_12/per_physikalische-zeitschrift_physikalische-zeitschrift_1930-06-15_12_djvu.txt	?	-
per_physikalische-zeitschrift_physikalische-zeitschrift_1930-07-01_13	https://archive.org/download/per_physikalische-zeitschrift_physikalische-zeitschrift_1930-07-01_13/per_physikalische-zeitschrift_physikalische-zeitschrift_1930-07-01_13_djvu.txt	?	-
per_physikalische-zeitschrift_physikalische-zeitschrift_1930-07-15_14	https://archive.org/download/per_physikalische-zeitschrift_physikalische-zeitschrift_1930-07-15_14/per_physikalische-zeitschrift_physikalische-zeitschrift_1930-07-15_14_djvu.txt	?	-
per_physikalische-zeitschrift_physikalische-zeitschrift_1930-08-01_15	https://archive.org/download/per_physikalische-zeitschrift_physikalische-zeitschrift_1930-08-01_15/per_physikalische-zeitschrift_physikalische-zeitschrift_1930-08-01_15_djvu.txt	?	-
per_physikalische-zeitschrift_physikalische-zeitschrift_1930-08-15_16	https://archive.org/download/per_physikalische-zeitschrift_physikalische-zeitschrift_1930-08-15_16/per_physikalische-zeitschrift_physikalische-zeitschrift_1930-08-15_16_djvu.txt	?	-
per_physikalische-zeitschrift_physikalische-zeitschrift_1930-09-01_17	https://archive.org/download/per_physikalische-zeitschrift_physikalische-zeitschrift_1930-09-01_17/per_physikalische-zeitschrift_physikalische-zeitschrift_1930-09-01_17_djvu.txt	?	-
per_physikalische-zeitschrift_physikalische-zeitschrift_1930-09-15_18	https://archive.org/download/per_physikalische-zeitschrift_physikalische-zeitschrift_1930-09-15_18/per_physikalische-zeitschrift_physikalische-zeitschrift_1930-09-15_18_djvu.txt	?	-
per_physikalische-zeitschrift_physikalische-zeitschrift_1930-10-01_19	https://archive.org/download/per_physikalische-zeitschrift_physikalische-zeitschrift_1930-10-01_19/per_physikalische-zeitschrift_physikalische-zeitschrift_1930-10-01_19_djvu.txt	?	-
per_physikalische-zeitschrift_physikalische-zeitschrift_1930-10-15_20	https://archive.org/download/per_physikalische-zeitschrift_physikalische-zeitschrift_1930-10-15_20/per_physikalische-zeitschrift_physikalische-zeitschrift_1930-10-15_20_djvu.txt	?	-
per_physikalische-zeitschrift_physikalische-zeitschrift_1930-11-01_21	https://archive.org/download/per_physikalische-zeitschrift_physikalische-zeitschrift_1930-11-01_21/per_physikalische-zeitschrift_physikalische-zeitschrift_1930-11-01_21_djvu.txt	?	-
per_physikalische-zeitschrift_physikalische-zeitschrift_1930-11-15_22	https://archive.org/download/per_physikalische-zeitschrift_physikalische-zeitschrift_1930-11-15_22/per_physikalische-zeitschrift_physikalische-zeitschrift_1930-11-15_22_djvu.txt	?	-
per_physikalische-zeitschrift_physikalische-zeitschrift_1930-12-01_23	https://archive.org/download/per_physikalische-zeitschrift_physikalische-zeitschrift_1930-12-01_23/per_physikalische-zeitschrift_physikalische-zeitschrift_1930-12-01_23_djvu.txt	?	-
per_physikalische-zeitschrift_physikalische-zeitschrift_1930-12-15_24	https://archive.org/download/per_physikalische-zeitschrift_physikalische-zeitschrift_1930-12-15_24/per_physikalische-zeitschrift_physikalische-zeitschrift_1930-12-15_24_djvu.txt	?	-
per_physikalische-zeitschrift_physikalische-zeitschrift_1931-01-01_1	https://archive.org/download/per_physikalische-zeitschrift_physikalische-zeitschrift_1931-01-01_1/per_physikalische-zeitschrift_physikalische-zeitschrift_1931-01-01_1_djvu.txt	?	-
per_physikalische-zeitschrift_physikalische-zeitschrift_1931-01-15_2	https://archive.org/download/per_physikalische-zeitschrift_physikalische-zeitschrift_1931-01-15_2/per_physikalische-zeitschrift_physikalische-zeitschrift_1931-01-15_2_djvu.txt	?	-
per_physikalische-zeitschrift_physikalische-zeitschrift_1931-02-01_3	https://archive.org/download/per_physikalische-zeitschrift_physikalische-zeitschrift_1931-02-01_3/per_physikalische-zeitschrift_physikalische-zeitschrift_1931-02-01_3_djvu.txt	?	-
per_physikalische-zeitschrift_physikalische-zeitschrift_1931-02-15_4	https://archive.org/download/per_physikalische-zeitschrift_physikalische-zeitschrift_1931-02-15_4/per_physikalische-zeitschrift_physikalische-zeitschrift_1931-02-15_4_djvu.txt	?	-
per_physikalische-zeitschrift_physikalische-zeitschrift_1931-03-01_5	https://archive.org/download/per_physikalische-zeitschrift_physikalische-zeitschrift_1931-03-01_5/per_physikalische-zeitschrift_physikalische-zeitschrift_1931-03-01_5_djvu.txt	?	-
per_physikalische-zeitschrift_physikalische-zeitschrift_1931-03-15_6	https://archive.org/download/per_physikalische-zeitschrift_physikalische-zeitschrift_1931-03-15_6/per_physikalische-zeitschrift_physikalische-zeitschrift_1931-03-15_6_djvu.txt	?	-
per_physikalische-zeitschrift_physikalische-zeitschrift_1931-04-01_7	https://archive.org/download/per_physikalische-zeitschrift_physikalische-zeitschrift_1931-04-01_7/per_physikalische-zeitschrift_physikalische-zeitschrift_1931-04-01_7_djvu.txt	?	-
per_physikalische-zeitschrift_physikalische-zeitschrift_1931-04-15_8	https://archive.org/download/per_physikalische-zeitschrift_physikalische-zeitschrift_1931-04-15_8/per_physikalische-zeitschrift_physikalische-zeitschrift_1931-04-15_8_djvu.txt	?	-
per_physikalische-zeitschrift_physikalische-zeitschrift_1931-05-01_9	https://archive.org/download/per_physikalische-zeitschrift_physikalische-zeitschrift_1931-05-01_9/per_physikalische-zeitschrift_physikalische-zeitschrift_1931-05-01_9_djvu.txt	?	-
per_physikalische-zeitschrift_physikalische-zeitschrift_1931-05-15_10	https://archive.org/download/per_physikalische-zeitschrift_physikalische-zeitschrift_1931-05-15_10/per_physikalische-zeitschrift_physikalische-zeitschrift_1931-05-15_10_djvu.txt	?	-
per_physikalische-zeitschrift_physikalische-zeitschrift_1931-06-01_11	https://archive.org/download/per_physikalische-zeitschrift_physikalische-zeitschrift_1931-06-01_11/per_physikalische-zeitschrift_physikalische-zeitschrift_1931-06-01_11_djvu.txt	?	-
per_physikalische-zeitschrift_physikalische-zeitschrift_1931-06-15_12	https://archive.org/download/per_physikalische-zeitschrift_physikalische-zeitschrift_1931-06-15_12/per_physikalische-zeitschrift_physikalische-zeitschrift_1931-06-15_12_djvu.txt	?	-
per_physikalische-zeitschrift_physikalische-zeitschrift_1931-07-01_13	https://archive.org/download/per_physikalische-zeitschrift_physikalische-zeitschrift_1931-07-01_13/per_physikalische-zeitschrift_physikalische-zeitschrift_1931-07-01_13_djvu.txt	?	-
per_physikalische-zeitschrift_physikalische-zeitschrift_1931-07-15_14	https://archive.org/download/per_physikalische-zeitschrift_physikalische-zeitschrift_1931-07-15_14/per_physikalische-zeitschrift_physikalische-zeitschrift_1931-07-15_14_djvu.txt	?	-
per_physikalische-zeitschrift_physikalische-zeitschrift_1931-08-01_15	https://archive.org/download/per_physikalische-zeitschrift_physikalische-zeitschrift_1931-08-01_15/per_physikalische-zeitschrift_physikalische-zeitschrift_1931-08-01_15_djvu.txt	?	-
per_physikalische-zeitschrift_physikalische-zeitschrift_1931-08-15_16	https://archive.org/download/per_physikalische-zeitschrift_physikalische-zeitschrift_1931-08-15_16/per_physikalische-zeitschrift_physikalische-zeitschrift_1931-08-15_16_djvu.txt	?	-
per_physikalische-zeitschrift_physikalische-zeitschrift_1931-09-01_17	https://archive.org/download/per_physikalische-zeitschrift_physikalische-zeitschrift_1931-09-01_17/per_physikalische-zeitschrift_physikalische-zeitschrift_1931-09-01_17_djvu.txt	?	-
per_physikalische-zeitschrift_physikalische-zeitschrift_1931-09-15_18	https://archive.org/download/per_physikalische-zeitschrift_physikalische-zeitschrift_1931-09-15_18/per_physikalische-zeitschrift_physikalische-zeitschrift_1931-09-15_18_djvu.txt	?	-
per_physikalische-zeitschrift_physikalische-zeitschrift_1931-10-01_19	https://archive.org/download/per_physikalische-zeitschrift_physikalische-zeitschrift_1931-10-01_19/per_physikalische-zeitschrift_physikalische-zeitschrift_1931-10-01_19_djvu.txt	?	-
per_physikalische-zeitschrift_physikalische-zeitschrift_1931-10-15_20	https://archive.org/download/per_physikalische-zeitschrift_physikalische-zeitschrift_1931-10-15_20/per_physikalische-zeitschrift_physikalische-zeitschrift_1931-10-15_20_djvu.txt	?	-
per_physikalische-zeitschrift_physikalische-zeitschrift_1931-11-01_21	https://archive.org/download/per_physikalische-zeitschrift_physikalische-zeitschrift_1931-11-01_21/per_physikalische-zeitschrift_physikalische-zeitschrift_1931-11-01_21_djvu.txt	?	-
per_physikalische-zeitschrift_physikalische-zeitschrift_1931-11-15_22	https://archive.org/download/per_physikalische-zeitschrift_physikalische-zeitschrift_1931-11-15_22/per_physikalische-zeitschrift_physikalische-zeitschrift_1931-11-15_22_djvu.txt	?	-
per_physikalische-zeitschrift_physikalische-zeitschrift_1931-12-01_23	https://archive.org/download/per_physikalische-zeitschrift_physikalische-zeitschrift_1931-12-01_23/per_physikalische-zeitschrift_physikalische-zeitschrift_1931-12-01_23_djvu.txt	?	-
per_physikalische-zeitschrift_physikalische-zeitschrift_1931-12-15_24	https://archive.org/download/per_physikalische-zeitschrift_physikalische-zeitschrift_1931-12-15_24/per_physikalische-zeitschrift_physikalische-zeitschrift_1931-12-15_24_djvu.txt	?	-
per_physikalische-zeitschrift_physikalische-zeitschrift_1932-01-01_1	https://archive.org/download/per_physikalische-zeitschrift_physikalische-zeitschrift_1932-01-01_1/per_physikalische-zeitschrift_physikalische-zeitschrift_1932-01-01_1_djvu.txt	?	-
per_physikalische-zeitschrift_physikalische-zeitschrift_1932-01-15_2	https://archive.org/download/per_physikalische-zeitschrift_physikalische-zeitschrift_1932-01-15_2/per_physikalische-zeitschrift_physikalische-zeitschrift_1932-01-15_2_djvu.txt	?	-
per_physikalische-zeitschrift_physikalische-zeitschrift_1932-02-01_3	https://archive.org/download/per_physikalische-zeitschrift_physikalische-zeitschrift_1932-02-01_3/per_physikalische-zeitschrift_physikalische-zeitschrift_1932-02-01_3_djvu.txt	?	-
per_physikalische-zeitschrift_physikalische-zeitschrift_1932-02-15_4	https://archive.org/download/per_physikalische-zeitschrift_physikalische-zeitschrift_1932-02-15_4/per_physikalische-zeitschrift_physikalische-zeitschrift_1932-02-15_4_djvu.txt	?	-
per_physikalische-zeitschrift_physikalische-zeitschrift_1932-03-01_5	https://archive.org/download/per_physikalische-zeitschrift_physikalische-zeitschrift_1932-03-01_5/per_physikalische-zeitschrift_physikalische-zeitschrift_1932-03-01_5_djvu.txt	?	-
per_physikalische-zeitschrift_physikalische-zeitschrift_1932-03-15_6	https://archive.org/download/per_physikalische-zeitschrift_physikalische-zeitschrift_1932-03-15_6/per_physikalische-zeitschrift_physikalische-zeitschrift_1932-03-15_6_djvu.txt	?	-
per_physikalische-zeitschrift_physikalische-zeitschrift_1932-04-01_7	https://archive.org/download/per_physikalische-zeitschrift_physikalische-zeitschrift_1932-04-01_7/per_physikalische-zeitschrift_physikalische-zeitschrift_1932-04-01_7_djvu.txt	?	-
per_physikalische-zeitschrift_physikalische-zeitschrift_1932-04-15_8	https://archive.org/download/per_physikalische-zeitschrift_physikalische-zeitschrift_1932-04-15_8/per_physikalische-zeitschrift_physikalische-zeitschrift_1932-04-15_8_djvu.txt	?	-
per_physikalische-zeitschrift_physikalische-zeitschrift_1932-05-01_9	https://archive.org/download/per_physikalische-zeitschrift_physikalische-zeitschrift_1932-05-01_9/per_physikalische-zeitschrift_physikalische-zeitschrift_1932-05-01_9_djvu.txt	?	-
per_physikalische-zeitschrift_physikalische-zeitschrift_1932-05-15_10	https://archive.org/download/per_physikalische-zeitschrift_physikalische-zeitschrift_1932-05-15_10/per_physikalische-zeitschrift_physikalische-zeitschrift_1932-05-15_10_djvu.txt	?	-
per_physikalische-zeitschrift_physikalische-zeitschrift_1932-06-01_11	https://archive.org/download/per_physikalische-zeitschrift_physikalische-zeitschrift_1932-06-01_11/per_physikalische-zeitschrift_physikalische-zeitschrift_1932-06-01_11_djvu.txt	?	-
per_physikalische-zeitschrift_physikalische-zeitschrift_1932-06-15_12	https://archive.org/download/per_physikalische-zeitschrift_physikalische-zeitschrift_1932-06-15_12/per_physikalische-zeitschrift_physikalische-zeitschrift_1932-06-15_12_djvu.txt	?	-
per_physikalische-zeitschrift_physikalische-zeitschrift_1932-07-01_13	https://archive.org/download/per_physikalische-zeitschrift_physikalische-zeitschrift_1932-07-01_13/per_physikalische-zeitschrift_physikalische-zeitschrift_1932-07-01_13_djvu.txt	?	-
per_physikalische-zeitschrift_physikalische-zeitschrift_1932-07-15_14	https://archive.org/download/per_physikalische-zeitschrift_physikalische-zeitschrift_1932-07-15_14/per_physikalische-zeitschrift_physikalische-zeitschrift_1932-07-15_14_djvu.txt	?	-
per_physikalische-zeitschrift_physikalische-zeitschrift_1932-08-01_15	https://archive.org/download/per_physikalische-zeitschrift_physikalische-zeitschrift_1932-08-01_15/per_physikalische-zeitschrift_physikalische-zeitschrift_1932-08-01_15_djvu.txt	?	-
per_physikalische-zeitschrift_physikalische-zeitschrift_1932-08-15_16	https://archive.org/download/per_physikalische-zeitschrift_physikalische-zeitschrift_1932-08-15_16/per_physikalische-zeitschrift_physikalische-zeitschrift_1932-08-15_16_djvu.txt	?	-
per_physikalische-zeitschrift_physikalische-zeitschrift_1932-09-01_17	https://archive.org/download/per_physikalische-zeitschrift_physikalische-zeitschrift_1932-09-01_17/per_physikalische-zeitschrift_physikalische-zeitschrift_1932-09-01_17_djvu.txt	?	-
per_physikalische-zeitschrift_physikalische-zeitschrift_1932-09-15_18	https://archive.org/download/per_physikalische-zeitschrift_physikalische-zeitschrift_1932-09-15_18/per_physikalische-zeitschrift_physikalische-zeitschrift_1932-09-15_18_djvu.txt	?	-
per_physikalische-zeitschrift_physikalische-zeitschrift_1932-10-01_19	https://archive.org/download/per_physikalische-zeitschrift_physikalische-zeitschrift_1932-10-01_19/per_physikalische-zeitschrift_physikalische-zeitschrift_1932-10-01_19_djvu.txt	?	-
per_physikalische-zeitschrift_physikalische-zeitschrift_1932-10-15_20	https://archive.org/download/per_physikalische-zeitschrift_physikalische-zeitschrift_1932-10-15_20/per_physikalische-zeitschrift_physikalische-zeitschrift_1932-10-15_20_djvu.txt	?	-
per_physikalische-zeitschrift_physikalische-zeitschrift_1932-11-01_21	https://archive.org/download/per_physikalische-zeitschrift_physikalische-zeitschrift_1932-11-01_21/per_physikalische-zeitschrift_physikalische-zeitschrift_1932-11-01_21_djvu.txt	?	-
per_physikalische-zeitschrift_physikalische-zeitschrift_1932-11-15_22	https://archive.org/download/per_physikalische-zeitschrift_physikalische-zeitschrift_1932-11-15_22/per_physikalische-zeitschrift_physikalische-zeitschrift_1932-11-15_22_djvu.txt	?	-
per_physikalische-zeitschrift_physikalische-zeitschrift_1932-12-01_23	https://archive.org/download/per_physikalische-zeitschrift_physikalische-zeitschrift_1932-12-01_23/per_physikalische-zeitschrift_physikalische-zeitschrift_1932-12-01_23_djvu.txt	?	-
per_physikalische-zeitschrift_physikalische-zeitschrift_1932-12-15_24	https://archive.org/download/per_physikalische-zeitschrift_physikalische-zeitschrift_1932-12-15_24/per_physikalische-zeitschrift_physikalische-zeitschrift_1932-12-15_24_djvu.txt	?	-
per_physikalische-zeitschrift_physikalische-zeitschrift_1933-01-01_1	https://archive.org/download/per_physikalische-zeitschrift_physikalische-zeitschrift_1933-01-01_1/per_physikalische-zeitschrift_physikalische-zeitschrift_1933-01-01_1_djvu.txt	?	-
per_physikalische-zeitschrift_physikalische-zeitschrift_1933-01-15_2	https://archive.org/download/per_physikalische-zeitschrift_physikalische-zeitschrift_1933-01-15_2/per_physikalische-zeitschrift_physikalische-zeitschrift_1933-01-15_2_djvu.txt	?	-
per_physikalische-zeitschrift_physikalische-zeitschrift_1933-02-01_3	https://archive.org/download/per_physikalische-zeitschrift_physikalische-zeitschrift_1933-02-01_3/per_physikalische-zeitschrift_physikalische-zeitschrift_1933-02-01_3_djvu.txt	?	-
per_physikalische-zeitschrift_physikalische-zeitschrift_1933-02-15_4	https://archive.org/download/per_physikalische-zeitschrift_physikalische-zeitschrift_1933-02-15_4/per_physikalische-zeitschrift_physikalische-zeitschrift_1933-02-15_4_djvu.txt	?	-
per_physikalische-zeitschrift_physikalische-zeitschrift_1933-03-01_5	https://archive.org/download/per_physikalische-zeitschrift_physikalische-zeitschrift_1933-03-01_5/per_physikalische-zeitschrift_physikalische-zeitschrift_1933-03-01_5_djvu.txt	?	-
per_physikalische-zeitschrift_physikalische-zeitschrift_1933-03-15_6	https://archive.org/download/per_physikalische-zeitschrift_physikalische-zeitschrift_1933-03-15_6/per_physikalische-zeitschrift_physikalische-zeitschrift_1933-03-15_6_djvu.txt	?	-
per_physikalische-zeitschrift_physikalische-zeitschrift_1933-04-01_7	https://archive.org/download/per_physikalische-zeitschrift_physikalische-zeitschrift_1933-04-01_7/per_physikalische-zeitschrift_physikalische-zeitschrift_1933-04-01_7_djvu.txt	?	-
per_physikalische-zeitschrift_physikalische-zeitschrift_1933-04-15_8	https://archive.org/download/per_physikalische-zeitschrift_physikalische-zeitschrift_1933-04-15_8/per_physikalische-zeitschrift_physikalische-zeitschrift_1933-04-15_8_djvu.txt	?	-
per_physikalische-zeitschrift_physikalische-zeitschrift_1933-05-01_9	https://archive.org/download/per_physikalische-zeitschrift_physikalische-zeitschrift_1933-05-01_9/per_physikalische-zeitschrift_physikalische-zeitschrift_1933-05-01_9_djvu.txt	?	-
per_physikalische-zeitschrift_physikalische-zeitschrift_1933-05-15_10	https://archive.org/download/per_physikalische-zeitschrift_physikalische-zeitschrift_1933-05-15_10/per_physikalische-zeitschrift_physikalische-zeitschrift_1933-05-15_10_djvu.txt	?	-
per_physikalische-zeitschrift_physikalische-zeitschrift_1933-06-01_11	https://archive.org/download/per_physikalische-zeitschrift_physikalische-zeitschrift_1933-06-01_11/per_physikalische-zeitschrift_physikalische-zeitschrift_1933-06-01_11_djvu.txt	?	-
per_physikalische-zeitschrift_physikalische-zeitschrift_1933-06-15_12	https://archive.org/download/per_physikalische-zeitschrift_physikalische-zeitschrift_1933-06-15_12/per_physikalische-zeitschrift_physikalische-zeitschrift_1933-06-15_12_djvu.txt	?	-
per_physikalische-zeitschrift_physikalische-zeitschrift_1933-07-01_13	https://archive.org/download/per_physikalische-zeitschrift_physikalische-zeitschrift_1933-07-01_13/per_physikalische-zeitschrift_physikalische-zeitschrift_1933-07-01_13_djvu.txt	?	-
per_physikalische-zeitschrift_physikalische-zeitschrift_1933-07-15_14	https://archive.org/download/per_physikalische-zeitschrift_physikalische-zeitschrift_1933-07-15_14/per_physikalische-zeitschrift_physikalische-zeitschrift_1933-07-15_14_djvu.txt	?	-
per_physikalische-zeitschrift_physikalische-zeitschrift_1933-08-01_15	https://archive.org/download/per_physikalische-zeitschrift_physikalische-zeitschrift_1933-08-01_15/per_physikalische-zeitschrift_physikalische-zeitschrift_1933-08-01_15_djvu.txt	?	-
per_physikalische-zeitschrift_physikalische-zeitschrift_1933-08-15_16	https://archive.org/download/per_physikalische-zeitschrift_physikalische-zeitschrift_1933-08-15_16/per_physikalische-zeitschrift_physikalische-zeitschrift_1933-08-15_16_djvu.txt	?	-
per_physikalische-zeitschrift_physikalische-zeitschrift_1933-09-01_17	https://archive.org/download/per_physikalische-zeitschrift_physikalische-zeitschrift_1933-09-01_17/per_physikalische-zeitschrift_physikalische-zeitschrift_1933-09-01_17_djvu.txt	?	-
per_physikalische-zeitschrift_physikalische-zeitschrift_1933-09-15_18	https://archive.org/download/per_physikalische-zeitschrift_physikalische-zeitschrift_1933-09-15_18/per_physikalische-zeitschrift_physikalische-zeitschrift_1933-09-15_18_djvu.txt	?	-
per_physikalische-zeitschrift_physikalische-zeitschrift_1933-10-01_19	https://archive.org/download/per_physikalische-zeitschrift_physikalische-zeitschrift_1933-10-01_19/per_physikalische-zeitschrift_physikalische-zeitschrift_1933-10-01_19_djvu.txt	?	-
per_physikalische-zeitschrift_physikalische-zeitschrift_1933-10-15_20	https://archive.org/download/per_physikalische-zeitschrift_physikalische-zeitschrift_1933-10-15_20/per_physikalische-zeitschrift_physikalische-zeitschrift_1933-10-15_20_djvu.txt	?	-
per_physikalische-zeitschrift_physikalische-zeitschrift_1933-11-01_21	https://archive.org/download/per_physikalische-zeitschrift_physikalische-zeitschrift_1933-11-01_21/per_physikalische-zeitschrift_physikalische-zeitschrift_1933-11-01_21_djvu.txt	?	-
per_physikalische-zeitschrift_physikalische-zeitschrift_1933-11-15_22	https://archive.org/download/per_physikalische-zeitschrift_physikalische-zeitschrift_1933-11-15_22/per_physikalische-zeitschrift_physikalische-zeitschrift_1933-11-15_22_djvu.txt	?	-
per_physikalische-zeitschrift_physikalische-zeitschrift_1933-12-01_23	https://archive.org/download/per_physikalische-zeitschrift_physikalische-zeitschrift_1933-12-01_23/per_physikalische-zeitschrift_physikalische-zeitschrift_1933-12-01_23_djvu.txt	?	-
per_physikalische-zeitschrift_physikalische-zeitschrift_1933-12-15_24	https://archive.org/download/per_physikalische-zeitschrift_physikalische-zeitschrift_1933-12-15_24/per_physikalische-zeitschrift_physikalische-zeitschrift_1933-12-15_24_djvu.txt	?	-
per_physikalische-zeitschrift_physikalische-zeitschrift_1934-01-01_1	https://archive.org/download/per_physikalische-zeitschrift_physikalische-zeitschrift_1934-01-01_1/per_physikalische-zeitschrift_physikalische-zeitschrift_1934-01-01_1_djvu.txt	?	-
per_physikalische-zeitschrift_physikalische-zeitschrift_1934-01-15_2	https://archive.org/download/per_physikalische-zeitschrift_physikalische-zeitschrift_1934-01-15_2/per_physikalische-zeitschrift_physikalische-zeitschrift_1934-01-15_2_djvu.txt	?	-
per_physikalische-zeitschrift_physikalische-zeitschrift_1934-02-01_3	https://archive.org/download/per_physikalische-zeitschrift_physikalische-zeitschrift_1934-02-01_3/per_physikalische-zeitschrift_physikalische-zeitschrift_1934-02-01_3_djvu.txt	?	-
per_physikalische-zeitschrift_physikalische-zeitschrift_1934-02-15_4	https://archive.org/download/per_physikalische-zeitschrift_physikalische-zeitschrift_1934-02-15_4/per_physikalische-zeitschrift_physikalische-zeitschrift_1934-02-15_4_djvu.txt	?	-
per_physikalische-zeitschrift_physikalische-zeitschrift_1934-03-01_5	https://archive.org/download/per_physikalische-zeitschrift_physikalische-zeitschrift_1934-03-01_5/per_physikalische-zeitschrift_physikalische-zeitschrift_1934-03-01_5_djvu.txt	?	-
per_physikalische-zeitschrift_physikalische-zeitschrift_1934-03-15_6	https://archive.org/download/per_physikalische-zeitschrift_physikalische-zeitschrift_1934-03-15_6/per_physikalische-zeitschrift_physikalische-zeitschrift_1934-03-15_6_djvu.txt	?	-
per_physikalische-zeitschrift_physikalische-zeitschrift_1934-04-01_7	https://archive.org/download/per_physikalische-zeitschrift_physikalische-zeitschrift_1934-04-01_7/per_physikalische-zeitschrift_physikalische-zeitschrift_1934-04-01_7_djvu.txt	?	-
per_physikalische-zeitschrift_physikalische-zeitschrift_1934-04-15_8	https://archive.org/download/per_physikalische-zeitschrift_physikalische-zeitschrift_1934-04-15_8/per_physikalische-zeitschrift_physikalische-zeitschrift_1934-04-15_8_djvu.txt	?	-
per_physikalische-zeitschrift_physikalische-zeitschrift_1934-05-01_9	https://archive.org/download/per_physikalische-zeitschrift_physikalische-zeitschrift_1934-05-01_9/per_physikalische-zeitschrift_physikalische-zeitschrift_1934-05-01_9_djvu.txt	?	-
per_physikalische-zeitschrift_physikalische-zeitschrift_1934-05-15_10	https://archive.org/download/per_physikalische-zeitschrift_physikalische-zeitschrift_1934-05-15_10/per_physikalische-zeitschrift_physikalische-zeitschrift_1934-05-15_10_djvu.txt	?	-
per_physikalische-zeitschrift_physikalische-zeitschrift_1934-06-01_11	https://archive.org/download/per_physikalische-zeitschrift_physikalische-zeitschrift_1934-06-01_11/per_physikalische-zeitschrift_physikalische-zeitschrift_1934-06-01_11_djvu.txt	?	-
per_physikalische-zeitschrift_physikalische-zeitschrift_1934-06-15_12	https://archive.org/download/per_physikalische-zeitschrift_physikalische-zeitschrift_1934-06-15_12/per_physikalische-zeitschrift_physikalische-zeitschrift_1934-06-15_12_djvu.txt	?	-
per_physikalische-zeitschrift_physikalische-zeitschrift_1934-07-01_13	https://archive.org/download/per_physikalische-zeitschrift_physikalische-zeitschrift_1934-07-01_13/per_physikalische-zeitschrift_physikalische-zeitschrift_1934-07-01_13_djvu.txt	?	-
per_physikalische-zeitschrift_physikalische-zeitschrift_1934-08-01_14-15	https://archive.org/download/per_physikalische-zeitschrift_physikalische-zeitschrift_1934-08-01_14-15/per_physikalische-zeitschrift_physikalische-zeitschrift_1934-08-01_14-15_djvu.txt	?	-
per_physikalische-zeitschrift_physikalische-zeitschrift_1934-08-15_16	https://archive.org/download/per_physikalische-zeitschrift_physikalische-zeitschrift_1934-08-15_16/per_physikalische-zeitschrift_physikalische-zeitschrift_1934-08-15_16_djvu.txt	?	-
per_physikalische-zeitschrift_physikalische-zeitschrift_1934-09-01_17	https://archive.org/download/per_physikalische-zeitschrift_physikalische-zeitschrift_1934-09-01_17/per_physikalische-zeitschrift_physikalische-zeitschrift_1934-09-01_17_djvu.txt	?	-
per_physikalische-zeitschrift_physikalische-zeitschrift_1934-09-15_18	https://archive.org/download/per_physikalische-zeitschrift_physikalische-zeitschrift_1934-09-15_18/per_physikalische-zeitschrift_physikalische-zeitschrift_1934-09-15_18_djvu.txt	?	-
per_physikalische-zeitschrift_physikalische-zeitschrift_1934-10-01_19	https://archive.org/download/per_physikalische-zeitschrift_physikalische-zeitschrift_1934-10-01_19/per_physikalische-zeitschrift_physikalische-zeitschrift_1934-10-01_19_djvu.txt	?	-
per_physikalische-zeitschrift_physikalische-zeitschrift_1934-10-15_20	https://archive.org/download/per_physikalische-zeitschrift_physikalische-zeitschrift_1934-10-15_20/per_physikalische-zeitschrift_physikalische-zeitschrift_1934-10-15_20_djvu.txt	?	-
per_physikalische-zeitschrift_physikalische-zeitschrift_1934-11-01_21	https://archive.org/download/per_physikalische-zeitschrift_physikalische-zeitschrift_1934-11-01_21/per_physikalische-zeitschrift_physikalische-zeitschrift_1934-11-01_21_djvu.txt	?	-
per_physikalische-zeitschrift_physikalische-zeitschrift_1934-11-15_22	https://archive.org/download/per_physikalische-zeitschrift_physikalische-zeitschrift_1934-11-15_22/per_physikalische-zeitschrift_physikalische-zeitschrift_1934-11-15_22_djvu.txt	?	-
per_physikalische-zeitschrift_physikalische-zeitschrift_1934-12-01_23	https://archive.org/download/per_physikalische-zeitschrift_physikalische-zeitschrift_1934-12-01_23/per_physikalische-zeitschrift_physikalische-zeitschrift_1934-12-01_23_djvu.txt	?	-
per_physikalische-zeitschrift_physikalische-zeitschrift_1934-12-15_24	https://archive.org/download/per_physikalische-zeitschrift_physikalische-zeitschrift_1934-12-15_24/per_physikalische-zeitschrift_physikalische-zeitschrift_1934-12-15_24_djvu.txt	?	-
per_physikalische-zeitschrift_physikalische-zeitschrift_1935-01-01_1	https://archive.org/download/per_physikalische-zeitschrift_physikalische-zeitschrift_1935-01-01_1/per_physikalische-zeitschrift_physikalische-zeitschrift_1935-01-01_1_djvu.txt	?	-
per_physikalische-zeitschrift_physikalische-zeitschrift_1935-01-15_2	https://archive.org/download/per_physikalische-zeitschrift_physikalische-zeitschrift_1935-01-15_2/per_physikalische-zeitschrift_physikalische-zeitschrift_1935-01-15_2_djvu.txt	?	-
per_physikalische-zeitschrift_physikalische-zeitschrift_1935-02-01_3	https://archive.org/download/per_physikalische-zeitschrift_physikalische-zeitschrift_1935-02-01_3/per_physikalische-zeitschrift_physikalische-zeitschrift_1935-02-01_3_djvu.txt	?	-
per_physikalische-zeitschrift_physikalische-zeitschrift_1935-02-15_4	https://archive.org/download/per_physikalische-zeitschrift_physikalische-zeitschrift_1935-02-15_4/per_physikalische-zeitschrift_physikalische-zeitschrift_1935-02-15_4_djvu.txt	?	-
per_physikalische-zeitschrift_physikalische-zeitschrift_1935-03-01_5	https://archive.org/download/per_physikalische-zeitschrift_physikalische-zeitschrift_1935-03-01_5/per_physikalische-zeitschrift_physikalische-zeitschrift_1935-03-01_5_djvu.txt	?	-
per_physikalische-zeitschrift_physikalische-zeitschrift_1935-03-15_6	https://archive.org/download/per_physikalische-zeitschrift_physikalische-zeitschrift_1935-03-15_6/per_physikalische-zeitschrift_physikalische-zeitschrift_1935-03-15_6_djvu.txt	?	-
per_physikalische-zeitschrift_physikalische-zeitschrift_1935-04-01_7	https://archive.org/download/per_physikalische-zeitschrift_physikalische-zeitschrift_1935-04-01_7/per_physikalische-zeitschrift_physikalische-zeitschrift_1935-04-01_7_djvu.txt	?	-
per_physikalische-zeitschrift_physikalische-zeitschrift_1935-04-15_8	https://archive.org/download/per_physikalische-zeitschrift_physikalische-zeitschrift_1935-04-15_8/per_physikalische-zeitschrift_physikalische-zeitschrift_1935-04-15_8_djvu.txt	?	-
per_physikalische-zeitschrift_physikalische-zeitschrift_1935-05-01_9	https://archive.org/download/per_physikalische-zeitschrift_physikalische-zeitschrift_1935-05-01_9/per_physikalische-zeitschrift_physikalische-zeitschrift_1935-05-01_9_djvu.txt	?	-
per_physikalische-zeitschrift_physikalische-zeitschrift_1935-05-15_10	https://archive.org/download/per_physikalische-zeitschrift_physikalische-zeitschrift_1935-05-15_10/per_physikalische-zeitschrift_physikalische-zeitschrift_1935-05-15_10_djvu.txt	?	-
per_physikalische-zeitschrift_physikalische-zeitschrift_1935-06-01_11	https://archive.org/download/per_physikalische-zeitschrift_physikalische-zeitschrift_1935-06-01_11/per_physikalische-zeitschrift_physikalische-zeitschrift_1935-06-01_11_djvu.txt	?	-
per_physikalische-zeitschrift_physikalische-zeitschrift_1935-06-15_12	https://archive.org/download/per_physikalische-zeitschrift_physikalische-zeitschrift_1935-06-15_12/per_physikalische-zeitschrift_physikalische-zeitschrift_1935-06-15_12_djvu.txt	?	-
per_physikalische-zeitschrift_physikalische-zeitschrift_1935-07-01_13	https://archive.org/download/per_physikalische-zeitschrift_physikalische-zeitschrift_1935-07-01_13/per_physikalische-zeitschrift_physikalische-zeitschrift_1935-07-01_13_djvu.txt	?	-
per_physikalische-zeitschrift_physikalische-zeitschrift_1935-07-15_14	https://archive.org/download/per_physikalische-zeitschrift_physikalische-zeitschrift_1935-07-15_14/per_physikalische-zeitschrift_physikalische-zeitschrift_1935-07-15_14_djvu.txt	?	-
per_physikalische-zeitschrift_physikalische-zeitschrift_1935-08-01_15	https://archive.org/download/per_physikalische-zeitschrift_physikalische-zeitschrift_1935-08-01_15/per_physikalische-zeitschrift_physikalische-zeitschrift_1935-08-01_15_djvu.txt	?	-
per_physikalische-zeitschrift_physikalische-zeitschrift_1935-08-15_16	https://archive.org/download/per_physikalische-zeitschrift_physikalische-zeitschrift_1935-08-15_16/per_physikalische-zeitschrift_physikalische-zeitschrift_1935-08-15_16_djvu.txt	?	-
per_physikalische-zeitschrift_physikalische-zeitschrift_1935-09-01_17	https://archive.org/download/per_physikalische-zeitschrift_physikalische-zeitschrift_1935-09-01_17/per_physikalische-zeitschrift_physikalische-zeitschrift_1935-09-01_17_djvu.txt	?	-
per_physikalische-zeitschrift_physikalische-zeitschrift_1935-09-15_18	https://archive.org/download/per_physikalische-zeitschrift_physikalische-zeitschrift_1935-09-15_18/per_physikalische-zeitschrift_physikalische-zeitschrift_1935-09-15_18_djvu.txt	?	-
per_physikalische-zeitschrift_physikalische-zeitschrift_1935-10-01_19	https://archive.org/download/per_physikalische-zeitschrift_physikalische-zeitschrift_1935-10-01_19/per_physikalische-zeitschrift_physikalische-zeitschrift_1935-10-01_19_djvu.txt	?	-
per_physikalische-zeitschrift_physikalische-zeitschrift_1935-10-15_20	https://archive.org/download/per_physikalische-zeitschrift_physikalische-zeitschrift_1935-10-15_20/per_physikalische-zeitschrift_physikalische-zeitschrift_1935-10-15_20_djvu.txt	?	-
per_physikalische-zeitschrift_physikalische-zeitschrift_1935-11-01_21	https://archive.org/download/per_physikalische-zeitschrift_physikalische-zeitschrift_1935-11-01_21/per_physikalische-zeitschrift_physikalische-zeitschrift_1935-11-01_21_djvu.txt	?	-
per_physikalische-zeitschrift_physikalische-zeitschrift_1935-12-01_22-23	https://archive.org/download/per_physikalische-zeitschrift_physikalische-zeitschrift_1935-12-01_22-23/per_physikalische-zeitschrift_physikalische-zeitschrift_1935-12-01_22-23_djvu.txt	?	-
per_physikalische-zeitschrift_physikalische-zeitschrift_1935-12-15_24	https://archive.org/download/per_physikalische-zeitschrift_physikalische-zeitschrift_1935-12-15_24/per_physikalische-zeitschrift_physikalische-zeitschrift_1935-12-15_24_djvu.txt	?	-
per_physikalische-zeitschrift_physikalische-zeitschrift_1936-01-01_1	https://archive.org/download/per_physikalische-zeitschrift_physikalische-zeitschrift_1936-01-01_1/per_physikalische-zeitschrift_physikalische-zeitschrift_1936-01-01_1_djvu.txt	?	-
per_physikalische-zeitschrift_physikalische-zeitschrift_1936-01-15_2	https://archive.org/download/per_physikalische-zeitschrift_physikalische-zeitschrift_1936-01-15_2/per_physikalische-zeitschrift_physikalische-zeitschrift_1936-01-15_2_djvu.txt	?	-
per_physikalische-zeitschrift_physikalische-zeitschrift_1936-02-01_3	https://archive.org/download/per_physikalische-zeitschrift_physikalische-zeitschrift_1936-02-01_3/per_physikalische-zeitschrift_physikalische-zeitschrift_1936-02-01_3_djvu.txt	?	-
per_physikalische-zeitschrift_physikalische-zeitschrift_1936-02-15_4	https://archive.org/download/per_physikalische-zeitschrift_physikalische-zeitschrift_1936-02-15_4/per_physikalische-zeitschrift_physikalische-zeitschrift_1936-02-15_4_djvu.txt	?	-
per_physikalische-zeitschrift_physikalische-zeitschrift_1936-03-01_5	https://archive.org/download/per_physikalische-zeitschrift_physikalische-zeitschrift_1936-03-01_5/per_physikalische-zeitschrift_physikalische-zeitschrift_1936-03-01_5_djvu.txt	?	-
per_physikalische-zeitschrift_physikalische-zeitschrift_1936-03-15_6	https://archive.org/download/per_physikalische-zeitschrift_physikalische-zeitschrift_1936-03-15_6/per_physikalische-zeitschrift_physikalische-zeitschrift_1936-03-15_6_djvu.txt	?	-
per_physikalische-zeitschrift_physikalische-zeitschrift_1936-04-01_7	https://archive.org/download/per_physikalische-zeitschrift_physikalische-zeitschrift_1936-04-01_7/per_physikalische-zeitschrift_physikalische-zeitschrift_1936-04-01_7_djvu.txt	?	-
per_physikalische-zeitschrift_physikalische-zeitschrift_1936-04-15_8	https://archive.org/download/per_physikalische-zeitschrift_physikalische-zeitschrift_1936-04-15_8/per_physikalische-zeitschrift_physikalische-zeitschrift_1936-04-15_8_djvu.txt	?	-
per_physikalische-zeitschrift_physikalische-zeitschrift_1936-05-01_9	https://archive.org/download/per_physikalische-zeitschrift_physikalische-zeitschrift_1936-05-01_9/per_physikalische-zeitschrift_physikalische-zeitschrift_1936-05-01_9_djvu.txt	?	-
per_physikalische-zeitschrift_physikalische-zeitschrift_1936-05-15_10	https://archive.org/download/per_physikalische-zeitschrift_physikalische-zeitschrift_1936-05-15_10/per_physikalische-zeitschrift_physikalische-zeitschrift_1936-05-15_10_djvu.txt	?	-
per_physikalische-zeitschrift_physikalische-zeitschrift_1936-06-01_11	https://archive.org/download/per_physikalische-zeitschrift_physikalische-zeitschrift_1936-06-01_11/per_physikalische-zeitschrift_physikalische-zeitschrift_1936-06-01_11_djvu.txt	?	-
per_physikalische-zeitschrift_physikalische-zeitschrift_1936-06-15_12	https://archive.org/download/per_physikalische-zeitschrift_physikalische-zeitschrift_1936-06-15_12/per_physikalische-zeitschrift_physikalische-zeitschrift_1936-06-15_12_djvu.txt	?	-
per_physikalische-zeitschrift_physikalische-zeitschrift_1936-07-01_13	https://archive.org/download/per_physikalische-zeitschrift_physikalische-zeitschrift_1936-07-01_13/per_physikalische-zeitschrift_physikalische-zeitschrift_1936-07-01_13_djvu.txt	?	-
per_physikalische-zeitschrift_physikalische-zeitschrift_1936-07-15_14	https://archive.org/download/per_physikalische-zeitschrift_physikalische-zeitschrift_1936-07-15_14/per_physikalische-zeitschrift_physikalische-zeitschrift_1936-07-15_14_djvu.txt	?	-
per_physikalische-zeitschrift_physikalische-zeitschrift_1936-08-01_15	https://archive.org/download/per_physikalische-zeitschrift_physikalische-zeitschrift_1936-08-01_15/per_physikalische-zeitschrift_physikalische-zeitschrift_1936-08-01_15_djvu.txt	?	-
per_physikalische-zeitschrift_physikalische-zeitschrift_1936-08-15_16	https://archive.org/download/per_physikalische-zeitschrift_physikalische-zeitschrift_1936-08-15_16/per_physikalische-zeitschrift_physikalische-zeitschrift_1936-08-15_16_djvu.txt	?	-
per_physikalische-zeitschrift_physikalische-zeitschrift_1936-09-01_17	https://archive.org/download/per_physikalische-zeitschrift_physikalische-zeitschrift_1936-09-01_17/per_physikalische-zeitschrift_physikalische-zeitschrift_1936-09-01_17_djvu.txt	?	-
per_physikalische-zeitschrift_physikalische-zeitschrift_1936-09-15_18	https://archive.org/download/per_physikalische-zeitschrift_physikalische-zeitschrift_1936-09-15_18/per_physikalische-zeitschrift_physikalische-zeitschrift_1936-09-15_18_djvu.txt	?	-
per_physikalische-zeitschrift_physikalische-zeitschrift_1936-10-01_19	https://archive.org/download/per_physikalische-zeitschrift_physikalische-zeitschrift_1936-10-01_19/per_physikalische-zeitschrift_physikalische-zeitschrift_1936-10-01_19_djvu.txt	?	-
per_physikalische-zeitschrift_physikalische-zeitschrift_1936-10-15_20	https://archive.org/download/per_physikalische-zeitschrift_physikalische-zeitschrift_1936-10-15_20/per_physikalische-zeitschrift_physikalische-zeitschrift_1936-10-15_20_djvu.txt	?	-
per_physikalische-zeitschrift_physikalische-zeitschrift_1936-11-01_21	https://archive.org/download/per_physikalische-zeitschrift_physikalische-zeitschrift_1936-11-01_21/per_physikalische-zeitschrift_physikalische-zeitschrift_1936-11-01_21_djvu.txt	?	-
per_physikalische-zeitschrift_physikalische-zeitschrift_1936-12-01_22-23	https://archive.org/download/per_physikalische-zeitschrift_physikalische-zeitschrift_1936-12-01_22-23/per_physikalische-zeitschrift_physikalische-zeitschrift_1936-12-01_22-23_djvu.txt	?	-
per_physikalische-zeitschrift_physikalische-zeitschrift_1936-12-15_24	https://archive.org/download/per_physikalische-zeitschrift_physikalische-zeitschrift_1936-12-15_24/per_physikalische-zeitschrift_physikalische-zeitschrift_1936-12-15_24_djvu.txt	?	-
per_physikalische-zeitschrift_physikalische-zeitschrift_1937-01-01_1	https://archive.org/download/per_physikalische-zeitschrift_physikalische-zeitschrift_1937-01-01_1/per_physikalische-zeitschrift_physikalische-zeitschrift_1937-01-01_1_djvu.txt	?	-
per_physikalische-zeitschrift_physikalische-zeitschrift_1937-01-15_2	https://archive.org/download/per_physikalische-zeitschrift_physikalische-zeitschrift_1937-01-15_2/per_physikalische-zeitschrift_physikalische-zeitschrift_1937-01-15_2_djvu.txt	?	-
per_physikalische-zeitschrift_physikalische-zeitschrift_1937-02-01_3	https://archive.org/download/per_physikalische-zeitschrift_physikalische-zeitschrift_1937-02-01_3/per_physikalische-zeitschrift_physikalische-zeitschrift_1937-02-01_3_djvu.txt	?	-
per_physikalische-zeitschrift_physikalische-zeitschrift_1937-02-15_4	https://archive.org/download/per_physikalische-zeitschrift_physikalische-zeitschrift_1937-02-15_4/per_physikalische-zeitschrift_physikalische-zeitschrift_1937-02-15_4_djvu.txt	?	-
per_physikalische-zeitschrift_physikalische-zeitschrift_1937-03-01_5	https://archive.org/download/per_physikalische-zeitschrift_physikalische-zeitschrift_1937-03-01_5/per_physikalische-zeitschrift_physikalische-zeitschrift_1937-03-01_5_djvu.txt	?	-
per_physikalische-zeitschrift_physikalische-zeitschrift_1937-03-15_6	https://archive.org/download/per_physikalische-zeitschrift_physikalische-zeitschrift_1937-03-15_6/per_physikalische-zeitschrift_physikalische-zeitschrift_1937-03-15_6_djvu.txt	?	-
per_physikalische-zeitschrift_physikalische-zeitschrift_1937-04-01_7	https://archive.org/download/per_physikalische-zeitschrift_physikalische-zeitschrift_1937-04-01_7/per_physikalische-zeitschrift_physikalische-zeitschrift_1937-04-01_7_djvu.txt	?	-
per_physikalische-zeitschrift_physikalische-zeitschrift_1937-04-15_8	https://archive.org/download/per_physikalische-zeitschrift_physikalische-zeitschrift_1937-04-15_8/per_physikalische-zeitschrift_physikalische-zeitschrift_1937-04-15_8_djvu.txt	?	-
per_physikalische-zeitschrift_physikalische-zeitschrift_1937-05-01_9	https://archive.org/download/per_physikalische-zeitschrift_physikalische-zeitschrift_1937-05-01_9/per_physikalische-zeitschrift_physikalische-zeitschrift_1937-05-01_9_djvu.txt	?	-
per_physikalische-zeitschrift_physikalische-zeitschrift_1937-05-15_10	https://archive.org/download/per_physikalische-zeitschrift_physikalische-zeitschrift_1937-05-15_10/per_physikalische-zeitschrift_physikalische-zeitschrift_1937-05-15_10_djvu.txt	?	-
per_physikalische-zeitschrift_physikalische-zeitschrift_1937-06-01_11	https://archive.org/download/per_physikalische-zeitschrift_physikalische-zeitschrift_1937-06-01_11/per_physikalische-zeitschrift_physikalische-zeitschrift_1937-06-01_11_djvu.txt	?	-
per_physikalische-zeitschrift_physikalische-zeitschrift_1937-06-15_12	https://archive.org/download/per_physikalische-zeitschrift_physikalische-zeitschrift_1937-06-15_12/per_physikalische-zeitschrift_physikalische-zeitschrift_1937-06-15_12_djvu.txt	?	-
per_physikalische-zeitschrift_physikalische-zeitschrift_1937-07-15_13-14	https://archive.org/download/per_physikalische-zeitschrift_physikalische-zeitschrift_1937-07-15_13-14/per_physikalische-zeitschrift_physikalische-zeitschrift_1937-07-15_13-14_djvu.txt	?	-
per_physikalische-zeitschrift_physikalische-zeitschrift_1937-08-01_15	https://archive.org/download/per_physikalische-zeitschrift_physikalische-zeitschrift_1937-08-01_15/per_physikalische-zeitschrift_physikalische-zeitschrift_1937-08-01_15_djvu.txt	?	-
per_physikalische-zeitschrift_physikalische-zeitschrift_1937-08-15_16	https://archive.org/download/per_physikalische-zeitschrift_physikalische-zeitschrift_1937-08-15_16/per_physikalische-zeitschrift_physikalische-zeitschrift_1937-08-15_16_djvu.txt	?	-
per_physikalische-zeitschrift_physikalische-zeitschrift_1937-09-01_17	https://archive.org/download/per_physikalische-zeitschrift_physikalische-zeitschrift_1937-09-01_17/per_physikalische-zeitschrift_physikalische-zeitschrift_1937-09-01_17_djvu.txt	?	-
per_physikalische-zeitschrift_physikalische-zeitschrift_1937-09-15_18	https://archive.org/download/per_physikalische-zeitschrift_physikalische-zeitschrift_1937-09-15_18/per_physikalische-zeitschrift_physikalische-zeitschrift_1937-09-15_18_djvu.txt	?	-
per_physikalische-zeitschrift_physikalische-zeitschrift_1937-10-01_19	https://archive.org/download/per_physikalische-zeitschrift_physikalische-zeitschrift_1937-10-01_19/per_physikalische-zeitschrift_physikalische-zeitschrift_1937-10-01_19_djvu.txt	?	-
per_physikalische-zeitschrift_physikalische-zeitschrift_1937-10-15_20	https://archive.org/download/per_physikalische-zeitschrift_physikalische-zeitschrift_1937-10-15_20/per_physikalische-zeitschrift_physikalische-zeitschrift_1937-10-15_20_djvu.txt	?	-
per_physikalische-zeitschrift_physikalische-zeitschrift_1937-11-01_21	https://archive.org/download/per_physikalische-zeitschrift_physikalische-zeitschrift_1937-11-01_21/per_physikalische-zeitschrift_physikalische-zeitschrift_1937-11-01_21_djvu.txt	?	-
per_physikalische-zeitschrift_physikalische-zeitschrift_1937-11-15_22	https://archive.org/download/per_physikalische-zeitschrift_physikalische-zeitschrift_1937-11-15_22/per_physikalische-zeitschrift_physikalische-zeitschrift_1937-11-15_22_djvu.txt	?	-
per_physikalische-zeitschrift_physikalische-zeitschrift_1937-12-01_23	https://archive.org/download/per_physikalische-zeitschrift_physikalische-zeitschrift_1937-12-01_23/per_physikalische-zeitschrift_physikalische-zeitschrift_1937-12-01_23_djvu.txt	?	-
per_physikalische-zeitschrift_physikalische-zeitschrift_1937-12-15_24	https://archive.org/download/per_physikalische-zeitschrift_physikalische-zeitschrift_1937-12-15_24/per_physikalische-zeitschrift_physikalische-zeitschrift_1937-12-15_24_djvu.txt	?	-
per_physikalische-zeitschrift_physikalische-zeitschrift_1938-01-01_1	https://archive.org/download/per_physikalische-zeitschrift_physikalische-zeitschrift_1938-01-01_1/per_physikalische-zeitschrift_physikalische-zeitschrift_1938-01-01_1_djvu.txt	?	-
per_physikalische-zeitschrift_physikalische-zeitschrift_1938-01-15_2	https://archive.org/download/per_physikalische-zeitschrift_physikalische-zeitschrift_1938-01-15_2/per_physikalische-zeitschrift_physikalische-zeitschrift_1938-01-15_2_djvu.txt	?	-
per_physikalische-zeitschrift_physikalische-zeitschrift_1938-02-01_3	https://archive.org/download/per_physikalische-zeitschrift_physikalische-zeitschrift_1938-02-01_3/per_physikalische-zeitschrift_physikalische-zeitschrift_1938-02-01_3_djvu.txt	?	-
per_physikalische-zeitschrift_physikalische-zeitschrift_1938-02-15_4	https://archive.org/download/per_physikalische-zeitschrift_physikalische-zeitschrift_1938-02-15_4/per_physikalische-zeitschrift_physikalische-zeitschrift_1938-02-15_4_djvu.txt	?	-
per_physikalische-zeitschrift_physikalische-zeitschrift_1938-03-01_5	https://archive.org/download/per_physikalische-zeitschrift_physikalische-zeitschrift_1938-03-01_5/per_physikalische-zeitschrift_physikalische-zeitschrift_1938-03-01_5_djvu.txt	?	-
per_physikalische-zeitschrift_physikalische-zeitschrift_1938-03-15_6	https://archive.org/download/per_physikalische-zeitschrift_physikalische-zeitschrift_1938-03-15_6/per_physikalische-zeitschrift_physikalische-zeitschrift_1938-03-15_6_djvu.txt	?	-
per_physikalische-zeitschrift_physikalische-zeitschrift_1938-04-01_7	https://archive.org/download/per_physikalische-zeitschrift_physikalische-zeitschrift_1938-04-01_7/per_physikalische-zeitschrift_physikalische-zeitschrift_1938-04-01_7_djvu.txt	?	-
per_physikalische-zeitschrift_physikalische-zeitschrift_1938-04-15_8	https://archive.org/download/per_physikalische-zeitschrift_physikalische-zeitschrift_1938-04-15_8/per_physikalische-zeitschrift_physikalische-zeitschrift_1938-04-15_8_djvu.txt	?	-
per_physikalische-zeitschrift_physikalische-zeitschrift_1938-05-01_9	https://archive.org/download/per_physikalische-zeitschrift_physikalische-zeitschrift_1938-05-01_9/per_physikalische-zeitschrift_physikalische-zeitschrift_1938-05-01_9_djvu.txt	?	-
per_physikalische-zeitschrift_physikalische-zeitschrift_1938-05-15_10	https://archive.org/download/per_physikalische-zeitschrift_physikalische-zeitschrift_1938-05-15_10/per_physikalische-zeitschrift_physikalische-zeitschrift_1938-05-15_10_djvu.txt	?	-
per_physikalische-zeitschrift_physikalische-zeitschrift_1938-06-01_11	https://archive.org/download/per_physikalische-zeitschrift_physikalische-zeitschrift_1938-06-01_11/per_physikalische-zeitschrift_physikalische-zeitschrift_1938-06-01_11_djvu.txt	?	-
per_physikalische-zeitschrift_physikalische-zeitschrift_1938-06-15_12	https://archive.org/download/per_physikalische-zeitschrift_physikalische-zeitschrift_1938-06-15_12/per_physikalische-zeitschrift_physikalische-zeitschrift_1938-06-15_12_djvu.txt	?	-
per_physikalische-zeitschrift_physikalische-zeitschrift_1938-07-01_13	https://archive.org/download/per_physikalische-zeitschrift_physikalische-zeitschrift_1938-07-01_13/per_physikalische-zeitschrift_physikalische-zeitschrift_1938-07-01_13_djvu.txt	?	-
per_physikalische-zeitschrift_physikalische-zeitschrift_1938-07-15_14	https://archive.org/download/per_physikalische-zeitschrift_physikalische-zeitschrift_1938-07-15_14/per_physikalische-zeitschrift_physikalische-zeitschrift_1938-07-15_14_djvu.txt	?	-
per_physikalische-zeitschrift_physikalische-zeitschrift_1938-08-01_15	https://archive.org/download/per_physikalische-zeitschrift_physikalische-zeitschrift_1938-08-01_15/per_physikalische-zeitschrift_physikalische-zeitschrift_1938-08-01_15_djvu.txt	?	-
per_physikalische-zeitschrift_physikalische-zeitschrift_1938-08-15_16	https://archive.org/download/per_physikalische-zeitschrift_physikalische-zeitschrift_1938-08-15_16/per_physikalische-zeitschrift_physikalische-zeitschrift_1938-08-15_16_djvu.txt	?	-
per_physikalische-zeitschrift_physikalische-zeitschrift_1938-09-15_17-18	https://archive.org/download/per_physikalische-zeitschrift_physikalische-zeitschrift_1938-09-15_17-18/per_physikalische-zeitschrift_physikalische-zeitschrift_1938-09-15_17-18_djvu.txt	?	-
per_physikalische-zeitschrift_physikalische-zeitschrift_1938-10-01_19	https://archive.org/download/per_physikalische-zeitschrift_physikalische-zeitschrift_1938-10-01_19/per_physikalische-zeitschrift_physikalische-zeitschrift_1938-10-01_19_djvu.txt	?	-
per_physikalische-zeitschrift_physikalische-zeitschrift_1938-10-15_20	https://archive.org/download/per_physikalische-zeitschrift_physikalische-zeitschrift_1938-10-15_20/per_physikalische-zeitschrift_physikalische-zeitschrift_1938-10-15_20_djvu.txt	?	-
per_physikalische-zeitschrift_physikalische-zeitschrift_1938-11-01_21	https://archive.org/download/per_physikalische-zeitschrift_physikalische-zeitschrift_1938-11-01_21/per_physikalische-zeitschrift_physikalische-zeitschrift_1938-11-01_21_djvu.txt	?	-
per_physikalische-zeitschrift_physikalische-zeitschrift_1938-11-15_22	https://archive.org/download/per_physikalische-zeitschrift_physikalische-zeitschrift_1938-11-15_22/per_physikalische-zeitschrift_physikalische-zeitschrift_1938-11-15_22_djvu.txt	?	-
per_physikalische-zeitschrift_physikalische-zeitschrift_1938-12-15_23-24	https://archive.org/download/per_physikalische-zeitschrift_physikalische-zeitschrift_1938-12-15_23-24/per_physikalische-zeitschrift_physikalische-zeitschrift_1938-12-15_23-24_djvu.txt	?	-
per_physikalische-zeitschrift_physikalische-zeitschrift_1939-01-01_1	https://archive.org/download/per_physikalische-zeitschrift_physikalische-zeitschrift_1939-01-01_1/per_physikalische-zeitschrift_physikalische-zeitschrift_1939-01-01_1_djvu.txt	?	-
per_physikalische-zeitschrift_physikalische-zeitschrift_1939-01-15_2	https://archive.org/download/per_physikalische-zeitschrift_physikalische-zeitschrift_1939-01-15_2/per_physikalische-zeitschrift_physikalische-zeitschrift_1939-01-15_2_djvu.txt	?	-
per_physikalische-zeitschrift_physikalische-zeitschrift_1939-02-01_3	https://archive.org/download/per_physikalische-zeitschrift_physikalische-zeitschrift_1939-02-01_3/per_physikalische-zeitschrift_physikalische-zeitschrift_1939-02-01_3_djvu.txt	?	-
per_physikalische-zeitschrift_physikalische-zeitschrift_1939-02-15_4	https://archive.org/download/per_physikalische-zeitschrift_physikalische-zeitschrift_1939-02-15_4/per_physikalische-zeitschrift_physikalische-zeitschrift_1939-02-15_4_djvu.txt	?	-
per_physikalische-zeitschrift_physikalische-zeitschrift_1939-03-01_5	https://archive.org/download/per_physikalische-zeitschrift_physikalische-zeitschrift_1939-03-01_5/per_physikalische-zeitschrift_physikalische-zeitschrift_1939-03-01_5_djvu.txt	?	-
per_physikalische-zeitschrift_physikalische-zeitschrift_1939-03-15_6	https://archive.org/download/per_physikalische-zeitschrift_physikalische-zeitschrift_1939-03-15_6/per_physikalische-zeitschrift_physikalische-zeitschrift_1939-03-15_6_djvu.txt	?	-
per_physikalische-zeitschrift_physikalische-zeitschrift_1939-04-01_7	https://archive.org/download/per_physikalische-zeitschrift_physikalische-zeitschrift_1939-04-01_7/per_physikalische-zeitschrift_physikalische-zeitschrift_1939-04-01_7_djvu.txt	?	-
per_physikalische-zeitschrift_physikalische-zeitschrift_1939-04-15_8	https://archive.org/download/per_physikalische-zeitschrift_physikalische-zeitschrift_1939-04-15_8/per_physikalische-zeitschrift_physikalische-zeitschrift_1939-04-15_8_djvu.txt	?	-
per_physikalische-zeitschrift_physikalische-zeitschrift_1939-05-01_9	https://archive.org/download/per_physikalische-zeitschrift_physikalische-zeitschrift_1939-05-01_9/per_physikalische-zeitschrift_physikalische-zeitschrift_1939-05-01_9_djvu.txt	?	-
per_physikalische-zeitschrift_physikalische-zeitschrift_1939-05-15_10	https://archive.org/download/per_physikalische-zeitschrift_physikalische-zeitschrift_1939-05-15_10/per_physikalische-zeitschrift_physikalische-zeitschrift_1939-05-15_10_djvu.txt	?	-
per_physikalische-zeitschrift_physikalische-zeitschrift_1939-06-01_11	https://archive.org/download/per_physikalische-zeitschrift_physikalische-zeitschrift_1939-06-01_11/per_physikalische-zeitschrift_physikalische-zeitschrift_1939-06-01_11_djvu.txt	?	-
per_physikalische-zeitschrift_physikalische-zeitschrift_1939-06-15_12	https://archive.org/download/per_physikalische-zeitschrift_physikalische-zeitschrift_1939-06-15_12/per_physikalische-zeitschrift_physikalische-zeitschrift_1939-06-15_12_djvu.txt	?	-
