key	date	precision	year	volume	title	language
per_physikalische-zeitschrift_physikalische-zeitschrift_1899-10-01_1-2	1899-10-01	day	1899		Physikalische Zeitschrift 1899-10-01: Iss 1-2	German
per_physikalische-zeitschrift_physikalische-zeitschrift_1899-10-14_3	1899-10-14	day	1899		Physikalische Zeitschrift 1899-10-14: Iss 3	German
per_physikalische-zeitschrift_physikalische-zeitschrift_1899-10-21_4	1899-10-21	day	1899		Physikalische Zeitschrift 1899-10-21: Iss 4	German
per_physikalische-zeitschrift_physikalische-zeitschrift_1899-10-28_5	1899-10-28	day	1899		Physikalische Zeitschrift 1899-10-28: Iss 5	German
per_physikalische-zeitschrift_physikalische-zeitschrift_1899-11-04_6	1899-11-04	day	1899		Physikalische Zeitschrift 1899-11-04: Iss 6	German
per_physikalische-zeitschrift_physikalische-zeitschrift_1899-11-11_7	1899-11-11	day	1899		Physikalische Zeitschrift 1899-11-11: Iss 7	German
per_physikalische-zeitschrift_physikalische-zeitschrift_1899-11-18_8	1899-11-18	day	1899		Physikalische Zeitschrift 1899-11-18: Iss 8	German
per_physikalische-zeitschrift_physikalische-zeitschrift_1899-11-25_9	1899-11-25	day	1899		Physikalische Zeitschrift 1899-11-25: Iss 9	German
per_physikalische-zeitschrift_physikalische-zeitschrift_1899-12-02_10	1899-12-02	day	1899		Physikalische Zeitschrift 1899-12-02: Iss 10	German
per_physikalische-zeitschrift_physikalische-zeitschrift_1899-12-09_11	1899-12-09	day	1899		Physikalische Zeitschrift 1899-12-09: Iss 11	German
per_physikalische-zeitschrift_physikalische-zeitschrift_1899-12-16_12	1899-12-16	day	1899		Physikalische Zeitschrift 1899-12-16: Iss 12	German
per_physikalische-zeitschrift_physikalische-zeitschrift_1899-12-23_13	1899-12-23	day	1899		Physikalische Zeitschrift 1899-12-23: Iss 13	German
per_physikalische-zeitschrift_physikalische-zeitschrift_1899_index	1899-01-01	year	1899		Physikalische Zeitschrift 1899: Index	German
per_physikalische-zeitschrift_physikalische-zeitschrift_1900-01-06_14	1900-01-06	day	1900		Physikalische Zeitschrift 1900-01-06: Iss 14	German
per_physikalische-zeitschrift_physikalische-zeitschrift_1900-01-13_15	1900-01-13	day	1900		Physikalische Zeitschrift 1900-01-13: Iss 15	German
per_physikalische-zeitschrift_physikalische-zeitschrift_1900-01-20_16	1900-01-20	day	1900		Physikalische Zeitschrift 1900-01-20: Iss 16	German
per_physikalische-zeitschrift_physikalische-zeitschrift_1900-01-27_17	1900-01-27	day	1900		Physikalische Zeitschrift 1900-01-27: Iss 17	German
per_physikalische-zeitschrift_physikalische-zeitschrift_1900-02-03_18	1900-02-03	day	1900		Physikalische Zeitschrift 1900-02-03: Iss 18	German
per_physikalische-zeitschrift_physikalische-zeitschrift_1900-02-10_19	1900-02-10	day	1900		Physikalische Zeitschrift 1900-02-10: Iss 19	German
per_physikalische-zeitschrift_physikalische-zeitschrift_1900-02-17_20	1900-02-17	day	1900		Physikalische Zeitschrift 1900-02-17: Iss 20	German
per_physikalische-zeitschrift_physikalische-zeitschrift_1900-02-24_21	1900-02-24	day	1900		Physikalische Zeitschrift 1900-02-24: Iss 21	German
per_physikalische-zeitschrift_physikalische-zeitschrift_1900-03-03_22	1900-03-03	day	1900		Physikalische Zeitschrift 1900-03-03: Iss 22	German
per_physikalische-zeitschrift_physikalische-zeitschrift_1900-03-10_23	1900-03-10	day	1900		Physikalische Zeitschrift 1900-03-10: Iss 23	German
per_physikalische-zeitschrift_physikalische-zeitschrift_1900-03-17_24	1900-03-17	day	1900		Physikalische Zeitschrift 1900-03-17: Iss 24	German
per_physikalische-zeitschrift_physikalische-zeitschrift_1900-03-24_25	1900-03-24	day	1900		Physikalische Zeitschrift 1900-03-24: Iss 25	German
per_physikalische-zeitschrift_physikalische-zeitschrift_1900-03-31_26	1900-03-31	day	1900		Physikalische Zeitschrift 1900-03-31: Iss 26	German
per_physikalische-zeitschrift_physikalische-zeitschrift_1900-04-07_27	1900-04-07	day	1900		Physikalische Zeitschrift 1900-04-07: Iss 27	German
per_physikalische-zeitschrift_physikalische-zeitschrift_1900-04-14_28	1900-04-14	day	1900		Physikalische Zeitschrift 1900-04-14: Iss 28	German
per_physikalische-zeitschrift_physikalische-zeitschrift_1900-04-21_29	1900-04-21	day	1900		Physikalische Zeitschrift 1900-04-21: Iss 29	German
per_physikalische-zeitschrift_physikalische-zeitschrift_1900-04-28_30	1900-04-28	day	1900		Physikalische Zeitschrift 1900-04-28: Iss 30	German
per_physikalische-zeitschrift_physikalische-zeitschrift_1900-05-05_31	1900-05-05	day	1900		Physikalische Zeitschrift 1900-05-05: Iss 31	German
per_physikalische-zeitschrift_physikalische-zeitschrift_1900-05-12_32	1900-05-12	day	1900		Physikalische Zeitschrift 1900-05-12: Iss 32	German
per_physikalische-zeitschrift_physikalische-zeitschrift_1900-05-19_33	1900-05-19	day	1900		Physikalische Zeitschrift 1900-05-19: Iss 33	German
per_physikalische-zeitschrift_physikalische-zeitschrift_1900-06-02_34-35	1900-06-02	day	1900		Physikalische Zeitschrift 1900-06-02: Iss 34-35	German
per_physikalische-zeitschrift_physikalische-zeitschrift_1900-06-09_36	1900-06-09	day	1900		Physikalische Zeitschrift 1900-06-09: Iss 36	German
per_physikalische-zeitschrift_physikalische-zeitschrift_1900-06-16_37	1900-06-16	day	1900		Physikalische Zeitschrift 1900-06-16: Iss 37	German
per_physikalische-zeitschrift_physikalische-zeitschrift_1900-06-23_38	1900-06-23	day	1900		Physikalische Zeitschrift 1900-06-23: Iss 38	German
per_physikalische-zeitschrift_physikalische-zeitschrift_1900-06-30_39	1900-06-30	day	1900		Physikalische Zeitschrift 1900-06-30: Iss 39	German
per_physikalische-zeitschrift_physikalische-zeitschrift_1900-07-07_40	1900-07-07	day	1900		Physikalische Zeitschrift 1900-07-07: Iss 40	German
per_physikalische-zeitschrift_physikalische-zeitschrift_1900-07-14_41	1900-07-14	day	1900		Physikalische Zeitschrift 1900-07-14: Iss 41	German
per_physikalische-zeitschrift_physikalische-zeitschrift_1900-07-21_42	1900-07-21	day	1900		Physikalische Zeitschrift 1900-07-21: Iss 42	German
per_physikalische-zeitschrift_physikalische-zeitschrift_1900-07-28_43	1900-07-28	day	1900		Physikalische Zeitschrift 1900-07-28: Iss 43	German
per_physikalische-zeitschrift_physikalische-zeitschrift_1900-08-04_44	1900-08-04	day	1900		Physikalische Zeitschrift 1900-08-04: Iss 44	German
per_physikalische-zeitschrift_physikalische-zeitschrift_1900-08-11_45	1900-08-11	day	1900		Physikalische Zeitschrift 1900-08-11: Iss 45	German
per_physikalische-zeitschrift_physikalische-zeitschrift_1900-08-18_46	1900-08-18	day	1900		Physikalische Zeitschrift 1900-08-18: Iss 46	German
per_physikalische-zeitschrift_physikalische-zeitschrift_1900-08-25_47	1900-08-25	day	1900		Physikalische Zeitschrift 1900-08-25: Iss 47	German
per_physikalische-zeitschrift_physikalische-zeitschrift_1900-09-01_48	1900-09-01	day	1900		Physikalische Zeitschrift 1900-09-01: Iss 48	German
per_physikalische-zeitschrift_physikalische-zeitschrift_1900-09-08_49	1900-09-08	day	1900		Physikalische Zeitschrift 1900-09-08: Iss 49	German
per_physikalische-zeitschrift_physikalische-zeitschrift_1900-09-15_50	1900-09-15	day	1900		Physikalische Zeitschrift 1900-09-15: Iss 50	German
per_physikalische-zeitschrift_physikalische-zeitschrift_1900-09-22_51	1900-09-22	day	1900		Physikalische Zeitschrift 1900-09-22: Iss 51	German
per_physikalische-zeitschrift_physikalische-zeitschrift_1900-09-29_52	1900-09-29	day	1900		Physikalische Zeitschrift 1900-09-29: Iss 52	German
per_physikalische-zeitschrift_physikalische-zeitschrift_1900-10-06_1	1900-10-06	day	1900		Physikalische Zeitschrift 1900-10-06: Iss 1	German
per_physikalische-zeitschrift_physikalische-zeitschrift_1900-10-13_2	1900-10-13	day	1900		Physikalische Zeitschrift 1900-10-13: Iss 2	German
per_physikalische-zeitschrift_physikalische-zeitschrift_1900-10-20_3	1900-10-20	day	1900		Physikalische Zeitschrift 1900-10-20: Iss 3	German
per_physikalische-zeitschrift_physikalische-zeitschrift_1900-10-27_4	1900-10-27	day	1900		Physikalische Zeitschrift 1900-10-27: Iss 4	German
per_physikalische-zeitschrift_physikalische-zeitschrift_1900-11-03_5	1900-11-03	day	1900		Physikalische Zeitschrift 1900-11-03: Iss 5	German
per_physikalische-zeitschrift_physikalische-zeitschrift_1900-11-10_6	1900-11-10	day	1900		Physikalische Zeitschrift 1900-11-10: Iss 6	German
per_physikalische-zeitschrift_physikalische-zeitschrift_1900-11-17_7	1900-11-17	day	1900		Physikalische Zeitschrift 1900-11-17: Iss 7	German
per_physikalische-zeitschrift_physikalische-zeitschrift_1900-11-24_8	1900-11-24	day	1900		Physikalische Zeitschrift 1900-11-24: Iss 8	German
per_physikalische-zeitschrift_physikalische-zeitschrift_1900-12-01_9	1900-12-01	day	1900		Physikalische Zeitschrift 1900-12-01: Iss 9	German
per_physikalische-zeitschrift_physikalische-zeitschrift_1900-12-08_10	1900-12-08	day	1900		Physikalische Zeitschrift 1900-12-08: Iss 10	German
per_physikalische-zeitschrift_physikalische-zeitschrift_1900-12-15_11	1900-12-15	day	1900		Physikalische Zeitschrift 1900-12-15: Iss 11	German
per_physikalische-zeitschrift_physikalische-zeitschrift_1900-12-22_12	1900-12-22	day	1900		Physikalische Zeitschrift 1900-12-22: Iss 12	German
per_physikalische-zeitschrift_physikalische-zeitschrift_1900-12-29_13	1900-12-29	day	1900		Physikalische Zeitschrift 1900-12-29: Iss 13	German
per_physikalische-zeitschrift_physikalische-zeitschrift_1900-1901_index	1900-01-01	year	1900		Physikalische Zeitschrift 1900-1901: Index	German
per_physikalische-zeitschrift_physikalische-zeitschrift_1901-01-05_14	1901-01-05	day	1901		Physikalische Zeitschrift 1901-01-05: Iss 14	German
per_physikalische-zeitschrift_physikalische-zeitschrift_1901-01-12_15	1901-01-12	day	1901		Physikalische Zeitschrift 1901-01-12: Iss 15	German
per_physikalische-zeitschrift_physikalische-zeitschrift_1901-01-19_16	1901-01-19	day	1901		Physikalische Zeitschrift 1901-01-19: Iss 16	German
per_physikalische-zeitschrift_physikalische-zeitschrift_1901-01-26_17	1901-01-26	day	1901		Physikalische Zeitschrift 1901-01-26: Iss 17	German
per_physikalische-zeitschrift_physikalische-zeitschrift_1901-02-02_18	1901-02-02	day	1901		Physikalische Zeitschrift 1901-02-02: Iss 18	German
per_physikalische-zeitschrift_physikalische-zeitschrift_1901-02-09_19	1901-02-09	day	1901		Physikalische Zeitschrift 1901-02-09: Iss 19	German
per_physikalische-zeitschrift_physikalische-zeitschrift_1901-02-16_20	1901-02-16	day	1901		Physikalische Zeitschrift 1901-02-16: Iss 20	German
per_physikalische-zeitschrift_physikalische-zeitschrift_1901-02-23_21	1901-02-23	day	1901		Physikalische Zeitschrift 1901-02-23: Iss 21	German
per_physikalische-zeitschrift_physikalische-zeitschrift_1901-03-02_22	1901-03-02	day	1901		Physikalische Zeitschrift 1901-03-02: Iss 22	German
per_physikalische-zeitschrift_physikalische-zeitschrift_1901-03-09_23	1901-03-09	day	1901		Physikalische Zeitschrift 1901-03-09: Iss 23	German
per_physikalische-zeitschrift_physikalische-zeitschrift_1901-03-16_24	1901-03-16	day	1901		Physikalische Zeitschrift 1901-03-16: Iss 24	German
per_physikalische-zeitschrift_physikalische-zeitschrift_1901-03-23_25	1901-03-23	day	1901		Physikalische Zeitschrift 1901-03-23: Iss 25	German
per_physikalische-zeitschrift_physikalische-zeitschrift_1901-03-30_26	1901-03-30	day	1901		Physikalische Zeitschrift 1901-03-30: Iss 26	German
per_physikalische-zeitschrift_physikalische-zeitschrift_1901-04-06_27	1901-04-06	day	1901		Physikalische Zeitschrift 1901-04-06: Iss 27	German
per_physikalische-zeitschrift_physikalische-zeitschrift_1901-04-13_28	1901-04-13	day	1901		Physikalische Zeitschrift 1901-04-13: Iss 28	German
per_physikalische-zeitschrift_physikalische-zeitschrift_1901-04-20_29	1901-04-20	day	1901		Physikalische Zeitschrift 1901-04-20: Iss 29	German
per_physikalische-zeitschrift_physikalische-zeitschrift_1901-04-27_30	1901-04-27	day	1901		Physikalische Zeitschrift 1901-04-27: Iss 30	German
per_physikalische-zeitschrift_physikalische-zeitschrift_1901-05-04_31	1901-05-04	day	1901		Physikalische Zeitschrift 1901-05-04: Iss 31	German
per_physikalische-zeitschrift_physikalische-zeitschrift_1901-05-11_32	1901-05-11	day	1901		Physikalische Zeitschrift 1901-05-11: Iss 32	German
per_physikalische-zeitschrift_physikalische-zeitschrift_1901-05-18_33	1901-05-18	day	1901		Physikalische Zeitschrift 1901-05-18: Iss 33	German
per_physikalische-zeitschrift_physikalische-zeitschrift_1901-05-25_34	1901-05-25	day	1901		Physikalische Zeitschrift 1901-05-25: Iss 34	German
per_physikalische-zeitschrift_physikalische-zeitschrift_1901-06-01_35	1901-06-01	day	1901		Physikalische Zeitschrift 1901-06-01: Iss 35	German
per_physikalische-zeitschrift_physikalische-zeitschrift_1901-06-08_36	1901-06-08	day	1901		Physikalische Zeitschrift 1901-06-08: Iss 36	German
per_physikalische-zeitschrift_physikalische-zeitschrift_1901-06-15_37	1901-06-15	day	1901		Physikalische Zeitschrift 1901-06-15: Iss 37	German
per_physikalische-zeitschrift_physikalische-zeitschrift_1901-06-22_38	1901-06-22	day	1901		Physikalische Zeitschrift 1901-06-22: Iss 38	German
per_physikalische-zeitschrift_physikalische-zeitschrift_1901-06-29_39	1901-06-29	day	1901		Physikalische Zeitschrift 1901-06-29: Iss 39	German
per_physikalische-zeitschrift_physikalische-zeitschrift_1901-07-06_40	1901-07-06	day	1901		Physikalische Zeitschrift 1901-07-06: Iss 40	German
per_physikalische-zeitschrift_physikalische-zeitschrift_1901-07-13_41	1901-07-13	day	1901		Physikalische Zeitschrift 1901-07-13: Iss 41	German
per_physikalische-zeitschrift_physikalische-zeitschrift_1901-07-20_42	1901-07-20	day	1901		Physikalische Zeitschrift 1901-07-20: Iss 42	German
per_physikalische-zeitschrift_physikalische-zeitschrift_1901-07-27_43	1901-07-27	day	1901		Physikalische Zeitschrift 1901-07-27: Iss 43	German
per_physikalische-zeitschrift_physikalische-zeitschrift_1901-08-03_44	1901-08-03	day	1901		Physikalische Zeitschrift 1901-08-03: Iss 44	German
per_physikalische-zeitschrift_physikalische-zeitschrift_1901-08-10_45	1901-08-10	day	1901		Physikalische Zeitschrift 1901-08-10: Iss 45	German
per_physikalische-zeitschrift_physikalische-zeitschrift_1901-08-17_46	1901-08-17	day	1901		Physikalische Zeitschrift 1901-08-17: Iss 46	German
per_physikalische-zeitschrift_physikalische-zeitschrift_1901-08-24_47	1901-08-24	day	1901		Physikalische Zeitschrift 1901-08-24: Iss 47	German
per_physikalische-zeitschrift_physikalische-zeitschrift_1901-08-31_48	1901-08-31	day	1901		Physikalische Zeitschrift 1901-08-31: Iss 48	German
per_physikalische-zeitschrift_physikalische-zeitschrift_1901-09-07_49	1901-09-07	day	1901		Physikalische Zeitschrift 1901-09-07: Iss 49	German
per_physikalische-zeitschrift_physikalische-zeitschrift_1901-09-14_50	1901-09-14	day	1901		Physikalische Zeitschrift 1901-09-14: Iss 50	German
per_physikalische-zeitschrift_physikalische-zeitschrift_1901-09-21_51	1901-09-21	day	1901		Physikalische Zeitschrift 1901-09-21: Iss 51	German
per_physikalische-zeitschrift_physikalische-zeitschrift_1901-09-28_52	1901-09-28	day	1901		Physikalische Zeitschrift 1901-09-28: Iss 52	German
per_physikalische-zeitschrift_physikalische-zeitschrift_1901-10-01_1	1901-10-01	day	1901		Physikalische Zeitschrift 1901-10-01: Iss 1	German
per_physikalische-zeitschrift_physikalische-zeitschrift_1901-10-15_2	1901-10-15	day	1901		Physikalische Zeitschrift 1901-10-15: Iss 2	German
per_physikalische-zeitschrift_physikalische-zeitschrift_1901-11-01_3	1901-11-01	day	1901		Physikalische Zeitschrift 1901-11-01: Iss 3	German
per_physikalische-zeitschrift_physikalische-zeitschrift_1901-11-15_4	1901-11-15	day	1901		Physikalische Zeitschrift 1901-11-15: Iss 4	German
per_physikalische-zeitschrift_physikalische-zeitschrift_1901-12-01_5	1901-12-01	day	1901		Physikalische Zeitschrift 1901-12-01: Iss 5	German
per_physikalische-zeitschrift_physikalische-zeitschrift_1901-12-15_6	1901-12-15	day	1901		Physikalische Zeitschrift 1901-12-15: Iss 6	German
per_physikalische-zeitschrift_physikalische-zeitschrift_1901-1902_index	1901-01-01	year	1901		Physikalische Zeitschrift 1901-1902: Index	German
per_physikalische-zeitschrift_physikalische-zeitschrift_1902-01-01_7	1902-01-01	day	1902		Physikalische Zeitschrift 1902-01-01: Iss 7	German
per_physikalische-zeitschrift_physikalische-zeitschrift_1902-01-15_8	1902-01-15	day	1902		Physikalische Zeitschrift 1902-01-15: Iss 8	German
per_physikalische-zeitschrift_physikalische-zeitschrift_1902-02-01_9	1902-02-01	day	1902		Physikalische Zeitschrift 1902-02-01: Iss 9	German
per_physikalische-zeitschrift_physikalische-zeitschrift_1902-02-15_10	1902-02-15	day	1902		Physikalische Zeitschrift 1902-02-15: Iss 10	German
per_physikalische-zeitschrift_physikalische-zeitschrift_1902-03-01_11	1902-03-01	day	1902		Physikalische Zeitschrift 1902-03-01: Iss 11	German
per_physikalische-zeitschrift_physikalische-zeitschrift_1902-03-15_12	1902-03-15	day	1902		Physikalische Zeitschrift 1902-03-15: Iss 12	German
per_physikalische-zeitschrift_physikalische-zeitschrift_1902-04-01_13	1902-04-01	day	1902		Physikalische Zeitschrift 1902-04-01: Iss 13	German
per_physikalische-zeitschrift_physikalische-zeitschrift_1902-04-15_14	1902-04-15	day	1902		Physikalische Zeitschrift 1902-04-15: Iss 14	German
per_physikalische-zeitschrift_physikalische-zeitschrift_1902-05-01_15	1902-05-01	day	1902		Physikalische Zeitschrift 1902-05-01: Iss 15	German
per_physikalische-zeitschrift_physikalische-zeitschrift_1902-05-15_16	1902-05-15	day	1902		Physikalische Zeitschrift 1902-05-15: Iss 16	German
per_physikalische-zeitschrift_physikalische-zeitschrift_1902-06-01_17	1902-06-01	day	1902		Physikalische Zeitschrift 1902-06-01: Iss 17	German
per_physikalische-zeitschrift_physikalische-zeitschrift_1902-06-15_18	1902-06-15	day	1902		Physikalische Zeitschrift 1902-06-15: Iss 18	German
per_physikalische-zeitschrift_physikalische-zeitschrift_1902-07-01_19	1902-07-01	day	1902		Physikalische Zeitschrift 1902-07-01: Iss 19	German
per_physikalische-zeitschrift_physikalische-zeitschrift_1902-07-15_20	1902-07-15	day	1902		Physikalische Zeitschrift 1902-07-15: Iss 20	German
per_physikalische-zeitschrift_physikalische-zeitschrift_1902-08-01_21	1902-08-01	day	1902		Physikalische Zeitschrift 1902-08-01: Iss 21	German
per_physikalische-zeitschrift_physikalische-zeitschrift_1902-08-15_22	1902-08-15	day	1902		Physikalische Zeitschrift 1902-08-15: Iss 22	German
per_physikalische-zeitschrift_physikalische-zeitschrift_1902-09-01_23	1902-09-01	day	1902		Physikalische Zeitschrift 1902-09-01: Iss 23	German
per_physikalische-zeitschrift_physikalische-zeitschrift_1902-09-15_24	1902-09-15	day	1902		Physikalische Zeitschrift 1902-09-15: Iss 24	German
per_physikalische-zeitschrift_physikalische-zeitschrift_1902-10-01_1	1902-10-01	day	1902		Physikalische Zeitschrift 1902-10-01: Iss 1	German
per_physikalische-zeitschrift_physikalische-zeitschrift_1902-10-15_2	1902-10-15	day	1902		Physikalische Zeitschrift 1902-10-15: Iss 2	German
per_physikalische-zeitschrift_physikalische-zeitschrift_1902-11-01_3	1902-11-01	day	1902		Physikalische Zeitschrift 1902-11-01: Iss 3	German
per_physikalische-zeitschrift_physikalische-zeitschrift_1902-11-15_4	1902-11-15	day	1902		Physikalische Zeitschrift 1902-11-15: Iss 4	German
per_physikalische-zeitschrift_physikalische-zeitschrift_1902-12-01_5	1902-12-01	day	1902		Physikalische Zeitschrift 1902-12-01: Iss 5	German
per_physikalische-zeitschrift_physikalische-zeitschrift_1902-12-15_6	1902-12-15	day	1902		Physikalische Zeitschrift 1902-12-15: Iss 6	German
per_physikalische-zeitschrift_physikalische-zeitschrift_1902-1903_index	1902-01-01	year	1902		Physikalische Zeitschrift 1902-1903: Index	German
per_physikalische-zeitschrift_physikalische-zeitschrift_1903-01-01_7	1903-01-01	day	1903		Physikalische Zeitschrift 1903-01-01: Iss 7	German
per_physikalische-zeitschrift_physikalische-zeitschrift_1903-01-15_8	1903-01-15	day	1903		Physikalische Zeitschrift 1903-01-15: Iss 8	German
per_physikalische-zeitschrift_physikalische-zeitschrift_1903-02-01_9	1903-02-01	day	1903		Physikalische Zeitschrift 1903-02-01: Iss 9	German
per_physikalische-zeitschrift_physikalische-zeitschrift_1903-02-15_10	1903-02-15	day	1903		Physikalische Zeitschrift 1903-02-15: Iss 10	German
per_physikalische-zeitschrift_physikalische-zeitschrift_1903-03-01_11	1903-03-01	day	1903		Physikalische Zeitschrift 1903-03-01: Iss 11	German
per_physikalische-zeitschrift_physikalische-zeitschrift_1903-03-15_12	1903-03-15	day	1903		Physikalische Zeitschrift 1903-03-15: Iss 12	German
per_physikalische-zeitschrift_physikalische-zeitschrift_1903-04-01_13	1903-04-01	day	1903		Physikalische Zeitschrift 1903-04-01: Iss 13	German
per_physikalische-zeitschrift_physikalische-zeitschrift_1903-04-15_14	1903-04-15	day	1903		Physikalische Zeitschrift 1903-04-15: Iss 14	German
per_physikalische-zeitschrift_physikalische-zeitschrift_1903-05-01_15	1903-05-01	day	1903		Physikalische Zeitschrift 1903-05-01: Iss 15	German
per_physikalische-zeitschrift_physikalische-zeitschrift_1903-05-15_16	1903-05-15	day	1903		Physikalische Zeitschrift 1903-05-15: Iss 16	German
per_physikalische-zeitschrift_physikalische-zeitschrift_1903-06-01_17	1903-06-01	day	1903		Physikalische Zeitschrift 1903-06-01: Iss 17	German
per_physikalische-zeitschrift_physikalische-zeitschrift_1903-06-15_18	1903-06-15	day	1903		Physikalische Zeitschrift 1903-06-15: Iss 18	German
per_physikalische-zeitschrift_physikalische-zeitschrift_1903-07-01_19	1903-07-01	day	1903		Physikalische Zeitschrift 1903-07-01: Iss 19	German
per_physikalische-zeitschrift_physikalische-zeitschrift_1903-07-15_20	1903-07-15	day	1903		Physikalische Zeitschrift 1903-07-15: Iss 20	German
per_physikalische-zeitschrift_physikalische-zeitschrift_1903-08-01_21	1903-08-01	day	1903		Physikalische Zeitschrift 1903-08-01: Iss 21	German
per_physikalische-zeitschrift_physikalische-zeitschrift_1903-08-15_22	1903-08-15	day	1903		Physikalische Zeitschrift 1903-08-15: Iss 22	German
per_physikalische-zeitschrift_physikalische-zeitschrift_1903-09-01_23	1903-09-01	day	1903		Physikalische Zeitschrift 1903-09-01: Iss 23	German
per_physikalische-zeitschrift_physikalische-zeitschrift_1903-09-15_24	1903-09-15	day	1903		Physikalische Zeitschrift 1903-09-15: Iss 24	German
per_physikalische-zeitschrift_physikalische-zeitschrift_1903-10-01_25	1903-10-01	day	1903		Physikalische Zeitschrift 1903-10-01: Iss 25	German
per_physikalische-zeitschrift_physikalische-zeitschrift_1903-10-15_26	1903-10-15	day	1903		Physikalische Zeitschrift 1903-10-15: Iss 26	German
per_physikalische-zeitschrift_physikalische-zeitschrift_1903-11-01_27	1903-11-01	day	1903		Physikalische Zeitschrift 1903-11-01: Iss 27	German
per_physikalische-zeitschrift_physikalische-zeitschrift_1903-11-15_28	1903-11-15	day	1903		Physikalische Zeitschrift 1903-11-15: Iss 28	German
per_physikalische-zeitschrift_physikalische-zeitschrift_1903-12-01_29	1903-12-01	day	1903		Physikalische Zeitschrift 1903-12-01: Iss 29	German
per_physikalische-zeitschrift_physikalische-zeitschrift_1903-12-15_30	1903-12-15	day	1903		Physikalische Zeitschrift 1903-12-15: Iss 30	German
per_physikalische-zeitschrift_physikalische-zeitschrift_1904-01-01_1	1904-01-01	day	1904		Physikalische Zeitschrift 1904-01-01: Iss 1	German
per_physikalische-zeitschrift_physikalische-zeitschrift_1904-01-15_2	1904-01-15	day	1904		Physikalische Zeitschrift 1904-01-15: Iss 2	German
per_physikalische-zeitschrift_physikalische-zeitschrift_1904-02-01_3	1904-02-01	day	1904		Physikalische Zeitschrift 1904-02-01: Iss 3	German
per_physikalische-zeitschrift_physikalische-zeitschrift_1904-02-15_4	1904-02-15	day	1904		Physikalische Zeitschrift 1904-02-15: Iss 4	German
per_physikalische-zeitschrift_physikalische-zeitschrift_1904-03-01_5	1904-03-01	day	1904		Physikalische Zeitschrift 1904-03-01: Iss 5	German
per_physikalische-zeitschrift_physikalische-zeitschrift_1904-03-15_6	1904-03-15	day	1904		Physikalische Zeitschrift 1904-03-15: Iss 6	German
per_physikalische-zeitschrift_physikalische-zeitschrift_1904-04-01_7	1904-04-01	day	1904		Physikalische Zeitschrift 1904-04-01: Iss 7	German
per_physikalische-zeitschrift_physikalische-zeitschrift_1904-04-15_8	1904-04-15	day	1904		Physikalische Zeitschrift 1904-04-15: Iss 8	German
per_physikalische-zeitschrift_physikalische-zeitschrift_1904-05-01_9	1904-05-01	day	1904		Physikalische Zeitschrift 1904-05-01: Iss 9	German
per_physikalische-zeitschrift_physikalische-zeitschrift_1904-05-15_10	1904-05-15	day	1904		Physikalische Zeitschrift 1904-05-15: Iss 10	German
per_physikalische-zeitschrift_physikalische-zeitschrift_1904-06-01_11	1904-06-01	day	1904		Physikalische Zeitschrift 1904-06-01: Iss 11	German
per_physikalische-zeitschrift_physikalische-zeitschrift_1904-06-15_12	1904-06-15	day	1904		Physikalische Zeitschrift 1904-06-15: Iss 12	German
per_physikalische-zeitschrift_physikalische-zeitschrift_1904-07-01_13	1904-07-01	day	1904		Physikalische Zeitschrift 1904-07-01: Iss 13	German
per_physikalische-zeitschrift_physikalische-zeitschrift_1904-07-15_14	1904-07-15	day	1904		Physikalische Zeitschrift 1904-07-15: Iss 14	German
per_physikalische-zeitschrift_physikalische-zeitschrift_1904-08-01_15	1904-08-01	day	1904		Physikalische Zeitschrift 1904-08-01: Iss 15	German
per_physikalische-zeitschrift_physikalische-zeitschrift_1904-08-15_16	1904-08-15	day	1904		Physikalische Zeitschrift 1904-08-15: Iss 16	German
per_physikalische-zeitschrift_physikalische-zeitschrift_1904-09-01_17	1904-09-01	day	1904		Physikalische Zeitschrift 1904-09-01: Iss 17	German
per_physikalische-zeitschrift_physikalische-zeitschrift_1904-09-15_18	1904-09-15	day	1904		Physikalische Zeitschrift 1904-09-15: Iss 18	German
per_physikalische-zeitschrift_physikalische-zeitschrift_1904-10-01_19	1904-10-01	day	1904		Physikalische Zeitschrift 1904-10-01: Iss 19	German
per_physikalische-zeitschrift_physikalische-zeitschrift_1904-10-15_20	1904-10-15	day	1904		Physikalische Zeitschrift 1904-10-15: Iss 20	German
per_physikalische-zeitschrift_physikalische-zeitschrift_1904-10-20_21	1904-10-20	day	1904		Physikalische Zeitschrift 1904-10-20: Iss 21	German
per_physikalische-zeitschrift_physikalische-zeitschrift_1904-11-01_22	1904-11-01	day	1904		Physikalische Zeitschrift 1904-11-01: Iss 22	German
per_physikalische-zeitschrift_physikalische-zeitschrift_1904-11-15_23	1904-11-15	day	1904		Physikalische Zeitschrift 1904-11-15: Iss 23	German
per_physikalische-zeitschrift_physikalische-zeitschrift_1904-12-01_24	1904-12-01	day	1904		Physikalische Zeitschrift 1904-12-01: Iss 24	German
per_physikalische-zeitschrift_physikalische-zeitschrift_1904-12-15_25	1904-12-15	day	1904		Physikalische Zeitschrift 1904-12-15: Iss 25	German
per_physikalische-zeitschrift_physikalische-zeitschrift_1904_index	1904-01-01	year	1904		Physikalische Zeitschrift 1904: Index	German
per_physikalische-zeitschrift_physikalische-zeitschrift_1905-01-01_1	1905-01-01	day	1905		Physikalische Zeitschrift 1905-01-01: Iss 1	German
per_physikalische-zeitschrift_physikalische-zeitschrift_1905-01-15_2	1905-01-15	day	1905		Physikalische Zeitschrift 1905-01-15: Iss 2	German
per_physikalische-zeitschrift_physikalische-zeitschrift_1905-02-01_3	1905-02-01	day	1905		Physikalische Zeitschrift 1905-02-01: Iss 3	German
per_physikalische-zeitschrift_physikalische-zeitschrift_1905-02-15_4	1905-02-15	day	1905		Physikalische Zeitschrift 1905-02-15: Iss 4	German
per_physikalische-zeitschrift_physikalische-zeitschrift_1905-03-01_5	1905-03-01	day	1905		Physikalische Zeitschrift 1905-03-01: Iss 5	German
per_physikalische-zeitschrift_physikalische-zeitschrift_1905-03-15_6	1905-03-15	day	1905		Physikalische Zeitschrift 1905-03-15: Iss 6	German
per_physikalische-zeitschrift_physikalische-zeitschrift_1905-04-01_7	1905-04-01	day	1905		Physikalische Zeitschrift 1905-04-01: Iss 7	German
per_physikalische-zeitschrift_physikalische-zeitschrift_1905-04-15_8	1905-04-15	day	1905		Physikalische Zeitschrift 1905-04-15: Iss 8	German
per_physikalische-zeitschrift_physikalische-zeitschrift_1905-05-01_9	1905-05-01	day	1905		Physikalische Zeitschrift 1905-05-01: Iss 9	German
per_physikalische-zeitschrift_physikalische-zeitschrift_1905-05-15_10	1905-05-15	day	1905		Physikalische Zeitschrift 1905-05-15: Iss 10	German
per_physikalische-zeitschrift_physikalische-zeitschrift_1905-06-01_11	1905-06-01	day	1905		Physikalische Zeitschrift 1905-06-01: Iss 11	German
per_physikalische-zeitschrift_physikalische-zeitschrift_1905-06-15_12	1905-06-15	day	1905		Physikalische Zeitschrift 1905-06-15: Iss 12	German
per_physikalische-zeitschrift_physikalische-zeitschrift_1905-07-01_13	1905-07-01	day	1905		Physikalische Zeitschrift 1905-07-01: Iss 13	German
per_physikalische-zeitschrift_physikalische-zeitschrift_1905-07-15_14	1905-07-15	day	1905		Physikalische Zeitschrift 1905-07-15: Iss 14	German
per_physikalische-zeitschrift_physikalische-zeitschrift_1905-08-01_15	1905-08-01	day	1905		Physikalische Zeitschrift 1905-08-01: Iss 15	German
per_physikalische-zeitschrift_physikalische-zeitschrift_1905-08-15_16	1905-08-15	day	1905		Physikalische Zeitschrift 1905-08-15: Iss 16	German
per_physikalische-zeitschrift_physikalische-zeitschrift_1905-09-01_17	1905-09-01	day	1905		Physikalische Zeitschrift 1905-09-01: Iss 17	German
per_physikalische-zeitschrift_physikalische-zeitschrift_1905-09-15_18	1905-09-15	day	1905		Physikalische Zeitschrift 1905-09-15: Iss 18	German
per_physikalische-zeitschrift_physikalische-zeitschrift_1905-10-01_19	1905-10-01	day	1905		Physikalische Zeitschrift 1905-10-01: Iss 19	German
per_physikalische-zeitschrift_physikalische-zeitschrift_1905-10-15_20	1905-10-15	day	1905		Physikalische Zeitschrift 1905-10-15: Iss 20	German
per_physikalische-zeitschrift_physikalische-zeitschrift_1905-10-26_21	1905-10-26	day	1905		Physikalische Zeitschrift 1905-10-26: Iss 21	German
per_physikalische-zeitschrift_physikalische-zeitschrift_1905-11-01_22	1905-11-01	day	1905		Physikalische Zeitschrift 1905-11-01: Iss 22	German
per_physikalische-zeitschrift_physikalische-zeitschrift_1905-11-15_23	1905-11-15	day	1905		Physikalische Zeitschrift 1905-11-15: Iss 23	German
per_physikalische-zeitschrift_physikalische-zeitschrift_1905-12-01_24	1905-12-01	day	1905		Physikalische Zeitschrift 1905-12-01: Iss 24	German
per_physikalische-zeitschrift_physikalische-zeitschrift_1905-12-15_25	1905-12-15	day	1905		Physikalische Zeitschrift 1905-12-15: Iss 25	German
per_physikalische-zeitschrift_physikalische-zeitschrift_1905_index	1905-01-01	year	1905		Physikalische Zeitschrift 1905: Index	German
per_physikalische-zeitschrift_physikalische-zeitschrift_1906-01-01_1	1906-01-01	day	1906		Physikalische Zeitschrift 1906-01-01: Iss 1	German
per_physikalische-zeitschrift_physikalische-zeitschrift_1906-01-15_2	1906-01-15	day	1906		Physikalische Zeitschrift 1906-01-15: Iss 2	German
per_physikalische-zeitschrift_physikalische-zeitschrift_1906-02-01_3	1906-02-01	day	1906		Physikalische Zeitschrift 1906-02-01: Iss 3	German
per_physikalische-zeitschrift_physikalische-zeitschrift_1906-02-15_4	1906-02-15	day	1906		Physikalische Zeitschrift 1906-02-15: Iss 4	German
per_physikalische-zeitschrift_physikalische-zeitschrift_1906-03-01_5	1906-03-01	day	1906		Physikalische Zeitschrift 1906-03-01: Iss 5	German
per_physikalische-zeitschrift_physikalische-zeitschrift_1906-03-15_6	1906-03-15	day	1906		Physikalische Zeitschrift 1906-03-15: Iss 6	German
per_physikalische-zeitschrift_physikalische-zeitschrift_1906-04-01_7	1906-04-01	day	1906		Physikalische Zeitschrift 1906-04-01: Iss 7	German
per_physikalische-zeitschrift_physikalische-zeitschrift_1906-04-15_8	1906-04-15	day	1906		Physikalische Zeitschrift 1906-04-15: Iss 8	German
per_physikalische-zeitschrift_physikalische-zeitschrift_1906-05-01_9	1906-05-01	day	1906		Physikalische Zeitschrift 1906-05-01: Iss 9	German
per_physikalische-zeitschrift_physikalische-zeitschrift_1906-05-15_10	1906-05-15	day	1906		Physikalische Zeitschrift 1906-05-15: Iss 10	German
per_physikalische-zeitschrift_physikalische-zeitschrift_1906-06-01_11	1906-06-01	day	1906		Physikalische Zeitschrift 1906-06-01: Iss 11	German
per_physikalische-zeitschrift_physikalische-zeitschrift_1906-06-15_12	1906-06-15	day	1906		Physikalische Zeitschrift 1906-06-15: Iss 12	German
per_physikalische-zeitschrift_physikalische-zeitschrift_1906-07-01_13	1906-07-01	day	1906		Physikalische Zeitschrift 1906-07-01: Iss 13	German
per_physikalische-zeitschrift_physikalische-zeitschrift_1906-07-15_14	1906-07-15	day	1906		Physikalische Zeitschrift 1906-07-15: Iss 14	German
per_physikalische-zeitschrift_physikalische-zeitschrift_1906-08-01_15	1906-08-01	day	1906		Physikalische Zeitschrift 1906-08-01: Iss 15	German
per_physikalische-zeitschrift_physikalische-zeitschrift_1906-08-15_16	1906-08-15	day	1906		Physikalische Zeitschrift 1906-08-15: Iss 16	German
per_physikalische-zeitschrift_physikalische-zeitschrift_1906-09-01_17	1906-09-01	day	1906		Physikalische Zeitschrift 1906-09-01: Iss 17	German
per_physikalische-zeitschrift_physikalische-zeitschrift_1906-09-15_18	1906-09-15	day	1906		Physikalische Zeitschrift 1906-09-15: Iss 18	German
per_physikalische-zeitschrift_physikalische-zeitschrift_1906-10-01_19	1906-10-01	day	1906		Physikalische Zeitschrift 1906-10-01: Iss 19	German
per_physikalische-zeitschrift_physikalische-zeitschrift_1906-10-15_20	1906-10-15	day	1906		Physikalische Zeitschrift 1906-10-15: Iss 20	German
per_physikalische-zeitschrift_physikalische-zeitschrift_1906-10-25_21	1906-10-25	day	1906		Physikalische Zeitschrift 1906-10-25: Iss 21	German
per_physikalische-zeitschrift_physikalische-zeitschrift_1906-11-08_22	1906-11-08	day	1906		Physikalische Zeitschrift 1906-11-08: Iss 22	German
per_physikalische-zeitschrift_physikalische-zeitschrift_1906-11-15_23	1906-11-15	day	1906		Physikalische Zeitschrift 1906-11-15: Iss 23	German
per_physikalische-zeitschrift_physikalische-zeitschrift_1906-12-01_24	1906-12-01	day	1906		Physikalische Zeitschrift 1906-12-01: Iss 24	German
per_physikalische-zeitschrift_physikalische-zeitschrift_1906-12-15_25	1906-12-15	day	1906		Physikalische Zeitschrift 1906-12-15: Iss 25	German
per_physikalische-zeitschrift_physikalische-zeitschrift_1906_index	1906-01-01	year	1906		Physikalische Zeitschrift 1906: Index	German
per_physikalische-zeitschrift_physikalische-zeitschrift_1907-01-01_1	1907-01-01	day	1907		Physikalische Zeitschrift 1907-01-01: Iss 1	German
per_physikalische-zeitschrift_physikalische-zeitschrift_1907-01-15_2	1907-01-15	day	1907		Physikalische Zeitschrift 1907-01-15: Iss 2	German
per_physikalische-zeitschrift_physikalische-zeitschrift_1907-02-01_3	1907-02-01	day	1907		Physikalische Zeitschrift 1907-02-01: Iss 3	German
per_physikalische-zeitschrift_physikalische-zeitschrift_1907-02-15_4	1907-02-15	day	1907		Physikalische Zeitschrift 1907-02-15: Iss 4	German
per_physikalische-zeitschrift_physikalische-zeitschrift_1907-03-01_5	1907-03-01	day	1907		Physikalische Zeitschrift 1907-03-01: Iss 5	German
per_physikalische-zeitschrift_physikalische-zeitschrift_1907-03-15_6	1907-03-15	day	1907		Physikalische Zeitschrift 1907-03-15: Iss 6	German
per_physikalische-zeitschrift_physikalische-zeitschrift_1907-04-01_7	1907-04-01	day	1907		Physikalische Zeitschrift 1907-04-01: Iss 7	German
per_physikalische-zeitschrift_physikalische-zeitschrift_1907-04-15_8	1907-04-15	day	1907		Physikalische Zeitschrift 1907-04-15: Iss 8	German
per_physikalische-zeitschrift_physikalische-zeitschrift_1907-05-01_9	1907-05-01	day	1907		Physikalische Zeitschrift 1907-05-01: Iss 9	German
per_physikalische-zeitschrift_physikalische-zeitschrift_1907-05-15_10	1907-05-15	day	1907		Physikalische Zeitschrift 1907-05-15: Iss 10	German
per_physikalische-zeitschrift_physikalische-zeitschrift_1907-06-01_11	1907-06-01	day	1907		Physikalische Zeitschrift 1907-06-01: Iss 11	German
per_physikalische-zeitschrift_physikalische-zeitschrift_1907-06-15_12	1907-06-15	day	1907		Physikalische Zeitschrift 1907-06-15: Iss 12	German
per_physikalische-zeitschrift_physikalische-zeitschrift_1907-07-01_13	1907-07-01	day	1907		Physikalische Zeitschrift 1907-07-01: Iss 13	German
per_physikalische-zeitschrift_physikalische-zeitschrift_1907-07-15_14	1907-07-15	day	1907		Physikalische Zeitschrift 1907-07-15: Iss 14	German
per_physikalische-zeitschrift_physikalische-zeitschrift_1907-08-01_15	1907-08-01	day	1907		Physikalische Zeitschrift 1907-08-01: Iss 15	German
per_physikalische-zeitschrift_physikalische-zeitschrift_1907-08-15_16	1907-08-15	day	1907		Physikalische Zeitschrift 1907-08-15: Iss 16	German
per_physikalische-zeitschrift_physikalische-zeitschrift_1907-09-01_17	1907-09-01	day	1907		Physikalische Zeitschrift 1907-09-01: Iss 17	German
per_physikalische-zeitschrift_physikalische-zeitschrift_1907-09-15_18	1907-09-15	day	1907		Physikalische Zeitschrift 1907-09-15: Iss 18	German
per_physikalische-zeitschrift_physikalische-zeitschrift_1907-10-01_19	1907-10-01	day	1907		Physikalische Zeitschrift 1907-10-01: Iss 19	German
per_physikalische-zeitschrift_physikalische-zeitschrift_1907-10-15_20	1907-10-15	day	1907		Physikalische Zeitschrift 1907-10-15: Iss 20	German
per_physikalische-zeitschrift_physikalische-zeitschrift_1907-11-01_22	1907-11-01	day	1907		Physikalische Zeitschrift 1907-11-01: Iss 22	German
per_physikalische-zeitschrift_physikalische-zeitschrift_1907-11-15_23	1907-11-15	day	1907		Physikalische Zeitschrift 1907-11-15: Iss 23	German
per_physikalische-zeitschrift_physikalische-zeitschrift_1907-11-24_21	1907-11-24	day	1907		Physikalische Zeitschrift 1907-11-24: Iss 21	German
per_physikalische-zeitschrift_physikalische-zeitschrift_1907-12-01_24	1907-12-01	day	1907		Physikalische Zeitschrift 1907-12-01: Iss 24	German
per_physikalische-zeitschrift_physikalische-zeitschrift_1907-12-15_25	1907-12-15	day	1907		Physikalische Zeitschrift 1907-12-15: Iss 25	German
per_physikalische-zeitschrift_physikalische-zeitschrift_1907_index	1907-01-01	year	1907		Physikalische Zeitschrift 1907: Index	German
per_physikalische-zeitschrift_physikalische-zeitschrift_1908-01-01_1	1908-01-01	day	1908		Physikalische Zeitschrift 1908-01-01: Iss 1	German
per_physikalische-zeitschrift_physikalische-zeitschrift_1908-01-15_2	1908-01-15	day	1908		Physikalische Zeitschrift 1908-01-15: Iss 2	German
per_physikalische-zeitschrift_physikalische-zeitschrift_1908-02-01_3	1908-02-01	day	1908		Physikalische Zeitschrift 1908-02-01: Iss 3	German
per_physikalische-zeitschrift_physikalische-zeitschrift_1908-02-15_4	1908-02-15	day	1908		Physikalische Zeitschrift 1908-02-15: Iss 4	German
per_physikalische-zeitschrift_physikalische-zeitschrift_1908-03-01_5	1908-03-01	day	1908		Physikalische Zeitschrift 1908-03-01: Iss 5	German
per_physikalische-zeitschrift_physikalische-zeitschrift_1908-03-15_6	1908-03-15	day	1908		Physikalische Zeitschrift 1908-03-15: Iss 6	German
per_physikalische-zeitschrift_physikalische-zeitschrift_1908-04-01_7	1908-04-01	day	1908		Physikalische Zeitschrift 1908-04-01: Iss 7	German
per_physikalische-zeitschrift_physikalische-zeitschrift_1908-04-15_8	1908-04-15	day	1908		Physikalische Zeitschrift 1908-04-15: Iss 8	German
per_physikalische-zeitschrift_physikalische-zeitschrift_1908-05-01_9	1908-05-01	day	1908		Physikalische Zeitschrift 1908-05-01: Iss 9	German
per_physikalische-zeitschrift_physikalische-zeitschrift_1908-05-15_10	1908-05-15	day	1908		Physikalische Zeitschrift 1908-05-15: Iss 10	German
per_physikalische-zeitschrift_physikalische-zeitschrift_1908-06-01_11	1908-06-01	day	1908		Physikalische Zeitschrift 1908-06-01: Iss 11	German
per_physikalische-zeitschrift_physikalische-zeitschrift_1908-06-15_12	1908-06-15	day	1908		Physikalische Zeitschrift 1908-06-15: Iss 12	German
per_physikalische-zeitschrift_physikalische-zeitschrift_1908-07-01_13	1908-07-01	day	1908		Physikalische Zeitschrift 1908-07-01: Iss 13	German
per_physikalische-zeitschrift_physikalische-zeitschrift_1908-07-15_14	1908-07-15	day	1908		Physikalische Zeitschrift 1908-07-15: Iss 14	German
per_physikalische-zeitschrift_physikalische-zeitschrift_1908-08-01_15	1908-08-01	day	1908		Physikalische Zeitschrift 1908-08-01: Iss 15	German
per_physikalische-zeitschrift_physikalische-zeitschrift_1908-08-15_16	1908-08-15	day	1908		Physikalische Zeitschrift 1908-08-15: Iss 16	German
per_physikalische-zeitschrift_physikalische-zeitschrift_1908-09-01_17	1908-09-01	day	1908		Physikalische Zeitschrift 1908-09-01: Iss 17	German
per_physikalische-zeitschrift_physikalische-zeitschrift_1908-09-15_18	1908-09-15	day	1908		Physikalische Zeitschrift 1908-09-15: Iss 18	German
per_physikalische-zeitschrift_physikalische-zeitschrift_1908-10-01_19	1908-10-01	day	1908		Physikalische Zeitschrift 1908-10-01: Iss 19	German
per_physikalische-zeitschrift_physikalische-zeitschrift_1908-10-15_20	1908-10-15	day	1908		Physikalische Zeitschrift 1908-10-15: Iss 20	German
per_physikalische-zeitschrift_physikalische-zeitschrift_1908-10-25_21	1908-10-25	day	1908		Physikalische Zeitschrift 1908-10-25: Iss 21	German
per_physikalische-zeitschrift_physikalische-zeitschrift_1908-11-01_22	1908-11-01	day	1908		Physikalische Zeitschrift 1908-11-01: Iss 22	German
per_physikalische-zeitschrift_physikalische-zeitschrift_1908-11-15_23	1908-11-15	day	1908		Physikalische Zeitschrift 1908-11-15: Iss 23	German
per_physikalische-zeitschrift_physikalische-zeitschrift_1908-12-01_24	1908-12-01	day	1908		Physikalische Zeitschrift 1908-12-01: Iss 24	German
per_physikalische-zeitschrift_physikalische-zeitschrift_1908-12-15_25	1908-12-15	day	1908		Physikalische Zeitschrift 1908-12-15: Iss 25	German
per_physikalische-zeitschrift_physikalische-zeitschrift_1908_index	1908-01-01	year	1908		Physikalische Zeitschrift 1908: Index	German
per_physikalische-zeitschrift_physikalische-zeitschrift_1909-01-01_1	1909-01-01	day	1909		Physikalische Zeitschrift 1909-01-01: Iss 1	German
per_physikalische-zeitschrift_physikalische-zeitschrift_1909-01-15_2	1909-01-15	day	1909		Physikalische Zeitschrift 1909-01-15: Iss 2	German
per_physikalische-zeitschrift_physikalische-zeitschrift_1909-02-01_3	1909-02-01	day	1909		Physikalische Zeitschrift 1909-02-01: Iss 3	German
per_physikalische-zeitschrift_physikalische-zeitschrift_1909-02-15_4	1909-02-15	day	1909		Physikalische Zeitschrift 1909-02-15: Iss 4	German
per_physikalische-zeitschrift_physikalische-zeitschrift_1909-03-01_5	1909-03-01	day	1909		Physikalische Zeitschrift 1909-03-01: Iss 5	German
per_physikalische-zeitschrift_physikalische-zeitschrift_1909-03-15_6	1909-03-15	day	1909		Physikalische Zeitschrift 1909-03-15: Iss 6	German
per_physikalische-zeitschrift_physikalische-zeitschrift_1909-04-01_7	1909-04-01	day	1909		Physikalische Zeitschrift 1909-04-01: Iss 7	German
per_physikalische-zeitschrift_physikalische-zeitschrift_1909-04-15_8	1909-04-15	day	1909		Physikalische Zeitschrift 1909-04-15: Iss 8	German
per_physikalische-zeitschrift_physikalische-zeitschrift_1909-05-01_9	1909-05-01	day	1909		Physikalische Zeitschrift 1909-05-01: Iss 9	German
per_physikalische-zeitschrift_physikalische-zeitschrift_1909-05-15_10	1909-05-15	day	1909		Physikalische Zeitschrift 1909-05-15: Iss 10	German
per_physikalische-zeitschrift_physikalische-zeitschrift_1909-06-01_11	1909-06-01	day	1909		Physikalische Zeitschrift 1909-06-01: Iss 11	German
per_physikalische-zeitschrift_physikalische-zeitschrift_1909-06-15_12	1909-06-15	day	1909		Physikalische Zeitschrift 1909-06-15: Iss 12	German
per_physikalische-zeitschrift_physikalische-zeitschrift_1909-07-01_13	1909-07-01	day	1909		Physikalische Zeitschrift 1909-07-01: Iss 13	German
per_physikalische-zeitschrift_physikalische-zeitschrift_1909-07-15_14	1909-07-15	day	1909		Physikalische Zeitschrift 1909-07-15: Iss 14	German
per_physikalische-zeitschrift_physikalische-zeitschrift_1909-08-01_15	1909-08-01	day	1909		Physikalische Zeitschrift 1909-08-01: Iss 15	German
per_physikalische-zeitschrift_physikalische-zeitschrift_1909-08-15_16	1909-08-15	day	1909		Physikalische Zeitschrift 1909-08-15: Iss 16	German
per_physikalische-zeitschrift_physikalische-zeitschrift_1909-09-01_17	1909-09-01	day	1909		Physikalische Zeitschrift 1909-09-01: Iss 17	German
per_physikalische-zeitschrift_physikalische-zeitschrift_1909-09-15_18	1909-09-15	day	1909		Physikalische Zeitschrift 1909-09-15: Iss 18	German
per_physikalische-zeitschrift_physikalische-zeitschrift_1909-10-01_19	1909-10-01	day	1909		Physikalische Zeitschrift 1909-10-01: Iss 19	German
per_physikalische-zeitschrift_physikalische-zeitschrift_1909-10-15_20	1909-10-15	day	1909		Physikalische Zeitschrift 1909-10-15: Iss 20	German
per_physikalische-zeitschrift_physikalische-zeitschrift_1909-11-01_21	1909-11-01	day	1909		Physikalische Zeitschrift 1909-11-01: Iss 21	German
per_physikalische-zeitschrift_physikalische-zeitschrift_1909-11-10_22	1909-11-10	day	1909		Physikalische Zeitschrift 1909-11-10: Iss 22	German
per_physikalische-zeitschrift_physikalische-zeitschrift_1909-11-22_23	1909-11-22	day	1909		Physikalische Zeitschrift 1909-11-22: Iss 23	German
per_physikalische-zeitschrift_physikalische-zeitschrift_1909-12-01_24	1909-12-01	day	1909		Physikalische Zeitschrift 1909-12-01: Iss 24	German
per_physikalische-zeitschrift_physikalische-zeitschrift_1909_index	1909-01-01	year	1909		Physikalische Zeitschrift 1909: Index	German
per_physikalische-zeitschrift_physikalische-zeitschrift_1910-01-01_1	1910-01-01	day	1910		Physikalische Zeitschrift 1910-01-01: Iss 1	German
per_physikalische-zeitschrift_physikalische-zeitschrift_1910-01-15_2	1910-01-15	day	1910		Physikalische Zeitschrift 1910-01-15: Iss 2	German
per_physikalische-zeitschrift_physikalische-zeitschrift_1910-02-01_3	1910-02-01	day	1910		Physikalische Zeitschrift 1910-02-01: Iss 3	German
per_physikalische-zeitschrift_physikalische-zeitschrift_1910-02-15_4	1910-02-15	day	1910		Physikalische Zeitschrift 1910-02-15: Iss 4	German
per_physikalische-zeitschrift_physikalische-zeitschrift_1910-03-01_5	1910-03-01	day	1910		Physikalische Zeitschrift 1910-03-01: Iss 5	German
per_physikalische-zeitschrift_physikalische-zeitschrift_1910-03-15_6	1910-03-15	day	1910		Physikalische Zeitschrift 1910-03-15: Iss 6	German
per_physikalische-zeitschrift_physikalische-zeitschrift_1910-04-01_7	1910-04-01	day	1910		Physikalische Zeitschrift 1910-04-01: Iss 7	German
per_physikalische-zeitschrift_physikalische-zeitschrift_1910-04-15_8	1910-04-15	day	1910		Physikalische Zeitschrift 1910-04-15: Iss 8	German
per_physikalische-zeitschrift_physikalische-zeitschrift_1910-05-01_9	1910-05-01	day	1910		Physikalische Zeitschrift 1910-05-01: Iss 9	German
per_physikalische-zeitschrift_physikalische-zeitschrift_1910-05-15_10	1910-05-15	day	1910		Physikalische Zeitschrift 1910-05-15: Iss 10	German
per_physikalische-zeitschrift_physikalische-zeitschrift_1910-06-01_11	1910-06-01	day	1910		Physikalische Zeitschrift 1910-06-01: Iss 11	German
per_physikalische-zeitschrift_physikalische-zeitschrift_1910-06-15_12	1910-06-15	day	1910		Physikalische Zeitschrift 1910-06-15: Iss 12	German
per_physikalische-zeitschrift_physikalische-zeitschrift_1910-07-01_13	1910-07-01	day	1910		Physikalische Zeitschrift 1910-07-01: Iss 13	German
per_physikalische-zeitschrift_physikalische-zeitschrift_1910-07-15_14	1910-07-15	day	1910		Physikalische Zeitschrift 1910-07-15: Iss 14	German
per_physikalische-zeitschrift_physikalische-zeitschrift_1910-08-01_15	1910-08-01	day	1910		Physikalische Zeitschrift 1910-08-01: Iss 15	German
per_physikalische-zeitschrift_physikalische-zeitschrift_1910-08-15_16	1910-08-15	day	1910		Physikalische Zeitschrift 1910-08-15: Iss 16	German
per_physikalische-zeitschrift_physikalische-zeitschrift_1910-09-01_17	1910-09-01	day	1910		Physikalische Zeitschrift 1910-09-01: Iss 17	German
per_physikalische-zeitschrift_physikalische-zeitschrift_1910-09-15_18	1910-09-15	day	1910		Physikalische Zeitschrift 1910-09-15: Iss 18	German
per_physikalische-zeitschrift_physikalische-zeitschrift_1910-10-01_19	1910-10-01	day	1910		Physikalische Zeitschrift 1910-10-01: Iss 19	German
per_physikalische-zeitschrift_physikalische-zeitschrift_1910-10-15_20	1910-10-15	day	1910		Physikalische Zeitschrift 1910-10-15: Iss 20	German
per_physikalische-zeitschrift_physikalische-zeitschrift_1910-11-01_21-22	1910-11-01	day	1910		Physikalische Zeitschrift 1910-11-01: Iss 21-22	German
per_physikalische-zeitschrift_physikalische-zeitschrift_1910-11-15_23	1910-11-15	day	1910		Physikalische Zeitschrift 1910-11-15: Iss 23	German
per_physikalische-zeitschrift_physikalische-zeitschrift_1910-12-01_24	1910-12-01	day	1910		Physikalische Zeitschrift 1910-12-01: Iss 24	German
per_physikalische-zeitschrift_physikalische-zeitschrift_1910-12-08_25	1910-12-08	day	1910		Physikalische Zeitschrift 1910-12-08: Iss 25	German
per_physikalische-zeitschrift_physikalische-zeitschrift_1910-12-15_25	1910-12-15	day	1910		Physikalische Zeitschrift 1910-12-15: Iss 25	German
per_physikalische-zeitschrift_physikalische-zeitschrift_1910-12-15_26	1910-12-15	day	1910		Physikalische Zeitschrift 1910-12-15: Iss 26	German
per_physikalische-zeitschrift_physikalische-zeitschrift_1910_index	1910-01-01	year	1910		Physikalische Zeitschrift 1910: Index	German
per_physikalische-zeitschrift_physikalische-zeitschrift_1911-01-01_1	1911-01-01	day	1911		Physikalische Zeitschrift 1911-01-01: Iss 1	German
per_physikalische-zeitschrift_physikalische-zeitschrift_1911-01-15_2	1911-01-15	day	1911		Physikalische Zeitschrift 1911-01-15: Iss 2	German
per_physikalische-zeitschrift_physikalische-zeitschrift_1911-02-01_3	1911-02-01	day	1911		Physikalische Zeitschrift 1911-02-01: Iss 3	German
per_physikalische-zeitschrift_physikalische-zeitschrift_1911-02-15_4	1911-02-15	day	1911		Physikalische Zeitschrift 1911-02-15: Iss 4	German
per_physikalische-zeitschrift_physikalische-zeitschrift_1911-03-01_5	1911-03-01	day	1911		Physikalische Zeitschrift 1911-03-01: Iss 5	German
per_physikalische-zeitschrift_physikalische-zeitschrift_1911-03-15_6	1911-03-15	day	1911		Physikalische Zeitschrift 1911-03-15: Iss 6	German
per_physikalische-zeitschrift_physikalische-zeitschrift_1911-04-01_7	1911-04-01	day	1911		Physikalische Zeitschrift 1911-04-01: Iss 7	German
per_physikalische-zeitschrift_physikalische-zeitschrift_1911-04-15_8	1911-04-15	day	1911		Physikalische Zeitschrift 1911-04-15: Iss 8	German
per_physikalische-zeitschrift_physikalische-zeitschrift_1911-05-01_9	1911-05-01	day	1911		Physikalische Zeitschrift 1911-05-01: Iss 9	German
per_physikalische-zeitschrift_physikalische-zeitschrift_1911-05-15_10	1911-05-15	day	1911		Physikalische Zeitschrift 1911-05-15: Iss 10	German
per_physikalische-zeitschrift_physikalische-zeitschrift_1911-06-01_11	1911-06-01	day	1911		Physikalische Zeitschrift 1911-06-01: Iss 11	German
per_physikalische-zeitschrift_physikalische-zeitschrift_1911-06-15_12	1911-06-15	day	1911		Physikalische Zeitschrift 1911-06-15: Iss 12	German
per_physikalische-zeitschrift_physikalische-zeitschrift_1911-07-01_13	1911-07-01	day	1911		Physikalische Zeitschrift 1911-07-01: Iss 13	German
per_physikalische-zeitschrift_physikalische-zeitschrift_1911-07-15_14	1911-07-15	day	1911		Physikalische Zeitschrift 1911-07-15: Iss 14	German
per_physikalische-zeitschrift_physikalische-zeitschrift_1911-08-01_15	1911-08-01	day	1911		Physikalische Zeitschrift 1911-08-01: Iss 15	German
per_physikalische-zeitschrift_physikalische-zeitschrift_1911-08-15_16	1911-08-15	day	1911		Physikalische Zeitschrift 1911-08-15: Iss 16	German
per_physikalische-zeitschrift_physikalische-zeitschrift_1911-09-01_17	1911-09-01	day	1911		Physikalische Zeitschrift 1911-09-01: Iss 17	German
per_physikalische-zeitschrift_physikalische-zeitschrift_1911-09-15_18	1911-09-15	day	1911		Physikalische Zeitschrift 1911-09-15: Iss 18	German
per_physikalische-zeitschrift_physikalische-zeitschrift_1911-10-01_19	1911-10-01	day	1911		Physikalische Zeitschrift 1911-10-01: Iss 19	German
per_physikalische-zeitschrift_physikalische-zeitschrift_1911-10-15_20	1911-10-15	day	1911		Physikalische Zeitschrift 1911-10-15: Iss 20	German
per_physikalische-zeitschrift_physikalische-zeitschrift_1911-11-01_21	1911-11-01	day	1911		Physikalische Zeitschrift 1911-11-01: Iss 21	German
per_physikalische-zeitschrift_physikalische-zeitschrift_1911-11-15_22-23	1911-11-15	day	1911		Physikalische Zeitschrift 1911-11-15: Iss 22-23	German
per_physikalische-zeitschrift_physikalische-zeitschrift_1911-12-01_24	1911-12-01	day	1911		Physikalische Zeitschrift 1911-12-01: Iss 24	German
per_physikalische-zeitschrift_physikalische-zeitschrift_1911-12-08_25	1911-12-08	day	1911		Physikalische Zeitschrift 1911-12-08: Iss 25	German
per_physikalische-zeitschrift_physikalische-zeitschrift_1911-12-21_26	1911-12-21	day	1911		Physikalische Zeitschrift 1911-12-21: Iss 26	German
per_physikalische-zeitschrift_physikalische-zeitschrift_1911_index	1911-01-01	year	1911		Physikalische Zeitschrift 1911: Index	German
per_physikalische-zeitschrift_physikalische-zeitschrift_1912-01-01_1	1912-01-01	day	1912		Physikalische Zeitschrift 1912-01-01: Iss 1	German
per_physikalische-zeitschrift_physikalische-zeitschrift_1912-01-15_2	1912-01-15	day	1912		Physikalische Zeitschrift 1912-01-15: Iss 2	German
per_physikalische-zeitschrift_physikalische-zeitschrift_1912-02-01_3	1912-02-01	day	1912		Physikalische Zeitschrift 1912-02-01: Iss 3	German
per_physikalische-zeitschrift_physikalische-zeitschrift_1912-02-15_4	1912-02-15	day	1912		Physikalische Zeitschrift 1912-02-15: Iss 4	German
per_physikalische-zeitschrift_physikalische-zeitschrift_1912-03-01_5	1912-03-01	day	1912		Physikalische Zeitschrift 1912-03-01: Iss 5	German
per_physikalische-zeitschrift_physikalische-zeitschrift_1912-03-15_6	1912-03-15	day	1912		Physikalische Zeitschrift 1912-03-15: Iss 6	German
per_physikalische-zeitschrift_physikalische-zeitschrift_1912-04-01_7	1912-04-01	day	1912		Physikalische Zeitschrift 1912-04-01: Iss 7	German
per_physikalische-zeitschrift_physikalische-zeitschrift_1912-04-15_8	1912-04-15	day	1912		Physikalische Zeitschrift 1912-04-15: Iss 8	German
per_physikalische-zeitschrift_physikalische-zeitschrift_1912-05-15_10	1912-05-15	day	1912		Physikalische Zeitschrift 1912-05-15: Iss 10	German
per_physikalische-zeitschrift_physikalische-zeitschrift_1912-06-01_11	1912-06-01	day	1912		Physikalische Zeitschrift 1912-06-01: Iss 11	German
per_physikalische-zeitschrift_physikalische-zeitschrift_1912-06-15_12	1912-06-15	day	1912		Physikalische Zeitschrift 1912-06-15: Iss 12	German
per_physikalische-zeitschrift_physikalische-zeitschrift_1912-07-01_13	1912-07-01	day	1912		Physikalische Zeitschrift 1912-07-01: Iss 13	German
per_physikalische-zeitschrift_physikalische-zeitschrift_1912-07-15_14	1912-07-15	day	1912		Physikalische Zeitschrift 1912-07-15: Iss 14	German
per_physikalische-zeitschrift_physikalische-zeitschrift_1912-08-01_15	1912-08-01	day	1912		Physikalische Zeitschrift 1912-08-01: Iss 15	German
per_physikalische-zeitschrift_physikalische-zeitschrift_1912-08-15_16	1912-08-15	day	1912		Physikalische Zeitschrift 1912-08-15: Iss 16	German
per_physikalische-zeitschrift_physikalische-zeitschrift_1912-09-01_17	1912-09-01	day	1912		Physikalische Zeitschrift 1912-09-01: Iss 17	German
per_physikalische-zeitschrift_physikalische-zeitschrift_1912-09-15_18	1912-09-15	day	1912		Physikalische Zeitschrift 1912-09-15: Iss 18	German
per_physikalische-zeitschrift_physikalische-zeitschrift_1912-10-01_19	1912-10-01	day	1912		Physikalische Zeitschrift 1912-10-01: Iss 19	German
per_physikalische-zeitschrift_physikalische-zeitschrift_1912-10-15_20	1912-10-15	day	1912		Physikalische Zeitschrift 1912-10-15: Iss 20	German
per_physikalische-zeitschrift_physikalische-zeitschrift_1912-11-01_21-22	1912-11-01	day	1912		Physikalische Zeitschrift 1912-11-01: Iss 21-22	German
per_physikalische-zeitschrift_physikalische-zeitschrift_1912-11-15_23	1912-11-15	day	1912		Physikalische Zeitschrift 1912-11-15: Iss 23	German
per_physikalische-zeitschrift_physikalische-zeitschrift_1912-12-01_24	1912-12-01	day	1912		Physikalische Zeitschrift 1912-12-01: Iss 24	German
per_physikalische-zeitschrift_physikalische-zeitschrift_1912-12-15_25	1912-12-15	day	1912		Physikalische Zeitschrift 1912-12-15: Iss 25	German
per_physikalische-zeitschrift_physikalische-zeitschrift_1912_index	1912-01-01	year	1912		Physikalische Zeitschrift 1912: Index	German
per_physikalische-zeitschrift_physikalische-zeitschrift_1913-01-01_1	1913-01-01	day	1913		Physikalische Zeitschrift 1913-01-01: Iss 1	German
per_physikalische-zeitschrift_physikalische-zeitschrift_1913-01-15_2	1913-01-15	day	1913		Physikalische Zeitschrift 1913-01-15: Iss 2	German
per_physikalische-zeitschrift_physikalische-zeitschrift_1913-02-01_3	1913-02-01	day	1913		Physikalische Zeitschrift 1913-02-01: Iss 3	German
per_physikalische-zeitschrift_physikalische-zeitschrift_1913-02-15_4	1913-02-15	day	1913		Physikalische Zeitschrift 1913-02-15: Iss 4	German
per_physikalische-zeitschrift_physikalische-zeitschrift_1913-03-01_5	1913-03-01	day	1913		Physikalische Zeitschrift 1913-03-01: Iss 5	German
per_physikalische-zeitschrift_physikalische-zeitschrift_1913-03-15_6	1913-03-15	day	1913		Physikalische Zeitschrift 1913-03-15: Iss 6	German
per_physikalische-zeitschrift_physikalische-zeitschrift_1913-04-01_7	1913-04-01	day	1913		Physikalische Zeitschrift 1913-04-01: Iss 7	German
per_physikalische-zeitschrift_physikalische-zeitschrift_1913-04-15_8	1913-04-15	day	1913		Physikalische Zeitschrift 1913-04-15: Iss 8	German
per_physikalische-zeitschrift_physikalische-zeitschrift_1913-05-01_9	1913-05-01	day	1913		Physikalische Zeitschrift 1913-05-01: Iss 9	German
per_physikalische-zeitschrift_physikalische-zeitschrift_1913-05-15_10	1913-05-15	day	1913		Physikalische Zeitschrift 1913-05-15: Iss 10	German
per_physikalische-zeitschrift_physikalische-zeitschrift_1913-06-01_11	1913-06-01	day	1913		Physikalische Zeitschrift 1913-06-01: Iss 11	German
per_physikalische-zeitschrift_physikalische-zeitschrift_1913-06-15_12	1913-06-15	day	1913		Physikalische Zeitschrift 1913-06-15: Iss 12	German
per_physikalische-zeitschrift_physikalische-zeitschrift_1913-07-01_13	1913-07-01	day	1913		Physikalische Zeitschrift 1913-07-01: Iss 13	German
per_physikalische-zeitschrift_physikalische-zeitschrift_1913-07-15_14	1913-07-15	day	1913		Physikalische Zeitschrift 1913-07-15: Iss 14	German
per_physikalische-zeitschrift_physikalische-zeitschrift_1913-08-01_15	1913-08-01	day	1913		Physikalische Zeitschrift 1913-08-01: Iss 15	German
per_physikalische-zeitschrift_physikalische-zeitschrift_1913-08-15_16	1913-08-15	day	1913		Physikalische Zeitschrift 1913-08-15: Iss 16	German
per_physikalische-zeitschrift_physikalische-zeitschrift_1913-09-01_17	1913-09-01	day	1913		Physikalische Zeitschrift 1913-09-01: Iss 17	German
per_physikalische-zeitschrift_physikalische-zeitschrift_1913-09-15_18	1913-09-15	day	1913		Physikalische Zeitschrift 1913-09-15: Iss 18	German
per_physikalische-zeitschrift_physikalische-zeitschrift_1913-10-01_19	1913-10-01	day	1913		Physikalische Zeitschrift 1913-10-01: Iss 19	German
per_physikalische-zeitschrift_physikalische-zeitschrift_1913-10-15_20	1913-10-15	day	1913		Physikalische Zeitschrift 1913-10-15: Iss 20	German
per_physikalische-zeitschrift_physikalische-zeitschrift_1913-11-01_21-22	1913-11-01	day	1913		Physikalische Zeitschrift 1913-11-01: Iss 21-22	German
per_physikalische-zeitschrift_physikalische-zeitschrift_1913-11-15_23	1913-11-15	day	1913		Physikalische Zeitschrift 1913-11-15: Iss 23	German
per_physikalische-zeitschrift_physikalische-zeitschrift_1913-12-01_24	1913-12-01	day	1913		Physikalische Zeitschrift 1913-12-01: Iss 24	German
per_physikalische-zeitschrift_physikalische-zeitschrift_1913-12-15_25	1913-12-15	day	1913		Physikalische Zeitschrift 1913-12-15: Iss 25	German
per_physikalische-zeitschrift_physikalische-zeitschrift_1913_index	1913-01-01	year	1913		Physikalische Zeitschrift 1913: Index	German
per_physikalische-zeitschrift_physikalische-zeitschrift_1914-01-01_1	1914-01-01	day	1914		Physikalische Zeitschrift 1914-01-01: Iss 1	German
per_physikalische-zeitschrift_physikalische-zeitschrift_1914-01-15_2	1914-01-15	day	1914		Physikalische Zeitschrift 1914-01-15: Iss 2	German
per_physikalische-zeitschrift_physikalische-zeitschrift_1914-02-01_3	1914-02-01	day	1914		Physikalische Zeitschrift 1914-02-01: Iss 3	German
per_physikalische-zeitschrift_physikalische-zeitschrift_1914-02-15_4	1914-02-15	day	1914		Physikalische Zeitschrift 1914-02-15: Iss 4	German
per_physikalische-zeitschrift_physikalische-zeitschrift_1914-03-01_5	1914-03-01	day	1914		Physikalische Zeitschrift 1914-03-01: Iss 5	German
per_physikalische-zeitschrift_physikalische-zeitschrift_1914-03-15_6	1914-03-15	day	1914		Physikalische Zeitschrift 1914-03-15: Iss 6	German
per_physikalische-zeitschrift_physikalische-zeitschrift_1914-04-01_7	1914-04-01	day	1914		Physikalische Zeitschrift 1914-04-01: Iss 7	German
per_physikalische-zeitschrift_physikalische-zeitschrift_1914-04-15_8	1914-04-15	day	1914		Physikalische Zeitschrift 1914-04-15: Iss 8	German
per_physikalische-zeitschrift_physikalische-zeitschrift_1914-05-01_9	1914-05-01	day	1914		Physikalische Zeitschrift 1914-05-01: Iss 9	German
per_physikalische-zeitschrift_physikalische-zeitschrift_1914-05-15_10	1914-05-15	day	1914		Physikalische Zeitschrift 1914-05-15: Iss 10	German
per_physikalische-zeitschrift_physikalische-zeitschrift_1914-06-01_11	1914-06-01	day	1914		Physikalische Zeitschrift 1914-06-01: Iss 11	German
per_physikalische-zeitschrift_physikalische-zeitschrift_1914-06-15_12	1914-06-15	day	1914		Physikalische Zeitschrift 1914-06-15: Iss 12	German
per_physikalische-zeitschrift_physikalische-zeitschrift_1914-07-01_13	1914-07-01	day	1914		Physikalische Zeitschrift 1914-07-01: Iss 13	German
per_physikalische-zeitschrift_physikalische-zeitschrift_1914-07-15_14	1914-07-15	day	1914		Physikalische Zeitschrift 1914-07-15: Iss 14	German
per_physikalische-zeitschrift_physikalische-zeitschrift_1914-08-01_15	1914-08-01	day	1914		Physikalische Zeitschrift 1914-08-01: Iss 15	German
per_physikalische-zeitschrift_physikalische-zeitschrift_1914-08-15_16	1914-08-15	day	1914		Physikalische Zeitschrift 1914-08-15: Iss 16	German
per_physikalische-zeitschrift_physikalische-zeitschrift_1914-09-15_17-18	1914-09-15	day	1914		Physikalische Zeitschrift 1914-09-15: Iss 17-18	German
per_physikalische-zeitschrift_physikalische-zeitschrift_1914-10-01_19	1914-10-01	day	1914		Physikalische Zeitschrift 1914-10-01: Iss 19	German
per_physikalische-zeitschrift_physikalische-zeitschrift_1914-11-01_20-21	1914-11-01	day	1914		Physikalische Zeitschrift 1914-11-01: Iss 20-21	German
per_physikalische-zeitschrift_physikalische-zeitschrift_1914-12-01_22	1914-12-01	day	1914		Physikalische Zeitschrift 1914-12-01: Iss 22	German
per_physikalische-zeitschrift_physikalische-zeitschrift_1914-12-15_23-24	1914-12-15	day	1914		Physikalische Zeitschrift 1914-12-15: Iss 23-24	German
per_physikalische-zeitschrift_physikalische-zeitschrift_1914_index	1914-01-01	year	1914		Physikalische Zeitschrift 1914: Index	German
per_physikalische-zeitschrift_physikalische-zeitschrift_1915-01-01_1	1915-01-01	day	1915		Physikalische Zeitschrift 1915-01-01: Iss 1	German
per_physikalische-zeitschrift_physikalische-zeitschrift_1915-02-01_2-3	1915-02-01	day	1915		Physikalische Zeitschrift 1915-02-01: Iss 2-3	German
per_physikalische-zeitschrift_physikalische-zeitschrift_1915-02-15_4	1915-02-15	day	1915		Physikalische Zeitschrift 1915-02-15: Iss 4	German
per_physikalische-zeitschrift_physikalische-zeitschrift_1915-03-01_5	1915-03-01	day	1915		Physikalische Zeitschrift 1915-03-01: Iss 5	German
per_physikalische-zeitschrift_physikalische-zeitschrift_1915-03-15_6	1915-03-15	day	1915		Physikalische Zeitschrift 1915-03-15: Iss 6	German
per_physikalische-zeitschrift_physikalische-zeitschrift_1915-04-01_7	1915-04-01	day	1915		Physikalische Zeitschrift 1915-04-01: Iss 7	German
per_physikalische-zeitschrift_physikalische-zeitschrift_1915-04-15_8	1915-04-15	day	1915		Physikalische Zeitschrift 1915-04-15: Iss 8	German
per_physikalische-zeitschrift_physikalische-zeitschrift_1915-05-01_9-10	1915-05-01	day	1915		Physikalische Zeitschrift 1915-05-01: Iss 9-10	German
per_physikalische-zeitschrift_physikalische-zeitschrift_1915-06-01_11	1915-06-01	day	1915		Physikalische Zeitschrift 1915-06-01: Iss 11	German
per_physikalische-zeitschrift_physikalische-zeitschrift_1915-06-15_12	1915-06-15	day	1915		Physikalische Zeitschrift 1915-06-15: Iss 12	German
per_physikalische-zeitschrift_physikalische-zeitschrift_1915-07-15_13-14	1915-07-15	day	1915		Physikalische Zeitschrift 1915-07-15: Iss 13-14	German
per_physikalische-zeitschrift_physikalische-zeitschrift_1915-08-01_15	1915-08-01	day	1915		Physikalische Zeitschrift 1915-08-01: Iss 15	German
per_physikalische-zeitschrift_physikalische-zeitschrift_1915-08-15_16	1915-08-15	day	1915		Physikalische Zeitschrift 1915-08-15: Iss 16	German
per_physikalische-zeitschrift_physikalische-zeitschrift_1915-09-15_17-18	1915-09-15	day	1915		Physikalische Zeitschrift 1915-09-15: Iss 17-18	German
per_physikalische-zeitschrift_physikalische-zeitschrift_1915-10-01_19	1915-10-01	day	1915		Physikalische Zeitschrift 1915-10-01: Iss 19	German
per_physikalische-zeitschrift_physikalische-zeitschrift_1915-10-15_20	1915-10-15	day	1915		Physikalische Zeitschrift 1915-10-15: Iss 20	German
per_physikalische-zeitschrift_physikalische-zeitschrift_1915-11-01_21	1915-11-01	day	1915		Physikalische Zeitschrift 1915-11-01: Iss 21	German
per_physikalische-zeitschrift_physikalische-zeitschrift_1915-11-15_22	1915-11-15	day	1915		Physikalische Zeitschrift 1915-11-15: Iss 22	German
per_physikalische-zeitschrift_physikalische-zeitschrift_1915-12-01_23	1915-12-01	day	1915		Physikalische Zeitschrift 1915-12-01: Iss 23	German
per_physikalische-zeitschrift_physikalische-zeitschrift_1915-12-15_24	1915-12-15	day	1915		Physikalische Zeitschrift 1915-12-15: Iss 24	German
per_physikalische-zeitschrift_physikalische-zeitschrift_1915_index	1915-01-01	year	1915		Physikalische Zeitschrift 1915: Index	German
per_physikalische-zeitschrift_physikalische-zeitschrift_1916-01-01_1	1916-01-01	day	1916		Physikalische Zeitschrift 1916-01-01: Iss 1	German
per_physikalische-zeitschrift_physikalische-zeitschrift_1916-01-15_2	1916-01-15	day	1916		Physikalische Zeitschrift 1916-01-15: Iss 2	German
per_physikalische-zeitschrift_physikalische-zeitschrift_1916-02-01_3	1916-02-01	day	1916		Physikalische Zeitschrift 1916-02-01: Iss 3	German
per_physikalische-zeitschrift_physikalische-zeitschrift_1916-02-15_4	1916-02-15	day	1916		Physikalische Zeitschrift 1916-02-15: Iss 4	German
per_physikalische-zeitschrift_physikalische-zeitschrift_1916-03-01_5-6	1916-03-01	day	1916		Physikalische Zeitschrift 1916-03-01: Iss 5-6	German
per_physikalische-zeitschrift_physikalische-zeitschrift_1916-04-01_7	1916-04-01	day	1916		Physikalische Zeitschrift 1916-04-01: Iss 7	German
per_physikalische-zeitschrift_physikalische-zeitschrift_1916-04-15_8	1916-04-15	day	1916		Physikalische Zeitschrift 1916-04-15: Iss 8	German
per_physikalische-zeitschrift_physikalische-zeitschrift_1916-05-01_9	1916-05-01	day	1916		Physikalische Zeitschrift 1916-05-01: Iss 9	German
per_physikalische-zeitschrift_physikalische-zeitschrift_1916-05-15_10	1916-05-15	day	1916		Physikalische Zeitschrift 1916-05-15: Iss 10	German
per_physikalische-zeitschrift_physikalische-zeitschrift_1916-06-01_11	1916-06-01	day	1916		Physikalische Zeitschrift 1916-06-01: Iss 11	German
per_physikalische-zeitschrift_physikalische-zeitschrift_1916-06-15_12	1916-06-15	day	1916		Physikalische Zeitschrift 1916-06-15: Iss 12	German
per_physikalische-zeitschrift_physikalische-zeitschrift_1916-07-01_13	1916-07-01	day	1916		Physikalische Zeitschrift 1916-07-01: Iss 13	German
per_physikalische-zeitschrift_physikalische-zeitschrift_1916-07-15_14	1916-07-15	day	1916		Physikalische Zeitschrift 1916-07-15: Iss 14	German
per_physikalische-zeitschrift_physikalische-zeitschrift_1916-08-01_15	1916-08-01	day	1916		Physikalische Zeitschrift 1916-08-01: Iss 15	German
per_physikalische-zeitschrift_physikalische-zeitschrift_1916-08-15_16	1916-08-15	day	1916		Physikalische Zeitschrift 1916-08-15: Iss 16	German
per_physikalische-zeitschrift_physikalische-zeitschrift_1916-09-01_17	1916-09-01	day	1916		Physikalische Zeitschrift 1916-09-01: Iss 17	German
per_physikalische-zeitschrift_physikalische-zeitschrift_1916-09-15_18	1916-09-15	day	1916		Physikalische Zeitschrift 1916-09-15: Iss 18	German
per_physikalische-zeitschrift_physikalische-zeitschrift_1916-10-01_19	1916-10-01	day	1916		Physikalische Zeitschrift 1916-10-01: Iss 19	German
per_physikalische-zeitschrift_physikalische-zeitschrift_1916-10-15_20	1916-10-15	day	1916		Physikalische Zeitschrift 1916-10-15: Iss 20	German
per_physikalische-zeitschrift_physikalische-zeitschrift_1916-11-01_21	1916-11-01	day	1916		Physikalische Zeitschrift 1916-11-01: Iss 21	German
per_physikalische-zeitschrift_physikalische-zeitschrift_1916-11-15_22	1916-11-15	day	1916		Physikalische Zeitschrift 1916-11-15: Iss 22	German
per_physikalische-zeitschrift_physikalische-zeitschrift_1916-12-01_23	1916-12-01	day	1916		Physikalische Zeitschrift 1916-12-01: Iss 23	German
per_physikalische-zeitschrift_physikalische-zeitschrift_1916-12-15_24	1916-12-15	day	1916		Physikalische Zeitschrift 1916-12-15: Iss 24	German
per_physikalische-zeitschrift_physikalische-zeitschrift_1916_index	1916-01-01	year	1916		Physikalische Zeitschrift 1916: Index	German
per_physikalische-zeitschrift_physikalische-zeitschrift_1917-01-01_1	1917-01-01	day	1917		Physikalische Zeitschrift 1917-01-01: Iss 1	German
per_physikalische-zeitschrift_physikalische-zeitschrift_1917-01-15_2	1917-01-15	day	1917		Physikalische Zeitschrift 1917-01-15: Iss 2	German
per_physikalische-zeitschrift_physikalische-zeitschrift_1917-02-01_3	1917-02-01	day	1917		Physikalische Zeitschrift 1917-02-01: Iss 3	German
per_physikalische-zeitschrift_physikalische-zeitschrift_1917-02-15_4	1917-02-15	day	1917		Physikalische Zeitschrift 1917-02-15: Iss 4	German
per_physikalische-zeitschrift_physikalische-zeitschrift_1917-03-01_5	1917-03-01	day	1917		Physikalische Zeitschrift 1917-03-01: Iss 5	German
per_physikalische-zeitschrift_physikalische-zeitschrift_1917-03-15_6	1917-03-15	day	1917		Physikalische Zeitschrift 1917-03-15: Iss 6	German
per_physikalische-zeitschrift_physikalische-zeitschrift_1917-04-01_7	1917-04-01	day	1917		Physikalische Zeitschrift 1917-04-01: Iss 7	German
per_physikalische-zeitschrift_physikalische-zeitschrift_1917-04-15_8	1917-04-15	day	1917		Physikalische Zeitschrift 1917-04-15: Iss 8	German
per_physikalische-zeitschrift_physikalische-zeitschrift_1917-05-01_9	1917-05-01	day	1917		Physikalische Zeitschrift 1917-05-01: Iss 9	German
per_physikalische-zeitschrift_physikalische-zeitschrift_1917-05-15_10	1917-05-15	day	1917		Physikalische Zeitschrift 1917-05-15: Iss 10	German
per_physikalische-zeitschrift_physikalische-zeitschrift_1917-06-01_11	1917-06-01	day	1917		Physikalische Zeitschrift 1917-06-01: Iss 11	German
per_physikalische-zeitschrift_physikalische-zeitschrift_1917-06-15_12	1917-06-15	day	1917		Physikalische Zeitschrift 1917-06-15: Iss 12	German
per_physikalische-zeitschrift_physikalische-zeitschrift_1917-07-01_13	1917-07-01	day	1917		Physikalische Zeitschrift 1917-07-01: Iss 13	German
per_physikalische-zeitschrift_physikalische-zeitschrift_1917-07-15_14	1917-07-15	day	1917		Physikalische Zeitschrift 1917-07-15: Iss 14	German
per_physikalische-zeitschrift_physikalische-zeitschrift_1917-08-01_15	1917-08-01	day	1917		Physikalische Zeitschrift 1917-08-01: Iss 15	German
per_physikalische-zeitschrift_physikalische-zeitschrift_1917-08-15_16	1917-08-15	day	1917		Physikalische Zeitschrift 1917-08-15: Iss 16	German
per_physikalische-zeitschrift_physikalische-zeitschrift_1917-09-01_17	1917-09-01	day	1917		Physikalische Zeitschrift 1917-09-01: Iss 17	German
per_physikalische-zeitschrift_physikalische-zeitschrift_1917-09-15_18	1917-09-15	day	1917		Physikalische Zeitschrift 1917-09-15: Iss 18	German
per_physikalische-zeitschrift_physikalische-zeitschrift_1917-10-01_19	1917-10-01	day	1917		Physikalische Zeitschrift 1917-10-01: Iss 19	German
per_physikalische-zeitschrift_physikalische-zeitschrift_1917-10-15_20	1917-10-15	day	1917		Physikalische Zeitschrift 1917-10-15: Iss 20	German
per_physikalische-zeitschrift_physikalische-zeitschrift_1917-11-01_21	1917-11-01	day	1917		Physikalische Zeitschrift 1917-11-01: Iss 21	German
per_physikalische-zeitschrift_physikalische-zeitschrift_1917-11-15_22	1917-11-15	day	1917		Physikalische Zeitschrift 1917-11-15: Iss 22	German
per_physikalische-zeitschrift_physikalische-zeitschrift_1917-12-01_23	1917-12-01	day	1917		Physikalische Zeitschrift 1917-12-01: Iss 23	German
per_physikalische-zeitschrift_physikalische-zeitschrift_1917-12-15_24	1917-12-15	day	1917		Physikalische Zeitschrift 1917-12-15: Iss 24	German
per_physikalische-zeitschrift_physikalische-zeitschrift_1917_index	1917-01-01	year	1917		Physikalische Zeitschrift 1917: Index	German
per_physikalische-zeitschrift_physikalische-zeitschrift_1918-01-01_1	1918-01-01	day	1918		Physikalische Zeitschrift 1918-01-01: Iss 1	German
per_physikalische-zeitschrift_physikalische-zeitschrift_1918-01-15_2	1918-01-15	day	1918		Physikalische Zeitschrift 1918-01-15: Iss 2	German
per_physikalische-zeitschrift_physikalische-zeitschrift_1918-02-01_3	1918-02-01	day	1918		Physikalische Zeitschrift 1918-02-01: Iss 3	German
per_physikalische-zeitschrift_physikalische-zeitschrift_1918-02-15_4	1918-02-15	day	1918		Physikalische Zeitschrift 1918-02-15: Iss 4	German
per_physikalische-zeitschrift_physikalische-zeitschrift_1918-03-01_5	1918-03-01	day	1918		Physikalische Zeitschrift 1918-03-01: Iss 5	German
per_physikalische-zeitschrift_physikalische-zeitschrift_1918-03-15_6	1918-03-15	day	1918		Physikalische Zeitschrift 1918-03-15: Iss 6	German
per_physikalische-zeitschrift_physikalische-zeitschrift_1918-04-01_7	1918-04-01	day	1918		Physikalische Zeitschrift 1918-04-01: Iss 7	German
per_physikalische-zeitschrift_physikalische-zeitschrift_1918-04-15_8	1918-04-15	day	1918		Physikalische Zeitschrift 1918-04-15: Iss 8	German
per_physikalische-zeitschrift_physikalische-zeitschrift_1918-05-01_9	1918-05-01	day	1918		Physikalische Zeitschrift 1918-05-01: Iss 9	German
per_physikalische-zeitschrift_physikalische-zeitschrift_1918-05-15_10	1918-05-15	day	1918		Physikalische Zeitschrift 1918-05-15: Iss 10	German
per_physikalische-zeitschrift_physikalische-zeitschrift_1918-06-01_11	1918-06-01	day	1918		Physikalische Zeitschrift 1918-06-01: Iss 11	German
per_physikalische-zeitschrift_physikalische-zeitschrift_1918-06-15_12	1918-06-15	day	1918		Physikalische Zeitschrift 1918-06-15: Iss 12	German
per_physikalische-zeitschrift_physikalische-zeitschrift_1918-07-01_13	1918-07-01	day	1918		Physikalische Zeitschrift 1918-07-01: Iss 13	German
per_physikalische-zeitschrift_physikalische-zeitschrift_1918-07-15_14	1918-07-15	day	1918		Physikalische Zeitschrift 1918-07-15: Iss 14	German
per_physikalische-zeitschrift_physikalische-zeitschrift_1918-08-01_15	1918-08-01	day	1918		Physikalische Zeitschrift 1918-08-01: Iss 15	German
per_physikalische-zeitschrift_physikalische-zeitschrift_1918-08-15_16	1918-08-15	day	1918		Physikalische Zeitschrift 1918-08-15: Iss 16	German
per_physikalische-zeitschrift_physikalische-zeitschrift_1918-09-01_17	1918-09-01	day	1918		Physikalische Zeitschrift 1918-09-01: Iss 17	German
per_physikalische-zeitschrift_physikalische-zeitschrift_1918-09-15_18	1918-09-15	day	1918		Physikalische Zeitschrift 1918-09-15: Iss 18	German
per_physikalische-zeitschrift_physikalische-zeitschrift_1918-10-01_19	1918-10-01	day	1918		Physikalische Zeitschrift 1918-10-01: Iss 19	German
per_physikalische-zeitschrift_physikalische-zeitschrift_1918-10-15_20	1918-10-15	day	1918		Physikalische Zeitschrift 1918-10-15: Iss 20	German
per_physikalische-zeitschrift_physikalische-zeitschrift_1918-11-01_21	1918-11-01	day	1918		Physikalische Zeitschrift 1918-11-01: Iss 21	German
per_physikalische-zeitschrift_physikalische-zeitschrift_1918-11-15_22	1918-11-15	day	1918		Physikalische Zeitschrift 1918-11-15: Iss 22	German
per_physikalische-zeitschrift_physikalische-zeitschrift_1918-12-01_23	1918-12-01	day	1918		Physikalische Zeitschrift 1918-12-01: Iss 23	German
per_physikalische-zeitschrift_physikalische-zeitschrift_1918-12-15_24	1918-12-15	day	1918		Physikalische Zeitschrift 1918-12-15: Iss 24	German
per_physikalische-zeitschrift_physikalische-zeitschrift_1918_index	1918-01-01	year	1918		Physikalische Zeitschrift 1918: Index	German
per_physikalische-zeitschrift_physikalische-zeitschrift_1919-01-01_1	1919-01-01	day	1919		Physikalische Zeitschrift 1919-01-01: Iss 1	German
per_physikalische-zeitschrift_physikalische-zeitschrift_1919-01-15_2	1919-01-15	day	1919		Physikalische Zeitschrift 1919-01-15: Iss 2	German
per_physikalische-zeitschrift_physikalische-zeitschrift_1919-02-01_3	1919-02-01	day	1919		Physikalische Zeitschrift 1919-02-01: Iss 3	German
per_physikalische-zeitschrift_physikalische-zeitschrift_1919-02-15_4	1919-02-15	day	1919		Physikalische Zeitschrift 1919-02-15: Iss 4	German
per_physikalische-zeitschrift_physikalische-zeitschrift_1919-03-01_5	1919-03-01	day	1919		Physikalische Zeitschrift 1919-03-01: Iss 5	German
per_physikalische-zeitschrift_physikalische-zeitschrift_1919-03-15_6	1919-03-15	day	1919		Physikalische Zeitschrift 1919-03-15: Iss 6	German
per_physikalische-zeitschrift_physikalische-zeitschrift_1919-04-01_7	1919-04-01	day	1919		Physikalische Zeitschrift 1919-04-01: Iss 7	German
per_physikalische-zeitschrift_physikalische-zeitschrift_1919-04-15_8	1919-04-15	day	1919		Physikalische Zeitschrift 1919-04-15: Iss 8	German
per_physikalische-zeitschrift_physikalische-zeitschrift_1919-05-01_9	1919-05-01	day	1919		Physikalische Zeitschrift 1919-05-01: Iss 9	German
per_physikalische-zeitschrift_physikalische-zeitschrift_1919-05-15_10	1919-05-15	day	1919		Physikalische Zeitschrift 1919-05-15: Iss 10	German
per_physikalische-zeitschrift_physikalische-zeitschrift_1919-06-01_11	1919-06-01	day	1919		Physikalische Zeitschrift 1919-06-01: Iss 11	German
per_physikalische-zeitschrift_physikalische-zeitschrift_1919-06-15_12	1919-06-15	day	1919		Physikalische Zeitschrift 1919-06-15: Iss 12	German
per_physikalische-zeitschrift_physikalische-zeitschrift_1919-07-01_13	1919-07-01	day	1919		Physikalische Zeitschrift 1919-07-01: Iss 13	German
per_physikalische-zeitschrift_physikalische-zeitschrift_1919-07-15_14	1919-07-15	day	1919		Physikalische Zeitschrift 1919-07-15: Iss 14	German
per_physikalische-zeitschrift_physikalische-zeitschrift_1919-08-01_15	1919-08-01	day	1919		Physikalische Zeitschrift 1919-08-01: Iss 15	German
per_physikalische-zeitschrift_physikalische-zeitschrift_1919-08-15_16	1919-08-15	day	1919		Physikalische Zeitschrift 1919-08-15: Iss 16	German
per_physikalische-zeitschrift_physikalische-zeitschrift_1919-09-01_17	1919-09-01	day	1919		Physikalische Zeitschrift 1919-09-01: Iss 17	German
per_physikalische-zeitschrift_physikalische-zeitschrift_1919-09-15_18	1919-09-15	day	1919		Physikalische Zeitschrift 1919-09-15: Iss 18	German
per_physikalische-zeitschrift_physikalische-zeitschrift_1919-10-01_19	1919-10-01	day	1919		Physikalische Zeitschrift 1919-10-01: Iss 19	German
per_physikalische-zeitschrift_physikalische-zeitschrift_1919-10-15_20	1919-10-15	day	1919		Physikalische Zeitschrift 1919-10-15: Iss 20	German
per_physikalische-zeitschrift_physikalische-zeitschrift_1919-11-01_21	1919-11-01	day	1919		Physikalische Zeitschrift 1919-11-01: Iss 21	German
per_physikalische-zeitschrift_physikalische-zeitschrift_1919-11-15_22	1919-11-15	day	1919		Physikalische Zeitschrift 1919-11-15: Iss 22	German
per_physikalische-zeitschrift_physikalische-zeitschrift_1919-12-01_23	1919-12-01	day	1919		Physikalische Zeitschrift 1919-12-01: Iss 23	German
per_physikalische-zeitschrift_physikalische-zeitschrift_1919-12-15_24	1919-12-15	day	1919		Physikalische Zeitschrift 1919-12-15: Iss 24	German
per_physikalische-zeitschrift_physikalische-zeitschrift_1919_index	1919-01-01	year	1919		Physikalische Zeitschrift 1919: Index	German
per_physikalische-zeitschrift_physikalische-zeitschrift_1920-01-01_1	1920-01-01	day	1920		Physikalische Zeitschrift 1920-01-01: Iss 1	German
per_physikalische-zeitschrift_physikalische-zeitschrift_1920-01-15_2	1920-01-15	day	1920		Physikalische Zeitschrift 1920-01-15: Iss 2	German
per_physikalische-zeitschrift_physikalische-zeitschrift_1920-02-01_3	1920-02-01	day	1920		Physikalische Zeitschrift 1920-02-01: Iss 3	German
per_physikalische-zeitschrift_physikalische-zeitschrift_1920-02-15_4	1920-02-15	day	1920		Physikalische Zeitschrift 1920-02-15: Iss 4	German
per_physikalische-zeitschrift_physikalische-zeitschrift_1920-03-01_5	1920-03-01	day	1920		Physikalische Zeitschrift 1920-03-01: Iss 5	German
per_physikalische-zeitschrift_physikalische-zeitschrift_1920-03-15_6	1920-03-15	day	1920		Physikalische Zeitschrift 1920-03-15: Iss 6	German
per_physikalische-zeitschrift_physikalische-zeitschrift_1920-04-01_7	1920-04-01	day	1920		Physikalische Zeitschrift 1920-04-01: Iss 7	German
per_physikalische-zeitschrift_physikalische-zeitschrift_1920-04-15_8	1920-04-15	day	1920		Physikalische Zeitschrift 1920-04-15: Iss 8	German
per_physikalische-zeitschrift_physikalische-zeitschrift_1920-05-01_9	1920-05-01	day	1920		Physikalische Zeitschrift 1920-05-01: Iss 9	German
per_physikalische-zeitschrift_physikalische-zeitschrift_1920-05-15_10	1920-05-15	day	1920		Physikalische Zeitschrift 1920-05-15: Iss 10	German
per_physikalische-zeitschrift_physikalische-zeitschrift_1920-06-01_11	1920-06-01	day	1920		Physikalische Zeitschrift 1920-06-01: Iss 11	German
per_physikalische-zeitschrift_physikalische-zeitschrift_1920-06-15_12	1920-06-15	day	1920		Physikalische Zeitschrift 1920-06-15: Iss 12	German
per_physikalische-zeitschrift_physikalische-zeitschrift_1920-07-01_13	1920-07-01	day	1920		Physikalische Zeitschrift 1920-07-01: Iss 13	German
per_physikalische-zeitschrift_physikalische-zeitschrift_1920-07-15_14	1920-07-15	day	1920		Physikalische Zeitschrift 1920-07-15: Iss 14	German
per_physikalische-zeitschrift_physikalische-zeitschrift_1920-08-01_15	1920-08-01	day	1920		Physikalische Zeitschrift 1920-08-01: Iss 15	German
per_physikalische-zeitschrift_physikalische-zeitschrift_1920-08-15_16	1920-08-15	day	1920		Physikalische Zeitschrift 1920-08-15: Iss 16	German
per_physikalische-zeitschrift_physikalische-zeitschrift_1920-09-01_17	1920-09-01	day	1920		Physikalische Zeitschrift 1920-09-01: Iss 17	German
per_physikalische-zeitschrift_physikalische-zeitschrift_1920-09-15_18	1920-09-15	day	1920		Physikalische Zeitschrift 1920-09-15: Iss 18	German
per_physikalische-zeitschrift_physikalische-zeitschrift_1920-10-01_19	1920-10-01	day	1920		Physikalische Zeitschrift 1920-10-01: Iss 19	German
per_physikalische-zeitschrift_physikalische-zeitschrift_1920-10-15_20	1920-10-15	day	1920		Physikalische Zeitschrift 1920-10-15: Iss 20	German
per_physikalische-zeitschrift_physikalische-zeitschrift_1920-11-01_21-22	1920-11-01	day	1920		Physikalische Zeitschrift 1920-11-01: Iss 21-22	German
per_physikalische-zeitschrift_physikalische-zeitschrift_1920-11-15_23-24	1920-11-15	day	1920		Physikalische Zeitschrift 1920-11-15: Iss 23-24	German
per_physikalische-zeitschrift_physikalische-zeitschrift_1920_index	1920-01-01	year	1920		Physikalische Zeitschrift 1920: Index	German
per_physikalische-zeitschrift_physikalische-zeitschrift_1921-01-01_1	1921-01-01	day	1921		Physikalische Zeitschrift 1921-01-01: Iss 1	German
per_physikalische-zeitschrift_physikalische-zeitschrift_1921-01-15_2	1921-01-15	day	1921		Physikalische Zeitschrift 1921-01-15: Iss 2	German
per_physikalische-zeitschrift_physikalische-zeitschrift_1921-02-01_3	1921-02-01	day	1921		Physikalische Zeitschrift 1921-02-01: Iss 3	German
per_physikalische-zeitschrift_physikalische-zeitschrift_1921-02-15_4	1921-02-15	day	1921		Physikalische Zeitschrift 1921-02-15: Iss 4	German
per_physikalische-zeitschrift_physikalische-zeitschrift_1921-03-01_5	1921-03-01	day	1921		Physikalische Zeitschrift 1921-03-01: Iss 5	German
per_physikalische-zeitschrift_physikalische-zeitschrift_1921-03-15_6	1921-03-15	day	1921		Physikalische Zeitschrift 1921-03-15: Iss 6	German
per_physikalische-zeitschrift_physikalische-zeitschrift_1921-04-01_7	1921-04-01	day	1921		Physikalische Zeitschrift 1921-04-01: Iss 7	German
per_physikalische-zeitschrift_physikalische-zeitschrift_1921-04-15_8	1921-04-15	day	1921		Physikalische Zeitschrift 1921-04-15: Iss 8	German
per_physikalische-zeitschrift_physikalische-zeitschrift_1921-05-01_9	1921-05-01	day	1921		Physikalische Zeitschrift 1921-05-01: Iss 9	German
per_physikalische-zeitschrift_physikalische-zeitschrift_1921-05-15_10	1921-05-15	day	1921		Physikalische Zeitschrift 1921-05-15: Iss 10	German
per_physikalische-zeitschrift_physikalische-zeitschrift_1921-06-01_11	1921-06-01	day	1921		Physikalische Zeitschrift 1921-06-01: Iss 11	German
per_physikalische-zeitschrift_physikalische-zeitschrift_1921-06-15_12	1921-06-15	day	1921		Physikalische Zeitschrift 1921-06-15: Iss 12	German
per_physikalische-zeitschrift_physikalische-zeitschrift_1921-07-01_13	1921-07-01	day	1921		Physikalische Zeitschrift 1921-07-01: Iss 13	German
per_physikalische-zeitschrift_physikalische-zeitschrift_1921-07-15_14	1921-07-15	day	1921		Physikalische Zeitschrift 1921-07-15: Iss 14	German
per_physikalische-zeitschrift_physikalische-zeitschrift_1921-08-01_15	1921-08-01	day	1921		Physikalische Zeitschrift 1921-08-01: Iss 15	German
per_physikalische-zeitschrift_physikalische-zeitschrift_1921-08-15_16	1921-08-15	day	1921		Physikalische Zeitschrift 1921-08-15: Iss 16	German
per_physikalische-zeitschrift_physikalische-zeitschrift_1921-09-01_17	1921-09-01	day	1921		Physikalische Zeitschrift 1921-09-01: Iss 17	German
per_physikalische-zeitschrift_physikalische-zeitschrift_1921-09-15_18	1921-09-15	day	1921		Physikalische Zeitschrift 1921-09-15: Iss 18	German
per_physikalische-zeitschrift_physikalische-zeitschrift_1921-10-15_19-20	1921-10-15	day	1921		Physikalische Zeitschrift 1921-10-15: Iss 19-20	German
per_physikalische-zeitschrift_physikalische-zeitschrift_1921-11-15_21-22	1921-11-15	day	1921		Physikalische Zeitschrift 1921-11-15: Iss 21-22	German
per_physikalische-zeitschrift_physikalische-zeitschrift_1921-12-01_23	1921-12-01	day	1921		Physikalische Zeitschrift 1921-12-01: Iss 23	German
per_physikalische-zeitschrift_physikalische-zeitschrift_1921-12-15_24	1921-12-15	day	1921		Physikalische Zeitschrift 1921-12-15: Iss 24	German
per_physikalische-zeitschrift_physikalische-zeitschrift_1921_index	1921-01-01	year	1921		Physikalische Zeitschrift 1921: Index	German
per_physikalische-zeitschrift_physikalische-zeitschrift_1922-01-01_1	1922-01-01	day	1922		Physikalische Zeitschrift 1922-01-01: Iss 1	German
per_physikalische-zeitschrift_physikalische-zeitschrift_1922-01-15_2	1922-01-15	day	1922		Physikalische Zeitschrift 1922-01-15: Iss 2	German
per_physikalische-zeitschrift_physikalische-zeitschrift_1922-02-01_3	1922-02-01	day	1922		Physikalische Zeitschrift 1922-02-01: Iss 3	German
per_physikalische-zeitschrift_physikalische-zeitschrift_1922-02-15_4	1922-02-15	day	1922		Physikalische Zeitschrift 1922-02-15: Iss 4	German
per_physikalische-zeitschrift_physikalische-zeitschrift_1922-03-01_5	1922-03-01	day	1922		Physikalische Zeitschrift 1922-03-01: Iss 5	German
per_physikalische-zeitschrift_physikalische-zeitschrift_1922-03-15_6	1922-03-15	day	1922		Physikalische Zeitschrift 1922-03-15: Iss 6	German
per_physikalische-zeitschrift_physikalische-zeitschrift_1922-04-01_7	1922-04-01	day	1922		Physikalische Zeitschrift 1922-04-01: Iss 7	German
per_physikalische-zeitschrift_physikalische-zeitschrift_1922-04-15_8	1922-04-15	day	1922		Physikalische Zeitschrift 1922-04-15: Iss 8	German
per_physikalische-zeitschrift_physikalische-zeitschrift_1922-05-01_9	1922-05-01	day	1922		Physikalische Zeitschrift 1922-05-01: Iss 9	German
per_physikalische-zeitschrift_physikalische-zeitschrift_1922-05-15_10	1922-05-15	day	1922		Physikalische Zeitschrift 1922-05-15: Iss 10	German
per_physikalische-zeitschrift_physikalische-zeitschrift_1922-06-01_11	1922-06-01	day	1922		Physikalische Zeitschrift 1922-06-01: Iss 11	German
per_physikalische-zeitschrift_physikalische-zeitschrift_1922-06-15_12	1922-06-15	day	1922		Physikalische Zeitschrift 1922-06-15: Iss 12	German
per_physikalische-zeitschrift_physikalische-zeitschrift_1922-07-01_13	1922-07-01	day	1922		Physikalische Zeitschrift 1922-07-01: Iss 13	German
per_physikalische-zeitschrift_physikalische-zeitschrift_1922-07-15_14	1922-07-15	day	1922		Physikalische Zeitschrift 1922-07-15: Iss 14	German
per_physikalische-zeitschrift_physikalische-zeitschrift_1922-08-01_15	1922-08-01	day	1922		Physikalische Zeitschrift 1922-08-01: Iss 15	German
per_physikalische-zeitschrift_physikalische-zeitschrift_1922-08-15_16	1922-08-15	day	1922		Physikalische Zeitschrift 1922-08-15: Iss 16	German
per_physikalische-zeitschrift_physikalische-zeitschrift_1922-09-01_17	1922-09-01	day	1922		Physikalische Zeitschrift 1922-09-01: Iss 17	German
per_physikalische-zeitschrift_physikalische-zeitschrift_1922-09-15_18	1922-09-15	day	1922		Physikalische Zeitschrift 1922-09-15: Iss 18	German
per_physikalische-zeitschrift_physikalische-zeitschrift_1922-10-01_19	1922-10-01	day	1922		Physikalische Zeitschrift 1922-10-01: Iss 19	German
per_physikalische-zeitschrift_physikalische-zeitschrift_1922-11-01_20-21	1922-11-01	day	1922		Physikalische Zeitschrift 1922-11-01: Iss 20-21	German
per_physikalische-zeitschrift_physikalische-zeitschrift_1922-12-01_22-23	1922-12-01	day	1922		Physikalische Zeitschrift 1922-12-01: Iss 22-23	German
per_physikalische-zeitschrift_physikalische-zeitschrift_1922-12-15_24	1922-12-15	day	1922		Physikalische Zeitschrift 1922-12-15: Iss 24	German
per_physikalische-zeitschrift_physikalische-zeitschrift_1922_index	1922-01-01	year	1922		Physikalische Zeitschrift 1922: Index	German
per_physikalische-zeitschrift_physikalische-zeitschrift_1923-01-01_1	1923-01-01	day	1923		Physikalische Zeitschrift 1923-01-01: Iss 1	German
per_physikalische-zeitschrift_physikalische-zeitschrift_1923-01-15_2	1923-01-15	day	1923		Physikalische Zeitschrift 1923-01-15: Iss 2	German
per_physikalische-zeitschrift_physikalische-zeitschrift_1923-02-01_3	1923-02-01	day	1923		Physikalische Zeitschrift 1923-02-01: Iss 3	German
per_physikalische-zeitschrift_physikalische-zeitschrift_1923-02-15_4	1923-02-15	day	1923		Physikalische Zeitschrift 1923-02-15: Iss 4	German
per_physikalische-zeitschrift_physikalische-zeitschrift_1923-03-01_5	1923-03-01	day	1923		Physikalische Zeitschrift 1923-03-01: Iss 5	German
per_physikalische-zeitschrift_physikalische-zeitschrift_1923-03-15_6	1923-03-15	day	1923		Physikalische Zeitschrift 1923-03-15: Iss 6	German
per_physikalische-zeitschrift_physikalische-zeitschrift_1923-04-01_7	1923-04-01	day	1923		Physikalische Zeitschrift 1923-04-01: Iss 7	German
per_physikalische-zeitschrift_physikalische-zeitschrift_1923-04-15_8	1923-04-15	day	1923		Physikalische Zeitschrift 1923-04-15: Iss 8	German
per_physikalische-zeitschrift_physikalische-zeitschrift_1923-05-01_9	1923-05-01	day	1923		Physikalische Zeitschrift 1923-05-01: Iss 9	German
per_physikalische-zeitschrift_physikalische-zeitschrift_1923-05-15_10	1923-05-15	day	1923		Physikalische Zeitschrift 1923-05-15: Iss 10	German
per_physikalische-zeitschrift_physikalische-zeitschrift_1923-06-01_11	1923-06-01	day	1923		Physikalische Zeitschrift 1923-06-01: Iss 11	German
per_physikalische-zeitschrift_physikalische-zeitschrift_1923-06-15_12	1923-06-15	day	1923		Physikalische Zeitschrift 1923-06-15: Iss 12	German
per_physikalische-zeitschrift_physikalische-zeitschrift_1923-07-01_13	1923-07-01	day	1923		Physikalische Zeitschrift 1923-07-01: Iss 13	German
per_physikalische-zeitschrift_physikalische-zeitschrift_1923-07-15_14	1923-07-15	day	1923		Physikalische Zeitschrift 1923-07-15: Iss 14	German
per_physikalische-zeitschrift_physikalische-zeitschrift_1923-08-01_15	1923-08-01	day	1923		Physikalische Zeitschrift 1923-08-01: Iss 15	German
per_physikalische-zeitschrift_physikalische-zeitschrift_1923-08-15_16	1923-08-15	day	1923		Physikalische Zeitschrift 1923-08-15: Iss 16	German
per_physikalische-zeitschrift_physikalische-zeitschrift_1923-09-01_17	1923-09-01	day	1923		Physikalische Zeitschrift 1923-09-01: Iss 17	German
per_physikalische-zeitschrift_physikalische-zeitschrift_1923-09-15_18	1923-09-15	day	1923		Physikalische Zeitschrift 1923-09-15: Iss 18	German
per_physikalische-zeitschrift_physikalische-zeitschrift_1923-10-01_19	1923-10-01	day	1923		Physikalische Zeitschrift 1923-10-01: Iss 19	German
per_physikalische-zeitschrift_physikalische-zeitschrift_1923-10-15_20	1923-10-15	day	1923		Physikalische Zeitschrift 1923-10-15: Iss 20	German
per_physikalische-zeitschrift_physikalische-zeitschrift_1923-11-15_21-22	1923-11-15	day	1923		Physikalische Zeitschrift 1923-11-15: Iss 21-22	German
per_physikalische-zeitschrift_physikalische-zeitschrift_1923-12-15_23-24	1923-12-15	day	1923		Physikalische Zeitschrift 1923-12-15: Iss 23-24	German
per_physikalische-zeitschrift_physikalische-zeitschrift_1923_index	1923-01-01	year	1923		Physikalische Zeitschrift 1923: Index	German
per_physikalische-zeitschrift_physikalische-zeitschrift_1924-01-01_1	1924-01-01	day	1924		Physikalische Zeitschrift 1924-01-01: Iss 1	German
per_physikalische-zeitschrift_physikalische-zeitschrift_1924-01-15_2	1924-01-15	day	1924		Physikalische Zeitschrift 1924-01-15: Iss 2	German
per_physikalische-zeitschrift_physikalische-zeitschrift_1924-02-01_3	1924-02-01	day	1924		Physikalische Zeitschrift 1924-02-01: Iss 3	German
per_physikalische-zeitschrift_physikalische-zeitschrift_1924-02-15_4	1924-02-15	day	1924		Physikalische Zeitschrift 1924-02-15: Iss 4	German
per_physikalische-zeitschrift_physikalische-zeitschrift_1924-03-01_5	1924-03-01	day	1924		Physikalische Zeitschrift 1924-03-01: Iss 5	German
per_physikalische-zeitschrift_physikalische-zeitschrift_1924-03-15_6	1924-03-15	day	1924		Physikalische Zeitschrift 1924-03-15: Iss 6	German
per_physikalische-zeitschrift_physikalische-zeitschrift_1924-04-01_7	1924-04-01	day	1924		Physikalische Zeitschrift 1924-04-01: Iss 7	German
per_physikalische-zeitschrift_physikalische-zeitschrift_1924-04-15_8	1924-04-15	day	1924		Physikalische Zeitschrift 1924-04-15: Iss 8	German
per_physikalische-zeitschrift_physikalische-zeitschrift_1924-05-01_9	1924-05-01	day	1924		Physikalische Zeitschrift 1924-05-01: Iss 9	German
per_physikalische-zeitschrift_physikalische-zeitschrift_1924-05-15_10	1924-05-15	day	1924		Physikalische Zeitschrift 1924-05-15: Iss 10	German
per_physikalische-zeitschrift_physikalische-zeitschrift_1924-06-01_11	1924-06-01	day	1924		Physikalische Zeitschrift 1924-06-01: Iss 11	German
per_physikalische-zeitschrift_physikalische-zeitschrift_1924-06-15_12	1924-06-15	day	1924		Physikalische Zeitschrift 1924-06-15: Iss 12	German
per_physikalische-zeitschrift_physikalische-zeitschrift_1924-07-01_13	1924-07-01	day	1924		Physikalische Zeitschrift 1924-07-01: Iss 13	German
per_physikalische-zeitschrift_physikalische-zeitschrift_1924-07-15_14	1924-07-15	day	1924		Physikalische Zeitschrift 1924-07-15: Iss 14	German
per_physikalische-zeitschrift_physikalische-zeitschrift_1924-08-01_15	1924-08-01	day	1924		Physikalische Zeitschrift 1924-08-01: Iss 15	German
per_physikalische-zeitschrift_physikalische-zeitschrift_1924-08-15_16	1924-08-15	day	1924		Physikalische Zeitschrift 1924-08-15: Iss 16	German
per_physikalische-zeitschrift_physikalische-zeitschrift_1924-09-01_17	1924-09-01	day	1924		Physikalische Zeitschrift 1924-09-01: Iss 17	German
per_physikalische-zeitschrift_physikalische-zeitschrift_1924-09-15_18	1924-09-15	day	1924		Physikalische Zeitschrift 1924-09-15: Iss 18	German
per_physikalische-zeitschrift_physikalische-zeitschrift_1924-10-01_19	1924-10-01	day	1924		Physikalische Zeitschrift 1924-10-01: Iss 19	German
per_physikalische-zeitschrift_physikalische-zeitschrift_1924-10-15_20	1924-10-15	day	1924		Physikalische Zeitschrift 1924-10-15: Iss 20	German
per_physikalische-zeitschrift_physikalische-zeitschrift_1924-11-01_21	1924-11-01	day	1924		Physikalische Zeitschrift 1924-11-01: Iss 21	German
per_physikalische-zeitschrift_physikalische-zeitschrift_1924-11-15_22	1924-11-15	day	1924		Physikalische Zeitschrift 1924-11-15: Iss 22	German
per_physikalische-zeitschrift_physikalische-zeitschrift_1924-12-01_23	1924-12-01	day	1924		Physikalische Zeitschrift 1924-12-01: Iss 23	German
per_physikalische-zeitschrift_physikalische-zeitschrift_1924-12-15_24	1924-12-15	day	1924		Physikalische Zeitschrift 1924-12-15: Iss 24	German
per_physikalische-zeitschrift_physikalische-zeitschrift_1924_index	1924-01-01	year	1924		Physikalische Zeitschrift 1924: Index	German
per_physikalische-zeitschrift_physikalische-zeitschrift_1925-01-01_1	1925-01-01	day	1925		Physikalische Zeitschrift 1925-01-01: Iss 1	German
per_physikalische-zeitschrift_physikalische-zeitschrift_1925-01-15_2	1925-01-15	day	1925		Physikalische Zeitschrift 1925-01-15: Iss 2	German
per_physikalische-zeitschrift_physikalische-zeitschrift_1925-02-01_3	1925-02-01	day	1925		Physikalische Zeitschrift 1925-02-01: Iss 3	German
per_physikalische-zeitschrift_physikalische-zeitschrift_1925-02-15_4	1925-02-15	day	1925		Physikalische Zeitschrift 1925-02-15: Iss 4	German
per_physikalische-zeitschrift_physikalische-zeitschrift_1925-03-01_5	1925-03-01	day	1925		Physikalische Zeitschrift 1925-03-01: Iss 5	German
per_physikalische-zeitschrift_physikalische-zeitschrift_1925-03-15_6	1925-03-15	day	1925		Physikalische Zeitschrift 1925-03-15: Iss 6	German
per_physikalische-zeitschrift_physikalische-zeitschrift_1925-04-01_7	1925-04-01	day	1925		Physikalische Zeitschrift 1925-04-01: Iss 7	German
per_physikalische-zeitschrift_physikalische-zeitschrift_1925-04-15_8	1925-04-15	day	1925		Physikalische Zeitschrift 1925-04-15: Iss 8	German
per_physikalische-zeitschrift_physikalische-zeitschrift_1925-05-01_9	1925-05-01	day	1925		Physikalische Zeitschrift 1925-05-01: Iss 9	German
per_physikalische-zeitschrift_physikalische-zeitschrift_1925-05-15_10	1925-05-15	day	1925		Physikalische Zeitschrift 1925-05-15: Iss 10	German
per_physikalische-zeitschrift_physikalische-zeitschrift_1925-06-01_11	1925-06-01	day	1925		Physikalische Zeitschrift 1925-06-01: Iss 11	German
per_physikalische-zeitschrift_physikalische-zeitschrift_1925-06-15_12	1925-06-15	day	1925		Physikalische Zeitschrift 1925-06-15: Iss 12	German
per_physikalische-zeitschrift_physikalische-zeitschrift_1925-07-01_13	1925-07-01	day	1925		Physikalische Zeitschrift 1925-07-01: Iss 13	German
per_physikalische-zeitschrift_physikalische-zeitschrift_1925-07-15_14	1925-07-15	day	1925		Physikalische Zeitschrift 1925-07-15: Iss 14	German
per_physikalische-zeitschrift_physikalische-zeitschrift_1925-08-01_15	1925-08-01	day	1925		Physikalische Zeitschrift 1925-08-01: Iss 15	German
per_physikalische-zeitschrift_physikalische-zeitschrift_1925-08-15_16	1925-08-15	day	1925		Physikalische Zeitschrift 1925-08-15: Iss 16	German
per_physikalische-zeitschrift_physikalische-zeitschrift_1925-09-01_17	1925-09-01	day	1925		Physikalische Zeitschrift 1925-09-01: Iss 17	German
per_physikalische-zeitschrift_physikalische-zeitschrift_1925-09-15_18	1925-09-15	day	1925		Physikalische Zeitschrift 1925-09-15: Iss 18	German
per_physikalische-zeitschrift_physikalische-zeitschrift_1925-10-01_19	1925-10-01	day	1925		Physikalische Zeitschrift 1925-10-01: Iss 19	German
per_physikalische-zeitschrift_physikalische-zeitschrift_1925-10-15_20	1925-10-15	day	1925		Physikalische Zeitschrift 1925-10-15: Iss 20	German
per_physikalische-zeitschrift_physikalische-zeitschrift_1925-11-01_21	1925-11-01	day	1925		Physikalische Zeitschrift 1925-11-01: Iss 21	German
per_physikalische-zeitschrift_physikalische-zeitschrift_1925-11-15_22	1925-11-15	day	1925		Physikalische Zeitschrift 1925-11-15: Iss 22	German
per_physikalische-zeitschrift_physikalische-zeitschrift_1925-12-01_23	1925-12-01	day	1925		Physikalische Zeitschrift 1925-12-01: Iss 23	German
per_physikalische-zeitschrift_physikalische-zeitschrift_1925-12-15_24	1925-12-15	day	1925		Physikalische Zeitschrift 1925-12-15: Iss 24	German
per_physikalische-zeitschrift_physikalische-zeitschrift_1925_index	1925-01-01	year	1925		Physikalische Zeitschrift 1925: Index	German
per_physikalische-zeitschrift_physikalische-zeitschrift_1926-01-01_1	1926-01-01	day	1926		Physikalische Zeitschrift 1926-01-01: Iss 1	German
per_physikalische-zeitschrift_physikalische-zeitschrift_1926-01-15_2	1926-01-15	day	1926		Physikalische Zeitschrift 1926-01-15: Iss 2	German
per_physikalische-zeitschrift_physikalische-zeitschrift_1926-02-01_3	1926-02-01	day	1926		Physikalische Zeitschrift 1926-02-01: Iss 3	German
per_physikalische-zeitschrift_physikalische-zeitschrift_1926-03-01_4-5	1926-03-01	day	1926		Physikalische Zeitschrift 1926-03-01: Iss 4-5	German
per_physikalische-zeitschrift_physikalische-zeitschrift_1926-03-15_6	1926-03-15	day	1926		Physikalische Zeitschrift 1926-03-15: Iss 6	German
per_physikalische-zeitschrift_physikalische-zeitschrift_1926-04-01_7	1926-04-01	day	1926		Physikalische Zeitschrift 1926-04-01: Iss 7	German
per_physikalische-zeitschrift_physikalische-zeitschrift_1926-04-15_8	1926-04-15	day	1926		Physikalische Zeitschrift 1926-04-15: Iss 8	German
per_physikalische-zeitschrift_physikalische-zeitschrift_1926-05-01_9	1926-05-01	day	1926		Physikalische Zeitschrift 1926-05-01: Iss 9	German
per_physikalische-zeitschrift_physikalische-zeitschrift_1926-05-15_10	1926-05-15	day	1926		Physikalische Zeitschrift 1926-05-15: Iss 10	German
per_physikalische-zeitschrift_physikalische-zeitschrift_1926-06-01_11	1926-06-01	day	1926		Physikalische Zeitschrift 1926-06-01: Iss 11	German
per_physikalische-zeitschrift_physikalische-zeitschrift_1926-06-15_12	1926-06-15	day	1926		Physikalische Zeitschrift 1926-06-15: Iss 12	German
per_physikalische-zeitschrift_physikalische-zeitschrift_1926-07-01_13	1926-07-01	day	1926		Physikalische Zeitschrift 1926-07-01: Iss 13	German
per_physikalische-zeitschrift_physikalische-zeitschrift_1926-07-15_14	1926-07-15	day	1926		Physikalische Zeitschrift 1926-07-15: Iss 14	German
per_physikalische-zeitschrift_physikalische-zeitschrift_1926-08-01_15	1926-08-01	day	1926		Physikalische Zeitschrift 1926-08-01: Iss 15	German
per_physikalische-zeitschrift_physikalische-zeitschrift_1926-08-15_16	1926-08-15	day	1926		Physikalische Zeitschrift 1926-08-15: Iss 16	German
per_physikalische-zeitschrift_physikalische-zeitschrift_1926-09-01_17	1926-09-01	day	1926		Physikalische Zeitschrift 1926-09-01: Iss 17	German
per_physikalische-zeitschrift_physikalische-zeitschrift_1926-09-15_18	1926-09-15	day	1926		Physikalische Zeitschrift 1926-09-15: Iss 18	German
per_physikalische-zeitschrift_physikalische-zeitschrift_1926-10-15_19-20	1926-10-15	day	1926		Physikalische Zeitschrift 1926-10-15: Iss 19-20	German
per_physikalische-zeitschrift_physikalische-zeitschrift_1926-11-01_21	1926-11-01	day	1926		Physikalische Zeitschrift 1926-11-01: Iss 21	German
per_physikalische-zeitschrift_physikalische-zeitschrift_1926-11-15_22	1926-11-15	day	1926		Physikalische Zeitschrift 1926-11-15: Iss 22	German
per_physikalische-zeitschrift_physikalische-zeitschrift_1926-12-01_23	1926-12-01	day	1926		Physikalische Zeitschrift 1926-12-01: Iss 23	German
per_physikalische-zeitschrift_physikalische-zeitschrift_1926-12-15_24	1926-12-15	day	1926		Physikalische Zeitschrift 1926-12-15: Iss 24	German
per_physikalische-zeitschrift_physikalische-zeitschrift_1926_index	1926-01-01	year	1926		Physikalische Zeitschrift 1926: Index	German
per_physikalische-zeitschrift_physikalische-zeitschrift_1927-01-01_1	1927-01-01	day	1927		Physikalische Zeitschrift 1927-01-01: Iss 1	German
per_physikalische-zeitschrift_physikalische-zeitschrift_1927-01-15_2	1927-01-15	day	1927		Physikalische Zeitschrift 1927-01-15: Iss 2	German
per_physikalische-zeitschrift_physikalische-zeitschrift_1927-02-01_3	1927-02-01	day	1927		Physikalische Zeitschrift 1927-02-01: Iss 3	German
per_physikalische-zeitschrift_physikalische-zeitschrift_1927-02-15_4	1927-02-15	day	1927		Physikalische Zeitschrift 1927-02-15: Iss 4	German
per_physikalische-zeitschrift_physikalische-zeitschrift_1927-03-01_5	1927-03-01	day	1927		Physikalische Zeitschrift 1927-03-01: Iss 5	German
per_physikalische-zeitschrift_physikalische-zeitschrift_1927-03-15_6	1927-03-15	day	1927		Physikalische Zeitschrift 1927-03-15: Iss 6	German
per_physikalische-zeitschrift_physikalische-zeitschrift_1927-04-01_7	1927-04-01	day	1927		Physikalische Zeitschrift 1927-04-01: Iss 7	German
per_physikalische-zeitschrift_physikalische-zeitschrift_1927-04-15_8	1927-04-15	day	1927		Physikalische Zeitschrift 1927-04-15: Iss 8	German
per_physikalische-zeitschrift_physikalische-zeitschrift_1927-05-01_9	1927-05-01	day	1927		Physikalische Zeitschrift 1927-05-01: Iss 9	German
per_physikalische-zeitschrift_physikalische-zeitschrift_1927-05-15_10	1927-05-15	day	1927		Physikalische Zeitschrift 1927-05-15: Iss 10	German
per_physikalische-zeitschrift_physikalische-zeitschrift_1927-06-01_11	1927-06-01	day	1927		Physikalische Zeitschrift 1927-06-01: Iss 11	German
per_physikalische-zeitschrift_physikalische-zeitschrift_1927-06-15_12	1927-06-15	day	1927		Physikalische Zeitschrift 1927-06-15: Iss 12	German
per_physikalische-zeitschrift_physikalische-zeitschrift_1927-07-01_13	1927-07-01	day	1927		Physikalische Zeitschrift 1927-07-01: Iss 13	German
per_physikalische-zeitschrift_physikalische-zeitschrift_1927-07-15_14	1927-07-15	day	1927		Physikalische Zeitschrift 1927-07-15: Iss 14	German
per_physikalische-zeitschrift_physikalische-zeitschrift_1927-08-01_15	1927-08-01	day	1927		Physikalische Zeitschrift 1927-08-01: Iss 15	German
per_physikalische-zeitschrift_physikalische-zeitschrift_1927-08-15_16	1927-08-15	day	1927		Physikalische Zeitschrift 1927-08-15: Iss 16	German
per_physikalische-zeitschrift_physikalische-zeitschrift_1927-09-01_17	1927-09-01	day	1927		Physikalische Zeitschrift 1927-09-01: Iss 17	German
per_physikalische-zeitschrift_physikalische-zeitschrift_1927-09-15_18	1927-09-15	day	1927		Physikalische Zeitschrift 1927-09-15: Iss 18	German
per_physikalische-zeitschrift_physikalische-zeitschrift_1927-10-01_19	1927-10-01	day	1927		Physikalische Zeitschrift 1927-10-01: Iss 19	German
per_physikalische-zeitschrift_physikalische-zeitschrift_1927-10-15_20	1927-10-15	day	1927		Physikalische Zeitschrift 1927-10-15: Iss 20	German
per_physikalische-zeitschrift_physikalische-zeitschrift_1927-11-01_21	1927-11-01	day	1927		Physikalische Zeitschrift 1927-11-01: Iss 21	German
per_physikalische-zeitschrift_physikalische-zeitschrift_1927-11-15_22	1927-11-15	day	1927		Physikalische Zeitschrift 1927-11-15: Iss 22	German
per_physikalische-zeitschrift_physikalische-zeitschrift_1927-12-01_23	1927-12-01	day	1927		Physikalische Zeitschrift 1927-12-01: Iss 23	German
per_physikalische-zeitschrift_physikalische-zeitschrift_1927-12-15_24	1927-12-15	day	1927		Physikalische Zeitschrift 1927-12-15: Iss 24	German
per_physikalische-zeitschrift_physikalische-zeitschrift_1927_index	1927-01-01	year	1927		Physikalische Zeitschrift 1927: Index	German
per_physikalische-zeitschrift_physikalische-zeitschrift_1928-01-01_1	1928-01-01	day	1928		Physikalische Zeitschrift 1928-01-01: Iss 1	German
per_physikalische-zeitschrift_physikalische-zeitschrift_1928-01-15_2	1928-01-15	day	1928		Physikalische Zeitschrift 1928-01-15: Iss 2	German
per_physikalische-zeitschrift_physikalische-zeitschrift_1928-02-01_3	1928-02-01	day	1928		Physikalische Zeitschrift 1928-02-01: Iss 3	German
per_physikalische-zeitschrift_physikalische-zeitschrift_1928-02-15_4	1928-02-15	day	1928		Physikalische Zeitschrift 1928-02-15: Iss 4	German
per_physikalische-zeitschrift_physikalische-zeitschrift_1928-03-01_5	1928-03-01	day	1928		Physikalische Zeitschrift 1928-03-01: Iss 5	German
per_physikalische-zeitschrift_physikalische-zeitschrift_1928-03-15_6	1928-03-15	day	1928		Physikalische Zeitschrift 1928-03-15: Iss 6	German
per_physikalische-zeitschrift_physikalische-zeitschrift_1928-04-01_7	1928-04-01	day	1928		Physikalische Zeitschrift 1928-04-01: Iss 7	German
per_physikalische-zeitschrift_physikalische-zeitschrift_1928-04-15_8	1928-04-15	day	1928		Physikalische Zeitschrift 1928-04-15: Iss 8	German
per_physikalische-zeitschrift_physikalische-zeitschrift_1928-05-01_9	1928-05-01	day	1928		Physikalische Zeitschrift 1928-05-01: Iss 9	German
per_physikalische-zeitschrift_physikalische-zeitschrift_1928-05-15_10	1928-05-15	day	1928		Physikalische Zeitschrift 1928-05-15: Iss 10	German
per_physikalische-zeitschrift_physikalische-zeitschrift_1928-06-01_11	1928-06-01	day	1928		Physikalische Zeitschrift 1928-06-01: Iss 11	German
per_physikalische-zeitschrift_physikalische-zeitschrift_1928-06-15_12	1928-06-15	day	1928		Physikalische Zeitschrift 1928-06-15: Iss 12	German
per_physikalische-zeitschrift_physikalische-zeitschrift_1928-07-01_13	1928-07-01	day	1928		Physikalische Zeitschrift 1928-07-01: Iss 13	German
per_physikalische-zeitschrift_physikalische-zeitschrift_1928-07-15_14	1928-07-15	day	1928		Physikalische Zeitschrift 1928-07-15: Iss 14	German
per_physikalische-zeitschrift_physikalische-zeitschrift_1928-08-01_15	1928-08-01	day	1928		Physikalische Zeitschrift 1928-08-01: Iss 15	German
per_physikalische-zeitschrift_physikalische-zeitschrift_1928-08-15_16	1928-08-15	day	1928		Physikalische Zeitschrift 1928-08-15: Iss 16	German
per_physikalische-zeitschrift_physikalische-zeitschrift_1928-09-01_17	1928-09-01	day	1928		Physikalische Zeitschrift 1928-09-01: Iss 17	German
per_physikalische-zeitschrift_physikalische-zeitschrift_1928-09-15_18	1928-09-15	day	1928		Physikalische Zeitschrift 1928-09-15: Iss 18	German
per_physikalische-zeitschrift_physikalische-zeitschrift_1928-10-01_19	1928-10-01	day	1928		Physikalische Zeitschrift 1928-10-01: Iss 19	German
per_physikalische-zeitschrift_physikalische-zeitschrift_1928-10-15_20	1928-10-15	day	1928		Physikalische Zeitschrift 1928-10-15: Iss 20	German
per_physikalische-zeitschrift_physikalische-zeitschrift_1928-11-01_21	1928-11-01	day	1928		Physikalische Zeitschrift 1928-11-01: Iss 21	German
per_physikalische-zeitschrift_physikalische-zeitschrift_1928-11-15_22	1928-11-15	day	1928		Physikalische Zeitschrift 1928-11-15: Iss 22	German
per_physikalische-zeitschrift_physikalische-zeitschrift_1928-12-01_23	1928-12-01	day	1928		Physikalische Zeitschrift 1928-12-01: Iss 23	German
per_physikalische-zeitschrift_physikalische-zeitschrift_1928-12-15_24	1928-12-15	day	1928		Physikalische Zeitschrift 1928-12-15: Iss 24	German
per_physikalische-zeitschrift_physikalische-zeitschrift_1929-01-01_1	1929-01-01	day	1929		Physikalische Zeitschrift 1929-01-01: Iss 1	German
per_physikalische-zeitschrift_physikalische-zeitschrift_1929-01-15_2	1929-01-15	day	1929		Physikalische Zeitschrift 1929-01-15: Iss 2	German
per_physikalische-zeitschrift_physikalische-zeitschrift_1929-02-01_3	1929-02-01	day	1929		Physikalische Zeitschrift 1929-02-01: Iss 3	German
per_physikalische-zeitschrift_physikalische-zeitschrift_1929-03-01_4-5	1929-03-01	day	1929		Physikalische Zeitschrift 1929-03-01: Iss 4-5	German
per_physikalische-zeitschrift_physikalische-zeitschrift_1929-03-15_6	1929-03-15	day	1929		Physikalische Zeitschrift 1929-03-15: Iss 6	German
per_physikalische-zeitschrift_physikalische-zeitschrift_1929-04-01_7	1929-04-01	day	1929		Physikalische Zeitschrift 1929-04-01: Iss 7	German
per_physikalische-zeitschrift_physikalische-zeitschrift_1929-04-15_8	1929-04-15	day	1929		Physikalische Zeitschrift 1929-04-15: Iss 8	German
per_physikalische-zeitschrift_physikalische-zeitschrift_1929-05-01_9	1929-05-01	day	1929		Physikalische Zeitschrift 1929-05-01: Iss 9	German
per_physikalische-zeitschrift_physikalische-zeitschrift_1929-05-15_10	1929-05-15	day	1929		Physikalische Zeitschrift 1929-05-15: Iss 10	German
per_physikalische-zeitschrift_physikalische-zeitschrift_1929-06-01_11	1929-06-01	day	1929		Physikalische Zeitschrift 1929-06-01: Iss 11	German
per_physikalische-zeitschrift_physikalische-zeitschrift_1929-06-15_12	1929-06-15	day	1929		Physikalische Zeitschrift 1929-06-15: Iss 12	German
per_physikalische-zeitschrift_physikalische-zeitschrift_1929-07-01_13	1929-07-01	day	1929		Physikalische Zeitschrift 1929-07-01: Iss 13	German
per_physikalische-zeitschrift_physikalische-zeitschrift_1929-07-15_14	1929-07-15	day	1929		Physikalische Zeitschrift 1929-07-15: Iss 14	German
per_physikalische-zeitschrift_physikalische-zeitschrift_1929-08-01_15	1929-08-01	day	1929		Physikalische Zeitschrift 1929-08-01: Iss 15	German
per_physikalische-zeitschrift_physikalische-zeitschrift_1929-08-15_16	1929-08-15	day	1929		Physikalische Zeitschrift 1929-08-15: Iss 16	German
per_physikalische-zeitschrift_physikalische-zeitschrift_1929-09-01_17	1929-09-01	day	1929		Physikalische Zeitschrift 1929-09-01: Iss 17	German
per_physikalische-zeitschrift_physikalische-zeitschrift_1929-09-15_18	1929-09-15	day	1929		Physikalische Zeitschrift 1929-09-15: Iss 18	German
per_physikalische-zeitschrift_physikalische-zeitschrift_1929-10-01_19	1929-10-01	day	1929		Physikalische Zeitschrift 1929-10-01: Iss 19	German
per_physikalische-zeitschrift_physikalische-zeitschrift_1929-10-15_20	1929-10-15	day	1929		Physikalische Zeitschrift 1929-10-15: Iss 20	German
per_physikalische-zeitschrift_physikalische-zeitschrift_1929-11-01_21	1929-11-01	day	1929		Physikalische Zeitschrift 1929-11-01: Iss 21	German
per_physikalische-zeitschrift_physikalische-zeitschrift_1929-11-15_22	1929-11-15	day	1929		Physikalische Zeitschrift 1929-11-15: Iss 22	German
per_physikalische-zeitschrift_physikalische-zeitschrift_1929-12-01_23	1929-12-01	day	1929		Physikalische Zeitschrift 1929-12-01: Iss 23	German
per_physikalische-zeitschrift_physikalische-zeitschrift_1929-12-15_24	1929-12-15	day	1929		Physikalische Zeitschrift 1929-12-15: Iss 24	German
per_physikalische-zeitschrift_physikalische-zeitschrift_1930-01-01_1	1930-01-01	day	1930		Physikalische Zeitschrift 1930-01-01: Iss 1	German
per_physikalische-zeitschrift_physikalische-zeitschrift_1930-01-15_2	1930-01-15	day	1930		Physikalische Zeitschrift 1930-01-15: Iss 2	German
per_physikalische-zeitschrift_physikalische-zeitschrift_1930-02-01_3	1930-02-01	day	1930		Physikalische Zeitschrift 1930-02-01: Iss 3	German
per_physikalische-zeitschrift_physikalische-zeitschrift_1930-02-15_4	1930-02-15	day	1930		Physikalische Zeitschrift 1930-02-15: Iss 4	German
per_physikalische-zeitschrift_physikalische-zeitschrift_1930-03-01_5	1930-03-01	day	1930		Physikalische Zeitschrift 1930-03-01: Iss 5	German
per_physikalische-zeitschrift_physikalische-zeitschrift_1930-03-15_6	1930-03-15	day	1930		Physikalische Zeitschrift 1930-03-15: Iss 6	German
per_physikalische-zeitschrift_physikalische-zeitschrift_1930-04-01_7	1930-04-01	day	1930		Physikalische Zeitschrift 1930-04-01: Iss 7	German
per_physikalische-zeitschrift_physikalische-zeitschrift_1930-04-15_8	1930-04-15	day	1930		Physikalische Zeitschrift 1930-04-15: Iss 8	German
per_physikalische-zeitschrift_physikalische-zeitschrift_1930-05-01_9	1930-05-01	day	1930		Physikalische Zeitschrift 1930-05-01: Iss 9	German
per_physikalische-zeitschrift_physikalische-zeitschrift_1930-05-15_10	1930-05-15	day	1930		Physikalische Zeitschrift 1930-05-15: Iss 10	German
per_physikalische-zeitschrift_physikalische-zeitschrift_1930-06-01_11	1930-06-01	day	1930		Physikalische Zeitschrift 1930-06-01: Iss 11	German
per_physikalische-zeitschrift_physikalische-zeitschrift_1930-06-15_12	1930-06-15	day	1930		Physikalische Zeitschrift 1930-06-15: Iss 12	German
per_physikalische-zeitschrift_physikalische-zeitschrift_1930-07-01_13	1930-07-01	day	1930		Physikalische Zeitschrift 1930-07-01: Iss 13	German
per_physikalische-zeitschrift_physikalische-zeitschrift_1930-07-15_14	1930-07-15	day	1930		Physikalische Zeitschrift 1930-07-15: Iss 14	German
per_physikalische-zeitschrift_physikalische-zeitschrift_1930-08-01_15	1930-08-01	day	1930		Physikalische Zeitschrift 1930-08-01: Iss 15	German
per_physikalische-zeitschrift_physikalische-zeitschrift_1930-08-15_16	1930-08-15	day	1930		Physikalische Zeitschrift 1930-08-15: Iss 16	German
per_physikalische-zeitschrift_physikalische-zeitschrift_1930-09-01_17	1930-09-01	day	1930		Physikalische Zeitschrift 1930-09-01: Iss 17	German
per_physikalische-zeitschrift_physikalische-zeitschrift_1930-09-15_18	1930-09-15	day	1930		Physikalische Zeitschrift 1930-09-15: Iss 18	German
per_physikalische-zeitschrift_physikalische-zeitschrift_1930-10-01_19	1930-10-01	day	1930		Physikalische Zeitschrift 1930-10-01: Iss 19	German
per_physikalische-zeitschrift_physikalische-zeitschrift_1930-10-15_20	1930-10-15	day	1930		Physikalische Zeitschrift 1930-10-15: Iss 20	German
per_physikalische-zeitschrift_physikalische-zeitschrift_1930-11-01_21	1930-11-01	day	1930		Physikalische Zeitschrift 1930-11-01: Iss 21	German
per_physikalische-zeitschrift_physikalische-zeitschrift_1930-11-15_22	1930-11-15	day	1930		Physikalische Zeitschrift 1930-11-15: Iss 22	German
per_physikalische-zeitschrift_physikalische-zeitschrift_1930-12-01_23	1930-12-01	day	1930		Physikalische Zeitschrift 1930-12-01: Iss 23	German
per_physikalische-zeitschrift_physikalische-zeitschrift_1930-12-15_24	1930-12-15	day	1930		Physikalische Zeitschrift 1930-12-15: Iss 24	German
per_physikalische-zeitschrift_physikalische-zeitschrift_1931-01-01_1	1931-01-01	day	1931		Physikalische Zeitschrift 1931-01-01: Iss 1	German
per_physikalische-zeitschrift_physikalische-zeitschrift_1931-01-15_2	1931-01-15	day	1931		Physikalische Zeitschrift 1931-01-15: Iss 2	German
per_physikalische-zeitschrift_physikalische-zeitschrift_1931-02-01_3	1931-02-01	day	1931		Physikalische Zeitschrift 1931-02-01: Iss 3	German
per_physikalische-zeitschrift_physikalische-zeitschrift_1931-02-15_4	1931-02-15	day	1931		Physikalische Zeitschrift 1931-02-15: Iss 4	German
per_physikalische-zeitschrift_physikalische-zeitschrift_1931-03-01_5	1931-03-01	day	1931		Physikalische Zeitschrift 1931-03-01: Iss 5	German
per_physikalische-zeitschrift_physikalische-zeitschrift_1931-03-15_6	1931-03-15	day	1931		Physikalische Zeitschrift 1931-03-15: Iss 6	German
per_physikalische-zeitschrift_physikalische-zeitschrift_1931-04-01_7	1931-04-01	day	1931		Physikalische Zeitschrift 1931-04-01: Iss 7	German
per_physikalische-zeitschrift_physikalische-zeitschrift_1931-04-15_8	1931-04-15	day	1931		Physikalische Zeitschrift 1931-04-15: Iss 8	German
per_physikalische-zeitschrift_physikalische-zeitschrift_1931-05-01_9	1931-05-01	day	1931		Physikalische Zeitschrift 1931-05-01: Iss 9	German
per_physikalische-zeitschrift_physikalische-zeitschrift_1931-05-15_10	1931-05-15	day	1931		Physikalische Zeitschrift 1931-05-15: Iss 10	German
per_physikalische-zeitschrift_physikalische-zeitschrift_1931-06-01_11	1931-06-01	day	1931		Physikalische Zeitschrift 1931-06-01: Iss 11	German
per_physikalische-zeitschrift_physikalische-zeitschrift_1931-06-15_12	1931-06-15	day	1931		Physikalische Zeitschrift 1931-06-15: Iss 12	German
per_physikalische-zeitschrift_physikalische-zeitschrift_1931-07-01_13	1931-07-01	day	1931		Physikalische Zeitschrift 1931-07-01: Iss 13	German
per_physikalische-zeitschrift_physikalische-zeitschrift_1931-07-15_14	1931-07-15	day	1931		Physikalische Zeitschrift 1931-07-15: Iss 14	German
per_physikalische-zeitschrift_physikalische-zeitschrift_1931-08-01_15	1931-08-01	day	1931		Physikalische Zeitschrift 1931-08-01: Iss 15	German
per_physikalische-zeitschrift_physikalische-zeitschrift_1931-08-15_16	1931-08-15	day	1931		Physikalische Zeitschrift 1931-08-15: Iss 16	German
per_physikalische-zeitschrift_physikalische-zeitschrift_1931-09-01_17	1931-09-01	day	1931		Physikalische Zeitschrift 1931-09-01: Iss 17	German
per_physikalische-zeitschrift_physikalische-zeitschrift_1931-09-15_18	1931-09-15	day	1931		Physikalische Zeitschrift 1931-09-15: Iss 18	German
per_physikalische-zeitschrift_physikalische-zeitschrift_1931-10-01_19	1931-10-01	day	1931		Physikalische Zeitschrift 1931-10-01: Iss 19	German
per_physikalische-zeitschrift_physikalische-zeitschrift_1931-10-15_20	1931-10-15	day	1931		Physikalische Zeitschrift 1931-10-15: Iss 20	German
per_physikalische-zeitschrift_physikalische-zeitschrift_1931-11-01_21	1931-11-01	day	1931		Physikalische Zeitschrift 1931-11-01: Iss 21	German
per_physikalische-zeitschrift_physikalische-zeitschrift_1931-11-15_22	1931-11-15	day	1931		Physikalische Zeitschrift 1931-11-15: Iss 22	German
per_physikalische-zeitschrift_physikalische-zeitschrift_1931-12-01_23	1931-12-01	day	1931		Physikalische Zeitschrift 1931-12-01: Iss 23	German
per_physikalische-zeitschrift_physikalische-zeitschrift_1931-12-15_24	1931-12-15	day	1931		Physikalische Zeitschrift 1931-12-15: Iss 24	German
per_physikalische-zeitschrift_physikalische-zeitschrift_1932-01-01_1	1932-01-01	day	1932		Physikalische Zeitschrift 1932-01-01: Iss 1	German
per_physikalische-zeitschrift_physikalische-zeitschrift_1932-01-15_2	1932-01-15	day	1932		Physikalische Zeitschrift 1932-01-15: Iss 2	German
per_physikalische-zeitschrift_physikalische-zeitschrift_1932-02-01_3	1932-02-01	day	1932		Physikalische Zeitschrift 1932-02-01: Iss 3	German
per_physikalische-zeitschrift_physikalische-zeitschrift_1932-02-15_4	1932-02-15	day	1932		Physikalische Zeitschrift 1932-02-15: Iss 4	German
per_physikalische-zeitschrift_physikalische-zeitschrift_1932-03-01_5	1932-03-01	day	1932		Physikalische Zeitschrift 1932-03-01: Iss 5	German
per_physikalische-zeitschrift_physikalische-zeitschrift_1932-03-15_6	1932-03-15	day	1932		Physikalische Zeitschrift 1932-03-15: Iss 6	German
per_physikalische-zeitschrift_physikalische-zeitschrift_1932-04-01_7	1932-04-01	day	1932		Physikalische Zeitschrift 1932-04-01: Iss 7	German
per_physikalische-zeitschrift_physikalische-zeitschrift_1932-04-15_8	1932-04-15	day	1932		Physikalische Zeitschrift 1932-04-15: Iss 8	German
per_physikalische-zeitschrift_physikalische-zeitschrift_1932-05-01_9	1932-05-01	day	1932		Physikalische Zeitschrift 1932-05-01: Iss 9	German
per_physikalische-zeitschrift_physikalische-zeitschrift_1932-05-15_10	1932-05-15	day	1932		Physikalische Zeitschrift 1932-05-15: Iss 10	German
per_physikalische-zeitschrift_physikalische-zeitschrift_1932-06-01_11	1932-06-01	day	1932		Physikalische Zeitschrift 1932-06-01: Iss 11	German
per_physikalische-zeitschrift_physikalische-zeitschrift_1932-06-15_12	1932-06-15	day	1932		Physikalische Zeitschrift 1932-06-15: Iss 12	German
per_physikalische-zeitschrift_physikalische-zeitschrift_1932-07-01_13	1932-07-01	day	1932		Physikalische Zeitschrift 1932-07-01: Iss 13	German
per_physikalische-zeitschrift_physikalische-zeitschrift_1932-07-15_14	1932-07-15	day	1932		Physikalische Zeitschrift 1932-07-15: Iss 14	German
per_physikalische-zeitschrift_physikalische-zeitschrift_1932-08-01_15	1932-08-01	day	1932		Physikalische Zeitschrift 1932-08-01: Iss 15	German
per_physikalische-zeitschrift_physikalische-zeitschrift_1932-08-15_16	1932-08-15	day	1932		Physikalische Zeitschrift 1932-08-15: Iss 16	German
per_physikalische-zeitschrift_physikalische-zeitschrift_1932-09-01_17	1932-09-01	day	1932		Physikalische Zeitschrift 1932-09-01: Iss 17	German
per_physikalische-zeitschrift_physikalische-zeitschrift_1932-09-15_18	1932-09-15	day	1932		Physikalische Zeitschrift 1932-09-15: Iss 18	German
per_physikalische-zeitschrift_physikalische-zeitschrift_1932-10-01_19	1932-10-01	day	1932		Physikalische Zeitschrift 1932-10-01: Iss 19	German
per_physikalische-zeitschrift_physikalische-zeitschrift_1932-10-15_20	1932-10-15	day	1932		Physikalische Zeitschrift 1932-10-15: Iss 20	German
per_physikalische-zeitschrift_physikalische-zeitschrift_1932-11-01_21	1932-11-01	day	1932		Physikalische Zeitschrift 1932-11-01: Iss 21	German
per_physikalische-zeitschrift_physikalische-zeitschrift_1932-11-15_22	1932-11-15	day	1932		Physikalische Zeitschrift 1932-11-15: Iss 22	German
per_physikalische-zeitschrift_physikalische-zeitschrift_1932-12-01_23	1932-12-01	day	1932		Physikalische Zeitschrift 1932-12-01: Iss 23	German
per_physikalische-zeitschrift_physikalische-zeitschrift_1932-12-15_24	1932-12-15	day	1932		Physikalische Zeitschrift 1932-12-15: Iss 24	German
per_physikalische-zeitschrift_physikalische-zeitschrift_1933-01-01_1	1933-01-01	day	1933		Physikalische Zeitschrift 1933-01-01: Iss 1	German
per_physikalische-zeitschrift_physikalische-zeitschrift_1933-01-15_2	1933-01-15	day	1933		Physikalische Zeitschrift 1933-01-15: Iss 2	German
per_physikalische-zeitschrift_physikalische-zeitschrift_1933-02-01_3	1933-02-01	day	1933		Physikalische Zeitschrift 1933-02-01: Iss 3	German
per_physikalische-zeitschrift_physikalische-zeitschrift_1933-02-15_4	1933-02-15	day	1933		Physikalische Zeitschrift 1933-02-15: Iss 4	German
per_physikalische-zeitschrift_physikalische-zeitschrift_1933-03-01_5	1933-03-01	day	1933		Physikalische Zeitschrift 1933-03-01: Iss 5	German
per_physikalische-zeitschrift_physikalische-zeitschrift_1933-03-15_6	1933-03-15	day	1933		Physikalische Zeitschrift 1933-03-15: Iss 6	German
per_physikalische-zeitschrift_physikalische-zeitschrift_1933-04-01_7	1933-04-01	day	1933		Physikalische Zeitschrift 1933-04-01: Iss 7	German
per_physikalische-zeitschrift_physikalische-zeitschrift_1933-04-15_8	1933-04-15	day	1933		Physikalische Zeitschrift 1933-04-15: Iss 8	German
per_physikalische-zeitschrift_physikalische-zeitschrift_1933-05-01_9	1933-05-01	day	1933		Physikalische Zeitschrift 1933-05-01: Iss 9	German
per_physikalische-zeitschrift_physikalische-zeitschrift_1933-05-15_10	1933-05-15	day	1933		Physikalische Zeitschrift 1933-05-15: Iss 10	German
per_physikalische-zeitschrift_physikalische-zeitschrift_1933-06-01_11	1933-06-01	day	1933		Physikalische Zeitschrift 1933-06-01: Iss 11	German
per_physikalische-zeitschrift_physikalische-zeitschrift_1933-06-15_12	1933-06-15	day	1933		Physikalische Zeitschrift 1933-06-15: Iss 12	German
per_physikalische-zeitschrift_physikalische-zeitschrift_1933-07-01_13	1933-07-01	day	1933		Physikalische Zeitschrift 1933-07-01: Iss 13	German
per_physikalische-zeitschrift_physikalische-zeitschrift_1933-07-15_14	1933-07-15	day	1933		Physikalische Zeitschrift 1933-07-15: Iss 14	German
per_physikalische-zeitschrift_physikalische-zeitschrift_1933-08-01_15	1933-08-01	day	1933		Physikalische Zeitschrift 1933-08-01: Iss 15	German
per_physikalische-zeitschrift_physikalische-zeitschrift_1933-08-15_16	1933-08-15	day	1933		Physikalische Zeitschrift 1933-08-15: Iss 16	German
per_physikalische-zeitschrift_physikalische-zeitschrift_1933-09-01_17	1933-09-01	day	1933		Physikalische Zeitschrift 1933-09-01: Iss 17	German
per_physikalische-zeitschrift_physikalische-zeitschrift_1933-09-15_18	1933-09-15	day	1933		Physikalische Zeitschrift 1933-09-15: Iss 18	German
per_physikalische-zeitschrift_physikalische-zeitschrift_1933-10-01_19	1933-10-01	day	1933		Physikalische Zeitschrift 1933-10-01: Iss 19	German
per_physikalische-zeitschrift_physikalische-zeitschrift_1933-10-15_20	1933-10-15	day	1933		Physikalische Zeitschrift 1933-10-15: Iss 20	German
per_physikalische-zeitschrift_physikalische-zeitschrift_1933-11-01_21	1933-11-01	day	1933		Physikalische Zeitschrift 1933-11-01: Iss 21	German
per_physikalische-zeitschrift_physikalische-zeitschrift_1933-11-15_22	1933-11-15	day	1933		Physikalische Zeitschrift 1933-11-15: Iss 22	German
per_physikalische-zeitschrift_physikalische-zeitschrift_1933-12-01_23	1933-12-01	day	1933		Physikalische Zeitschrift 1933-12-01: Iss 23	German
per_physikalische-zeitschrift_physikalische-zeitschrift_1933-12-15_24	1933-12-15	day	1933		Physikalische Zeitschrift 1933-12-15: Iss 24	German
per_physikalische-zeitschrift_physikalische-zeitschrift_1934-01-01_1	1934-01-01	day	1934		Physikalische Zeitschrift 1934-01-01: Iss 1	German
per_physikalische-zeitschrift_physikalische-zeitschrift_1934-01-15_2	1934-01-15	day	1934		Physikalische Zeitschrift 1934-01-15: Iss 2	German
per_physikalische-zeitschrift_physikalische-zeitschrift_1934-02-01_3	1934-02-01	day	1934		Physikalische Zeitschrift 1934-02-01: Iss 3	German
per_physikalische-zeitschrift_physikalische-zeitschrift_1934-02-15_4	1934-02-15	day	1934		Physikalische Zeitschrift 1934-02-15: Iss 4	German
per_physikalische-zeitschrift_physikalische-zeitschrift_1934-03-01_5	1934-03-01	day	1934		Physikalische Zeitschrift 1934-03-01: Iss 5	German
per_physikalische-zeitschrift_physikalische-zeitschrift_1934-03-15_6	1934-03-15	day	1934		Physikalische Zeitschrift 1934-03-15: Iss 6	German
per_physikalische-zeitschrift_physikalische-zeitschrift_1934-04-01_7	1934-04-01	day	1934		Physikalische Zeitschrift 1934-04-01: Iss 7	German
per_physikalische-zeitschrift_physikalische-zeitschrift_1934-04-15_8	1934-04-15	day	1934		Physikalische Zeitschrift 1934-04-15: Iss 8	German
per_physikalische-zeitschrift_physikalische-zeitschrift_1934-05-01_9	1934-05-01	day	1934		Physikalische Zeitschrift 1934-05-01: Iss 9	German
per_physikalische-zeitschrift_physikalische-zeitschrift_1934-05-15_10	1934-05-15	day	1934		Physikalische Zeitschrift 1934-05-15: Iss 10	German
per_physikalische-zeitschrift_physikalische-zeitschrift_1934-06-01_11	1934-06-01	day	1934		Physikalische Zeitschrift 1934-06-01: Iss 11	German
per_physikalische-zeitschrift_physikalische-zeitschrift_1934-06-15_12	1934-06-15	day	1934		Physikalische Zeitschrift 1934-06-15: Iss 12	German
per_physikalische-zeitschrift_physikalische-zeitschrift_1934-07-01_13	1934-07-01	day	1934		Physikalische Zeitschrift 1934-07-01: Iss 13	German
per_physikalische-zeitschrift_physikalische-zeitschrift_1934-08-01_14-15	1934-08-01	day	1934		Physikalische Zeitschrift 1934-08-01: Iss 14-15	German
per_physikalische-zeitschrift_physikalische-zeitschrift_1934-08-15_16	1934-08-15	day	1934		Physikalische Zeitschrift 1934-08-15: Iss 16	German
per_physikalische-zeitschrift_physikalische-zeitschrift_1934-09-01_17	1934-09-01	day	1934		Physikalische Zeitschrift 1934-09-01: Iss 17	German
per_physikalische-zeitschrift_physikalische-zeitschrift_1934-09-15_18	1934-09-15	day	1934		Physikalische Zeitschrift 1934-09-15: Iss 18	German
per_physikalische-zeitschrift_physikalische-zeitschrift_1934-10-01_19	1934-10-01	day	1934		Physikalische Zeitschrift 1934-10-01: Iss 19	German
per_physikalische-zeitschrift_physikalische-zeitschrift_1934-10-15_20	1934-10-15	day	1934		Physikalische Zeitschrift 1934-10-15: Iss 20	German
per_physikalische-zeitschrift_physikalische-zeitschrift_1934-11-01_21	1934-11-01	day	1934		Physikalische Zeitschrift 1934-11-01: Iss 21	German
per_physikalische-zeitschrift_physikalische-zeitschrift_1934-11-15_22	1934-11-15	day	1934		Physikalische Zeitschrift 1934-11-15: Iss 22	German
per_physikalische-zeitschrift_physikalische-zeitschrift_1934-12-01_23	1934-12-01	day	1934		Physikalische Zeitschrift 1934-12-01: Iss 23	German
per_physikalische-zeitschrift_physikalische-zeitschrift_1934-12-15_24	1934-12-15	day	1934		Physikalische Zeitschrift 1934-12-15: Iss 24	German
per_physikalische-zeitschrift_physikalische-zeitschrift_1935-01-01_1	1935-01-01	day	1935		Physikalische Zeitschrift 1935-01-01: Iss 1	German
per_physikalische-zeitschrift_physikalische-zeitschrift_1935-01-15_2	1935-01-15	day	1935		Physikalische Zeitschrift 1935-01-15: Iss 2	German
per_physikalische-zeitschrift_physikalische-zeitschrift_1935-02-01_3	1935-02-01	day	1935		Physikalische Zeitschrift 1935-02-01: Iss 3	German
per_physikalische-zeitschrift_physikalische-zeitschrift_1935-02-15_4	1935-02-15	day	1935		Physikalische Zeitschrift 1935-02-15: Iss 4	German
per_physikalische-zeitschrift_physikalische-zeitschrift_1935-03-01_5	1935-03-01	day	1935		Physikalische Zeitschrift 1935-03-01: Iss 5	German
per_physikalische-zeitschrift_physikalische-zeitschrift_1935-03-15_6	1935-03-15	day	1935		Physikalische Zeitschrift 1935-03-15: Iss 6	German
per_physikalische-zeitschrift_physikalische-zeitschrift_1935-04-01_7	1935-04-01	day	1935		Physikalische Zeitschrift 1935-04-01: Iss 7	German
per_physikalische-zeitschrift_physikalische-zeitschrift_1935-04-15_8	1935-04-15	day	1935		Physikalische Zeitschrift 1935-04-15: Iss 8	German
per_physikalische-zeitschrift_physikalische-zeitschrift_1935-05-01_9	1935-05-01	day	1935		Physikalische Zeitschrift 1935-05-01: Iss 9	German
per_physikalische-zeitschrift_physikalische-zeitschrift_1935-05-15_10	1935-05-15	day	1935		Physikalische Zeitschrift 1935-05-15: Iss 10	German
per_physikalische-zeitschrift_physikalische-zeitschrift_1935-06-01_11	1935-06-01	day	1935		Physikalische Zeitschrift 1935-06-01: Iss 11	German
per_physikalische-zeitschrift_physikalische-zeitschrift_1935-06-15_12	1935-06-15	day	1935		Physikalische Zeitschrift 1935-06-15: Iss 12	German
per_physikalische-zeitschrift_physikalische-zeitschrift_1935-07-01_13	1935-07-01	day	1935		Physikalische Zeitschrift 1935-07-01: Iss 13	German
per_physikalische-zeitschrift_physikalische-zeitschrift_1935-07-15_14	1935-07-15	day	1935		Physikalische Zeitschrift 1935-07-15: Iss 14	German
per_physikalische-zeitschrift_physikalische-zeitschrift_1935-08-01_15	1935-08-01	day	1935		Physikalische Zeitschrift 1935-08-01: Iss 15	German
per_physikalische-zeitschrift_physikalische-zeitschrift_1935-08-15_16	1935-08-15	day	1935		Physikalische Zeitschrift 1935-08-15: Iss 16	German
per_physikalische-zeitschrift_physikalische-zeitschrift_1935-09-01_17	1935-09-01	day	1935		Physikalische Zeitschrift 1935-09-01: Iss 17	German
per_physikalische-zeitschrift_physikalische-zeitschrift_1935-09-15_18	1935-09-15	day	1935		Physikalische Zeitschrift 1935-09-15: Iss 18	German
per_physikalische-zeitschrift_physikalische-zeitschrift_1935-10-01_19	1935-10-01	day	1935		Physikalische Zeitschrift 1935-10-01: Iss 19	German
per_physikalische-zeitschrift_physikalische-zeitschrift_1935-10-15_20	1935-10-15	day	1935		Physikalische Zeitschrift 1935-10-15: Iss 20	German
per_physikalische-zeitschrift_physikalische-zeitschrift_1935-11-01_21	1935-11-01	day	1935		Physikalische Zeitschrift 1935-11-01: Iss 21	German
per_physikalische-zeitschrift_physikalische-zeitschrift_1935-12-01_22-23	1935-12-01	day	1935		Physikalische Zeitschrift 1935-12-01: Iss 22-23	German
per_physikalische-zeitschrift_physikalische-zeitschrift_1935-12-15_24	1935-12-15	day	1935		Physikalische Zeitschrift 1935-12-15: Iss 24	German
per_physikalische-zeitschrift_physikalische-zeitschrift_1936-01-01_1	1936-01-01	day	1936		Physikalische Zeitschrift 1936-01-01: Iss 1	German
per_physikalische-zeitschrift_physikalische-zeitschrift_1936-01-15_2	1936-01-15	day	1936		Physikalische Zeitschrift 1936-01-15: Iss 2	German
per_physikalische-zeitschrift_physikalische-zeitschrift_1936-02-01_3	1936-02-01	day	1936		Physikalische Zeitschrift 1936-02-01: Iss 3	German
per_physikalische-zeitschrift_physikalische-zeitschrift_1936-02-15_4	1936-02-15	day	1936		Physikalische Zeitschrift 1936-02-15: Iss 4	German
per_physikalische-zeitschrift_physikalische-zeitschrift_1936-03-01_5	1936-03-01	day	1936		Physikalische Zeitschrift 1936-03-01: Iss 5	German
per_physikalische-zeitschrift_physikalische-zeitschrift_1936-03-15_6	1936-03-15	day	1936		Physikalische Zeitschrift 1936-03-15: Iss 6	German
per_physikalische-zeitschrift_physikalische-zeitschrift_1936-04-01_7	1936-04-01	day	1936		Physikalische Zeitschrift 1936-04-01: Iss 7	German
per_physikalische-zeitschrift_physikalische-zeitschrift_1936-04-15_8	1936-04-15	day	1936		Physikalische Zeitschrift 1936-04-15: Iss 8	German
per_physikalische-zeitschrift_physikalische-zeitschrift_1936-05-01_9	1936-05-01	day	1936		Physikalische Zeitschrift 1936-05-01: Iss 9	German
per_physikalische-zeitschrift_physikalische-zeitschrift_1936-05-15_10	1936-05-15	day	1936		Physikalische Zeitschrift 1936-05-15: Iss 10	German
per_physikalische-zeitschrift_physikalische-zeitschrift_1936-06-01_11	1936-06-01	day	1936		Physikalische Zeitschrift 1936-06-01: Iss 11	German
per_physikalische-zeitschrift_physikalische-zeitschrift_1936-06-15_12	1936-06-15	day	1936		Physikalische Zeitschrift 1936-06-15: Iss 12	German
per_physikalische-zeitschrift_physikalische-zeitschrift_1936-07-01_13	1936-07-01	day	1936		Physikalische Zeitschrift 1936-07-01: Iss 13	German
per_physikalische-zeitschrift_physikalische-zeitschrift_1936-07-15_14	1936-07-15	day	1936		Physikalische Zeitschrift 1936-07-15: Iss 14	German
per_physikalische-zeitschrift_physikalische-zeitschrift_1936-08-01_15	1936-08-01	day	1936		Physikalische Zeitschrift 1936-08-01: Iss 15	German
per_physikalische-zeitschrift_physikalische-zeitschrift_1936-08-15_16	1936-08-15	day	1936		Physikalische Zeitschrift 1936-08-15: Iss 16	German
per_physikalische-zeitschrift_physikalische-zeitschrift_1936-09-01_17	1936-09-01	day	1936		Physikalische Zeitschrift 1936-09-01: Iss 17	German
per_physikalische-zeitschrift_physikalische-zeitschrift_1936-09-15_18	1936-09-15	day	1936		Physikalische Zeitschrift 1936-09-15: Iss 18	German
per_physikalische-zeitschrift_physikalische-zeitschrift_1936-10-01_19	1936-10-01	day	1936		Physikalische Zeitschrift 1936-10-01: Iss 19	German
per_physikalische-zeitschrift_physikalische-zeitschrift_1936-10-15_20	1936-10-15	day	1936		Physikalische Zeitschrift 1936-10-15: Iss 20	German
per_physikalische-zeitschrift_physikalische-zeitschrift_1936-11-01_21	1936-11-01	day	1936		Physikalische Zeitschrift 1936-11-01: Iss 21	German
per_physikalische-zeitschrift_physikalische-zeitschrift_1936-12-01_22-23	1936-12-01	day	1936		Physikalische Zeitschrift 1936-12-01: Iss 22-23	German
per_physikalische-zeitschrift_physikalische-zeitschrift_1936-12-15_24	1936-12-15	day	1936		Physikalische Zeitschrift 1936-12-15: Iss 24	German
per_physikalische-zeitschrift_physikalische-zeitschrift_1937-01-01_1	1937-01-01	day	1937		Physikalische Zeitschrift 1937-01-01: Iss 1	German
per_physikalische-zeitschrift_physikalische-zeitschrift_1937-01-15_2	1937-01-15	day	1937		Physikalische Zeitschrift 1937-01-15: Iss 2	German
per_physikalische-zeitschrift_physikalische-zeitschrift_1937-02-01_3	1937-02-01	day	1937		Physikalische Zeitschrift 1937-02-01: Iss 3	German
per_physikalische-zeitschrift_physikalische-zeitschrift_1937-02-15_4	1937-02-15	day	1937		Physikalische Zeitschrift 1937-02-15: Iss 4	German
per_physikalische-zeitschrift_physikalische-zeitschrift_1937-03-01_5	1937-03-01	day	1937		Physikalische Zeitschrift 1937-03-01: Iss 5	German
per_physikalische-zeitschrift_physikalische-zeitschrift_1937-03-15_6	1937-03-15	day	1937		Physikalische Zeitschrift 1937-03-15: Iss 6	German
per_physikalische-zeitschrift_physikalische-zeitschrift_1937-04-01_7	1937-04-01	day	1937		Physikalische Zeitschrift 1937-04-01: Iss 7	German
per_physikalische-zeitschrift_physikalische-zeitschrift_1937-04-15_8	1937-04-15	day	1937		Physikalische Zeitschrift 1937-04-15: Iss 8	German
per_physikalische-zeitschrift_physikalische-zeitschrift_1937-05-01_9	1937-05-01	day	1937		Physikalische Zeitschrift 1937-05-01: Iss 9	German
per_physikalische-zeitschrift_physikalische-zeitschrift_1937-05-15_10	1937-05-15	day	1937		Physikalische Zeitschrift 1937-05-15: Iss 10	German
per_physikalische-zeitschrift_physikalische-zeitschrift_1937-06-01_11	1937-06-01	day	1937		Physikalische Zeitschrift 1937-06-01: Iss 11	German
per_physikalische-zeitschrift_physikalische-zeitschrift_1937-06-15_12	1937-06-15	day	1937		Physikalische Zeitschrift 1937-06-15: Iss 12	German
per_physikalische-zeitschrift_physikalische-zeitschrift_1937-07-15_13-14	1937-07-15	day	1937		Physikalische Zeitschrift 1937-07-15: Iss 13-14	German
per_physikalische-zeitschrift_physikalische-zeitschrift_1937-08-01_15	1937-08-01	day	1937		Physikalische Zeitschrift 1937-08-01: Iss 15	German
per_physikalische-zeitschrift_physikalische-zeitschrift_1937-08-15_16	1937-08-15	day	1937		Physikalische Zeitschrift 1937-08-15: Iss 16	German
per_physikalische-zeitschrift_physikalische-zeitschrift_1937-09-01_17	1937-09-01	day	1937		Physikalische Zeitschrift 1937-09-01: Iss 17	German
per_physikalische-zeitschrift_physikalische-zeitschrift_1937-09-15_18	1937-09-15	day	1937		Physikalische Zeitschrift 1937-09-15: Iss 18	German
per_physikalische-zeitschrift_physikalische-zeitschrift_1937-10-01_19	1937-10-01	day	1937		Physikalische Zeitschrift 1937-10-01: Iss 19	German
per_physikalische-zeitschrift_physikalische-zeitschrift_1937-10-15_20	1937-10-15	day	1937		Physikalische Zeitschrift 1937-10-15: Iss 20	German
per_physikalische-zeitschrift_physikalische-zeitschrift_1937-11-01_21	1937-11-01	day	1937		Physikalische Zeitschrift 1937-11-01: Iss 21	German
per_physikalische-zeitschrift_physikalische-zeitschrift_1937-11-15_22	1937-11-15	day	1937		Physikalische Zeitschrift 1937-11-15: Iss 22	German
per_physikalische-zeitschrift_physikalische-zeitschrift_1937-12-01_23	1937-12-01	day	1937		Physikalische Zeitschrift 1937-12-01: Iss 23	German
per_physikalische-zeitschrift_physikalische-zeitschrift_1937-12-15_24	1937-12-15	day	1937		Physikalische Zeitschrift 1937-12-15: Iss 24	German
per_physikalische-zeitschrift_physikalische-zeitschrift_1938-01-01_1	1938-01-01	day	1938		Physikalische Zeitschrift 1938-01-01: Iss 1	German
per_physikalische-zeitschrift_physikalische-zeitschrift_1938-01-15_2	1938-01-15	day	1938		Physikalische Zeitschrift 1938-01-15: Iss 2	German
per_physikalische-zeitschrift_physikalische-zeitschrift_1938-02-01_3	1938-02-01	day	1938		Physikalische Zeitschrift 1938-02-01: Iss 3	German
per_physikalische-zeitschrift_physikalische-zeitschrift_1938-02-15_4	1938-02-15	day	1938		Physikalische Zeitschrift 1938-02-15: Iss 4	German
per_physikalische-zeitschrift_physikalische-zeitschrift_1938-03-01_5	1938-03-01	day	1938		Physikalische Zeitschrift 1938-03-01: Iss 5	German
per_physikalische-zeitschrift_physikalische-zeitschrift_1938-03-15_6	1938-03-15	day	1938		Physikalische Zeitschrift 1938-03-15: Iss 6	German
per_physikalische-zeitschrift_physikalische-zeitschrift_1938-04-01_7	1938-04-01	day	1938		Physikalische Zeitschrift 1938-04-01: Iss 7	German
per_physikalische-zeitschrift_physikalische-zeitschrift_1938-04-15_8	1938-04-15	day	1938		Physikalische Zeitschrift 1938-04-15: Iss 8	German
per_physikalische-zeitschrift_physikalische-zeitschrift_1938-05-01_9	1938-05-01	day	1938		Physikalische Zeitschrift 1938-05-01: Iss 9	German
per_physikalische-zeitschrift_physikalische-zeitschrift_1938-05-15_10	1938-05-15	day	1938		Physikalische Zeitschrift 1938-05-15: Iss 10	German
per_physikalische-zeitschrift_physikalische-zeitschrift_1938-06-01_11	1938-06-01	day	1938		Physikalische Zeitschrift 1938-06-01: Iss 11	German
per_physikalische-zeitschrift_physikalische-zeitschrift_1938-06-15_12	1938-06-15	day	1938		Physikalische Zeitschrift 1938-06-15: Iss 12	German
per_physikalische-zeitschrift_physikalische-zeitschrift_1938-07-01_13	1938-07-01	day	1938		Physikalische Zeitschrift 1938-07-01: Iss 13	German
per_physikalische-zeitschrift_physikalische-zeitschrift_1938-07-15_14	1938-07-15	day	1938		Physikalische Zeitschrift 1938-07-15: Iss 14	German
per_physikalische-zeitschrift_physikalische-zeitschrift_1938-08-01_15	1938-08-01	day	1938		Physikalische Zeitschrift 1938-08-01: Iss 15	German
per_physikalische-zeitschrift_physikalische-zeitschrift_1938-08-15_16	1938-08-15	day	1938		Physikalische Zeitschrift 1938-08-15: Iss 16	German
per_physikalische-zeitschrift_physikalische-zeitschrift_1938-09-15_17-18	1938-09-15	day	1938		Physikalische Zeitschrift 1938-09-15: Iss 17-18	German
per_physikalische-zeitschrift_physikalische-zeitschrift_1938-10-01_19	1938-10-01	day	1938		Physikalische Zeitschrift 1938-10-01: Iss 19	German
per_physikalische-zeitschrift_physikalische-zeitschrift_1938-10-15_20	1938-10-15	day	1938		Physikalische Zeitschrift 1938-10-15: Iss 20	German
per_physikalische-zeitschrift_physikalische-zeitschrift_1938-11-01_21	1938-11-01	day	1938		Physikalische Zeitschrift 1938-11-01: Iss 21	German
per_physikalische-zeitschrift_physikalische-zeitschrift_1938-11-15_22	1938-11-15	day	1938		Physikalische Zeitschrift 1938-11-15: Iss 22	German
per_physikalische-zeitschrift_physikalische-zeitschrift_1938-12-15_23-24	1938-12-15	day	1938		Physikalische Zeitschrift 1938-12-15: Iss 23-24	German
per_physikalische-zeitschrift_physikalische-zeitschrift_1939-01-01_1	1939-01-01	day	1939		Physikalische Zeitschrift 1939-01-01: Iss 1	German
per_physikalische-zeitschrift_physikalische-zeitschrift_1939-01-15_2	1939-01-15	day	1939		Physikalische Zeitschrift 1939-01-15: Iss 2	German
per_physikalische-zeitschrift_physikalische-zeitschrift_1939-02-01_3	1939-02-01	day	1939		Physikalische Zeitschrift 1939-02-01: Iss 3	German
per_physikalische-zeitschrift_physikalische-zeitschrift_1939-02-15_4	1939-02-15	day	1939		Physikalische Zeitschrift 1939-02-15: Iss 4	German
per_physikalische-zeitschrift_physikalische-zeitschrift_1939-03-01_5	1939-03-01	day	1939		Physikalische Zeitschrift 1939-03-01: Iss 5	German
per_physikalische-zeitschrift_physikalische-zeitschrift_1939-03-15_6	1939-03-15	day	1939		Physikalische Zeitschrift 1939-03-15: Iss 6	German
per_physikalische-zeitschrift_physikalische-zeitschrift_1939-04-01_7	1939-04-01	day	1939		Physikalische Zeitschrift 1939-04-01: Iss 7	German
per_physikalische-zeitschrift_physikalische-zeitschrift_1939-04-15_8	1939-04-15	day	1939		Physikalische Zeitschrift 1939-04-15: Iss 8	German
per_physikalische-zeitschrift_physikalische-zeitschrift_1939-05-01_9	1939-05-01	day	1939		Physikalische Zeitschrift 1939-05-01: Iss 9	German
per_physikalische-zeitschrift_physikalische-zeitschrift_1939-05-15_10	1939-05-15	day	1939		Physikalische Zeitschrift 1939-05-15: Iss 10	German
per_physikalische-zeitschrift_physikalische-zeitschrift_1939-06-01_11	1939-06-01	day	1939		Physikalische Zeitschrift 1939-06-01: Iss 11	German
per_physikalische-zeitschrift_physikalische-zeitschrift_1939-06-15_12	1939-06-15	day	1939		Physikalische Zeitschrift 1939-06-15: Iss 12	German
