key	date	precision	year	volume	title	language
sim_scientific-american_1845-08-28_1_1	1845-08-28	day	1845	1	Scientific American 1845-08-28: Vol 1 Iss 1	English
sim_scientific-american_1845-09-04_1_2	1845-09-04	day	1845	1	Scientific American 1845-09-04: Vol 1 Iss 2	English
sim_scientific-american_1845-09-11_1_3	1845-09-11	day	1845	1	Scientific American 1845-09-11: Vol 1 Iss 3	English
sim_scientific-american_1845-09-18_1_4	1845-09-18	day	1845	1	Scientific American 1845-09-18: Vol 1 Iss 4	English
sim_scientific-american_1845-09-25_1_5	1845-09-25	day	1845	1	Scientific American 1845-09-25: Vol 1 Iss 5	English
sim_scientific-american_1845-10-02_1_6	1845-10-02	day	1845	1	Scientific American 1845-10-02: Vol 1 Iss 6	English
sim_scientific-american_1845-10-09_1_7	1845-10-09	day	1845	1	Scientific American 1845-10-09: Vol 1 Iss 7	English
sim_scientific-american_1845-10-16_1_8	1845-10-16	day	1845	1	Scientific American 1845-10-16: Vol 1 Iss 8	English
sim_scientific-american_1845-11-13_1_9	1845-11-13	day	1845	1	Scientific American 1845-11-13: Vol 1 Iss 9	English
sim_scientific-american_1845-11-20_1_10	1845-11-20	day	1845	1	Scientific American 1845-11-20: Vol 1 Iss 10	English
sim_scientific-american_1845-11-27_1_11	1845-11-27	day	1845	1	Scientific American 1845-11-27: Vol 1 Iss 11	English
sim_scientific-american_1845-12-04_1_12	1845-12-04	day	1845	1	Scientific American 1845-12-04: Vol 1 Iss 12	English
sim_scientific-american_1845-12-11_1_13	1845-12-11	day	1845	1	Scientific American 1845-12-11: Vol 1 Iss 13	English
sim_scientific-american_1845-12-18_1_14	1845-12-18	day	1845	1	Scientific American 1845-12-18: Vol 1 Iss 14	English
sim_scientific-american_1845-12-25_1_15	1845-12-25	day	1845	1	Scientific American 1845-12-25: Vol 1 Iss 15	English
sim_scientific-american_1846-01-01_1_16	1846-01-01	day	1846	1	Scientific American 1846-01-01: Vol 1 Iss 16	English
sim_scientific-american_1846-01-08_1_17	1846-01-08	day	1846	1	Scientific American 1846-01-08: Vol 1 Iss 17	English
sim_scientific-american_1846-01-15_1_18	1846-01-15	day	1846	1	Scientific American 1846-01-15: Vol 1 Iss 18	English
sim_scientific-american_1846-01-22_1_19	1846-01-22	day	1846	1	Scientific American 1846-01-22: Vol 1 Iss 19	English
sim_scientific-american_1846-01-29_1_20	1846-01-29	day	1846	1	Scientific American 1846-01-29: Vol 1 Iss 20	English
sim_scientific-american_1846-02-05_1_21	1846-02-05	day	1846	1	Scientific American 1846-02-05: Vol 1 Iss 21	English
sim_scientific-american_1846-02-12_1_22	1846-02-12	day	1846	1	Scientific American 1846-02-12: Vol 1 Iss 22	English
sim_scientific-american_1846-02-19_1_23	1846-02-19	day	1846	1	Scientific American 1846-02-19: Vol 1 Iss 23	English
sim_scientific-american_1846-02-26_1_24	1846-02-26	day	1846	1	Scientific American 1846-02-26: Vol 1 Iss 24	English
sim_scientific-american_1846-03-05_1_25	1846-03-05	day	1846	1	Scientific American 1846-03-05: Vol 1 Iss 25	English
sim_scientific-american_1846-03-12_1_26	1846-03-12	day	1846	1	Scientific American 1846-03-12: Vol 1 Iss 26	English
sim_scientific-american_1846-03-19_1_27	1846-03-19	day	1846	1	Scientific American 1846-03-19: Vol 1 Iss 27	English
sim_scientific-american_1846-03-26_1_28	1846-03-26	day	1846	1	Scientific American 1846-03-26: Vol 1 Iss 28	English
sim_scientific-american_1846-04-02_1_29	1846-04-02	day	1846	1	Scientific American 1846-04-02: Vol 1 Iss 29	English
sim_scientific-american_1846-04-09_1_30	1846-04-09	day	1846	1	Scientific American 1846-04-09: Vol 1 Iss 30	English
sim_scientific-american_1846-04-16_1_31	1846-04-16	day	1846	1	Scientific American 1846-04-16: Vol 1 Iss 31	English
sim_scientific-american_1846-04-23_1_32	1846-04-23	day	1846	1	Scientific American 1846-04-23: Vol 1 Iss 32	English
sim_scientific-american_1846-04-30_1_33	1846-04-30	day	1846	1	Scientific American 1846-04-30: Vol 1 Iss 33	English
sim_scientific-american_1846-05-06_1_34	1846-05-06	day	1846	1	Scientific American 1846-05-06: Vol 1 Iss 34	English
sim_scientific-american_1846-05-14_1_35	1846-05-14	day	1846	1	Scientific American 1846-05-14: Vol 1 Iss 35	English
sim_scientific-american_1846-05-21_1_36	1846-05-21	day	1846	1	Scientific American 1846-05-21: Vol 1 Iss 36	English
sim_scientific-american_1846-05-28_1_37	1846-05-28	day	1846	1	Scientific American 1846-05-28: Vol 1 Iss 37	English
sim_scientific-american_1846-06-04_1_38	1846-06-04	day	1846	1	Scientific American 1846-06-04: Vol 1 Iss 38	English
sim_scientific-american_1846-06-18_1_39	1846-06-18	day	1846	1	Scientific American 1846-06-18: Vol 1 Iss 39	English
sim_scientific-american_1846-06-25_1_40	1846-06-25	day	1846	1	Scientific American 1846-06-25: Vol 1 Iss 40	English
sim_scientific-american_1846-07-02_1_41	1846-07-02	day	1846	1	Scientific American 1846-07-02: Vol 1 Iss 41	English
sim_scientific-american_1846-07-09_1_42	1846-07-09	day	1846	1	Scientific American 1846-07-09: Vol 1 Iss 42	English
sim_scientific-american_1846-07-16_1_43	1846-07-16	day	1846	1	Scientific American 1846-07-16: Vol 1 Iss 43	English
sim_scientific-american_1846-07-23_1_44	1846-07-23	day	1846	1	Scientific American 1846-07-23: Vol 1 Iss 44	English
sim_scientific-american_1846-07-30_1_45	1846-07-30	day	1846	1	Scientific American 1846-07-30: Vol 1 Iss 45	English
sim_scientific-american_1846-08-06_1_46	1846-08-06	day	1846	1	Scientific American 1846-08-06: Vol 1 Iss 46	English
sim_scientific-american_1846-08-13_1_47	1846-08-13	day	1846	1	Scientific American 1846-08-13: Vol 1 Iss 47	English
sim_scientific-american_1846-08-20_1_48	1846-08-20	day	1846	1	Scientific American 1846-08-20: Vol 1 Iss 48	English
sim_scientific-american_1846-08-27_1_49	1846-08-27	day	1846	1	Scientific American 1846-08-27: Vol 1 Iss 49	English
sim_scientific-american_1846-09-03_1_50	1846-09-03	day	1846	1	Scientific American 1846-09-03: Vol 1 Iss 50	English
sim_scientific-american_1846-09-10_1_51	1846-09-10	day	1846	1	Scientific American 1846-09-10: Vol 1 Iss 51	English
sim_scientific-american_1846-09-17_1_52	1846-09-17	day	1846	1	Scientific American 1846-09-17: Vol 1 Iss 52	English
sim_scientific-american_1846-09-26_2_1	1846-09-26	day	1846	2	Scientific American 1846-09-26: Vol 2 Iss 1	English
sim_scientific-american_1846-10-03_2_2	1846-10-03	day	1846	2	Scientific American 1846-10-03: Vol 2 Iss 2	English
sim_scientific-american_1846-10-10_2_3	1846-10-10	day	1846	2	Scientific American 1846-10-10: Vol 2 Iss 3	English
sim_scientific-american_1846-10-17_2_4	1846-10-17	day	1846	2	Scientific American 1846-10-17: Vol 2 Iss 4	English
sim_scientific-american_1846-10-24_2_5	1846-10-24	day	1846	2	Scientific American 1846-10-24: Vol 2 Iss 5	English
sim_scientific-american_1846-10-31_2_6	1846-10-31	day	1846	2	Scientific American 1846-10-31: Vol 2 Iss 6	English
sim_scientific-american_1846-11-06_2_7	1846-11-06	day	1846	2	Scientific American 1846-11-06: Vol 2 Iss 7	English
sim_scientific-american_1846-11-14_2_8	1846-11-14	day	1846	2	Scientific American 1846-11-14: Vol 2 Iss 8	English
sim_scientific-american_1846-11-21_2_9	1846-11-21	day	1846	2	Scientific American 1846-11-21: Vol 2 Iss 9	English
sim_scientific-american_1846-11-28_2_10	1846-11-28	day	1846	2	Scientific American 1846-11-28: Vol 2 Iss 10	English
sim_scientific-american_1846-12-05_2_11	1846-12-05	day	1846	2	Scientific American 1846-12-05: Vol 2 Iss 11	English
sim_scientific-american_1846-12-12_2_12	1846-12-12	day	1846	2	Scientific American 1846-12-12: Vol 2 Iss 12	English
sim_scientific-american_1846-12-19_2_13	1846-12-19	day	1846	2	Scientific American 1846-12-19: Vol 2 Iss 13	English
sim_scientific-american_1846-12-26_2_14	1846-12-26	day	1846	2	Scientific American 1846-12-26: Vol 2 Iss 14	English
sim_scientific-american_1847-01-02_2_15	1847-01-02	day	1847	2	Scientific American 1847-01-02: Vol 2 Iss 15	English
sim_scientific-american_1847-01-09_2_16	1847-01-09	day	1847	2	Scientific American 1847-01-09: Vol 2 Iss 16	English
sim_scientific-american_1847-01-16_2_17	1847-01-16	day	1847	2	Scientific American 1847-01-16: Vol 2 Iss 17	English
sim_scientific-american_1847-01-23_2_18	1847-01-23	day	1847	2	Scientific American 1847-01-23: Vol 2 Iss 18	English
sim_scientific-american_1847-01-30_2_19	1847-01-30	day	1847	2	Scientific American 1847-01-30: Vol 2 Iss 19	English
sim_scientific-american_1847-02-06_2_20	1847-02-06	day	1847	2	Scientific American 1847-02-06: Vol 2 Iss 20	English
sim_scientific-american_1847-02-13_2_21	1847-02-13	day	1847	2	Scientific American 1847-02-13: Vol 2 Iss 21	English
sim_scientific-american_1847-02-20_2_22	1847-02-20	day	1847	2	Scientific American 1847-02-20: Vol 2 Iss 22	English
sim_scientific-american_1847-02-27_2_23	1847-02-27	day	1847	2	Scientific American 1847-02-27: Vol 2 Iss 23	English
sim_scientific-american_1847-03-06_2_24	1847-03-06	day	1847	2	Scientific American 1847-03-06: Vol 2 Iss 24	English
sim_scientific-american_1847-03-13_2_25	1847-03-13	day	1847	2	Scientific American 1847-03-13: Vol 2 Iss 25	English
sim_scientific-american_1847-03-20_2_26	1847-03-20	day	1847	2	Scientific American 1847-03-20: Vol 2 Iss 26	English
sim_scientific-american_1847-03-27_2_27	1847-03-27	day	1847	2	Scientific American 1847-03-27: Vol 2 Iss 27	English
sim_scientific-american_1847-04-03_2_28	1847-04-03	day	1847	2	Scientific American 1847-04-03: Vol 2 Iss 28	English
sim_scientific-american_1847-04-10_2_29	1847-04-10	day	1847	2	Scientific American 1847-04-10: Vol 2 Iss 29	English
sim_scientific-american_1847-04-17_2_30	1847-04-17	day	1847	2	Scientific American 1847-04-17: Vol 2 Iss 30	English
sim_scientific-american_1847-04-24_2_31	1847-04-24	day	1847	2	Scientific American 1847-04-24: Vol 2 Iss 31	English
sim_scientific-american_1847-05-01_2_32	1847-05-01	day	1847	2	Scientific American 1847-05-01: Vol 2 Iss 32	English
sim_scientific-american_1847-05-08_2_33	1847-05-08	day	1847	2	Scientific American 1847-05-08: Vol 2 Iss 33	English
sim_scientific-american_1847-05-15_2_34	1847-05-15	day	1847	2	Scientific American 1847-05-15: Vol 2 Iss 34	English
sim_scientific-american_1847-05-22_2_35	1847-05-22	day	1847	2	Scientific American 1847-05-22: Vol 2 Iss 35	English
sim_scientific-american_1847-05-29_2_36	1847-05-29	day	1847	2	Scientific American 1847-05-29: Vol 2 Iss 36	English
sim_scientific-american_1847-06-05_2_37	1847-06-05	day	1847	2	Scientific American 1847-06-05: Vol 2 Iss 37	English
sim_scientific-american_1847-06-12_2_38	1847-06-12	day	1847	2	Scientific American 1847-06-12: Vol 2 Iss 38	English
sim_scientific-american_1847-06-19_2_39	1847-06-19	day	1847	2	Scientific American 1847-06-19: Vol 2 Iss 39	English
sim_scientific-american_1847-06-26_2_40	1847-06-26	day	1847	2	Scientific American 1847-06-26: Vol 2 Iss 40	English
sim_scientific-american_1847-07-03_2_41	1847-07-03	day	1847	2	Scientific American 1847-07-03: Vol 2 Iss 41	English
sim_scientific-american_1847-07-10_2_42	1847-07-10	day	1847	2	Scientific American 1847-07-10: Vol 2 Iss 42	English
sim_scientific-american_1847-07-17_2_43	1847-07-17	day	1847	2	Scientific American 1847-07-17: Vol 2 Iss 43	English
sim_scientific-american_1847-07-24_2_44	1847-07-24	day	1847	2	Scientific American 1847-07-24: Vol 2 Iss 44	English
sim_scientific-american_1847-07-31_2_45	1847-07-31	day	1847	2	Scientific American 1847-07-31: Vol 2 Iss 45	English
sim_scientific-american_1847-08-07_2_46	1847-08-07	day	1847	2	Scientific American 1847-08-07: Vol 2 Iss 46	English
sim_scientific-american_1847-08-14_2_47	1847-08-14	day	1847	2	Scientific American 1847-08-14: Vol 2 Iss 47	English
sim_scientific-american_1847-08-21_2_48	1847-08-21	day	1847	2	Scientific American 1847-08-21: Vol 2 Iss 48	English
sim_scientific-american_1847-08-28_2_49	1847-08-28	day	1847	2	Scientific American 1847-08-28: Vol 2 Iss 49	English
sim_scientific-american_1847-09-04_2_50	1847-09-04	day	1847	2	Scientific American 1847-09-04: Vol 2 Iss 50	English
sim_scientific-american_1847-09-11_2_51	1847-09-11	day	1847	2	Scientific American 1847-09-11: Vol 2 Iss 51	English
sim_scientific-american_1847-09-18_2_52	1847-09-18	day	1847	2	Scientific American 1847-09-18: Vol 2 Iss 52	English
sim_scientific-american_1847-09-25_3_1	1847-09-25	day	1847	3	Scientific American 1847-09-25: Vol 3 Iss 1	English
sim_scientific-american_1847-10-02_3_2	1847-10-02	day	1847	3	Scientific American 1847-10-02: Vol 3 Iss 2	English
sim_scientific-american_1847-10-09_3_3	1847-10-09	day	1847	3	Scientific American 1847-10-09: Vol 3 Iss 3	English
sim_scientific-american_1847-10-16_3_4	1847-10-16	day	1847	3	Scientific American 1847-10-16: Vol 3 Iss 4	English
sim_scientific-american_1847-10-23_3_5	1847-10-23	day	1847	3	Scientific American 1847-10-23: Vol 3 Iss 5	English
sim_scientific-american_1847-10-30_3_6	1847-10-30	day	1847	3	Scientific American 1847-10-30: Vol 3 Iss 6	English
sim_scientific-american_1847-11-06_3_7	1847-11-06	day	1847	3	Scientific American 1847-11-06: Vol 3 Iss 7	English
sim_scientific-american_1847-11-13_3_8	1847-11-13	day	1847	3	Scientific American 1847-11-13: Vol 3 Iss 8	English
sim_scientific-american_1847-11-20_3_9	1847-11-20	day	1847	3	Scientific American 1847-11-20: Vol 3 Iss 9	English
sim_scientific-american_1847-11-27_3_10	1847-11-27	day	1847	3	Scientific American 1847-11-27: Vol 3 Iss 10	English
sim_scientific-american_1847-12-04_3_11	1847-12-04	day	1847	3	Scientific American 1847-12-04: Vol 3 Iss 11	English
sim_scientific-american_1847-12-11_3_12	1847-12-11	day	1847	3	Scientific American 1847-12-11: Vol 3 Iss 12	English
sim_scientific-american_1847-12-18_3_13	1847-12-18	day	1847	3	Scientific American 1847-12-18: Vol 3 Iss 13	English
sim_scientific-american_1847-12-25_3_14	1847-12-25	day	1847	3	Scientific American 1847-12-25: Vol 3 Iss 14	English
sim_scientific-american_1847-1848_3_index	1847-01-01	year	1847	3	Scientific American 1847 - 1848: Vol 3 Index	English
sim_scientific-american_1848-01-01_3_15	1848-01-01	day	1848	3	Scientific American 1848-01-01: Vol 3 Iss 15	English
sim_scientific-american_1848-01-08_3_16	1848-01-08	day	1848	3	Scientific American 1848-01-08: Vol 3 Iss 16	English
sim_scientific-american_1848-01-15_3_17	1848-01-15	day	1848	3	Scientific American 1848-01-15: Vol 3 Iss 17	English
sim_scientific-american_1848-01-22_3_18	1848-01-22	day	1848	3	Scientific American 1848-01-22: Vol 3 Iss 18	English
sim_scientific-american_1848-01-29_3_19	1848-01-29	day	1848	3	Scientific American 1848-01-29: Vol 3 Iss 19	English
sim_scientific-american_1848-02-05_3_20	1848-02-05	day	1848	3	Scientific American 1848-02-05: Vol 3 Iss 20	English
sim_scientific-american_1848-02-12_3_21	1848-02-12	day	1848	3	Scientific American 1848-02-12: Vol 3 Iss 21	English
sim_scientific-american_1848-02-19_3_22	1848-02-19	day	1848	3	Scientific American 1848-02-19: Vol 3 Iss 22	English
sim_scientific-american_1848-02-26_3_23	1848-02-26	day	1848	3	Scientific American 1848-02-26: Vol 3 Iss 23	English
sim_scientific-american_1848-03-04_3_24	1848-03-04	day	1848	3	Scientific American 1848-03-04: Vol 3 Iss 24	English
sim_scientific-american_1848-03-11_3_25	1848-03-11	day	1848	3	Scientific American 1848-03-11: Vol 3 Iss 25	English
sim_scientific-american_1848-03-18_3_26	1848-03-18	day	1848	3	Scientific American 1848-03-18: Vol 3 Iss 26	English
sim_scientific-american_1848-03-25_3_27	1848-03-25	day	1848	3	Scientific American 1848-03-25: Vol 3 Iss 27	English
sim_scientific-american_1848-04-01_3_28	1848-04-01	day	1848	3	Scientific American 1848-04-01: Vol 3 Iss 28	English
sim_scientific-american_1848-04-08_3_29	1848-04-08	day	1848	3	Scientific American 1848-04-08: Vol 3 Iss 29	English
sim_scientific-american_1848-04-15_3_30	1848-04-15	day	1848	3	Scientific American 1848-04-15: Vol 3 Iss 30	English
sim_scientific-american_1848-04-22_3_31	1848-04-22	day	1848	3	Scientific American 1848-04-22: Vol 3 Iss 31	English
sim_scientific-american_1848-04-29_3_32	1848-04-29	day	1848	3	Scientific American 1848-04-29: Vol 3 Iss 32	English
sim_scientific-american_1848-05-06_3_33	1848-05-06	day	1848	3	Scientific American 1848-05-06: Vol 3 Iss 33	English
sim_scientific-american_1848-05-13_3_34	1848-05-13	day	1848	3	Scientific American 1848-05-13: Vol 3 Iss 34	English
sim_scientific-american_1848-05-20_3_35	1848-05-20	day	1848	3	Scientific American 1848-05-20: Vol 3 Iss 35	English
sim_scientific-american_1848-05-27_3_36	1848-05-27	day	1848	3	Scientific American 1848-05-27: Vol 3 Iss 36	English
sim_scientific-american_1848-06-03_3_37	1848-06-03	day	1848	3	Scientific American 1848-06-03: Vol 3 Iss 37	English
sim_scientific-american_1848-06-10_3_38	1848-06-10	day	1848	3	Scientific American 1848-06-10: Vol 3 Iss 38	English
sim_scientific-american_1848-06-17_3_39	1848-06-17	day	1848	3	Scientific American 1848-06-17: Vol 3 Iss 39	English
sim_scientific-american_1848-06-24_3_40	1848-06-24	day	1848	3	Scientific American 1848-06-24: Vol 3 Iss 40	English
sim_scientific-american_1848-07-01_3_41	1848-07-01	day	1848	3	Scientific American 1848-07-01: Vol 3 Iss 41	English
sim_scientific-american_1848-07-08_3_42	1848-07-08	day	1848	3	Scientific American 1848-07-08: Vol 3 Iss 42	English
sim_scientific-american_1848-07-15_3_43	1848-07-15	day	1848	3	Scientific American 1848-07-15: Vol 3 Iss 43	English
sim_scientific-american_1848-07-22_3_44	1848-07-22	day	1848	3	Scientific American 1848-07-22: Vol 3 Iss 44	English
sim_scientific-american_1848-07-29_3_45	1848-07-29	day	1848	3	Scientific American 1848-07-29: Vol 3 Iss 45	English
sim_scientific-american_1848-08-05_3_46	1848-08-05	day	1848	3	Scientific American 1848-08-05: Vol 3 Iss 46	English
sim_scientific-american_1848-08-12_3_47	1848-08-12	day	1848	3	Scientific American 1848-08-12: Vol 3 Iss 47	English
sim_scientific-american_1848-08-19_3_48	1848-08-19	day	1848	3	Scientific American 1848-08-19: Vol 3 Iss 48	English
sim_scientific-american_1848-08-26_3_49	1848-08-26	day	1848	3	Scientific American 1848-08-26: Vol 3 Iss 49	English
sim_scientific-american_1848-09-02_3_50	1848-09-02	day	1848	3	Scientific American 1848-09-02: Vol 3 Iss 50	English
sim_scientific-american_1848-09-09_3_51	1848-09-09	day	1848	3	Scientific American 1848-09-09: Vol 3 Iss 51	English
sim_scientific-american_1848-09-16_3_52	1848-09-16	day	1848	3	Scientific American 1848-09-16: Vol 3 Iss 52	English
sim_scientific-american_1848-09-23_4_1	1848-09-23	day	1848	4	Scientific American 1848-09-23: Vol 4 Iss 1	English
sim_scientific-american_1848-09-30_4_2	1848-09-30	day	1848	4	Scientific American 1848-09-30: Vol 4 Iss 2	English
sim_scientific-american_1848-10-07_4_3	1848-10-07	day	1848	4	Scientific American 1848-10-07: Vol 4 Iss 3	English
sim_scientific-american_1848-10-14_4_4	1848-10-14	day	1848	4	Scientific American 1848-10-14: Vol 4 Iss 4	English
sim_scientific-american_1848-10-21_4_5	1848-10-21	day	1848	4	Scientific American 1848-10-21: Vol 4 Iss 5	English
sim_scientific-american_1848-10-28_4_6	1848-10-28	day	1848	4	Scientific American 1848-10-28: Vol 4 Iss 6	English
sim_scientific-american_1848-11-04_4_7	1848-11-04	day	1848	4	Scientific American 1848-11-04: Vol 4 Iss 7	English
sim_scientific-american_1848-11-11_4_8	1848-11-11	day	1848	4	Scientific American 1848-11-11: Vol 4 Iss 8	English
sim_scientific-american_1848-11-18_4_9	1848-11-18	day	1848	4	Scientific American 1848-11-18: Vol 4 Iss 9	English
sim_scientific-american_1848-11-25_4_10	1848-11-25	day	1848	4	Scientific American 1848-11-25: Vol 4 Iss 10	English
sim_scientific-american_1848-12-02_4_11	1848-12-02	day	1848	4	Scientific American 1848-12-02: Vol 4 Iss 11	English
sim_scientific-american_1848-12-09_4_12	1848-12-09	day	1848	4	Scientific American 1848-12-09: Vol 4 Iss 12	English
sim_scientific-american_1848-12-16_4_13	1848-12-16	day	1848	4	Scientific American 1848-12-16: Vol 4 Iss 13	English
sim_scientific-american_1848-12-23_4_14	1848-12-23	day	1848	4	Scientific American 1848-12-23: Vol 4 Iss 14	English
sim_scientific-american_1848-12-30_4_15	1848-12-30	day	1848	4	Scientific American 1848-12-30: Vol 4 Iss 15	English
sim_scientific-american_1848-1849_4_index	1848-01-01	year	1848	4	Scientific American 1848 - 1849: Vol 4 Index	English
sim_scientific-american_1849-01-06_4_16	1849-01-06	day	1849	4	Scientific American 1849-01-06: Vol 4 Iss 16	English
sim_scientific-american_1849-01-13_4_17	1849-01-13	day	1849	4	Scientific American 1849-01-13: Vol 4 Iss 17	English
sim_scientific-american_1849-01-20_4_18	1849-01-20	day	1849	4	Scientific American 1849-01-20: Vol 4 Iss 18	English
sim_scientific-american_1849-01-27_4_19	1849-01-27	day	1849	4	Scientific American 1849-01-27: Vol 4 Iss 19	English
sim_scientific-american_1849-02-03_4_20	1849-02-03	day	1849	4	Scientific American 1849-02-03: Vol 4 Iss 20	English
sim_scientific-american_1849-02-10_4_21	1849-02-10	day	1849	4	Scientific American 1849-02-10: Vol 4 Iss 21	English
sim_scientific-american_1849-02-17_4_22	1849-02-17	day	1849	4	Scientific American 1849-02-17: Vol 4 Iss 22	English
sim_scientific-american_1849-02-24_4_23	1849-02-24	day	1849	4	Scientific American 1849-02-24: Vol 4 Iss 23	English
sim_scientific-american_1849-03-03_4_24	1849-03-03	day	1849	4	Scientific American 1849-03-03: Vol 4 Iss 24	English
sim_scientific-american_1849-03-10_4_25	1849-03-10	day	1849	4	Scientific American 1849-03-10: Vol 4 Iss 25	English
sim_scientific-american_1849-03-17_4_26	1849-03-17	day	1849	4	Scientific American 1849-03-17: Vol 4 Iss 26	English
sim_scientific-american_1849-03-24_4_27	1849-03-24	day	1849	4	Scientific American 1849-03-24: Vol 4 Iss 27	English
sim_scientific-american_1849-03-31_4_28	1849-03-31	day	1849	4	Scientific American 1849-03-31: Vol 4 Iss 28	English
sim_scientific-american_1849-04-07_4_29	1849-04-07	day	1849	4	Scientific American 1849-04-07: Vol 4 Iss 29	English
sim_scientific-american_1849-04-14_4_30	1849-04-14	day	1849	4	Scientific American 1849-04-14: Vol 4 Iss 30	English
sim_scientific-american_1849-04-21_4_31	1849-04-21	day	1849	4	Scientific American 1849-04-21: Vol 4 Iss 31	English
sim_scientific-american_1849-04-28_4_32	1849-04-28	day	1849	4	Scientific American 1849-04-28: Vol 4 Iss 32	English
sim_scientific-american_1849-05-05_4_33	1849-05-05	day	1849	4	Scientific American 1849-05-05: Vol 4 Iss 33	English
sim_scientific-american_1849-05-12_4_34	1849-05-12	day	1849	4	Scientific American 1849-05-12: Vol 4 Iss 34	English
sim_scientific-american_1849-05-19_4_35	1849-05-19	day	1849	4	Scientific American 1849-05-19: Vol 4 Iss 35	English
sim_scientific-american_1849-05-26_4_36	1849-05-26	day	1849	4	Scientific American 1849-05-26: Vol 4 Iss 36	English
sim_scientific-american_1849-06-02_4_37	1849-06-02	day	1849	4	Scientific American 1849-06-02: Vol 4 Iss 37	English
sim_scientific-american_1849-06-09_4_38	1849-06-09	day	1849	4	Scientific American 1849-06-09: Vol 4 Iss 38	English
sim_scientific-american_1849-06-16_4_39	1849-06-16	day	1849	4	Scientific American 1849-06-16: Vol 4 Iss 39	English
sim_scientific-american_1849-06-23_4_40	1849-06-23	day	1849	4	Scientific American 1849-06-23: Vol 4 Iss 40	English
sim_scientific-american_1849-06-30_4_41	1849-06-30	day	1849	4	Scientific American 1849-06-30: Vol 4 Iss 41	English
sim_scientific-american_1849-07-07_4_42	1849-07-07	day	1849	4	Scientific American 1849-07-07: Vol 4 Iss 42	English
sim_scientific-american_1849-07-14_4_43	1849-07-14	day	1849	4	Scientific American 1849-07-14: Vol 4 Iss 43	English
sim_scientific-american_1849-07-21_4_44	1849-07-21	day	1849	4	Scientific American 1849-07-21: Vol 4 Iss 44	English
sim_scientific-american_1849-07-28_4_45	1849-07-28	day	1849	4	Scientific American 1849-07-28: Vol 4 Iss 45	English
sim_scientific-american_1849-08-04_4_46	1849-08-04	day	1849	4	Scientific American 1849-08-04: Vol 4 Iss 46	English
sim_scientific-american_1849-08-11_4_47	1849-08-11	day	1849	4	Scientific American 1849-08-11: Vol 4 Iss 47	English
sim_scientific-american_1849-08-18_4_48	1849-08-18	day	1849	4	Scientific American 1849-08-18: Vol 4 Iss 48	English
sim_scientific-american_1849-08-25_4_49	1849-08-25	day	1849	4	Scientific American 1849-08-25: Vol 4 Iss 49	English
sim_scientific-american_1849-09-01_4_50	1849-09-01	day	1849	4	Scientific American 1849-09-01: Vol 4 Iss 50	English
sim_scientific-american_1849-09-08_4_51	1849-09-08	day	1849	4	Scientific American 1849-09-08: Vol 4 Iss 51	English
sim_scientific-american_1849-09-15_4_52	1849-09-15	day	1849	4	Scientific American 1849-09-15: Vol 4 Iss 52	English
sim_scientific-american_1849-09-22_5_1	1849-09-22	day	1849	5	Scientific American 1849-09-22: Vol 5 Iss 1	English
sim_scientific-american_1849-09-29_5_2	1849-09-29	day	1849	5	Scientific American 1849-09-29: Vol 5 Iss 2	English
sim_scientific-american_1849-10-06_5_3	1849-10-06	day	1849	5	Scientific American 1849-10-06: Vol 5 Iss 3	English
sim_scientific-american_1849-10-13_5_4	1849-10-13	day	1849	5	Scientific American 1849-10-13: Vol 5 Iss 4	English
sim_scientific-american_1849-10-20_5_5	1849-10-20	day	1849	5	Scientific American 1849-10-20: Vol 5 Iss 5	English
sim_scientific-american_1849-10-27_5_6	1849-10-27	day	1849	5	Scientific American 1849-10-27: Vol 5 Iss 6	English
sim_scientific-american_1849-11-03_5_7	1849-11-03	day	1849	5	Scientific American 1849-11-03: Vol 5 Iss 7	English
sim_scientific-american_1849-11-10_5_8	1849-11-10	day	1849	5	Scientific American 1849-11-10: Vol 5 Iss 8	English
sim_scientific-american_1849-11-17_5_9	1849-11-17	day	1849	5	Scientific American 1849-11-17: Vol 5 Iss 9	English
sim_scientific-american_1849-11-24_5_10	1849-11-24	day	1849	5	Scientific American 1849-11-24: Vol 5 Iss 10	English
sim_scientific-american_1849-12-01_5_11	1849-12-01	day	1849	5	Scientific American 1849-12-01: Vol 5 Iss 11	English
sim_scientific-american_1849-12-08_5_12	1849-12-08	day	1849	5	Scientific American 1849-12-08: Vol 5 Iss 12	English
sim_scientific-american_1849-12-15_5_13	1849-12-15	day	1849	5	Scientific American 1849-12-15: Vol 5 Iss 13	English
sim_scientific-american_1849-12-22_5_14	1849-12-22	day	1849	5	Scientific American 1849-12-22: Vol 5 Iss 14	English
sim_scientific-american_1849-12-29_5_15	1849-12-29	day	1849	5	Scientific American 1849-12-29: Vol 5 Iss 15	English
sim_scientific-american_1849-1850_5_index	1849-01-01	year	1849	5	Scientific American 1849 - 1850: Vol 5 Index	English
sim_scientific-american_1850-01-05_5_16	1850-01-05	day	1850	5	Scientific American 1850-01-05: Vol 5 Iss 16	English
sim_scientific-american_1850-01-12_5_17	1850-01-12	day	1850	5	Scientific American 1850-01-12: Vol 5 Iss 17	English
sim_scientific-american_1850-01-19_5_18	1850-01-19	day	1850	5	Scientific American 1850-01-19: Vol 5 Iss 18	English
sim_scientific-american_1850-01-26_5_19	1850-01-26	day	1850	5	Scientific American 1850-01-26: Vol 5 Iss 19	English
sim_scientific-american_1850-02-02_5_20	1850-02-02	day	1850	5	Scientific American 1850-02-02: Vol 5 Iss 20	English
sim_scientific-american_1850-02-09_5_21	1850-02-09	day	1850	5	Scientific American 1850-02-09: Vol 5 Iss 21	English
sim_scientific-american_1850-02-16_5_22	1850-02-16	day	1850	5	Scientific American 1850-02-16: Vol 5 Iss 22	English
sim_scientific-american_1850-02-23_5_23	1850-02-23	day	1850	5	Scientific American 1850-02-23: Vol 5 Iss 23	English
sim_scientific-american_1850-03-02_5_24	1850-03-02	day	1850	5	Scientific American 1850-03-02: Vol 5 Iss 24	English
sim_scientific-american_1850-03-09_5_25	1850-03-09	day	1850	5	Scientific American 1850-03-09: Vol 5 Iss 25	English
sim_scientific-american_1850-03-16_5_26	1850-03-16	day	1850	5	Scientific American 1850-03-16: Vol 5 Iss 26	English
sim_scientific-american_1850-03-23_5_27	1850-03-23	day	1850	5	Scientific American 1850-03-23: Vol 5 Iss 27	English
sim_scientific-american_1850-03-30_5_28	1850-03-30	day	1850	5	Scientific American 1850-03-30: Vol 5 Iss 28	English
sim_scientific-american_1850-04-06_5_29	1850-04-06	day	1850	5	Scientific American 1850-04-06: Vol 5 Iss 29	English
sim_scientific-american_1850-04-13_5_30	1850-04-13	day	1850	5	Scientific American 1850-04-13: Vol 5 Iss 30	English
sim_scientific-american_1850-04-20_5_31	1850-04-20	day	1850	5	Scientific American 1850-04-20: Vol 5 Iss 31	English
sim_scientific-american_1850-04-27_5_32	1850-04-27	day	1850	5	Scientific American 1850-04-27: Vol 5 Iss 32	English
sim_scientific-american_1850-05-04_5_33	1850-05-04	day	1850	5	Scientific American 1850-05-04: Vol 5 Iss 33	English
sim_scientific-american_1850-05-11_5_34	1850-05-11	day	1850	5	Scientific American 1850-05-11: Vol 5 Iss 34	English
sim_scientific-american_1850-05-18_5_35	1850-05-18	day	1850	5	Scientific American 1850-05-18: Vol 5 Iss 35	English
sim_scientific-american_1850-05-25_5_36	1850-05-25	day	1850	5	Scientific American 1850-05-25: Vol 5 Iss 36	English
sim_scientific-american_1850-06-01_5_37	1850-06-01	day	1850	5	Scientific American 1850-06-01: Vol 5 Iss 37	English
sim_scientific-american_1850-06-08_5_38	1850-06-08	day	1850	5	Scientific American 1850-06-08: Vol 5 Iss 38	English
sim_scientific-american_1850-06-15_5_39	1850-06-15	day	1850	5	Scientific American 1850-06-15: Vol 5 Iss 39	English
sim_scientific-american_1850-06-22_5_40	1850-06-22	day	1850	5	Scientific American 1850-06-22: Vol 5 Iss 40	English
sim_scientific-american_1850-06-29_5_41	1850-06-29	day	1850	5	Scientific American 1850-06-29: Vol 5 Iss 41	English
sim_scientific-american_1850-07-06_5_42	1850-07-06	day	1850	5	Scientific American 1850-07-06: Vol 5 Iss 42	English
sim_scientific-american_1850-07-13_5_43	1850-07-13	day	1850	5	Scientific American 1850-07-13: Vol 5 Iss 43	English
sim_scientific-american_1850-07-20_5_44	1850-07-20	day	1850	5	Scientific American 1850-07-20: Vol 5 Iss 44	English
sim_scientific-american_1850-07-27_5_45	1850-07-27	day	1850	5	Scientific American 1850-07-27: Vol 5 Iss 45	English
sim_scientific-american_1850-08-03_5_46	1850-08-03	day	1850	5	Scientific American 1850-08-03: Vol 5 Iss 46	English
sim_scientific-american_1850-08-10_5_47	1850-08-10	day	1850	5	Scientific American 1850-08-10: Vol 5 Iss 47	English
sim_scientific-american_1850-08-17_5_48	1850-08-17	day	1850	5	Scientific American 1850-08-17: Vol 5 Iss 48	English
sim_scientific-american_1850-08-24_5_49	1850-08-24	day	1850	5	Scientific American 1850-08-24: Vol 5 Iss 49	English
sim_scientific-american_1850-08-31_5_50	1850-08-31	day	1850	5	Scientific American 1850-08-31: Vol 5 Iss 50	English
sim_scientific-american_1850-09-07_5_51	1850-09-07	day	1850	5	Scientific American 1850-09-07: Vol 5 Iss 51	English
sim_scientific-american_1850-09-14_5_52	1850-09-14	day	1850	5	Scientific American 1850-09-14: Vol 5 Iss 52	English
sim_scientific-american_1850-09-21_6_1	1850-09-21	day	1850	6	Scientific American 1850-09-21: Vol 6 Iss 1	English
sim_scientific-american_1850-09-28_6_2	1850-09-28	day	1850	6	Scientific American 1850-09-28: Vol 6 Iss 2	English
sim_scientific-american_1850-10-05_6_3	1850-10-05	day	1850	6	Scientific American 1850-10-05: Vol 6 Iss 3	English
sim_scientific-american_1850-10-12_6_4	1850-10-12	day	1850	6	Scientific American 1850-10-12: Vol 6 Iss 4	English
sim_scientific-american_1850-10-19_6_5	1850-10-19	day	1850	6	Scientific American 1850-10-19: Vol 6 Iss 5	English
sim_scientific-american_1850-10-26_6_6	1850-10-26	day	1850	6	Scientific American 1850-10-26: Vol 6 Iss 6	English
sim_scientific-american_1850-11-02_6_7	1850-11-02	day	1850	6	Scientific American 1850-11-02: Vol 6 Iss 7	English
sim_scientific-american_1850-11-09_6_8	1850-11-09	day	1850	6	Scientific American 1850-11-09: Vol 6 Iss 8	English
sim_scientific-american_1850-11-16_6_9	1850-11-16	day	1850	6	Scientific American 1850-11-16: Vol 6 Iss 9	English
sim_scientific-american_1850-11-23_6_10	1850-11-23	day	1850	6	Scientific American 1850-11-23: Vol 6 Iss 10	English
sim_scientific-american_1850-11-30_6_11	1850-11-30	day	1850	6	Scientific American 1850-11-30: Vol 6 Iss 11	English
sim_scientific-american_1850-12-07_6_12	1850-12-07	day	1850	6	Scientific American 1850-12-07: Vol 6 Iss 12	English
sim_scientific-american_1850-12-14_6_13	1850-12-14	day	1850	6	Scientific American 1850-12-14: Vol 6 Iss 13	English
sim_scientific-american_1850-12-21_6_14	1850-12-21	day	1850	6	Scientific American 1850-12-21: Vol 6 Iss 14	English
sim_scientific-american_1850-12-28_6_15	1850-12-28	day	1850	6	Scientific American 1850-12-28: Vol 6 Iss 15	English
sim_scientific-american_1850-1851_6_index	1850-01-01	year	1850	6	Scientific American 1850 - 1851: Vol 6 Index	English
sim_scientific-american_1851-01-04_6_16	1851-01-04	day	1851	6	Scientific American 1851-01-04: Vol 6 Iss 16	English
sim_scientific-american_1851-01-11_6_17	1851-01-11	day	1851	6	Scientific American 1851-01-11: Vol 6 Iss 17	English
sim_scientific-american_1851-01-18_6_18	1851-01-18	day	1851	6	Scientific American 1851-01-18: Vol 6 Iss 18	English
sim_scientific-american_1851-01-25_6_19	1851-01-25	day	1851	6	Scientific American 1851-01-25: Vol 6 Iss 19	English
sim_scientific-american_1851-02-01_6_20	1851-02-01	day	1851	6	Scientific American 1851-02-01: Vol 6 Iss 20	English
sim_scientific-american_1851-02-08_6_21	1851-02-08	day	1851	6	Scientific American 1851-02-08: Vol 6 Iss 21	English
sim_scientific-american_1851-02-15_6_22	1851-02-15	day	1851	6	Scientific American 1851-02-15: Vol 6 Iss 22	English
sim_scientific-american_1851-02-22_6_23	1851-02-22	day	1851	6	Scientific American 1851-02-22: Vol 6 Iss 23	English
sim_scientific-american_1851-03-01_6_24	1851-03-01	day	1851	6	Scientific American 1851-03-01: Vol 6 Iss 24	English
sim_scientific-american_1851-03-08_6_25	1851-03-08	day	1851	6	Scientific American 1851-03-08: Vol 6 Iss 25	English
sim_scientific-american_1851-03-15_6_26	1851-03-15	day	1851	6	Scientific American 1851-03-15: Vol 6 Iss 26	English
sim_scientific-american_1851-03-22_6_27	1851-03-22	day	1851	6	Scientific American 1851-03-22: Vol 6 Iss 27	English
sim_scientific-american_1851-03-29_6_28	1851-03-29	day	1851	6	Scientific American 1851-03-29: Vol 6 Iss 28	English
sim_scientific-american_1851-04-05_6_29	1851-04-05	day	1851	6	Scientific American 1851-04-05: Vol 6 Iss 29	English
sim_scientific-american_1851-04-12_6_30	1851-04-12	day	1851	6	Scientific American 1851-04-12: Vol 6 Iss 30	English
sim_scientific-american_1851-04-19_6_31	1851-04-19	day	1851	6	Scientific American 1851-04-19: Vol 6 Iss 31	English
sim_scientific-american_1851-04-26_6_32	1851-04-26	day	1851	6	Scientific American 1851-04-26: Vol 6 Iss 32	English
sim_scientific-american_1851-05-03_6_33	1851-05-03	day	1851	6	Scientific American 1851-05-03: Vol 6 Iss 33	English
sim_scientific-american_1851-05-10_6_34	1851-05-10	day	1851	6	Scientific American 1851-05-10: Vol 6 Iss 34	English
sim_scientific-american_1851-05-17_6_35	1851-05-17	day	1851	6	Scientific American 1851-05-17: Vol 6 Iss 35	English
sim_scientific-american_1851-05-24_6_36	1851-05-24	day	1851	6	Scientific American 1851-05-24: Vol 6 Iss 36	English
sim_scientific-american_1851-05-31_6_37	1851-05-31	day	1851	6	Scientific American 1851-05-31: Vol 6 Iss 37	English
sim_scientific-american_1851-06-07_6_38	1851-06-07	day	1851	6	Scientific American 1851-06-07: Vol 6 Iss 38	English
sim_scientific-american_1851-06-14_6_39	1851-06-14	day	1851	6	Scientific American 1851-06-14: Vol 6 Iss 39	English
sim_scientific-american_1851-06-21_6_40	1851-06-21	day	1851	6	Scientific American 1851-06-21: Vol 6 Iss 40	English
sim_scientific-american_1851-06-28_6_41	1851-06-28	day	1851	6	Scientific American 1851-06-28: Vol 6 Iss 41	English
sim_scientific-american_1851-07-05_6_42	1851-07-05	day	1851	6	Scientific American 1851-07-05: Vol 6 Iss 42	English
sim_scientific-american_1851-07-12_6_43	1851-07-12	day	1851	6	Scientific American 1851-07-12: Vol 6 Iss 43	English
sim_scientific-american_1851-07-19_6_44	1851-07-19	day	1851	6	Scientific American 1851-07-19: Vol 6 Iss 44	English
sim_scientific-american_1851-07-26_6_45	1851-07-26	day	1851	6	Scientific American 1851-07-26: Vol 6 Iss 45	English
sim_scientific-american_1851-08-02_6_46	1851-08-02	day	1851	6	Scientific American 1851-08-02: Vol 6 Iss 46	English
sim_scientific-american_1851-08-09_6_47	1851-08-09	day	1851	6	Scientific American 1851-08-09: Vol 6 Iss 47	English
sim_scientific-american_1851-08-16_6_48	1851-08-16	day	1851	6	Scientific American 1851-08-16: Vol 6 Iss 48	English
sim_scientific-american_1851-08-23_6_49	1851-08-23	day	1851	6	Scientific American 1851-08-23: Vol 6 Iss 49	English
sim_scientific-american_1851-08-30_6_50	1851-08-30	day	1851	6	Scientific American 1851-08-30: Vol 6 Iss 50	English
sim_scientific-american_1851-09-06_6_51	1851-09-06	day	1851	6	Scientific American 1851-09-06: Vol 6 Iss 51	English
sim_scientific-american_1851-09-13_6_52	1851-09-13	day	1851	6	Scientific American 1851-09-13: Vol 6 Iss 52	English
sim_scientific-american_1851-09-20_7_1	1851-09-20	day	1851	7	Scientific American 1851-09-20: Vol 7 Iss 1	English
sim_scientific-american_1851-09-27_7_2	1851-09-27	day	1851	7	Scientific American 1851-09-27: Vol 7 Iss 2	English
sim_scientific-american_1851-10-04_7_3	1851-10-04	day	1851	7	Scientific American 1851-10-04: Vol 7 Iss 3	English
sim_scientific-american_1851-10-11_7_4	1851-10-11	day	1851	7	Scientific American 1851-10-11: Vol 7 Iss 4	English
sim_scientific-american_1851-10-18_7_5	1851-10-18	day	1851	7	Scientific American 1851-10-18: Vol 7 Iss 5	English
sim_scientific-american_1851-10-25_7_6	1851-10-25	day	1851	7	Scientific American 1851-10-25: Vol 7 Iss 6	English
sim_scientific-american_1851-11-01_7_7	1851-11-01	day	1851	7	Scientific American 1851-11-01: Vol 7 Iss 7	English
sim_scientific-american_1851-11-08_7_8	1851-11-08	day	1851	7	Scientific American 1851-11-08: Vol 7 Iss 8	English
sim_scientific-american_1851-11-15_7_9	1851-11-15	day	1851	7	Scientific American 1851-11-15: Vol 7 Iss 9	English
sim_scientific-american_1851-11-22_7_10	1851-11-22	day	1851	7	Scientific American 1851-11-22: Vol 7 Iss 10	English
sim_scientific-american_1851-11-29_7_11	1851-11-29	day	1851	7	Scientific American 1851-11-29: Vol 7 Iss 11	English
sim_scientific-american_1851-12-06_7_12	1851-12-06	day	1851	7	Scientific American 1851-12-06: Vol 7 Iss 12	English
sim_scientific-american_1851-12-13_7_13	1851-12-13	day	1851	7	Scientific American 1851-12-13: Vol 7 Iss 13	English
sim_scientific-american_1851-12-20_7_14	1851-12-20	day	1851	7	Scientific American 1851-12-20: Vol 7 Iss 14	English
sim_scientific-american_1851-12-27_7_15	1851-12-27	day	1851	7	Scientific American 1851-12-27: Vol 7 Iss 15	English
sim_scientific-american_1851-1852_7_index	1851-01-01	year	1851	7	Scientific American 1851 - 1852: Vol 7 Index	English
sim_scientific-american_1852-01-03_7_16	1852-01-03	day	1852	7	Scientific American 1852-01-03: Vol 7 Iss 16	English
sim_scientific-american_1852-01-10_7_17	1852-01-10	day	1852	7	Scientific American 1852-01-10: Vol 7 Iss 17	English
sim_scientific-american_1852-01-17_7_18	1852-01-17	day	1852	7	Scientific American 1852-01-17: Vol 7 Iss 18	English
sim_scientific-american_1852-01-24_7_19	1852-01-24	day	1852	7	Scientific American 1852-01-24: Vol 7 Iss 19	English
sim_scientific-american_1852-01-31_7_20	1852-01-31	day	1852	7	Scientific American 1852-01-31: Vol 7 Iss 20	English
sim_scientific-american_1852-02-07_7_21	1852-02-07	day	1852	7	Scientific American 1852-02-07: Vol 7 Iss 21	English
sim_scientific-american_1852-02-14_7_22	1852-02-14	day	1852	7	Scientific American 1852-02-14: Vol 7 Iss 22	English
sim_scientific-american_1852-02-21_7_23	1852-02-21	day	1852	7	Scientific American 1852-02-21: Vol 7 Iss 23	English
sim_scientific-american_1852-02-28_7_24	1852-02-28	day	1852	7	Scientific American 1852-02-28: Vol 7 Iss 24	English
sim_scientific-american_1852-03-06_7_25	1852-03-06	day	1852	7	Scientific American 1852-03-06: Vol 7 Iss 25	English
sim_scientific-american_1852-03-13_7_26	1852-03-13	day	1852	7	Scientific American 1852-03-13: Vol 7 Iss 26	English
sim_scientific-american_1852-03-20_7_27	1852-03-20	day	1852	7	Scientific American 1852-03-20: Vol 7 Iss 27	English
sim_scientific-american_1852-03-27_7_28	1852-03-27	day	1852	7	Scientific American 1852-03-27: Vol 7 Iss 28	English
sim_scientific-american_1852-04-03_7_29	1852-04-03	day	1852	7	Scientific American 1852-04-03: Vol 7 Iss 29	English
sim_scientific-american_1852-04-10_7_30	1852-04-10	day	1852	7	Scientific American 1852-04-10: Vol 7 Iss 30	English
sim_scientific-american_1852-04-17_7_31	1852-04-17	day	1852	7	Scientific American 1852-04-17: Vol 7 Iss 31	English
sim_scientific-american_1852-04-24_7_32	1852-04-24	day	1852	7	Scientific American 1852-04-24: Vol 7 Iss 32	English
sim_scientific-american_1852-05-01_7_33	1852-05-01	day	1852	7	Scientific American 1852-05-01: Vol 7 Iss 33	English
sim_scientific-american_1852-05-08_7_34	1852-05-08	day	1852	7	Scientific American 1852-05-08: Vol 7 Iss 34	English
sim_scientific-american_1852-05-15_7_35	1852-05-15	day	1852	7	Scientific American 1852-05-15: Vol 7 Iss 35	English
sim_scientific-american_1852-05-22_7_36	1852-05-22	day	1852	7	Scientific American 1852-05-22: Vol 7 Iss 36	English
sim_scientific-american_1852-05-29_7_37	1852-05-29	day	1852	7	Scientific American 1852-05-29: Vol 7 Iss 37	English
sim_scientific-american_1852-06-05_7_38	1852-06-05	day	1852	7	Scientific American 1852-06-05: Vol 7 Iss 38	English
sim_scientific-american_1852-06-12_7_39	1852-06-12	day	1852	7	Scientific American 1852-06-12: Vol 7 Iss 39	English
sim_scientific-american_1852-06-19_7_40	1852-06-19	day	1852	7	Scientific American 1852-06-19: Vol 7 Iss 40	English
sim_scientific-american_1852-06-26_7_41	1852-06-26	day	1852	7	Scientific American 1852-06-26: Vol 7 Iss 41	English
sim_scientific-american_1852-07-03_7_42	1852-07-03	day	1852	7	Scientific American 1852-07-03: Vol 7 Iss 42	English
sim_scientific-american_1852-07-10_7_43	1852-07-10	day	1852	7	Scientific American 1852-07-10: Vol 7 Iss 43	English
sim_scientific-american_1852-07-17_7_44	1852-07-17	day	1852	7	Scientific American 1852-07-17: Vol 7 Iss 44	English
sim_scientific-american_1852-07-24_7_45	1852-07-24	day	1852	7	Scientific American 1852-07-24: Vol 7 Iss 45	English
sim_scientific-american_1852-07-31_7_46	1852-07-31	day	1852	7	Scientific American 1852-07-31: Vol 7 Iss 46	English
sim_scientific-american_1852-08-07_7_47	1852-08-07	day	1852	7	Scientific American 1852-08-07: Vol 7 Iss 47	English
sim_scientific-american_1852-08-14_7_48	1852-08-14	day	1852	7	Scientific American 1852-08-14: Vol 7 Iss 48	English
sim_scientific-american_1852-08-21_7_49	1852-08-21	day	1852	7	Scientific American 1852-08-21: Vol 7 Iss 49	English
sim_scientific-american_1852-08-28_7_50	1852-08-28	day	1852	7	Scientific American 1852-08-28: Vol 7 Iss 50	English
sim_scientific-american_1852-09-04_7_51	1852-09-04	day	1852	7	Scientific American 1852-09-04: Vol 7 Iss 51	English
sim_scientific-american_1852-09-11_7_52	1852-09-11	day	1852	7	Scientific American 1852-09-11: Vol 7 Iss 52	English
sim_scientific-american_1852-09-18_8_1	1852-09-18	day	1852	8	Scientific American 1852-09-18: Vol 8 Iss 1	English
sim_scientific-american_1852-09-25_8_2	1852-09-25	day	1852	8	Scientific American 1852-09-25: Vol 8 Iss 2	English
sim_scientific-american_1852-10-02_8_3	1852-10-02	day	1852	8	Scientific American 1852-10-02: Vol 8 Iss 3	English
sim_scientific-american_1852-10-09_8_4	1852-10-09	day	1852	8	Scientific American 1852-10-09: Vol 8 Iss 4	English
sim_scientific-american_1852-10-16_8_5	1852-10-16	day	1852	8	Scientific American 1852-10-16: Vol 8 Iss 5	English
sim_scientific-american_1852-10-23_8_6	1852-10-23	day	1852	8	Scientific American 1852-10-23: Vol 8 Iss 6	English
sim_scientific-american_1852-10-30_8_7	1852-10-30	day	1852	8	Scientific American 1852-10-30: Vol 8 Iss 7	English
sim_scientific-american_1852-11-06_8_8	1852-11-06	day	1852	8	Scientific American 1852-11-06: Vol 8 Iss 8	English
sim_scientific-american_1852-11-13_8_9	1852-11-13	day	1852	8	Scientific American 1852-11-13: Vol 8 Iss 9	English
sim_scientific-american_1852-11-20_8_10	1852-11-20	day	1852	8	Scientific American 1852-11-20: Vol 8 Iss 10	English
sim_scientific-american_1852-11-27_8_11	1852-11-27	day	1852	8	Scientific American 1852-11-27: Vol 8 Iss 11	English
sim_scientific-american_1852-12-04_8_12	1852-12-04	day	1852	8	Scientific American 1852-12-04: Vol 8 Iss 12	English
sim_scientific-american_1852-12-11_8_13	1852-12-11	day	1852	8	Scientific American 1852-12-11: Vol 8 Iss 13	English
sim_scientific-american_1852-12-18_8_14	1852-12-18	day	1852	8	Scientific American 1852-12-18: Vol 8 Iss 14	English
sim_scientific-american_1852-12-25_8_15	1852-12-25	day	1852	8	Scientific American 1852-12-25: Vol 8 Iss 15	English
sim_scientific-american_1852-1853_8_index	1852-01-01	year	1852	8	Scientific American 1852 - 1853: Vol 8 Index	English
sim_scientific-american_1853-01-01_8_16	1853-01-01	day	1853	8	Scientific American 1853-01-01: Vol 8 Iss 16	English
sim_scientific-american_1853-01-08_8_17	1853-01-08	day	1853	8	Scientific American 1853-01-08: Vol 8 Iss 17	English
sim_scientific-american_1853-01-15_8_18	1853-01-15	day	1853	8	Scientific American 1853-01-15: Vol 8 Iss 18	English
sim_scientific-american_1853-01-22_8_19	1853-01-22	day	1853	8	Scientific American 1853-01-22: Vol 8 Iss 19	English
sim_scientific-american_1853-01-29_8_20	1853-01-29	day	1853	8	Scientific American 1853-01-29: Vol 8 Iss 20	English
sim_scientific-american_1853-02-05_8_21	1853-02-05	day	1853	8	Scientific American 1853-02-05: Vol 8 Iss 21	English
sim_scientific-american_1853-02-12_8_22	1853-02-12	day	1853	8	Scientific American 1853-02-12: Vol 8 Iss 22	English
sim_scientific-american_1853-02-19_8_23	1853-02-19	day	1853	8	Scientific American 1853-02-19: Vol 8 Iss 23	English
sim_scientific-american_1853-02-26_8_24	1853-02-26	day	1853	8	Scientific American 1853-02-26: Vol 8 Iss 24	English
sim_scientific-american_1853-03-05_8_25	1853-03-05	day	1853	8	Scientific American 1853-03-05: Vol 8 Iss 25	English
sim_scientific-american_1853-03-12_8_26	1853-03-12	day	1853	8	Scientific American 1853-03-12: Vol 8 Iss 26	English
sim_scientific-american_1853-03-19_8_27	1853-03-19	day	1853	8	Scientific American 1853-03-19: Vol 8 Iss 27	English
sim_scientific-american_1853-03-26_8_28	1853-03-26	day	1853	8	Scientific American 1853-03-26: Vol 8 Iss 28	English
sim_scientific-american_1853-04-02_8_29	1853-04-02	day	1853	8	Scientific American 1853-04-02: Vol 8 Iss 29	English
sim_scientific-american_1853-04-09_8_30	1853-04-09	day	1853	8	Scientific American 1853-04-09: Vol 8 Iss 30	English
sim_scientific-american_1853-04-16_8_31	1853-04-16	day	1853	8	Scientific American 1853-04-16: Vol 8 Iss 31	English
sim_scientific-american_1853-04-23_8_32	1853-04-23	day	1853	8	Scientific American 1853-04-23: Vol 8 Iss 32	English
sim_scientific-american_1853-04-30_8_33	1853-04-30	day	1853	8	Scientific American 1853-04-30: Vol 8 Iss 33	English
sim_scientific-american_1853-05-07_8_34	1853-05-07	day	1853	8	Scientific American 1853-05-07: Vol 8 Iss 34	English
sim_scientific-american_1853-05-14_8_35	1853-05-14	day	1853	8	Scientific American 1853-05-14: Vol 8 Iss 35	English
sim_scientific-american_1853-05-21_8_36	1853-05-21	day	1853	8	Scientific American 1853-05-21: Vol 8 Iss 36	English
sim_scientific-american_1853-05-28_8_37	1853-05-28	day	1853	8	Scientific American 1853-05-28: Vol 8 Iss 37	English
sim_scientific-american_1853-06-04_8_38	1853-06-04	day	1853	8	Scientific American 1853-06-04: Vol 8 Iss 38	English
sim_scientific-american_1853-06-11_8_39	1853-06-11	day	1853	8	Scientific American 1853-06-11: Vol 8 Iss 39	English
sim_scientific-american_1853-06-18_8_40	1853-06-18	day	1853	8	Scientific American 1853-06-18: Vol 8 Iss 40	English
sim_scientific-american_1853-06-25_8_41	1853-06-25	day	1853	8	Scientific American 1853-06-25: Vol 8 Iss 41	English
sim_scientific-american_1853-07-02_8_42	1853-07-02	day	1853	8	Scientific American 1853-07-02: Vol 8 Iss 42	English
sim_scientific-american_1853-07-09_8_43	1853-07-09	day	1853	8	Scientific American 1853-07-09: Vol 8 Iss 43	English
sim_scientific-american_1853-07-16_8_44	1853-07-16	day	1853	8	Scientific American 1853-07-16: Vol 8 Iss 44	English
sim_scientific-american_1853-07-23_8_45	1853-07-23	day	1853	8	Scientific American 1853-07-23: Vol 8 Iss 45	English
sim_scientific-american_1853-07-30_8_46	1853-07-30	day	1853	8	Scientific American 1853-07-30: Vol 8 Iss 46	English
sim_scientific-american_1853-08-06_8_47	1853-08-06	day	1853	8	Scientific American 1853-08-06: Vol 8 Iss 47	English
sim_scientific-american_1853-08-13_8_48	1853-08-13	day	1853	8	Scientific American 1853-08-13: Vol 8 Iss 48	English
sim_scientific-american_1853-08-20_8_49	1853-08-20	day	1853	8	Scientific American 1853-08-20: Vol 8 Iss 49	English
sim_scientific-american_1853-08-27_8_50	1853-08-27	day	1853	8	Scientific American 1853-08-27: Vol 8 Iss 50	English
sim_scientific-american_1853-09-03_8_51	1853-09-03	day	1853	8	Scientific American 1853-09-03: Vol 8 Iss 51	English
sim_scientific-american_1853-09-10_8_52	1853-09-10	day	1853	8	Scientific American 1853-09-10: Vol 8 Iss 52	English
sim_scientific-american_1853-09-17_9_1	1853-09-17	day	1853	9	Scientific American 1853-09-17: Vol 9 Iss 1	English
sim_scientific-american_1853-09-24_9_2	1853-09-24	day	1853	9	Scientific American 1853-09-24: Vol 9 Iss 2	English
sim_scientific-american_1853-10-01_9_3	1853-10-01	day	1853	9	Scientific American 1853-10-01: Vol 9 Iss 3	English
sim_scientific-american_1853-10-08_9_4	1853-10-08	day	1853	9	Scientific American 1853-10-08: Vol 9 Iss 4	English
sim_scientific-american_1853-10-15_9_5	1853-10-15	day	1853	9	Scientific American 1853-10-15: Vol 9 Iss 5	English
sim_scientific-american_1853-10-22_9_6	1853-10-22	day	1853	9	Scientific American 1853-10-22: Vol 9 Iss 6	English
sim_scientific-american_1853-10-29_9_7	1853-10-29	day	1853	9	Scientific American 1853-10-29: Vol 9 Iss 7	English
sim_scientific-american_1853-11-05_9_8	1853-11-05	day	1853	9	Scientific American 1853-11-05: Vol 9 Iss 8	English
sim_scientific-american_1853-11-12_9_9	1853-11-12	day	1853	9	Scientific American 1853-11-12: Vol 9 Iss 9	English
sim_scientific-american_1853-11-19_9_10	1853-11-19	day	1853	9	Scientific American 1853-11-19: Vol 9 Iss 10	English
sim_scientific-american_1853-11-26_9_11	1853-11-26	day	1853	9	Scientific American 1853-11-26: Vol 9 Iss 11	English
sim_scientific-american_1853-12-03_9_12	1853-12-03	day	1853	9	Scientific American 1853-12-03: Vol 9 Iss 12	English
sim_scientific-american_1853-12-10_9_13	1853-12-10	day	1853	9	Scientific American 1853-12-10: Vol 9 Iss 13	English
sim_scientific-american_1853-12-17_9_14	1853-12-17	day	1853	9	Scientific American 1853-12-17: Vol 9 Iss 14	English
sim_scientific-american_1853-12-24_9_15	1853-12-24	day	1853	9	Scientific American 1853-12-24: Vol 9 Iss 15	English
sim_scientific-american_1853-12-31_9_16	1853-12-31	day	1853	9	Scientific American 1853-12-31: Vol 9 Iss 16	English
sim_scientific-american_1853-1854_9_index	1853-01-01	year	1853	9	Scientific American 1853 - 1854: Vol 9 Index	English
sim_scientific-american_1854-01-07_9_17	1854-01-07	day	1854	9	Scientific American 1854-01-07: Vol 9 Iss 17	English
sim_scientific-american_1854-01-14_9_18	1854-01-14	day	1854	9	Scientific American 1854-01-14: Vol 9 Iss 18	English
sim_scientific-american_1854-01-21_9_19	1854-01-21	day	1854	9	Scientific American 1854-01-21: Vol 9 Iss 19	English
sim_scientific-american_1854-01-28_9_20	1854-01-28	day	1854	9	Scientific American 1854-01-28: Vol 9 Iss 20	English
sim_scientific-american_1854-02-04_9_21	1854-02-04	day	1854	9	Scientific American 1854-02-04: Vol 9 Iss 21	English
sim_scientific-american_1854-02-11_9_22	1854-02-11	day	1854	9	Scientific American 1854-02-11: Vol 9 Iss 22	English
sim_scientific-american_1854-02-18_9_23	1854-02-18	day	1854	9	Scientific American 1854-02-18: Vol 9 Iss 23	English
sim_scientific-american_1854-02-25_9_24	1854-02-25	day	1854	9	Scientific American 1854-02-25: Vol 9 Iss 24	English
sim_scientific-american_1854-03-04_9_25	1854-03-04	day	1854	9	Scientific American 1854-03-04: Vol 9 Iss 25	English
sim_scientific-american_1854-03-11_9_26	1854-03-11	day	1854	9	Scientific American 1854-03-11: Vol 9 Iss 26	English
sim_scientific-american_1854-03-18_9_27	1854-03-18	day	1854	9	Scientific American 1854-03-18: Vol 9 Iss 27	English
sim_scientific-american_1854-03-25_9_28	1854-03-25	day	1854	9	Scientific American 1854-03-25: Vol 9 Iss 28	English
sim_scientific-american_1854-04-01_9_29	1854-04-01	day	1854	9	Scientific American 1854-04-01: Vol 9 Iss 29	English
sim_scientific-american_1854-04-08_9_30	1854-04-08	day	1854	9	Scientific American 1854-04-08: Vol 9 Iss 30	English
sim_scientific-american_1854-04-15_9_31	1854-04-15	day	1854	9	Scientific American 1854-04-15: Vol 9 Iss 31	English
sim_scientific-american_1854-04-22_9_32	1854-04-22	day	1854	9	Scientific American 1854-04-22: Vol 9 Iss 32	English
sim_scientific-american_1854-04-29_9_33	1854-04-29	day	1854	9	Scientific American 1854-04-29: Vol 9 Iss 33	English
sim_scientific-american_1854-05-06_9_34	1854-05-06	day	1854	9	Scientific American 1854-05-06: Vol 9 Iss 34	English
sim_scientific-american_1854-05-13_9_35	1854-05-13	day	1854	9	Scientific American 1854-05-13: Vol 9 Iss 35	English
sim_scientific-american_1854-05-20_9_36	1854-05-20	day	1854	9	Scientific American 1854-05-20: Vol 9 Iss 36	English
sim_scientific-american_1854-05-27_9_37	1854-05-27	day	1854	9	Scientific American 1854-05-27: Vol 9 Iss 37	English
sim_scientific-american_1854-06-03_9_38	1854-06-03	day	1854	9	Scientific American 1854-06-03: Vol 9 Iss 38	English
sim_scientific-american_1854-06-10_9_39	1854-06-10	day	1854	9	Scientific American 1854-06-10: Vol 9 Iss 39	English
sim_scientific-american_1854-06-17_9_40	1854-06-17	day	1854	9	Scientific American 1854-06-17: Vol 9 Iss 40	English
sim_scientific-american_1854-06-24_9_41	1854-06-24	day	1854	9	Scientific American 1854-06-24: Vol 9 Iss 41	English
sim_scientific-american_1854-07-01_9_42	1854-07-01	day	1854	9	Scientific American 1854-07-01: Vol 9 Iss 42	English
sim_scientific-american_1854-07-08_9_43	1854-07-08	day	1854	9	Scientific American 1854-07-08: Vol 9 Iss 43	English
sim_scientific-american_1854-07-15_9_44	1854-07-15	day	1854	9	Scientific American 1854-07-15: Vol 9 Iss 44	English
sim_scientific-american_1854-07-22_9_45	1854-07-22	day	1854	9	Scientific American 1854-07-22: Vol 9 Iss 45	English
sim_scientific-american_1854-07-29_9_46	1854-07-29	day	1854	9	Scientific American 1854-07-29: Vol 9 Iss 46	English
sim_scientific-american_1854-08-05_9_47	1854-08-05	day	1854	9	Scientific American 1854-08-05: Vol 9 Iss 47	English
sim_scientific-american_1854-08-12_9_48	1854-08-12	day	1854	9	Scientific American 1854-08-12: Vol 9 Iss 48	English
sim_scientific-american_1854-08-19_9_49	1854-08-19	day	1854	9	Scientific American 1854-08-19: Vol 9 Iss 49	English
sim_scientific-american_1854-08-26_9_50	1854-08-26	day	1854	9	Scientific American 1854-08-26: Vol 9 Iss 50	English
sim_scientific-american_1854-09-02_9_51	1854-09-02	day	1854	9	Scientific American 1854-09-02: Vol 9 Iss 51	English
sim_scientific-american_1854-09-09_9_52	1854-09-09	day	1854	9	Scientific American 1854-09-09: Vol 9 Iss 52	English
sim_scientific-american_1854-09-16_10_1	1854-09-16	day	1854	10	Scientific American 1854-09-16: Vol 10 Iss 1	English
sim_scientific-american_1854-09-23_10_2	1854-09-23	day	1854	10	Scientific American 1854-09-23: Vol 10 Iss 2	English
sim_scientific-american_1854-09-30_10_3	1854-09-30	day	1854	10	Scientific American 1854-09-30: Vol 10 Iss 3	English
sim_scientific-american_1854-10-07_10_4	1854-10-07	day	1854	10	Scientific American 1854-10-07: Vol 10 Iss 4	English
sim_scientific-american_1854-10-14_10_5	1854-10-14	day	1854	10	Scientific American 1854-10-14: Vol 10 Iss 5	English
sim_scientific-american_1854-10-21_10_6	1854-10-21	day	1854	10	Scientific American 1854-10-21: Vol 10 Iss 6	English
sim_scientific-american_1854-10-28_10_7	1854-10-28	day	1854	10	Scientific American 1854-10-28: Vol 10 Iss 7	English
sim_scientific-american_1854-11-04_10_8	1854-11-04	day	1854	10	Scientific American 1854-11-04: Vol 10 Iss 8	English
sim_scientific-american_1854-11-11_10_9	1854-11-11	day	1854	10	Scientific American 1854-11-11: Vol 10 Iss 9	English
sim_scientific-american_1854-11-18_10_10	1854-11-18	day	1854	10	Scientific American 1854-11-18: Vol 10 Iss 10	English
sim_scientific-american_1854-11-25_10_11	1854-11-25	day	1854	10	Scientific American 1854-11-25: Vol 10 Iss 11	English
sim_scientific-american_1854-12-02_10_12	1854-12-02	day	1854	10	Scientific American 1854-12-02: Vol 10 Iss 12	English
sim_scientific-american_1854-12-09_10_13	1854-12-09	day	1854	10	Scientific American 1854-12-09: Vol 10 Iss 13	English
sim_scientific-american_1854-12-16_10_14	1854-12-16	day	1854	10	Scientific American 1854-12-16: Vol 10 Iss 14	English
sim_scientific-american_1854-12-23_10_15	1854-12-23	day	1854	10	Scientific American 1854-12-23: Vol 10 Iss 15	English
sim_scientific-american_1854-12-30_10_16	1854-12-30	day	1854	10	Scientific American 1854-12-30: Vol 10 Iss 16	English
sim_scientific-american_1854-1855_10_index	1854-01-01	year	1854	10	Scientific American 1854 - 1855: Vol 10 Index	English
sim_scientific-american_1855-01-06_10_17	1855-01-06	day	1855	10	Scientific American 1855-01-06: Vol 10 Iss 17	English
sim_scientific-american_1855-01-13_10_18	1855-01-13	day	1855	10	Scientific American 1855-01-13: Vol 10 Iss 18	English
sim_scientific-american_1855-01-20_10_19	1855-01-20	day	1855	10	Scientific American 1855-01-20: Vol 10 Iss 19	English
sim_scientific-american_1855-01-27_10_20	1855-01-27	day	1855	10	Scientific American 1855-01-27: Vol 10 Iss 20	English
sim_scientific-american_1855-02-03_10_21	1855-02-03	day	1855	10	Scientific American 1855-02-03: Vol 10 Iss 21	English
sim_scientific-american_1855-02-10_10_22	1855-02-10	day	1855	10	Scientific American 1855-02-10: Vol 10 Iss 22	English
sim_scientific-american_1855-02-17_10_23	1855-02-17	day	1855	10	Scientific American 1855-02-17: Vol 10 Iss 23	English
sim_scientific-american_1855-02-24_10_24	1855-02-24	day	1855	10	Scientific American 1855-02-24: Vol 10 Iss 24	English
sim_scientific-american_1855-03-03_10_25	1855-03-03	day	1855	10	Scientific American 1855-03-03: Vol 10 Iss 25	English
sim_scientific-american_1855-03-10_10_26	1855-03-10	day	1855	10	Scientific American 1855-03-10: Vol 10 Iss 26	English
sim_scientific-american_1855-03-17_10_27	1855-03-17	day	1855	10	Scientific American 1855-03-17: Vol 10 Iss 27	English
sim_scientific-american_1855-03-24_10_28	1855-03-24	day	1855	10	Scientific American 1855-03-24: Vol 10 Iss 28	English
sim_scientific-american_1855-03-31_10_29	1855-03-31	day	1855	10	Scientific American 1855-03-31: Vol 10 Iss 29	English
sim_scientific-american_1855-04-07_10_30	1855-04-07	day	1855	10	Scientific American 1855-04-07: Vol 10 Iss 30	English
sim_scientific-american_1855-04-14_10_31	1855-04-14	day	1855	10	Scientific American 1855-04-14: Vol 10 Iss 31	English
sim_scientific-american_1855-04-21_10_32	1855-04-21	day	1855	10	Scientific American 1855-04-21: Vol 10 Iss 32	English
sim_scientific-american_1855-04-28_10_33	1855-04-28	day	1855	10	Scientific American 1855-04-28: Vol 10 Iss 33	English
sim_scientific-american_1855-05-05_10_34	1855-05-05	day	1855	10	Scientific American 1855-05-05: Vol 10 Iss 34	English
sim_scientific-american_1855-05-12_10_35	1855-05-12	day	1855	10	Scientific American 1855-05-12: Vol 10 Iss 35	English
sim_scientific-american_1855-05-19_10_36	1855-05-19	day	1855	10	Scientific American 1855-05-19: Vol 10 Iss 36	English
sim_scientific-american_1855-05-26_10_37	1855-05-26	day	1855	10	Scientific American 1855-05-26: Vol 10 Iss 37	English
sim_scientific-american_1855-06-02_10_38	1855-06-02	day	1855	10	Scientific American 1855-06-02: Vol 10 Iss 38	English
sim_scientific-american_1855-06-09_10_39	1855-06-09	day	1855	10	Scientific American 1855-06-09: Vol 10 Iss 39	English
sim_scientific-american_1855-06-16_10_40	1855-06-16	day	1855	10	Scientific American 1855-06-16: Vol 10 Iss 40	English
sim_scientific-american_1855-06-23_10_41	1855-06-23	day	1855	10	Scientific American 1855-06-23: Vol 10 Iss 41	English
sim_scientific-american_1855-06-30_10_42	1855-06-30	day	1855	10	Scientific American 1855-06-30: Vol 10 Iss 42	English
sim_scientific-american_1855-07-07_10_43	1855-07-07	day	1855	10	Scientific American 1855-07-07: Vol 10 Iss 43	English
sim_scientific-american_1855-07-14_10_44	1855-07-14	day	1855	10	Scientific American 1855-07-14: Vol 10 Iss 44	English
sim_scientific-american_1855-07-21_10_45	1855-07-21	day	1855	10	Scientific American 1855-07-21: Vol 10 Iss 45	English
sim_scientific-american_1855-07-28_10_46	1855-07-28	day	1855	10	Scientific American 1855-07-28: Vol 10 Iss 46	English
sim_scientific-american_1855-08-04_10_47	1855-08-04	day	1855	10	Scientific American 1855-08-04: Vol 10 Iss 47	English
sim_scientific-american_1855-08-11_10_48	1855-08-11	day	1855	10	Scientific American 1855-08-11: Vol 10 Iss 48	English
sim_scientific-american_1855-08-18_10_49	1855-08-18	day	1855	10	Scientific American 1855-08-18: Vol 10 Iss 49	English
sim_scientific-american_1855-08-25_10_50	1855-08-25	day	1855	10	Scientific American 1855-08-25: Vol 10 Iss 50	English
sim_scientific-american_1855-09-01_10_51	1855-09-01	day	1855	10	Scientific American 1855-09-01: Vol 10 Iss 51	English
sim_scientific-american_1855-09-08_10_52	1855-09-08	day	1855	10	Scientific American 1855-09-08: Vol 10 Iss 52	English
sim_scientific-american_1855-09-15_11_1	1855-09-15	day	1855	11	Scientific American 1855-09-15: Vol 11 Iss 1	English
sim_scientific-american_1855-09-22_11_2	1855-09-22	day	1855	11	Scientific American 1855-09-22: Vol 11 Iss 2	English
sim_scientific-american_1855-09-29_11_3	1855-09-29	day	1855	11	Scientific American 1855-09-29: Vol 11 Iss 3	English
sim_scientific-american_1855-10-06_11_4	1855-10-06	day	1855	11	Scientific American 1855-10-06: Vol 11 Iss 4	English
sim_scientific-american_1855-10-13_11_5	1855-10-13	day	1855	11	Scientific American 1855-10-13: Vol 11 Iss 5	English
sim_scientific-american_1855-10-20_11_6	1855-10-20	day	1855	11	Scientific American 1855-10-20: Vol 11 Iss 6	English
sim_scientific-american_1855-10-27_11_7	1855-10-27	day	1855	11	Scientific American 1855-10-27: Vol 11 Iss 7	English
sim_scientific-american_1855-11-03_11_8	1855-11-03	day	1855	11	Scientific American 1855-11-03: Vol 11 Iss 8	English
sim_scientific-american_1855-11-10_11_9	1855-11-10	day	1855	11	Scientific American 1855-11-10: Vol 11 Iss 9	English
sim_scientific-american_1855-11-17_11_10	1855-11-17	day	1855	11	Scientific American 1855-11-17: Vol 11 Iss 10	English
sim_scientific-american_1855-11-24_11_11	1855-11-24	day	1855	11	Scientific American 1855-11-24: Vol 11 Iss 11	English
sim_scientific-american_1855-12-01_11_12	1855-12-01	day	1855	11	Scientific American 1855-12-01: Vol 11 Iss 12	English
sim_scientific-american_1855-12-08_11_13	1855-12-08	day	1855	11	Scientific American 1855-12-08: Vol 11 Iss 13	English
sim_scientific-american_1855-12-15_11_14	1855-12-15	day	1855	11	Scientific American 1855-12-15: Vol 11 Iss 14	English
sim_scientific-american_1855-12-22_11_15	1855-12-22	day	1855	11	Scientific American 1855-12-22: Vol 11 Iss 15	English
sim_scientific-american_1855-12-29_11_16	1855-12-29	day	1855	11	Scientific American 1855-12-29: Vol 11 Iss 16	English
sim_scientific-american_1855-1856_11_index	1855-01-01	year	1855	11	Scientific American 1855 - 1856: Vol 11 Index	English
sim_scientific-american_1856-01-05_11_17	1856-01-05	day	1856	11	Scientific American 1856-01-05: Vol 11 Iss 17	English
sim_scientific-american_1856-01-12_11_18	1856-01-12	day	1856	11	Scientific American 1856-01-12: Vol 11 Iss 18	English
sim_scientific-american_1856-01-19_11_19	1856-01-19	day	1856	11	Scientific American 1856-01-19: Vol 11 Iss 19	English
sim_scientific-american_1856-01-26_11_20	1856-01-26	day	1856	11	Scientific American 1856-01-26: Vol 11 Iss 20	English
sim_scientific-american_1856-02-02_11_21	1856-02-02	day	1856	11	Scientific American 1856-02-02: Vol 11 Iss 21	English
sim_scientific-american_1856-02-09_11_22	1856-02-09	day	1856	11	Scientific American 1856-02-09: Vol 11 Iss 22	English
sim_scientific-american_1856-02-16_11_23	1856-02-16	day	1856	11	Scientific American 1856-02-16: Vol 11 Iss 23	English
sim_scientific-american_1856-02-23_11_24	1856-02-23	day	1856	11	Scientific American 1856-02-23: Vol 11 Iss 24	English
sim_scientific-american_1856-03-01_11_25	1856-03-01	day	1856	11	Scientific American 1856-03-01: Vol 11 Iss 25	English
sim_scientific-american_1856-03-08_11_26	1856-03-08	day	1856	11	Scientific American 1856-03-08: Vol 11 Iss 26	English
sim_scientific-american_1856-03-15_11_27	1856-03-15	day	1856	11	Scientific American 1856-03-15: Vol 11 Iss 27	English
sim_scientific-american_1856-03-22_11_28	1856-03-22	day	1856	11	Scientific American 1856-03-22: Vol 11 Iss 28	English
sim_scientific-american_1856-03-29_11_29	1856-03-29	day	1856	11	Scientific American 1856-03-29: Vol 11 Iss 29	English
sim_scientific-american_1856-04-05_11_30	1856-04-05	day	1856	11	Scientific American 1856-04-05: Vol 11 Iss 30	English
sim_scientific-american_1856-04-12_11_31	1856-04-12	day	1856	11	Scientific American 1856-04-12: Vol 11 Iss 31	English
sim_scientific-american_1856-04-19_11_32	1856-04-19	day	1856	11	Scientific American 1856-04-19: Vol 11 Iss 32	English
sim_scientific-american_1856-04-26_11_33	1856-04-26	day	1856	11	Scientific American 1856-04-26: Vol 11 Iss 33	English
sim_scientific-american_1856-05-03_11_34	1856-05-03	day	1856	11	Scientific American 1856-05-03: Vol 11 Iss 34	English
sim_scientific-american_1856-05-10_11_35	1856-05-10	day	1856	11	Scientific American 1856-05-10: Vol 11 Iss 35	English
sim_scientific-american_1856-05-17_11_36	1856-05-17	day	1856	11	Scientific American 1856-05-17: Vol 11 Iss 36	English
sim_scientific-american_1856-05-24_11_37	1856-05-24	day	1856	11	Scientific American 1856-05-24: Vol 11 Iss 37	English
sim_scientific-american_1856-05-31_11_38	1856-05-31	day	1856	11	Scientific American 1856-05-31: Vol 11 Iss 38	English
sim_scientific-american_1856-06-07_11_39	1856-06-07	day	1856	11	Scientific American 1856-06-07: Vol 11 Iss 39	English
sim_scientific-american_1856-06-14_11_40	1856-06-14	day	1856	11	Scientific American 1856-06-14: Vol 11 Iss 40	English
sim_scientific-american_1856-06-21_11_41	1856-06-21	day	1856	11	Scientific American 1856-06-21: Vol 11 Iss 41	English
sim_scientific-american_1856-06-28_11_42	1856-06-28	day	1856	11	Scientific American 1856-06-28: Vol 11 Iss 42	English
sim_scientific-american_1856-07-05_11_43	1856-07-05	day	1856	11	Scientific American 1856-07-05: Vol 11 Iss 43	English
sim_scientific-american_1856-07-12_11_44	1856-07-12	day	1856	11	Scientific American 1856-07-12: Vol 11 Iss 44	English
sim_scientific-american_1856-07-19_11_45	1856-07-19	day	1856	11	Scientific American 1856-07-19: Vol 11 Iss 45	English
sim_scientific-american_1856-07-26_11_46	1856-07-26	day	1856	11	Scientific American 1856-07-26: Vol 11 Iss 46	English
sim_scientific-american_1856-08-02_11_47	1856-08-02	day	1856	11	Scientific American 1856-08-02: Vol 11 Iss 47	English
sim_scientific-american_1856-08-09_11_48	1856-08-09	day	1856	11	Scientific American 1856-08-09: Vol 11 Iss 48	English
sim_scientific-american_1856-08-16_11_49	1856-08-16	day	1856	11	Scientific American 1856-08-16: Vol 11 Iss 49	English
sim_scientific-american_1856-08-23_11_50	1856-08-23	day	1856	11	Scientific American 1856-08-23: Vol 11 Iss 50	English
sim_scientific-american_1856-08-30_11_51	1856-08-30	day	1856	11	Scientific American 1856-08-30: Vol 11 Iss 51	English
sim_scientific-american_1856-09-06_11_52	1856-09-06	day	1856	11	Scientific American 1856-09-06: Vol 11 Iss 52	English
sim_scientific-american_1856-09-13_12_1	1856-09-13	day	1856	12	Scientific American 1856-09-13: Vol 12 Iss 1	English
sim_scientific-american_1856-09-20_12_2	1856-09-20	day	1856	12	Scientific American 1856-09-20: Vol 12 Iss 2	English
sim_scientific-american_1856-09-27_12_3	1856-09-27	day	1856	12	Scientific American 1856-09-27: Vol 12 Iss 3	English
sim_scientific-american_1856-10-04_12_4	1856-10-04	day	1856	12	Scientific American 1856-10-04: Vol 12 Iss 4	English
sim_scientific-american_1856-10-11_12_5	1856-10-11	day	1856	12	Scientific American 1856-10-11: Vol 12 Iss 5	English
sim_scientific-american_1856-10-18_12_6	1856-10-18	day	1856	12	Scientific American 1856-10-18: Vol 12 Iss 6	English
sim_scientific-american_1856-10-25_12_7	1856-10-25	day	1856	12	Scientific American 1856-10-25: Vol 12 Iss 7	English
sim_scientific-american_1856-11-01_12_8	1856-11-01	day	1856	12	Scientific American 1856-11-01: Vol 12 Iss 8	English
sim_scientific-american_1856-11-08_12_9	1856-11-08	day	1856	12	Scientific American 1856-11-08: Vol 12 Iss 9	English
sim_scientific-american_1856-11-15_12_10	1856-11-15	day	1856	12	Scientific American 1856-11-15: Vol 12 Iss 10	English
sim_scientific-american_1856-11-22_12_11	1856-11-22	day	1856	12	Scientific American 1856-11-22: Vol 12 Iss 11	English
sim_scientific-american_1856-11-29_12_12	1856-11-29	day	1856	12	Scientific American 1856-11-29: Vol 12 Iss 12	English
sim_scientific-american_1856-12-06_12_13	1856-12-06	day	1856	12	Scientific American 1856-12-06: Vol 12 Iss 13	English
sim_scientific-american_1856-12-13_12_14	1856-12-13	day	1856	12	Scientific American 1856-12-13: Vol 12 Iss 14	English
sim_scientific-american_1856-12-20_12_15	1856-12-20	day	1856	12	Scientific American 1856-12-20: Vol 12 Iss 15	English
sim_scientific-american_1856-12-27_12_16	1856-12-27	day	1856	12	Scientific American 1856-12-27: Vol 12 Iss 16	English
sim_scientific-american_1856-1857_12_index	1856-01-01	year	1856	12	Scientific American 1856 - 1857: Vol 12 Index	English
sim_scientific-american_1857-01-03_12_17	1857-01-03	day	1857	12	Scientific American 1857-01-03: Vol 12 Iss 17	English
sim_scientific-american_1857-01-10_12_18	1857-01-10	day	1857	12	Scientific American 1857-01-10: Vol 12 Iss 18	English
sim_scientific-american_1857-01-17_12_19	1857-01-17	day	1857	12	Scientific American 1857-01-17: Vol 12 Iss 19	English
sim_scientific-american_1857-01-24_12_20	1857-01-24	day	1857	12	Scientific American 1857-01-24: Vol 12 Iss 20	English
sim_scientific-american_1857-01-31_12_21	1857-01-31	day	1857	12	Scientific American 1857-01-31: Vol 12 Iss 21	English
sim_scientific-american_1857-02-07_12_22	1857-02-07	day	1857	12	Scientific American 1857-02-07: Vol 12 Iss 22	English
sim_scientific-american_1857-02-14_12_23	1857-02-14	day	1857	12	Scientific American 1857-02-14: Vol 12 Iss 23	English
sim_scientific-american_1857-02-21_12_24	1857-02-21	day	1857	12	Scientific American 1857-02-21: Vol 12 Iss 24	English
sim_scientific-american_1857-02-28_12_25	1857-02-28	day	1857	12	Scientific American 1857-02-28: Vol 12 Iss 25	English
sim_scientific-american_1857-03-07_12_26	1857-03-07	day	1857	12	Scientific American 1857-03-07: Vol 12 Iss 26	English
sim_scientific-american_1857-03-14_12_27	1857-03-14	day	1857	12	Scientific American 1857-03-14: Vol 12 Iss 27	English
sim_scientific-american_1857-03-21_12_28	1857-03-21	day	1857	12	Scientific American 1857-03-21: Vol 12 Iss 28	English
sim_scientific-american_1857-03-28_12_29	1857-03-28	day	1857	12	Scientific American 1857-03-28: Vol 12 Iss 29	English
sim_scientific-american_1857-04-04_12_30	1857-04-04	day	1857	12	Scientific American 1857-04-04: Vol 12 Iss 30	English
sim_scientific-american_1857-04-11_12_31	1857-04-11	day	1857	12	Scientific American 1857-04-11: Vol 12 Iss 31	English
sim_scientific-american_1857-04-18_12_32	1857-04-18	day	1857	12	Scientific American 1857-04-18: Vol 12 Iss 32	English
sim_scientific-american_1857-04-25_12_33	1857-04-25	day	1857	12	Scientific American 1857-04-25: Vol 12 Iss 33	English
sim_scientific-american_1857-05-02_12_34	1857-05-02	day	1857	12	Scientific American 1857-05-02: Vol 12 Iss 34	English
sim_scientific-american_1857-05-09_12_35	1857-05-09	day	1857	12	Scientific American 1857-05-09: Vol 12 Iss 35	English
sim_scientific-american_1857-05-16_12_36	1857-05-16	day	1857	12	Scientific American 1857-05-16: Vol 12 Iss 36	English
sim_scientific-american_1857-05-23_12_37	1857-05-23	day	1857	12	Scientific American 1857-05-23: Vol 12 Iss 37	English
sim_scientific-american_1857-05-30_12_38	1857-05-30	day	1857	12	Scientific American 1857-05-30: Vol 12 Iss 38	English
sim_scientific-american_1857-06-06_12_39	1857-06-06	day	1857	12	Scientific American 1857-06-06: Vol 12 Iss 39	English
sim_scientific-american_1857-06-13_12_40	1857-06-13	day	1857	12	Scientific American 1857-06-13: Vol 12 Iss 40	English
sim_scientific-american_1857-06-20_12_41	1857-06-20	day	1857	12	Scientific American 1857-06-20: Vol 12 Iss 41	English
sim_scientific-american_1857-06-27_12_42	1857-06-27	day	1857	12	Scientific American 1857-06-27: Vol 12 Iss 42	English
sim_scientific-american_1857-07-04_12_43	1857-07-04	day	1857	12	Scientific American 1857-07-04: Vol 12 Iss 43	English
sim_scientific-american_1857-07-11_12_44	1857-07-11	day	1857	12	Scientific American 1857-07-11: Vol 12 Iss 44	English
sim_scientific-american_1857-07-18_12_45	1857-07-18	day	1857	12	Scientific American 1857-07-18: Vol 12 Iss 45	English
sim_scientific-american_1857-07-25_12_46	1857-07-25	day	1857	12	Scientific American 1857-07-25: Vol 12 Iss 46	English
sim_scientific-american_1857-08-01_12_47	1857-08-01	day	1857	12	Scientific American 1857-08-01: Vol 12 Iss 47	English
sim_scientific-american_1857-08-08_12_48	1857-08-08	day	1857	12	Scientific American 1857-08-08: Vol 12 Iss 48	English
sim_scientific-american_1857-08-15_12_49	1857-08-15	day	1857	12	Scientific American 1857-08-15: Vol 12 Iss 49	English
sim_scientific-american_1857-08-22_12_50	1857-08-22	day	1857	12	Scientific American 1857-08-22: Vol 12 Iss 50	English
sim_scientific-american_1857-08-29_12_51	1857-08-29	day	1857	12	Scientific American 1857-08-29: Vol 12 Iss 51	English
sim_scientific-american_1857-09-05_12_52	1857-09-05	day	1857	12	Scientific American 1857-09-05: Vol 12 Iss 52	English
sim_scientific-american_1857-09-12_13_1	1857-09-12	day	1857	13	Scientific American 1857-09-12: Vol 13 Iss 1	English
sim_scientific-american_1857-09-19_13_2	1857-09-19	day	1857	13	Scientific American 1857-09-19: Vol 13 Iss 2	English
sim_scientific-american_1857-09-26_13_3	1857-09-26	day	1857	13	Scientific American 1857-09-26: Vol 13 Iss 3	English
sim_scientific-american_1857-10-03_13_4	1857-10-03	day	1857	13	Scientific American 1857-10-03: Vol 13 Iss 4	English
sim_scientific-american_1857-10-10_13_5	1857-10-10	day	1857	13	Scientific American 1857-10-10: Vol 13 Iss 5	English
sim_scientific-american_1857-10-17_13_6	1857-10-17	day	1857	13	Scientific American 1857-10-17: Vol 13 Iss 6	English
sim_scientific-american_1857-10-24_13_7	1857-10-24	day	1857	13	Scientific American 1857-10-24: Vol 13 Iss 7	English
sim_scientific-american_1857-10-31_13_8	1857-10-31	day	1857	13	Scientific American 1857-10-31: Vol 13 Iss 8	English
sim_scientific-american_1857-11-07_13_9	1857-11-07	day	1857	13	Scientific American 1857-11-07: Vol 13 Iss 9	English
sim_scientific-american_1857-11-14_13_10	1857-11-14	day	1857	13	Scientific American 1857-11-14: Vol 13 Iss 10	English
sim_scientific-american_1857-11-21_13_11	1857-11-21	day	1857	13	Scientific American 1857-11-21: Vol 13 Iss 11	English
sim_scientific-american_1857-11-28_13_12	1857-11-28	day	1857	13	Scientific American 1857-11-28: Vol 13 Iss 12	English
sim_scientific-american_1857-12-05_13_13	1857-12-05	day	1857	13	Scientific American 1857-12-05: Vol 13 Iss 13	English
sim_scientific-american_1857-12-12_13_14	1857-12-12	day	1857	13	Scientific American 1857-12-12: Vol 13 Iss 14	English
sim_scientific-american_1857-12-19_13_15	1857-12-19	day	1857	13	Scientific American 1857-12-19: Vol 13 Iss 15	English
sim_scientific-american_1857-12-26_13_16	1857-12-26	day	1857	13	Scientific American 1857-12-26: Vol 13 Iss 16	English
sim_scientific-american_1857-1858_13_index	1857-01-01	year	1857	13	Scientific American 1857 - 1858: Vol 13 Index	English
sim_scientific-american_1858-01-02_13_17	1858-01-02	day	1858	13	Scientific American 1858-01-02: Vol 13 Iss 17	English
sim_scientific-american_1858-01-09_13_18	1858-01-09	day	1858	13	Scientific American 1858-01-09: Vol 13 Iss 18	English
sim_scientific-american_1858-01-16_13_19	1858-01-16	day	1858	13	Scientific American 1858-01-16: Vol 13 Iss 19	English
sim_scientific-american_1858-01-23_13_20	1858-01-23	day	1858	13	Scientific American 1858-01-23: Vol 13 Iss 20	English
sim_scientific-american_1858-01-30_13_21	1858-01-30	day	1858	13	Scientific American 1858-01-30: Vol 13 Iss 21	English
sim_scientific-american_1858-02-06_13_22	1858-02-06	day	1858	13	Scientific American 1858-02-06: Vol 13 Iss 22	English
sim_scientific-american_1858-02-13_13_23	1858-02-13	day	1858	13	Scientific American 1858-02-13: Vol 13 Iss 23	English
sim_scientific-american_1858-02-20_13_24	1858-02-20	day	1858	13	Scientific American 1858-02-20: Vol 13 Iss 24	English
sim_scientific-american_1858-02-27_13_25	1858-02-27	day	1858	13	Scientific American 1858-02-27: Vol 13 Iss 25	English
sim_scientific-american_1858-03-06_13_26	1858-03-06	day	1858	13	Scientific American 1858-03-06: Vol 13 Iss 26	English
sim_scientific-american_1858-03-13_13_27	1858-03-13	day	1858	13	Scientific American 1858-03-13: Vol 13 Iss 27	English
sim_scientific-american_1858-03-20_13_28	1858-03-20	day	1858	13	Scientific American 1858-03-20: Vol 13 Iss 28	English
sim_scientific-american_1858-03-27_13_29	1858-03-27	day	1858	13	Scientific American 1858-03-27: Vol 13 Iss 29	English
sim_scientific-american_1858-04-03_13_30	1858-04-03	day	1858	13	Scientific American 1858-04-03: Vol 13 Iss 30	English
sim_scientific-american_1858-04-10_13_31	1858-04-10	day	1858	13	Scientific American 1858-04-10: Vol 13 Iss 31	English
sim_scientific-american_1858-04-17_13_32	1858-04-17	day	1858	13	Scientific American 1858-04-17: Vol 13 Iss 32	English
sim_scientific-american_1858-04-24_13_33	1858-04-24	day	1858	13	Scientific American 1858-04-24: Vol 13 Iss 33	English
sim_scientific-american_1858-05-01_13_34	1858-05-01	day	1858	13	Scientific American 1858-05-01: Vol 13 Iss 34	English
sim_scientific-american_1858-05-08_13_35	1858-05-08	day	1858	13	Scientific American 1858-05-08: Vol 13 Iss 35	English
sim_scientific-american_1858-05-15_13_36	1858-05-15	day	1858	13	Scientific American 1858-05-15: Vol 13 Iss 36	English
sim_scientific-american_1858-05-22_13_37	1858-05-22	day	1858	13	Scientific American 1858-05-22: Vol 13 Iss 37	English
sim_scientific-american_1858-05-29_13_38	1858-05-29	day	1858	13	Scientific American 1858-05-29: Vol 13 Iss 38	English
sim_scientific-american_1858-06-05_13_39	1858-06-05	day	1858	13	Scientific American 1858-06-05: Vol 13 Iss 39	English
sim_scientific-american_1858-06-12_13_40	1858-06-12	day	1858	13	Scientific American 1858-06-12: Vol 13 Iss 40	English
sim_scientific-american_1858-06-19_13_41	1858-06-19	day	1858	13	Scientific American 1858-06-19: Vol 13 Iss 41	English
sim_scientific-american_1858-06-26_13_42	1858-06-26	day	1858	13	Scientific American 1858-06-26: Vol 13 Iss 42	English
sim_scientific-american_1858-07-03_13_43	1858-07-03	day	1858	13	Scientific American 1858-07-03: Vol 13 Iss 43	English
sim_scientific-american_1858-07-10_13_44	1858-07-10	day	1858	13	Scientific American 1858-07-10: Vol 13 Iss 44	English
sim_scientific-american_1858-07-17_13_45	1858-07-17	day	1858	13	Scientific American 1858-07-17: Vol 13 Iss 45	English
sim_scientific-american_1858-07-24_13_46	1858-07-24	day	1858	13	Scientific American 1858-07-24: Vol 13 Iss 46	English
sim_scientific-american_1858-07-31_13_47	1858-07-31	day	1858	13	Scientific American 1858-07-31: Vol 13 Iss 47	English
sim_scientific-american_1858-08-07_13_48	1858-08-07	day	1858	13	Scientific American 1858-08-07: Vol 13 Iss 48	English
sim_scientific-american_1858-08-14_13_49	1858-08-14	day	1858	13	Scientific American 1858-08-14: Vol 13 Iss 49	English
sim_scientific-american_1858-08-21_13_50	1858-08-21	day	1858	13	Scientific American 1858-08-21: Vol 13 Iss 50	English
sim_scientific-american_1858-08-28_13_51	1858-08-28	day	1858	13	Scientific American 1858-08-28: Vol 13 Iss 51	English
sim_scientific-american_1858-09-04_13_52	1858-09-04	day	1858	13	Scientific American 1858-09-04: Vol 13 Iss 52	English
sim_scientific-american_1858-09-11_14_1	1858-09-11	day	1858	14	Scientific American 1858-09-11: Vol 14 Iss 1	English
sim_scientific-american_1858-09-18_14_2	1858-09-18	day	1858	14	Scientific American 1858-09-18: Vol 14 Iss 2	English
sim_scientific-american_1858-09-25_14_3	1858-09-25	day	1858	14	Scientific American 1858-09-25: Vol 14 Iss 3	English
sim_scientific-american_1858-10-02_14_4	1858-10-02	day	1858	14	Scientific American 1858-10-02: Vol 14 Iss 4	English
sim_scientific-american_1858-10-09_14_5	1858-10-09	day	1858	14	Scientific American 1858-10-09: Vol 14 Iss 5	English
sim_scientific-american_1858-10-16_14_6	1858-10-16	day	1858	14	Scientific American 1858-10-16: Vol 14 Iss 6	English
sim_scientific-american_1858-10-23_14_7	1858-10-23	day	1858	14	Scientific American 1858-10-23: Vol 14 Iss 7	English
sim_scientific-american_1858-10-30_14_8	1858-10-30	day	1858	14	Scientific American 1858-10-30: Vol 14 Iss 8	English
sim_scientific-american_1858-11-06_14_9	1858-11-06	day	1858	14	Scientific American 1858-11-06: Vol 14 Iss 9	English
sim_scientific-american_1858-11-13_14_10	1858-11-13	day	1858	14	Scientific American 1858-11-13: Vol 14 Iss 10	English
sim_scientific-american_1858-11-20_14_11	1858-11-20	day	1858	14	Scientific American 1858-11-20: Vol 14 Iss 11	English
sim_scientific-american_1858-11-27_14_12	1858-11-27	day	1858	14	Scientific American 1858-11-27: Vol 14 Iss 12	English
sim_scientific-american_1858-12-04_14_13	1858-12-04	day	1858	14	Scientific American 1858-12-04: Vol 14 Iss 13	English
sim_scientific-american_1858-12-11_14_14	1858-12-11	day	1858	14	Scientific American 1858-12-11: Vol 14 Iss 14	English
sim_scientific-american_1858-12-18_14_15	1858-12-18	day	1858	14	Scientific American 1858-12-18: Vol 14 Iss 15	English
sim_scientific-american_1858-12-25_14_16	1858-12-25	day	1858	14	Scientific American 1858-12-25: Vol 14 Iss 16	English
sim_scientific-american_1858-1859_14_index	1858-01-01	year	1858	14	Scientific American 1858 - 1859: Vol 14 Index	English
sim_scientific-american_1859-01-01_14_17	1859-01-01	day	1859	14	Scientific American 1859-01-01: Vol 14 Iss 17	English
sim_scientific-american_1859-01-08_14_18	1859-01-08	day	1859	14	Scientific American 1859-01-08: Vol 14 Iss 18	English
sim_scientific-american_1859-01-15_14_19	1859-01-15	day	1859	14	Scientific American 1859-01-15: Vol 14 Iss 19	English
sim_scientific-american_1859-01-22_14_20	1859-01-22	day	1859	14	Scientific American 1859-01-22: Vol 14 Iss 20	English
sim_scientific-american_1859-01-29_14_21	1859-01-29	day	1859	14	Scientific American 1859-01-29: Vol 14 Iss 21	English
sim_scientific-american_1859-02-05_14_22	1859-02-05	day	1859	14	Scientific American 1859-02-05: Vol 14 Iss 22	English
sim_scientific-american_1859-02-12_14_23	1859-02-12	day	1859	14	Scientific American 1859-02-12: Vol 14 Iss 23	English
sim_scientific-american_1859-02-19_14_24	1859-02-19	day	1859	14	Scientific American 1859-02-19: Vol 14 Iss 24	English
sim_scientific-american_1859-02-26_14_25	1859-02-26	day	1859	14	Scientific American 1859-02-26: Vol 14 Iss 25	English
sim_scientific-american_1859-03-05_14_26	1859-03-05	day	1859	14	Scientific American 1859-03-05: Vol 14 Iss 26	English
sim_scientific-american_1859-03-12_14_27	1859-03-12	day	1859	14	Scientific American 1859-03-12: Vol 14 Iss 27	English
sim_scientific-american_1859-03-19_14_28	1859-03-19	day	1859	14	Scientific American 1859-03-19: Vol 14 Iss 28	English
sim_scientific-american_1859-03-26_14_29	1859-03-26	day	1859	14	Scientific American 1859-03-26: Vol 14 Iss 29	English
sim_scientific-american_1859-04-02_14_30	1859-04-02	day	1859	14	Scientific American 1859-04-02: Vol 14 Iss 30	English
sim_scientific-american_1859-04-09_14_31	1859-04-09	day	1859	14	Scientific American 1859-04-09: Vol 14 Iss 31	English
sim_scientific-american_1859-04-16_14_32	1859-04-16	day	1859	14	Scientific American 1859-04-16: Vol 14 Iss 32	English
sim_scientific-american_1859-04-23_14_33	1859-04-23	day	1859	14	Scientific American 1859-04-23: Vol 14 Iss 33	English
sim_scientific-american_1859-04-30_14_34	1859-04-30	day	1859	14	Scientific American 1859-04-30: Vol 14 Iss 34	English
sim_scientific-american_1859-05-07_14_35	1859-05-07	day	1859	14	Scientific American 1859-05-07: Vol 14 Iss 35	English
sim_scientific-american_1859-05-14_14_36	1859-05-14	day	1859	14	Scientific American 1859-05-14: Vol 14 Iss 36	English
sim_scientific-american_1859-05-21_14_37	1859-05-21	day	1859	14	Scientific American 1859-05-21: Vol 14 Iss 37	English
sim_scientific-american_1859-05-28_14_38	1859-05-28	day	1859	14	Scientific American 1859-05-28: Vol 14 Iss 38	English
sim_scientific-american_1859-06-04_14_39	1859-06-04	day	1859	14	Scientific American 1859-06-04: Vol 14 Iss 39	English
sim_scientific-american_1859-06-11_14_40	1859-06-11	day	1859	14	Scientific American 1859-06-11: Vol 14 Iss 40	English
sim_scientific-american_1859-06-18_14_41	1859-06-18	day	1859	14	Scientific American 1859-06-18: Vol 14 Iss 41	English
sim_scientific-american_1859-06-25_14_42	1859-06-25	day	1859	14	Scientific American 1859-06-25: Vol 14 Iss 42	English
sim_scientific-american_1859-07-02_1_1	1859-07-02	day	1859	1	Scientific American 1859-07-02: Vol 1 Iss 1	English
sim_scientific-american_1859-07-09_1_2	1859-07-09	day	1859	1	Scientific American 1859-07-09: Vol 1 Iss 2	English
sim_scientific-american_1859-07-16_1_3	1859-07-16	day	1859	1	Scientific American 1859-07-16: Vol 1 Iss 3	English
sim_scientific-american_1859-07-23_1_4	1859-07-23	day	1859	1	Scientific American 1859-07-23: Vol 1 Iss 4	English
sim_scientific-american_1859-07-30_1_5	1859-07-30	day	1859	1	Scientific American 1859-07-30: Vol 1 Iss 5	English
sim_scientific-american_1859-08-06_1_6	1859-08-06	day	1859	1	Scientific American 1859-08-06: Vol 1 Iss 6	English
sim_scientific-american_1859-08-13_1_7	1859-08-13	day	1859	1	Scientific American 1859-08-13: Vol 1 Iss 7	English
sim_scientific-american_1859-08-20_1_8	1859-08-20	day	1859	1	Scientific American 1859-08-20: Vol 1 Iss 8	English
sim_scientific-american_1859-08-27_1_9	1859-08-27	day	1859	1	Scientific American 1859-08-27: Vol 1 Iss 9	English
sim_scientific-american_1859-09-03_1_10	1859-09-03	day	1859	1	Scientific American 1859-09-03: Vol 1 Iss 10	English
sim_scientific-american_1859-09-10_1_11	1859-09-10	day	1859	1	Scientific American 1859-09-10: Vol 1 Iss 11	English
sim_scientific-american_1859-09-17_1_12	1859-09-17	day	1859	1	Scientific American 1859-09-17: Vol 1 Iss 12	English
sim_scientific-american_1859-09-24_1_13	1859-09-24	day	1859	1	Scientific American 1859-09-24: Vol 1 Iss 13	English
sim_scientific-american_1859-10-01_1_14	1859-10-01	day	1859	1	Scientific American 1859-10-01: Vol 1 Iss 14	English
sim_scientific-american_1859-10-08_1_15	1859-10-08	day	1859	1	Scientific American 1859-10-08: Vol 1 Iss 15	English
sim_scientific-american_1859-10-15_1_16	1859-10-15	day	1859	1	Scientific American 1859-10-15: Vol 1 Iss 16	English
sim_scientific-american_1859-10-22_1_17	1859-10-22	day	1859	1	Scientific American 1859-10-22: Vol 1 Iss 17	English
sim_scientific-american_1859-10-29_1_18	1859-10-29	day	1859	1	Scientific American 1859-10-29: Vol 1 Iss 18	English
sim_scientific-american_1859-11-05_1_19	1859-11-05	day	1859	1	Scientific American 1859-11-05: Vol 1 Iss 19	English
sim_scientific-american_1859-11-12_1_20	1859-11-12	day	1859	1	Scientific American 1859-11-12: Vol 1 Iss 20	English
sim_scientific-american_1859-11-19_1_21	1859-11-19	day	1859	1	Scientific American 1859-11-19: Vol 1 Iss 21	English
sim_scientific-american_1859-11-26_1_22	1859-11-26	day	1859	1	Scientific American 1859-11-26: Vol 1 Iss 22	English
sim_scientific-american_1859-12-03_1_23	1859-12-03	day	1859	1	Scientific American 1859-12-03: Vol 1 Iss 23	English
sim_scientific-american_1859-12-10_1_24	1859-12-10	day	1859	1	Scientific American 1859-12-10: Vol 1 Iss 24	English
sim_scientific-american_1859-12-17_1_25	1859-12-17	day	1859	1	Scientific American 1859-12-17: Vol 1 Iss 25	English
sim_scientific-american_1859-12-24_1_26	1859-12-24	day	1859	1	Scientific American 1859-12-24: Vol 1 Iss 26	English
sim_scientific-american_1859_1_index	1859-01-01	year	1859	1	Scientific American 1859: Vol 1 Index	English
sim_scientific-american_1860-01-02_2_1	1860-01-02	day	1860	2	Scientific American 1860-01-02: Vol 2 Iss 1	English
sim_scientific-american_1860-01-07_2_2	1860-01-07	day	1860	2	Scientific American 1860-01-07: Vol 2 Iss 2	English
sim_scientific-american_1860-01-14_2_3	1860-01-14	day	1860	2	Scientific American 1860-01-14: Vol 2 Iss 3	English
sim_scientific-american_1860-01-21_2_4	1860-01-21	day	1860	2	Scientific American 1860-01-21: Vol 2 Iss 4	English
sim_scientific-american_1860-01-28_2_5	1860-01-28	day	1860	2	Scientific American 1860-01-28: Vol 2 Iss 5	English
sim_scientific-american_1860-02-04_2_6	1860-02-04	day	1860	2	Scientific American 1860-02-04: Vol 2 Iss 6	English
sim_scientific-american_1860-02-11_2_7	1860-02-11	day	1860	2	Scientific American 1860-02-11: Vol 2 Iss 7	English
sim_scientific-american_1860-02-18_2_8	1860-02-18	day	1860	2	Scientific American 1860-02-18: Vol 2 Iss 8	English
sim_scientific-american_1860-02-25_2_9	1860-02-25	day	1860	2	Scientific American 1860-02-25: Vol 2 Iss 9	English
sim_scientific-american_1860-03-03_2_10	1860-03-03	day	1860	2	Scientific American 1860-03-03: Vol 2 Iss 10	English
sim_scientific-american_1860-03-10_2_11	1860-03-10	day	1860	2	Scientific American 1860-03-10: Vol 2 Iss 11	English
sim_scientific-american_1860-03-17_2_12	1860-03-17	day	1860	2	Scientific American 1860-03-17: Vol 2 Iss 12	English
sim_scientific-american_1860-03-24_2_13	1860-03-24	day	1860	2	Scientific American 1860-03-24: Vol 2 Iss 13	English
sim_scientific-american_1860-03-31_2_14	1860-03-31	day	1860	2	Scientific American 1860-03-31: Vol 2 Iss 14	English
sim_scientific-american_1860-04-07_2_15	1860-04-07	day	1860	2	Scientific American 1860-04-07: Vol 2 Iss 15	English
sim_scientific-american_1860-04-14_2_16	1860-04-14	day	1860	2	Scientific American 1860-04-14: Vol 2 Iss 16	English
sim_scientific-american_1860-04-21_2_17	1860-04-21	day	1860	2	Scientific American 1860-04-21: Vol 2 Iss 17	English
sim_scientific-american_1860-04-28_2_18	1860-04-28	day	1860	2	Scientific American 1860-04-28: Vol 2 Iss 18	English
sim_scientific-american_1860-05-05_2_19	1860-05-05	day	1860	2	Scientific American 1860-05-05: Vol 2 Iss 19	English
sim_scientific-american_1860-05-12_2_20	1860-05-12	day	1860	2	Scientific American 1860-05-12: Vol 2 Iss 20	English
sim_scientific-american_1860-05-19_2_21	1860-05-19	day	1860	2	Scientific American 1860-05-19: Vol 2 Iss 21	English
sim_scientific-american_1860-05-26_2_22	1860-05-26	day	1860	2	Scientific American 1860-05-26: Vol 2 Iss 22	English
sim_scientific-american_1860-06-02_2_23	1860-06-02	day	1860	2	Scientific American 1860-06-02: Vol 2 Iss 23	English
sim_scientific-american_1860-06-09_2_24	1860-06-09	day	1860	2	Scientific American 1860-06-09: Vol 2 Iss 24	English
sim_scientific-american_1860-06-16_2_25	1860-06-16	day	1860	2	Scientific American 1860-06-16: Vol 2 Iss 25	English
sim_scientific-american_1860-06-23_2_26	1860-06-23	day	1860	2	Scientific American 1860-06-23: Vol 2 Iss 26	English
sim_scientific-american_1860-07-02_3_1	1860-07-02	day	1860	3	Scientific American 1860-07-02: Vol 3 Iss 1	English
sim_scientific-american_1860-07-07_3_2	1860-07-07	day	1860	3	Scientific American 1860-07-07: Vol 3 Iss 2	English
sim_scientific-american_1860-07-14_3_3	1860-07-14	day	1860	3	Scientific American 1860-07-14: Vol 3 Iss 3	English
sim_scientific-american_1860-07-21_3_4	1860-07-21	day	1860	3	Scientific American 1860-07-21: Vol 3 Iss 4	English
sim_scientific-american_1860-07-28_3_5	1860-07-28	day	1860	3	Scientific American 1860-07-28: Vol 3 Iss 5	English
sim_scientific-american_1860-08-04_3_6	1860-08-04	day	1860	3	Scientific American 1860-08-04: Vol 3 Iss 6	English
sim_scientific-american_1860-08-11_3_7	1860-08-11	day	1860	3	Scientific American 1860-08-11: Vol 3 Iss 7	English
sim_scientific-american_1860-08-18_3_8	1860-08-18	day	1860	3	Scientific American 1860-08-18: Vol 3 Iss 8	English
sim_scientific-american_1860-08-25_3_9	1860-08-25	day	1860	3	Scientific American 1860-08-25: Vol 3 Iss 9	English
sim_scientific-american_1860-09-01_3_10	1860-09-01	day	1860	3	Scientific American 1860-09-01: Vol 3 Iss 10	English
sim_scientific-american_1860-09-08_3_11	1860-09-08	day	1860	3	Scientific American 1860-09-08: Vol 3 Iss 11	English
sim_scientific-american_1860-09-15_3_12	1860-09-15	day	1860	3	Scientific American 1860-09-15: Vol 3 Iss 12	English
sim_scientific-american_1860-09-22_3_13	1860-09-22	day	1860	3	Scientific American 1860-09-22: Vol 3 Iss 13	English
sim_scientific-american_1860-09-29_3_14	1860-09-29	day	1860	3	Scientific American 1860-09-29: Vol 3 Iss 14	English
sim_scientific-american_1860-10-06_3_15	1860-10-06	day	1860	3	Scientific American 1860-10-06: Vol 3 Iss 15	English
sim_scientific-american_1860-10-13_3_16	1860-10-13	day	1860	3	Scientific American 1860-10-13: Vol 3 Iss 16	English
sim_scientific-american_1860-10-20_3_17	1860-10-20	day	1860	3	Scientific American 1860-10-20: Vol 3 Iss 17	English
sim_scientific-american_1860-10-27_3_18	1860-10-27	day	1860	3	Scientific American 1860-10-27: Vol 3 Iss 18	English
sim_scientific-american_1860-11-03_3_19	1860-11-03	day	1860	3	Scientific American 1860-11-03: Vol 3 Iss 19	English
sim_scientific-american_1860-11-10_3_20	1860-11-10	day	1860	3	Scientific American 1860-11-10: Vol 3 Iss 20	English
sim_scientific-american_1860-11-17_3_21	1860-11-17	day	1860	3	Scientific American 1860-11-17: Vol 3 Iss 21	English
sim_scientific-american_1860-11-24_3_22	1860-11-24	day	1860	3	Scientific American 1860-11-24: Vol 3 Iss 22	English
sim_scientific-american_1860-12-01_3_23	1860-12-01	day	1860	3	Scientific American 1860-12-01: Vol 3 Iss 23	English
sim_scientific-american_1860-12-08_3_24	1860-12-08	day	1860	3	Scientific American 1860-12-08: Vol 3 Iss 24	English
sim_scientific-american_1860-12-15_3_25	1860-12-15	day	1860	3	Scientific American 1860-12-15: Vol 3 Iss 25	English
sim_scientific-american_1860-12-22_3_26	1860-12-22	day	1860	3	Scientific American 1860-12-22: Vol 3 Iss 26	English
sim_scientific-american_1860_2_index	1860-01-01	year	1860	2	Scientific American 1860: Vol 2 Index	English
sim_scientific-american_1860_3_index	1860-01-01	year	1860	3	Scientific American 1860: Vol 3 Index	English
sim_scientific-american_1861-01-05_4_1	1861-01-05	day	1861	4	Scientific American 1861-01-05: Vol 4 Iss 1	English
sim_scientific-american_1861-01-12_4_2	1861-01-12	day	1861	4	Scientific American 1861-01-12: Vol 4 Iss 2	English
sim_scientific-american_1861-01-19_4_3	1861-01-19	day	1861	4	Scientific American 1861-01-19: Vol 4 Iss 3	English
sim_scientific-american_1861-01-26_4_4	1861-01-26	day	1861	4	Scientific American 1861-01-26: Vol 4 Iss 4	English
sim_scientific-american_1861-02-02_4_5	1861-02-02	day	1861	4	Scientific American 1861-02-02: Vol 4 Iss 5	English
sim_scientific-american_1861-02-09_4_6	1861-02-09	day	1861	4	Scientific American 1861-02-09: Vol 4 Iss 6	English
sim_scientific-american_1861-02-16_4_7	1861-02-16	day	1861	4	Scientific American 1861-02-16: Vol 4 Iss 7	English
sim_scientific-american_1861-02-23_4_8	1861-02-23	day	1861	4	Scientific American 1861-02-23: Vol 4 Iss 8	English
sim_scientific-american_1861-03-02_4_9	1861-03-02	day	1861	4	Scientific American 1861-03-02: Vol 4 Iss 9	English
sim_scientific-american_1861-03-09_4_10	1861-03-09	day	1861	4	Scientific American 1861-03-09: Vol 4 Iss 10	English
sim_scientific-american_1861-03-16_4_11	1861-03-16	day	1861	4	Scientific American 1861-03-16: Vol 4 Iss 11	English
sim_scientific-american_1861-03-23_4_12	1861-03-23	day	1861	4	Scientific American 1861-03-23: Vol 4 Iss 12	English
sim_scientific-american_1861-03-30_4_13	1861-03-30	day	1861	4	Scientific American 1861-03-30: Vol 4 Iss 13	English
sim_scientific-american_1861-04-06_4_14	1861-04-06	day	1861	4	Scientific American 1861-04-06: Vol 4 Iss 14	English
sim_scientific-american_1861-04-13_4_15	1861-04-13	day	1861	4	Scientific American 1861-04-13: Vol 4 Iss 15	English
sim_scientific-american_1861-04-20_4_16	1861-04-20	day	1861	4	Scientific American 1861-04-20: Vol 4 Iss 16	English
sim_scientific-american_1861-04-27_4_17	1861-04-27	day	1861	4	Scientific American 1861-04-27: Vol 4 Iss 17	English
sim_scientific-american_1861-05-04_4_18	1861-05-04	day	1861	4	Scientific American 1861-05-04: Vol 4 Iss 18	English
sim_scientific-american_1861-05-11_4_19	1861-05-11	day	1861	4	Scientific American 1861-05-11: Vol 4 Iss 19	English
sim_scientific-american_1861-05-18_4_20	1861-05-18	day	1861	4	Scientific American 1861-05-18: Vol 4 Iss 20	English
sim_scientific-american_1861-05-25_4_21	1861-05-25	day	1861	4	Scientific American 1861-05-25: Vol 4 Iss 21	English
sim_scientific-american_1861-06-01_4_22	1861-06-01	day	1861	4	Scientific American 1861-06-01: Vol 4 Iss 22	English
sim_scientific-american_1861-06-08_4_23	1861-06-08	day	1861	4	Scientific American 1861-06-08: Vol 4 Iss 23	English
sim_scientific-american_1861-06-15_4_24	1861-06-15	day	1861	4	Scientific American 1861-06-15: Vol 4 Iss 24	English
sim_scientific-american_1861-06-22_4_25	1861-06-22	day	1861	4	Scientific American 1861-06-22: Vol 4 Iss 25	English
sim_scientific-american_1861-06-29_4_26	1861-06-29	day	1861	4	Scientific American 1861-06-29: Vol 4 Iss 26	English
sim_scientific-american_1861-07-06_5_1	1861-07-06	day	1861	5	Scientific American 1861-07-06: Vol 5 Iss 1	English
sim_scientific-american_1861-07-13_5_2	1861-07-13	day	1861	5	Scientific American 1861-07-13: Vol 5 Iss 2	English
sim_scientific-american_1861-07-20_5_3	1861-07-20	day	1861	5	Scientific American 1861-07-20: Vol 5 Iss 3	English
sim_scientific-american_1861-07-27_5_4	1861-07-27	day	1861	5	Scientific American 1861-07-27: Vol 5 Iss 4	English
sim_scientific-american_1861-08-03_5_5	1861-08-03	day	1861	5	Scientific American 1861-08-03: Vol 5 Iss 5	English
sim_scientific-american_1861-08-10_5_6	1861-08-10	day	1861	5	Scientific American 1861-08-10: Vol 5 Iss 6	English
sim_scientific-american_1861-08-17_5_7	1861-08-17	day	1861	5	Scientific American 1861-08-17: Vol 5 Iss 7	English
sim_scientific-american_1861-08-24_5_8	1861-08-24	day	1861	5	Scientific American 1861-08-24: Vol 5 Iss 8	English
sim_scientific-american_1861-08-31_5_9	1861-08-31	day	1861	5	Scientific American 1861-08-31: Vol 5 Iss 9	English
sim_scientific-american_1861-09-07_5_10	1861-09-07	day	1861	5	Scientific American 1861-09-07: Vol 5 Iss 10	English
sim_scientific-american_1861-09-14_5_11	1861-09-14	day	1861	5	Scientific American 1861-09-14: Vol 5 Iss 11	English
sim_scientific-american_1861-09-21_5_12	1861-09-21	day	1861	5	Scientific American 1861-09-21: Vol 5 Iss 12	English
sim_scientific-american_1861-09-28_5_13	1861-09-28	day	1861	5	Scientific American 1861-09-28: Vol 5 Iss 13	English
sim_scientific-american_1861-10-05_5_14	1861-10-05	day	1861	5	Scientific American 1861-10-05: Vol 5 Iss 14	English
sim_scientific-american_1861-10-12_5_15	1861-10-12	day	1861	5	Scientific American 1861-10-12: Vol 5 Iss 15	English
sim_scientific-american_1861-10-19_5_16	1861-10-19	day	1861	5	Scientific American 1861-10-19: Vol 5 Iss 16	English
sim_scientific-american_1861-10-26_5_17	1861-10-26	day	1861	5	Scientific American 1861-10-26: Vol 5 Iss 17	English
sim_scientific-american_1861-11-02_5_18	1861-11-02	day	1861	5	Scientific American 1861-11-02: Vol 5 Iss 18	English
sim_scientific-american_1861-11-09_5_19	1861-11-09	day	1861	5	Scientific American 1861-11-09: Vol 5 Iss 19	English
sim_scientific-american_1861-11-16_5_20	1861-11-16	day	1861	5	Scientific American 1861-11-16: Vol 5 Iss 20	English
sim_scientific-american_1861-11-23_5_21	1861-11-23	day	1861	5	Scientific American 1861-11-23: Vol 5 Iss 21	English
sim_scientific-american_1861-11-30_5_22	1861-11-30	day	1861	5	Scientific American 1861-11-30: Vol 5 Iss 22	English
sim_scientific-american_1861-12-07_5_23	1861-12-07	day	1861	5	Scientific American 1861-12-07: Vol 5 Iss 23	English
sim_scientific-american_1861-12-14_5_24	1861-12-14	day	1861	5	Scientific American 1861-12-14: Vol 5 Iss 24	English
sim_scientific-american_1861-12-21_5_25	1861-12-21	day	1861	5	Scientific American 1861-12-21: Vol 5 Iss 25	English
sim_scientific-american_1861-12-28_5_26	1861-12-28	day	1861	5	Scientific American 1861-12-28: Vol 5 Iss 26	English
sim_scientific-american_1861_4_index	1861-01-01	year	1861	4	Scientific American 1861: Vol 4 Index	English
sim_scientific-american_1861_5_index	1861-01-01	year	1861	5	Scientific American 1861: Vol 5 Index	English
sim_scientific-american_1862-01-04_6_1	1862-01-04	day	1862	6	Scientific American 1862-01-04: Vol 6 Iss 1	English
sim_scientific-american_1862-01-11_6_2	1862-01-11	day	1862	6	Scientific American 1862-01-11: Vol 6 Iss 2	English
sim_scientific-american_1862-01-18_6_3	1862-01-18	day	1862	6	Scientific American 1862-01-18: Vol 6 Iss 3	English
sim_scientific-american_1862-01-25_6_4	1862-01-25	day	1862	6	Scientific American 1862-01-25: Vol 6 Iss 4	English
sim_scientific-american_1862-02-01_6_5	1862-02-01	day	1862	6	Scientific American 1862-02-01: Vol 6 Iss 5	English
sim_scientific-american_1862-02-08_6_6	1862-02-08	day	1862	6	Scientific American 1862-02-08: Vol 6 Iss 6	English
sim_scientific-american_1862-02-15_6_7	1862-02-15	day	1862	6	Scientific American 1862-02-15: Vol 6 Iss 7	English
sim_scientific-american_1862-02-22_6_8	1862-02-22	day	1862	6	Scientific American 1862-02-22: Vol 6 Iss 8	English
sim_scientific-american_1862-03-01_6_9	1862-03-01	day	1862	6	Scientific American 1862-03-01: Vol 6 Iss 9	English
sim_scientific-american_1862-03-08_6_10	1862-03-08	day	1862	6	Scientific American 1862-03-08: Vol 6 Iss 10	English
sim_scientific-american_1862-03-15_6_11	1862-03-15	day	1862	6	Scientific American 1862-03-15: Vol 6 Iss 11	English
sim_scientific-american_1862-03-22_6_12	1862-03-22	day	1862	6	Scientific American 1862-03-22: Vol 6 Iss 12	English
sim_scientific-american_1862-03-29_6_13	1862-03-29	day	1862	6	Scientific American 1862-03-29: Vol 6 Iss 13	English
sim_scientific-american_1862-04-05_6_14	1862-04-05	day	1862	6	Scientific American 1862-04-05: Vol 6 Iss 14	English
sim_scientific-american_1862-04-12_6_15	1862-04-12	day	1862	6	Scientific American 1862-04-12: Vol 6 Iss 15	English
sim_scientific-american_1862-04-19_6_16	1862-04-19	day	1862	6	Scientific American 1862-04-19: Vol 6 Iss 16	English
sim_scientific-american_1862-04-26_6_17	1862-04-26	day	1862	6	Scientific American 1862-04-26: Vol 6 Iss 17	English
sim_scientific-american_1862-05-03_6_18	1862-05-03	day	1862	6	Scientific American 1862-05-03: Vol 6 Iss 18	English
sim_scientific-american_1862-05-10_6_19	1862-05-10	day	1862	6	Scientific American 1862-05-10: Vol 6 Iss 19	English
sim_scientific-american_1862-05-17_6_20	1862-05-17	day	1862	6	Scientific American 1862-05-17: Vol 6 Iss 20	English
sim_scientific-american_1862-05-24_6_21	1862-05-24	day	1862	6	Scientific American 1862-05-24: Vol 6 Iss 21	English
sim_scientific-american_1862-05-31_6_22	1862-05-31	day	1862	6	Scientific American 1862-05-31: Vol 6 Iss 22	English
sim_scientific-american_1862-06-07_6_23	1862-06-07	day	1862	6	Scientific American 1862-06-07: Vol 6 Iss 23	English
sim_scientific-american_1862-06-14_6_24	1862-06-14	day	1862	6	Scientific American 1862-06-14: Vol 6 Iss 24	English
sim_scientific-american_1862-06-21_6_25	1862-06-21	day	1862	6	Scientific American 1862-06-21: Vol 6 Iss 25	English
sim_scientific-american_1862-06-28_6_26	1862-06-28	day	1862	6	Scientific American 1862-06-28: Vol 6 Iss 26	English
sim_scientific-american_1862-07-05_7_1	1862-07-05	day	1862	7	Scientific American 1862-07-05: Vol 7 Iss 1	English
sim_scientific-american_1862-07-12_7_2	1862-07-12	day	1862	7	Scientific American 1862-07-12: Vol 7 Iss 2	English
sim_scientific-american_1862-07-19_7_3	1862-07-19	day	1862	7	Scientific American 1862-07-19: Vol 7 Iss 3	English
sim_scientific-american_1862-07-26_7_4	1862-07-26	day	1862	7	Scientific American 1862-07-26: Vol 7 Iss 4	English
sim_scientific-american_1862-08-02_7_5	1862-08-02	day	1862	7	Scientific American 1862-08-02: Vol 7 Iss 5	English
sim_scientific-american_1862-08-09_7_6	1862-08-09	day	1862	7	Scientific American 1862-08-09: Vol 7 Iss 6	English
sim_scientific-american_1862-08-16_7_7	1862-08-16	day	1862	7	Scientific American 1862-08-16: Vol 7 Iss 7	English
sim_scientific-american_1862-08-23_7_8	1862-08-23	day	1862	7	Scientific American 1862-08-23: Vol 7 Iss 8	English
sim_scientific-american_1862-08-30_7_9	1862-08-30	day	1862	7	Scientific American 1862-08-30: Vol 7 Iss 9	English
sim_scientific-american_1862-09-06_7_10	1862-09-06	day	1862	7	Scientific American 1862-09-06: Vol 7 Iss 10	English
sim_scientific-american_1862-09-13_7_11	1862-09-13	day	1862	7	Scientific American 1862-09-13: Vol 7 Iss 11	English
sim_scientific-american_1862-09-20_7_12	1862-09-20	day	1862	7	Scientific American 1862-09-20: Vol 7 Iss 12	English
sim_scientific-american_1862-09-27_7_13	1862-09-27	day	1862	7	Scientific American 1862-09-27: Vol 7 Iss 13	English
sim_scientific-american_1862-10-04_7_14	1862-10-04	day	1862	7	Scientific American 1862-10-04: Vol 7 Iss 14	English
sim_scientific-american_1862-10-11_7_15	1862-10-11	day	1862	7	Scientific American 1862-10-11: Vol 7 Iss 15	English
sim_scientific-american_1862-10-18_7_16	1862-10-18	day	1862	7	Scientific American 1862-10-18: Vol 7 Iss 16	English
sim_scientific-american_1862-10-25_7_17	1862-10-25	day	1862	7	Scientific American 1862-10-25: Vol 7 Iss 17	English
sim_scientific-american_1862-11-01_7_18	1862-11-01	day	1862	7	Scientific American 1862-11-01: Vol 7 Iss 18	English
sim_scientific-american_1862-11-08_7_19	1862-11-08	day	1862	7	Scientific American 1862-11-08: Vol 7 Iss 19	English
sim_scientific-american_1862-11-15_7_20	1862-11-15	day	1862	7	Scientific American 1862-11-15: Vol 7 Iss 20	English
sim_scientific-american_1862-11-22_7_21	1862-11-22	day	1862	7	Scientific American 1862-11-22: Vol 7 Iss 21	English
sim_scientific-american_1862-11-29_7_22	1862-11-29	day	1862	7	Scientific American 1862-11-29: Vol 7 Iss 22	English
sim_scientific-american_1862-12-06_7_23	1862-12-06	day	1862	7	Scientific American 1862-12-06: Vol 7 Iss 23	English
sim_scientific-american_1862-12-13_7_24	1862-12-13	day	1862	7	Scientific American 1862-12-13: Vol 7 Iss 24	English
sim_scientific-american_1862-12-20_7_25	1862-12-20	day	1862	7	Scientific American 1862-12-20: Vol 7 Iss 25	English
sim_scientific-american_1862-12-27_7_26	1862-12-27	day	1862	7	Scientific American 1862-12-27: Vol 7 Iss 26	English
sim_scientific-american_1862_6_index	1862-01-01	year	1862	6	Scientific American 1862: Vol 6 Index	English
sim_scientific-american_1862_7_index	1862-01-01	year	1862	7	Scientific American 1862: Vol 7 Index	English
sim_scientific-american_1863-01-03_8_1	1863-01-03	day	1863	8	Scientific American 1863-01-03: Vol 8 Iss 1	English
sim_scientific-american_1863-01-10_8_2	1863-01-10	day	1863	8	Scientific American 1863-01-10: Vol 8 Iss 2	English
sim_scientific-american_1863-01-17_8_3	1863-01-17	day	1863	8	Scientific American 1863-01-17: Vol 8 Iss 3	English
sim_scientific-american_1863-01-24_8_4	1863-01-24	day	1863	8	Scientific American 1863-01-24: Vol 8 Iss 4	English
sim_scientific-american_1863-01-31_8_5	1863-01-31	day	1863	8	Scientific American 1863-01-31: Vol 8 Iss 5	English
sim_scientific-american_1863-02-07_8_6	1863-02-07	day	1863	8	Scientific American 1863-02-07: Vol 8 Iss 6	English
sim_scientific-american_1863-02-14_8_7	1863-02-14	day	1863	8	Scientific American 1863-02-14: Vol 8 Iss 7	English
sim_scientific-american_1863-02-21_8_8	1863-02-21	day	1863	8	Scientific American 1863-02-21: Vol 8 Iss 8	English
sim_scientific-american_1863-02-28_8_9	1863-02-28	day	1863	8	Scientific American 1863-02-28: Vol 8 Iss 9	English
sim_scientific-american_1863-03-07_8_10	1863-03-07	day	1863	8	Scientific American 1863-03-07: Vol 8 Iss 10	English
sim_scientific-american_1863-03-14_8_11	1863-03-14	day	1863	8	Scientific American 1863-03-14: Vol 8 Iss 11	English
sim_scientific-american_1863-03-21_8_12	1863-03-21	day	1863	8	Scientific American 1863-03-21: Vol 8 Iss 12	English
sim_scientific-american_1863-03-28_8_13	1863-03-28	day	1863	8	Scientific American 1863-03-28: Vol 8 Iss 13	English
sim_scientific-american_1863-04-04_8_14	1863-04-04	day	1863	8	Scientific American 1863-04-04: Vol 8 Iss 14	English
sim_scientific-american_1863-04-11_8_15	1863-04-11	day	1863	8	Scientific American 1863-04-11: Vol 8 Iss 15	English
sim_scientific-american_1863-04-18_8_16	1863-04-18	day	1863	8	Scientific American 1863-04-18: Vol 8 Iss 16	English
sim_scientific-american_1863-04-25_8_17	1863-04-25	day	1863	8	Scientific American 1863-04-25: Vol 8 Iss 17	English
sim_scientific-american_1863-05-02_8_18	1863-05-02	day	1863	8	Scientific American 1863-05-02: Vol 8 Iss 18	English
sim_scientific-american_1863-05-09_8_19	1863-05-09	day	1863	8	Scientific American 1863-05-09: Vol 8 Iss 19	English
sim_scientific-american_1863-05-16_8_20	1863-05-16	day	1863	8	Scientific American 1863-05-16: Vol 8 Iss 20	English
sim_scientific-american_1863-05-23_8_21	1863-05-23	day	1863	8	Scientific American 1863-05-23: Vol 8 Iss 21	English
sim_scientific-american_1863-05-30_8_22	1863-05-30	day	1863	8	Scientific American 1863-05-30: Vol 8 Iss 22	English
sim_scientific-american_1863-06-06_8_23	1863-06-06	day	1863	8	Scientific American 1863-06-06: Vol 8 Iss 23	English
sim_scientific-american_1863-06-13_8_24	1863-06-13	day	1863	8	Scientific American 1863-06-13: Vol 8 Iss 24	English
sim_scientific-american_1863-06-20_8_25	1863-06-20	day	1863	8	Scientific American 1863-06-20: Vol 8 Iss 25	English
sim_scientific-american_1863-06-27_8_26	1863-06-27	day	1863	8	Scientific American 1863-06-27: Vol 8 Iss 26	English
sim_scientific-american_1863-07-04_9_1	1863-07-04	day	1863	9	Scientific American 1863-07-04: Vol 9 Iss 1	English
sim_scientific-american_1863-07-11_9_2	1863-07-11	day	1863	9	Scientific American 1863-07-11: Vol 9 Iss 2	English
sim_scientific-american_1863-07-18_9_3	1863-07-18	day	1863	9	Scientific American 1863-07-18: Vol 9 Iss 3	English
sim_scientific-american_1863-07-25_9_4	1863-07-25	day	1863	9	Scientific American 1863-07-25: Vol 9 Iss 4	English
sim_scientific-american_1863-08-01_9_5	1863-08-01	day	1863	9	Scientific American 1863-08-01: Vol 9 Iss 5	English
sim_scientific-american_1863-08-08_9_6	1863-08-08	day	1863	9	Scientific American 1863-08-08: Vol 9 Iss 6	English
sim_scientific-american_1863-08-15_9_7	1863-08-15	day	1863	9	Scientific American 1863-08-15: Vol 9 Iss 7	English
sim_scientific-american_1863-08-22_9_8	1863-08-22	day	1863	9	Scientific American 1863-08-22: Vol 9 Iss 8	English
sim_scientific-american_1863-08-29_9_9	1863-08-29	day	1863	9	Scientific American 1863-08-29: Vol 9 Iss 9	English
sim_scientific-american_1863-09-05_9_10	1863-09-05	day	1863	9	Scientific American 1863-09-05: Vol 9 Iss 10	English
sim_scientific-american_1863-09-12_9_11	1863-09-12	day	1863	9	Scientific American 1863-09-12: Vol 9 Iss 11	English
sim_scientific-american_1863-09-19_9_12	1863-09-19	day	1863	9	Scientific American 1863-09-19: Vol 9 Iss 12	English
sim_scientific-american_1863-09-26_9_13	1863-09-26	day	1863	9	Scientific American 1863-09-26: Vol 9 Iss 13	English
sim_scientific-american_1863-10-03_9_14	1863-10-03	day	1863	9	Scientific American 1863-10-03: Vol 9 Iss 14	English
sim_scientific-american_1863-10-10_9_15	1863-10-10	day	1863	9	Scientific American 1863-10-10: Vol 9 Iss 15	English
sim_scientific-american_1863-10-17_9_16	1863-10-17	day	1863	9	Scientific American 1863-10-17: Vol 9 Iss 16	English
sim_scientific-american_1863-10-24_9_17	1863-10-24	day	1863	9	Scientific American 1863-10-24: Vol 9 Iss 17	English
sim_scientific-american_1863-10-31_9_18	1863-10-31	day	1863	9	Scientific American 1863-10-31: Vol 9 Iss 18	English
sim_scientific-american_1863-11-07_9_19	1863-11-07	day	1863	9	Scientific American 1863-11-07: Vol 9 Iss 19	English
sim_scientific-american_1863-11-14_9_20	1863-11-14	day	1863	9	Scientific American 1863-11-14: Vol 9 Iss 20	English
sim_scientific-american_1863-11-21_9_21	1863-11-21	day	1863	9	Scientific American 1863-11-21: Vol 9 Iss 21	English
sim_scientific-american_1863-11-28_9_22	1863-11-28	day	1863	9	Scientific American 1863-11-28: Vol 9 Iss 22	English
sim_scientific-american_1863-12-05_9_23	1863-12-05	day	1863	9	Scientific American 1863-12-05: Vol 9 Iss 23	English
sim_scientific-american_1863-12-12_9_24	1863-12-12	day	1863	9	Scientific American 1863-12-12: Vol 9 Iss 24	English
sim_scientific-american_1863-12-19_9_25	1863-12-19	day	1863	9	Scientific American 1863-12-19: Vol 9 Iss 25	English
sim_scientific-american_1863-12-26_9_26	1863-12-26	day	1863	9	Scientific American 1863-12-26: Vol 9 Iss 26	English
sim_scientific-american_1863_8_index	1863-01-01	year	1863	8	Scientific American 1863: Vol 8 Index	English
sim_scientific-american_1863_9_index	1863-01-01	year	1863	9	Scientific American 1863: Vol 9 Index	English
sim_scientific-american_1864-01-02_10_1	1864-01-02	day	1864	10	Scientific American 1864-01-02: Vol 10 Iss 1	English
sim_scientific-american_1864-01-09_10_2	1864-01-09	day	1864	10	Scientific American 1864-01-09: Vol 10 Iss 2	English
sim_scientific-american_1864-01-16_10_3	1864-01-16	day	1864	10	Scientific American 1864-01-16: Vol 10 Iss 3	English
sim_scientific-american_1864-01-23_10_4	1864-01-23	day	1864	10	Scientific American 1864-01-23: Vol 10 Iss 4	English
sim_scientific-american_1864-01-30_10_5	1864-01-30	day	1864	10	Scientific American 1864-01-30: Vol 10 Iss 5	English
sim_scientific-american_1864-02-06_10_6	1864-02-06	day	1864	10	Scientific American 1864-02-06: Vol 10 Iss 6	English
sim_scientific-american_1864-02-13_10_7	1864-02-13	day	1864	10	Scientific American 1864-02-13: Vol 10 Iss 7	English
sim_scientific-american_1864-02-20_10_8	1864-02-20	day	1864	10	Scientific American 1864-02-20: Vol 10 Iss 8	English
sim_scientific-american_1864-02-27_10_9	1864-02-27	day	1864	10	Scientific American 1864-02-27: Vol 10 Iss 9	English
sim_scientific-american_1864-03-05_10_10	1864-03-05	day	1864	10	Scientific American 1864-03-05: Vol 10 Iss 10	English
sim_scientific-american_1864-03-12_10_11	1864-03-12	day	1864	10	Scientific American 1864-03-12: Vol 10 Iss 11	English
sim_scientific-american_1864-03-19_10_12	1864-03-19	day	1864	10	Scientific American 1864-03-19: Vol 10 Iss 12	English
sim_scientific-american_1864-03-26_10_13	1864-03-26	day	1864	10	Scientific American 1864-03-26: Vol 10 Iss 13	English
sim_scientific-american_1864-04-02_10_14	1864-04-02	day	1864	10	Scientific American 1864-04-02: Vol 10 Iss 14	English
sim_scientific-american_1864-04-09_10_15	1864-04-09	day	1864	10	Scientific American 1864-04-09: Vol 10 Iss 15	English
sim_scientific-american_1864-04-16_10_16	1864-04-16	day	1864	10	Scientific American 1864-04-16: Vol 10 Iss 16	English
sim_scientific-american_1864-04-23_10_17	1864-04-23	day	1864	10	Scientific American 1864-04-23: Vol 10 Iss 17	English
sim_scientific-american_1864-04-30_10_18	1864-04-30	day	1864	10	Scientific American 1864-04-30: Vol 10 Iss 18	English
sim_scientific-american_1864-05-07_10_19	1864-05-07	day	1864	10	Scientific American 1864-05-07: Vol 10 Iss 19	English
sim_scientific-american_1864-05-14_10_20	1864-05-14	day	1864	10	Scientific American 1864-05-14: Vol 10 Iss 20	English
sim_scientific-american_1864-05-21_10_21	1864-05-21	day	1864	10	Scientific American 1864-05-21: Vol 10 Iss 21	English
sim_scientific-american_1864-05-28_10_22	1864-05-28	day	1864	10	Scientific American 1864-05-28: Vol 10 Iss 22	English
sim_scientific-american_1864-06-04_10_23	1864-06-04	day	1864	10	Scientific American 1864-06-04: Vol 10 Iss 23	English
sim_scientific-american_1864-06-11_10_24	1864-06-11	day	1864	10	Scientific American 1864-06-11: Vol 10 Iss 24	English
sim_scientific-american_1864-06-18_10_25	1864-06-18	day	1864	10	Scientific American 1864-06-18: Vol 10 Iss 25	English
sim_scientific-american_1864-06-25_10_26	1864-06-25	day	1864	10	Scientific American 1864-06-25: Vol 10 Iss 26	English
sim_scientific-american_1864-07-02_11_1	1864-07-02	day	1864	11	Scientific American 1864-07-02: Vol 11 Iss 1	English
sim_scientific-american_1864-07-09_11_2	1864-07-09	day	1864	11	Scientific American 1864-07-09: Vol 11 Iss 2	English
sim_scientific-american_1864-07-16_11_3	1864-07-16	day	1864	11	Scientific American 1864-07-16: Vol 11 Iss 3	English
sim_scientific-american_1864-07-23_11_4	1864-07-23	day	1864	11	Scientific American 1864-07-23: Vol 11 Iss 4	English
sim_scientific-american_1864-07-30_11_5	1864-07-30	day	1864	11	Scientific American 1864-07-30: Vol 11 Iss 5	English
sim_scientific-american_1864-08-06_11_6	1864-08-06	day	1864	11	Scientific American 1864-08-06: Vol 11 Iss 6	English
sim_scientific-american_1864-08-13_11_7	1864-08-13	day	1864	11	Scientific American 1864-08-13: Vol 11 Iss 7	English
sim_scientific-american_1864-08-20_11_8	1864-08-20	day	1864	11	Scientific American 1864-08-20: Vol 11 Iss 8	English
sim_scientific-american_1864-08-27_11_9	1864-08-27	day	1864	11	Scientific American 1864-08-27: Vol 11 Iss 9	English
sim_scientific-american_1864-09-03_11_10	1864-09-03	day	1864	11	Scientific American 1864-09-03: Vol 11 Iss 10	English
sim_scientific-american_1864-09-10_11_11	1864-09-10	day	1864	11	Scientific American 1864-09-10: Vol 11 Iss 11	English
sim_scientific-american_1864-09-17_11_12	1864-09-17	day	1864	11	Scientific American 1864-09-17: Vol 11 Iss 12	English
sim_scientific-american_1864-09-24_11_13	1864-09-24	day	1864	11	Scientific American 1864-09-24: Vol 11 Iss 13	English
sim_scientific-american_1864-10-01_11_14	1864-10-01	day	1864	11	Scientific American 1864-10-01: Vol 11 Iss 14	English
sim_scientific-american_1864-10-08_11_15	1864-10-08	day	1864	11	Scientific American 1864-10-08: Vol 11 Iss 15	English
sim_scientific-american_1864-10-15_11_16	1864-10-15	day	1864	11	Scientific American 1864-10-15: Vol 11 Iss 16	English
sim_scientific-american_1864-10-22_11_17	1864-10-22	day	1864	11	Scientific American 1864-10-22: Vol 11 Iss 17	English
sim_scientific-american_1864-10-29_11_18	1864-10-29	day	1864	11	Scientific American 1864-10-29: Vol 11 Iss 18	English
sim_scientific-american_1864-11-05_11_19	1864-11-05	day	1864	11	Scientific American 1864-11-05: Vol 11 Iss 19	English
sim_scientific-american_1864-11-12_11_20	1864-11-12	day	1864	11	Scientific American 1864-11-12: Vol 11 Iss 20	English
sim_scientific-american_1864-11-19_11_21	1864-11-19	day	1864	11	Scientific American 1864-11-19: Vol 11 Iss 21	English
sim_scientific-american_1864-11-26_11_22	1864-11-26	day	1864	11	Scientific American 1864-11-26: Vol 11 Iss 22	English
sim_scientific-american_1864-12-03_11_23	1864-12-03	day	1864	11	Scientific American 1864-12-03: Vol 11 Iss 23	English
sim_scientific-american_1864-12-10_11_24	1864-12-10	day	1864	11	Scientific American 1864-12-10: Vol 11 Iss 24	English
sim_scientific-american_1864-12-17_11_25	1864-12-17	day	1864	11	Scientific American 1864-12-17: Vol 11 Iss 25	English
sim_scientific-american_1864-12-24_11_26	1864-12-24	day	1864	11	Scientific American 1864-12-24: Vol 11 Iss 26	English
sim_scientific-american_1864_10_index	1864-01-01	year	1864	10	Scientific American 1864: Vol 10 Index	English
sim_scientific-american_1864_11_index	1864-01-01	year	1864	11	Scientific American 1864: Vol 11 Index	English
sim_scientific-american_1865-01-02_12_1	1865-01-02	day	1865	12	Scientific American 1865-01-02: Vol 12 Iss 1	English
sim_scientific-american_1865-01-09_12_2	1865-01-09	day	1865	12	Scientific American 1865-01-09: Vol 12 Iss 2	English
sim_scientific-american_1865-01-14_12_3	1865-01-14	day	1865	12	Scientific American 1865-01-14: Vol 12 Iss 3	English
sim_scientific-american_1865-01-21_12_4	1865-01-21	day	1865	12	Scientific American 1865-01-21: Vol 12 Iss 4	English
sim_scientific-american_1865-01-28_12_5	1865-01-28	day	1865	12	Scientific American 1865-01-28: Vol 12 Iss 5	English
sim_scientific-american_1865-02-04_12_6	1865-02-04	day	1865	12	Scientific American 1865-02-04: Vol 12 Iss 6	English
sim_scientific-american_1865-02-11_12_7	1865-02-11	day	1865	12	Scientific American 1865-02-11: Vol 12 Iss 7	English
sim_scientific-american_1865-02-18_12_8	1865-02-18	day	1865	12	Scientific American 1865-02-18: Vol 12 Iss 8	English
sim_scientific-american_1865-02-25_12_9	1865-02-25	day	1865	12	Scientific American 1865-02-25: Vol 12 Iss 9	English
sim_scientific-american_1865-03-04_12_10	1865-03-04	day	1865	12	Scientific American 1865-03-04: Vol 12 Iss 10	English
sim_scientific-american_1865-03-11_12_11	1865-03-11	day	1865	12	Scientific American 1865-03-11: Vol 12 Iss 11	English
sim_scientific-american_1865-03-18_12_12	1865-03-18	day	1865	12	Scientific American 1865-03-18: Vol 12 Iss 12	English
sim_scientific-american_1865-03-25_12_13	1865-03-25	day	1865	12	Scientific American 1865-03-25: Vol 12 Iss 13	English
sim_scientific-american_1865-04-01_12_14	1865-04-01	day	1865	12	Scientific American 1865-04-01: Vol 12 Iss 14	English
sim_scientific-american_1865-04-08_12_15	1865-04-08	day	1865	12	Scientific American 1865-04-08: Vol 12 Iss 15	English
sim_scientific-american_1865-04-15_12_16	1865-04-15	day	1865	12	Scientific American 1865-04-15: Vol 12 Iss 16	English
sim_scientific-american_1865-04-22_12_17	1865-04-22	day	1865	12	Scientific American 1865-04-22: Vol 12 Iss 17	English
sim_scientific-american_1865-04-29_12_18	1865-04-29	day	1865	12	Scientific American 1865-04-29: Vol 12 Iss 18	English
sim_scientific-american_1865-05-06_12_19	1865-05-06	day	1865	12	Scientific American 1865-05-06: Vol 12 Iss 19	English
sim_scientific-american_1865-05-13_12_20	1865-05-13	day	1865	12	Scientific American 1865-05-13: Vol 12 Iss 20	English
sim_scientific-american_1865-05-20_12_21	1865-05-20	day	1865	12	Scientific American 1865-05-20: Vol 12 Iss 21	English
sim_scientific-american_1865-05-27_12_22	1865-05-27	day	1865	12	Scientific American 1865-05-27: Vol 12 Iss 22	English
sim_scientific-american_1865-06-03_12_23	1865-06-03	day	1865	12	Scientific American 1865-06-03: Vol 12 Iss 23	English
sim_scientific-american_1865-06-10_12_24	1865-06-10	day	1865	12	Scientific American 1865-06-10: Vol 12 Iss 24	English
sim_scientific-american_1865-06-17_12_25	1865-06-17	day	1865	12	Scientific American 1865-06-17: Vol 12 Iss 25	English
sim_scientific-american_1865-06-24_12_26	1865-06-24	day	1865	12	Scientific American 1865-06-24: Vol 12 Iss 26	English
sim_scientific-american_1865-07-01_13_1	1865-07-01	day	1865	13	Scientific American 1865-07-01: Vol 13 Iss 1	English
sim_scientific-american_1865-07-08_13_2	1865-07-08	day	1865	13	Scientific American 1865-07-08: Vol 13 Iss 2	English
sim_scientific-american_1865-07-15_13_3	1865-07-15	day	1865	13	Scientific American 1865-07-15: Vol 13 Iss 3	English
sim_scientific-american_1865-07-22_13_4	1865-07-22	day	1865	13	Scientific American 1865-07-22: Vol 13 Iss 4	English
sim_scientific-american_1865-07-29_13_5	1865-07-29	day	1865	13	Scientific American 1865-07-29: Vol 13 Iss 5	English
sim_scientific-american_1865-08-05_13_6	1865-08-05	day	1865	13	Scientific American 1865-08-05: Vol 13 Iss 6	English
sim_scientific-american_1865-08-12_13_7	1865-08-12	day	1865	13	Scientific American 1865-08-12: Vol 13 Iss 7	English
sim_scientific-american_1865-08-19_13_8	1865-08-19	day	1865	13	Scientific American 1865-08-19: Vol 13 Iss 8	English
sim_scientific-american_1865-08-26_13_9	1865-08-26	day	1865	13	Scientific American 1865-08-26: Vol 13 Iss 9	English
sim_scientific-american_1865-09-02_13_10	1865-09-02	day	1865	13	Scientific American 1865-09-02: Vol 13 Iss 10	English
sim_scientific-american_1865-09-09_13_11	1865-09-09	day	1865	13	Scientific American 1865-09-09: Vol 13 Iss 11	English
sim_scientific-american_1865-09-16_13_12	1865-09-16	day	1865	13	Scientific American 1865-09-16: Vol 13 Iss 12	English
sim_scientific-american_1865-09-23_13_13	1865-09-23	day	1865	13	Scientific American 1865-09-23: Vol 13 Iss 13	English
sim_scientific-american_1865-09-30_13_14	1865-09-30	day	1865	13	Scientific American 1865-09-30: Vol 13 Iss 14	English
sim_scientific-american_1865-10-07_13_15	1865-10-07	day	1865	13	Scientific American 1865-10-07: Vol 13 Iss 15	English
sim_scientific-american_1865-10-14_13_16	1865-10-14	day	1865	13	Scientific American 1865-10-14: Vol 13 Iss 16	English
sim_scientific-american_1865-10-21_13_17	1865-10-21	day	1865	13	Scientific American 1865-10-21: Vol 13 Iss 17	English
sim_scientific-american_1865-10-28_13_18	1865-10-28	day	1865	13	Scientific American 1865-10-28: Vol 13 Iss 18	English
sim_scientific-american_1865-11-04_13_19	1865-11-04	day	1865	13	Scientific American 1865-11-04: Vol 13 Iss 19	English
sim_scientific-american_1865-11-11_13_20	1865-11-11	day	1865	13	Scientific American 1865-11-11: Vol 13 Iss 20	English
sim_scientific-american_1865-11-18_13_21	1865-11-18	day	1865	13	Scientific American 1865-11-18: Vol 13 Iss 21	English
sim_scientific-american_1865-11-25_13_22	1865-11-25	day	1865	13	Scientific American 1865-11-25: Vol 13 Iss 22	English
sim_scientific-american_1865-12-02_13_23	1865-12-02	day	1865	13	Scientific American 1865-12-02: Vol 13 Iss 23	English
sim_scientific-american_1865-12-09_13_24	1865-12-09	day	1865	13	Scientific American 1865-12-09: Vol 13 Iss 24	English
sim_scientific-american_1865-12-16_13_25	1865-12-16	day	1865	13	Scientific American 1865-12-16: Vol 13 Iss 25	English
sim_scientific-american_1865-12-23_13_26	1865-12-23	day	1865	13	Scientific American 1865-12-23: Vol 13 Iss 26	English
sim_scientific-american_1865_12_index	1865-01-01	year	1865	12	Scientific American 1865: Vol 12 Index	English
sim_scientific-american_1865_13_index	1865-01-01	year	1865	13	Scientific American 1865: Vol 13 Index	English
sim_scientific-american_1866-01-01_14_1	1866-01-01	day	1866	14	Scientific American 1866-01-01: Vol 14 Iss 1	English
sim_scientific-american_1866-01-07_14_2	1866-01-07	day	1866	14	Scientific American 1866-01-07: Vol 14 Iss 2	English
sim_scientific-american_1866-01-13_14_3	1866-01-13	day	1866	14	Scientific American 1866-01-13: Vol 14 Iss 3	English
sim_scientific-american_1866-01-20_14_4	1866-01-20	day	1866	14	Scientific American 1866-01-20: Vol 14 Iss 4	English
sim_scientific-american_1866-01-27_14_5	1866-01-27	day	1866	14	Scientific American 1866-01-27: Vol 14 Iss 5	English
sim_scientific-american_1866-02-03_14_6	1866-02-03	day	1866	14	Scientific American 1866-02-03: Vol 14 Iss 6	English
sim_scientific-american_1866-02-10_14_7	1866-02-10	day	1866	14	Scientific American 1866-02-10: Vol 14 Iss 7	English
sim_scientific-american_1866-02-17_14_8	1866-02-17	day	1866	14	Scientific American 1866-02-17: Vol 14 Iss 8	English
sim_scientific-american_1866-02-24_14_9	1866-02-24	day	1866	14	Scientific American 1866-02-24: Vol 14 Iss 9	English
sim_scientific-american_1866-03-03_14_10	1866-03-03	day	1866	14	Scientific American 1866-03-03: Vol 14 Iss 10	English
sim_scientific-american_1866-03-10_14_11	1866-03-10	day	1866	14	Scientific American 1866-03-10: Vol 14 Iss 11	English
sim_scientific-american_1866-03-17_14_12	1866-03-17	day	1866	14	Scientific American 1866-03-17: Vol 14 Iss 12	English
sim_scientific-american_1866-03-24_14_13	1866-03-24	day	1866	14	Scientific American 1866-03-24: Vol 14 Iss 13	English
sim_scientific-american_1866-03-31_14_14	1866-03-31	day	1866	14	Scientific American 1866-03-31: Vol 14 Iss 14	English
sim_scientific-american_1866-04-07_14_15	1866-04-07	day	1866	14	Scientific American 1866-04-07: Vol 14 Iss 15	English
sim_scientific-american_1866-04-14_14_16	1866-04-14	day	1866	14	Scientific American 1866-04-14: Vol 14 Iss 16	English
sim_scientific-american_1866-04-21_14_17	1866-04-21	day	1866	14	Scientific American 1866-04-21: Vol 14 Iss 17	English
sim_scientific-american_1866-04-28_14_18	1866-04-28	day	1866	14	Scientific American 1866-04-28: Vol 14 Iss 18	English
sim_scientific-american_1866-05-05_14_19	1866-05-05	day	1866	14	Scientific American 1866-05-05: Vol 14 Iss 19	English
sim_scientific-american_1866-05-12_14_20	1866-05-12	day	1866	14	Scientific American 1866-05-12: Vol 14 Iss 20	English
sim_scientific-american_1866-05-19_14_21	1866-05-19	day	1866	14	Scientific American 1866-05-19: Vol 14 Iss 21	English
sim_scientific-american_1866-05-26_14_22	1866-05-26	day	1866	14	Scientific American 1866-05-26: Vol 14 Iss 22	English
sim_scientific-american_1866-06-02_14_23	1866-06-02	day	1866	14	Scientific American 1866-06-02: Vol 14 Iss 23	English
sim_scientific-american_1866-06-09_14_24	1866-06-09	day	1866	14	Scientific American 1866-06-09: Vol 14 Iss 24	English
sim_scientific-american_1866-06-16_14_25	1866-06-16	day	1866	14	Scientific American 1866-06-16: Vol 14 Iss 25	English
sim_scientific-american_1866-06-23_14_26	1866-06-23	day	1866	14	Scientific American 1866-06-23: Vol 14 Iss 26	English
sim_scientific-american_1866-06-30_15_1	1866-06-30	day	1866	15	Scientific American 1866-06-30: Vol 15 Iss 1	English
sim_scientific-american_1866-07-07_15_2	1866-07-07	day	1866	15	Scientific American 1866-07-07: Vol 15 Iss 2	English
sim_scientific-american_1866-07-14_15_3	1866-07-14	day	1866	15	Scientific American 1866-07-14: Vol 15 Iss 3	English
sim_scientific-american_1866-07-21_15_4	1866-07-21	day	1866	15	Scientific American 1866-07-21: Vol 15 Iss 4	English
sim_scientific-american_1866-07-28_15_5	1866-07-28	day	1866	15	Scientific American 1866-07-28: Vol 15 Iss 5	English
sim_scientific-american_1866-08-04_15_6	1866-08-04	day	1866	15	Scientific American 1866-08-04: Vol 15 Iss 6	English
sim_scientific-american_1866-08-11_15_7	1866-08-11	day	1866	15	Scientific American 1866-08-11: Vol 15 Iss 7	English
sim_scientific-american_1866-08-18_15_8	1866-08-18	day	1866	15	Scientific American 1866-08-18: Vol 15 Iss 8	English
sim_scientific-american_1866-08-25_15_9	1866-08-25	day	1866	15	Scientific American 1866-08-25: Vol 15 Iss 9	English
sim_scientific-american_1866-09-01_15_10	1866-09-01	day	1866	15	Scientific American 1866-09-01: Vol 15 Iss 10	English
sim_scientific-american_1866-09-08_15_11	1866-09-08	day	1866	15	Scientific American 1866-09-08: Vol 15 Iss 11	English
sim_scientific-american_1866-09-15_15_12	1866-09-15	day	1866	15	Scientific American 1866-09-15: Vol 15 Iss 12	English
sim_scientific-american_1866-09-22_15_13	1866-09-22	day	1866	15	Scientific American 1866-09-22: Vol 15 Iss 13	English
sim_scientific-american_1866-09-29_15_14	1866-09-29	day	1866	15	Scientific American 1866-09-29: Vol 15 Iss 14	English
sim_scientific-american_1866-10-06_15_15	1866-10-06	day	1866	15	Scientific American 1866-10-06: Vol 15 Iss 15	English
sim_scientific-american_1866-10-13_15_16	1866-10-13	day	1866	15	Scientific American 1866-10-13: Vol 15 Iss 16	English
sim_scientific-american_1866-10-20_15_17	1866-10-20	day	1866	15	Scientific American 1866-10-20: Vol 15 Iss 17	English
sim_scientific-american_1866-10-27_15_18	1866-10-27	day	1866	15	Scientific American 1866-10-27: Vol 15 Iss 18	English
sim_scientific-american_1866-11-03_15_19	1866-11-03	day	1866	15	Scientific American 1866-11-03: Vol 15 Iss 19	English
sim_scientific-american_1866-11-10_15_20	1866-11-10	day	1866	15	Scientific American 1866-11-10: Vol 15 Iss 20	English
sim_scientific-american_1866-11-17_15_21	1866-11-17	day	1866	15	Scientific American 1866-11-17: Vol 15 Iss 21	English
sim_scientific-american_1866-11-24_15_22	1866-11-24	day	1866	15	Scientific American 1866-11-24: Vol 15 Iss 22	English
sim_scientific-american_1866-12-01_15_23	1866-12-01	day	1866	15	Scientific American 1866-12-01: Vol 15 Iss 23	English
sim_scientific-american_1866-12-08_15_24	1866-12-08	day	1866	15	Scientific American 1866-12-08: Vol 15 Iss 24	English
sim_scientific-american_1866-12-15_15_25	1866-12-15	day	1866	15	Scientific American 1866-12-15: Vol 15 Iss 25	English
sim_scientific-american_1866-12-22_15_26	1866-12-22	day	1866	15	Scientific American 1866-12-22: Vol 15 Iss 26	English
sim_scientific-american_1866_14_index	1866-01-01	year	1866	14	Scientific American 1866: Vol 14 Index	English
sim_scientific-american_1866_15_index	1866-01-01	year	1866	15	Scientific American 1866: Vol 15 Index	English
sim_scientific-american_1867-01-05_16_1	1867-01-05	day	1867	16	Scientific American 1867-01-05: Vol 16 Iss 1	English
sim_scientific-american_1867-01-12_16_2	1867-01-12	day	1867	16	Scientific American 1867-01-12: Vol 16 Iss 2	English
sim_scientific-american_1867-01-19_16_3	1867-01-19	day	1867	16	Scientific American 1867-01-19: Vol 16 Iss 3	English
sim_scientific-american_1867-01-26_16_4	1867-01-26	day	1867	16	Scientific American 1867-01-26: Vol 16 Iss 4	English
sim_scientific-american_1867-02-02_16_5	1867-02-02	day	1867	16	Scientific American 1867-02-02: Vol 16 Iss 5	English
sim_scientific-american_1867-02-09_16_6	1867-02-09	day	1867	16	Scientific American 1867-02-09: Vol 16 Iss 6	English
sim_scientific-american_1867-02-16_16_7	1867-02-16	day	1867	16	Scientific American 1867-02-16: Vol 16 Iss 7	English
sim_scientific-american_1867-02-23_16_8	1867-02-23	day	1867	16	Scientific American 1867-02-23: Vol 16 Iss 8	English
sim_scientific-american_1867-03-02_16_9	1867-03-02	day	1867	16	Scientific American 1867-03-02: Vol 16 Iss 9	English
sim_scientific-american_1867-03-09_16_10	1867-03-09	day	1867	16	Scientific American 1867-03-09: Vol 16 Iss 10	English
sim_scientific-american_1867-03-16_16_11	1867-03-16	day	1867	16	Scientific American 1867-03-16: Vol 16 Iss 11	English
sim_scientific-american_1867-03-23_16_12	1867-03-23	day	1867	16	Scientific American 1867-03-23: Vol 16 Iss 12	English
sim_scientific-american_1867-03-30_16_13	1867-03-30	day	1867	16	Scientific American 1867-03-30: Vol 16 Iss 13	English
sim_scientific-american_1867-04-06_16_14	1867-04-06	day	1867	16	Scientific American 1867-04-06: Vol 16 Iss 14	English
sim_scientific-american_1867-04-13_16_15	1867-04-13	day	1867	16	Scientific American 1867-04-13: Vol 16 Iss 15	English
sim_scientific-american_1867-04-20_16_16	1867-04-20	day	1867	16	Scientific American 1867-04-20: Vol 16 Iss 16	English
sim_scientific-american_1867-04-27_16_17	1867-04-27	day	1867	16	Scientific American 1867-04-27: Vol 16 Iss 17	English
sim_scientific-american_1867-05-04_16_18	1867-05-04	day	1867	16	Scientific American 1867-05-04: Vol 16 Iss 18	English
sim_scientific-american_1867-05-11_16_19	1867-05-11	day	1867	16	Scientific American 1867-05-11: Vol 16 Iss 19	English
sim_scientific-american_1867-05-18_16_20	1867-05-18	day	1867	16	Scientific American 1867-05-18: Vol 16 Iss 20	English
sim_scientific-american_1867-05-25_16_21	1867-05-25	day	1867	16	Scientific American 1867-05-25: Vol 16 Iss 21	English
sim_scientific-american_1867-06-01_16_22	1867-06-01	day	1867	16	Scientific American 1867-06-01: Vol 16 Iss 22	English
sim_scientific-american_1867-06-08_16_23	1867-06-08	day	1867	16	Scientific American 1867-06-08: Vol 16 Iss 23	English
sim_scientific-american_1867-06-15_16_24	1867-06-15	day	1867	16	Scientific American 1867-06-15: Vol 16 Iss 24	English
sim_scientific-american_1867-06-22_16_25	1867-06-22	day	1867	16	Scientific American 1867-06-22: Vol 16 Iss 25	English
sim_scientific-american_1867-06-29_16_26	1867-06-29	day	1867	16	Scientific American 1867-06-29: Vol 16 Iss 26	English
sim_scientific-american_1867-07-06_17_1	1867-07-06	day	1867	17	Scientific American 1867-07-06: Vol 17 Iss 1	English
sim_scientific-american_1867-07-13_17_2	1867-07-13	day	1867	17	Scientific American 1867-07-13: Vol 17 Iss 2	English
sim_scientific-american_1867-07-20_17_3	1867-07-20	day	1867	17	Scientific American 1867-07-20: Vol 17 Iss 3	English
sim_scientific-american_1867-07-27_17_4	1867-07-27	day	1867	17	Scientific American 1867-07-27: Vol 17 Iss 4	English
sim_scientific-american_1867-08-03_17_5	1867-08-03	day	1867	17	Scientific American 1867-08-03: Vol 17 Iss 5	English
sim_scientific-american_1867-08-10_17_6	1867-08-10	day	1867	17	Scientific American 1867-08-10: Vol 17 Iss 6	English
sim_scientific-american_1867-08-17_17_7	1867-08-17	day	1867	17	Scientific American 1867-08-17: Vol 17 Iss 7	English
sim_scientific-american_1867-08-24_17_8	1867-08-24	day	1867	17	Scientific American 1867-08-24: Vol 17 Iss 8	English
sim_scientific-american_1867-08-31_17_9	1867-08-31	day	1867	17	Scientific American 1867-08-31: Vol 17 Iss 9	English
sim_scientific-american_1867-09-07_17_10	1867-09-07	day	1867	17	Scientific American 1867-09-07: Vol 17 Iss 10	English
sim_scientific-american_1867-09-14_17_11	1867-09-14	day	1867	17	Scientific American 1867-09-14: Vol 17 Iss 11	English
sim_scientific-american_1867-09-21_17_12	1867-09-21	day	1867	17	Scientific American 1867-09-21: Vol 17 Iss 12	English
sim_scientific-american_1867-09-28_17_13	1867-09-28	day	1867	17	Scientific American 1867-09-28: Vol 17 Iss 13	English
sim_scientific-american_1867-10-05_17_14	1867-10-05	day	1867	17	Scientific American 1867-10-05: Vol 17 Iss 14	English
sim_scientific-american_1867-10-12_17_15	1867-10-12	day	1867	17	Scientific American 1867-10-12: Vol 17 Iss 15	English
sim_scientific-american_1867-10-19_17_16	1867-10-19	day	1867	17	Scientific American 1867-10-19: Vol 17 Iss 16	English
sim_scientific-american_1867-10-26_17_17	1867-10-26	day	1867	17	Scientific American 1867-10-26: Vol 17 Iss 17	English
sim_scientific-american_1867-11-02_17_18	1867-11-02	day	1867	17	Scientific American 1867-11-02: Vol 17 Iss 18	English
sim_scientific-american_1867-11-09_17_19	1867-11-09	day	1867	17	Scientific American 1867-11-09: Vol 17 Iss 19	English
sim_scientific-american_1867-11-16_17_20	1867-11-16	day	1867	17	Scientific American 1867-11-16: Vol 17 Iss 20	English
sim_scientific-american_1867-11-23_17_21	1867-11-23	day	1867	17	Scientific American 1867-11-23: Vol 17 Iss 21	English
sim_scientific-american_1867-11-30_17_22	1867-11-30	day	1867	17	Scientific American 1867-11-30: Vol 17 Iss 22	English
sim_scientific-american_1867-12-07_17_23	1867-12-07	day	1867	17	Scientific American 1867-12-07: Vol 17 Iss 23	English
sim_scientific-american_1867-12-14_17_24	1867-12-14	day	1867	17	Scientific American 1867-12-14: Vol 17 Iss 24	English
sim_scientific-american_1867-12-21_17_25	1867-12-21	day	1867	17	Scientific American 1867-12-21: Vol 17 Iss 25	English
sim_scientific-american_1867-12-28_17_26	1867-12-28	day	1867	17	Scientific American 1867-12-28: Vol 17 Iss 26	English
sim_scientific-american_1867_16_index	1867-01-01	year	1867	16	Scientific American 1867: Vol 16 Index	English
sim_scientific-american_1867_17_index	1867-01-01	year	1867	17	Scientific American 1867: Vol 17 Index	English
sim_scientific-american_1868-01-04_18_1	1868-01-04	day	1868	18	Scientific American 1868-01-04: Vol 18 Iss 1	English
sim_scientific-american_1868-01-11_18_2	1868-01-11	day	1868	18	Scientific American 1868-01-11: Vol 18 Iss 2	English
sim_scientific-american_1868-01-18_18_3	1868-01-18	day	1868	18	Scientific American 1868-01-18: Vol 18 Iss 3	English
sim_scientific-american_1868-01-25_18_4	1868-01-25	day	1868	18	Scientific American 1868-01-25: Vol 18 Iss 4	English
sim_scientific-american_1868-02-01_18_5	1868-02-01	day	1868	18	Scientific American 1868-02-01: Vol 18 Iss 5	English
sim_scientific-american_1868-02-08_18_6	1868-02-08	day	1868	18	Scientific American 1868-02-08: Vol 18 Iss 6	English
sim_scientific-american_1868-02-15_18_7	1868-02-15	day	1868	18	Scientific American 1868-02-15: Vol 18 Iss 7	English
sim_scientific-american_1868-02-22_18_8	1868-02-22	day	1868	18	Scientific American 1868-02-22: Vol 18 Iss 8	English
sim_scientific-american_1868-02-29_18_9	1868-02-29	day	1868	18	Scientific American 1868-02-29: Vol 18 Iss 9	English
sim_scientific-american_1868-03-07_18_10	1868-03-07	day	1868	18	Scientific American 1868-03-07: Vol 18 Iss 10	English
sim_scientific-american_1868-03-14_18_11	1868-03-14	day	1868	18	Scientific American 1868-03-14: Vol 18 Iss 11	English
sim_scientific-american_1868-03-21_18_12	1868-03-21	day	1868	18	Scientific American 1868-03-21: Vol 18 Iss 12	English
sim_scientific-american_1868-03-28_18_13	1868-03-28	day	1868	18	Scientific American 1868-03-28: Vol 18 Iss 13	English
sim_scientific-american_1868-04-04_18_14	1868-04-04	day	1868	18	Scientific American 1868-04-04: Vol 18 Iss 14	English
sim_scientific-american_1868-04-11_18_15	1868-04-11	day	1868	18	Scientific American 1868-04-11: Vol 18 Iss 15	English
sim_scientific-american_1868-04-18_18_16	1868-04-18	day	1868	18	Scientific American 1868-04-18: Vol 18 Iss 16	English
sim_scientific-american_1868-04-25_18_17	1868-04-25	day	1868	18	Scientific American 1868-04-25: Vol 18 Iss 17	English
sim_scientific-american_1868-05-02_18_18	1868-05-02	day	1868	18	Scientific American 1868-05-02: Vol 18 Iss 18	English
sim_scientific-american_1868-05-09_18_19	1868-05-09	day	1868	18	Scientific American 1868-05-09: Vol 18 Iss 19	English
sim_scientific-american_1868-05-16_18_20	1868-05-16	day	1868	18	Scientific American 1868-05-16: Vol 18 Iss 20	English
sim_scientific-american_1868-05-23_18_21	1868-05-23	day	1868	18	Scientific American 1868-05-23: Vol 18 Iss 21	English
sim_scientific-american_1868-05-30_18_22	1868-05-30	day	1868	18	Scientific American 1868-05-30: Vol 18 Iss 22	English
sim_scientific-american_1868-06-06_18_23	1868-06-06	day	1868	18	Scientific American 1868-06-06: Vol 18 Iss 23	English
sim_scientific-american_1868-06-13_18_24	1868-06-13	day	1868	18	Scientific American 1868-06-13: Vol 18 Iss 24	English
sim_scientific-american_1868-06-20_18_25	1868-06-20	day	1868	18	Scientific American 1868-06-20: Vol 18 Iss 25	English
sim_scientific-american_1868-06-27_18_26	1868-06-27	day	1868	18	Scientific American 1868-06-27: Vol 18 Iss 26	English
sim_scientific-american_1868_18_index	1868-01-01	year	1868	18	Scientific American 1868: Vol 18 Index	English
sim_scientific-american_1869_21_index	1869-01-01	year	1869	21	Scientific American 1869: Vol 21 Index	English
sim_scientific-american_1870-01-01_22_1	1870-01-01	day	1870	22	Scientific American 1870-01-01: Vol 22 Iss 1	English
sim_scientific-american_1870-01-08_22_2	1870-01-08	day	1870	22	Scientific American 1870-01-08: Vol 22 Iss 2	English
sim_scientific-american_1870-01-15_22_3	1870-01-15	day	1870	22	Scientific American 1870-01-15: Vol 22 Iss 3	English
sim_scientific-american_1870-01-22_22_4	1870-01-22	day	1870	22	Scientific American 1870-01-22: Vol 22 Iss 4	English
sim_scientific-american_1870-01-29_22_5	1870-01-29	day	1870	22	Scientific American 1870-01-29: Vol 22 Iss 5	English
sim_scientific-american_1870-02-05_22_6	1870-02-05	day	1870	22	Scientific American 1870-02-05: Vol 22 Iss 6	English
sim_scientific-american_1870-02-12_22_7	1870-02-12	day	1870	22	Scientific American 1870-02-12: Vol 22 Iss 7	English
sim_scientific-american_1870-02-19_22_8	1870-02-19	day	1870	22	Scientific American 1870-02-19: Vol 22 Iss 8	English
sim_scientific-american_1870-02-26_22_9	1870-02-26	day	1870	22	Scientific American 1870-02-26: Vol 22 Iss 9	English
sim_scientific-american_1870-03-05_22_10	1870-03-05	day	1870	22	Scientific American 1870-03-05: Vol 22 Iss 10	English
sim_scientific-american_1870-03-12_22_11	1870-03-12	day	1870	22	Scientific American 1870-03-12: Vol 22 Iss 11	English
sim_scientific-american_1870-03-19_22_12	1870-03-19	day	1870	22	Scientific American 1870-03-19: Vol 22 Iss 12	English
sim_scientific-american_1870-03-26_22_13	1870-03-26	day	1870	22	Scientific American 1870-03-26: Vol 22 Iss 13	English
sim_scientific-american_1870-04-02_22_14	1870-04-02	day	1870	22	Scientific American 1870-04-02: Vol 22 Iss 14	English
sim_scientific-american_1870-04-09_22_15	1870-04-09	day	1870	22	Scientific American 1870-04-09: Vol 22 Iss 15	English
sim_scientific-american_1870-04-16_22_16	1870-04-16	day	1870	22	Scientific American 1870-04-16: Vol 22 Iss 16	English
sim_scientific-american_1870-04-23_22_17	1870-04-23	day	1870	22	Scientific American 1870-04-23: Vol 22 Iss 17	English
sim_scientific-american_1870-04-30_22_18	1870-04-30	day	1870	22	Scientific American 1870-04-30: Vol 22 Iss 18	English
sim_scientific-american_1870-05-07_22_19	1870-05-07	day	1870	22	Scientific American 1870-05-07: Vol 22 Iss 19	English
sim_scientific-american_1870-05-14_22_20	1870-05-14	day	1870	22	Scientific American 1870-05-14: Vol 22 Iss 20	English
sim_scientific-american_1870-05-21_22_21	1870-05-21	day	1870	22	Scientific American 1870-05-21: Vol 22 Iss 21	English
sim_scientific-american_1870-05-28_22_22	1870-05-28	day	1870	22	Scientific American 1870-05-28: Vol 22 Iss 22	English
sim_scientific-american_1870-06-04_22_23	1870-06-04	day	1870	22	Scientific American 1870-06-04: Vol 22 Iss 23	English
sim_scientific-american_1870-06-11_22_24	1870-06-11	day	1870	22	Scientific American 1870-06-11: Vol 22 Iss 24	English
sim_scientific-american_1870-06-18_22_25	1870-06-18	day	1870	22	Scientific American 1870-06-18: Vol 22 Iss 25	English
sim_scientific-american_1870-06-25_22_26	1870-06-25	day	1870	22	Scientific American 1870-06-25: Vol 22 Iss 26	English
sim_scientific-american_1870-07-02_23_1	1870-07-02	day	1870	23	Scientific American 1870-07-02: Vol 23 Iss 1	English
sim_scientific-american_1870-07-09_23_2	1870-07-09	day	1870	23	Scientific American 1870-07-09: Vol 23 Iss 2	English
sim_scientific-american_1870-07-16_23_3	1870-07-16	day	1870	23	Scientific American 1870-07-16: Vol 23 Iss 3	English
sim_scientific-american_1870-07-23_23_4	1870-07-23	day	1870	23	Scientific American 1870-07-23: Vol 23 Iss 4	English
sim_scientific-american_1870-07-30_23_5	1870-07-30	day	1870	23	Scientific American 1870-07-30: Vol 23 Iss 5	English
sim_scientific-american_1870-08-06_23_6	1870-08-06	day	1870	23	Scientific American 1870-08-06: Vol 23 Iss 6	English
sim_scientific-american_1870-08-13_23_7	1870-08-13	day	1870	23	Scientific American 1870-08-13: Vol 23 Iss 7	English
sim_scientific-american_1870-08-20_23_8	1870-08-20	day	1870	23	Scientific American 1870-08-20: Vol 23 Iss 8	English
sim_scientific-american_1870-08-27_23_9	1870-08-27	day	1870	23	Scientific American 1870-08-27: Vol 23 Iss 9	English
sim_scientific-american_1870-09-03_23_10	1870-09-03	day	1870	23	Scientific American 1870-09-03: Vol 23 Iss 10	English
sim_scientific-american_1870-09-10_23_11	1870-09-10	day	1870	23	Scientific American 1870-09-10: Vol 23 Iss 11	English
sim_scientific-american_1870-09-17_23_12	1870-09-17	day	1870	23	Scientific American 1870-09-17: Vol 23 Iss 12	English
sim_scientific-american_1870-09-24_23_13	1870-09-24	day	1870	23	Scientific American 1870-09-24: Vol 23 Iss 13	English
sim_scientific-american_1870-10-01_23_14	1870-10-01	day	1870	23	Scientific American 1870-10-01: Vol 23 Iss 14	English
sim_scientific-american_1870-10-08_23_15	1870-10-08	day	1870	23	Scientific American 1870-10-08: Vol 23 Iss 15	English
sim_scientific-american_1870-10-15_23_16	1870-10-15	day	1870	23	Scientific American 1870-10-15: Vol 23 Iss 16	English
sim_scientific-american_1870-10-22_23_17	1870-10-22	day	1870	23	Scientific American 1870-10-22: Vol 23 Iss 17	English
sim_scientific-american_1870-10-29_23_18	1870-10-29	day	1870	23	Scientific American 1870-10-29: Vol 23 Iss 18	English
sim_scientific-american_1870-11-05_23_19	1870-11-05	day	1870	23	Scientific American 1870-11-05: Vol 23 Iss 19	English
sim_scientific-american_1870-11-12_23_20	1870-11-12	day	1870	23	Scientific American 1870-11-12: Vol 23 Iss 20	English
sim_scientific-american_1870-11-19_23_21	1870-11-19	day	1870	23	Scientific American 1870-11-19: Vol 23 Iss 21	English
sim_scientific-american_1870-11-26_23_22	1870-11-26	day	1870	23	Scientific American 1870-11-26: Vol 23 Iss 22	English
sim_scientific-american_1870-12-03_23_23	1870-12-03	day	1870	23	Scientific American 1870-12-03: Vol 23 Iss 23	English
sim_scientific-american_1870-12-10_23_24	1870-12-10	day	1870	23	Scientific American 1870-12-10: Vol 23 Iss 24	English
sim_scientific-american_1870-12-17_23_25	1870-12-17	day	1870	23	Scientific American 1870-12-17: Vol 23 Iss 25	English
sim_scientific-american_1870-12-24_23_26	1870-12-24	day	1870	23	Scientific American 1870-12-24: Vol 23 Iss 26	English
sim_scientific-american_1870_23_index	1870-01-01	year	1870	23	Scientific American 1870: Vol 23 Index	English
sim_scientific-american_1871-01-01_24_1	1871-01-01	day	1871	24	Scientific American 1871-01-01: Vol 24 Iss 1	English
sim_scientific-american_1871-01-08_24_2	1871-01-08	day	1871	24	Scientific American 1871-01-08: Vol 24 Iss 2	English
sim_scientific-american_1871-01-15_24_3	1871-01-15	day	1871	24	Scientific American 1871-01-15: Vol 24 Iss 3	English
sim_scientific-american_1871-01-22_24_4	1871-01-22	day	1871	24	Scientific American 1871-01-22: Vol 24 Iss 4	English
sim_scientific-american_1871-01-29_24_5	1871-01-29	day	1871	24	Scientific American 1871-01-29: Vol 24 Iss 5	English
sim_scientific-american_1871-02-05_24_6	1871-02-05	day	1871	24	Scientific American 1871-02-05: Vol 24 Iss 6	English
sim_scientific-american_1871-02-12_24_7	1871-02-12	day	1871	24	Scientific American 1871-02-12: Vol 24 Iss 7	English
sim_scientific-american_1871-02-19_24_8	1871-02-19	day	1871	24	Scientific American 1871-02-19: Vol 24 Iss 8	English
sim_scientific-american_1871-02-26_24_9	1871-02-26	day	1871	24	Scientific American 1871-02-26: Vol 24 Iss 9	English
sim_scientific-american_1871-03-05_24_10	1871-03-05	day	1871	24	Scientific American 1871-03-05: Vol 24 Iss 10	English
sim_scientific-american_1871-03-12_24_11	1871-03-12	day	1871	24	Scientific American 1871-03-12: Vol 24 Iss 11	English
sim_scientific-american_1871-03-19_24_12	1871-03-19	day	1871	24	Scientific American 1871-03-19: Vol 24 Iss 12	English
sim_scientific-american_1871-03-26_24_13	1871-03-26	day	1871	24	Scientific American 1871-03-26: Vol 24 Iss 13	English
sim_scientific-american_1871-04-02_24_14	1871-04-02	day	1871	24	Scientific American 1871-04-02: Vol 24 Iss 14	English
sim_scientific-american_1871-04-09_24_15	1871-04-09	day	1871	24	Scientific American 1871-04-09: Vol 24 Iss 15	English
sim_scientific-american_1871-04-16_24_16	1871-04-16	day	1871	24	Scientific American 1871-04-16: Vol 24 Iss 16	English
sim_scientific-american_1871-04-23_24_17	1871-04-23	day	1871	24	Scientific American 1871-04-23: Vol 24 Iss 17	English
sim_scientific-american_1871-04-30_24_18	1871-04-30	day	1871	24	Scientific American 1871-04-30: Vol 24 Iss 18	English
sim_scientific-american_1871-05-07_24_19	1871-05-07	day	1871	24	Scientific American 1871-05-07: Vol 24 Iss 19	English
sim_scientific-american_1871-05-14_24_20	1871-05-14	day	1871	24	Scientific American 1871-05-14: Vol 24 Iss 20	English
sim_scientific-american_1871-05-21_24_21	1871-05-21	day	1871	24	Scientific American 1871-05-21: Vol 24 Iss 21	English
sim_scientific-american_1871-05-28_24_22	1871-05-28	day	1871	24	Scientific American 1871-05-28: Vol 24 Iss 22	English
sim_scientific-american_1871-06-04_24_23	1871-06-04	day	1871	24	Scientific American 1871-06-04: Vol 24 Iss 23	English
sim_scientific-american_1871-06-11_24_24	1871-06-11	day	1871	24	Scientific American 1871-06-11: Vol 24 Iss 24	English
sim_scientific-american_1871-06-18_24_25	1871-06-18	day	1871	24	Scientific American 1871-06-18: Vol 24 Iss 25	English
sim_scientific-american_1871-06-25_24_26	1871-06-25	day	1871	24	Scientific American 1871-06-25: Vol 24 Iss 26	English
sim_scientific-american_1871-07-01_25_1	1871-07-01	day	1871	25	Scientific American 1871-07-01: Vol 25 Iss 1	English
sim_scientific-american_1871-07-08_25_2	1871-07-08	day	1871	25	Scientific American 1871-07-08: Vol 25 Iss 2	English
sim_scientific-american_1871-07-15_25_3	1871-07-15	day	1871	25	Scientific American 1871-07-15: Vol 25 Iss 3	English
sim_scientific-american_1871-07-22_25_4	1871-07-22	day	1871	25	Scientific American 1871-07-22: Vol 25 Iss 4	English
sim_scientific-american_1871-07-29_25_5	1871-07-29	day	1871	25	Scientific American 1871-07-29: Vol 25 Iss 5	English
sim_scientific-american_1871-08-05_25_6	1871-08-05	day	1871	25	Scientific American 1871-08-05: Vol 25 Iss 6	English
sim_scientific-american_1871-08-12_25_7	1871-08-12	day	1871	25	Scientific American 1871-08-12: Vol 25 Iss 7	English
sim_scientific-american_1871-08-19_25_8	1871-08-19	day	1871	25	Scientific American 1871-08-19: Vol 25 Iss 8	English
sim_scientific-american_1871-08-26_25_9	1871-08-26	day	1871	25	Scientific American 1871-08-26: Vol 25 Iss 9	English
sim_scientific-american_1871-09-02_25_10	1871-09-02	day	1871	25	Scientific American 1871-09-02: Vol 25 Iss 10	English
sim_scientific-american_1871-09-09_25_11	1871-09-09	day	1871	25	Scientific American 1871-09-09: Vol 25 Iss 11	English
sim_scientific-american_1871-09-16_25_12	1871-09-16	day	1871	25	Scientific American 1871-09-16: Vol 25 Iss 12	English
sim_scientific-american_1871-09-23_25_13	1871-09-23	day	1871	25	Scientific American 1871-09-23: Vol 25 Iss 13	English
sim_scientific-american_1871-09-30_25_14	1871-09-30	day	1871	25	Scientific American 1871-09-30: Vol 25 Iss 14	English
sim_scientific-american_1871-10-07_25_15	1871-10-07	day	1871	25	Scientific American 1871-10-07: Vol 25 Iss 15	English
sim_scientific-american_1871-10-14_25_16	1871-10-14	day	1871	25	Scientific American 1871-10-14: Vol 25 Iss 16	English
sim_scientific-american_1871-10-21_25_17	1871-10-21	day	1871	25	Scientific American 1871-10-21: Vol 25 Iss 17	English
sim_scientific-american_1871-10-28_25_18	1871-10-28	day	1871	25	Scientific American 1871-10-28: Vol 25 Iss 18	English
sim_scientific-american_1871-11-04_25_19	1871-11-04	day	1871	25	Scientific American 1871-11-04: Vol 25 Iss 19	English
sim_scientific-american_1871-11-11_25_20	1871-11-11	day	1871	25	Scientific American 1871-11-11: Vol 25 Iss 20	English
sim_scientific-american_1871-11-18_25_21	1871-11-18	day	1871	25	Scientific American 1871-11-18: Vol 25 Iss 21	English
sim_scientific-american_1871-11-25_25_22	1871-11-25	day	1871	25	Scientific American 1871-11-25: Vol 25 Iss 22	English
sim_scientific-american_1871-12-02_25_23	1871-12-02	day	1871	25	Scientific American 1871-12-02: Vol 25 Iss 23	English
sim_scientific-american_1871-12-09_25_24	1871-12-09	day	1871	25	Scientific American 1871-12-09: Vol 25 Iss 24	English
sim_scientific-american_1871-12-16_25_25	1871-12-16	day	1871	25	Scientific American 1871-12-16: Vol 25 Iss 25	English
sim_scientific-american_1871-12-23_25_26	1871-12-23	day	1871	25	Scientific American 1871-12-23: Vol 25 Iss 26	English
sim_scientific-american_1871_24_index	1871-01-01	year	1871	24	Scientific American 1871: Vol 24 Index	English
sim_scientific-american_1871_25_index	1871-01-01	year	1871	25	Scientific American 1871: Vol 25 Index	English
sim_scientific-american_1872-01-01_26_1	1872-01-01	day	1872	26	Scientific American 1872-01-01: Vol 26 Iss 1	English
sim_scientific-american_1872-01-06_26_2	1872-01-06	day	1872	26	Scientific American 1872-01-06: Vol 26 Iss 2	English
sim_scientific-american_1872-01-13_26_3	1872-01-13	day	1872	26	Scientific American 1872-01-13: Vol 26 Iss 3	English
sim_scientific-american_1872-01-20_26_4	1872-01-20	day	1872	26	Scientific American 1872-01-20: Vol 26 Iss 4	English
sim_scientific-american_1872-01-27_26_5	1872-01-27	day	1872	26	Scientific American 1872-01-27: Vol 26 Iss 5	English
sim_scientific-american_1872-02-03_26_6	1872-02-03	day	1872	26	Scientific American 1872-02-03: Vol 26 Iss 6	English
sim_scientific-american_1872-02-10_26_7	1872-02-10	day	1872	26	Scientific American 1872-02-10: Vol 26 Iss 7	English
sim_scientific-american_1872-02-17_26_8	1872-02-17	day	1872	26	Scientific American 1872-02-17: Vol 26 Iss 8	English
sim_scientific-american_1872-02-24_26_9	1872-02-24	day	1872	26	Scientific American 1872-02-24: Vol 26 Iss 9	English
sim_scientific-american_1872-03-02_26_10	1872-03-02	day	1872	26	Scientific American 1872-03-02: Vol 26 Iss 10	English
sim_scientific-american_1872-03-09_26_11	1872-03-09	day	1872	26	Scientific American 1872-03-09: Vol 26 Iss 11	English
sim_scientific-american_1872-03-16_26_12	1872-03-16	day	1872	26	Scientific American 1872-03-16: Vol 26 Iss 12	English
sim_scientific-american_1872-03-23_26_13	1872-03-23	day	1872	26	Scientific American 1872-03-23: Vol 26 Iss 13	English
sim_scientific-american_1872-03-30_26_14	1872-03-30	day	1872	26	Scientific American 1872-03-30: Vol 26 Iss 14	English
sim_scientific-american_1872-04-06_26_15	1872-04-06	day	1872	26	Scientific American 1872-04-06: Vol 26 Iss 15	English
sim_scientific-american_1872-04-13_26_16	1872-04-13	day	1872	26	Scientific American 1872-04-13: Vol 26 Iss 16	English
sim_scientific-american_1872-04-20_26_17	1872-04-20	day	1872	26	Scientific American 1872-04-20: Vol 26 Iss 17	English
sim_scientific-american_1872-04-27_26_18	1872-04-27	day	1872	26	Scientific American 1872-04-27: Vol 26 Iss 18	English
sim_scientific-american_1872-05-04_26_19	1872-05-04	day	1872	26	Scientific American 1872-05-04: Vol 26 Iss 19	English
sim_scientific-american_1872-05-11_26_20	1872-05-11	day	1872	26	Scientific American 1872-05-11: Vol 26 Iss 20	English
sim_scientific-american_1872-05-18_26_21	1872-05-18	day	1872	26	Scientific American 1872-05-18: Vol 26 Iss 21	English
sim_scientific-american_1872-05-18_26_supplement	1872-05-18	day	1872	26	Scientific American 1872-05-18: Vol 26 Supplement	English
sim_scientific-american_1872-05-25_26_22	1872-05-25	day	1872	26	Scientific American 1872-05-25: Vol 26 Iss 22	English
sim_scientific-american_1872-06-01_26_23	1872-06-01	day	1872	26	Scientific American 1872-06-01: Vol 26 Iss 23	English
sim_scientific-american_1872-06-08_26_24	1872-06-08	day	1872	26	Scientific American 1872-06-08: Vol 26 Iss 24	English
sim_scientific-american_1872-06-15_26_25	1872-06-15	day	1872	26	Scientific American 1872-06-15: Vol 26 Iss 25	English
sim_scientific-american_1872-06-22_26_26	1872-06-22	day	1872	26	Scientific American 1872-06-22: Vol 26 Iss 26	English
sim_scientific-american_1872-07-06_27_1	1872-07-06	day	1872	27	Scientific American 1872-07-06: Vol 27 Iss 1	English
sim_scientific-american_1872-07-13_27_2	1872-07-13	day	1872	27	Scientific American 1872-07-13: Vol 27 Iss 2	English
sim_scientific-american_1872-07-20_27_3	1872-07-20	day	1872	27	Scientific American 1872-07-20: Vol 27 Iss 3	English
sim_scientific-american_1872-07-27_27_4	1872-07-27	day	1872	27	Scientific American 1872-07-27: Vol 27 Iss 4	English
sim_scientific-american_1872-08-03_27_5	1872-08-03	day	1872	27	Scientific American 1872-08-03: Vol 27 Iss 5	English
sim_scientific-american_1872-08-10_27_6	1872-08-10	day	1872	27	Scientific American 1872-08-10: Vol 27 Iss 6	English
sim_scientific-american_1872-08-17_27_7	1872-08-17	day	1872	27	Scientific American 1872-08-17: Vol 27 Iss 7	English
sim_scientific-american_1872-08-24_27_8	1872-08-24	day	1872	27	Scientific American 1872-08-24: Vol 27 Iss 8	English
sim_scientific-american_1872-08-31_27_9	1872-08-31	day	1872	27	Scientific American 1872-08-31: Vol 27 Iss 9	English
sim_scientific-american_1872-09-07_27_10	1872-09-07	day	1872	27	Scientific American 1872-09-07: Vol 27 Iss 10	English
sim_scientific-american_1872-09-14_27_11	1872-09-14	day	1872	27	Scientific American 1872-09-14: Vol 27 Iss 11	English
sim_scientific-american_1872-09-21_27_12	1872-09-21	day	1872	27	Scientific American 1872-09-21: Vol 27 Iss 12	English
sim_scientific-american_1872-09-28_27_13	1872-09-28	day	1872	27	Scientific American 1872-09-28: Vol 27 Iss 13	English
sim_scientific-american_1872-10-05_27_14	1872-10-05	day	1872	27	Scientific American 1872-10-05: Vol 27 Iss 14	English
sim_scientific-american_1872-10-12_27_15	1872-10-12	day	1872	27	Scientific American 1872-10-12: Vol 27 Iss 15	English
sim_scientific-american_1872-10-19_27_16	1872-10-19	day	1872	27	Scientific American 1872-10-19: Vol 27 Iss 16	English
sim_scientific-american_1872-10-26_27_17	1872-10-26	day	1872	27	Scientific American 1872-10-26: Vol 27 Iss 17	English
sim_scientific-american_1872-11-02_27_18	1872-11-02	day	1872	27	Scientific American 1872-11-02: Vol 27 Iss 18	English
sim_scientific-american_1872-11-09_27_19	1872-11-09	day	1872	27	Scientific American 1872-11-09: Vol 27 Iss 19	English
sim_scientific-american_1872-11-16_27_20	1872-11-16	day	1872	27	Scientific American 1872-11-16: Vol 27 Iss 20	English
sim_scientific-american_1872-11-23_27_21	1872-11-23	day	1872	27	Scientific American 1872-11-23: Vol 27 Iss 21	English
sim_scientific-american_1872-11-30_27_22	1872-11-30	day	1872	27	Scientific American 1872-11-30: Vol 27 Iss 22	English
sim_scientific-american_1872-12-07_27_23	1872-12-07	day	1872	27	Scientific American 1872-12-07: Vol 27 Iss 23	English
sim_scientific-american_1872-12-14_27_24	1872-12-14	day	1872	27	Scientific American 1872-12-14: Vol 27 Iss 24	English
sim_scientific-american_1872-12-21_27_25	1872-12-21	day	1872	27	Scientific American 1872-12-21: Vol 27 Iss 25	English
sim_scientific-american_1872-12-28_27_26	1872-12-28	day	1872	27	Scientific American 1872-12-28: Vol 27 Iss 26	English
sim_scientific-american_1872_26_index	1872-01-01	year	1872	26	Scientific American 1872: Vol 26 Index	English
sim_scientific-american_1872_27_index	1872-01-01	year	1872	27	Scientific American 1872: Vol 27 Index	English
sim_scientific-american_1873-01-04_28_1	1873-01-04	day	1873	28	Scientific American 1873-01-04: Vol 28 Iss 1	English
sim_scientific-american_1873-01-11_28_2	1873-01-11	day	1873	28	Scientific American 1873-01-11: Vol 28 Iss 2	English
sim_scientific-american_1873-01-18_28_3	1873-01-18	day	1873	28	Scientific American 1873-01-18: Vol 28 Iss 3	English
sim_scientific-american_1873-01-25_28_4	1873-01-25	day	1873	28	Scientific American 1873-01-25: Vol 28 Iss 4	English
sim_scientific-american_1873-02-01_28_5	1873-02-01	day	1873	28	Scientific American 1873-02-01: Vol 28 Iss 5	English
sim_scientific-american_1873-02-08_28_6	1873-02-08	day	1873	28	Scientific American 1873-02-08: Vol 28 Iss 6	English
sim_scientific-american_1873-02-15_28_7	1873-02-15	day	1873	28	Scientific American 1873-02-15: Vol 28 Iss 7	English
sim_scientific-american_1873-02-22_28_8	1873-02-22	day	1873	28	Scientific American 1873-02-22: Vol 28 Iss 8	English
sim_scientific-american_1873-03-01_28_9	1873-03-01	day	1873	28	Scientific American 1873-03-01: Vol 28 Iss 9	English
sim_scientific-american_1873-03-08_28_10	1873-03-08	day	1873	28	Scientific American 1873-03-08: Vol 28 Iss 10	English
sim_scientific-american_1873-03-15_28_11	1873-03-15	day	1873	28	Scientific American 1873-03-15: Vol 28 Iss 11	English
sim_scientific-american_1873-03-22_28_12	1873-03-22	day	1873	28	Scientific American 1873-03-22: Vol 28 Iss 12	English
sim_scientific-american_1873-03-29_28_13	1873-03-29	day	1873	28	Scientific American 1873-03-29: Vol 28 Iss 13	English
sim_scientific-american_1873-04-05_28_14	1873-04-05	day	1873	28	Scientific American 1873-04-05: Vol 28 Iss 14	English
sim_scientific-american_1873-04-12_28_15	1873-04-12	day	1873	28	Scientific American 1873-04-12: Vol 28 Iss 15	English
sim_scientific-american_1873-04-19_28_16	1873-04-19	day	1873	28	Scientific American 1873-04-19: Vol 28 Iss 16	English
sim_scientific-american_1873-04-26_28_17	1873-04-26	day	1873	28	Scientific American 1873-04-26: Vol 28 Iss 17	English
sim_scientific-american_1873-05-03_28_18	1873-05-03	day	1873	28	Scientific American 1873-05-03: Vol 28 Iss 18	English
sim_scientific-american_1873-05-10_28_19	1873-05-10	day	1873	28	Scientific American 1873-05-10: Vol 28 Iss 19	English
sim_scientific-american_1873-05-17_28_20	1873-05-17	day	1873	28	Scientific American 1873-05-17: Vol 28 Iss 20	English
sim_scientific-american_1873-05-24_28_21	1873-05-24	day	1873	28	Scientific American 1873-05-24: Vol 28 Iss 21	English
sim_scientific-american_1873-05-31_28_22	1873-05-31	day	1873	28	Scientific American 1873-05-31: Vol 28 Iss 22	English
sim_scientific-american_1873-06-07_28_23	1873-06-07	day	1873	28	Scientific American 1873-06-07: Vol 28 Iss 23	English
sim_scientific-american_1873-06-14_28_24	1873-06-14	day	1873	28	Scientific American 1873-06-14: Vol 28 Iss 24	English
sim_scientific-american_1873-06-21_28_25	1873-06-21	day	1873	28	Scientific American 1873-06-21: Vol 28 Iss 25	English
sim_scientific-american_1873-06-28_28_26	1873-06-28	day	1873	28	Scientific American 1873-06-28: Vol 28 Iss 26	English
sim_scientific-american_1873-07-05_29_1	1873-07-05	day	1873	29	Scientific American 1873-07-05: Vol 29 Iss 1	English
sim_scientific-american_1873-07-12_29_2	1873-07-12	day	1873	29	Scientific American 1873-07-12: Vol 29 Iss 2	English
sim_scientific-american_1873-07-19_29_3	1873-07-19	day	1873	29	Scientific American 1873-07-19: Vol 29 Iss 3	English
sim_scientific-american_1873-07-26_29_4	1873-07-26	day	1873	29	Scientific American 1873-07-26: Vol 29 Iss 4	English
sim_scientific-american_1873-08-02_29_5	1873-08-02	day	1873	29	Scientific American 1873-08-02: Vol 29 Iss 5	English
sim_scientific-american_1873-08-09_29_6	1873-08-09	day	1873	29	Scientific American 1873-08-09: Vol 29 Iss 6	English
sim_scientific-american_1873-08-16_29_7	1873-08-16	day	1873	29	Scientific American 1873-08-16: Vol 29 Iss 7	English
sim_scientific-american_1873-08-23_29_8	1873-08-23	day	1873	29	Scientific American 1873-08-23: Vol 29 Iss 8	English
sim_scientific-american_1873-08-30_29_9	1873-08-30	day	1873	29	Scientific American 1873-08-30: Vol 29 Iss 9	English
sim_scientific-american_1873-09-06_29_10	1873-09-06	day	1873	29	Scientific American 1873-09-06: Vol 29 Iss 10	English
sim_scientific-american_1873-09-13_29_11	1873-09-13	day	1873	29	Scientific American 1873-09-13: Vol 29 Iss 11	English
sim_scientific-american_1873-09-20_29_12	1873-09-20	day	1873	29	Scientific American 1873-09-20: Vol 29 Iss 12	English
sim_scientific-american_1873-09-27_29_13	1873-09-27	day	1873	29	Scientific American 1873-09-27: Vol 29 Iss 13	English
sim_scientific-american_1873-10-04_29_14	1873-10-04	day	1873	29	Scientific American 1873-10-04: Vol 29 Iss 14	English
sim_scientific-american_1873-10-11_29_15	1873-10-11	day	1873	29	Scientific American 1873-10-11: Vol 29 Iss 15	English
sim_scientific-american_1873-10-18_29_16	1873-10-18	day	1873	29	Scientific American 1873-10-18: Vol 29 Iss 16	English
sim_scientific-american_1873-10-25_29_17	1873-10-25	day	1873	29	Scientific American 1873-10-25: Vol 29 Iss 17	English
sim_scientific-american_1873-11-01_29_18	1873-11-01	day	1873	29	Scientific American 1873-11-01: Vol 29 Iss 18	English
sim_scientific-american_1873-11-08_29_19	1873-11-08	day	1873	29	Scientific American 1873-11-08: Vol 29 Iss 19	English
sim_scientific-american_1873-11-15_29_20	1873-11-15	day	1873	29	Scientific American 1873-11-15: Vol 29 Iss 20	English
sim_scientific-american_1873-11-22_29_21	1873-11-22	day	1873	29	Scientific American 1873-11-22: Vol 29 Iss 21	English
sim_scientific-american_1873-11-29_29_22	1873-11-29	day	1873	29	Scientific American 1873-11-29: Vol 29 Iss 22	English
sim_scientific-american_1873-12-06_29_23	1873-12-06	day	1873	29	Scientific American 1873-12-06: Vol 29 Iss 23	English
sim_scientific-american_1873-12-13_29_24	1873-12-13	day	1873	29	Scientific American 1873-12-13: Vol 29 Iss 24	English
sim_scientific-american_1873-12-20_29_25	1873-12-20	day	1873	29	Scientific American 1873-12-20: Vol 29 Iss 25	English
sim_scientific-american_1873-12-27_29_26	1873-12-27	day	1873	29	Scientific American 1873-12-27: Vol 29 Iss 26	English
sim_scientific-american_1873_28_index	1873-01-01	year	1873	28	Scientific American 1873: Vol 28 Index	English
sim_scientific-american_1873_29_index	1873-01-01	year	1873	29	Scientific American 1873: Vol 29 Index	English
sim_scientific-american_1874-01-03_30_1	1874-01-03	day	1874	30	Scientific American 1874-01-03: Vol 30 Iss 1	English
sim_scientific-american_1874-01-10_30_2	1874-01-10	day	1874	30	Scientific American 1874-01-10: Vol 30 Iss 2	English
sim_scientific-american_1874-01-17_30_3	1874-01-17	day	1874	30	Scientific American 1874-01-17: Vol 30 Iss 3	English
sim_scientific-american_1874-01-24_30_4	1874-01-24	day	1874	30	Scientific American 1874-01-24: Vol 30 Iss 4	English
sim_scientific-american_1874-01-31_30_5	1874-01-31	day	1874	30	Scientific American 1874-01-31: Vol 30 Iss 5	English
sim_scientific-american_1874-02-07_30_6	1874-02-07	day	1874	30	Scientific American 1874-02-07: Vol 30 Iss 6	English
sim_scientific-american_1874-02-14_30_7	1874-02-14	day	1874	30	Scientific American 1874-02-14: Vol 30 Iss 7	English
sim_scientific-american_1874-02-21_30_8	1874-02-21	day	1874	30	Scientific American 1874-02-21: Vol 30 Iss 8	English
sim_scientific-american_1874-02-28_30_9	1874-02-28	day	1874	30	Scientific American 1874-02-28: Vol 30 Iss 9	English
sim_scientific-american_1874-03-07_30_10	1874-03-07	day	1874	30	Scientific American 1874-03-07: Vol 30 Iss 10	English
sim_scientific-american_1874-03-14_30_11	1874-03-14	day	1874	30	Scientific American 1874-03-14: Vol 30 Iss 11	English
sim_scientific-american_1874-03-21_30_12	1874-03-21	day	1874	30	Scientific American 1874-03-21: Vol 30 Iss 12	English
sim_scientific-american_1874-03-28_30_13	1874-03-28	day	1874	30	Scientific American 1874-03-28: Vol 30 Iss 13	English
sim_scientific-american_1874-04-04_30_14	1874-04-04	day	1874	30	Scientific American 1874-04-04: Vol 30 Iss 14	English
sim_scientific-american_1874-04-11_30_15	1874-04-11	day	1874	30	Scientific American 1874-04-11: Vol 30 Iss 15	English
sim_scientific-american_1874-04-18_30_16	1874-04-18	day	1874	30	Scientific American 1874-04-18: Vol 30 Iss 16	English
sim_scientific-american_1874-04-25_30_17	1874-04-25	day	1874	30	Scientific American 1874-04-25: Vol 30 Iss 17	English
sim_scientific-american_1874-05-02_30_18	1874-05-02	day	1874	30	Scientific American 1874-05-02: Vol 30 Iss 18	English
sim_scientific-american_1874-05-09_30_19	1874-05-09	day	1874	30	Scientific American 1874-05-09: Vol 30 Iss 19	English
sim_scientific-american_1874-05-16_30_20	1874-05-16	day	1874	30	Scientific American 1874-05-16: Vol 30 Iss 20	English
sim_scientific-american_1874-05-23_30_21	1874-05-23	day	1874	30	Scientific American 1874-05-23: Vol 30 Iss 21	English
sim_scientific-american_1874-05-30_30_22	1874-05-30	day	1874	30	Scientific American 1874-05-30: Vol 30 Iss 22	English
sim_scientific-american_1874-06-06_30_23	1874-06-06	day	1874	30	Scientific American 1874-06-06: Vol 30 Iss 23	English
sim_scientific-american_1874-06-13_30_24	1874-06-13	day	1874	30	Scientific American 1874-06-13: Vol 30 Iss 24	English
sim_scientific-american_1874-06-20_30_25	1874-06-20	day	1874	30	Scientific American 1874-06-20: Vol 30 Iss 25	English
sim_scientific-american_1874-06-27_30_26	1874-06-27	day	1874	30	Scientific American 1874-06-27: Vol 30 Iss 26	English
sim_scientific-american_1874-07-04_31_1	1874-07-04	day	1874	31	Scientific American 1874-07-04: Vol 31 Iss 1	English
sim_scientific-american_1874-07-11_31_2	1874-07-11	day	1874	31	Scientific American 1874-07-11: Vol 31 Iss 2	English
sim_scientific-american_1874-07-18_31_3	1874-07-18	day	1874	31	Scientific American 1874-07-18: Vol 31 Iss 3	English
sim_scientific-american_1874-07-25_31_4	1874-07-25	day	1874	31	Scientific American 1874-07-25: Vol 31 Iss 4	English
sim_scientific-american_1874-08-01_31_5	1874-08-01	day	1874	31	Scientific American 1874-08-01: Vol 31 Iss 5	English
sim_scientific-american_1874-08-08_31_6	1874-08-08	day	1874	31	Scientific American 1874-08-08: Vol 31 Iss 6	English
sim_scientific-american_1874-08-15_31_7	1874-08-15	day	1874	31	Scientific American 1874-08-15: Vol 31 Iss 7	English
sim_scientific-american_1874-08-22_31_8	1874-08-22	day	1874	31	Scientific American 1874-08-22: Vol 31 Iss 8	English
sim_scientific-american_1874-08-29_31_9	1874-08-29	day	1874	31	Scientific American 1874-08-29: Vol 31 Iss 9	English
sim_scientific-american_1874-09-05_31_10	1874-09-05	day	1874	31	Scientific American 1874-09-05: Vol 31 Iss 10	English
sim_scientific-american_1874-09-12_31_11	1874-09-12	day	1874	31	Scientific American 1874-09-12: Vol 31 Iss 11	English
sim_scientific-american_1874-09-19_31_12	1874-09-19	day	1874	31	Scientific American 1874-09-19: Vol 31 Iss 12	English
sim_scientific-american_1874-09-26_31_13	1874-09-26	day	1874	31	Scientific American 1874-09-26: Vol 31 Iss 13	English
sim_scientific-american_1874-10-03_31_14	1874-10-03	day	1874	31	Scientific American 1874-10-03: Vol 31 Iss 14	English
sim_scientific-american_1874-10-10_31_15	1874-10-10	day	1874	31	Scientific American 1874-10-10: Vol 31 Iss 15	English
sim_scientific-american_1874-10-17_31_16	1874-10-17	day	1874	31	Scientific American 1874-10-17: Vol 31 Iss 16	English
sim_scientific-american_1874-10-24_31_17	1874-10-24	day	1874	31	Scientific American 1874-10-24: Vol 31 Iss 17	English
sim_scientific-american_1874-10-31_31_18	1874-10-31	day	1874	31	Scientific American 1874-10-31: Vol 31 Iss 18	English
sim_scientific-american_1874-11-07_31_19	1874-11-07	day	1874	31	Scientific American 1874-11-07: Vol 31 Iss 19	English
sim_scientific-american_1874-11-14_31_20	1874-11-14	day	1874	31	Scientific American 1874-11-14: Vol 31 Iss 20	English
sim_scientific-american_1874-11-21_31_21	1874-11-21	day	1874	31	Scientific American 1874-11-21: Vol 31 Iss 21	English
sim_scientific-american_1874-11-28_31_22	1874-11-28	day	1874	31	Scientific American 1874-11-28: Vol 31 Iss 22	English
sim_scientific-american_1874-12-05_31_23	1874-12-05	day	1874	31	Scientific American 1874-12-05: Vol 31 Iss 23	English
sim_scientific-american_1874-12-12_31_24	1874-12-12	day	1874	31	Scientific American 1874-12-12: Vol 31 Iss 24	English
sim_scientific-american_1874-12-19_31_25	1874-12-19	day	1874	31	Scientific American 1874-12-19: Vol 31 Iss 25	English
sim_scientific-american_1874-12-26_31_26	1874-12-26	day	1874	31	Scientific American 1874-12-26: Vol 31 Iss 26	English
sim_scientific-american_1874_30_index	1874-01-01	year	1874	30	Scientific American 1874: Vol 30 Index	English
sim_scientific-american_1874_31_index	1874-01-01	year	1874	31	Scientific American 1874: Vol 31 Index	English
sim_scientific-american_1875-01-02_32_1	1875-01-02	day	1875	32	Scientific American 1875-01-02: Vol 32 Iss 1	English
sim_scientific-american_1875-01-09_32_2	1875-01-09	day	1875	32	Scientific American 1875-01-09: Vol 32 Iss 2	English
sim_scientific-american_1875-01-16_32_3	1875-01-16	day	1875	32	Scientific American 1875-01-16: Vol 32 Iss 3	English
sim_scientific-american_1875-01-23_32_4	1875-01-23	day	1875	32	Scientific American 1875-01-23: Vol 32 Iss 4	English
sim_scientific-american_1875-01-30_32_5	1875-01-30	day	1875	32	Scientific American 1875-01-30: Vol 32 Iss 5	English
sim_scientific-american_1875-02-06_32_6	1875-02-06	day	1875	32	Scientific American 1875-02-06: Vol 32 Iss 6	English
sim_scientific-american_1875-02-13_32_7	1875-02-13	day	1875	32	Scientific American 1875-02-13: Vol 32 Iss 7	English
sim_scientific-american_1875-02-20_32_8	1875-02-20	day	1875	32	Scientific American 1875-02-20: Vol 32 Iss 8	English
sim_scientific-american_1875-02-27_32_9	1875-02-27	day	1875	32	Scientific American 1875-02-27: Vol 32 Iss 9	English
sim_scientific-american_1875-03-06_32_10	1875-03-06	day	1875	32	Scientific American 1875-03-06: Vol 32 Iss 10	English
sim_scientific-american_1875-03-13_32_11	1875-03-13	day	1875	32	Scientific American 1875-03-13: Vol 32 Iss 11	English
sim_scientific-american_1875-03-20_32_12	1875-03-20	day	1875	32	Scientific American 1875-03-20: Vol 32 Iss 12	English
sim_scientific-american_1875-03-27_32_13	1875-03-27	day	1875	32	Scientific American 1875-03-27: Vol 32 Iss 13	English
sim_scientific-american_1875-04-03_32_14	1875-04-03	day	1875	32	Scientific American 1875-04-03: Vol 32 Iss 14	English
sim_scientific-american_1875-04-10_32_15	1875-04-10	day	1875	32	Scientific American 1875-04-10: Vol 32 Iss 15	English
sim_scientific-american_1875-04-17_32_16	1875-04-17	day	1875	32	Scientific American 1875-04-17: Vol 32 Iss 16	English
sim_scientific-american_1875-04-24_32_17	1875-04-24	day	1875	32	Scientific American 1875-04-24: Vol 32 Iss 17	English
sim_scientific-american_1875-05-01_32_18	1875-05-01	day	1875	32	Scientific American 1875-05-01: Vol 32 Iss 18	English
sim_scientific-american_1875-05-08_32_19	1875-05-08	day	1875	32	Scientific American 1875-05-08: Vol 32 Iss 19	English
sim_scientific-american_1875-05-15_32_20	1875-05-15	day	1875	32	Scientific American 1875-05-15: Vol 32 Iss 20	English
sim_scientific-american_1875-05-22_32_21	1875-05-22	day	1875	32	Scientific American 1875-05-22: Vol 32 Iss 21	English
sim_scientific-american_1875-05-29_32_22	1875-05-29	day	1875	32	Scientific American 1875-05-29: Vol 32 Iss 22	English
sim_scientific-american_1875-06-05_32_23	1875-06-05	day	1875	32	Scientific American 1875-06-05: Vol 32 Iss 23	English
sim_scientific-american_1875-06-12_32_24	1875-06-12	day	1875	32	Scientific American 1875-06-12: Vol 32 Iss 24	English
sim_scientific-american_1875-06-19_32_25	1875-06-19	day	1875	32	Scientific American 1875-06-19: Vol 32 Iss 25	English
sim_scientific-american_1875-06-26_32_26	1875-06-26	day	1875	32	Scientific American 1875-06-26: Vol 32 Iss 26	English
sim_scientific-american_1875-07-03_33_1	1875-07-03	day	1875	33	Scientific American 1875-07-03: Vol 33 Iss 1	English
sim_scientific-american_1875-07-10_33_2	1875-07-10	day	1875	33	Scientific American 1875-07-10: Vol 33 Iss 2	English
sim_scientific-american_1875-07-17_33_3	1875-07-17	day	1875	33	Scientific American 1875-07-17: Vol 33 Iss 3	English
sim_scientific-american_1875-07-24_33_4	1875-07-24	day	1875	33	Scientific American 1875-07-24: Vol 33 Iss 4	English
sim_scientific-american_1875-07-31_33_5	1875-07-31	day	1875	33	Scientific American 1875-07-31: Vol 33 Iss 5	English
sim_scientific-american_1875-08-07_33_6	1875-08-07	day	1875	33	Scientific American 1875-08-07: Vol 33 Iss 6	English
sim_scientific-american_1875-08-14_33_7	1875-08-14	day	1875	33	Scientific American 1875-08-14: Vol 33 Iss 7	English
sim_scientific-american_1875-08-21_33_8	1875-08-21	day	1875	33	Scientific American 1875-08-21: Vol 33 Iss 8	English
sim_scientific-american_1875-08-28_33_9	1875-08-28	day	1875	33	Scientific American 1875-08-28: Vol 33 Iss 9	English
sim_scientific-american_1875-09-04_33_10	1875-09-04	day	1875	33	Scientific American 1875-09-04: Vol 33 Iss 10	English
sim_scientific-american_1875-09-11_33_11	1875-09-11	day	1875	33	Scientific American 1875-09-11: Vol 33 Iss 11	English
sim_scientific-american_1875-09-18_33_12	1875-09-18	day	1875	33	Scientific American 1875-09-18: Vol 33 Iss 12	English
sim_scientific-american_1875-09-25_33_13	1875-09-25	day	1875	33	Scientific American 1875-09-25: Vol 33 Iss 13	English
sim_scientific-american_1875-10-02_33_14	1875-10-02	day	1875	33	Scientific American 1875-10-02: Vol 33 Iss 14	English
sim_scientific-american_1875-10-09_33_15	1875-10-09	day	1875	33	Scientific American 1875-10-09: Vol 33 Iss 15	English
sim_scientific-american_1875-10-16_33_16	1875-10-16	day	1875	33	Scientific American 1875-10-16: Vol 33 Iss 16	English
sim_scientific-american_1875-10-23_33_17	1875-10-23	day	1875	33	Scientific American 1875-10-23: Vol 33 Iss 17	English
sim_scientific-american_1875-10-30_33_18	1875-10-30	day	1875	33	Scientific American 1875-10-30: Vol 33 Iss 18	English
sim_scientific-american_1875-11-06_33_19	1875-11-06	day	1875	33	Scientific American 1875-11-06: Vol 33 Iss 19	English
sim_scientific-american_1875-11-13_33_20	1875-11-13	day	1875	33	Scientific American 1875-11-13: Vol 33 Iss 20	English
sim_scientific-american_1875-11-20_33_21	1875-11-20	day	1875	33	Scientific American 1875-11-20: Vol 33 Iss 21	English
sim_scientific-american_1875-11-27_33_22	1875-11-27	day	1875	33	Scientific American 1875-11-27: Vol 33 Iss 22	English
sim_scientific-american_1875-12-04_33_23	1875-12-04	day	1875	33	Scientific American 1875-12-04: Vol 33 Iss 23	English
sim_scientific-american_1875-12-11_33_24	1875-12-11	day	1875	33	Scientific American 1875-12-11: Vol 33 Iss 24	English
sim_scientific-american_1875-12-18_33_25	1875-12-18	day	1875	33	Scientific American 1875-12-18: Vol 33 Iss 25	English
sim_scientific-american_1875-12-25_33_26	1875-12-25	day	1875	33	Scientific American 1875-12-25: Vol 33 Iss 26	English
sim_scientific-american_1875_32_index	1875-01-01	year	1875	32	Scientific American 1875: Vol 32 Index	English
sim_scientific-american_1875_33_index	1875-01-01	year	1875	33	Scientific American 1875: Vol 33 Index	English
sim_scientific-american_1876-01-01_34_1	1876-01-01	day	1876	34	Scientific American 1876-01-01: Vol 34 Iss 1	English
sim_scientific-american_1876-01-08_34_2	1876-01-08	day	1876	34	Scientific American 1876-01-08: Vol 34 Iss 2	English
sim_scientific-american_1876-01-15_34_3	1876-01-15	day	1876	34	Scientific American 1876-01-15: Vol 34 Iss 3	English
sim_scientific-american_1876-01-22_34_4	1876-01-22	day	1876	34	Scientific American 1876-01-22: Vol 34 Iss 4	English
sim_scientific-american_1876-01-29_34_5	1876-01-29	day	1876	34	Scientific American 1876-01-29: Vol 34 Iss 5	English
sim_scientific-american_1876-02-05_34_6	1876-02-05	day	1876	34	Scientific American 1876-02-05: Vol 34 Iss 6	English
sim_scientific-american_1876-02-12_34_7	1876-02-12	day	1876	34	Scientific American 1876-02-12: Vol 34 Iss 7	English
sim_scientific-american_1876-02-19_34_8	1876-02-19	day	1876	34	Scientific American 1876-02-19: Vol 34 Iss 8	English
sim_scientific-american_1876-02-26_34_9	1876-02-26	day	1876	34	Scientific American 1876-02-26: Vol 34 Iss 9	English
sim_scientific-american_1876-03-04_34_10	1876-03-04	day	1876	34	Scientific American 1876-03-04: Vol 34 Iss 10	English
sim_scientific-american_1876-03-11_34_11	1876-03-11	day	1876	34	Scientific American 1876-03-11: Vol 34 Iss 11	English
sim_scientific-american_1876-03-18_34_12	1876-03-18	day	1876	34	Scientific American 1876-03-18: Vol 34 Iss 12	English
sim_scientific-american_1876-03-25_34_13	1876-03-25	day	1876	34	Scientific American 1876-03-25: Vol 34 Iss 13	English
sim_scientific-american_1876-04-01_34_14	1876-04-01	day	1876	34	Scientific American 1876-04-01: Vol 34 Iss 14	English
sim_scientific-american_1876-04-08_34_15	1876-04-08	day	1876	34	Scientific American 1876-04-08: Vol 34 Iss 15	English
sim_scientific-american_1876-04-15_34_16	1876-04-15	day	1876	34	Scientific American 1876-04-15: Vol 34 Iss 16	English
sim_scientific-american_1876-04-22_34_17	1876-04-22	day	1876	34	Scientific American 1876-04-22: Vol 34 Iss 17	English
sim_scientific-american_1876-04-29_34_18	1876-04-29	day	1876	34	Scientific American 1876-04-29: Vol 34 Iss 18	English
sim_scientific-american_1876-05-06_34_19	1876-05-06	day	1876	34	Scientific American 1876-05-06: Vol 34 Iss 19	English
sim_scientific-american_1876-05-13_34_20	1876-05-13	day	1876	34	Scientific American 1876-05-13: Vol 34 Iss 20	English
sim_scientific-american_1876-05-20_34_21	1876-05-20	day	1876	34	Scientific American 1876-05-20: Vol 34 Iss 21	English
sim_scientific-american_1876-05-27_34_22	1876-05-27	day	1876	34	Scientific American 1876-05-27: Vol 34 Iss 22	English
sim_scientific-american_1876-06-03_34_23	1876-06-03	day	1876	34	Scientific American 1876-06-03: Vol 34 Iss 23	English
sim_scientific-american_1876-06-10_34_24	1876-06-10	day	1876	34	Scientific American 1876-06-10: Vol 34 Iss 24	English
sim_scientific-american_1876-06-17_34_25	1876-06-17	day	1876	34	Scientific American 1876-06-17: Vol 34 Iss 25	English
sim_scientific-american_1876-06-24_34_26	1876-06-24	day	1876	34	Scientific American 1876-06-24: Vol 34 Iss 26	English
sim_scientific-american_1876-07-01_35_1	1876-07-01	day	1876	35	Scientific American 1876-07-01: Vol 35 Iss 1	English
sim_scientific-american_1876-07-08_35_2	1876-07-08	day	1876	35	Scientific American 1876-07-08: Vol 35 Iss 2	English
sim_scientific-american_1876-07-15_35_3	1876-07-15	day	1876	35	Scientific American 1876-07-15: Vol 35 Iss 3	English
sim_scientific-american_1876-07-22_35_4	1876-07-22	day	1876	35	Scientific American 1876-07-22: Vol 35 Iss 4	English
sim_scientific-american_1876-07-29_35_5	1876-07-29	day	1876	35	Scientific American 1876-07-29: Vol 35 Iss 5	English
sim_scientific-american_1876-08-05_35_6	1876-08-05	day	1876	35	Scientific American 1876-08-05: Vol 35 Iss 6	English
sim_scientific-american_1876-08-12_35_7	1876-08-12	day	1876	35	Scientific American 1876-08-12: Vol 35 Iss 7	English
sim_scientific-american_1876-08-19_35_8	1876-08-19	day	1876	35	Scientific American 1876-08-19: Vol 35 Iss 8	English
sim_scientific-american_1876-08-26_35_9	1876-08-26	day	1876	35	Scientific American 1876-08-26: Vol 35 Iss 9	English
sim_scientific-american_1876-09-02_35_10	1876-09-02	day	1876	35	Scientific American 1876-09-02: Vol 35 Iss 10	English
sim_scientific-american_1876-09-09_35_11	1876-09-09	day	1876	35	Scientific American 1876-09-09: Vol 35 Iss 11	English
sim_scientific-american_1876-09-16_35_12	1876-09-16	day	1876	35	Scientific American 1876-09-16: Vol 35 Iss 12	English
sim_scientific-american_1876-09-23_35_13	1876-09-23	day	1876	35	Scientific American 1876-09-23: Vol 35 Iss 13	English
sim_scientific-american_1876-09-30_35_14	1876-09-30	day	1876	35	Scientific American 1876-09-30: Vol 35 Iss 14	English
sim_scientific-american_1876-10-07_35_15	1876-10-07	day	1876	35	Scientific American 1876-10-07: Vol 35 Iss 15	English
sim_scientific-american_1876-10-14_35_16	1876-10-14	day	1876	35	Scientific American 1876-10-14: Vol 35 Iss 16	English
sim_scientific-american_1876-10-21_35_17	1876-10-21	day	1876	35	Scientific American 1876-10-21: Vol 35 Iss 17	English
sim_scientific-american_1876-10-28_35_18	1876-10-28	day	1876	35	Scientific American 1876-10-28: Vol 35 Iss 18	English
sim_scientific-american_1876-11-04_35_19	1876-11-04	day	1876	35	Scientific American 1876-11-04: Vol 35 Iss 19	English
sim_scientific-american_1876-11-11_35_20	1876-11-11	day	1876	35	Scientific American 1876-11-11: Vol 35 Iss 20	English
sim_scientific-american_1876-11-18_35_21	1876-11-18	day	1876	35	Scientific American 1876-11-18: Vol 35 Iss 21	English
sim_scientific-american_1876-11-25_35_22	1876-11-25	day	1876	35	Scientific American 1876-11-25: Vol 35 Iss 22	English
sim_scientific-american_1876-12-02_35_23	1876-12-02	day	1876	35	Scientific American 1876-12-02: Vol 35 Iss 23	English
sim_scientific-american_1876-12-09_35_24	1876-12-09	day	1876	35	Scientific American 1876-12-09: Vol 35 Iss 24	English
sim_scientific-american_1876-12-16_35_25	1876-12-16	day	1876	35	Scientific American 1876-12-16: Vol 35 Iss 25	English
sim_scientific-american_1876_34_index	1876-01-01	year	1876	34	Scientific American 1876: Vol 34 Index	English
sim_scientific-american_1876_35_index	1876-01-01	year	1876	35	Scientific American 1876: Vol 35 Index	English
sim_scientific-american_1877-01-06_36_1	1877-01-06	day	1877	36	Scientific American 1877-01-06: Vol 36 Iss 1	English
sim_scientific-american_1877-01-13_36_2	1877-01-13	day	1877	36	Scientific American 1877-01-13: Vol 36 Iss 2	English
sim_scientific-american_1877-01-20_36_3	1877-01-20	day	1877	36	Scientific American 1877-01-20: Vol 36 Iss 3	English
sim_scientific-american_1877-01-27_36_4	1877-01-27	day	1877	36	Scientific American 1877-01-27: Vol 36 Iss 4	English
sim_scientific-american_1877-02-03_36_5	1877-02-03	day	1877	36	Scientific American 1877-02-03: Vol 36 Iss 5	English
sim_scientific-american_1877-02-10_36_6	1877-02-10	day	1877	36	Scientific American 1877-02-10: Vol 36 Iss 6	English
sim_scientific-american_1877-02-17_36_7	1877-02-17	day	1877	36	Scientific American 1877-02-17: Vol 36 Iss 7	English
sim_scientific-american_1877-02-24_36_8	1877-02-24	day	1877	36	Scientific American 1877-02-24: Vol 36 Iss 8	English
sim_scientific-american_1877-03-03_36_9	1877-03-03	day	1877	36	Scientific American 1877-03-03: Vol 36 Iss 9	English
sim_scientific-american_1877-03-10_36_10	1877-03-10	day	1877	36	Scientific American 1877-03-10: Vol 36 Iss 10	English
sim_scientific-american_1877-03-17_36_11	1877-03-17	day	1877	36	Scientific American 1877-03-17: Vol 36 Iss 11	English
sim_scientific-american_1877-03-24_36_12	1877-03-24	day	1877	36	Scientific American 1877-03-24: Vol 36 Iss 12	English
sim_scientific-american_1877-03-31_36_13	1877-03-31	day	1877	36	Scientific American 1877-03-31: Vol 36 Iss 13	English
sim_scientific-american_1877-04-07_36_14	1877-04-07	day	1877	36	Scientific American 1877-04-07: Vol 36 Iss 14	English
sim_scientific-american_1877-04-14_36_15	1877-04-14	day	1877	36	Scientific American 1877-04-14: Vol 36 Iss 15	English
sim_scientific-american_1877-04-21_36_16	1877-04-21	day	1877	36	Scientific American 1877-04-21: Vol 36 Iss 16	English
sim_scientific-american_1877-04-28_36_17	1877-04-28	day	1877	36	Scientific American 1877-04-28: Vol 36 Iss 17	English
sim_scientific-american_1877-05-05_36_18	1877-05-05	day	1877	36	Scientific American 1877-05-05: Vol 36 Iss 18	English
sim_scientific-american_1877-05-12_36_19	1877-05-12	day	1877	36	Scientific American 1877-05-12: Vol 36 Iss 19	English
sim_scientific-american_1877-05-19_36_20	1877-05-19	day	1877	36	Scientific American 1877-05-19: Vol 36 Iss 20	English
sim_scientific-american_1877-05-26_36_21	1877-05-26	day	1877	36	Scientific American 1877-05-26: Vol 36 Iss 21	English
sim_scientific-american_1877-06-02_36_22	1877-06-02	day	1877	36	Scientific American 1877-06-02: Vol 36 Iss 22	English
sim_scientific-american_1877-06-09_36_23	1877-06-09	day	1877	36	Scientific American 1877-06-09: Vol 36 Iss 23	English
sim_scientific-american_1877-06-16_36_24	1877-06-16	day	1877	36	Scientific American 1877-06-16: Vol 36 Iss 24	English
sim_scientific-american_1877-06-23_36_25	1877-06-23	day	1877	36	Scientific American 1877-06-23: Vol 36 Iss 25	English
sim_scientific-american_1877-06-30_36_26	1877-06-30	day	1877	36	Scientific American 1877-06-30: Vol 36 Iss 26	English
sim_scientific-american_1877-07-07_37_1	1877-07-07	day	1877	37	Scientific American 1877-07-07: Vol 37 Iss 1	English
sim_scientific-american_1877-07-14_37_2	1877-07-14	day	1877	37	Scientific American 1877-07-14: Vol 37 Iss 2	English
sim_scientific-american_1877-07-21_37_3	1877-07-21	day	1877	37	Scientific American 1877-07-21: Vol 37 Iss 3	English
sim_scientific-american_1877-07-28_37_4	1877-07-28	day	1877	37	Scientific American 1877-07-28: Vol 37 Iss 4	English
sim_scientific-american_1877-08-04_37_5	1877-08-04	day	1877	37	Scientific American 1877-08-04: Vol 37 Iss 5	English
sim_scientific-american_1877-08-11_37_6	1877-08-11	day	1877	37	Scientific American 1877-08-11: Vol 37 Iss 6	English
sim_scientific-american_1877-08-18_37_7	1877-08-18	day	1877	37	Scientific American 1877-08-18: Vol 37 Iss 7	English
sim_scientific-american_1877-08-25_37_8	1877-08-25	day	1877	37	Scientific American 1877-08-25: Vol 37 Iss 8	English
sim_scientific-american_1877-09-01_37_9	1877-09-01	day	1877	37	Scientific American 1877-09-01: Vol 37 Iss 9	English
sim_scientific-american_1877-09-08_37_10	1877-09-08	day	1877	37	Scientific American 1877-09-08: Vol 37 Iss 10	English
sim_scientific-american_1877-09-15_37_11	1877-09-15	day	1877	37	Scientific American 1877-09-15: Vol 37 Iss 11	English
sim_scientific-american_1877-09-22_37_12	1877-09-22	day	1877	37	Scientific American 1877-09-22: Vol 37 Iss 12	English
sim_scientific-american_1877-09-29_37_13	1877-09-29	day	1877	37	Scientific American 1877-09-29: Vol 37 Iss 13	English
sim_scientific-american_1877-10-06_37_14	1877-10-06	day	1877	37	Scientific American 1877-10-06: Vol 37 Iss 14	English
sim_scientific-american_1877-10-13_37_15	1877-10-13	day	1877	37	Scientific American 1877-10-13: Vol 37 Iss 15	English
sim_scientific-american_1877-10-20_37_16	1877-10-20	day	1877	37	Scientific American 1877-10-20: Vol 37 Iss 16	English
sim_scientific-american_1877-10-27_37_17	1877-10-27	day	1877	37	Scientific American 1877-10-27: Vol 37 Iss 17	English
sim_scientific-american_1877-11-03_37_18	1877-11-03	day	1877	37	Scientific American 1877-11-03: Vol 37 Iss 18	English
sim_scientific-american_1877-11-10_37_19	1877-11-10	day	1877	37	Scientific American 1877-11-10: Vol 37 Iss 19	English
sim_scientific-american_1877-11-17_37_20	1877-11-17	day	1877	37	Scientific American 1877-11-17: Vol 37 Iss 20	English
sim_scientific-american_1877-11-24_37_21	1877-11-24	day	1877	37	Scientific American 1877-11-24: Vol 37 Iss 21	English
sim_scientific-american_1877-12-01_37_22	1877-12-01	day	1877	37	Scientific American 1877-12-01: Vol 37 Iss 22	English
sim_scientific-american_1877-12-08_37_23	1877-12-08	day	1877	37	Scientific American 1877-12-08: Vol 37 Iss 23	English
sim_scientific-american_1877-12-15_37_24	1877-12-15	day	1877	37	Scientific American 1877-12-15: Vol 37 Iss 24	English
sim_scientific-american_1877-12-22_37_25	1877-12-22	day	1877	37	Scientific American 1877-12-22: Vol 37 Iss 25	English
sim_scientific-american_1877-12-29_37_26	1877-12-29	day	1877	37	Scientific American 1877-12-29: Vol 37 Iss 26	English
sim_scientific-american_1877_36_index	1877-01-01	year	1877	36	Scientific American 1877: Vol 36 Index	English
sim_scientific-american_1877_37_index	1877-01-01	year	1877	37	Scientific American 1877: Vol 37 Index	English
sim_scientific-american_1878-01-05_38_1	1878-01-05	day	1878	38	Scientific American 1878-01-05: Vol 38 Iss 1	English
sim_scientific-american_1878-01-12_38_2	1878-01-12	day	1878	38	Scientific American 1878-01-12: Vol 38 Iss 2	English
sim_scientific-american_1878-01-19_38_3	1878-01-19	day	1878	38	Scientific American 1878-01-19: Vol 38 Iss 3	English
sim_scientific-american_1878-01-26_38_4	1878-01-26	day	1878	38	Scientific American 1878-01-26: Vol 38 Iss 4	English
sim_scientific-american_1878-02-02_38_5	1878-02-02	day	1878	38	Scientific American 1878-02-02: Vol 38 Iss 5	English
sim_scientific-american_1878-02-09_38_6	1878-02-09	day	1878	38	Scientific American 1878-02-09: Vol 38 Iss 6	English
sim_scientific-american_1878-02-16_38_7	1878-02-16	day	1878	38	Scientific American 1878-02-16: Vol 38 Iss 7	English
sim_scientific-american_1878-02-23_38_8	1878-02-23	day	1878	38	Scientific American 1878-02-23: Vol 38 Iss 8	English
sim_scientific-american_1878-03-02_38_9	1878-03-02	day	1878	38	Scientific American 1878-03-02: Vol 38 Iss 9	English
sim_scientific-american_1878-03-09_38_10	1878-03-09	day	1878	38	Scientific American 1878-03-09: Vol 38 Iss 10	English
sim_scientific-american_1878-03-16_38_11	1878-03-16	day	1878	38	Scientific American 1878-03-16: Vol 38 Iss 11	English
sim_scientific-american_1878-03-23_38_12	1878-03-23	day	1878	38	Scientific American 1878-03-23: Vol 38 Iss 12	English
sim_scientific-american_1878-03-30_38_13	1878-03-30	day	1878	38	Scientific American 1878-03-30: Vol 38 Iss 13	English
sim_scientific-american_1878-04-06_38_14	1878-04-06	day	1878	38	Scientific American 1878-04-06: Vol 38 Iss 14	English
sim_scientific-american_1878-04-13_38_15	1878-04-13	day	1878	38	Scientific American 1878-04-13: Vol 38 Iss 15	English
sim_scientific-american_1878-04-20_38_16	1878-04-20	day	1878	38	Scientific American 1878-04-20: Vol 38 Iss 16	English
sim_scientific-american_1878-04-27_38_17	1878-04-27	day	1878	38	Scientific American 1878-04-27: Vol 38 Iss 17	English
sim_scientific-american_1878-05-04_38_18	1878-05-04	day	1878	38	Scientific American 1878-05-04: Vol 38 Iss 18	English
sim_scientific-american_1878-05-11_38_19	1878-05-11	day	1878	38	Scientific American 1878-05-11: Vol 38 Iss 19	English
sim_scientific-american_1878-05-18_38_20	1878-05-18	day	1878	38	Scientific American 1878-05-18: Vol 38 Iss 20	English
sim_scientific-american_1878-05-25_38_21	1878-05-25	day	1878	38	Scientific American 1878-05-25: Vol 38 Iss 21	English
sim_scientific-american_1878-06-01_38_22	1878-06-01	day	1878	38	Scientific American 1878-06-01: Vol 38 Iss 22	English
sim_scientific-american_1878-06-08_38_23	1878-06-08	day	1878	38	Scientific American 1878-06-08: Vol 38 Iss 23	English
sim_scientific-american_1878-06-15_38_24	1878-06-15	day	1878	38	Scientific American 1878-06-15: Vol 38 Iss 24	English
sim_scientific-american_1878-06-22_38_25	1878-06-22	day	1878	38	Scientific American 1878-06-22: Vol 38 Iss 25	English
sim_scientific-american_1878-06-29_38_26	1878-06-29	day	1878	38	Scientific American 1878-06-29: Vol 38 Iss 26	English
sim_scientific-american_1878-07-06_39_1	1878-07-06	day	1878	39	Scientific American 1878-07-06: Vol 39 Iss 1	English
sim_scientific-american_1878-07-13_39_2	1878-07-13	day	1878	39	Scientific American 1878-07-13: Vol 39 Iss 2	English
sim_scientific-american_1878-07-20_39_3	1878-07-20	day	1878	39	Scientific American 1878-07-20: Vol 39 Iss 3	English
sim_scientific-american_1878-07-27_39_4	1878-07-27	day	1878	39	Scientific American 1878-07-27: Vol 39 Iss 4	English
sim_scientific-american_1878-08-03_39_5	1878-08-03	day	1878	39	Scientific American 1878-08-03: Vol 39 Iss 5	English
sim_scientific-american_1878-08-10_39_6	1878-08-10	day	1878	39	Scientific American 1878-08-10: Vol 39 Iss 6	English
sim_scientific-american_1878-08-17_39_7	1878-08-17	day	1878	39	Scientific American 1878-08-17: Vol 39 Iss 7	English
sim_scientific-american_1878-08-24_39_8	1878-08-24	day	1878	39	Scientific American 1878-08-24: Vol 39 Iss 8	English
sim_scientific-american_1878-08-31_39_9	1878-08-31	day	1878	39	Scientific American 1878-08-31: Vol 39 Iss 9	English
sim_scientific-american_1878-09-07_39_10	1878-09-07	day	1878	39	Scientific American 1878-09-07: Vol 39 Iss 10	English
sim_scientific-american_1878-09-14_39_11	1878-09-14	day	1878	39	Scientific American 1878-09-14: Vol 39 Iss 11	English
sim_scientific-american_1878-09-21_39_12	1878-09-21	day	1878	39	Scientific American 1878-09-21: Vol 39 Iss 12	English
sim_scientific-american_1878-09-28_39_13	1878-09-28	day	1878	39	Scientific American 1878-09-28: Vol 39 Iss 13	English
sim_scientific-american_1878-10-05_39_14	1878-10-05	day	1878	39	Scientific American 1878-10-05: Vol 39 Iss 14	English
sim_scientific-american_1878-10-12_39_15	1878-10-12	day	1878	39	Scientific American 1878-10-12: Vol 39 Iss 15	English
sim_scientific-american_1878-10-19_39_16	1878-10-19	day	1878	39	Scientific American 1878-10-19: Vol 39 Iss 16	English
sim_scientific-american_1878-10-26_39_17	1878-10-26	day	1878	39	Scientific American 1878-10-26: Vol 39 Iss 17	English
sim_scientific-american_1878-11-02_39_18	1878-11-02	day	1878	39	Scientific American 1878-11-02: Vol 39 Iss 18	English
sim_scientific-american_1878-11-09_39_19	1878-11-09	day	1878	39	Scientific American 1878-11-09: Vol 39 Iss 19	English
sim_scientific-american_1878-11-16_39_20	1878-11-16	day	1878	39	Scientific American 1878-11-16: Vol 39 Iss 20	English
sim_scientific-american_1878-11-23_39_21	1878-11-23	day	1878	39	Scientific American 1878-11-23: Vol 39 Iss 21	English
sim_scientific-american_1878-11-30_39_22	1878-11-30	day	1878	39	Scientific American 1878-11-30: Vol 39 Iss 22	English
sim_scientific-american_1878-12-07_39_23	1878-12-07	day	1878	39	Scientific American 1878-12-07: Vol 39 Iss 23	English
sim_scientific-american_1878-12-14_39_24	1878-12-14	day	1878	39	Scientific American 1878-12-14: Vol 39 Iss 24	English
sim_scientific-american_1878-12-21_39_25	1878-12-21	day	1878	39	Scientific American 1878-12-21: Vol 39 Iss 25	English
sim_scientific-american_1878-12-28_39_26	1878-12-28	day	1878	39	Scientific American 1878-12-28: Vol 39 Iss 26	English
sim_scientific-american_1878_38_index	1878-01-01	year	1878	38	Scientific American 1878: Vol 38 Index	English
sim_scientific-american_1878_39_index	1878-01-01	year	1878	39	Scientific American 1878: Vol 39 Index	English
sim_scientific-american_1879-01-04_40_1	1879-01-04	day	1879	40	Scientific American 1879-01-04: Vol 40 Iss 1	English
sim_scientific-american_1879-01-11_40_2	1879-01-11	day	1879	40	Scientific American 1879-01-11: Vol 40 Iss 2	English
sim_scientific-american_1879-01-18_40_3	1879-01-18	day	1879	40	Scientific American 1879-01-18: Vol 40 Iss 3	English
sim_scientific-american_1879-01-25_40_4	1879-01-25	day	1879	40	Scientific American 1879-01-25: Vol 40 Iss 4	English
sim_scientific-american_1879-02-01_40_5	1879-02-01	day	1879	40	Scientific American 1879-02-01: Vol 40 Iss 5	English
sim_scientific-american_1879-02-08_40_6	1879-02-08	day	1879	40	Scientific American 1879-02-08: Vol 40 Iss 6	English
sim_scientific-american_1879-02-15_40_7	1879-02-15	day	1879	40	Scientific American 1879-02-15: Vol 40 Iss 7	English
sim_scientific-american_1879-02-22_40_8	1879-02-22	day	1879	40	Scientific American 1879-02-22: Vol 40 Iss 8	English
sim_scientific-american_1879-03-01_40_9	1879-03-01	day	1879	40	Scientific American 1879-03-01: Vol 40 Iss 9	English
sim_scientific-american_1879-03-08_40_10	1879-03-08	day	1879	40	Scientific American 1879-03-08: Vol 40 Iss 10	English
sim_scientific-american_1879-03-15_40_11	1879-03-15	day	1879	40	Scientific American 1879-03-15: Vol 40 Iss 11	English
sim_scientific-american_1879-03-22_40_12	1879-03-22	day	1879	40	Scientific American 1879-03-22: Vol 40 Iss 12	English
sim_scientific-american_1879-03-29_40_13	1879-03-29	day	1879	40	Scientific American 1879-03-29: Vol 40 Iss 13	English
sim_scientific-american_1879-04-05_40_14	1879-04-05	day	1879	40	Scientific American 1879-04-05: Vol 40 Iss 14	English
sim_scientific-american_1879-04-12_40_15	1879-04-12	day	1879	40	Scientific American 1879-04-12: Vol 40 Iss 15	English
sim_scientific-american_1879-04-19_40_16	1879-04-19	day	1879	40	Scientific American 1879-04-19: Vol 40 Iss 16	English
sim_scientific-american_1879-04-26_40_17	1879-04-26	day	1879	40	Scientific American 1879-04-26: Vol 40 Iss 17	English
sim_scientific-american_1879-05-03_40_18	1879-05-03	day	1879	40	Scientific American 1879-05-03: Vol 40 Iss 18	English
sim_scientific-american_1879-05-10_40_19	1879-05-10	day	1879	40	Scientific American 1879-05-10: Vol 40 Iss 19	English
sim_scientific-american_1879-05-17_40_20	1879-05-17	day	1879	40	Scientific American 1879-05-17: Vol 40 Iss 20	English
sim_scientific-american_1879-05-24_40_21	1879-05-24	day	1879	40	Scientific American 1879-05-24: Vol 40 Iss 21	English
sim_scientific-american_1879-05-31_40_22	1879-05-31	day	1879	40	Scientific American 1879-05-31: Vol 40 Iss 22	English
sim_scientific-american_1879-06-07_40_23	1879-06-07	day	1879	40	Scientific American 1879-06-07: Vol 40 Iss 23	English
sim_scientific-american_1879-06-14_40_24	1879-06-14	day	1879	40	Scientific American 1879-06-14: Vol 40 Iss 24	English
sim_scientific-american_1879-06-21_40_25	1879-06-21	day	1879	40	Scientific American 1879-06-21: Vol 40 Iss 25	English
sim_scientific-american_1879-06-28_40_26	1879-06-28	day	1879	40	Scientific American 1879-06-28: Vol 40 Iss 26	English
sim_scientific-american_1879-07-05_41_1	1879-07-05	day	1879	41	Scientific American 1879-07-05: Vol 41 Iss 1	English
sim_scientific-american_1879-07-12_41_2	1879-07-12	day	1879	41	Scientific American 1879-07-12: Vol 41 Iss 2	English
sim_scientific-american_1879-07-19_41_3	1879-07-19	day	1879	41	Scientific American 1879-07-19: Vol 41 Iss 3	English
sim_scientific-american_1879-07-26_41_4	1879-07-26	day	1879	41	Scientific American 1879-07-26: Vol 41 Iss 4	English
sim_scientific-american_1879-08-02_41_5	1879-08-02	day	1879	41	Scientific American 1879-08-02: Vol 41 Iss 5	English
sim_scientific-american_1879-08-09_41_6	1879-08-09	day	1879	41	Scientific American 1879-08-09: Vol 41 Iss 6	English
sim_scientific-american_1879-08-16_41_7	1879-08-16	day	1879	41	Scientific American 1879-08-16: Vol 41 Iss 7	English
sim_scientific-american_1879-08-23_41_8	1879-08-23	day	1879	41	Scientific American 1879-08-23: Vol 41 Iss 8	English
sim_scientific-american_1879-08-30_41_9	1879-08-30	day	1879	41	Scientific American 1879-08-30: Vol 41 Iss 9	English
sim_scientific-american_1879-09-06_41_10	1879-09-06	day	1879	41	Scientific American 1879-09-06: Vol 41 Iss 10	English
sim_scientific-american_1879-09-13_41_11	1879-09-13	day	1879	41	Scientific American 1879-09-13: Vol 41 Iss 11	English
sim_scientific-american_1879-09-20_41_12	1879-09-20	day	1879	41	Scientific American 1879-09-20: Vol 41 Iss 12	English
sim_scientific-american_1879-09-27_41_13	1879-09-27	day	1879	41	Scientific American 1879-09-27: Vol 41 Iss 13	English
sim_scientific-american_1879-10-04_41_14	1879-10-04	day	1879	41	Scientific American 1879-10-04: Vol 41 Iss 14	English
sim_scientific-american_1879-10-11_41_15	1879-10-11	day	1879	41	Scientific American 1879-10-11: Vol 41 Iss 15	English
sim_scientific-american_1879-10-18_41_16	1879-10-18	day	1879	41	Scientific American 1879-10-18: Vol 41 Iss 16	English
sim_scientific-american_1879-10-25_41_17	1879-10-25	day	1879	41	Scientific American 1879-10-25: Vol 41 Iss 17	English
sim_scientific-american_1879-11-01_41_18	1879-11-01	day	1879	41	Scientific American 1879-11-01: Vol 41 Iss 18	English
sim_scientific-american_1879-11-08_41_19	1879-11-08	day	1879	41	Scientific American 1879-11-08: Vol 41 Iss 19	English
sim_scientific-american_1879-11-15_41_20	1879-11-15	day	1879	41	Scientific American 1879-11-15: Vol 41 Iss 20	English
sim_scientific-american_1879-11-22_41_21	1879-11-22	day	1879	41	Scientific American 1879-11-22: Vol 41 Iss 21	English
sim_scientific-american_1879-11-29_41_22	1879-11-29	day	1879	41	Scientific American 1879-11-29: Vol 41 Iss 22	English
sim_scientific-american_1879-12-06_41_23	1879-12-06	day	1879	41	Scientific American 1879-12-06: Vol 41 Iss 23	English
sim_scientific-american_1879-12-13_41_24	1879-12-13	day	1879	41	Scientific American 1879-12-13: Vol 41 Iss 24	English
sim_scientific-american_1879-12-20_41_25	1879-12-20	day	1879	41	Scientific American 1879-12-20: Vol 41 Iss 25	English
sim_scientific-american_1879-12-27_41_26	1879-12-27	day	1879	41	Scientific American 1879-12-27: Vol 41 Iss 26	English
sim_scientific-american_1879_40_index	1879-01-01	year	1879	40	Scientific American 1879: Vol 40 Index	English
sim_scientific-american_1879_41_index	1879-01-01	year	1879	41	Scientific American 1879: Vol 41 Index	English
sim_scientific-american_1880-01-03_42_1	1880-01-03	day	1880	42	Scientific American 1880-01-03: Vol 42 Iss 1	English
sim_scientific-american_1880-01-10_42_2	1880-01-10	day	1880	42	Scientific American 1880-01-10: Vol 42 Iss 2	English
sim_scientific-american_1880-01-17_42_3	1880-01-17	day	1880	42	Scientific American 1880-01-17: Vol 42 Iss 3	English
sim_scientific-american_1880-01-24_42_4	1880-01-24	day	1880	42	Scientific American 1880-01-24: Vol 42 Iss 4	English
sim_scientific-american_1880-01-31_42_5	1880-01-31	day	1880	42	Scientific American 1880-01-31: Vol 42 Iss 5	English
sim_scientific-american_1880-02-07_42_6	1880-02-07	day	1880	42	Scientific American 1880-02-07: Vol 42 Iss 6	English
sim_scientific-american_1880-02-14_42_7	1880-02-14	day	1880	42	Scientific American 1880-02-14: Vol 42 Iss 7	English
sim_scientific-american_1880-02-21_42_8	1880-02-21	day	1880	42	Scientific American 1880-02-21: Vol 42 Iss 8	English
sim_scientific-american_1880-02-28_42_9	1880-02-28	day	1880	42	Scientific American 1880-02-28: Vol 42 Iss 9	English
sim_scientific-american_1880-03-06_42_10	1880-03-06	day	1880	42	Scientific American 1880-03-06: Vol 42 Iss 10	English
sim_scientific-american_1880-03-13_42_11	1880-03-13	day	1880	42	Scientific American 1880-03-13: Vol 42 Iss 11	English
sim_scientific-american_1880-03-20_42_12	1880-03-20	day	1880	42	Scientific American 1880-03-20: Vol 42 Iss 12	English
sim_scientific-american_1880-03-27_42_13	1880-03-27	day	1880	42	Scientific American 1880-03-27: Vol 42 Iss 13	English
sim_scientific-american_1880-04-03_42_14	1880-04-03	day	1880	42	Scientific American 1880-04-03: Vol 42 Iss 14	English
sim_scientific-american_1880-04-10_42_15	1880-04-10	day	1880	42	Scientific American 1880-04-10: Vol 42 Iss 15	English
sim_scientific-american_1880-04-17_42_16	1880-04-17	day	1880	42	Scientific American 1880-04-17: Vol 42 Iss 16	English
sim_scientific-american_1880-04-24_42_17	1880-04-24	day	1880	42	Scientific American 1880-04-24: Vol 42 Iss 17	English
sim_scientific-american_1880-05-01_42_18	1880-05-01	day	1880	42	Scientific American 1880-05-01: Vol 42 Iss 18	English
sim_scientific-american_1880-05-08_42_19	1880-05-08	day	1880	42	Scientific American 1880-05-08: Vol 42 Iss 19	English
sim_scientific-american_1880-05-15_42_20	1880-05-15	day	1880	42	Scientific American 1880-05-15: Vol 42 Iss 20	English
sim_scientific-american_1880-05-22_42_21	1880-05-22	day	1880	42	Scientific American 1880-05-22: Vol 42 Iss 21	English
sim_scientific-american_1880-05-29_42_22	1880-05-29	day	1880	42	Scientific American 1880-05-29: Vol 42 Iss 22	English
sim_scientific-american_1880-06-05_42_23	1880-06-05	day	1880	42	Scientific American 1880-06-05: Vol 42 Iss 23	English
sim_scientific-american_1880-06-12_42_24	1880-06-12	day	1880	42	Scientific American 1880-06-12: Vol 42 Iss 24	English
sim_scientific-american_1880-06-19_42_25	1880-06-19	day	1880	42	Scientific American 1880-06-19: Vol 42 Iss 25	English
sim_scientific-american_1880-06-26_42_26	1880-06-26	day	1880	42	Scientific American 1880-06-26: Vol 42 Iss 26	English
sim_scientific-american_1880-07-03_43_1	1880-07-03	day	1880	43	Scientific American 1880-07-03: Vol 43 Iss 1	English
sim_scientific-american_1880-07-10_43_2	1880-07-10	day	1880	43	Scientific American 1880-07-10: Vol 43 Iss 2	English
sim_scientific-american_1880-07-17_43_3	1880-07-17	day	1880	43	Scientific American 1880-07-17: Vol 43 Iss 3	English
sim_scientific-american_1880-07-24_43_4	1880-07-24	day	1880	43	Scientific American 1880-07-24: Vol 43 Iss 4	English
sim_scientific-american_1880-07-31_43_5	1880-07-31	day	1880	43	Scientific American 1880-07-31: Vol 43 Iss 5	English
sim_scientific-american_1880-08-07_43_6	1880-08-07	day	1880	43	Scientific American 1880-08-07: Vol 43 Iss 6	English
sim_scientific-american_1880-08-14_43_7	1880-08-14	day	1880	43	Scientific American 1880-08-14: Vol 43 Iss 7	English
sim_scientific-american_1880-08-21_43_8	1880-08-21	day	1880	43	Scientific American 1880-08-21: Vol 43 Iss 8	English
sim_scientific-american_1880-08-28_43_9	1880-08-28	day	1880	43	Scientific American 1880-08-28: Vol 43 Iss 9	English
sim_scientific-american_1880-09-04_43_10	1880-09-04	day	1880	43	Scientific American 1880-09-04: Vol 43 Iss 10	English
sim_scientific-american_1880-09-11_43_11	1880-09-11	day	1880	43	Scientific American 1880-09-11: Vol 43 Iss 11	English
sim_scientific-american_1880-09-18_43_12	1880-09-18	day	1880	43	Scientific American 1880-09-18: Vol 43 Iss 12	English
sim_scientific-american_1880-09-25_43_13	1880-09-25	day	1880	43	Scientific American 1880-09-25: Vol 43 Iss 13	English
sim_scientific-american_1880-10-02_43_14	1880-10-02	day	1880	43	Scientific American 1880-10-02: Vol 43 Iss 14	English
sim_scientific-american_1880-10-09_43_15	1880-10-09	day	1880	43	Scientific American 1880-10-09: Vol 43 Iss 15	English
sim_scientific-american_1880-10-16_43_16	1880-10-16	day	1880	43	Scientific American 1880-10-16: Vol 43 Iss 16	English
sim_scientific-american_1880-10-23_43_17	1880-10-23	day	1880	43	Scientific American 1880-10-23: Vol 43 Iss 17	English
sim_scientific-american_1880-10-30_43_18	1880-10-30	day	1880	43	Scientific American 1880-10-30: Vol 43 Iss 18	English
sim_scientific-american_1880-11-06_43_19	1880-11-06	day	1880	43	Scientific American 1880-11-06: Vol 43 Iss 19	English
sim_scientific-american_1880-11-13_43_20	1880-11-13	day	1880	43	Scientific American 1880-11-13: Vol 43 Iss 20	English
sim_scientific-american_1880-11-20_43_21	1880-11-20	day	1880	43	Scientific American 1880-11-20: Vol 43 Iss 21	English
sim_scientific-american_1880-11-27_43_22	1880-11-27	day	1880	43	Scientific American 1880-11-27: Vol 43 Iss 22	English
sim_scientific-american_1880-12-04_43_23	1880-12-04	day	1880	43	Scientific American 1880-12-04: Vol 43 Iss 23	English
sim_scientific-american_1880-12-11_43_24	1880-12-11	day	1880	43	Scientific American 1880-12-11: Vol 43 Iss 24	English
sim_scientific-american_1880-12-18_43_25	1880-12-18	day	1880	43	Scientific American 1880-12-18: Vol 43 Iss 25	English
sim_scientific-american_1880-12-25_43_26	1880-12-25	day	1880	43	Scientific American 1880-12-25: Vol 43 Iss 26	English
sim_scientific-american_1880_42_index	1880-01-01	year	1880	42	Scientific American 1880: Vol 42 Index	English
sim_scientific-american_1880_43_index	1880-01-01	year	1880	43	Scientific American 1880: Vol 43 Index	English
sim_scientific-american_1881-01-01_44_1	1881-01-01	day	1881	44	Scientific American 1881-01-01: Vol 44 Iss 1	English
sim_scientific-american_1881-01-08_44_2	1881-01-08	day	1881	44	Scientific American 1881-01-08: Vol 44 Iss 2	English
sim_scientific-american_1881-01-15_44_3	1881-01-15	day	1881	44	Scientific American 1881-01-15: Vol 44 Iss 3	English
sim_scientific-american_1881-01-22_44_4	1881-01-22	day	1881	44	Scientific American 1881-01-22: Vol 44 Iss 4	English
sim_scientific-american_1881-01-29_44_5	1881-01-29	day	1881	44	Scientific American 1881-01-29: Vol 44 Iss 5	English
sim_scientific-american_1881-02-05_44_6	1881-02-05	day	1881	44	Scientific American 1881-02-05: Vol 44 Iss 6	English
sim_scientific-american_1881-02-12_44_7	1881-02-12	day	1881	44	Scientific American 1881-02-12: Vol 44 Iss 7	English
sim_scientific-american_1881-02-19_44_8	1881-02-19	day	1881	44	Scientific American 1881-02-19: Vol 44 Iss 8	English
sim_scientific-american_1881-02-26_44_9	1881-02-26	day	1881	44	Scientific American 1881-02-26: Vol 44 Iss 9	English
sim_scientific-american_1881-03-05_44_10	1881-03-05	day	1881	44	Scientific American 1881-03-05: Vol 44 Iss 10	English
sim_scientific-american_1881-03-12_44_11	1881-03-12	day	1881	44	Scientific American 1881-03-12: Vol 44 Iss 11	English
sim_scientific-american_1881-03-19_44_12	1881-03-19	day	1881	44	Scientific American 1881-03-19: Vol 44 Iss 12	English
sim_scientific-american_1881-03-26_44_13	1881-03-26	day	1881	44	Scientific American 1881-03-26: Vol 44 Iss 13	English
sim_scientific-american_1881-04-02_44_14	1881-04-02	day	1881	44	Scientific American 1881-04-02: Vol 44 Iss 14	English
sim_scientific-american_1881-04-09_44_15	1881-04-09	day	1881	44	Scientific American 1881-04-09: Vol 44 Iss 15	English
sim_scientific-american_1881-04-16_44_16	1881-04-16	day	1881	44	Scientific American 1881-04-16: Vol 44 Iss 16	English
sim_scientific-american_1881-04-23_44_17	1881-04-23	day	1881	44	Scientific American 1881-04-23: Vol 44 Iss 17	English
sim_scientific-american_1881-04-30_44_18	1881-04-30	day	1881	44	Scientific American 1881-04-30: Vol 44 Iss 18	English
sim_scientific-american_1881-05-07_44_19	1881-05-07	day	1881	44	Scientific American 1881-05-07: Vol 44 Iss 19	English
sim_scientific-american_1881-05-14_44_20	1881-05-14	day	1881	44	Scientific American 1881-05-14: Vol 44 Iss 20	English
sim_scientific-american_1881-05-21_44_21	1881-05-21	day	1881	44	Scientific American 1881-05-21: Vol 44 Iss 21	English
sim_scientific-american_1881-05-28_44_22	1881-05-28	day	1881	44	Scientific American 1881-05-28: Vol 44 Iss 22	English
sim_scientific-american_1881-06-04_44_23	1881-06-04	day	1881	44	Scientific American 1881-06-04: Vol 44 Iss 23	English
sim_scientific-american_1881-06-11_44_24	1881-06-11	day	1881	44	Scientific American 1881-06-11: Vol 44 Iss 24	English
sim_scientific-american_1881-06-18_44_25	1881-06-18	day	1881	44	Scientific American 1881-06-18: Vol 44 Iss 25	English
sim_scientific-american_1881-06-25_44_26	1881-06-25	day	1881	44	Scientific American 1881-06-25: Vol 44 Iss 26	English
sim_scientific-american_1881-07-02_45_1	1881-07-02	day	1881	45	Scientific American 1881-07-02: Vol 45 Iss 1	English
sim_scientific-american_1881-07-09_45_2	1881-07-09	day	1881	45	Scientific American 1881-07-09: Vol 45 Iss 2	English
sim_scientific-american_1881-07-16_45_3	1881-07-16	day	1881	45	Scientific American 1881-07-16: Vol 45 Iss 3	English
sim_scientific-american_1881-07-23_45_4	1881-07-23	day	1881	45	Scientific American 1881-07-23: Vol 45 Iss 4	English
sim_scientific-american_1881-07-30_45_5	1881-07-30	day	1881	45	Scientific American 1881-07-30: Vol 45 Iss 5	English
sim_scientific-american_1881-08-06_45_6	1881-08-06	day	1881	45	Scientific American 1881-08-06: Vol 45 Iss 6	English
sim_scientific-american_1881-08-13_45_7	1881-08-13	day	1881	45	Scientific American 1881-08-13: Vol 45 Iss 7	English
sim_scientific-american_1881-08-20_45_8	1881-08-20	day	1881	45	Scientific American 1881-08-20: Vol 45 Iss 8	English
sim_scientific-american_1881-08-27_45_9	1881-08-27	day	1881	45	Scientific American 1881-08-27: Vol 45 Iss 9	English
sim_scientific-american_1881-09-03_45_10	1881-09-03	day	1881	45	Scientific American 1881-09-03: Vol 45 Iss 10	English
sim_scientific-american_1881-09-10_45_11	1881-09-10	day	1881	45	Scientific American 1881-09-10: Vol 45 Iss 11	English
sim_scientific-american_1881-09-17_45_12	1881-09-17	day	1881	45	Scientific American 1881-09-17: Vol 45 Iss 12	English
sim_scientific-american_1881-09-24_45_13	1881-09-24	day	1881	45	Scientific American 1881-09-24: Vol 45 Iss 13	English
sim_scientific-american_1881-10-01_45_14	1881-10-01	day	1881	45	Scientific American 1881-10-01: Vol 45 Iss 14	English
sim_scientific-american_1881-10-08_45_15	1881-10-08	day	1881	45	Scientific American 1881-10-08: Vol 45 Iss 15	English
sim_scientific-american_1881-10-15_45_16	1881-10-15	day	1881	45	Scientific American 1881-10-15: Vol 45 Iss 16	English
sim_scientific-american_1881-10-22_45_17	1881-10-22	day	1881	45	Scientific American 1881-10-22: Vol 45 Iss 17	English
sim_scientific-american_1881-10-29_45_18	1881-10-29	day	1881	45	Scientific American 1881-10-29: Vol 45 Iss 18	English
sim_scientific-american_1881-11-05_45_19	1881-11-05	day	1881	45	Scientific American 1881-11-05: Vol 45 Iss 19	English
sim_scientific-american_1881-11-12_45_20	1881-11-12	day	1881	45	Scientific American 1881-11-12: Vol 45 Iss 20	English
sim_scientific-american_1881-11-19_45_21	1881-11-19	day	1881	45	Scientific American 1881-11-19: Vol 45 Iss 21	English
sim_scientific-american_1881-11-26_45_22	1881-11-26	day	1881	45	Scientific American 1881-11-26: Vol 45 Iss 22	English
sim_scientific-american_1881-12-03_45_23	1881-12-03	day	1881	45	Scientific American 1881-12-03: Vol 45 Iss 23	English
sim_scientific-american_1881-12-10_45_24	1881-12-10	day	1881	45	Scientific American 1881-12-10: Vol 45 Iss 24	English
sim_scientific-american_1881-12-17_45_25	1881-12-17	day	1881	45	Scientific American 1881-12-17: Vol 45 Iss 25	English
sim_scientific-american_1881-12-24_45_26	1881-12-24	day	1881	45	Scientific American 1881-12-24: Vol 45 Iss 26	English
sim_scientific-american_1881-12-31_45_27	1881-12-31	day	1881	45	Scientific American 1881-12-31: Vol 45 Iss 27	English
sim_scientific-american_1881_44_index	1881-01-01	year	1881	44	Scientific American 1881: Vol 44 Index	English
sim_scientific-american_1881_45_index	1881-01-01	year	1881	45	Scientific American 1881: Vol 45 Index	English
sim_scientific-american_1882-01-07_46_1	1882-01-07	day	1882	46	Scientific American 1882-01-07: Vol 46 Iss 1	English
sim_scientific-american_1882-01-14_46_2	1882-01-14	day	1882	46	Scientific American 1882-01-14: Vol 46 Iss 2	English
sim_scientific-american_1882-01-21_46_3	1882-01-21	day	1882	46	Scientific American 1882-01-21: Vol 46 Iss 3	English
sim_scientific-american_1882-01-28_46_4	1882-01-28	day	1882	46	Scientific American 1882-01-28: Vol 46 Iss 4	English
sim_scientific-american_1882-02-04_46_5	1882-02-04	day	1882	46	Scientific American 1882-02-04: Vol 46 Iss 5	English
sim_scientific-american_1882-02-11_46_6	1882-02-11	day	1882	46	Scientific American 1882-02-11: Vol 46 Iss 6	English
sim_scientific-american_1882-02-18_46_7	1882-02-18	day	1882	46	Scientific American 1882-02-18: Vol 46 Iss 7	English
sim_scientific-american_1882-02-25_46_8	1882-02-25	day	1882	46	Scientific American 1882-02-25: Vol 46 Iss 8	English
sim_scientific-american_1882-03-04_46_9	1882-03-04	day	1882	46	Scientific American 1882-03-04: Vol 46 Iss 9	English
sim_scientific-american_1882-03-11_46_10	1882-03-11	day	1882	46	Scientific American 1882-03-11: Vol 46 Iss 10	English
sim_scientific-american_1882-03-18_46_11	1882-03-18	day	1882	46	Scientific American 1882-03-18: Vol 46 Iss 11	English
sim_scientific-american_1882-03-25_46_12	1882-03-25	day	1882	46	Scientific American 1882-03-25: Vol 46 Iss 12	English
sim_scientific-american_1882-04-01_46_13	1882-04-01	day	1882	46	Scientific American 1882-04-01: Vol 46 Iss 13	English
sim_scientific-american_1882-04-08_46_14	1882-04-08	day	1882	46	Scientific American 1882-04-08: Vol 46 Iss 14	English
sim_scientific-american_1882-04-15_46_15	1882-04-15	day	1882	46	Scientific American 1882-04-15: Vol 46 Iss 15	English
sim_scientific-american_1882-04-22_46_16	1882-04-22	day	1882	46	Scientific American 1882-04-22: Vol 46 Iss 16	English
sim_scientific-american_1882-04-29_46_17	1882-04-29	day	1882	46	Scientific American 1882-04-29: Vol 46 Iss 17	English
sim_scientific-american_1882-05-06_46_18	1882-05-06	day	1882	46	Scientific American 1882-05-06: Vol 46 Iss 18	English
sim_scientific-american_1882-05-13_46_19	1882-05-13	day	1882	46	Scientific American 1882-05-13: Vol 46 Iss 19	English
sim_scientific-american_1882-05-20_46_20	1882-05-20	day	1882	46	Scientific American 1882-05-20: Vol 46 Iss 20	English
sim_scientific-american_1882-05-27_46_21	1882-05-27	day	1882	46	Scientific American 1882-05-27: Vol 46 Iss 21	English
sim_scientific-american_1882-06-03_46_22	1882-06-03	day	1882	46	Scientific American 1882-06-03: Vol 46 Iss 22	English
sim_scientific-american_1882-06-10_46_23	1882-06-10	day	1882	46	Scientific American 1882-06-10: Vol 46 Iss 23	English
sim_scientific-american_1882-06-17_46_24	1882-06-17	day	1882	46	Scientific American 1882-06-17: Vol 46 Iss 24	English
sim_scientific-american_1882-06-24_46_25	1882-06-24	day	1882	46	Scientific American 1882-06-24: Vol 46 Iss 25	English
sim_scientific-american_1882-07-01_47_1	1882-07-01	day	1882	47	Scientific American 1882-07-01: Vol 47 Iss 1	English
sim_scientific-american_1882-07-08_47_2	1882-07-08	day	1882	47	Scientific American 1882-07-08: Vol 47 Iss 2	English
sim_scientific-american_1882-07-15_47_3	1882-07-15	day	1882	47	Scientific American 1882-07-15: Vol 47 Iss 3	English
sim_scientific-american_1882-07-22_47_4	1882-07-22	day	1882	47	Scientific American 1882-07-22: Vol 47 Iss 4	English
sim_scientific-american_1882-07-29_47_5	1882-07-29	day	1882	47	Scientific American 1882-07-29: Vol 47 Iss 5	English
sim_scientific-american_1882-08-05_47_6	1882-08-05	day	1882	47	Scientific American 1882-08-05: Vol 47 Iss 6	English
sim_scientific-american_1882-08-12_47_7	1882-08-12	day	1882	47	Scientific American 1882-08-12: Vol 47 Iss 7	English
sim_scientific-american_1882-08-19_47_8	1882-08-19	day	1882	47	Scientific American 1882-08-19: Vol 47 Iss 8	English
sim_scientific-american_1882-08-26_47_9	1882-08-26	day	1882	47	Scientific American 1882-08-26: Vol 47 Iss 9	English
sim_scientific-american_1882-09-02_47_10	1882-09-02	day	1882	47	Scientific American 1882-09-02: Vol 47 Iss 10	English
sim_scientific-american_1882-09-09_47_11	1882-09-09	day	1882	47	Scientific American 1882-09-09: Vol 47 Iss 11	English
sim_scientific-american_1882-09-16_47_12	1882-09-16	day	1882	47	Scientific American 1882-09-16: Vol 47 Iss 12	English
sim_scientific-american_1882-09-23_47_13	1882-09-23	day	1882	47	Scientific American 1882-09-23: Vol 47 Iss 13	English
sim_scientific-american_1882-09-30_47_14	1882-09-30	day	1882	47	Scientific American 1882-09-30: Vol 47 Iss 14	English
sim_scientific-american_1882-10-07_47_15	1882-10-07	day	1882	47	Scientific American 1882-10-07: Vol 47 Iss 15	English
sim_scientific-american_1882-10-14_47_16	1882-10-14	day	1882	47	Scientific American 1882-10-14: Vol 47 Iss 16	English
sim_scientific-american_1882-10-21_47_17	1882-10-21	day	1882	47	Scientific American 1882-10-21: Vol 47 Iss 17	English
sim_scientific-american_1882-10-28_47_18	1882-10-28	day	1882	47	Scientific American 1882-10-28: Vol 47 Iss 18	English
sim_scientific-american_1882-11-04_47_19	1882-11-04	day	1882	47	Scientific American 1882-11-04: Vol 47 Iss 19	English
sim_scientific-american_1882-11-11_47_20	1882-11-11	day	1882	47	Scientific American 1882-11-11: Vol 47 Iss 20	English
sim_scientific-american_1882-11-18_47_21	1882-11-18	day	1882	47	Scientific American 1882-11-18: Vol 47 Iss 21	English
sim_scientific-american_1882-11-25_47_22	1882-11-25	day	1882	47	Scientific American 1882-11-25: Vol 47 Iss 22	English
sim_scientific-american_1882-12-02_47_23	1882-12-02	day	1882	47	Scientific American 1882-12-02: Vol 47 Iss 23	English
sim_scientific-american_1882-12-09_47_24	1882-12-09	day	1882	47	Scientific American 1882-12-09: Vol 47 Iss 24	English
sim_scientific-american_1882-12-16_47_25	1882-12-16	day	1882	47	Scientific American 1882-12-16: Vol 47 Iss 25	English
sim_scientific-american_1882-12-23_47_26	1882-12-23	day	1882	47	Scientific American 1882-12-23: Vol 47 Iss 26	English
sim_scientific-american_1882-12-30_47_27	1882-12-30	day	1882	47	Scientific American 1882-12-30: Vol 47 Iss 27	English
sim_scientific-american_1882_46_index	1882-01-01	year	1882	46	Scientific American 1882: Vol 46 Index	English
sim_scientific-american_1882_47_index	1882-01-01	year	1882	47	Scientific American 1882: Vol 47 Index	English
sim_scientific-american_1883-01-06_48_1	1883-01-06	day	1883	48	Scientific American 1883-01-06: Vol 48 Iss 1	English
sim_scientific-american_1883-01-13_48_2	1883-01-13	day	1883	48	Scientific American 1883-01-13: Vol 48 Iss 2	English
sim_scientific-american_1883-01-20_48_3	1883-01-20	day	1883	48	Scientific American 1883-01-20: Vol 48 Iss 3	English
sim_scientific-american_1883-01-27_48_4	1883-01-27	day	1883	48	Scientific American 1883-01-27: Vol 48 Iss 4	English
sim_scientific-american_1883-02-03_48_5	1883-02-03	day	1883	48	Scientific American 1883-02-03: Vol 48 Iss 5	English
sim_scientific-american_1883-02-10_48_6	1883-02-10	day	1883	48	Scientific American 1883-02-10: Vol 48 Iss 6	English
sim_scientific-american_1883-02-17_48_7	1883-02-17	day	1883	48	Scientific American 1883-02-17: Vol 48 Iss 7	English
sim_scientific-american_1883-02-24_48_8	1883-02-24	day	1883	48	Scientific American 1883-02-24: Vol 48 Iss 8	English
sim_scientific-american_1883-03-03_48_9	1883-03-03	day	1883	48	Scientific American 1883-03-03: Vol 48 Iss 9	English
sim_scientific-american_1883-03-10_48_10	1883-03-10	day	1883	48	Scientific American 1883-03-10: Vol 48 Iss 10	English
sim_scientific-american_1883-03-17_48_11	1883-03-17	day	1883	48	Scientific American 1883-03-17: Vol 48 Iss 11	English
sim_scientific-american_1883-03-24_48_12	1883-03-24	day	1883	48	Scientific American 1883-03-24: Vol 48 Iss 12	English
sim_scientific-american_1883-03-31_48_13	1883-03-31	day	1883	48	Scientific American 1883-03-31: Vol 48 Iss 13	English
sim_scientific-american_1883-04-07_48_14	1883-04-07	day	1883	48	Scientific American 1883-04-07: Vol 48 Iss 14	English
sim_scientific-american_1883-04-14_48_15	1883-04-14	day	1883	48	Scientific American 1883-04-14: Vol 48 Iss 15	English
sim_scientific-american_1883-04-21_48_16	1883-04-21	day	1883	48	Scientific American 1883-04-21: Vol 48 Iss 16	English
sim_scientific-american_1883-04-28_48_17	1883-04-28	day	1883	48	Scientific American 1883-04-28: Vol 48 Iss 17	English
sim_scientific-american_1883-05-05_48_18	1883-05-05	day	1883	48	Scientific American 1883-05-05: Vol 48 Iss 18	English
sim_scientific-american_1883-05-12_48_19	1883-05-12	day	1883	48	Scientific American 1883-05-12: Vol 48 Iss 19	English
sim_scientific-american_1883-05-19_48_20	1883-05-19	day	1883	48	Scientific American 1883-05-19: Vol 48 Iss 20	English
sim_scientific-american_1883-05-26_48_21	1883-05-26	day	1883	48	Scientific American 1883-05-26: Vol 48 Iss 21	English
sim_scientific-american_1883-06-02_48_22	1883-06-02	day	1883	48	Scientific American 1883-06-02: Vol 48 Iss 22	English
sim_scientific-american_1883-06-09_48_23	1883-06-09	day	1883	48	Scientific American 1883-06-09: Vol 48 Iss 23	English
sim_scientific-american_1883-06-16_48_24	1883-06-16	day	1883	48	Scientific American 1883-06-16: Vol 48 Iss 24	English
sim_scientific-american_1883-06-23_48_25	1883-06-23	day	1883	48	Scientific American 1883-06-23: Vol 48 Iss 25	English
sim_scientific-american_1883-06-30_48_26	1883-06-30	day	1883	48	Scientific American 1883-06-30: Vol 48 Iss 26	English
sim_scientific-american_1883-07-07_49_1	1883-07-07	day	1883	49	Scientific American 1883-07-07: Vol 49 Iss 1	English
sim_scientific-american_1883-07-14_49_2	1883-07-14	day	1883	49	Scientific American 1883-07-14: Vol 49 Iss 2	English
sim_scientific-american_1883-07-21_49_3	1883-07-21	day	1883	49	Scientific American 1883-07-21: Vol 49 Iss 3	English
sim_scientific-american_1883-07-28_49_4	1883-07-28	day	1883	49	Scientific American 1883-07-28: Vol 49 Iss 4	English
sim_scientific-american_1883-08-04_49_5	1883-08-04	day	1883	49	Scientific American 1883-08-04: Vol 49 Iss 5	English
sim_scientific-american_1883-08-11_49_6	1883-08-11	day	1883	49	Scientific American 1883-08-11: Vol 49 Iss 6	English
sim_scientific-american_1883-08-18_49_7	1883-08-18	day	1883	49	Scientific American 1883-08-18: Vol 49 Iss 7	English
sim_scientific-american_1883-08-25_49_8	1883-08-25	day	1883	49	Scientific American 1883-08-25: Vol 49 Iss 8	English
sim_scientific-american_1883-09-01_49_9	1883-09-01	day	1883	49	Scientific American 1883-09-01: Vol 49 Iss 9	English
sim_scientific-american_1883-09-08_49_10	1883-09-08	day	1883	49	Scientific American 1883-09-08: Vol 49 Iss 10	English
sim_scientific-american_1883-09-15_49_11	1883-09-15	day	1883	49	Scientific American 1883-09-15: Vol 49 Iss 11	English
sim_scientific-american_1883-09-22_49_12	1883-09-22	day	1883	49	Scientific American 1883-09-22: Vol 49 Iss 12	English
sim_scientific-american_1883-09-29_49_13	1883-09-29	day	1883	49	Scientific American 1883-09-29: Vol 49 Iss 13	English
sim_scientific-american_1883-10-06_49_14	1883-10-06	day	1883	49	Scientific American 1883-10-06: Vol 49 Iss 14	English
sim_scientific-american_1883-10-13_49_15	1883-10-13	day	1883	49	Scientific American 1883-10-13: Vol 49 Iss 15	English
sim_scientific-american_1883-10-20_49_16	1883-10-20	day	1883	49	Scientific American 1883-10-20: Vol 49 Iss 16	English
sim_scientific-american_1883-10-27_49_17	1883-10-27	day	1883	49	Scientific American 1883-10-27: Vol 49 Iss 17	English
sim_scientific-american_1883-11-03_49_18	1883-11-03	day	1883	49	Scientific American 1883-11-03: Vol 49 Iss 18	English
sim_scientific-american_1883-11-10_49_19	1883-11-10	day	1883	49	Scientific American 1883-11-10: Vol 49 Iss 19	English
sim_scientific-american_1883-11-17_49_20	1883-11-17	day	1883	49	Scientific American 1883-11-17: Vol 49 Iss 20	English
sim_scientific-american_1883-11-24_49_21	1883-11-24	day	1883	49	Scientific American 1883-11-24: Vol 49 Iss 21	English
sim_scientific-american_1883-12-01_49_22	1883-12-01	day	1883	49	Scientific American 1883-12-01: Vol 49 Iss 22	English
sim_scientific-american_1883-12-08_49_23	1883-12-08	day	1883	49	Scientific American 1883-12-08: Vol 49 Iss 23	English
sim_scientific-american_1883-12-15_49_24	1883-12-15	day	1883	49	Scientific American 1883-12-15: Vol 49 Iss 24	English
sim_scientific-american_1883-12-22_49_25	1883-12-22	day	1883	49	Scientific American 1883-12-22: Vol 49 Iss 25	English
sim_scientific-american_1883-12-29_49_26	1883-12-29	day	1883	49	Scientific American 1883-12-29: Vol 49 Iss 26	English
sim_scientific-american_1883_48_index	1883-01-01	year	1883	48	Scientific American 1883: Vol 48 Index	English
sim_scientific-american_1883_49_index	1883-01-01	year	1883	49	Scientific American 1883: Vol 49 Index	English
sim_scientific-american_1884-01-05_50_1	1884-01-05	day	1884	50	Scientific American 1884-01-05: Vol 50 Iss 1	English
sim_scientific-american_1884-01-12_50_2	1884-01-12	day	1884	50	Scientific American 1884-01-12: Vol 50 Iss 2	English
sim_scientific-american_1884-01-19_50_3	1884-01-19	day	1884	50	Scientific American 1884-01-19: Vol 50 Iss 3	English
sim_scientific-american_1884-01-26_50_4	1884-01-26	day	1884	50	Scientific American 1884-01-26: Vol 50 Iss 4	English
sim_scientific-american_1884-02-02_50_5	1884-02-02	day	1884	50	Scientific American 1884-02-02: Vol 50 Iss 5	English
sim_scientific-american_1884-02-09_50_6	1884-02-09	day	1884	50	Scientific American 1884-02-09: Vol 50 Iss 6	English
sim_scientific-american_1884-02-16_50_7	1884-02-16	day	1884	50	Scientific American 1884-02-16: Vol 50 Iss 7	English
sim_scientific-american_1884-02-23_50_8	1884-02-23	day	1884	50	Scientific American 1884-02-23: Vol 50 Iss 8	English
sim_scientific-american_1884-03-01_50_9	1884-03-01	day	1884	50	Scientific American 1884-03-01: Vol 50 Iss 9	English
sim_scientific-american_1884-03-08_50_10	1884-03-08	day	1884	50	Scientific American 1884-03-08: Vol 50 Iss 10	English
sim_scientific-american_1884-03-15_50_11	1884-03-15	day	1884	50	Scientific American 1884-03-15: Vol 50 Iss 11	English
sim_scientific-american_1884-03-22_50_12	1884-03-22	day	1884	50	Scientific American 1884-03-22: Vol 50 Iss 12	English
sim_scientific-american_1884-03-29_50_13	1884-03-29	day	1884	50	Scientific American 1884-03-29: Vol 50 Iss 13	English
sim_scientific-american_1884-04-05_50_14	1884-04-05	day	1884	50	Scientific American 1884-04-05: Vol 50 Iss 14	English
sim_scientific-american_1884-04-12_50_15	1884-04-12	day	1884	50	Scientific American 1884-04-12: Vol 50 Iss 15	English
sim_scientific-american_1884-04-19_50_16	1884-04-19	day	1884	50	Scientific American 1884-04-19: Vol 50 Iss 16	English
sim_scientific-american_1884-04-26_50_17	1884-04-26	day	1884	50	Scientific American 1884-04-26: Vol 50 Iss 17	English
sim_scientific-american_1884-05-03_50_18	1884-05-03	day	1884	50	Scientific American 1884-05-03: Vol 50 Iss 18	English
sim_scientific-american_1884-05-10_50_19	1884-05-10	day	1884	50	Scientific American 1884-05-10: Vol 50 Iss 19	English
sim_scientific-american_1884-05-17_50_20	1884-05-17	day	1884	50	Scientific American 1884-05-17: Vol 50 Iss 20	English
sim_scientific-american_1884-05-24_50_21	1884-05-24	day	1884	50	Scientific American 1884-05-24: Vol 50 Iss 21	English
sim_scientific-american_1884-05-31_50_22	1884-05-31	day	1884	50	Scientific American 1884-05-31: Vol 50 Iss 22	English
sim_scientific-american_1884-06-07_50_23	1884-06-07	day	1884	50	Scientific American 1884-06-07: Vol 50 Iss 23	English
sim_scientific-american_1884-06-14_50_24	1884-06-14	day	1884	50	Scientific American 1884-06-14: Vol 50 Iss 24	English
sim_scientific-american_1884-06-21_50_25	1884-06-21	day	1884	50	Scientific American 1884-06-21: Vol 50 Iss 25	English
sim_scientific-american_1884-06-28_50_26	1884-06-28	day	1884	50	Scientific American 1884-06-28: Vol 50 Iss 26	English
sim_scientific-american_1884-07-05_51_1	1884-07-05	day	1884	51	Scientific American 1884-07-05: Vol 51 Iss 1	English
sim_scientific-american_1884-07-12_51_2	1884-07-12	day	1884	51	Scientific American 1884-07-12: Vol 51 Iss 2	English
sim_scientific-american_1884-07-19_51_3	1884-07-19	day	1884	51	Scientific American 1884-07-19: Vol 51 Iss 3	English
sim_scientific-american_1884-07-26_51_4	1884-07-26	day	1884	51	Scientific American 1884-07-26: Vol 51 Iss 4	English
sim_scientific-american_1884-08-02_51_5	1884-08-02	day	1884	51	Scientific American 1884-08-02: Vol 51 Iss 5	English
sim_scientific-american_1884-08-09_51_6	1884-08-09	day	1884	51	Scientific American 1884-08-09: Vol 51 Iss 6	English
sim_scientific-american_1884-08-16_51_7	1884-08-16	day	1884	51	Scientific American 1884-08-16: Vol 51 Iss 7	English
sim_scientific-american_1884-08-23_51_8	1884-08-23	day	1884	51	Scientific American 1884-08-23: Vol 51 Iss 8	English
sim_scientific-american_1884-08-30_51_9	1884-08-30	day	1884	51	Scientific American 1884-08-30: Vol 51 Iss 9	English
sim_scientific-american_1884-09-06_51_10	1884-09-06	day	1884	51	Scientific American 1884-09-06: Vol 51 Iss 10	English
sim_scientific-american_1884-09-13_51_11	1884-09-13	day	1884	51	Scientific American 1884-09-13: Vol 51 Iss 11	English
sim_scientific-american_1884-09-20_51_12	1884-09-20	day	1884	51	Scientific American 1884-09-20: Vol 51 Iss 12	English
sim_scientific-american_1884-09-27_51_13	1884-09-27	day	1884	51	Scientific American 1884-09-27: Vol 51 Iss 13	English
sim_scientific-american_1884-10-04_51_14	1884-10-04	day	1884	51	Scientific American 1884-10-04: Vol 51 Iss 14	English
sim_scientific-american_1884-10-11_51_15	1884-10-11	day	1884	51	Scientific American 1884-10-11: Vol 51 Iss 15	English
sim_scientific-american_1884-10-18_51_16	1884-10-18	day	1884	51	Scientific American 1884-10-18: Vol 51 Iss 16	English
sim_scientific-american_1884-10-25_51_17	1884-10-25	day	1884	51	Scientific American 1884-10-25: Vol 51 Iss 17	English
sim_scientific-american_1884-11-01_51_18	1884-11-01	day	1884	51	Scientific American 1884-11-01: Vol 51 Iss 18	English
sim_scientific-american_1884-11-08_51_19	1884-11-08	day	1884	51	Scientific American 1884-11-08: Vol 51 Iss 19	English
sim_scientific-american_1884-11-15_51_20	1884-11-15	day	1884	51	Scientific American 1884-11-15: Vol 51 Iss 20	English
sim_scientific-american_1884-11-22_51_21	1884-11-22	day	1884	51	Scientific American 1884-11-22: Vol 51 Iss 21	English
sim_scientific-american_1884-11-29_51_22	1884-11-29	day	1884	51	Scientific American 1884-11-29: Vol 51 Iss 22	English
sim_scientific-american_1884-12-06_51_23	1884-12-06	day	1884	51	Scientific American 1884-12-06: Vol 51 Iss 23	English
sim_scientific-american_1884-12-13_51_24	1884-12-13	day	1884	51	Scientific American 1884-12-13: Vol 51 Iss 24	English
sim_scientific-american_1884-12-20_51_25	1884-12-20	day	1884	51	Scientific American 1884-12-20: Vol 51 Iss 25	English
sim_scientific-american_1884_50_index	1884-01-01	year	1884	50	Scientific American 1884: Vol 50 Index	English
sim_scientific-american_1884_51_index	1884-01-01	year	1884	51	Scientific American 1884: Vol 51 Index	English
sim_scientific-american_1885-01-03_52_1	1885-01-03	day	1885	52	Scientific American 1885-01-03: Vol 52 Iss 1	English
sim_scientific-american_1885-01-10_52_2	1885-01-10	day	1885	52	Scientific American 1885-01-10: Vol 52 Iss 2	English
sim_scientific-american_1885-01-17_52_3	1885-01-17	day	1885	52	Scientific American 1885-01-17: Vol 52 Iss 3	English
sim_scientific-american_1885-01-24_52_4	1885-01-24	day	1885	52	Scientific American 1885-01-24: Vol 52 Iss 4	English
sim_scientific-american_1885-01-31_52_5	1885-01-31	day	1885	52	Scientific American 1885-01-31: Vol 52 Iss 5	English
sim_scientific-american_1885-02-07_52_6	1885-02-07	day	1885	52	Scientific American 1885-02-07: Vol 52 Iss 6	English
sim_scientific-american_1885-02-14_52_7	1885-02-14	day	1885	52	Scientific American 1885-02-14: Vol 52 Iss 7	English
sim_scientific-american_1885-02-21_52_8	1885-02-21	day	1885	52	Scientific American 1885-02-21: Vol 52 Iss 8	English
sim_scientific-american_1885-02-28_52_9	1885-02-28	day	1885	52	Scientific American 1885-02-28: Vol 52 Iss 9	English
sim_scientific-american_1885-03-07_52_10	1885-03-07	day	1885	52	Scientific American 1885-03-07: Vol 52 Iss 10	English
sim_scientific-american_1885-03-14_52_11	1885-03-14	day	1885	52	Scientific American 1885-03-14: Vol 52 Iss 11	English
sim_scientific-american_1885-03-21_52_12	1885-03-21	day	1885	52	Scientific American 1885-03-21: Vol 52 Iss 12	English
sim_scientific-american_1885-03-28_52_13	1885-03-28	day	1885	52	Scientific American 1885-03-28: Vol 52 Iss 13	English
sim_scientific-american_1885-04-04_52_14	1885-04-04	day	1885	52	Scientific American 1885-04-04: Vol 52 Iss 14	English
sim_scientific-american_1885-04-11_52_15	1885-04-11	day	1885	52	Scientific American 1885-04-11: Vol 52 Iss 15	English
sim_scientific-american_1885-04-18_52_16	1885-04-18	day	1885	52	Scientific American 1885-04-18: Vol 52 Iss 16	English
sim_scientific-american_1885-04-25_52_17	1885-04-25	day	1885	52	Scientific American 1885-04-25: Vol 52 Iss 17	English
sim_scientific-american_1885-05-02_52_18	1885-05-02	day	1885	52	Scientific American 1885-05-02: Vol 52 Iss 18	English
sim_scientific-american_1885-05-09_52_19	1885-05-09	day	1885	52	Scientific American 1885-05-09: Vol 52 Iss 19	English
sim_scientific-american_1885-05-16_52_20	1885-05-16	day	1885	52	Scientific American 1885-05-16: Vol 52 Iss 20	English
sim_scientific-american_1885-05-23_52_21	1885-05-23	day	1885	52	Scientific American 1885-05-23: Vol 52 Iss 21	English
sim_scientific-american_1885-05-30_52_22	1885-05-30	day	1885	52	Scientific American 1885-05-30: Vol 52 Iss 22	English
sim_scientific-american_1885-06-06_52_23	1885-06-06	day	1885	52	Scientific American 1885-06-06: Vol 52 Iss 23	English
sim_scientific-american_1885-06-13_52_24	1885-06-13	day	1885	52	Scientific American 1885-06-13: Vol 52 Iss 24	English
sim_scientific-american_1885-06-20_52_25	1885-06-20	day	1885	52	Scientific American 1885-06-20: Vol 52 Iss 25	English
sim_scientific-american_1885-06-27_52_26	1885-06-27	day	1885	52	Scientific American 1885-06-27: Vol 52 Iss 26	English
sim_scientific-american_1885-07-04_53_1	1885-07-04	day	1885	53	Scientific American 1885-07-04: Vol 53 Iss 1	English
sim_scientific-american_1885-07-11_53_2	1885-07-11	day	1885	53	Scientific American 1885-07-11: Vol 53 Iss 2	English
sim_scientific-american_1885-07-18_53_3	1885-07-18	day	1885	53	Scientific American 1885-07-18: Vol 53 Iss 3	English
sim_scientific-american_1885-07-25_53_4	1885-07-25	day	1885	53	Scientific American 1885-07-25: Vol 53 Iss 4	English
sim_scientific-american_1885-08-01_53_5	1885-08-01	day	1885	53	Scientific American 1885-08-01: Vol 53 Iss 5	English
sim_scientific-american_1885-08-08_53_6	1885-08-08	day	1885	53	Scientific American 1885-08-08: Vol 53 Iss 6	English
sim_scientific-american_1885-08-15_53_7	1885-08-15	day	1885	53	Scientific American 1885-08-15: Vol 53 Iss 7	English
sim_scientific-american_1885-08-22_53_8	1885-08-22	day	1885	53	Scientific American 1885-08-22: Vol 53 Iss 8	English
sim_scientific-american_1885-08-29_53_9	1885-08-29	day	1885	53	Scientific American 1885-08-29: Vol 53 Iss 9	English
sim_scientific-american_1885-09-05_53_10	1885-09-05	day	1885	53	Scientific American 1885-09-05: Vol 53 Iss 10	English
sim_scientific-american_1885-09-12_53_11	1885-09-12	day	1885	53	Scientific American 1885-09-12: Vol 53 Iss 11	English
sim_scientific-american_1885-09-19_53_12	1885-09-19	day	1885	53	Scientific American 1885-09-19: Vol 53 Iss 12	English
sim_scientific-american_1885-09-26_53_13	1885-09-26	day	1885	53	Scientific American 1885-09-26: Vol 53 Iss 13	English
sim_scientific-american_1885-10-03_53_14	1885-10-03	day	1885	53	Scientific American 1885-10-03: Vol 53 Iss 14	English
sim_scientific-american_1885-10-10_53_15	1885-10-10	day	1885	53	Scientific American 1885-10-10: Vol 53 Iss 15	English
sim_scientific-american_1885-10-17_53_16	1885-10-17	day	1885	53	Scientific American 1885-10-17: Vol 53 Iss 16	English
sim_scientific-american_1885-10-24_53_17	1885-10-24	day	1885	53	Scientific American 1885-10-24: Vol 53 Iss 17	English
sim_scientific-american_1885-10-31_53_18	1885-10-31	day	1885	53	Scientific American 1885-10-31: Vol 53 Iss 18	English
sim_scientific-american_1885-11-07_53_19	1885-11-07	day	1885	53	Scientific American 1885-11-07: Vol 53 Iss 19	English
sim_scientific-american_1885-11-14_53_20	1885-11-14	day	1885	53	Scientific American 1885-11-14: Vol 53 Iss 20	English
sim_scientific-american_1885-11-21_53_21	1885-11-21	day	1885	53	Scientific American 1885-11-21: Vol 53 Iss 21	English
sim_scientific-american_1885-11-28_53_22	1885-11-28	day	1885	53	Scientific American 1885-11-28: Vol 53 Iss 22	English
sim_scientific-american_1885-12-05_53_23	1885-12-05	day	1885	53	Scientific American 1885-12-05: Vol 53 Iss 23	English
sim_scientific-american_1885-12-12_53_24	1885-12-12	day	1885	53	Scientific American 1885-12-12: Vol 53 Iss 24	English
sim_scientific-american_1885-12-19_53_25	1885-12-19	day	1885	53	Scientific American 1885-12-19: Vol 53 Iss 25	English
sim_scientific-american_1885-12-26_53_26	1885-12-26	day	1885	53	Scientific American 1885-12-26: Vol 53 Iss 26	English
sim_scientific-american_1885_52_index	1885-01-01	year	1885	52	Scientific American 1885: Vol 52 Index	English
sim_scientific-american_1885_53_index	1885-01-01	year	1885	53	Scientific American 1885: Vol 53 Index	English
sim_scientific-american_1886-01-02_54_1	1886-01-02	day	1886	54	Scientific American 1886-01-02: Vol 54 Iss 1	English
sim_scientific-american_1886-01-09_54_2	1886-01-09	day	1886	54	Scientific American 1886-01-09: Vol 54 Iss 2	English
sim_scientific-american_1886-01-16_54_3	1886-01-16	day	1886	54	Scientific American 1886-01-16: Vol 54 Iss 3	English
sim_scientific-american_1886-01-23_54_4	1886-01-23	day	1886	54	Scientific American 1886-01-23: Vol 54 Iss 4	English
sim_scientific-american_1886-01-30_54_5	1886-01-30	day	1886	54	Scientific American 1886-01-30: Vol 54 Iss 5	English
sim_scientific-american_1886-02-06_54_6	1886-02-06	day	1886	54	Scientific American 1886-02-06: Vol 54 Iss 6	English
sim_scientific-american_1886-02-13_54_7	1886-02-13	day	1886	54	Scientific American 1886-02-13: Vol 54 Iss 7	English
sim_scientific-american_1886-02-20_54_8	1886-02-20	day	1886	54	Scientific American 1886-02-20: Vol 54 Iss 8	English
sim_scientific-american_1886-02-27_54_9	1886-02-27	day	1886	54	Scientific American 1886-02-27: Vol 54 Iss 9	English
sim_scientific-american_1886-03-06_54_10	1886-03-06	day	1886	54	Scientific American 1886-03-06: Vol 54 Iss 10	English
sim_scientific-american_1886-03-13_54_11	1886-03-13	day	1886	54	Scientific American 1886-03-13: Vol 54 Iss 11	English
sim_scientific-american_1886-03-20_54_12	1886-03-20	day	1886	54	Scientific American 1886-03-20: Vol 54 Iss 12	English
sim_scientific-american_1886-03-27_54_13	1886-03-27	day	1886	54	Scientific American 1886-03-27: Vol 54 Iss 13	English
sim_scientific-american_1886-04-03_54_14	1886-04-03	day	1886	54	Scientific American 1886-04-03: Vol 54 Iss 14	English
sim_scientific-american_1886-04-10_54_15	1886-04-10	day	1886	54	Scientific American 1886-04-10: Vol 54 Iss 15	English
sim_scientific-american_1886-04-17_54_16	1886-04-17	day	1886	54	Scientific American 1886-04-17: Vol 54 Iss 16	English
sim_scientific-american_1886-04-24_54_17	1886-04-24	day	1886	54	Scientific American 1886-04-24: Vol 54 Iss 17	English
sim_scientific-american_1886-05-01_54_18	1886-05-01	day	1886	54	Scientific American 1886-05-01: Vol 54 Iss 18	English
sim_scientific-american_1886-05-08_54_19	1886-05-08	day	1886	54	Scientific American 1886-05-08: Vol 54 Iss 19	English
sim_scientific-american_1886-05-15_54_20	1886-05-15	day	1886	54	Scientific American 1886-05-15: Vol 54 Iss 20	English
sim_scientific-american_1886-05-22_54_21	1886-05-22	day	1886	54	Scientific American 1886-05-22: Vol 54 Iss 21	English
sim_scientific-american_1886-05-29_54_22	1886-05-29	day	1886	54	Scientific American 1886-05-29: Vol 54 Iss 22	English
sim_scientific-american_1886-06-05_54_23	1886-06-05	day	1886	54	Scientific American 1886-06-05: Vol 54 Iss 23	English
sim_scientific-american_1886-06-12_54_24	1886-06-12	day	1886	54	Scientific American 1886-06-12: Vol 54 Iss 24	English
sim_scientific-american_1886-06-19_54_25	1886-06-19	day	1886	54	Scientific American 1886-06-19: Vol 54 Iss 25	English
sim_scientific-american_1886-06-26_54_26	1886-06-26	day	1886	54	Scientific American 1886-06-26: Vol 54 Iss 26	English
sim_scientific-american_1886-07-03_55_1	1886-07-03	day	1886	55	Scientific American 1886-07-03: Vol 55 Iss 1	English
sim_scientific-american_1886-07-10_55_2	1886-07-10	day	1886	55	Scientific American 1886-07-10: Vol 55 Iss 2	English
sim_scientific-american_1886-07-17_55_3	1886-07-17	day	1886	55	Scientific American 1886-07-17: Vol 55 Iss 3	English
sim_scientific-american_1886-07-24_55_4	1886-07-24	day	1886	55	Scientific American 1886-07-24: Vol 55 Iss 4	English
sim_scientific-american_1886-07-31_55_5	1886-07-31	day	1886	55	Scientific American 1886-07-31: Vol 55 Iss 5	English
sim_scientific-american_1886-08-07_55_6	1886-08-07	day	1886	55	Scientific American 1886-08-07: Vol 55 Iss 6	English
sim_scientific-american_1886-08-14_55_7	1886-08-14	day	1886	55	Scientific American 1886-08-14: Vol 55 Iss 7	English
sim_scientific-american_1886-08-21_55_8	1886-08-21	day	1886	55	Scientific American 1886-08-21: Vol 55 Iss 8	English
sim_scientific-american_1886-08-28_55_9	1886-08-28	day	1886	55	Scientific American 1886-08-28: Vol 55 Iss 9	English
sim_scientific-american_1886-09-04_55_10	1886-09-04	day	1886	55	Scientific American 1886-09-04: Vol 55 Iss 10	English
sim_scientific-american_1886-09-11_55_11	1886-09-11	day	1886	55	Scientific American 1886-09-11: Vol 55 Iss 11	English
sim_scientific-american_1886-09-18_55_12	1886-09-18	day	1886	55	Scientific American 1886-09-18: Vol 55 Iss 12	English
sim_scientific-american_1886-09-25_55_13	1886-09-25	day	1886	55	Scientific American 1886-09-25: Vol 55 Iss 13	English
sim_scientific-american_1886-10-02_55_14	1886-10-02	day	1886	55	Scientific American 1886-10-02: Vol 55 Iss 14	English
sim_scientific-american_1886-10-09_55_15	1886-10-09	day	1886	55	Scientific American 1886-10-09: Vol 55 Iss 15	English
sim_scientific-american_1886-10-16_55_16	1886-10-16	day	1886	55	Scientific American 1886-10-16: Vol 55 Iss 16	English
sim_scientific-american_1886-10-23_55_17	1886-10-23	day	1886	55	Scientific American 1886-10-23: Vol 55 Iss 17	English
sim_scientific-american_1886-10-30_55_18	1886-10-30	day	1886	55	Scientific American 1886-10-30: Vol 55 Iss 18	English
sim_scientific-american_1886-11-06_55_19	1886-11-06	day	1886	55	Scientific American 1886-11-06: Vol 55 Iss 19	English
sim_scientific-american_1886-11-13_55_20	1886-11-13	day	1886	55	Scientific American 1886-11-13: Vol 55 Iss 20	English
sim_scientific-american_1886-11-20_55_21	1886-11-20	day	1886	55	Scientific American 1886-11-20: Vol 55 Iss 21	English
sim_scientific-american_1886-11-27_55_22	1886-11-27	day	1886	55	Scientific American 1886-11-27: Vol 55 Iss 22	English
sim_scientific-american_1886-12-04_55_23	1886-12-04	day	1886	55	Scientific American 1886-12-04: Vol 55 Iss 23	English
sim_scientific-american_1886-12-11_55_24	1886-12-11	day	1886	55	Scientific American 1886-12-11: Vol 55 Iss 24	English
sim_scientific-american_1886-12-18_55_25	1886-12-18	day	1886	55	Scientific American 1886-12-18: Vol 55 Iss 25	English
sim_scientific-american_1886-12-25_55_26	1886-12-25	day	1886	55	Scientific American 1886-12-25: Vol 55 Iss 26	English
sim_scientific-american_1886_54_index	1886-01-01	year	1886	54	Scientific American 1886: Vol 54 Index	English
sim_scientific-american_1886_55_index	1886-01-01	year	1886	55	Scientific American 1886: Vol 55 Index	English
sim_scientific-american_1887-01-01_56_1	1887-01-01	day	1887	56	Scientific American 1887-01-01: Vol 56 Iss 1	English
sim_scientific-american_1887-01-08_56_2	1887-01-08	day	1887	56	Scientific American 1887-01-08: Vol 56 Iss 2	English
sim_scientific-american_1887-01-15_56_3	1887-01-15	day	1887	56	Scientific American 1887-01-15: Vol 56 Iss 3	English
sim_scientific-american_1887-01-22_56_4	1887-01-22	day	1887	56	Scientific American 1887-01-22: Vol 56 Iss 4	English
sim_scientific-american_1887-01-29_56_5	1887-01-29	day	1887	56	Scientific American 1887-01-29: Vol 56 Iss 5	English
sim_scientific-american_1887-02-05_56_6	1887-02-05	day	1887	56	Scientific American 1887-02-05: Vol 56 Iss 6	English
sim_scientific-american_1887-02-12_56_7	1887-02-12	day	1887	56	Scientific American 1887-02-12: Vol 56 Iss 7	English
sim_scientific-american_1887-02-19_56_8	1887-02-19	day	1887	56	Scientific American 1887-02-19: Vol 56 Iss 8	English
sim_scientific-american_1887-02-26_56_9	1887-02-26	day	1887	56	Scientific American 1887-02-26: Vol 56 Iss 9	English
sim_scientific-american_1887-03-05_56_10	1887-03-05	day	1887	56	Scientific American 1887-03-05: Vol 56 Iss 10	English
sim_scientific-american_1887-03-12_56_11	1887-03-12	day	1887	56	Scientific American 1887-03-12: Vol 56 Iss 11	English
sim_scientific-american_1887-03-19_56_12	1887-03-19	day	1887	56	Scientific American 1887-03-19: Vol 56 Iss 12	English
sim_scientific-american_1887-03-26_56_13	1887-03-26	day	1887	56	Scientific American 1887-03-26: Vol 56 Iss 13	English
sim_scientific-american_1887-04-02_56_14	1887-04-02	day	1887	56	Scientific American 1887-04-02: Vol 56 Iss 14	English
sim_scientific-american_1887-04-09_56_15	1887-04-09	day	1887	56	Scientific American 1887-04-09: Vol 56 Iss 15	English
sim_scientific-american_1887-04-16_56_16	1887-04-16	day	1887	56	Scientific American 1887-04-16: Vol 56 Iss 16	English
sim_scientific-american_1887-04-23_56_17	1887-04-23	day	1887	56	Scientific American 1887-04-23: Vol 56 Iss 17	English
sim_scientific-american_1887-04-30_56_18	1887-04-30	day	1887	56	Scientific American 1887-04-30: Vol 56 Iss 18	English
sim_scientific-american_1887-05-07_56_19	1887-05-07	day	1887	56	Scientific American 1887-05-07: Vol 56 Iss 19	English
sim_scientific-american_1887-05-14_56_20	1887-05-14	day	1887	56	Scientific American 1887-05-14: Vol 56 Iss 20	English
sim_scientific-american_1887-05-21_56_21	1887-05-21	day	1887	56	Scientific American 1887-05-21: Vol 56 Iss 21	English
sim_scientific-american_1887-05-28_56_22	1887-05-28	day	1887	56	Scientific American 1887-05-28: Vol 56 Iss 22	English
sim_scientific-american_1887-06-04_56_23	1887-06-04	day	1887	56	Scientific American 1887-06-04: Vol 56 Iss 23	English
sim_scientific-american_1887-06-11_56_24	1887-06-11	day	1887	56	Scientific American 1887-06-11: Vol 56 Iss 24	English
sim_scientific-american_1887-06-18_56_25	1887-06-18	day	1887	56	Scientific American 1887-06-18: Vol 56 Iss 25	English
sim_scientific-american_1887-06-25_56_26	1887-06-25	day	1887	56	Scientific American 1887-06-25: Vol 56 Iss 26	English
sim_scientific-american_1887-07-02_57_1	1887-07-02	day	1887	57	Scientific American 1887-07-02: Vol 57 Iss 1	English
sim_scientific-american_1887-07-09_57_2	1887-07-09	day	1887	57	Scientific American 1887-07-09: Vol 57 Iss 2	English
sim_scientific-american_1887-07-16_57_3	1887-07-16	day	1887	57	Scientific American 1887-07-16: Vol 57 Iss 3	English
sim_scientific-american_1887-07-23_57_4	1887-07-23	day	1887	57	Scientific American 1887-07-23: Vol 57 Iss 4	English
sim_scientific-american_1887-07-30_57_5	1887-07-30	day	1887	57	Scientific American 1887-07-30: Vol 57 Iss 5	English
sim_scientific-american_1887-08-06_57_6	1887-08-06	day	1887	57	Scientific American 1887-08-06: Vol 57 Iss 6	English
sim_scientific-american_1887-08-13_57_7	1887-08-13	day	1887	57	Scientific American 1887-08-13: Vol 57 Iss 7	English
sim_scientific-american_1887-08-20_57_8	1887-08-20	day	1887	57	Scientific American 1887-08-20: Vol 57 Iss 8	English
sim_scientific-american_1887-08-27_57_9	1887-08-27	day	1887	57	Scientific American 1887-08-27: Vol 57 Iss 9	English
sim_scientific-american_1887-09-03_57_10	1887-09-03	day	1887	57	Scientific American 1887-09-03: Vol 57 Iss 10	English
sim_scientific-american_1887-09-10_57_11	1887-09-10	day	1887	57	Scientific American 1887-09-10: Vol 57 Iss 11	English
sim_scientific-american_1887-09-17_57_12	1887-09-17	day	1887	57	Scientific American 1887-09-17: Vol 57 Iss 12	English
sim_scientific-american_1887-09-24_57_13	1887-09-24	day	1887	57	Scientific American 1887-09-24: Vol 57 Iss 13	English
sim_scientific-american_1887-10-01_57_14	1887-10-01	day	1887	57	Scientific American 1887-10-01: Vol 57 Iss 14	English
sim_scientific-american_1887-10-08_57_15	1887-10-08	day	1887	57	Scientific American 1887-10-08: Vol 57 Iss 15	English
sim_scientific-american_1887-10-15_57_16	1887-10-15	day	1887	57	Scientific American 1887-10-15: Vol 57 Iss 16	English
sim_scientific-american_1887-10-22_57_17	1887-10-22	day	1887	57	Scientific American 1887-10-22: Vol 57 Iss 17	English
sim_scientific-american_1887-10-29_57_18	1887-10-29	day	1887	57	Scientific American 1887-10-29: Vol 57 Iss 18	English
sim_scientific-american_1887-11-05_57_19	1887-11-05	day	1887	57	Scientific American 1887-11-05: Vol 57 Iss 19	English
sim_scientific-american_1887-11-12_57_20	1887-11-12	day	1887	57	Scientific American 1887-11-12: Vol 57 Iss 20	English
sim_scientific-american_1887-11-19_57_21	1887-11-19	day	1887	57	Scientific American 1887-11-19: Vol 57 Iss 21	English
sim_scientific-american_1887-11-26_57_22	1887-11-26	day	1887	57	Scientific American 1887-11-26: Vol 57 Iss 22	English
sim_scientific-american_1887-12-03_57_23	1887-12-03	day	1887	57	Scientific American 1887-12-03: Vol 57 Iss 23	English
sim_scientific-american_1887-12-10_57_24	1887-12-10	day	1887	57	Scientific American 1887-12-10: Vol 57 Iss 24	English
sim_scientific-american_1887-12-17_57_25	1887-12-17	day	1887	57	Scientific American 1887-12-17: Vol 57 Iss 25	English
sim_scientific-american_1887-12-24_57_26	1887-12-24	day	1887	57	Scientific American 1887-12-24: Vol 57 Iss 26	English
sim_scientific-american_1887-12-31_57_27	1887-12-31	day	1887	57	Scientific American 1887-12-31: Vol 57 Iss 27	English
sim_scientific-american_1887_56_index	1887-01-01	year	1887	56	Scientific American 1887: Vol 56 Index	English
sim_scientific-american_1887_57_index	1887-01-01	year	1887	57	Scientific American 1887: Vol 57 Index	English
sim_scientific-american_1888-01-07_58_1	1888-01-07	day	1888	58	Scientific American 1888-01-07: Vol 58 Iss 1	English
sim_scientific-american_1888-01-14_58_2	1888-01-14	day	1888	58	Scientific American 1888-01-14: Vol 58 Iss 2	English
sim_scientific-american_1888-01-21_58_3	1888-01-21	day	1888	58	Scientific American 1888-01-21: Vol 58 Iss 3	English
sim_scientific-american_1888-01-28_58_4	1888-01-28	day	1888	58	Scientific American 1888-01-28: Vol 58 Iss 4	English
sim_scientific-american_1888-02-04_58_5	1888-02-04	day	1888	58	Scientific American 1888-02-04: Vol 58 Iss 5	English
sim_scientific-american_1888-02-11_58_6	1888-02-11	day	1888	58	Scientific American 1888-02-11: Vol 58 Iss 6	English
sim_scientific-american_1888-02-18_58_7	1888-02-18	day	1888	58	Scientific American 1888-02-18: Vol 58 Iss 7	English
sim_scientific-american_1888-02-25_58_8	1888-02-25	day	1888	58	Scientific American 1888-02-25: Vol 58 Iss 8	English
sim_scientific-american_1888-03-03_58_9	1888-03-03	day	1888	58	Scientific American 1888-03-03: Vol 58 Iss 9	English
sim_scientific-american_1888-03-10_58_10	1888-03-10	day	1888	58	Scientific American 1888-03-10: Vol 58 Iss 10	English
sim_scientific-american_1888-03-17_58_11	1888-03-17	day	1888	58	Scientific American 1888-03-17: Vol 58 Iss 11	English
sim_scientific-american_1888-03-24_58_12	1888-03-24	day	1888	58	Scientific American 1888-03-24: Vol 58 Iss 12	English
sim_scientific-american_1888-03-31_58_13	1888-03-31	day	1888	58	Scientific American 1888-03-31: Vol 58 Iss 13	English
sim_scientific-american_1888-04-07_58_14	1888-04-07	day	1888	58	Scientific American 1888-04-07: Vol 58 Iss 14	English
sim_scientific-american_1888-04-14_58_15	1888-04-14	day	1888	58	Scientific American 1888-04-14: Vol 58 Iss 15	English
sim_scientific-american_1888-04-21_58_16	1888-04-21	day	1888	58	Scientific American 1888-04-21: Vol 58 Iss 16	English
sim_scientific-american_1888-04-28_58_17	1888-04-28	day	1888	58	Scientific American 1888-04-28: Vol 58 Iss 17	English
sim_scientific-american_1888-05-05_58_18	1888-05-05	day	1888	58	Scientific American 1888-05-05: Vol 58 Iss 18	English
sim_scientific-american_1888-05-12_58_19	1888-05-12	day	1888	58	Scientific American 1888-05-12: Vol 58 Iss 19	English
sim_scientific-american_1888-05-19_58_20	1888-05-19	day	1888	58	Scientific American 1888-05-19: Vol 58 Iss 20	English
sim_scientific-american_1888-05-26_58_21	1888-05-26	day	1888	58	Scientific American 1888-05-26: Vol 58 Iss 21	English
sim_scientific-american_1888-06-02_58_22	1888-06-02	day	1888	58	Scientific American 1888-06-02: Vol 58 Iss 22	English
sim_scientific-american_1888-06-09_58_23	1888-06-09	day	1888	58	Scientific American 1888-06-09: Vol 58 Iss 23	English
sim_scientific-american_1888-06-16_58_24	1888-06-16	day	1888	58	Scientific American 1888-06-16: Vol 58 Iss 24	English
sim_scientific-american_1888-06-23_58_25	1888-06-23	day	1888	58	Scientific American 1888-06-23: Vol 58 Iss 25	English
sim_scientific-american_1888-06-30_58_26	1888-06-30	day	1888	58	Scientific American 1888-06-30: Vol 58 Iss 26	English
sim_scientific-american_1888-07-07_59_1	1888-07-07	day	1888	59	Scientific American 1888-07-07: Vol 59 Iss 1	English
sim_scientific-american_1888-07-14_59_2	1888-07-14	day	1888	59	Scientific American 1888-07-14: Vol 59 Iss 2	English
sim_scientific-american_1888-07-21_59_3	1888-07-21	day	1888	59	Scientific American 1888-07-21: Vol 59 Iss 3	English
sim_scientific-american_1888-07-28_59_4	1888-07-28	day	1888	59	Scientific American 1888-07-28: Vol 59 Iss 4	English
sim_scientific-american_1888-08-04_59_5	1888-08-04	day	1888	59	Scientific American 1888-08-04: Vol 59 Iss 5	English
sim_scientific-american_1888-08-11_59_6	1888-08-11	day	1888	59	Scientific American 1888-08-11: Vol 59 Iss 6	English
sim_scientific-american_1888-08-18_59_7	1888-08-18	day	1888	59	Scientific American 1888-08-18: Vol 59 Iss 7	English
sim_scientific-american_1888-08-25_59_8	1888-08-25	day	1888	59	Scientific American 1888-08-25: Vol 59 Iss 8	English
sim_scientific-american_1888-09-01_59_9	1888-09-01	day	1888	59	Scientific American 1888-09-01: Vol 59 Iss 9	English
sim_scientific-american_1888-09-08_59_10	1888-09-08	day	1888	59	Scientific American 1888-09-08: Vol 59 Iss 10	English
sim_scientific-american_1888-09-15_59_11	1888-09-15	day	1888	59	Scientific American 1888-09-15: Vol 59 Iss 11	English
sim_scientific-american_1888-09-22_59_12	1888-09-22	day	1888	59	Scientific American 1888-09-22: Vol 59 Iss 12	English
sim_scientific-american_1888-09-29_59_13	1888-09-29	day	1888	59	Scientific American 1888-09-29: Vol 59 Iss 13	English
sim_scientific-american_1888-10-06_59_14	1888-10-06	day	1888	59	Scientific American 1888-10-06: Vol 59 Iss 14	English
sim_scientific-american_1888-10-13_59_15	1888-10-13	day	1888	59	Scientific American 1888-10-13: Vol 59 Iss 15	English
sim_scientific-american_1888-10-20_59_16	1888-10-20	day	1888	59	Scientific American 1888-10-20: Vol 59 Iss 16	English
sim_scientific-american_1888-10-27_59_17	1888-10-27	day	1888	59	Scientific American 1888-10-27: Vol 59 Iss 17	English
sim_scientific-american_1888-11-03_59_18	1888-11-03	day	1888	59	Scientific American 1888-11-03: Vol 59 Iss 18	English
sim_scientific-american_1888-11-10_59_19	1888-11-10	day	1888	59	Scientific American 1888-11-10: Vol 59 Iss 19	English
sim_scientific-american_1888-11-17_59_20	1888-11-17	day	1888	59	Scientific American 1888-11-17: Vol 59 Iss 20	English
sim_scientific-american_1888-11-24_59_21	1888-11-24	day	1888	59	Scientific American 1888-11-24: Vol 59 Iss 21	English
sim_scientific-american_1888-12-01_59_22	1888-12-01	day	1888	59	Scientific American 1888-12-01: Vol 59 Iss 22	English
sim_scientific-american_1888-12-08_59_23	1888-12-08	day	1888	59	Scientific American 1888-12-08: Vol 59 Iss 23	English
sim_scientific-american_1888-12-15_59_24	1888-12-15	day	1888	59	Scientific American 1888-12-15: Vol 59 Iss 24	English
sim_scientific-american_1888-12-22_59_25	1888-12-22	day	1888	59	Scientific American 1888-12-22: Vol 59 Iss 25	English
sim_scientific-american_1888-12-29_59_26	1888-12-29	day	1888	59	Scientific American 1888-12-29: Vol 59 Iss 26	English
sim_scientific-american_1888_58_index	1888-01-01	year	1888	58	Scientific American 1888: Vol 58 Index	English
sim_scientific-american_1888_59_index	1888-01-01	year	1888	59	Scientific American 1888: Vol 59 Index	English
sim_scientific-american_1889-01-05_60_1	1889-01-05	day	1889	60	Scientific American 1889-01-05: Vol 60 Iss 1	English
sim_scientific-american_1889-01-12_60_2	1889-01-12	day	1889	60	Scientific American 1889-01-12: Vol 60 Iss 2	English
sim_scientific-american_1889-01-19_60_3	1889-01-19	day	1889	60	Scientific American 1889-01-19: Vol 60 Iss 3	English
sim_scientific-american_1889-01-26_60_4	1889-01-26	day	1889	60	Scientific American 1889-01-26: Vol 60 Iss 4	English
sim_scientific-american_1889-02-02_60_5	1889-02-02	day	1889	60	Scientific American 1889-02-02: Vol 60 Iss 5	English
sim_scientific-american_1889-02-09_60_6	1889-02-09	day	1889	60	Scientific American 1889-02-09: Vol 60 Iss 6	English
sim_scientific-american_1889-02-16_60_7	1889-02-16	day	1889	60	Scientific American 1889-02-16: Vol 60 Iss 7	English
sim_scientific-american_1889-02-23_60_8	1889-02-23	day	1889	60	Scientific American 1889-02-23: Vol 60 Iss 8	English
sim_scientific-american_1889-03-02_60_9	1889-03-02	day	1889	60	Scientific American 1889-03-02: Vol 60 Iss 9	English
sim_scientific-american_1889-03-09_60_10	1889-03-09	day	1889	60	Scientific American 1889-03-09: Vol 60 Iss 10	English
sim_scientific-american_1889-03-16_60_11	1889-03-16	day	1889	60	Scientific American 1889-03-16: Vol 60 Iss 11	English
sim_scientific-american_1889-03-23_60_12	1889-03-23	day	1889	60	Scientific American 1889-03-23: Vol 60 Iss 12	English
sim_scientific-american_1889-03-30_60_13	1889-03-30	day	1889	60	Scientific American 1889-03-30: Vol 60 Iss 13	English
sim_scientific-american_1889-04-06_60_14	1889-04-06	day	1889	60	Scientific American 1889-04-06: Vol 60 Iss 14	English
sim_scientific-american_1889-04-13_60_15	1889-04-13	day	1889	60	Scientific American 1889-04-13: Vol 60 Iss 15	English
sim_scientific-american_1889-04-20_60_16	1889-04-20	day	1889	60	Scientific American 1889-04-20: Vol 60 Iss 16	English
sim_scientific-american_1889-04-27_60_17	1889-04-27	day	1889	60	Scientific American 1889-04-27: Vol 60 Iss 17	English
sim_scientific-american_1889-05-04_60_18	1889-05-04	day	1889	60	Scientific American 1889-05-04: Vol 60 Iss 18	English
sim_scientific-american_1889-05-11_60_19	1889-05-11	day	1889	60	Scientific American 1889-05-11: Vol 60 Iss 19	English
sim_scientific-american_1889-05-18_60_20	1889-05-18	day	1889	60	Scientific American 1889-05-18: Vol 60 Iss 20	English
sim_scientific-american_1889-05-25_60_21	1889-05-25	day	1889	60	Scientific American 1889-05-25: Vol 60 Iss 21	English
sim_scientific-american_1889-06-01_60_22	1889-06-01	day	1889	60	Scientific American 1889-06-01: Vol 60 Iss 22	English
sim_scientific-american_1889-06-08_60_23	1889-06-08	day	1889	60	Scientific American 1889-06-08: Vol 60 Iss 23	English
sim_scientific-american_1889-06-15_60_24	1889-06-15	day	1889	60	Scientific American 1889-06-15: Vol 60 Iss 24	English
sim_scientific-american_1889-06-22_60_25	1889-06-22	day	1889	60	Scientific American 1889-06-22: Vol 60 Iss 25	English
sim_scientific-american_1889-06-29_60_26	1889-06-29	day	1889	60	Scientific American 1889-06-29: Vol 60 Iss 26	English
sim_scientific-american_1889-07-06_61_1	1889-07-06	day	1889	61	Scientific American 1889-07-06: Vol 61 Iss 1	English
sim_scientific-american_1889-07-13_61_2	1889-07-13	day	1889	61	Scientific American 1889-07-13: Vol 61 Iss 2	English
sim_scientific-american_1889-07-20_61_3	1889-07-20	day	1889	61	Scientific American 1889-07-20: Vol 61 Iss 3	English
sim_scientific-american_1889-07-27_61_4	1889-07-27	day	1889	61	Scientific American 1889-07-27: Vol 61 Iss 4	English
sim_scientific-american_1889-08-03_61_5	1889-08-03	day	1889	61	Scientific American 1889-08-03: Vol 61 Iss 5	English
sim_scientific-american_1889-08-10_61_6	1889-08-10	day	1889	61	Scientific American 1889-08-10: Vol 61 Iss 6	English
sim_scientific-american_1889-08-17_61_7	1889-08-17	day	1889	61	Scientific American 1889-08-17: Vol 61 Iss 7	English
sim_scientific-american_1889-08-24_61_8	1889-08-24	day	1889	61	Scientific American 1889-08-24: Vol 61 Iss 8	English
sim_scientific-american_1889-08-31_61_9	1889-08-31	day	1889	61	Scientific American 1889-08-31: Vol 61 Iss 9	English
sim_scientific-american_1889-09-07_61_10	1889-09-07	day	1889	61	Scientific American 1889-09-07: Vol 61 Iss 10	English
sim_scientific-american_1889-09-14_61_11	1889-09-14	day	1889	61	Scientific American 1889-09-14: Vol 61 Iss 11	English
sim_scientific-american_1889-09-21_61_12	1889-09-21	day	1889	61	Scientific American 1889-09-21: Vol 61 Iss 12	English
sim_scientific-american_1889-09-28_61_13	1889-09-28	day	1889	61	Scientific American 1889-09-28: Vol 61 Iss 13	English
sim_scientific-american_1889-10-05_61_14	1889-10-05	day	1889	61	Scientific American 1889-10-05: Vol 61 Iss 14	English
sim_scientific-american_1889-10-12_61_15	1889-10-12	day	1889	61	Scientific American 1889-10-12: Vol 61 Iss 15	English
sim_scientific-american_1889-10-19_61_16	1889-10-19	day	1889	61	Scientific American 1889-10-19: Vol 61 Iss 16	English
sim_scientific-american_1889-10-26_61_17	1889-10-26	day	1889	61	Scientific American 1889-10-26: Vol 61 Iss 17	English
sim_scientific-american_1889-11-02_61_18	1889-11-02	day	1889	61	Scientific American 1889-11-02: Vol 61 Iss 18	English
sim_scientific-american_1889-11-09_61_19	1889-11-09	day	1889	61	Scientific American 1889-11-09: Vol 61 Iss 19	English
sim_scientific-american_1889-11-16_61_20	1889-11-16	day	1889	61	Scientific American 1889-11-16: Vol 61 Iss 20	English
sim_scientific-american_1889-11-23_61_21	1889-11-23	day	1889	61	Scientific American 1889-11-23: Vol 61 Iss 21	English
sim_scientific-american_1889-11-30_61_22	1889-11-30	day	1889	61	Scientific American 1889-11-30: Vol 61 Iss 22	English
sim_scientific-american_1889-12-07_61_23	1889-12-07	day	1889	61	Scientific American 1889-12-07: Vol 61 Iss 23	English
sim_scientific-american_1889-12-14_61_24	1889-12-14	day	1889	61	Scientific American 1889-12-14: Vol 61 Iss 24	English
sim_scientific-american_1889-12-21_61_25	1889-12-21	day	1889	61	Scientific American 1889-12-21: Vol 61 Iss 25	English
sim_scientific-american_1889-12-28_61_26	1889-12-28	day	1889	61	Scientific American 1889-12-28: Vol 61 Iss 26	English
sim_scientific-american_1889_61_index	1889-01-01	year	1889	61	Scientific American 1889: Vol 61 Index	English
sim_scientific-american_1890-01-04_62_1	1890-01-04	day	1890	62	Scientific American 1890-01-04: Vol 62 Iss 1	English
sim_scientific-american_1890-01-11_62_2	1890-01-11	day	1890	62	Scientific American 1890-01-11: Vol 62 Iss 2	English
sim_scientific-american_1890-01-18_62_3	1890-01-18	day	1890	62	Scientific American 1890-01-18: Vol 62 Iss 3	English
sim_scientific-american_1890-01-25_62_4	1890-01-25	day	1890	62	Scientific American 1890-01-25: Vol 62 Iss 4	English
sim_scientific-american_1890-02-01_62_5	1890-02-01	day	1890	62	Scientific American 1890-02-01: Vol 62 Iss 5	English
sim_scientific-american_1890-02-08_62_6	1890-02-08	day	1890	62	Scientific American 1890-02-08: Vol 62 Iss 6	English
sim_scientific-american_1890-02-15_62_7	1890-02-15	day	1890	62	Scientific American 1890-02-15: Vol 62 Iss 7	English
sim_scientific-american_1890-02-22_62_8	1890-02-22	day	1890	62	Scientific American 1890-02-22: Vol 62 Iss 8	English
sim_scientific-american_1890-03-01_62_9	1890-03-01	day	1890	62	Scientific American 1890-03-01: Vol 62 Iss 9	English
sim_scientific-american_1890-03-08_62_10	1890-03-08	day	1890	62	Scientific American 1890-03-08: Vol 62 Iss 10	English
sim_scientific-american_1890-03-15_62_11	1890-03-15	day	1890	62	Scientific American 1890-03-15: Vol 62 Iss 11	English
sim_scientific-american_1890-03-22_62_12	1890-03-22	day	1890	62	Scientific American 1890-03-22: Vol 62 Iss 12	English
sim_scientific-american_1890-03-29_62_13	1890-03-29	day	1890	62	Scientific American 1890-03-29: Vol 62 Iss 13	English
sim_scientific-american_1890-04-05_62_14	1890-04-05	day	1890	62	Scientific American 1890-04-05: Vol 62 Iss 14	English
sim_scientific-american_1890-04-12_62_15	1890-04-12	day	1890	62	Scientific American 1890-04-12: Vol 62 Iss 15	English
sim_scientific-american_1890-04-19_62_16	1890-04-19	day	1890	62	Scientific American 1890-04-19: Vol 62 Iss 16	English
sim_scientific-american_1890-04-26_62_17	1890-04-26	day	1890	62	Scientific American 1890-04-26: Vol 62 Iss 17	English
sim_scientific-american_1890-05-03_62_18	1890-05-03	day	1890	62	Scientific American 1890-05-03: Vol 62 Iss 18	English
sim_scientific-american_1890-05-10_62_19	1890-05-10	day	1890	62	Scientific American 1890-05-10: Vol 62 Iss 19	English
sim_scientific-american_1890-05-17_62_20	1890-05-17	day	1890	62	Scientific American 1890-05-17: Vol 62 Iss 20	English
sim_scientific-american_1890-05-24_62_21	1890-05-24	day	1890	62	Scientific American 1890-05-24: Vol 62 Iss 21	English
sim_scientific-american_1890-05-31_62_22	1890-05-31	day	1890	62	Scientific American 1890-05-31: Vol 62 Iss 22	English
sim_scientific-american_1890-06-07_62_23	1890-06-07	day	1890	62	Scientific American 1890-06-07: Vol 62 Iss 23	English
sim_scientific-american_1890-06-14_62_24	1890-06-14	day	1890	62	Scientific American 1890-06-14: Vol 62 Iss 24	English
sim_scientific-american_1890-06-21_62_25	1890-06-21	day	1890	62	Scientific American 1890-06-21: Vol 62 Iss 25	English
sim_scientific-american_1890-06-28_62_26	1890-06-28	day	1890	62	Scientific American 1890-06-28: Vol 62 Iss 26	English
sim_scientific-american_1890-07-05_63_1	1890-07-05	day	1890	63	Scientific American 1890-07-05: Vol 63 Iss 1	English
sim_scientific-american_1890-07-12_63_2	1890-07-12	day	1890	63	Scientific American 1890-07-12: Vol 63 Iss 2	English
sim_scientific-american_1890-07-19_63_3	1890-07-19	day	1890	63	Scientific American 1890-07-19: Vol 63 Iss 3	English
sim_scientific-american_1890-07-26_63_4	1890-07-26	day	1890	63	Scientific American 1890-07-26: Vol 63 Iss 4	English
sim_scientific-american_1890-08-02_63_5	1890-08-02	day	1890	63	Scientific American 1890-08-02: Vol 63 Iss 5	English
sim_scientific-american_1890-08-09_63_6	1890-08-09	day	1890	63	Scientific American 1890-08-09: Vol 63 Iss 6	English
sim_scientific-american_1890-08-16_63_7	1890-08-16	day	1890	63	Scientific American 1890-08-16: Vol 63 Iss 7	English
sim_scientific-american_1890-08-23_63_8	1890-08-23	day	1890	63	Scientific American 1890-08-23: Vol 63 Iss 8	English
sim_scientific-american_1890-08-30_63_9	1890-08-30	day	1890	63	Scientific American 1890-08-30: Vol 63 Iss 9	English
sim_scientific-american_1890-09-06_63_10	1890-09-06	day	1890	63	Scientific American 1890-09-06: Vol 63 Iss 10	English
sim_scientific-american_1890-09-13_63_11	1890-09-13	day	1890	63	Scientific American 1890-09-13: Vol 63 Iss 11	English
sim_scientific-american_1890-09-20_63_12	1890-09-20	day	1890	63	Scientific American 1890-09-20: Vol 63 Iss 12	English
sim_scientific-american_1890-09-27_63_13	1890-09-27	day	1890	63	Scientific American 1890-09-27: Vol 63 Iss 13	English
sim_scientific-american_1890-10-04_63_14	1890-10-04	day	1890	63	Scientific American 1890-10-04: Vol 63 Iss 14	English
sim_scientific-american_1890-10-11_63_15	1890-10-11	day	1890	63	Scientific American 1890-10-11: Vol 63 Iss 15	English
sim_scientific-american_1890-10-18_63_16	1890-10-18	day	1890	63	Scientific American 1890-10-18: Vol 63 Iss 16	English
sim_scientific-american_1890-10-25_63_17	1890-10-25	day	1890	63	Scientific American 1890-10-25: Vol 63 Iss 17	English
sim_scientific-american_1890-11-01_63_18	1890-11-01	day	1890	63	Scientific American 1890-11-01: Vol 63 Iss 18	English
sim_scientific-american_1890-11-08_63_19	1890-11-08	day	1890	63	Scientific American 1890-11-08: Vol 63 Iss 19	English
sim_scientific-american_1890-11-15_63_20	1890-11-15	day	1890	63	Scientific American 1890-11-15: Vol 63 Iss 20	English
sim_scientific-american_1890-11-22_63_21	1890-11-22	day	1890	63	Scientific American 1890-11-22: Vol 63 Iss 21	English
sim_scientific-american_1890-11-29_63_22	1890-11-29	day	1890	63	Scientific American 1890-11-29: Vol 63 Iss 22	English
sim_scientific-american_1890-12-06_63_23	1890-12-06	day	1890	63	Scientific American 1890-12-06: Vol 63 Iss 23	English
sim_scientific-american_1890-12-13_63_24	1890-12-13	day	1890	63	Scientific American 1890-12-13: Vol 63 Iss 24	English
sim_scientific-american_1890-12-20_63_25	1890-12-20	day	1890	63	Scientific American 1890-12-20: Vol 63 Iss 25	English
sim_scientific-american_1890-12-27_63_26	1890-12-27	day	1890	63	Scientific American 1890-12-27: Vol 63 Iss 26	English
sim_scientific-american_1890_62_index	1890-01-01	year	1890	62	Scientific American 1890: Vol 62 Index	English
sim_scientific-american_1890_63_index	1890-01-01	year	1890	63	Scientific American 1890: Vol 63 Index	English
sim_scientific-american_1891-01-03_64_1	1891-01-03	day	1891	64	Scientific American 1891-01-03: Vol 64 Iss 1	English
sim_scientific-american_1891-01-10_64_2	1891-01-10	day	1891	64	Scientific American 1891-01-10: Vol 64 Iss 2	English
sim_scientific-american_1891-01-17_64_3	1891-01-17	day	1891	64	Scientific American 1891-01-17: Vol 64 Iss 3	English
sim_scientific-american_1891-01-24_64_4	1891-01-24	day	1891	64	Scientific American 1891-01-24: Vol 64 Iss 4	English
sim_scientific-american_1891-01-31_64_5	1891-01-31	day	1891	64	Scientific American 1891-01-31: Vol 64 Iss 5	English
sim_scientific-american_1891-02-07_64_6	1891-02-07	day	1891	64	Scientific American 1891-02-07: Vol 64 Iss 6	English
sim_scientific-american_1891-02-14_64_7	1891-02-14	day	1891	64	Scientific American 1891-02-14: Vol 64 Iss 7	English
sim_scientific-american_1891-02-21_64_8	1891-02-21	day	1891	64	Scientific American 1891-02-21: Vol 64 Iss 8	English
sim_scientific-american_1891-02-28_64_9	1891-02-28	day	1891	64	Scientific American 1891-02-28: Vol 64 Iss 9	English
sim_scientific-american_1891-03-07_64_10	1891-03-07	day	1891	64	Scientific American 1891-03-07: Vol 64 Iss 10	English
sim_scientific-american_1891-03-14_64_11	1891-03-14	day	1891	64	Scientific American 1891-03-14: Vol 64 Iss 11	English
sim_scientific-american_1891-03-21_64_12	1891-03-21	day	1891	64	Scientific American 1891-03-21: Vol 64 Iss 12	English
sim_scientific-american_1891-03-28_64_13	1891-03-28	day	1891	64	Scientific American 1891-03-28: Vol 64 Iss 13	English
sim_scientific-american_1891-04-04_64_14	1891-04-04	day	1891	64	Scientific American 1891-04-04: Vol 64 Iss 14	English
sim_scientific-american_1891-04-11_64_15	1891-04-11	day	1891	64	Scientific American 1891-04-11: Vol 64 Iss 15	English
sim_scientific-american_1891-04-18_64_16	1891-04-18	day	1891	64	Scientific American 1891-04-18: Vol 64 Iss 16	English
sim_scientific-american_1891-04-25_64_17	1891-04-25	day	1891	64	Scientific American 1891-04-25: Vol 64 Iss 17	English
sim_scientific-american_1891-05-02_64_18	1891-05-02	day	1891	64	Scientific American 1891-05-02: Vol 64 Iss 18	English
sim_scientific-american_1891-05-09_64_19	1891-05-09	day	1891	64	Scientific American 1891-05-09: Vol 64 Iss 19	English
sim_scientific-american_1891-05-16_64_20	1891-05-16	day	1891	64	Scientific American 1891-05-16: Vol 64 Iss 20	English
sim_scientific-american_1891-05-23_64_21	1891-05-23	day	1891	64	Scientific American 1891-05-23: Vol 64 Iss 21	English
sim_scientific-american_1891-05-30_64_22	1891-05-30	day	1891	64	Scientific American 1891-05-30: Vol 64 Iss 22	English
sim_scientific-american_1891-06-06_64_23	1891-06-06	day	1891	64	Scientific American 1891-06-06: Vol 64 Iss 23	English
sim_scientific-american_1891-06-13_64_24	1891-06-13	day	1891	64	Scientific American 1891-06-13: Vol 64 Iss 24	English
sim_scientific-american_1891-06-20_64_25	1891-06-20	day	1891	64	Scientific American 1891-06-20: Vol 64 Iss 25	English
sim_scientific-american_1891-06-27_64_26	1891-06-27	day	1891	64	Scientific American 1891-06-27: Vol 64 Iss 26	English
sim_scientific-american_1891-07-04_65_1	1891-07-04	day	1891	65	Scientific American 1891-07-04: Vol 65 Iss 1	English
sim_scientific-american_1891-07-11_65_2	1891-07-11	day	1891	65	Scientific American 1891-07-11: Vol 65 Iss 2	English
sim_scientific-american_1891-07-18_65_3	1891-07-18	day	1891	65	Scientific American 1891-07-18: Vol 65 Iss 3	English
sim_scientific-american_1891-07-25_65_4	1891-07-25	day	1891	65	Scientific American 1891-07-25: Vol 65 Iss 4	English
sim_scientific-american_1891-08-01_65_5	1891-08-01	day	1891	65	Scientific American 1891-08-01: Vol 65 Iss 5	English
sim_scientific-american_1891-08-08_65_6	1891-08-08	day	1891	65	Scientific American 1891-08-08: Vol 65 Iss 6	English
sim_scientific-american_1891-08-15_65_7	1891-08-15	day	1891	65	Scientific American 1891-08-15: Vol 65 Iss 7	English
sim_scientific-american_1891-08-22_65_8	1891-08-22	day	1891	65	Scientific American 1891-08-22: Vol 65 Iss 8	English
sim_scientific-american_1891-08-29_65_9	1891-08-29	day	1891	65	Scientific American 1891-08-29: Vol 65 Iss 9	English
sim_scientific-american_1891-09-05_65_10	1891-09-05	day	1891	65	Scientific American 1891-09-05: Vol 65 Iss 10	English
sim_scientific-american_1891-09-12_65_11	1891-09-12	day	1891	65	Scientific American 1891-09-12: Vol 65 Iss 11	English
sim_scientific-american_1891-09-19_65_12	1891-09-19	day	1891	65	Scientific American 1891-09-19: Vol 65 Iss 12	English
sim_scientific-american_1891-09-26_65_13	1891-09-26	day	1891	65	Scientific American 1891-09-26: Vol 65 Iss 13	English
sim_scientific-american_1891-10-03_65_14	1891-10-03	day	1891	65	Scientific American 1891-10-03: Vol 65 Iss 14	English
sim_scientific-american_1891-10-10_65_15	1891-10-10	day	1891	65	Scientific American 1891-10-10: Vol 65 Iss 15	English
sim_scientific-american_1891-10-17_65_16	1891-10-17	day	1891	65	Scientific American 1891-10-17: Vol 65 Iss 16	English
sim_scientific-american_1891-10-24_65_17	1891-10-24	day	1891	65	Scientific American 1891-10-24: Vol 65 Iss 17	English
sim_scientific-american_1891-10-31_65_18	1891-10-31	day	1891	65	Scientific American 1891-10-31: Vol 65 Iss 18	English
sim_scientific-american_1891-11-07_65_19	1891-11-07	day	1891	65	Scientific American 1891-11-07: Vol 65 Iss 19	English
sim_scientific-american_1891-11-14_65_20	1891-11-14	day	1891	65	Scientific American 1891-11-14: Vol 65 Iss 20	English
sim_scientific-american_1891-11-21_65_21	1891-11-21	day	1891	65	Scientific American 1891-11-21: Vol 65 Iss 21	English
sim_scientific-american_1891-11-28_65_22	1891-11-28	day	1891	65	Scientific American 1891-11-28: Vol 65 Iss 22	English
sim_scientific-american_1891-12-05_65_23	1891-12-05	day	1891	65	Scientific American 1891-12-05: Vol 65 Iss 23	English
sim_scientific-american_1891-12-12_65_24	1891-12-12	day	1891	65	Scientific American 1891-12-12: Vol 65 Iss 24	English
sim_scientific-american_1891-12-19_65_25	1891-12-19	day	1891	65	Scientific American 1891-12-19: Vol 65 Iss 25	English
sim_scientific-american_1891-12-26_65_26	1891-12-26	day	1891	65	Scientific American 1891-12-26: Vol 65 Iss 26	English
sim_scientific-american_1891_64_index	1891-01-01	year	1891	64	Scientific American 1891: Vol 64 Index	English
sim_scientific-american_1891_65_index	1891-01-01	year	1891	65	Scientific American 1891: Vol 65 Index	English
sim_scientific-american_1892-01-02_66_1	1892-01-02	day	1892	66	Scientific American 1892-01-02: Vol 66 Iss 1	English
sim_scientific-american_1892-01-09_66_2	1892-01-09	day	1892	66	Scientific American 1892-01-09: Vol 66 Iss 2	English
sim_scientific-american_1892-01-16_66_3	1892-01-16	day	1892	66	Scientific American 1892-01-16: Vol 66 Iss 3	English
sim_scientific-american_1892-01-23_66_4	1892-01-23	day	1892	66	Scientific American 1892-01-23: Vol 66 Iss 4	English
sim_scientific-american_1892-01-30_66_5	1892-01-30	day	1892	66	Scientific American 1892-01-30: Vol 66 Iss 5	English
sim_scientific-american_1892-02-06_66_6	1892-02-06	day	1892	66	Scientific American 1892-02-06: Vol 66 Iss 6	English
sim_scientific-american_1892-02-13_66_7	1892-02-13	day	1892	66	Scientific American 1892-02-13: Vol 66 Iss 7	English
sim_scientific-american_1892-02-20_66_8	1892-02-20	day	1892	66	Scientific American 1892-02-20: Vol 66 Iss 8	English
sim_scientific-american_1892-02-27_66_9	1892-02-27	day	1892	66	Scientific American 1892-02-27: Vol 66 Iss 9	English
sim_scientific-american_1892-03-05_66_10	1892-03-05	day	1892	66	Scientific American 1892-03-05: Vol 66 Iss 10	English
sim_scientific-american_1892-03-12_66_11	1892-03-12	day	1892	66	Scientific American 1892-03-12: Vol 66 Iss 11	English
sim_scientific-american_1892-03-19_66_12	1892-03-19	day	1892	66	Scientific American 1892-03-19: Vol 66 Iss 12	English
sim_scientific-american_1892-03-26_66_13	1892-03-26	day	1892	66	Scientific American 1892-03-26: Vol 66 Iss 13	English
sim_scientific-american_1892-04-02_66_14	1892-04-02	day	1892	66	Scientific American 1892-04-02: Vol 66 Iss 14	English
sim_scientific-american_1892-04-09_66_15	1892-04-09	day	1892	66	Scientific American 1892-04-09: Vol 66 Iss 15	English
sim_scientific-american_1892-04-16_66_16	1892-04-16	day	1892	66	Scientific American 1892-04-16: Vol 66 Iss 16	English
sim_scientific-american_1892-04-23_66_17	1892-04-23	day	1892	66	Scientific American 1892-04-23: Vol 66 Iss 17	English
sim_scientific-american_1892-04-30_66_18	1892-04-30	day	1892	66	Scientific American 1892-04-30: Vol 66 Iss 18	English
sim_scientific-american_1892-05-07_66_19	1892-05-07	day	1892	66	Scientific American 1892-05-07: Vol 66 Iss 19	English
sim_scientific-american_1892-05-14_66_20	1892-05-14	day	1892	66	Scientific American 1892-05-14: Vol 66 Iss 20	English
sim_scientific-american_1892-05-21_66_21	1892-05-21	day	1892	66	Scientific American 1892-05-21: Vol 66 Iss 21	English
sim_scientific-american_1892-05-28_66_22	1892-05-28	day	1892	66	Scientific American 1892-05-28: Vol 66 Iss 22	English
sim_scientific-american_1892-06-04_66_23	1892-06-04	day	1892	66	Scientific American 1892-06-04: Vol 66 Iss 23	English
sim_scientific-american_1892-06-11_66_24	1892-06-11	day	1892	66	Scientific American 1892-06-11: Vol 66 Iss 24	English
sim_scientific-american_1892-06-18_66_25	1892-06-18	day	1892	66	Scientific American 1892-06-18: Vol 66 Iss 25	English
sim_scientific-american_1892-06-25_66_26	1892-06-25	day	1892	66	Scientific American 1892-06-25: Vol 66 Iss 26	English
sim_scientific-american_1892-07-02_67_1	1892-07-02	day	1892	67	Scientific American 1892-07-02: Vol 67 Iss 1	English
sim_scientific-american_1892-07-09_67_2	1892-07-09	day	1892	67	Scientific American 1892-07-09: Vol 67 Iss 2	English
sim_scientific-american_1892-07-16_67_3	1892-07-16	day	1892	67	Scientific American 1892-07-16: Vol 67 Iss 3	English
sim_scientific-american_1892-07-23_67_4	1892-07-23	day	1892	67	Scientific American 1892-07-23: Vol 67 Iss 4	English
sim_scientific-american_1892-07-30_67_5	1892-07-30	day	1892	67	Scientific American 1892-07-30: Vol 67 Iss 5	English
sim_scientific-american_1892-08-06_67_6	1892-08-06	day	1892	67	Scientific American 1892-08-06: Vol 67 Iss 6	English
sim_scientific-american_1892-08-13_67_7	1892-08-13	day	1892	67	Scientific American 1892-08-13: Vol 67 Iss 7	English
sim_scientific-american_1892-08-20_67_8	1892-08-20	day	1892	67	Scientific American 1892-08-20: Vol 67 Iss 8	English
sim_scientific-american_1892-08-27_67_9	1892-08-27	day	1892	67	Scientific American 1892-08-27: Vol 67 Iss 9	English
sim_scientific-american_1892-09-03_67_10	1892-09-03	day	1892	67	Scientific American 1892-09-03: Vol 67 Iss 10	English
sim_scientific-american_1892-09-10_67_11	1892-09-10	day	1892	67	Scientific American 1892-09-10: Vol 67 Iss 11	English
sim_scientific-american_1892-09-17_67_12	1892-09-17	day	1892	67	Scientific American 1892-09-17: Vol 67 Iss 12	English
sim_scientific-american_1892-09-24_67_13	1892-09-24	day	1892	67	Scientific American 1892-09-24: Vol 67 Iss 13	English
sim_scientific-american_1892-10-01_67_14	1892-10-01	day	1892	67	Scientific American 1892-10-01: Vol 67 Iss 14	English
sim_scientific-american_1892-10-08_67_15	1892-10-08	day	1892	67	Scientific American 1892-10-08: Vol 67 Iss 15	English
sim_scientific-american_1892-10-15_67_16	1892-10-15	day	1892	67	Scientific American 1892-10-15: Vol 67 Iss 16	English
sim_scientific-american_1892-10-22_67_17	1892-10-22	day	1892	67	Scientific American 1892-10-22: Vol 67 Iss 17	English
sim_scientific-american_1892-10-29_67_18	1892-10-29	day	1892	67	Scientific American 1892-10-29: Vol 67 Iss 18	English
sim_scientific-american_1892-11-05_67_19	1892-11-05	day	1892	67	Scientific American 1892-11-05: Vol 67 Iss 19	English
sim_scientific-american_1892-11-12_67_20	1892-11-12	day	1892	67	Scientific American 1892-11-12: Vol 67 Iss 20	English
sim_scientific-american_1892-11-19_67_21	1892-11-19	day	1892	67	Scientific American 1892-11-19: Vol 67 Iss 21	English
sim_scientific-american_1892-11-26_67_22	1892-11-26	day	1892	67	Scientific American 1892-11-26: Vol 67 Iss 22	English
sim_scientific-american_1892-12-03_67_23	1892-12-03	day	1892	67	Scientific American 1892-12-03: Vol 67 Iss 23	English
sim_scientific-american_1892-12-10_67_24	1892-12-10	day	1892	67	Scientific American 1892-12-10: Vol 67 Iss 24	English
sim_scientific-american_1892-12-17_67_25	1892-12-17	day	1892	67	Scientific American 1892-12-17: Vol 67 Iss 25	English
sim_scientific-american_1892-12-24_67_26	1892-12-24	day	1892	67	Scientific American 1892-12-24: Vol 67 Iss 26	English
sim_scientific-american_1892-12-31_67_27	1892-12-31	day	1892	67	Scientific American 1892-12-31: Vol 67 Iss 27	English
sim_scientific-american_1892_66_index	1892-01-01	year	1892	66	Scientific American 1892: Vol 66 Index	English
sim_scientific-american_1892_67_index	1892-01-01	year	1892	67	Scientific American 1892: Vol 67 Index	English
sim_scientific-american_1893-01-07_68_1	1893-01-07	day	1893	68	Scientific American 1893-01-07: Vol 68 Iss 1	English
sim_scientific-american_1893-01-14_68_2	1893-01-14	day	1893	68	Scientific American 1893-01-14: Vol 68 Iss 2	English
sim_scientific-american_1893-01-21_68_3	1893-01-21	day	1893	68	Scientific American 1893-01-21: Vol 68 Iss 3	English
sim_scientific-american_1893-01-28_68_4	1893-01-28	day	1893	68	Scientific American 1893-01-28: Vol 68 Iss 4	English
sim_scientific-american_1893-02-04_68_5	1893-02-04	day	1893	68	Scientific American 1893-02-04: Vol 68 Iss 5	English
sim_scientific-american_1893-02-11_68_6	1893-02-11	day	1893	68	Scientific American 1893-02-11: Vol 68 Iss 6	English
sim_scientific-american_1893-02-18_68_7	1893-02-18	day	1893	68	Scientific American 1893-02-18: Vol 68 Iss 7	English
sim_scientific-american_1893-02-25_68_8	1893-02-25	day	1893	68	Scientific American 1893-02-25: Vol 68 Iss 8	English
sim_scientific-american_1893-03-04_68_9	1893-03-04	day	1893	68	Scientific American 1893-03-04: Vol 68 Iss 9	English
sim_scientific-american_1893-03-11_68_10	1893-03-11	day	1893	68	Scientific American 1893-03-11: Vol 68 Iss 10	English
sim_scientific-american_1893-03-18_68_11	1893-03-18	day	1893	68	Scientific American 1893-03-18: Vol 68 Iss 11	English
sim_scientific-american_1893-03-25_68_12	1893-03-25	day	1893	68	Scientific American 1893-03-25: Vol 68 Iss 12	English
sim_scientific-american_1893-04-01_68_13	1893-04-01	day	1893	68	Scientific American 1893-04-01: Vol 68 Iss 13	English
sim_scientific-american_1893-04-08_68_14	1893-04-08	day	1893	68	Scientific American 1893-04-08: Vol 68 Iss 14	English
sim_scientific-american_1893-04-15_68_15	1893-04-15	day	1893	68	Scientific American 1893-04-15: Vol 68 Iss 15	English
sim_scientific-american_1893-04-22_68_16	1893-04-22	day	1893	68	Scientific American 1893-04-22: Vol 68 Iss 16	English
sim_scientific-american_1893-04-29_68_17	1893-04-29	day	1893	68	Scientific American 1893-04-29: Vol 68 Iss 17	English
sim_scientific-american_1893-05-06_68_18	1893-05-06	day	1893	68	Scientific American 1893-05-06: Vol 68 Iss 18	English
sim_scientific-american_1893-05-13_68_19	1893-05-13	day	1893	68	Scientific American 1893-05-13: Vol 68 Iss 19	English
sim_scientific-american_1893-05-20_68_20	1893-05-20	day	1893	68	Scientific American 1893-05-20: Vol 68 Iss 20	English
sim_scientific-american_1893-05-27_68_21	1893-05-27	day	1893	68	Scientific American 1893-05-27: Vol 68 Iss 21	English
sim_scientific-american_1893-06-03_68_22	1893-06-03	day	1893	68	Scientific American 1893-06-03: Vol 68 Iss 22	English
sim_scientific-american_1893-06-10_68_23	1893-06-10	day	1893	68	Scientific American 1893-06-10: Vol 68 Iss 23	English
sim_scientific-american_1893-06-17_68_24	1893-06-17	day	1893	68	Scientific American 1893-06-17: Vol 68 Iss 24	English
sim_scientific-american_1893-06-24_68_25	1893-06-24	day	1893	68	Scientific American 1893-06-24: Vol 68 Iss 25	English
sim_scientific-american_1893-07-01_69_1	1893-07-01	day	1893	69	Scientific American 1893-07-01: Vol 69 Iss 1	English
sim_scientific-american_1893-07-08_69_2	1893-07-08	day	1893	69	Scientific American 1893-07-08: Vol 69 Iss 2	English
sim_scientific-american_1893-07-15_69_3	1893-07-15	day	1893	69	Scientific American 1893-07-15: Vol 69 Iss 3	English
sim_scientific-american_1893-07-22_69_4	1893-07-22	day	1893	69	Scientific American 1893-07-22: Vol 69 Iss 4	English
sim_scientific-american_1893-07-29_69_5	1893-07-29	day	1893	69	Scientific American 1893-07-29: Vol 69 Iss 5	English
sim_scientific-american_1893-08-05_69_6	1893-08-05	day	1893	69	Scientific American 1893-08-05: Vol 69 Iss 6	English
sim_scientific-american_1893-08-12_69_7	1893-08-12	day	1893	69	Scientific American 1893-08-12: Vol 69 Iss 7	English
sim_scientific-american_1893-08-19_69_8	1893-08-19	day	1893	69	Scientific American 1893-08-19: Vol 69 Iss 8	English
sim_scientific-american_1893-08-26_69_9	1893-08-26	day	1893	69	Scientific American 1893-08-26: Vol 69 Iss 9	English
sim_scientific-american_1893-09-02_69_10	1893-09-02	day	1893	69	Scientific American 1893-09-02: Vol 69 Iss 10	English
sim_scientific-american_1893-09-09_69_11	1893-09-09	day	1893	69	Scientific American 1893-09-09: Vol 69 Iss 11	English
sim_scientific-american_1893-09-16_69_12	1893-09-16	day	1893	69	Scientific American 1893-09-16: Vol 69 Iss 12	English
sim_scientific-american_1893-09-23_69_13	1893-09-23	day	1893	69	Scientific American 1893-09-23: Vol 69 Iss 13	English
sim_scientific-american_1893-09-30_69_14	1893-09-30	day	1893	69	Scientific American 1893-09-30: Vol 69 Iss 14	English
sim_scientific-american_1893-10-07_69_15	1893-10-07	day	1893	69	Scientific American 1893-10-07: Vol 69 Iss 15	English
sim_scientific-american_1893-10-14_69_16	1893-10-14	day	1893	69	Scientific American 1893-10-14: Vol 69 Iss 16	English
sim_scientific-american_1893-10-21_69_17	1893-10-21	day	1893	69	Scientific American 1893-10-21: Vol 69 Iss 17	English
sim_scientific-american_1893-10-28_69_18	1893-10-28	day	1893	69	Scientific American 1893-10-28: Vol 69 Iss 18	English
sim_scientific-american_1893-11-04_69_19	1893-11-04	day	1893	69	Scientific American 1893-11-04: Vol 69 Iss 19	English
sim_scientific-american_1893-11-11_69_20	1893-11-11	day	1893	69	Scientific American 1893-11-11: Vol 69 Iss 20	English
sim_scientific-american_1893-11-18_69_21	1893-11-18	day	1893	69	Scientific American 1893-11-18: Vol 69 Iss 21	English
sim_scientific-american_1893-11-25_69_22	1893-11-25	day	1893	69	Scientific American 1893-11-25: Vol 69 Iss 22	English
sim_scientific-american_1893-12-02_69_23	1893-12-02	day	1893	69	Scientific American 1893-12-02: Vol 69 Iss 23	English
sim_scientific-american_1893-12-09_69_24	1893-12-09	day	1893	69	Scientific American 1893-12-09: Vol 69 Iss 24	English
sim_scientific-american_1893-12-16_69_25	1893-12-16	day	1893	69	Scientific American 1893-12-16: Vol 69 Iss 25	English
sim_scientific-american_1893-12-23_69_26	1893-12-23	day	1893	69	Scientific American 1893-12-23: Vol 69 Iss 26	English
sim_scientific-american_1893-12-30_69_27	1893-12-30	day	1893	69	Scientific American 1893-12-30: Vol 69 Iss 27	English
sim_scientific-american_1893_68_index	1893-01-01	year	1893	68	Scientific American 1893: Vol 68 Index	English
sim_scientific-american_1893_69_index	1893-01-01	year	1893	69	Scientific American 1893: Vol 69 Index	English
sim_scientific-american_1894-01-06_70_1	1894-01-06	day	1894	70	Scientific American 1894-01-06: Vol 70 Iss 1	English
sim_scientific-american_1894-01-13_70_2	1894-01-13	day	1894	70	Scientific American 1894-01-13: Vol 70 Iss 2	English
sim_scientific-american_1894-01-20_70_3	1894-01-20	day	1894	70	Scientific American 1894-01-20: Vol 70 Iss 3	English
sim_scientific-american_1894-01-27_70_4	1894-01-27	day	1894	70	Scientific American 1894-01-27: Vol 70 Iss 4	English
sim_scientific-american_1894-02-03_70_5	1894-02-03	day	1894	70	Scientific American 1894-02-03: Vol 70 Iss 5	English
sim_scientific-american_1894-02-10_70_6	1894-02-10	day	1894	70	Scientific American 1894-02-10: Vol 70 Iss 6	English
sim_scientific-american_1894-02-17_70_7	1894-02-17	day	1894	70	Scientific American 1894-02-17: Vol 70 Iss 7	English
sim_scientific-american_1894-02-24_70_8	1894-02-24	day	1894	70	Scientific American 1894-02-24: Vol 70 Iss 8	English
sim_scientific-american_1894-03-03_70_9	1894-03-03	day	1894	70	Scientific American 1894-03-03: Vol 70 Iss 9	English
sim_scientific-american_1894-03-10_70_10	1894-03-10	day	1894	70	Scientific American 1894-03-10: Vol 70 Iss 10	English
sim_scientific-american_1894-03-17_70_11	1894-03-17	day	1894	70	Scientific American 1894-03-17: Vol 70 Iss 11	English
sim_scientific-american_1894-03-24_70_12	1894-03-24	day	1894	70	Scientific American 1894-03-24: Vol 70 Iss 12	English
sim_scientific-american_1894-03-31_70_13	1894-03-31	day	1894	70	Scientific American 1894-03-31: Vol 70 Iss 13	English
sim_scientific-american_1894-04-07_70_14	1894-04-07	day	1894	70	Scientific American 1894-04-07: Vol 70 Iss 14	English
sim_scientific-american_1894-04-14_70_15	1894-04-14	day	1894	70	Scientific American 1894-04-14: Vol 70 Iss 15	English
sim_scientific-american_1894-04-21_70_16	1894-04-21	day	1894	70	Scientific American 1894-04-21: Vol 70 Iss 16	English
sim_scientific-american_1894-04-28_70_17	1894-04-28	day	1894	70	Scientific American 1894-04-28: Vol 70 Iss 17	English
sim_scientific-american_1894-05-05_70_18	1894-05-05	day	1894	70	Scientific American 1894-05-05: Vol 70 Iss 18	English
sim_scientific-american_1894-05-12_70_19	1894-05-12	day	1894	70	Scientific American 1894-05-12: Vol 70 Iss 19	English
sim_scientific-american_1894-05-19_70_20	1894-05-19	day	1894	70	Scientific American 1894-05-19: Vol 70 Iss 20	English
sim_scientific-american_1894-05-26_70_21	1894-05-26	day	1894	70	Scientific American 1894-05-26: Vol 70 Iss 21	English
sim_scientific-american_1894-06-02_70_22	1894-06-02	day	1894	70	Scientific American 1894-06-02: Vol 70 Iss 22	English
sim_scientific-american_1894-06-09_70_23	1894-06-09	day	1894	70	Scientific American 1894-06-09: Vol 70 Iss 23	English
sim_scientific-american_1894-06-16_70_24	1894-06-16	day	1894	70	Scientific American 1894-06-16: Vol 70 Iss 24	English
sim_scientific-american_1894-06-23_70_25	1894-06-23	day	1894	70	Scientific American 1894-06-23: Vol 70 Iss 25	English
sim_scientific-american_1894-06-30_70_26	1894-06-30	day	1894	70	Scientific American 1894-06-30: Vol 70 Iss 26	English
sim_scientific-american_1894-07-07_71_1	1894-07-07	day	1894	71	Scientific American 1894-07-07: Vol 71 Iss 1	English
sim_scientific-american_1894-07-14_71_2	1894-07-14	day	1894	71	Scientific American 1894-07-14: Vol 71 Iss 2	English
sim_scientific-american_1894-07-21_71_3	1894-07-21	day	1894	71	Scientific American 1894-07-21: Vol 71 Iss 3	English
sim_scientific-american_1894-07-28_71_4	1894-07-28	day	1894	71	Scientific American 1894-07-28: Vol 71 Iss 4	English
sim_scientific-american_1894-08-04_71_5	1894-08-04	day	1894	71	Scientific American 1894-08-04: Vol 71 Iss 5	English
sim_scientific-american_1894-08-11_71_6	1894-08-11	day	1894	71	Scientific American 1894-08-11: Vol 71 Iss 6	English
sim_scientific-american_1894-08-18_71_7	1894-08-18	day	1894	71	Scientific American 1894-08-18: Vol 71 Iss 7	English
sim_scientific-american_1894-08-25_71_8	1894-08-25	day	1894	71	Scientific American 1894-08-25: Vol 71 Iss 8	English
sim_scientific-american_1894-09-01_71_9	1894-09-01	day	1894	71	Scientific American 1894-09-01: Vol 71 Iss 9	English
sim_scientific-american_1894-09-08_71_10	1894-09-08	day	1894	71	Scientific American 1894-09-08: Vol 71 Iss 10	English
sim_scientific-american_1894-09-15_71_11	1894-09-15	day	1894	71	Scientific American 1894-09-15: Vol 71 Iss 11	English
sim_scientific-american_1894-09-22_71_12	1894-09-22	day	1894	71	Scientific American 1894-09-22: Vol 71 Iss 12	English
sim_scientific-american_1894-09-29_71_13	1894-09-29	day	1894	71	Scientific American 1894-09-29: Vol 71 Iss 13	English
sim_scientific-american_1894-10-06_71_14	1894-10-06	day	1894	71	Scientific American 1894-10-06: Vol 71 Iss 14	English
sim_scientific-american_1894-10-13_71_15	1894-10-13	day	1894	71	Scientific American 1894-10-13: Vol 71 Iss 15	English
sim_scientific-american_1894-10-20_71_16	1894-10-20	day	1894	71	Scientific American 1894-10-20: Vol 71 Iss 16	English
sim_scientific-american_1894-10-27_71_17	1894-10-27	day	1894	71	Scientific American 1894-10-27: Vol 71 Iss 17	English
sim_scientific-american_1894-11-03_71_18	1894-11-03	day	1894	71	Scientific American 1894-11-03: Vol 71 Iss 18	English
sim_scientific-american_1894-11-10_71_19	1894-11-10	day	1894	71	Scientific American 1894-11-10: Vol 71 Iss 19	English
sim_scientific-american_1894-11-17_71_20	1894-11-17	day	1894	71	Scientific American 1894-11-17: Vol 71 Iss 20	English
sim_scientific-american_1894-11-24_71_21	1894-11-24	day	1894	71	Scientific American 1894-11-24: Vol 71 Iss 21	English
sim_scientific-american_1894-12-01_71_22	1894-12-01	day	1894	71	Scientific American 1894-12-01: Vol 71 Iss 22	English
sim_scientific-american_1894-12-08_71_23	1894-12-08	day	1894	71	Scientific American 1894-12-08: Vol 71 Iss 23	English
sim_scientific-american_1894-12-15_71_24	1894-12-15	day	1894	71	Scientific American 1894-12-15: Vol 71 Iss 24	English
sim_scientific-american_1894-12-22_71_25	1894-12-22	day	1894	71	Scientific American 1894-12-22: Vol 71 Iss 25	English
sim_scientific-american_1894-12-29_71_26	1894-12-29	day	1894	71	Scientific American 1894-12-29: Vol 71 Iss 26	English
sim_scientific-american_1894_70_index	1894-01-01	year	1894	70	Scientific American 1894: Vol 70 Index	English
sim_scientific-american_1894_71_index	1894-01-01	year	1894	71	Scientific American 1894: Vol 71 Index	English
sim_scientific-american_1895-01-05_72_1	1895-01-05	day	1895	72	Scientific American 1895-01-05: Vol 72 Iss 1	English
sim_scientific-american_1895-01-12_72_2	1895-01-12	day	1895	72	Scientific American 1895-01-12: Vol 72 Iss 2	English
sim_scientific-american_1895-01-19_72_3	1895-01-19	day	1895	72	Scientific American 1895-01-19: Vol 72 Iss 3	English
sim_scientific-american_1895-01-26_72_4	1895-01-26	day	1895	72	Scientific American 1895-01-26: Vol 72 Iss 4	English
sim_scientific-american_1895-02-02_72_5	1895-02-02	day	1895	72	Scientific American 1895-02-02: Vol 72 Iss 5	English
sim_scientific-american_1895-02-09_72_6	1895-02-09	day	1895	72	Scientific American 1895-02-09: Vol 72 Iss 6	English
sim_scientific-american_1895-02-16_72_7	1895-02-16	day	1895	72	Scientific American 1895-02-16: Vol 72 Iss 7	English
sim_scientific-american_1895-02-23_72_8	1895-02-23	day	1895	72	Scientific American 1895-02-23: Vol 72 Iss 8	English
sim_scientific-american_1895-03-02_72_9	1895-03-02	day	1895	72	Scientific American 1895-03-02: Vol 72 Iss 9	English
sim_scientific-american_1895-03-09_72_10	1895-03-09	day	1895	72	Scientific American 1895-03-09: Vol 72 Iss 10	English
sim_scientific-american_1895-03-16_72_11	1895-03-16	day	1895	72	Scientific American 1895-03-16: Vol 72 Iss 11	English
sim_scientific-american_1895-03-23_72_12	1895-03-23	day	1895	72	Scientific American 1895-03-23: Vol 72 Iss 12	English
sim_scientific-american_1895-03-30_72_13	1895-03-30	day	1895	72	Scientific American 1895-03-30: Vol 72 Iss 13	English
sim_scientific-american_1895-04-06_72_14	1895-04-06	day	1895	72	Scientific American 1895-04-06: Vol 72 Iss 14	English
sim_scientific-american_1895-04-13_72_15	1895-04-13	day	1895	72	Scientific American 1895-04-13: Vol 72 Iss 15	English
sim_scientific-american_1895-04-20_72_16	1895-04-20	day	1895	72	Scientific American 1895-04-20: Vol 72 Iss 16	English
sim_scientific-american_1895-04-27_72_17	1895-04-27	day	1895	72	Scientific American 1895-04-27: Vol 72 Iss 17	English
sim_scientific-american_1895-05-04_72_18	1895-05-04	day	1895	72	Scientific American 1895-05-04: Vol 72 Iss 18	English
sim_scientific-american_1895-05-11_72_19	1895-05-11	day	1895	72	Scientific American 1895-05-11: Vol 72 Iss 19	English
sim_scientific-american_1895-05-18_72_20	1895-05-18	day	1895	72	Scientific American 1895-05-18: Vol 72 Iss 20	English
sim_scientific-american_1895-05-25_72_21	1895-05-25	day	1895	72	Scientific American 1895-05-25: Vol 72 Iss 21	English
sim_scientific-american_1895-06-01_72_22	1895-06-01	day	1895	72	Scientific American 1895-06-01: Vol 72 Iss 22	English
sim_scientific-american_1895-06-08_72_23	1895-06-08	day	1895	72	Scientific American 1895-06-08: Vol 72 Iss 23	English
sim_scientific-american_1895-06-15_72_24	1895-06-15	day	1895	72	Scientific American 1895-06-15: Vol 72 Iss 24	English
sim_scientific-american_1895-06-22_72_25	1895-06-22	day	1895	72	Scientific American 1895-06-22: Vol 72 Iss 25	English
sim_scientific-american_1895-06-29_72_26	1895-06-29	day	1895	72	Scientific American 1895-06-29: Vol 72 Iss 26	English
sim_scientific-american_1895-07-06_73_1	1895-07-06	day	1895	73	Scientific American 1895-07-06: Vol 73 Iss 1	English
sim_scientific-american_1895-07-13_73_2	1895-07-13	day	1895	73	Scientific American 1895-07-13: Vol 73 Iss 2	English
sim_scientific-american_1895-07-20_73_3	1895-07-20	day	1895	73	Scientific American 1895-07-20: Vol 73 Iss 3	English
sim_scientific-american_1895-07-27_73_4	1895-07-27	day	1895	73	Scientific American 1895-07-27: Vol 73 Iss 4	English
sim_scientific-american_1895-08-03_73_5	1895-08-03	day	1895	73	Scientific American 1895-08-03: Vol 73 Iss 5	English
sim_scientific-american_1895-08-10_73_6	1895-08-10	day	1895	73	Scientific American 1895-08-10: Vol 73 Iss 6	English
sim_scientific-american_1895-08-17_73_7	1895-08-17	day	1895	73	Scientific American 1895-08-17: Vol 73 Iss 7	English
sim_scientific-american_1895-08-24_73_8	1895-08-24	day	1895	73	Scientific American 1895-08-24: Vol 73 Iss 8	English
sim_scientific-american_1895-08-31_73_9	1895-08-31	day	1895	73	Scientific American 1895-08-31: Vol 73 Iss 9	English
sim_scientific-american_1895-09-07_73_10	1895-09-07	day	1895	73	Scientific American 1895-09-07: Vol 73 Iss 10	English
sim_scientific-american_1895-09-14_73_11	1895-09-14	day	1895	73	Scientific American 1895-09-14: Vol 73 Iss 11	English
sim_scientific-american_1895-09-21_73_12	1895-09-21	day	1895	73	Scientific American 1895-09-21: Vol 73 Iss 12	English
sim_scientific-american_1895-09-28_73_13	1895-09-28	day	1895	73	Scientific American 1895-09-28: Vol 73 Iss 13	English
sim_scientific-american_1895-10-05_73_14	1895-10-05	day	1895	73	Scientific American 1895-10-05: Vol 73 Iss 14	English
sim_scientific-american_1895-10-12_73_15	1895-10-12	day	1895	73	Scientific American 1895-10-12: Vol 73 Iss 15	English
sim_scientific-american_1895-10-19_73_16	1895-10-19	day	1895	73	Scientific American 1895-10-19: Vol 73 Iss 16	English
sim_scientific-american_1895-10-26_73_17	1895-10-26	day	1895	73	Scientific American 1895-10-26: Vol 73 Iss 17	English
sim_scientific-american_1895-11-02_73_18	1895-11-02	day	1895	73	Scientific American 1895-11-02: Vol 73 Iss 18	English
sim_scientific-american_1895-11-09_73_19	1895-11-09	day	1895	73	Scientific American 1895-11-09: Vol 73 Iss 19	English
sim_scientific-american_1895-11-16_73_20	1895-11-16	day	1895	73	Scientific American 1895-11-16: Vol 73 Iss 20	English
sim_scientific-american_1895-11-23_73_21	1895-11-23	day	1895	73	Scientific American 1895-11-23: Vol 73 Iss 21	English
sim_scientific-american_1895-11-30_73_22	1895-11-30	day	1895	73	Scientific American 1895-11-30: Vol 73 Iss 22	English
sim_scientific-american_1895-12-07_73_23	1895-12-07	day	1895	73	Scientific American 1895-12-07: Vol 73 Iss 23	English
sim_scientific-american_1895-12-14_73_24	1895-12-14	day	1895	73	Scientific American 1895-12-14: Vol 73 Iss 24	English
sim_scientific-american_1895-12-21_73_25	1895-12-21	day	1895	73	Scientific American 1895-12-21: Vol 73 Iss 25	English
sim_scientific-american_1895-12-28_73_26	1895-12-28	day	1895	73	Scientific American 1895-12-28: Vol 73 Iss 26	English
sim_scientific-american_1895_72_index	1895-01-01	year	1895	72	Scientific American 1895: Vol 72 Index	English
sim_scientific-american_1895_73_index	1895-01-01	year	1895	73	Scientific American 1895: Vol 73 Index	English
sim_scientific-american_1896-01-04_74_1	1896-01-04	day	1896	74	Scientific American 1896-01-04: Vol 74 Iss 1	English
sim_scientific-american_1896-01-11_74_2	1896-01-11	day	1896	74	Scientific American 1896-01-11: Vol 74 Iss 2	English
sim_scientific-american_1896-01-18_74_3	1896-01-18	day	1896	74	Scientific American 1896-01-18: Vol 74 Iss 3	English
sim_scientific-american_1896-01-25_74_4	1896-01-25	day	1896	74	Scientific American 1896-01-25: Vol 74 Iss 4	English
sim_scientific-american_1896-02-01_74_5	1896-02-01	day	1896	74	Scientific American 1896-02-01: Vol 74 Iss 5	English
sim_scientific-american_1896-02-08_74_6	1896-02-08	day	1896	74	Scientific American 1896-02-08: Vol 74 Iss 6	English
sim_scientific-american_1896-02-15_74_7	1896-02-15	day	1896	74	Scientific American 1896-02-15: Vol 74 Iss 7	English
sim_scientific-american_1896-02-22_74_8	1896-02-22	day	1896	74	Scientific American 1896-02-22: Vol 74 Iss 8	English
sim_scientific-american_1896-02-29_74_9	1896-02-29	day	1896	74	Scientific American 1896-02-29: Vol 74 Iss 9	English
sim_scientific-american_1896-03-07_74_10	1896-03-07	day	1896	74	Scientific American 1896-03-07: Vol 74 Iss 10	English
sim_scientific-american_1896-03-14_74_11	1896-03-14	day	1896	74	Scientific American 1896-03-14: Vol 74 Iss 11	English
sim_scientific-american_1896-03-21_74_12	1896-03-21	day	1896	74	Scientific American 1896-03-21: Vol 74 Iss 12	English
sim_scientific-american_1896-03-28_74_13	1896-03-28	day	1896	74	Scientific American 1896-03-28: Vol 74 Iss 13	English
sim_scientific-american_1896-04-04_74_14	1896-04-04	day	1896	74	Scientific American 1896-04-04: Vol 74 Iss 14	English
sim_scientific-american_1896-04-11_74_15	1896-04-11	day	1896	74	Scientific American 1896-04-11: Vol 74 Iss 15	English
sim_scientific-american_1896-04-18_74_16	1896-04-18	day	1896	74	Scientific American 1896-04-18: Vol 74 Iss 16	English
sim_scientific-american_1896-04-25_74_17	1896-04-25	day	1896	74	Scientific American 1896-04-25: Vol 74 Iss 17	English
sim_scientific-american_1896-05-02_74_18	1896-05-02	day	1896	74	Scientific American 1896-05-02: Vol 74 Iss 18	English
sim_scientific-american_1896-05-09_74_19	1896-05-09	day	1896	74	Scientific American 1896-05-09: Vol 74 Iss 19	English
sim_scientific-american_1896-05-16_74_20	1896-05-16	day	1896	74	Scientific American 1896-05-16: Vol 74 Iss 20	English
sim_scientific-american_1896-05-23_74_21	1896-05-23	day	1896	74	Scientific American 1896-05-23: Vol 74 Iss 21	English
sim_scientific-american_1896-05-30_74_22	1896-05-30	day	1896	74	Scientific American 1896-05-30: Vol 74 Iss 22	English
sim_scientific-american_1896-06-06_74_23	1896-06-06	day	1896	74	Scientific American 1896-06-06: Vol 74 Iss 23	English
sim_scientific-american_1896-06-13_74_24	1896-06-13	day	1896	74	Scientific American 1896-06-13: Vol 74 Iss 24	English
sim_scientific-american_1896-06-20_74_25	1896-06-20	day	1896	74	Scientific American 1896-06-20: Vol 74 Iss 25	English
sim_scientific-american_1896-06-27_74_26	1896-06-27	day	1896	74	Scientific American 1896-06-27: Vol 74 Iss 26	English
sim_scientific-american_1896-07-04_75_1	1896-07-04	day	1896	75	Scientific American 1896-07-04: Vol 75 Iss 1	English
sim_scientific-american_1896-07-11_75_2	1896-07-11	day	1896	75	Scientific American 1896-07-11: Vol 75 Iss 2	English
sim_scientific-american_1896-07-18_75_3	1896-07-18	day	1896	75	Scientific American 1896-07-18: Vol 75 Iss 3	English
sim_scientific-american_1896-07-25_75_4	1896-07-25	day	1896	75	Scientific American 1896-07-25: Vol 75 Iss 4	English
sim_scientific-american_1896-08-01_75_5	1896-08-01	day	1896	75	Scientific American 1896-08-01: Vol 75 Iss 5	English
sim_scientific-american_1896-08-08_75_6	1896-08-08	day	1896	75	Scientific American 1896-08-08: Vol 75 Iss 6	English
sim_scientific-american_1896-08-15_75_7	1896-08-15	day	1896	75	Scientific American 1896-08-15: Vol 75 Iss 7	English
sim_scientific-american_1896-08-22_75_8	1896-08-22	day	1896	75	Scientific American 1896-08-22: Vol 75 Iss 8	English
sim_scientific-american_1896-08-29_75_9	1896-08-29	day	1896	75	Scientific American 1896-08-29: Vol 75 Iss 9	English
sim_scientific-american_1896-09-05_75_10	1896-09-05	day	1896	75	Scientific American 1896-09-05: Vol 75 Iss 10	English
sim_scientific-american_1896-09-12_75_11	1896-09-12	day	1896	75	Scientific American 1896-09-12: Vol 75 Iss 11	English
sim_scientific-american_1896-09-19_75_12	1896-09-19	day	1896	75	Scientific American 1896-09-19: Vol 75 Iss 12	English
sim_scientific-american_1896-09-26_75_13	1896-09-26	day	1896	75	Scientific American 1896-09-26: Vol 75 Iss 13	English
sim_scientific-american_1896-10-03_75_14	1896-10-03	day	1896	75	Scientific American 1896-10-03: Vol 75 Iss 14	English
sim_scientific-american_1896-10-10_75_15	1896-10-10	day	1896	75	Scientific American 1896-10-10: Vol 75 Iss 15	English
sim_scientific-american_1896-10-17_75_16	1896-10-17	day	1896	75	Scientific American 1896-10-17: Vol 75 Iss 16	English
sim_scientific-american_1896-10-24_75_17	1896-10-24	day	1896	75	Scientific American 1896-10-24: Vol 75 Iss 17	English
sim_scientific-american_1896-10-31_75_18	1896-10-31	day	1896	75	Scientific American 1896-10-31: Vol 75 Iss 18	English
sim_scientific-american_1896-11-07_75_19	1896-11-07	day	1896	75	Scientific American 1896-11-07: Vol 75 Iss 19	English
sim_scientific-american_1896-11-14_75_20	1896-11-14	day	1896	75	Scientific American 1896-11-14: Vol 75 Iss 20	English
sim_scientific-american_1896-11-21_75_21	1896-11-21	day	1896	75	Scientific American 1896-11-21: Vol 75 Iss 21	English
sim_scientific-american_1896-11-28_75_22	1896-11-28	day	1896	75	Scientific American 1896-11-28: Vol 75 Iss 22	English
sim_scientific-american_1896-12-05_75_23	1896-12-05	day	1896	75	Scientific American 1896-12-05: Vol 75 Iss 23	English
sim_scientific-american_1896-12-12_75_24	1896-12-12	day	1896	75	Scientific American 1896-12-12: Vol 75 Iss 24	English
sim_scientific-american_1896-12-19_75_25	1896-12-19	day	1896	75	Scientific American 1896-12-19: Vol 75 Iss 25	English
sim_scientific-american_1896-12-26_75_26	1896-12-26	day	1896	75	Scientific American 1896-12-26: Vol 75 Iss 26	English
sim_scientific-american_1896_74_index	1896-01-01	year	1896	74	Scientific American 1896: Vol 74 Index	English
sim_scientific-american_1896_75_index	1896-01-01	year	1896	75	Scientific American 1896: Vol 75 Index	English
sim_scientific-american_1897-01-02_76_1	1897-01-02	day	1897	76	Scientific American 1897-01-02: Vol 76 Iss 1	English
sim_scientific-american_1897-01-09_76_2	1897-01-09	day	1897	76	Scientific American 1897-01-09: Vol 76 Iss 2	English
sim_scientific-american_1897-01-16_76_3	1897-01-16	day	1897	76	Scientific American 1897-01-16: Vol 76 Iss 3	English
sim_scientific-american_1897-01-23_76_4	1897-01-23	day	1897	76	Scientific American 1897-01-23: Vol 76 Iss 4	English
sim_scientific-american_1897-01-30_76_5	1897-01-30	day	1897	76	Scientific American 1897-01-30: Vol 76 Iss 5	English
sim_scientific-american_1897-02-06_76_6	1897-02-06	day	1897	76	Scientific American 1897-02-06: Vol 76 Iss 6	English
sim_scientific-american_1897-02-13_76_7	1897-02-13	day	1897	76	Scientific American 1897-02-13: Vol 76 Iss 7	English
sim_scientific-american_1897-02-20_76_8	1897-02-20	day	1897	76	Scientific American 1897-02-20: Vol 76 Iss 8	English
sim_scientific-american_1897-02-27_76_9	1897-02-27	day	1897	76	Scientific American 1897-02-27: Vol 76 Iss 9	English
sim_scientific-american_1897-03-06_76_10	1897-03-06	day	1897	76	Scientific American 1897-03-06: Vol 76 Iss 10	English
sim_scientific-american_1897-03-13_76_11	1897-03-13	day	1897	76	Scientific American 1897-03-13: Vol 76 Iss 11	English
sim_scientific-american_1897-03-20_76_12	1897-03-20	day	1897	76	Scientific American 1897-03-20: Vol 76 Iss 12	English
sim_scientific-american_1897-03-27_76_13	1897-03-27	day	1897	76	Scientific American 1897-03-27: Vol 76 Iss 13	English
sim_scientific-american_1897-04-03_76_14	1897-04-03	day	1897	76	Scientific American 1897-04-03: Vol 76 Iss 14	English
sim_scientific-american_1897-04-10_76_15	1897-04-10	day	1897	76	Scientific American 1897-04-10: Vol 76 Iss 15	English
sim_scientific-american_1897-04-17_76_16	1897-04-17	day	1897	76	Scientific American 1897-04-17: Vol 76 Iss 16	English
sim_scientific-american_1897-04-24_76_17	1897-04-24	day	1897	76	Scientific American 1897-04-24: Vol 76 Iss 17	English
sim_scientific-american_1897-05-01_76_18	1897-05-01	day	1897	76	Scientific American 1897-05-01: Vol 76 Iss 18	English
sim_scientific-american_1897-05-08_76_19	1897-05-08	day	1897	76	Scientific American 1897-05-08: Vol 76 Iss 19	English
sim_scientific-american_1897-05-15_76_20	1897-05-15	day	1897	76	Scientific American 1897-05-15: Vol 76 Iss 20	English
sim_scientific-american_1897-05-22_76_21	1897-05-22	day	1897	76	Scientific American 1897-05-22: Vol 76 Iss 21	English
sim_scientific-american_1897-05-29_76_22	1897-05-29	day	1897	76	Scientific American 1897-05-29: Vol 76 Iss 22	English
sim_scientific-american_1897-06-05_76_23	1897-06-05	day	1897	76	Scientific American 1897-06-05: Vol 76 Iss 23	English
sim_scientific-american_1897-06-12_76_24	1897-06-12	day	1897	76	Scientific American 1897-06-12: Vol 76 Iss 24	English
sim_scientific-american_1897-06-19_76_25	1897-06-19	day	1897	76	Scientific American 1897-06-19: Vol 76 Iss 25	English
sim_scientific-american_1897-06-26_76_26	1897-06-26	day	1897	76	Scientific American 1897-06-26: Vol 76 Iss 26	English
sim_scientific-american_1897-07-03_77_1	1897-07-03	day	1897	77	Scientific American 1897-07-03: Vol 77 Iss 1	English
sim_scientific-american_1897-07-10_77_2	1897-07-10	day	1897	77	Scientific American 1897-07-10: Vol 77 Iss 2	English
sim_scientific-american_1897-07-17_77_3	1897-07-17	day	1897	77	Scientific American 1897-07-17: Vol 77 Iss 3	English
sim_scientific-american_1897-07-24_77_4	1897-07-24	day	1897	77	Scientific American 1897-07-24: Vol 77 Iss 4	English
sim_scientific-american_1897-07-31_77_5	1897-07-31	day	1897	77	Scientific American 1897-07-31: Vol 77 Iss 5	English
sim_scientific-american_1897-08-07_77_6	1897-08-07	day	1897	77	Scientific American 1897-08-07: Vol 77 Iss 6	English
sim_scientific-american_1897-08-14_77_7	1897-08-14	day	1897	77	Scientific American 1897-08-14: Vol 77 Iss 7	English
sim_scientific-american_1897-08-21_77_8	1897-08-21	day	1897	77	Scientific American 1897-08-21: Vol 77 Iss 8	English
sim_scientific-american_1897-08-28_77_9	1897-08-28	day	1897	77	Scientific American 1897-08-28: Vol 77 Iss 9	English
sim_scientific-american_1897-09-04_77_10	1897-09-04	day	1897	77	Scientific American 1897-09-04: Vol 77 Iss 10	English
sim_scientific-american_1897-09-11_77_11	1897-09-11	day	1897	77	Scientific American 1897-09-11: Vol 77 Iss 11	English
sim_scientific-american_1897-09-18_77_12	1897-09-18	day	1897	77	Scientific American 1897-09-18: Vol 77 Iss 12	English
sim_scientific-american_1897-09-25_77_13	1897-09-25	day	1897	77	Scientific American 1897-09-25: Vol 77 Iss 13	English
sim_scientific-american_1897-10-02_77_14	1897-10-02	day	1897	77	Scientific American 1897-10-02: Vol 77 Iss 14	English
sim_scientific-american_1897-10-09_77_15	1897-10-09	day	1897	77	Scientific American 1897-10-09: Vol 77 Iss 15	English
sim_scientific-american_1897-10-16_77_16	1897-10-16	day	1897	77	Scientific American 1897-10-16: Vol 77 Iss 16	English
sim_scientific-american_1897-10-23_77_17	1897-10-23	day	1897	77	Scientific American 1897-10-23: Vol 77 Iss 17	English
sim_scientific-american_1897-10-30_77_18	1897-10-30	day	1897	77	Scientific American 1897-10-30: Vol 77 Iss 18	English
sim_scientific-american_1897-11-06_77_19	1897-11-06	day	1897	77	Scientific American 1897-11-06: Vol 77 Iss 19	English
sim_scientific-american_1897-11-13_77_20	1897-11-13	day	1897	77	Scientific American 1897-11-13: Vol 77 Iss 20	English
sim_scientific-american_1897-11-20_77_21	1897-11-20	day	1897	77	Scientific American 1897-11-20: Vol 77 Iss 21	English
sim_scientific-american_1897-11-27_77_22	1897-11-27	day	1897	77	Scientific American 1897-11-27: Vol 77 Iss 22	English
sim_scientific-american_1897-12-04_77_23	1897-12-04	day	1897	77	Scientific American 1897-12-04: Vol 77 Iss 23	English
sim_scientific-american_1897-12-11_77_24	1897-12-11	day	1897	77	Scientific American 1897-12-11: Vol 77 Iss 24	English
sim_scientific-american_1897-12-18_77_25	1897-12-18	day	1897	77	Scientific American 1897-12-18: Vol 77 Iss 25	English
sim_scientific-american_1897-12-25_77_26	1897-12-25	day	1897	77	Scientific American 1897-12-25: Vol 77 Iss 26	English
sim_scientific-american_1897_76_index	1897-01-01	year	1897	76	Scientific American 1897: Vol 76 Index	English
sim_scientific-american_1897_77_index	1897-01-01	year	1897	77	Scientific American 1897: Vol 77 Index	English
sim_scientific-american_1898-01-01_78_1	1898-01-01	day	1898	78	Scientific American 1898-01-01: Vol 78 Iss 1	English
sim_scientific-american_1898-01-08_78_2	1898-01-08	day	1898	78	Scientific American 1898-01-08: Vol 78 Iss 2	English
sim_scientific-american_1898-01-15_78_3	1898-01-15	day	1898	78	Scientific American 1898-01-15: Vol 78 Iss 3	English
sim_scientific-american_1898-01-22_78_4	1898-01-22	day	1898	78	Scientific American 1898-01-22: Vol 78 Iss 4	English
sim_scientific-american_1898-01-29_78_5	1898-01-29	day	1898	78	Scientific American 1898-01-29: Vol 78 Iss 5	English
sim_scientific-american_1898-02-05_78_6	1898-02-05	day	1898	78	Scientific American 1898-02-05: Vol 78 Iss 6	English
sim_scientific-american_1898-02-12_78_7	1898-02-12	day	1898	78	Scientific American 1898-02-12: Vol 78 Iss 7	English
sim_scientific-american_1898-02-19_78_8	1898-02-19	day	1898	78	Scientific American 1898-02-19: Vol 78 Iss 8	English
sim_scientific-american_1898-02-26_78_9	1898-02-26	day	1898	78	Scientific American 1898-02-26: Vol 78 Iss 9	English
sim_scientific-american_1898-03-05_78_10	1898-03-05	day	1898	78	Scientific American 1898-03-05: Vol 78 Iss 10	English
sim_scientific-american_1898-03-12_78_11	1898-03-12	day	1898	78	Scientific American 1898-03-12: Vol 78 Iss 11	English
sim_scientific-american_1898-03-19_78_12	1898-03-19	day	1898	78	Scientific American 1898-03-19: Vol 78 Iss 12	English
sim_scientific-american_1898-03-26_78_13	1898-03-26	day	1898	78	Scientific American 1898-03-26: Vol 78 Iss 13	English
sim_scientific-american_1898-04-02_78_14	1898-04-02	day	1898	78	Scientific American 1898-04-02: Vol 78 Iss 14	English
sim_scientific-american_1898-04-09_78_15	1898-04-09	day	1898	78	Scientific American 1898-04-09: Vol 78 Iss 15	English
sim_scientific-american_1898-04-16_78_16	1898-04-16	day	1898	78	Scientific American 1898-04-16: Vol 78 Iss 16	English
sim_scientific-american_1898-04-23_78_17	1898-04-23	day	1898	78	Scientific American 1898-04-23: Vol 78 Iss 17	English
sim_scientific-american_1898-04-30_78_18	1898-04-30	day	1898	78	Scientific American 1898-04-30: Vol 78 Iss 18	English
sim_scientific-american_1898-05-07_78_19	1898-05-07	day	1898	78	Scientific American 1898-05-07: Vol 78 Iss 19	English
sim_scientific-american_1898-05-14_78_20	1898-05-14	day	1898	78	Scientific American 1898-05-14: Vol 78 Iss 20	English
sim_scientific-american_1898-05-21_78_21	1898-05-21	day	1898	78	Scientific American 1898-05-21: Vol 78 Iss 21	English
sim_scientific-american_1898-05-28_78_22	1898-05-28	day	1898	78	Scientific American 1898-05-28: Vol 78 Iss 22	English
sim_scientific-american_1898-06-04_78_23	1898-06-04	day	1898	78	Scientific American 1898-06-04: Vol 78 Iss 23	English
sim_scientific-american_1898-06-11_78_24	1898-06-11	day	1898	78	Scientific American 1898-06-11: Vol 78 Iss 24	English
sim_scientific-american_1898-06-18_78_25	1898-06-18	day	1898	78	Scientific American 1898-06-18: Vol 78 Iss 25	English
sim_scientific-american_1898-06-25_78_26	1898-06-25	day	1898	78	Scientific American 1898-06-25: Vol 78 Iss 26	English
sim_scientific-american_1898-07-02_79_1	1898-07-02	day	1898	79	Scientific American 1898-07-02: Vol 79 Iss 1	English
sim_scientific-american_1898-07-09_79_2	1898-07-09	day	1898	79	Scientific American 1898-07-09: Vol 79 Iss 2	English
sim_scientific-american_1898-07-16_79_3	1898-07-16	day	1898	79	Scientific American 1898-07-16: Vol 79 Iss 3	English
sim_scientific-american_1898-07-23_79_4	1898-07-23	day	1898	79	Scientific American 1898-07-23: Vol 79 Iss 4	English
sim_scientific-american_1898-07-30_79_5	1898-07-30	day	1898	79	Scientific American 1898-07-30: Vol 79 Iss 5	English
sim_scientific-american_1898-08-06_79_6	1898-08-06	day	1898	79	Scientific American 1898-08-06: Vol 79 Iss 6	English
sim_scientific-american_1898-08-13_79_7	1898-08-13	day	1898	79	Scientific American 1898-08-13: Vol 79 Iss 7	English
sim_scientific-american_1898-08-20_79_8	1898-08-20	day	1898	79	Scientific American 1898-08-20: Vol 79 Iss 8	English
sim_scientific-american_1898-08-27_79_9	1898-08-27	day	1898	79	Scientific American 1898-08-27: Vol 79 Iss 9	English
sim_scientific-american_1898-09-03_79_10	1898-09-03	day	1898	79	Scientific American 1898-09-03: Vol 79 Iss 10	English
sim_scientific-american_1898-09-10_79_11	1898-09-10	day	1898	79	Scientific American 1898-09-10: Vol 79 Iss 11	English
sim_scientific-american_1898-09-17_79_12	1898-09-17	day	1898	79	Scientific American 1898-09-17: Vol 79 Iss 12	English
sim_scientific-american_1898-09-24_79_13	1898-09-24	day	1898	79	Scientific American 1898-09-24: Vol 79 Iss 13	English
sim_scientific-american_1898-10-01_79_14	1898-10-01	day	1898	79	Scientific American 1898-10-01: Vol 79 Iss 14	English
sim_scientific-american_1898-10-08_79_15	1898-10-08	day	1898	79	Scientific American 1898-10-08: Vol 79 Iss 15	English
sim_scientific-american_1898-10-15_79_16	1898-10-15	day	1898	79	Scientific American 1898-10-15: Vol 79 Iss 16	English
sim_scientific-american_1898-10-22_79_17	1898-10-22	day	1898	79	Scientific American 1898-10-22: Vol 79 Iss 17	English
sim_scientific-american_1898-10-29_79_18	1898-10-29	day	1898	79	Scientific American 1898-10-29: Vol 79 Iss 18	English
sim_scientific-american_1898-11-05_79_19	1898-11-05	day	1898	79	Scientific American 1898-11-05: Vol 79 Iss 19	English
sim_scientific-american_1898-11-12_79_20	1898-11-12	day	1898	79	Scientific American 1898-11-12: Vol 79 Iss 20	English
sim_scientific-american_1898-11-19_79_21	1898-11-19	day	1898	79	Scientific American 1898-11-19: Vol 79 Iss 21	English
sim_scientific-american_1898-11-26_79_22	1898-11-26	day	1898	79	Scientific American 1898-11-26: Vol 79 Iss 22	English
sim_scientific-american_1898-12-03_79_23	1898-12-03	day	1898	79	Scientific American 1898-12-03: Vol 79 Iss 23	English
sim_scientific-american_1898-12-10_79_24	1898-12-10	day	1898	79	Scientific American 1898-12-10: Vol 79 Iss 24	English
sim_scientific-american_1898-12-17_79_25	1898-12-17	day	1898	79	Scientific American 1898-12-17: Vol 79 Iss 25	English
sim_scientific-american_1898-12-24_79_26	1898-12-24	day	1898	79	Scientific American 1898-12-24: Vol 79 Iss 26	English
sim_scientific-american_1898-12-31_79_27	1898-12-31	day	1898	79	Scientific American 1898-12-31: Vol 79 Iss 27	English
sim_scientific-american_1898_78_index	1898-01-01	year	1898	78	Scientific American 1898: Vol 78 Index	English
sim_scientific-american_1898_79_index	1898-01-01	year	1898	79	Scientific American 1898: Vol 79 Index	English
sim_scientific-american_1899-01-07_80_1	1899-01-07	day	1899	80	Scientific American 1899-01-07: Vol 80 Iss 1	English
sim_scientific-american_1899-01-14_80_2	1899-01-14	day	1899	80	Scientific American 1899-01-14: Vol 80 Iss 2	English
sim_scientific-american_1899-01-21_80_3	1899-01-21	day	1899	80	Scientific American 1899-01-21: Vol 80 Iss 3	English
sim_scientific-american_1899-01-28_80_4	1899-01-28	day	1899	80	Scientific American 1899-01-28: Vol 80 Iss 4	English
sim_scientific-american_1899-02-04_80_5	1899-02-04	day	1899	80	Scientific American 1899-02-04: Vol 80 Iss 5	English
sim_scientific-american_1899-02-11_80_6	1899-02-11	day	1899	80	Scientific American 1899-02-11: Vol 80 Iss 6	English
sim_scientific-american_1899-02-18_80_7	1899-02-18	day	1899	80	Scientific American 1899-02-18: Vol 80 Iss 7	English
sim_scientific-american_1899-02-25_80_8	1899-02-25	day	1899	80	Scientific American 1899-02-25: Vol 80 Iss 8	English
sim_scientific-american_1899-03-04_80_9	1899-03-04	day	1899	80	Scientific American 1899-03-04: Vol 80 Iss 9	English
sim_scientific-american_1899-03-11_80_10	1899-03-11	day	1899	80	Scientific American 1899-03-11: Vol 80 Iss 10	English
sim_scientific-american_1899-03-18_80_11	1899-03-18	day	1899	80	Scientific American 1899-03-18: Vol 80 Iss 11	English
sim_scientific-american_1899-03-25_80_12	1899-03-25	day	1899	80	Scientific American 1899-03-25: Vol 80 Iss 12	English
sim_scientific-american_1899-04-01_80_13	1899-04-01	day	1899	80	Scientific American 1899-04-01: Vol 80 Iss 13	English
sim_scientific-american_1899-04-08_80_14	1899-04-08	day	1899	80	Scientific American 1899-04-08: Vol 80 Iss 14	English
sim_scientific-american_1899-04-15_80_15	1899-04-15	day	1899	80	Scientific American 1899-04-15: Vol 80 Iss 15	English
sim_scientific-american_1899-04-22_80_16	1899-04-22	day	1899	80	Scientific American 1899-04-22: Vol 80 Iss 16	English
sim_scientific-american_1899-04-29_80_17	1899-04-29	day	1899	80	Scientific American 1899-04-29: Vol 80 Iss 17	English
sim_scientific-american_1899-05-06_80_18	1899-05-06	day	1899	80	Scientific American 1899-05-06: Vol 80 Iss 18	English
sim_scientific-american_1899-05-13_80_19	1899-05-13	day	1899	80	Scientific American 1899-05-13: Vol 80 Iss 19	English
sim_scientific-american_1899-05-20_80_20	1899-05-20	day	1899	80	Scientific American 1899-05-20: Vol 80 Iss 20	English
sim_scientific-american_1899-05-27_80_21	1899-05-27	day	1899	80	Scientific American 1899-05-27: Vol 80 Iss 21	English
sim_scientific-american_1899-06-03_80_22	1899-06-03	day	1899	80	Scientific American 1899-06-03: Vol 80 Iss 22	English
sim_scientific-american_1899-06-10_80_23	1899-06-10	day	1899	80	Scientific American 1899-06-10: Vol 80 Iss 23	English
sim_scientific-american_1899-06-17_80_24	1899-06-17	day	1899	80	Scientific American 1899-06-17: Vol 80 Iss 24	English
sim_scientific-american_1899-06-24_80_25	1899-06-24	day	1899	80	Scientific American 1899-06-24: Vol 80 Iss 25	English
sim_scientific-american_1899-07-01_81_1	1899-07-01	day	1899	81	Scientific American 1899-07-01: Vol 81 Iss 1	English
sim_scientific-american_1899-07-08_81_2	1899-07-08	day	1899	81	Scientific American 1899-07-08: Vol 81 Iss 2	English
sim_scientific-american_1899-07-15_81_3	1899-07-15	day	1899	81	Scientific American 1899-07-15: Vol 81 Iss 3	English
sim_scientific-american_1899-07-22_81_4	1899-07-22	day	1899	81	Scientific American 1899-07-22: Vol 81 Iss 4	English
sim_scientific-american_1899-07-29_81_5	1899-07-29	day	1899	81	Scientific American 1899-07-29: Vol 81 Iss 5	English
sim_scientific-american_1899-08-05_81_6	1899-08-05	day	1899	81	Scientific American 1899-08-05: Vol 81 Iss 6	English
sim_scientific-american_1899-08-12_81_7	1899-08-12	day	1899	81	Scientific American 1899-08-12: Vol 81 Iss 7	English
sim_scientific-american_1899-08-19_81_8	1899-08-19	day	1899	81	Scientific American 1899-08-19: Vol 81 Iss 8	English
sim_scientific-american_1899-08-26_81_9	1899-08-26	day	1899	81	Scientific American 1899-08-26: Vol 81 Iss 9	English
sim_scientific-american_1899-09-02_81_10	1899-09-02	day	1899	81	Scientific American 1899-09-02: Vol 81 Iss 10	English
sim_scientific-american_1899-09-09_81_11	1899-09-09	day	1899	81	Scientific American 1899-09-09: Vol 81 Iss 11	English
sim_scientific-american_1899-09-16_81_12	1899-09-16	day	1899	81	Scientific American 1899-09-16: Vol 81 Iss 12	English
sim_scientific-american_1899-09-23_81_13	1899-09-23	day	1899	81	Scientific American 1899-09-23: Vol 81 Iss 13	English
sim_scientific-american_1899-09-30_81_14	1899-09-30	day	1899	81	Scientific American 1899-09-30: Vol 81 Iss 14	English
sim_scientific-american_1899-10-07_81_15	1899-10-07	day	1899	81	Scientific American 1899-10-07: Vol 81 Iss 15	English
sim_scientific-american_1899-10-14_81_16	1899-10-14	day	1899	81	Scientific American 1899-10-14: Vol 81 Iss 16	English
sim_scientific-american_1899-10-21_81_17	1899-10-21	day	1899	81	Scientific American 1899-10-21: Vol 81 Iss 17	English
sim_scientific-american_1899-10-28_81_18	1899-10-28	day	1899	81	Scientific American 1899-10-28: Vol 81 Iss 18	English
sim_scientific-american_1899-11-04_81_19	1899-11-04	day	1899	81	Scientific American 1899-11-04: Vol 81 Iss 19	English
sim_scientific-american_1899-11-11_81_20	1899-11-11	day	1899	81	Scientific American 1899-11-11: Vol 81 Iss 20	English
sim_scientific-american_1899-11-18_81_21	1899-11-18	day	1899	81	Scientific American 1899-11-18: Vol 81 Iss 21	English
sim_scientific-american_1899-11-25_81_22	1899-11-25	day	1899	81	Scientific American 1899-11-25: Vol 81 Iss 22	English
sim_scientific-american_1899-12-02_81_23	1899-12-02	day	1899	81	Scientific American 1899-12-02: Vol 81 Iss 23	English
sim_scientific-american_1899-12-09_81_24	1899-12-09	day	1899	81	Scientific American 1899-12-09: Vol 81 Iss 24	English
sim_scientific-american_1899-12-16_81_25	1899-12-16	day	1899	81	Scientific American 1899-12-16: Vol 81 Iss 25	English
sim_scientific-american_1899-12-23_81_26	1899-12-23	day	1899	81	Scientific American 1899-12-23: Vol 81 Iss 26	English
sim_scientific-american_1899-12-30_81_27	1899-12-30	day	1899	81	Scientific American 1899-12-30: Vol 81 Iss 27	English
sim_scientific-american_1899_80_index	1899-01-01	year	1899	80	Scientific American 1899: Vol 80 Index	English
sim_scientific-american_1899_81_index	1899-01-01	year	1899	81	Scientific American 1899: Vol 81 Index	English
sim_scientific-american_1900-01-06_82_1	1900-01-06	day	1900	82	Scientific American 1900-01-06: Vol 82 Iss 1	English
sim_scientific-american_1900-01-13_82_2	1900-01-13	day	1900	82	Scientific American 1900-01-13: Vol 82 Iss 2	English
sim_scientific-american_1900-01-20_82_3	1900-01-20	day	1900	82	Scientific American 1900-01-20: Vol 82 Iss 3	English
sim_scientific-american_1900-01-27_82_4	1900-01-27	day	1900	82	Scientific American 1900-01-27: Vol 82 Iss 4	English
sim_scientific-american_1900-02-03_82_5	1900-02-03	day	1900	82	Scientific American 1900-02-03: Vol 82 Iss 5	English
sim_scientific-american_1900-02-10_82_6	1900-02-10	day	1900	82	Scientific American 1900-02-10: Vol 82 Iss 6	English
sim_scientific-american_1900-02-17_82_7	1900-02-17	day	1900	82	Scientific American 1900-02-17: Vol 82 Iss 7	English
sim_scientific-american_1900-02-24_82_8	1900-02-24	day	1900	82	Scientific American 1900-02-24: Vol 82 Iss 8	English
sim_scientific-american_1900-03-03_82_9	1900-03-03	day	1900	82	Scientific American 1900-03-03: Vol 82 Iss 9	English
sim_scientific-american_1900-03-10_82_10	1900-03-10	day	1900	82	Scientific American 1900-03-10: Vol 82 Iss 10	English
sim_scientific-american_1900-03-17_82_11	1900-03-17	day	1900	82	Scientific American 1900-03-17: Vol 82 Iss 11	English
sim_scientific-american_1900-03-24_82_12	1900-03-24	day	1900	82	Scientific American 1900-03-24: Vol 82 Iss 12	English
sim_scientific-american_1900-03-31_82_13	1900-03-31	day	1900	82	Scientific American 1900-03-31: Vol 82 Iss 13	English
sim_scientific-american_1900-04-07_82_14	1900-04-07	day	1900	82	Scientific American 1900-04-07: Vol 82 Iss 14	English
sim_scientific-american_1900-04-14_82_15	1900-04-14	day	1900	82	Scientific American 1900-04-14: Vol 82 Iss 15	English
sim_scientific-american_1900-04-21_82_16	1900-04-21	day	1900	82	Scientific American 1900-04-21: Vol 82 Iss 16	English
sim_scientific-american_1900-04-28_82_17	1900-04-28	day	1900	82	Scientific American 1900-04-28: Vol 82 Iss 17	English
sim_scientific-american_1900-05-05_82_18	1900-05-05	day	1900	82	Scientific American 1900-05-05: Vol 82 Iss 18	English
sim_scientific-american_1900-05-12_82_19	1900-05-12	day	1900	82	Scientific American 1900-05-12: Vol 82 Iss 19	English
sim_scientific-american_1900-05-19_82_20	1900-05-19	day	1900	82	Scientific American 1900-05-19: Vol 82 Iss 20	English
sim_scientific-american_1900-05-26_82_21	1900-05-26	day	1900	82	Scientific American 1900-05-26: Vol 82 Iss 21	English
sim_scientific-american_1900-06-02_82_22	1900-06-02	day	1900	82	Scientific American 1900-06-02: Vol 82 Iss 22	English
sim_scientific-american_1900-06-09_82_23	1900-06-09	day	1900	82	Scientific American 1900-06-09: Vol 82 Iss 23	English
sim_scientific-american_1900-06-16_82_24	1900-06-16	day	1900	82	Scientific American 1900-06-16: Vol 82 Iss 24	English
sim_scientific-american_1900-06-23_82_25	1900-06-23	day	1900	82	Scientific American 1900-06-23: Vol 82 Iss 25	English
sim_scientific-american_1900-06-30_82_26	1900-06-30	day	1900	82	Scientific American 1900-06-30: Vol 82 Iss 26	English
sim_scientific-american_1900-07-07_83_1	1900-07-07	day	1900	83	Scientific American 1900-07-07: Vol 83 Iss 1	English
sim_scientific-american_1900-07-14_83_2	1900-07-14	day	1900	83	Scientific American 1900-07-14: Vol 83 Iss 2	English
sim_scientific-american_1900-07-21_83_3	1900-07-21	day	1900	83	Scientific American 1900-07-21: Vol 83 Iss 3	English
sim_scientific-american_1900-07-28_83_4	1900-07-28	day	1900	83	Scientific American 1900-07-28: Vol 83 Iss 4	English
sim_scientific-american_1900-08-04_83_5	1900-08-04	day	1900	83	Scientific American 1900-08-04: Vol 83 Iss 5	English
sim_scientific-american_1900-08-11_83_6	1900-08-11	day	1900	83	Scientific American 1900-08-11: Vol 83 Iss 6	English
sim_scientific-american_1900-08-18_83_7	1900-08-18	day	1900	83	Scientific American 1900-08-18: Vol 83 Iss 7	English
sim_scientific-american_1900-08-25_83_8	1900-08-25	day	1900	83	Scientific American 1900-08-25: Vol 83 Iss 8	English
sim_scientific-american_1900-09-01_83_9	1900-09-01	day	1900	83	Scientific American 1900-09-01: Vol 83 Iss 9	English
sim_scientific-american_1900-09-08_83_10	1900-09-08	day	1900	83	Scientific American 1900-09-08: Vol 83 Iss 10	English
sim_scientific-american_1900-09-15_83_11	1900-09-15	day	1900	83	Scientific American 1900-09-15: Vol 83 Iss 11	English
sim_scientific-american_1900-09-22_83_12	1900-09-22	day	1900	83	Scientific American 1900-09-22: Vol 83 Iss 12	English
sim_scientific-american_1900-09-29_83_13	1900-09-29	day	1900	83	Scientific American 1900-09-29: Vol 83 Iss 13	English
sim_scientific-american_1900-10-06_83_14	1900-10-06	day	1900	83	Scientific American 1900-10-06: Vol 83 Iss 14	English
sim_scientific-american_1900-10-13_83_15	1900-10-13	day	1900	83	Scientific American 1900-10-13: Vol 83 Iss 15	English
sim_scientific-american_1900-10-20_83_16	1900-10-20	day	1900	83	Scientific American 1900-10-20: Vol 83 Iss 16	English
sim_scientific-american_1900-10-27_83_17	1900-10-27	day	1900	83	Scientific American 1900-10-27: Vol 83 Iss 17	English
sim_scientific-american_1900-11-03_83_18	1900-11-03	day	1900	83	Scientific American 1900-11-03: Vol 83 Iss 18	English
sim_scientific-american_1900-11-10_83_19	1900-11-10	day	1900	83	Scientific American 1900-11-10: Vol 83 Iss 19	English
sim_scientific-american_1900-11-17_83_20	1900-11-17	day	1900	83	Scientific American 1900-11-17: Vol 83 Iss 20	English
sim_scientific-american_1900-11-24_83_21	1900-11-24	day	1900	83	Scientific American 1900-11-24: Vol 83 Iss 21	English
sim_scientific-american_1900-12-01_83_22	1900-12-01	day	1900	83	Scientific American 1900-12-01: Vol 83 Iss 22	English
sim_scientific-american_1900-12-08_83_23	1900-12-08	day	1900	83	Scientific American 1900-12-08: Vol 83 Iss 23	English
sim_scientific-american_1900-12-15_83_24	1900-12-15	day	1900	83	Scientific American 1900-12-15: Vol 83 Iss 24	English
sim_scientific-american_1900-12-22_83_25	1900-12-22	day	1900	83	Scientific American 1900-12-22: Vol 83 Iss 25	English
sim_scientific-american_1900-12-29_83_26	1900-12-29	day	1900	83	Scientific American 1900-12-29: Vol 83 Iss 26	English
sim_scientific-american_1900_82_index	1900-01-01	year	1900	82	Scientific American 1900: Vol 82 Index	English
sim_scientific-american_1900_83_index	1900-01-01	year	1900	83	Scientific American 1900: Vol 83 Index	English
sim_scientific-american_1901-01-05_84_1	1901-01-05	day	1901	84	Scientific American 1901-01-05: Vol 84 Iss 1	English
sim_scientific-american_1901-01-12_84_2	1901-01-12	day	1901	84	Scientific American 1901-01-12: Vol 84 Iss 2	English
sim_scientific-american_1901-01-19_84_3	1901-01-19	day	1901	84	Scientific American 1901-01-19: Vol 84 Iss 3	English
sim_scientific-american_1901-01-26_84_4	1901-01-26	day	1901	84	Scientific American 1901-01-26: Vol 84 Iss 4	English
sim_scientific-american_1901-02-02_84_5	1901-02-02	day	1901	84	Scientific American 1901-02-02: Vol 84 Iss 5	English
sim_scientific-american_1901-02-09_84_6	1901-02-09	day	1901	84	Scientific American 1901-02-09: Vol 84 Iss 6	English
sim_scientific-american_1901-02-16_84_7	1901-02-16	day	1901	84	Scientific American 1901-02-16: Vol 84 Iss 7	English
sim_scientific-american_1901-02-23_84_8	1901-02-23	day	1901	84	Scientific American 1901-02-23: Vol 84 Iss 8	English
sim_scientific-american_1901-03-02_84_9	1901-03-02	day	1901	84	Scientific American 1901-03-02: Vol 84 Iss 9	English
sim_scientific-american_1901-03-09_84_10	1901-03-09	day	1901	84	Scientific American 1901-03-09: Vol 84 Iss 10	English
sim_scientific-american_1901-03-16_84_11	1901-03-16	day	1901	84	Scientific American 1901-03-16: Vol 84 Iss 11	English
sim_scientific-american_1901-03-23_84_12	1901-03-23	day	1901	84	Scientific American 1901-03-23: Vol 84 Iss 12	English
sim_scientific-american_1901-03-30_84_13	1901-03-30	day	1901	84	Scientific American 1901-03-30: Vol 84 Iss 13	English
sim_scientific-american_1901-04-06_84_14	1901-04-06	day	1901	84	Scientific American 1901-04-06: Vol 84 Iss 14	English
sim_scientific-american_1901-04-13_84_15	1901-04-13	day	1901	84	Scientific American 1901-04-13: Vol 84 Iss 15	English
sim_scientific-american_1901-04-20_84_16	1901-04-20	day	1901	84	Scientific American 1901-04-20: Vol 84 Iss 16	English
sim_scientific-american_1901-04-27_84_17	1901-04-27	day	1901	84	Scientific American 1901-04-27: Vol 84 Iss 17	English
sim_scientific-american_1901-05-04_84_18	1901-05-04	day	1901	84	Scientific American 1901-05-04: Vol 84 Iss 18	English
sim_scientific-american_1901-05-11_84_19	1901-05-11	day	1901	84	Scientific American 1901-05-11: Vol 84 Iss 19	English
sim_scientific-american_1901-05-18_84_20	1901-05-18	day	1901	84	Scientific American 1901-05-18: Vol 84 Iss 20	English
sim_scientific-american_1901-05-25_84_21	1901-05-25	day	1901	84	Scientific American 1901-05-25: Vol 84 Iss 21	English
sim_scientific-american_1901-06-01_84_22	1901-06-01	day	1901	84	Scientific American 1901-06-01: Vol 84 Iss 22	English
sim_scientific-american_1901-06-08_84_23	1901-06-08	day	1901	84	Scientific American 1901-06-08: Vol 84 Iss 23	English
sim_scientific-american_1901-06-15_84_24	1901-06-15	day	1901	84	Scientific American 1901-06-15: Vol 84 Iss 24	English
sim_scientific-american_1901-06-22_84_25	1901-06-22	day	1901	84	Scientific American 1901-06-22: Vol 84 Iss 25	English
sim_scientific-american_1901-06-29_84_26	1901-06-29	day	1901	84	Scientific American 1901-06-29: Vol 84 Iss 26	English
sim_scientific-american_1901-07-06_85_1	1901-07-06	day	1901	85	Scientific American 1901-07-06: Vol 85 Iss 1	English
sim_scientific-american_1901-07-13_85_2	1901-07-13	day	1901	85	Scientific American 1901-07-13: Vol 85 Iss 2	English
sim_scientific-american_1901-07-20_85_3	1901-07-20	day	1901	85	Scientific American 1901-07-20: Vol 85 Iss 3	English
sim_scientific-american_1901-07-27_85_4	1901-07-27	day	1901	85	Scientific American 1901-07-27: Vol 85 Iss 4	English
sim_scientific-american_1901-08-03_85_5	1901-08-03	day	1901	85	Scientific American 1901-08-03: Vol 85 Iss 5	English
sim_scientific-american_1901-08-10_85_6	1901-08-10	day	1901	85	Scientific American 1901-08-10: Vol 85 Iss 6	English
sim_scientific-american_1901-08-17_85_7	1901-08-17	day	1901	85	Scientific American 1901-08-17: Vol 85 Iss 7	English
sim_scientific-american_1901-08-24_85_8	1901-08-24	day	1901	85	Scientific American 1901-08-24: Vol 85 Iss 8	English
sim_scientific-american_1901-08-31_85_9	1901-08-31	day	1901	85	Scientific American 1901-08-31: Vol 85 Iss 9	English
sim_scientific-american_1901-09-07_85_10	1901-09-07	day	1901	85	Scientific American 1901-09-07: Vol 85 Iss 10	English
sim_scientific-american_1901-09-14_85_11	1901-09-14	day	1901	85	Scientific American 1901-09-14: Vol 85 Iss 11	English
sim_scientific-american_1901-09-21_85_12	1901-09-21	day	1901	85	Scientific American 1901-09-21: Vol 85 Iss 12	English
sim_scientific-american_1901-09-28_85_13	1901-09-28	day	1901	85	Scientific American 1901-09-28: Vol 85 Iss 13	English
sim_scientific-american_1901-10-05_85_14	1901-10-05	day	1901	85	Scientific American 1901-10-05: Vol 85 Iss 14	English
sim_scientific-american_1901-10-12_85_15	1901-10-12	day	1901	85	Scientific American 1901-10-12: Vol 85 Iss 15	English
sim_scientific-american_1901-10-19_85_16	1901-10-19	day	1901	85	Scientific American 1901-10-19: Vol 85 Iss 16	English
sim_scientific-american_1901-10-26_85_17	1901-10-26	day	1901	85	Scientific American 1901-10-26: Vol 85 Iss 17	English
sim_scientific-american_1901-11-02_85_18	1901-11-02	day	1901	85	Scientific American 1901-11-02: Vol 85 Iss 18	English
sim_scientific-american_1901-11-09_85_19	1901-11-09	day	1901	85	Scientific American 1901-11-09: Vol 85 Iss 19	English
sim_scientific-american_1901-11-16_85_20	1901-11-16	day	1901	85	Scientific American 1901-11-16: Vol 85 Iss 20	English
sim_scientific-american_1901-11-23_85_21	1901-11-23	day	1901	85	Scientific American 1901-11-23: Vol 85 Iss 21	English
sim_scientific-american_1901-11-30_85_22	1901-11-30	day	1901	85	Scientific American 1901-11-30: Vol 85 Iss 22	English
sim_scientific-american_1901-12-07_85_23	1901-12-07	day	1901	85	Scientific American 1901-12-07: Vol 85 Iss 23	English
sim_scientific-american_1901-12-14_85_24	1901-12-14	day	1901	85	Scientific American 1901-12-14: Vol 85 Iss 24	English
sim_scientific-american_1901-12-21_85_25	1901-12-21	day	1901	85	Scientific American 1901-12-21: Vol 85 Iss 25	English
sim_scientific-american_1901-12-28_85_26	1901-12-28	day	1901	85	Scientific American 1901-12-28: Vol 85 Iss 26	English
sim_scientific-american_1901_84_index	1901-01-01	year	1901	84	Scientific American 1901: Vol 84 Index	English
sim_scientific-american_1901_85_index	1901-01-01	year	1901	85	Scientific American 1901: Vol 85 Index	English
sim_scientific-american_1902-01-04_86_1	1902-01-04	day	1902	86	Scientific American 1902-01-04: Vol 86 Iss 1	English
sim_scientific-american_1902-01-11_86_2	1902-01-11	day	1902	86	Scientific American 1902-01-11: Vol 86 Iss 2	English
sim_scientific-american_1902-01-18_86_3	1902-01-18	day	1902	86	Scientific American 1902-01-18: Vol 86 Iss 3	English
sim_scientific-american_1902-01-25_86_4	1902-01-25	day	1902	86	Scientific American 1902-01-25: Vol 86 Iss 4	English
sim_scientific-american_1902-02-01_86_5	1902-02-01	day	1902	86	Scientific American 1902-02-01: Vol 86 Iss 5	English
sim_scientific-american_1902-02-08_86_6	1902-02-08	day	1902	86	Scientific American 1902-02-08: Vol 86 Iss 6	English
sim_scientific-american_1902-02-15_86_7	1902-02-15	day	1902	86	Scientific American 1902-02-15: Vol 86 Iss 7	English
sim_scientific-american_1902-02-22_86_8	1902-02-22	day	1902	86	Scientific American 1902-02-22: Vol 86 Iss 8	English
sim_scientific-american_1902-03-01_86_9	1902-03-01	day	1902	86	Scientific American 1902-03-01: Vol 86 Iss 9	English
sim_scientific-american_1902-03-08_86_10	1902-03-08	day	1902	86	Scientific American 1902-03-08: Vol 86 Iss 10	English
sim_scientific-american_1902-03-15_86_11	1902-03-15	day	1902	86	Scientific American 1902-03-15: Vol 86 Iss 11	English
sim_scientific-american_1902-03-22_86_12	1902-03-22	day	1902	86	Scientific American 1902-03-22: Vol 86 Iss 12	English
sim_scientific-american_1902-03-29_86_13	1902-03-29	day	1902	86	Scientific American 1902-03-29: Vol 86 Iss 13	English
sim_scientific-american_1902-04-05_86_14	1902-04-05	day	1902	86	Scientific American 1902-04-05: Vol 86 Iss 14	English
sim_scientific-american_1902-04-12_86_15	1902-04-12	day	1902	86	Scientific American 1902-04-12: Vol 86 Iss 15	English
sim_scientific-american_1902-04-19_86_16	1902-04-19	day	1902	86	Scientific American 1902-04-19: Vol 86 Iss 16	English
sim_scientific-american_1902-04-26_86_17	1902-04-26	day	1902	86	Scientific American 1902-04-26: Vol 86 Iss 17	English
sim_scientific-american_1902-05-03_86_18	1902-05-03	day	1902	86	Scientific American 1902-05-03: Vol 86 Iss 18	English
sim_scientific-american_1902-05-10_86_19	1902-05-10	day	1902	86	Scientific American 1902-05-10: Vol 86 Iss 19	English
sim_scientific-american_1902-05-17_86_20	1902-05-17	day	1902	86	Scientific American 1902-05-17: Vol 86 Iss 20	English
sim_scientific-american_1902-05-24_86_21	1902-05-24	day	1902	86	Scientific American 1902-05-24: Vol 86 Iss 21	English
sim_scientific-american_1902-05-31_86_22	1902-05-31	day	1902	86	Scientific American 1902-05-31: Vol 86 Iss 22	English
sim_scientific-american_1902-06-07_86_23	1902-06-07	day	1902	86	Scientific American 1902-06-07: Vol 86 Iss 23	English
sim_scientific-american_1902-06-14_86_24	1902-06-14	day	1902	86	Scientific American 1902-06-14: Vol 86 Iss 24	English
sim_scientific-american_1902-06-21_86_25	1902-06-21	day	1902	86	Scientific American 1902-06-21: Vol 86 Iss 25	English
sim_scientific-american_1902-06-28_86_26	1902-06-28	day	1902	86	Scientific American 1902-06-28: Vol 86 Iss 26	English
sim_scientific-american_1902-07-05_87_1	1902-07-05	day	1902	87	Scientific American 1902-07-05: Vol 87 Iss 1	English
sim_scientific-american_1902-07-12_87_2	1902-07-12	day	1902	87	Scientific American 1902-07-12: Vol 87 Iss 2	English
sim_scientific-american_1902-07-19_87_3	1902-07-19	day	1902	87	Scientific American 1902-07-19: Vol 87 Iss 3	English
sim_scientific-american_1902-07-26_87_4	1902-07-26	day	1902	87	Scientific American 1902-07-26: Vol 87 Iss 4	English
sim_scientific-american_1902-08-02_87_5	1902-08-02	day	1902	87	Scientific American 1902-08-02: Vol 87 Iss 5	English
sim_scientific-american_1902-08-09_87_6	1902-08-09	day	1902	87	Scientific American 1902-08-09: Vol 87 Iss 6	English
sim_scientific-american_1902-08-16_87_7	1902-08-16	day	1902	87	Scientific American 1902-08-16: Vol 87 Iss 7	English
sim_scientific-american_1902-08-23_87_8	1902-08-23	day	1902	87	Scientific American 1902-08-23: Vol 87 Iss 8	English
sim_scientific-american_1902-08-30_87_9	1902-08-30	day	1902	87	Scientific American 1902-08-30: Vol 87 Iss 9	English
sim_scientific-american_1902-09-06_87_10	1902-09-06	day	1902	87	Scientific American 1902-09-06: Vol 87 Iss 10	English
sim_scientific-american_1902-09-13_87_11	1902-09-13	day	1902	87	Scientific American 1902-09-13: Vol 87 Iss 11	English
sim_scientific-american_1902-09-20_87_12	1902-09-20	day	1902	87	Scientific American 1902-09-20: Vol 87 Iss 12	English
sim_scientific-american_1902-09-27_87_13	1902-09-27	day	1902	87	Scientific American 1902-09-27: Vol 87 Iss 13	English
sim_scientific-american_1902-10-04_87_14	1902-10-04	day	1902	87	Scientific American 1902-10-04: Vol 87 Iss 14	English
sim_scientific-american_1902-10-11_87_15	1902-10-11	day	1902	87	Scientific American 1902-10-11: Vol 87 Iss 15	English
sim_scientific-american_1902-10-18_87_16	1902-10-18	day	1902	87	Scientific American 1902-10-18: Vol 87 Iss 16	English
sim_scientific-american_1902-10-25_87_17	1902-10-25	day	1902	87	Scientific American 1902-10-25: Vol 87 Iss 17	English
sim_scientific-american_1902-11-01_87_18	1902-11-01	day	1902	87	Scientific American 1902-11-01: Vol 87 Iss 18	English
sim_scientific-american_1902-11-08_87_19	1902-11-08	day	1902	87	Scientific American 1902-11-08: Vol 87 Iss 19	English
sim_scientific-american_1902-11-15_87_20	1902-11-15	day	1902	87	Scientific American 1902-11-15: Vol 87 Iss 20	English
sim_scientific-american_1902-11-22_87_21	1902-11-22	day	1902	87	Scientific American 1902-11-22: Vol 87 Iss 21	English
sim_scientific-american_1902-11-29_87_22	1902-11-29	day	1902	87	Scientific American 1902-11-29: Vol 87 Iss 22	English
sim_scientific-american_1902-12-06_87_23	1902-12-06	day	1902	87	Scientific American 1902-12-06: Vol 87 Iss 23	English
sim_scientific-american_1902-12-13_87_24	1902-12-13	day	1902	87	Scientific American 1902-12-13: Vol 87 Iss 24	English
sim_scientific-american_1902-12-20_87_25	1902-12-20	day	1902	87	Scientific American 1902-12-20: Vol 87 Iss 25	English
sim_scientific-american_1902-12-27_87_26	1902-12-27	day	1902	87	Scientific American 1902-12-27: Vol 87 Iss 26	English
sim_scientific-american_1902_86_index	1902-01-01	year	1902	86	Scientific American 1902: Vol 86 Index	English
sim_scientific-american_1902_87_index	1902-01-01	year	1902	87	Scientific American 1902: Vol 87 Index	English
sim_scientific-american_1903-01-03_88_1	1903-01-03	day	1903	88	Scientific American 1903-01-03: Vol 88 Iss 1	English
sim_scientific-american_1903-01-10_88_2	1903-01-10	day	1903	88	Scientific American 1903-01-10: Vol 88 Iss 2	English
sim_scientific-american_1903-01-17_88_3	1903-01-17	day	1903	88	Scientific American 1903-01-17: Vol 88 Iss 3	English
sim_scientific-american_1903-01-24_88_4	1903-01-24	day	1903	88	Scientific American 1903-01-24: Vol 88 Iss 4	English
sim_scientific-american_1903-01-31_88_5	1903-01-31	day	1903	88	Scientific American 1903-01-31: Vol 88 Iss 5	English
sim_scientific-american_1903-02-07_88_6	1903-02-07	day	1903	88	Scientific American 1903-02-07: Vol 88 Iss 6	English
sim_scientific-american_1903-02-14_88_7	1903-02-14	day	1903	88	Scientific American 1903-02-14: Vol 88 Iss 7	English
sim_scientific-american_1903-02-21_88_8	1903-02-21	day	1903	88	Scientific American 1903-02-21: Vol 88 Iss 8	English
sim_scientific-american_1903-02-28_88_9	1903-02-28	day	1903	88	Scientific American 1903-02-28: Vol 88 Iss 9	English
sim_scientific-american_1903-03-07_88_10	1903-03-07	day	1903	88	Scientific American 1903-03-07: Vol 88 Iss 10	English
sim_scientific-american_1903-03-14_88_11	1903-03-14	day	1903	88	Scientific American 1903-03-14: Vol 88 Iss 11	English
sim_scientific-american_1903-03-21_88_12	1903-03-21	day	1903	88	Scientific American 1903-03-21: Vol 88 Iss 12	English
sim_scientific-american_1903-03-28_88_13	1903-03-28	day	1903	88	Scientific American 1903-03-28: Vol 88 Iss 13	English
sim_scientific-american_1903-04-04_88_14	1903-04-04	day	1903	88	Scientific American 1903-04-04: Vol 88 Iss 14	English
sim_scientific-american_1903-04-11_88_15	1903-04-11	day	1903	88	Scientific American 1903-04-11: Vol 88 Iss 15	English
sim_scientific-american_1903-04-18_88_16	1903-04-18	day	1903	88	Scientific American 1903-04-18: Vol 88 Iss 16	English
sim_scientific-american_1903-04-25_88_17	1903-04-25	day	1903	88	Scientific American 1903-04-25: Vol 88 Iss 17	English
sim_scientific-american_1903-05-02_88_18	1903-05-02	day	1903	88	Scientific American 1903-05-02: Vol 88 Iss 18	English
sim_scientific-american_1903-05-09_88_19	1903-05-09	day	1903	88	Scientific American 1903-05-09: Vol 88 Iss 19	English
sim_scientific-american_1903-05-16_88_20	1903-05-16	day	1903	88	Scientific American 1903-05-16: Vol 88 Iss 20	English
sim_scientific-american_1903-05-23_88_21	1903-05-23	day	1903	88	Scientific American 1903-05-23: Vol 88 Iss 21	English
sim_scientific-american_1903-05-30_88_22	1903-05-30	day	1903	88	Scientific American 1903-05-30: Vol 88 Iss 22	English
sim_scientific-american_1903-06-06_88_23	1903-06-06	day	1903	88	Scientific American 1903-06-06: Vol 88 Iss 23	English
sim_scientific-american_1903-06-13_88_24	1903-06-13	day	1903	88	Scientific American 1903-06-13: Vol 88 Iss 24	English
sim_scientific-american_1903-06-20_88_25	1903-06-20	day	1903	88	Scientific American 1903-06-20: Vol 88 Iss 25	English
sim_scientific-american_1903-06-27_88_26	1903-06-27	day	1903	88	Scientific American 1903-06-27: Vol 88 Iss 26	English
sim_scientific-american_1903-07-04_89_1	1903-07-04	day	1903	89	Scientific American 1903-07-04: Vol 89 Iss 1	English
sim_scientific-american_1903-07-11_89_2	1903-07-11	day	1903	89	Scientific American 1903-07-11: Vol 89 Iss 2	English
sim_scientific-american_1903-07-18_89_3	1903-07-18	day	1903	89	Scientific American 1903-07-18: Vol 89 Iss 3	English
sim_scientific-american_1903-07-25_89_4	1903-07-25	day	1903	89	Scientific American 1903-07-25: Vol 89 Iss 4	English
sim_scientific-american_1903-08-01_89_5	1903-08-01	day	1903	89	Scientific American 1903-08-01: Vol 89 Iss 5	English
sim_scientific-american_1903-08-08_89_6	1903-08-08	day	1903	89	Scientific American 1903-08-08: Vol 89 Iss 6	English
sim_scientific-american_1903-08-15_89_7	1903-08-15	day	1903	89	Scientific American 1903-08-15: Vol 89 Iss 7	English
sim_scientific-american_1903-08-22_89_8	1903-08-22	day	1903	89	Scientific American 1903-08-22: Vol 89 Iss 8	English
sim_scientific-american_1903-08-29_89_9	1903-08-29	day	1903	89	Scientific American 1903-08-29: Vol 89 Iss 9	English
sim_scientific-american_1903-09-05_89_10	1903-09-05	day	1903	89	Scientific American 1903-09-05: Vol 89 Iss 10	English
sim_scientific-american_1903-09-12_89_11	1903-09-12	day	1903	89	Scientific American 1903-09-12: Vol 89 Iss 11	English
sim_scientific-american_1903-09-19_89_12	1903-09-19	day	1903	89	Scientific American 1903-09-19: Vol 89 Iss 12	English
sim_scientific-american_1903-09-26_89_13	1903-09-26	day	1903	89	Scientific American 1903-09-26: Vol 89 Iss 13	English
sim_scientific-american_1903-10-03_89_14	1903-10-03	day	1903	89	Scientific American 1903-10-03: Vol 89 Iss 14	English
sim_scientific-american_1903-10-10_89_15	1903-10-10	day	1903	89	Scientific American 1903-10-10: Vol 89 Iss 15	English
sim_scientific-american_1903-10-17_89_16	1903-10-17	day	1903	89	Scientific American 1903-10-17: Vol 89 Iss 16	English
sim_scientific-american_1903-10-24_89_17	1903-10-24	day	1903	89	Scientific American 1903-10-24: Vol 89 Iss 17	English
sim_scientific-american_1903-10-31_89_18	1903-10-31	day	1903	89	Scientific American 1903-10-31: Vol 89 Iss 18	English
sim_scientific-american_1903-11-07_89_19	1903-11-07	day	1903	89	Scientific American 1903-11-07: Vol 89 Iss 19	English
sim_scientific-american_1903-11-14_89_20	1903-11-14	day	1903	89	Scientific American 1903-11-14: Vol 89 Iss 20	English
sim_scientific-american_1903-11-21_89_21	1903-11-21	day	1903	89	Scientific American 1903-11-21: Vol 89 Iss 21	English
sim_scientific-american_1903-11-28_89_22	1903-11-28	day	1903	89	Scientific American 1903-11-28: Vol 89 Iss 22	English
sim_scientific-american_1903-12-05_89_23	1903-12-05	day	1903	89	Scientific American 1903-12-05: Vol 89 Iss 23	English
sim_scientific-american_1903-12-12_89_24	1903-12-12	day	1903	89	Scientific American 1903-12-12: Vol 89 Iss 24	English
sim_scientific-american_1903-12-19_89_25	1903-12-19	day	1903	89	Scientific American 1903-12-19: Vol 89 Iss 25	English
sim_scientific-american_1903-12-26_89_26	1903-12-26	day	1903	89	Scientific American 1903-12-26: Vol 89 Iss 26	English
sim_scientific-american_1903_88_index	1903-01-01	year	1903	88	Scientific American 1903: Vol 88 Index	English
sim_scientific-american_1903_89_index	1903-01-01	year	1903	89	Scientific American 1903: Vol 89 Index	English
sim_scientific-american_1904-01-02_90_1	1904-01-02	day	1904	90	Scientific American 1904-01-02: Vol 90 Iss 1	English
sim_scientific-american_1904-01-09_90_2	1904-01-09	day	1904	90	Scientific American 1904-01-09: Vol 90 Iss 2	English
sim_scientific-american_1904-01-16_90_3	1904-01-16	day	1904	90	Scientific American 1904-01-16: Vol 90 Iss 3	English
sim_scientific-american_1904-01-23_90_4	1904-01-23	day	1904	90	Scientific American 1904-01-23: Vol 90 Iss 4	English
sim_scientific-american_1904-01-30_90_5	1904-01-30	day	1904	90	Scientific American 1904-01-30: Vol 90 Iss 5	English
sim_scientific-american_1904-02-06_90_6	1904-02-06	day	1904	90	Scientific American 1904-02-06: Vol 90 Iss 6	English
sim_scientific-american_1904-02-13_90_7	1904-02-13	day	1904	90	Scientific American 1904-02-13: Vol 90 Iss 7	English
sim_scientific-american_1904-02-20_90_8	1904-02-20	day	1904	90	Scientific American 1904-02-20: Vol 90 Iss 8	English
sim_scientific-american_1904-02-27_90_9	1904-02-27	day	1904	90	Scientific American 1904-02-27: Vol 90 Iss 9	English
sim_scientific-american_1904-03-05_90_10	1904-03-05	day	1904	90	Scientific American 1904-03-05: Vol 90 Iss 10	English
sim_scientific-american_1904-03-12_90_11	1904-03-12	day	1904	90	Scientific American 1904-03-12: Vol 90 Iss 11	English
sim_scientific-american_1904-03-19_90_12	1904-03-19	day	1904	90	Scientific American 1904-03-19: Vol 90 Iss 12	English
sim_scientific-american_1904-03-26_90_13	1904-03-26	day	1904	90	Scientific American 1904-03-26: Vol 90 Iss 13	English
sim_scientific-american_1904-04-02_90_14	1904-04-02	day	1904	90	Scientific American 1904-04-02: Vol 90 Iss 14	English
sim_scientific-american_1904-04-09_90_15	1904-04-09	day	1904	90	Scientific American 1904-04-09: Vol 90 Iss 15	English
sim_scientific-american_1904-04-16_90_16	1904-04-16	day	1904	90	Scientific American 1904-04-16: Vol 90 Iss 16	English
sim_scientific-american_1904-04-23_90_17	1904-04-23	day	1904	90	Scientific American 1904-04-23: Vol 90 Iss 17	English
sim_scientific-american_1904-04-30_90_18	1904-04-30	day	1904	90	Scientific American 1904-04-30: Vol 90 Iss 18	English
sim_scientific-american_1904-05-07_90_19	1904-05-07	day	1904	90	Scientific American 1904-05-07: Vol 90 Iss 19	English
sim_scientific-american_1904-05-14_90_20	1904-05-14	day	1904	90	Scientific American 1904-05-14: Vol 90 Iss 20	English
sim_scientific-american_1904-05-21_90_21	1904-05-21	day	1904	90	Scientific American 1904-05-21: Vol 90 Iss 21	English
sim_scientific-american_1904-05-28_90_22	1904-05-28	day	1904	90	Scientific American 1904-05-28: Vol 90 Iss 22	English
sim_scientific-american_1904-06-04_90_23	1904-06-04	day	1904	90	Scientific American 1904-06-04: Vol 90 Iss 23	English
sim_scientific-american_1904-06-11_90_24	1904-06-11	day	1904	90	Scientific American 1904-06-11: Vol 90 Iss 24	English
sim_scientific-american_1904-06-18_90_25	1904-06-18	day	1904	90	Scientific American 1904-06-18: Vol 90 Iss 25	English
sim_scientific-american_1904-06-25_90_26	1904-06-25	day	1904	90	Scientific American 1904-06-25: Vol 90 Iss 26	English
sim_scientific-american_1904-07-02_91_1	1904-07-02	day	1904	91	Scientific American 1904-07-02: Vol 91 Iss 1	English
sim_scientific-american_1904-07-09_91_2	1904-07-09	day	1904	91	Scientific American 1904-07-09: Vol 91 Iss 2	English
sim_scientific-american_1904-07-16_91_3	1904-07-16	day	1904	91	Scientific American 1904-07-16: Vol 91 Iss 3	English
sim_scientific-american_1904-07-23_91_4	1904-07-23	day	1904	91	Scientific American 1904-07-23: Vol 91 Iss 4	English
sim_scientific-american_1904-07-30_91_5	1904-07-30	day	1904	91	Scientific American 1904-07-30: Vol 91 Iss 5	English
sim_scientific-american_1904-08-06_91_6	1904-08-06	day	1904	91	Scientific American 1904-08-06: Vol 91 Iss 6	English
sim_scientific-american_1904-08-13_91_7	1904-08-13	day	1904	91	Scientific American 1904-08-13: Vol 91 Iss 7	English
sim_scientific-american_1904-08-20_91_8	1904-08-20	day	1904	91	Scientific American 1904-08-20: Vol 91 Iss 8	English
sim_scientific-american_1904-08-27_91_9	1904-08-27	day	1904	91	Scientific American 1904-08-27: Vol 91 Iss 9	English
sim_scientific-american_1904-09-03_91_10	1904-09-03	day	1904	91	Scientific American 1904-09-03: Vol 91 Iss 10	English
sim_scientific-american_1904-09-10_91_11	1904-09-10	day	1904	91	Scientific American 1904-09-10: Vol 91 Iss 11	English
sim_scientific-american_1904-09-17_91_12	1904-09-17	day	1904	91	Scientific American 1904-09-17: Vol 91 Iss 12	English
sim_scientific-american_1904-09-24_91_13	1904-09-24	day	1904	91	Scientific American 1904-09-24: Vol 91 Iss 13	English
sim_scientific-american_1904-10-01_91_14	1904-10-01	day	1904	91	Scientific American 1904-10-01: Vol 91 Iss 14	English
sim_scientific-american_1904-10-08_91_15	1904-10-08	day	1904	91	Scientific American 1904-10-08: Vol 91 Iss 15	English
sim_scientific-american_1904-10-15_91_16	1904-10-15	day	1904	91	Scientific American 1904-10-15: Vol 91 Iss 16	English
sim_scientific-american_1904-10-22_91_17	1904-10-22	day	1904	91	Scientific American 1904-10-22: Vol 91 Iss 17	English
sim_scientific-american_1904-10-29_91_18	1904-10-29	day	1904	91	Scientific American 1904-10-29: Vol 91 Iss 18	English
sim_scientific-american_1904-11-05_91_19	1904-11-05	day	1904	91	Scientific American 1904-11-05: Vol 91 Iss 19	English
sim_scientific-american_1904-11-12_91_20	1904-11-12	day	1904	91	Scientific American 1904-11-12: Vol 91 Iss 20	English
sim_scientific-american_1904-11-19_91_21	1904-11-19	day	1904	91	Scientific American 1904-11-19: Vol 91 Iss 21	English
sim_scientific-american_1904-11-26_91_22	1904-11-26	day	1904	91	Scientific American 1904-11-26: Vol 91 Iss 22	English
sim_scientific-american_1904-12-03_91_23	1904-12-03	day	1904	91	Scientific American 1904-12-03: Vol 91 Iss 23	English
sim_scientific-american_1904-12-10_91_24	1904-12-10	day	1904	91	Scientific American 1904-12-10: Vol 91 Iss 24	English
sim_scientific-american_1904-12-17_91_25	1904-12-17	day	1904	91	Scientific American 1904-12-17: Vol 91 Iss 25	English
sim_scientific-american_1904-12-24_91_26	1904-12-24	day	1904	91	Scientific American 1904-12-24: Vol 91 Iss 26	English
sim_scientific-american_1904-12-31_91_27	1904-12-31	day	1904	91	Scientific American 1904-12-31: Vol 91 Iss 27	English
sim_scientific-american_1904_90_index	1904-01-01	year	1904	90	Scientific American 1904: Vol 90 Index	English
sim_scientific-american_1904_91_index	1904-01-01	year	1904	91	Scientific American 1904: Vol 91 Index	English
sim_scientific-american_1905-01-07_92_1	1905-01-07	day	1905	92	Scientific American 1905-01-07: Vol 92 Iss 1	English
sim_scientific-american_1905-01-14_92_2	1905-01-14	day	1905	92	Scientific American 1905-01-14: Vol 92 Iss 2	English
sim_scientific-american_1905-01-21_92_3	1905-01-21	day	1905	92	Scientific American 1905-01-21: Vol 92 Iss 3	English
sim_scientific-american_1905-01-28_92_4	1905-01-28	day	1905	92	Scientific American 1905-01-28: Vol 92 Iss 4	English
sim_scientific-american_1905-02-04_92_5	1905-02-04	day	1905	92	Scientific American 1905-02-04: Vol 92 Iss 5	English
sim_scientific-american_1905-02-11_92_6	1905-02-11	day	1905	92	Scientific American 1905-02-11: Vol 92 Iss 6	English
sim_scientific-american_1905-02-18_92_7	1905-02-18	day	1905	92	Scientific American 1905-02-18: Vol 92 Iss 7	English
sim_scientific-american_1905-02-25_92_8	1905-02-25	day	1905	92	Scientific American 1905-02-25: Vol 92 Iss 8	English
sim_scientific-american_1905-03-04_92_9	1905-03-04	day	1905	92	Scientific American 1905-03-04: Vol 92 Iss 9	English
sim_scientific-american_1905-03-11_92_10	1905-03-11	day	1905	92	Scientific American 1905-03-11: Vol 92 Iss 10	English
sim_scientific-american_1905-03-18_92_11	1905-03-18	day	1905	92	Scientific American 1905-03-18: Vol 92 Iss 11	English
sim_scientific-american_1905-03-25_92_12	1905-03-25	day	1905	92	Scientific American 1905-03-25: Vol 92 Iss 12	English
sim_scientific-american_1905-04-01_92_13	1905-04-01	day	1905	92	Scientific American 1905-04-01: Vol 92 Iss 13	English
sim_scientific-american_1905-04-08_92_14	1905-04-08	day	1905	92	Scientific American 1905-04-08: Vol 92 Iss 14	English
sim_scientific-american_1905-04-15_92_15	1905-04-15	day	1905	92	Scientific American 1905-04-15: Vol 92 Iss 15	English
sim_scientific-american_1905-04-22_92_16	1905-04-22	day	1905	92	Scientific American 1905-04-22: Vol 92 Iss 16	English
sim_scientific-american_1905-04-29_92_17	1905-04-29	day	1905	92	Scientific American 1905-04-29: Vol 92 Iss 17	English
sim_scientific-american_1905-05-06_92_18	1905-05-06	day	1905	92	Scientific American 1905-05-06: Vol 92 Iss 18	English
sim_scientific-american_1905-05-13_92_19	1905-05-13	day	1905	92	Scientific American 1905-05-13: Vol 92 Iss 19	English
sim_scientific-american_1905-05-20_92_20	1905-05-20	day	1905	92	Scientific American 1905-05-20: Vol 92 Iss 20	English
sim_scientific-american_1905-05-27_92_21	1905-05-27	day	1905	92	Scientific American 1905-05-27: Vol 92 Iss 21	English
sim_scientific-american_1905-06-03_92_22	1905-06-03	day	1905	92	Scientific American 1905-06-03: Vol 92 Iss 22	English
sim_scientific-american_1905-06-10_92_23	1905-06-10	day	1905	92	Scientific American 1905-06-10: Vol 92 Iss 23	English
sim_scientific-american_1905-06-17_92_24	1905-06-17	day	1905	92	Scientific American 1905-06-17: Vol 92 Iss 24	English
sim_scientific-american_1905-06-24_92_25	1905-06-24	day	1905	92	Scientific American 1905-06-24: Vol 92 Iss 25	English
sim_scientific-american_1905-07-01_93_1	1905-07-01	day	1905	93	Scientific American 1905-07-01: Vol 93 Iss 1	English
sim_scientific-american_1905-07-08_93_2	1905-07-08	day	1905	93	Scientific American 1905-07-08: Vol 93 Iss 2	English
sim_scientific-american_1905-07-15_93_3	1905-07-15	day	1905	93	Scientific American 1905-07-15: Vol 93 Iss 3	English
sim_scientific-american_1905-07-22_93_4	1905-07-22	day	1905	93	Scientific American 1905-07-22: Vol 93 Iss 4	English
sim_scientific-american_1905-07-29_93_5	1905-07-29	day	1905	93	Scientific American 1905-07-29: Vol 93 Iss 5	English
sim_scientific-american_1905-08-05_93_6	1905-08-05	day	1905	93	Scientific American 1905-08-05: Vol 93 Iss 6	English
sim_scientific-american_1905-08-12_93_7	1905-08-12	day	1905	93	Scientific American 1905-08-12: Vol 93 Iss 7	English
sim_scientific-american_1905-08-19_93_8	1905-08-19	day	1905	93	Scientific American 1905-08-19: Vol 93 Iss 8	English
sim_scientific-american_1905-08-26_93_9	1905-08-26	day	1905	93	Scientific American 1905-08-26: Vol 93 Iss 9	English
sim_scientific-american_1905-09-02_93_10	1905-09-02	day	1905	93	Scientific American 1905-09-02: Vol 93 Iss 10	English
sim_scientific-american_1905-09-09_93_11	1905-09-09	day	1905	93	Scientific American 1905-09-09: Vol 93 Iss 11	English
sim_scientific-american_1905-09-16_93_12	1905-09-16	day	1905	93	Scientific American 1905-09-16: Vol 93 Iss 12	English
sim_scientific-american_1905-09-23_93_13	1905-09-23	day	1905	93	Scientific American 1905-09-23: Vol 93 Iss 13	English
sim_scientific-american_1905-09-30_93_14	1905-09-30	day	1905	93	Scientific American 1905-09-30: Vol 93 Iss 14	English
sim_scientific-american_1905-10-07_93_15	1905-10-07	day	1905	93	Scientific American 1905-10-07: Vol 93 Iss 15	English
sim_scientific-american_1905-10-14_93_16	1905-10-14	day	1905	93	Scientific American 1905-10-14: Vol 93 Iss 16	English
sim_scientific-american_1905-10-21_93_17	1905-10-21	day	1905	93	Scientific American 1905-10-21: Vol 93 Iss 17	English
sim_scientific-american_1905-10-28_93_18	1905-10-28	day	1905	93	Scientific American 1905-10-28: Vol 93 Iss 18	English
sim_scientific-american_1905-11-04_93_19	1905-11-04	day	1905	93	Scientific American 1905-11-04: Vol 93 Iss 19	English
sim_scientific-american_1905-11-11_93_20	1905-11-11	day	1905	93	Scientific American 1905-11-11: Vol 93 Iss 20	English
sim_scientific-american_1905-11-18_93_21	1905-11-18	day	1905	93	Scientific American 1905-11-18: Vol 93 Iss 21	English
sim_scientific-american_1905-11-25_93_22	1905-11-25	day	1905	93	Scientific American 1905-11-25: Vol 93 Iss 22	English
sim_scientific-american_1905-12-02_93_23	1905-12-02	day	1905	93	Scientific American 1905-12-02: Vol 93 Iss 23	English
sim_scientific-american_1905-12-09_93_24	1905-12-09	day	1905	93	Scientific American 1905-12-09: Vol 93 Iss 24	English
sim_scientific-american_1905-12-16_93_25	1905-12-16	day	1905	93	Scientific American 1905-12-16: Vol 93 Iss 25	English
sim_scientific-american_1905-12-23_93_26	1905-12-23	day	1905	93	Scientific American 1905-12-23: Vol 93 Iss 26	English
sim_scientific-american_1905-12-30_93_27	1905-12-30	day	1905	93	Scientific American 1905-12-30: Vol 93 Iss 27	English
sim_scientific-american_1905_92_index	1905-01-01	year	1905	92	Scientific American 1905: Vol 92 Index	English
sim_scientific-american_1905_93_index	1905-01-01	year	1905	93	Scientific American 1905: Vol 93 Index	English
sim_scientific-american_1906-01-06_94_1	1906-01-06	day	1906	94	Scientific American 1906-01-06: Vol 94 Iss 1	English
sim_scientific-american_1906-01-13_94_2	1906-01-13	day	1906	94	Scientific American 1906-01-13: Vol 94 Iss 2	English
sim_scientific-american_1906-01-20_94_3	1906-01-20	day	1906	94	Scientific American 1906-01-20: Vol 94 Iss 3	English
sim_scientific-american_1906-01-27_94_4	1906-01-27	day	1906	94	Scientific American 1906-01-27: Vol 94 Iss 4	English
sim_scientific-american_1906-02-03_94_5	1906-02-03	day	1906	94	Scientific American 1906-02-03: Vol 94 Iss 5	English
sim_scientific-american_1906-02-10_94_6	1906-02-10	day	1906	94	Scientific American 1906-02-10: Vol 94 Iss 6	English
sim_scientific-american_1906-02-17_94_7	1906-02-17	day	1906	94	Scientific American 1906-02-17: Vol 94 Iss 7	English
sim_scientific-american_1906-02-24_94_8	1906-02-24	day	1906	94	Scientific American 1906-02-24: Vol 94 Iss 8	English
sim_scientific-american_1906-03-03_94_9	1906-03-03	day	1906	94	Scientific American 1906-03-03: Vol 94 Iss 9	English
sim_scientific-american_1906-03-10_94_10	1906-03-10	day	1906	94	Scientific American 1906-03-10: Vol 94 Iss 10	English
sim_scientific-american_1906-03-17_94_11	1906-03-17	day	1906	94	Scientific American 1906-03-17: Vol 94 Iss 11	English
sim_scientific-american_1906-03-24_94_12	1906-03-24	day	1906	94	Scientific American 1906-03-24: Vol 94 Iss 12	English
sim_scientific-american_1906-03-31_94_13	1906-03-31	day	1906	94	Scientific American 1906-03-31: Vol 94 Iss 13	English
sim_scientific-american_1906-04-07_94_14	1906-04-07	day	1906	94	Scientific American 1906-04-07: Vol 94 Iss 14	English
sim_scientific-american_1906-04-14_94_15	1906-04-14	day	1906	94	Scientific American 1906-04-14: Vol 94 Iss 15	English
sim_scientific-american_1906-04-21_94_16	1906-04-21	day	1906	94	Scientific American 1906-04-21: Vol 94 Iss 16	English
sim_scientific-american_1906-04-28_94_17	1906-04-28	day	1906	94	Scientific American 1906-04-28: Vol 94 Iss 17	English
sim_scientific-american_1906-05-05_94_18	1906-05-05	day	1906	94	Scientific American 1906-05-05: Vol 94 Iss 18	English
sim_scientific-american_1906-05-12_94_19	1906-05-12	day	1906	94	Scientific American 1906-05-12: Vol 94 Iss 19	English
sim_scientific-american_1906-05-19_94_20	1906-05-19	day	1906	94	Scientific American 1906-05-19: Vol 94 Iss 20	English
sim_scientific-american_1906-05-26_94_21	1906-05-26	day	1906	94	Scientific American 1906-05-26: Vol 94 Iss 21	English
sim_scientific-american_1906-06-02_94_22	1906-06-02	day	1906	94	Scientific American 1906-06-02: Vol 94 Iss 22	English
sim_scientific-american_1906-06-09_94_23	1906-06-09	day	1906	94	Scientific American 1906-06-09: Vol 94 Iss 23	English
sim_scientific-american_1906-06-16_94_24	1906-06-16	day	1906	94	Scientific American 1906-06-16: Vol 94 Iss 24	English
sim_scientific-american_1906-06-23_94_25	1906-06-23	day	1906	94	Scientific American 1906-06-23: Vol 94 Iss 25	English
sim_scientific-american_1906-06-30_94_26	1906-06-30	day	1906	94	Scientific American 1906-06-30: Vol 94 Iss 26	English
sim_scientific-american_1906-07-07_95_1	1906-07-07	day	1906	95	Scientific American 1906-07-07: Vol 95 Iss 1	English
sim_scientific-american_1906-07-14_95_2	1906-07-14	day	1906	95	Scientific American 1906-07-14: Vol 95 Iss 2	English
sim_scientific-american_1906-07-21_95_3	1906-07-21	day	1906	95	Scientific American 1906-07-21: Vol 95 Iss 3	English
sim_scientific-american_1906-07-28_95_4	1906-07-28	day	1906	95	Scientific American 1906-07-28: Vol 95 Iss 4	English
sim_scientific-american_1906-08-04_95_5	1906-08-04	day	1906	95	Scientific American 1906-08-04: Vol 95 Iss 5	English
sim_scientific-american_1906-08-11_95_6	1906-08-11	day	1906	95	Scientific American 1906-08-11: Vol 95 Iss 6	English
sim_scientific-american_1906-08-18_95_7	1906-08-18	day	1906	95	Scientific American 1906-08-18: Vol 95 Iss 7	English
sim_scientific-american_1906-08-25_95_8	1906-08-25	day	1906	95	Scientific American 1906-08-25: Vol 95 Iss 8	English
sim_scientific-american_1906-09-01_95_9	1906-09-01	day	1906	95	Scientific American 1906-09-01: Vol 95 Iss 9	English
sim_scientific-american_1906-09-08_95_10	1906-09-08	day	1906	95	Scientific American 1906-09-08: Vol 95 Iss 10	English
sim_scientific-american_1906-09-15_95_11	1906-09-15	day	1906	95	Scientific American 1906-09-15: Vol 95 Iss 11	English
sim_scientific-american_1906-09-22_95_12	1906-09-22	day	1906	95	Scientific American 1906-09-22: Vol 95 Iss 12	English
sim_scientific-american_1906-09-29_95_13	1906-09-29	day	1906	95	Scientific American 1906-09-29: Vol 95 Iss 13	English
sim_scientific-american_1906-10-06_95_14	1906-10-06	day	1906	95	Scientific American 1906-10-06: Vol 95 Iss 14	English
sim_scientific-american_1906-10-13_95_15	1906-10-13	day	1906	95	Scientific American 1906-10-13: Vol 95 Iss 15	English
sim_scientific-american_1906-10-20_95_16	1906-10-20	day	1906	95	Scientific American 1906-10-20: Vol 95 Iss 16	English
sim_scientific-american_1906-10-27_95_17	1906-10-27	day	1906	95	Scientific American 1906-10-27: Vol 95 Iss 17	English
sim_scientific-american_1906-11-03_95_18	1906-11-03	day	1906	95	Scientific American 1906-11-03: Vol 95 Iss 18	English
sim_scientific-american_1906-11-10_95_19	1906-11-10	day	1906	95	Scientific American 1906-11-10: Vol 95 Iss 19	English
sim_scientific-american_1906-11-17_95_20	1906-11-17	day	1906	95	Scientific American 1906-11-17: Vol 95 Iss 20	English
sim_scientific-american_1906-11-24_95_21	1906-11-24	day	1906	95	Scientific American 1906-11-24: Vol 95 Iss 21	English
sim_scientific-american_1906-12-01_95_22	1906-12-01	day	1906	95	Scientific American 1906-12-01: Vol 95 Iss 22	English
sim_scientific-american_1906-12-08_95_23	1906-12-08	day	1906	95	Scientific American 1906-12-08: Vol 95 Iss 23	English
sim_scientific-american_1906-12-15_95_24	1906-12-15	day	1906	95	Scientific American 1906-12-15: Vol 95 Iss 24	English
sim_scientific-american_1906-12-22_95_25	1906-12-22	day	1906	95	Scientific American 1906-12-22: Vol 95 Iss 25	English
sim_scientific-american_1906-12-29_95_26	1906-12-29	day	1906	95	Scientific American 1906-12-29: Vol 95 Iss 26	English
sim_scientific-american_1906_94_index	1906-01-01	year	1906	94	Scientific American 1906: Vol 94 Index	English
sim_scientific-american_1906_95_index	1906-01-01	year	1906	95	Scientific American 1906: Vol 95 Index	English
sim_scientific-american_1907-01-05_96_1	1907-01-05	day	1907	96	Scientific American 1907-01-05: Vol 96 Iss 1	English
sim_scientific-american_1907-01-12_96_2	1907-01-12	day	1907	96	Scientific American 1907-01-12: Vol 96 Iss 2	English
sim_scientific-american_1907-01-19_96_3	1907-01-19	day	1907	96	Scientific American 1907-01-19: Vol 96 Iss 3	English
sim_scientific-american_1907-01-26_96_4	1907-01-26	day	1907	96	Scientific American 1907-01-26: Vol 96 Iss 4	English
sim_scientific-american_1907-02-02_96_5	1907-02-02	day	1907	96	Scientific American 1907-02-02: Vol 96 Iss 5	English
sim_scientific-american_1907-02-09_96_6	1907-02-09	day	1907	96	Scientific American 1907-02-09: Vol 96 Iss 6	English
sim_scientific-american_1907-02-16_96_7	1907-02-16	day	1907	96	Scientific American 1907-02-16: Vol 96 Iss 7	English
sim_scientific-american_1907-02-23_96_8	1907-02-23	day	1907	96	Scientific American 1907-02-23: Vol 96 Iss 8	English
sim_scientific-american_1907-03-02_96_9	1907-03-02	day	1907	96	Scientific American 1907-03-02: Vol 96 Iss 9	English
sim_scientific-american_1907-03-09_96_10	1907-03-09	day	1907	96	Scientific American 1907-03-09: Vol 96 Iss 10	English
sim_scientific-american_1907-03-16_96_11	1907-03-16	day	1907	96	Scientific American 1907-03-16: Vol 96 Iss 11	English
sim_scientific-american_1907-03-23_96_12	1907-03-23	day	1907	96	Scientific American 1907-03-23: Vol 96 Iss 12	English
sim_scientific-american_1907-03-30_96_13	1907-03-30	day	1907	96	Scientific American 1907-03-30: Vol 96 Iss 13	English
sim_scientific-american_1907-04-06_96_14	1907-04-06	day	1907	96	Scientific American 1907-04-06: Vol 96 Iss 14	English
sim_scientific-american_1907-04-13_96_15	1907-04-13	day	1907	96	Scientific American 1907-04-13: Vol 96 Iss 15	English
sim_scientific-american_1907-04-20_96_16	1907-04-20	day	1907	96	Scientific American 1907-04-20: Vol 96 Iss 16	English
sim_scientific-american_1907-04-27_96_17	1907-04-27	day	1907	96	Scientific American 1907-04-27: Vol 96 Iss 17	English
sim_scientific-american_1907-05-04_96_18	1907-05-04	day	1907	96	Scientific American 1907-05-04: Vol 96 Iss 18	English
sim_scientific-american_1907-05-11_96_19	1907-05-11	day	1907	96	Scientific American 1907-05-11: Vol 96 Iss 19	English
sim_scientific-american_1907-05-18_96_20	1907-05-18	day	1907	96	Scientific American 1907-05-18: Vol 96 Iss 20	English
sim_scientific-american_1907-05-25_96_21	1907-05-25	day	1907	96	Scientific American 1907-05-25: Vol 96 Iss 21	English
sim_scientific-american_1907-06-01_96_22	1907-06-01	day	1907	96	Scientific American 1907-06-01: Vol 96 Iss 22	English
sim_scientific-american_1907-06-08_96_23	1907-06-08	day	1907	96	Scientific American 1907-06-08: Vol 96 Iss 23	English
sim_scientific-american_1907-06-15_96_24	1907-06-15	day	1907	96	Scientific American 1907-06-15: Vol 96 Iss 24	English
sim_scientific-american_1907-06-22_96_25	1907-06-22	day	1907	96	Scientific American 1907-06-22: Vol 96 Iss 25	English
sim_scientific-american_1907-06-29_96_26	1907-06-29	day	1907	96	Scientific American 1907-06-29: Vol 96 Iss 26	English
sim_scientific-american_1907-07-06_97_1	1907-07-06	day	1907	97	Scientific American 1907-07-06: Vol 97 Iss 1	English
sim_scientific-american_1907-07-13_97_2	1907-07-13	day	1907	97	Scientific American 1907-07-13: Vol 97 Iss 2	English
sim_scientific-american_1907-07-20_97_3	1907-07-20	day	1907	97	Scientific American 1907-07-20: Vol 97 Iss 3	English
sim_scientific-american_1907-07-27_97_4	1907-07-27	day	1907	97	Scientific American 1907-07-27: Vol 97 Iss 4	English
sim_scientific-american_1907-08-03_97_5	1907-08-03	day	1907	97	Scientific American 1907-08-03: Vol 97 Iss 5	English
sim_scientific-american_1907-08-10_97_6	1907-08-10	day	1907	97	Scientific American 1907-08-10: Vol 97 Iss 6	English
sim_scientific-american_1907-08-17_97_7	1907-08-17	day	1907	97	Scientific American 1907-08-17: Vol 97 Iss 7	English
sim_scientific-american_1907-08-24_97_8	1907-08-24	day	1907	97	Scientific American 1907-08-24: Vol 97 Iss 8	English
sim_scientific-american_1907-08-31_97_9	1907-08-31	day	1907	97	Scientific American 1907-08-31: Vol 97 Iss 9	English
sim_scientific-american_1907-09-07_97_10	1907-09-07	day	1907	97	Scientific American 1907-09-07: Vol 97 Iss 10	English
sim_scientific-american_1907-09-14_97_11	1907-09-14	day	1907	97	Scientific American 1907-09-14: Vol 97 Iss 11	English
sim_scientific-american_1907-09-21_97_12	1907-09-21	day	1907	97	Scientific American 1907-09-21: Vol 97 Iss 12	English
sim_scientific-american_1907-09-28_97_13	1907-09-28	day	1907	97	Scientific American 1907-09-28: Vol 97 Iss 13	English
sim_scientific-american_1907-10-05_97_14	1907-10-05	day	1907	97	Scientific American 1907-10-05: Vol 97 Iss 14	English
sim_scientific-american_1907-10-12_97_15	1907-10-12	day	1907	97	Scientific American 1907-10-12: Vol 97 Iss 15	English
sim_scientific-american_1907-10-19_97_16	1907-10-19	day	1907	97	Scientific American 1907-10-19: Vol 97 Iss 16	English
sim_scientific-american_1907-10-26_97_17	1907-10-26	day	1907	97	Scientific American 1907-10-26: Vol 97 Iss 17	English
sim_scientific-american_1907-11-02_97_18	1907-11-02	day	1907	97	Scientific American 1907-11-02: Vol 97 Iss 18	English
sim_scientific-american_1907-11-09_97_19	1907-11-09	day	1907	97	Scientific American 1907-11-09: Vol 97 Iss 19	English
sim_scientific-american_1907-11-16_97_20	1907-11-16	day	1907	97	Scientific American 1907-11-16: Vol 97 Iss 20	English
sim_scientific-american_1907-11-23_97_21	1907-11-23	day	1907	97	Scientific American 1907-11-23: Vol 97 Iss 21	English
sim_scientific-american_1907-11-30_97_22	1907-11-30	day	1907	97	Scientific American 1907-11-30: Vol 97 Iss 22	English
sim_scientific-american_1907-12-07_97_23	1907-12-07	day	1907	97	Scientific American 1907-12-07: Vol 97 Iss 23	English
sim_scientific-american_1907-12-14_97_24	1907-12-14	day	1907	97	Scientific American 1907-12-14: Vol 97 Iss 24	English
sim_scientific-american_1907-12-21_97_25	1907-12-21	day	1907	97	Scientific American 1907-12-21: Vol 97 Iss 25	English
sim_scientific-american_1907-12-28_97_26	1907-12-28	day	1907	97	Scientific American 1907-12-28: Vol 97 Iss 26	English
sim_scientific-american_1907_96_index	1907-01-01	year	1907	96	Scientific American 1907: Vol 96 Index	English
sim_scientific-american_1907_97_index	1907-01-01	year	1907	97	Scientific American 1907: Vol 97 Index	English
sim_scientific-american_1908-01-04_98_1	1908-01-04	day	1908	98	Scientific American 1908-01-04: Vol 98 Iss 1	English
sim_scientific-american_1908-01-11_98_2	1908-01-11	day	1908	98	Scientific American 1908-01-11: Vol 98 Iss 2	English
sim_scientific-american_1908-01-18_98_3	1908-01-18	day	1908	98	Scientific American 1908-01-18: Vol 98 Iss 3	English
sim_scientific-american_1908-01-25_98_4	1908-01-25	day	1908	98	Scientific American 1908-01-25: Vol 98 Iss 4	English
sim_scientific-american_1908-02-01_98_5	1908-02-01	day	1908	98	Scientific American 1908-02-01: Vol 98 Iss 5	English
sim_scientific-american_1908-02-08_98_6	1908-02-08	day	1908	98	Scientific American 1908-02-08: Vol 98 Iss 6	English
sim_scientific-american_1908-02-15_98_7	1908-02-15	day	1908	98	Scientific American 1908-02-15: Vol 98 Iss 7	English
sim_scientific-american_1908-02-22_98_8	1908-02-22	day	1908	98	Scientific American 1908-02-22: Vol 98 Iss 8	English
sim_scientific-american_1908-02-29_98_9	1908-02-29	day	1908	98	Scientific American 1908-02-29: Vol 98 Iss 9	English
sim_scientific-american_1908-03-07_98_10	1908-03-07	day	1908	98	Scientific American 1908-03-07: Vol 98 Iss 10	English
sim_scientific-american_1908-03-14_98_11	1908-03-14	day	1908	98	Scientific American 1908-03-14: Vol 98 Iss 11	English
sim_scientific-american_1908-03-21_98_12	1908-03-21	day	1908	98	Scientific American 1908-03-21: Vol 98 Iss 12	English
sim_scientific-american_1908-03-28_98_13	1908-03-28	day	1908	98	Scientific American 1908-03-28: Vol 98 Iss 13	English
sim_scientific-american_1908-04-04_98_14	1908-04-04	day	1908	98	Scientific American 1908-04-04: Vol 98 Iss 14	English
sim_scientific-american_1908-04-11_98_15	1908-04-11	day	1908	98	Scientific American 1908-04-11: Vol 98 Iss 15	English
sim_scientific-american_1908-04-18_98_16	1908-04-18	day	1908	98	Scientific American 1908-04-18: Vol 98 Iss 16	English
sim_scientific-american_1908-04-25_98_17	1908-04-25	day	1908	98	Scientific American 1908-04-25: Vol 98 Iss 17	English
sim_scientific-american_1908-05-02_98_18	1908-05-02	day	1908	98	Scientific American 1908-05-02: Vol 98 Iss 18	English
sim_scientific-american_1908-05-09_98_19	1908-05-09	day	1908	98	Scientific American 1908-05-09: Vol 98 Iss 19	English
sim_scientific-american_1908-05-16_98_20	1908-05-16	day	1908	98	Scientific American 1908-05-16: Vol 98 Iss 20	English
sim_scientific-american_1908-05-23_98_21	1908-05-23	day	1908	98	Scientific American 1908-05-23: Vol 98 Iss 21	English
sim_scientific-american_1908-05-30_98_22	1908-05-30	day	1908	98	Scientific American 1908-05-30: Vol 98 Iss 22	English
sim_scientific-american_1908-06-06_98_23	1908-06-06	day	1908	98	Scientific American 1908-06-06: Vol 98 Iss 23	English
sim_scientific-american_1908-06-13_98_24	1908-06-13	day	1908	98	Scientific American 1908-06-13: Vol 98 Iss 24	English
sim_scientific-american_1908-06-20_98_25	1908-06-20	day	1908	98	Scientific American 1908-06-20: Vol 98 Iss 25	English
sim_scientific-american_1908-06-27_98_26	1908-06-27	day	1908	98	Scientific American 1908-06-27: Vol 98 Iss 26	English
sim_scientific-american_1908-07-04_99_1	1908-07-04	day	1908	99	Scientific American 1908-07-04: Vol 99 Iss 1	English
sim_scientific-american_1908-07-11_99_2	1908-07-11	day	1908	99	Scientific American 1908-07-11: Vol 99 Iss 2	English
sim_scientific-american_1908-07-18_99_3	1908-07-18	day	1908	99	Scientific American 1908-07-18: Vol 99 Iss 3	English
sim_scientific-american_1908-07-25_99_4	1908-07-25	day	1908	99	Scientific American 1908-07-25: Vol 99 Iss 4	English
sim_scientific-american_1908-08-01_99_5	1908-08-01	day	1908	99	Scientific American 1908-08-01: Vol 99 Iss 5	English
sim_scientific-american_1908-08-08_99_6	1908-08-08	day	1908	99	Scientific American 1908-08-08: Vol 99 Iss 6	English
sim_scientific-american_1908-08-15_99_7	1908-08-15	day	1908	99	Scientific American 1908-08-15: Vol 99 Iss 7	English
sim_scientific-american_1908-08-22_99_8	1908-08-22	day	1908	99	Scientific American 1908-08-22: Vol 99 Iss 8	English
sim_scientific-american_1908-08-29_99_9	1908-08-29	day	1908	99	Scientific American 1908-08-29: Vol 99 Iss 9	English
sim_scientific-american_1908-09-05_99_10	1908-09-05	day	1908	99	Scientific American 1908-09-05: Vol 99 Iss 10	English
sim_scientific-american_1908-09-12_99_11	1908-09-12	day	1908	99	Scientific American 1908-09-12: Vol 99 Iss 11	English
sim_scientific-american_1908-09-19_99_12	1908-09-19	day	1908	99	Scientific American 1908-09-19: Vol 99 Iss 12	English
sim_scientific-american_1908-09-26_99_13	1908-09-26	day	1908	99	Scientific American 1908-09-26: Vol 99 Iss 13	English
sim_scientific-american_1908-10-03_99_14	1908-10-03	day	1908	99	Scientific American 1908-10-03: Vol 99 Iss 14	English
sim_scientific-american_1908-10-10_99_15	1908-10-10	day	1908	99	Scientific American 1908-10-10: Vol 99 Iss 15	English
sim_scientific-american_1908-10-17_99_16	1908-10-17	day	1908	99	Scientific American 1908-10-17: Vol 99 Iss 16	English
sim_scientific-american_1908-10-24_99_17	1908-10-24	day	1908	99	Scientific American 1908-10-24: Vol 99 Iss 17	English
sim_scientific-american_1908-10-31_99_18	1908-10-31	day	1908	99	Scientific American 1908-10-31: Vol 99 Iss 18	English
sim_scientific-american_1908-11-07_99_19	1908-11-07	day	1908	99	Scientific American 1908-11-07: Vol 99 Iss 19	English
sim_scientific-american_1908-11-14_99_20	1908-11-14	day	1908	99	Scientific American 1908-11-14: Vol 99 Iss 20	English
sim_scientific-american_1908-11-21_99_21	1908-11-21	day	1908	99	Scientific American 1908-11-21: Vol 99 Iss 21	English
sim_scientific-american_1908-11-28_99_22	1908-11-28	day	1908	99	Scientific American 1908-11-28: Vol 99 Iss 22	English
sim_scientific-american_1908-12-05_99_23	1908-12-05	day	1908	99	Scientific American 1908-12-05: Vol 99 Iss 23	English
sim_scientific-american_1908-12-12_99_24	1908-12-12	day	1908	99	Scientific American 1908-12-12: Vol 99 Iss 24	English
sim_scientific-american_1908-12-19_99_25	1908-12-19	day	1908	99	Scientific American 1908-12-19: Vol 99 Iss 25	English
sim_scientific-american_1908-12-26_99_26	1908-12-26	day	1908	99	Scientific American 1908-12-26: Vol 99 Iss 26	English
sim_scientific-american_1908_98_index	1908-01-01	year	1908	98	Scientific American 1908: Vol 98 Index	English
sim_scientific-american_1908_99_index	1908-01-01	year	1908	99	Scientific American 1908: Vol 99 Index	English
sim_scientific-american_1909-01-02_100_1	1909-01-02	day	1909	100	Scientific American 1909-01-02: Vol 100 Iss 1	English
sim_scientific-american_1909-01-09_100_2	1909-01-09	day	1909	100	Scientific American 1909-01-09: Vol 100 Iss 2	English
sim_scientific-american_1909-01-16_100_3	1909-01-16	day	1909	100	Scientific American 1909-01-16: Vol 100 Iss 3	English
sim_scientific-american_1909-01-23_100_4	1909-01-23	day	1909	100	Scientific American 1909-01-23: Vol 100 Iss 4	English
sim_scientific-american_1909-01-30_100_5	1909-01-30	day	1909	100	Scientific American 1909-01-30: Vol 100 Iss 5	English
sim_scientific-american_1909-02-06_100_6	1909-02-06	day	1909	100	Scientific American 1909-02-06: Vol 100 Iss 6	English
sim_scientific-american_1909-02-13_100_7	1909-02-13	day	1909	100	Scientific American 1909-02-13: Vol 100 Iss 7	English
sim_scientific-american_1909-02-20_100_8	1909-02-20	day	1909	100	Scientific American 1909-02-20: Vol 100 Iss 8	English
sim_scientific-american_1909-02-27_100_9	1909-02-27	day	1909	100	Scientific American 1909-02-27: Vol 100 Iss 9	English
sim_scientific-american_1909-03-06_100_10	1909-03-06	day	1909	100	Scientific American 1909-03-06: Vol 100 Iss 10	English
sim_scientific-american_1909-03-13_100_11	1909-03-13	day	1909	100	Scientific American 1909-03-13: Vol 100 Iss 11	English
sim_scientific-american_1909-03-20_100_12	1909-03-20	day	1909	100	Scientific American 1909-03-20: Vol 100 Iss 12	English
sim_scientific-american_1909-03-27_100_13	1909-03-27	day	1909	100	Scientific American 1909-03-27: Vol 100 Iss 13	English
sim_scientific-american_1909-04-03_100_14	1909-04-03	day	1909	100	Scientific American 1909-04-03: Vol 100 Iss 14	English
sim_scientific-american_1909-04-10_100_15	1909-04-10	day	1909	100	Scientific American 1909-04-10: Vol 100 Iss 15	English
sim_scientific-american_1909-04-17_100_16	1909-04-17	day	1909	100	Scientific American 1909-04-17: Vol 100 Iss 16	English
sim_scientific-american_1909-04-24_100_17	1909-04-24	day	1909	100	Scientific American 1909-04-24: Vol 100 Iss 17	English
sim_scientific-american_1909-05-01_100_18	1909-05-01	day	1909	100	Scientific American 1909-05-01: Vol 100 Iss 18	English
sim_scientific-american_1909-05-08_100_19	1909-05-08	day	1909	100	Scientific American 1909-05-08: Vol 100 Iss 19	English
sim_scientific-american_1909-05-15_100_20	1909-05-15	day	1909	100	Scientific American 1909-05-15: Vol 100 Iss 20	English
sim_scientific-american_1909-05-22_100_21	1909-05-22	day	1909	100	Scientific American 1909-05-22: Vol 100 Iss 21	English
sim_scientific-american_1909-05-29_100_22	1909-05-29	day	1909	100	Scientific American 1909-05-29: Vol 100 Iss 22	English
sim_scientific-american_1909-06-05_100_23	1909-06-05	day	1909	100	Scientific American 1909-06-05: Vol 100 Iss 23	English
sim_scientific-american_1909-06-12_100_24	1909-06-12	day	1909	100	Scientific American 1909-06-12: Vol 100 Iss 24	English
sim_scientific-american_1909-06-19_100_25	1909-06-19	day	1909	100	Scientific American 1909-06-19: Vol 100 Iss 25	English
sim_scientific-american_1909-06-26_100_26	1909-06-26	day	1909	100	Scientific American 1909-06-26: Vol 100 Iss 26	English
sim_scientific-american_1909-07-03_101_1	1909-07-03	day	1909	101	Scientific American 1909-07-03: Vol 101 Iss 1	English
sim_scientific-american_1909-07-10_101_2	1909-07-10	day	1909	101	Scientific American 1909-07-10: Vol 101 Iss 2	English
sim_scientific-american_1909-07-17_101_3	1909-07-17	day	1909	101	Scientific American 1909-07-17: Vol 101 Iss 3	English
sim_scientific-american_1909-07-24_101_4	1909-07-24	day	1909	101	Scientific American 1909-07-24: Vol 101 Iss 4	English
sim_scientific-american_1909-07-31_101_5	1909-07-31	day	1909	101	Scientific American 1909-07-31: Vol 101 Iss 5	English
sim_scientific-american_1909-08-07_101_6	1909-08-07	day	1909	101	Scientific American 1909-08-07: Vol 101 Iss 6	English
sim_scientific-american_1909-08-14_101_7	1909-08-14	day	1909	101	Scientific American 1909-08-14: Vol 101 Iss 7	English
sim_scientific-american_1909-08-21_101_8	1909-08-21	day	1909	101	Scientific American 1909-08-21: Vol 101 Iss 8	English
sim_scientific-american_1909-08-28_101_9	1909-08-28	day	1909	101	Scientific American 1909-08-28: Vol 101 Iss 9	English
sim_scientific-american_1909-09-04_101_10	1909-09-04	day	1909	101	Scientific American 1909-09-04: Vol 101 Iss 10	English
sim_scientific-american_1909-09-11_101_11	1909-09-11	day	1909	101	Scientific American 1909-09-11: Vol 101 Iss 11	English
sim_scientific-american_1909-09-18_101_12	1909-09-18	day	1909	101	Scientific American 1909-09-18: Vol 101 Iss 12	English
sim_scientific-american_1909-09-25_101_13	1909-09-25	day	1909	101	Scientific American 1909-09-25: Vol 101 Iss 13	English
sim_scientific-american_1909-10-02_101_14	1909-10-02	day	1909	101	Scientific American 1909-10-02: Vol 101 Iss 14	English
sim_scientific-american_1909-10-09_101_15	1909-10-09	day	1909	101	Scientific American 1909-10-09: Vol 101 Iss 15	English
sim_scientific-american_1909-10-16_101_16	1909-10-16	day	1909	101	Scientific American 1909-10-16: Vol 101 Iss 16	English
sim_scientific-american_1909-10-23_101_17	1909-10-23	day	1909	101	Scientific American 1909-10-23: Vol 101 Iss 17	English
sim_scientific-american_1909-10-30_101_18	1909-10-30	day	1909	101	Scientific American 1909-10-30: Vol 101 Iss 18	English
sim_scientific-american_1909-11-06_101_19	1909-11-06	day	1909	101	Scientific American 1909-11-06: Vol 101 Iss 19	English
sim_scientific-american_1909-11-13_101_20	1909-11-13	day	1909	101	Scientific American 1909-11-13: Vol 101 Iss 20	English
sim_scientific-american_1909-11-20_101_21	1909-11-20	day	1909	101	Scientific American 1909-11-20: Vol 101 Iss 21	English
sim_scientific-american_1909-11-27_101_22	1909-11-27	day	1909	101	Scientific American 1909-11-27: Vol 101 Iss 22	English
sim_scientific-american_1909-12-04_101_23	1909-12-04	day	1909	101	Scientific American 1909-12-04: Vol 101 Iss 23	English
sim_scientific-american_1909-12-11_101_24	1909-12-11	day	1909	101	Scientific American 1909-12-11: Vol 101 Iss 24	English
sim_scientific-american_1909-12-18_101_25	1909-12-18	day	1909	101	Scientific American 1909-12-18: Vol 101 Iss 25	English
sim_scientific-american_1909-12-25_101_26	1909-12-25	day	1909	101	Scientific American 1909-12-25: Vol 101 Iss 26	English
sim_scientific-american_1909-1911_100_index	1909-01-01	year	1909	100	Scientific American 1909-1911: Vol 100 Index	English
sim_scientific-american_1909_101_index	1909-01-01	year	1909	101	Scientific American 1909: Vol 101 Index	English
sim_scientific-american_1910-01-01_102_1	1910-01-01	day	1910	102	Scientific American 1910-01-01: Vol 102 Iss 1	English
sim_scientific-american_1910-01-08_102_2	1910-01-08	day	1910	102	Scientific American 1910-01-08: Vol 102 Iss 2	English
sim_scientific-american_1910-01-15_102_3	1910-01-15	day	1910	102	Scientific American 1910-01-15: Vol 102 Iss 3	English
sim_scientific-american_1910-01-22_102_4	1910-01-22	day	1910	102	Scientific American 1910-01-22: Vol 102 Iss 4	English
sim_scientific-american_1910-01-29_102_5	1910-01-29	day	1910	102	Scientific American 1910-01-29: Vol 102 Iss 5	English
sim_scientific-american_1910-02-05_102_6	1910-02-05	day	1910	102	Scientific American 1910-02-05: Vol 102 Iss 6	English
sim_scientific-american_1910-02-12_102_7	1910-02-12	day	1910	102	Scientific American 1910-02-12: Vol 102 Iss 7	English
sim_scientific-american_1910-02-19_102_8	1910-02-19	day	1910	102	Scientific American 1910-02-19: Vol 102 Iss 8	English
sim_scientific-american_1910-02-26_102_9	1910-02-26	day	1910	102	Scientific American 1910-02-26: Vol 102 Iss 9	English
sim_scientific-american_1910-03-05_102_10	1910-03-05	day	1910	102	Scientific American 1910-03-05: Vol 102 Iss 10	English
sim_scientific-american_1910-03-12_102_11	1910-03-12	day	1910	102	Scientific American 1910-03-12: Vol 102 Iss 11	English
sim_scientific-american_1910-03-19_102_12	1910-03-19	day	1910	102	Scientific American 1910-03-19: Vol 102 Iss 12	English
sim_scientific-american_1910-03-26_102_13	1910-03-26	day	1910	102	Scientific American 1910-03-26: Vol 102 Iss 13	English
sim_scientific-american_1910-04-02_102_14	1910-04-02	day	1910	102	Scientific American 1910-04-02: Vol 102 Iss 14	English
sim_scientific-american_1910-04-09_102_15	1910-04-09	day	1910	102	Scientific American 1910-04-09: Vol 102 Iss 15	English
sim_scientific-american_1910-04-16_102_16	1910-04-16	day	1910	102	Scientific American 1910-04-16: Vol 102 Iss 16	English
sim_scientific-american_1910-04-23_102_17	1910-04-23	day	1910	102	Scientific American 1910-04-23: Vol 102 Iss 17	English
sim_scientific-american_1910-04-30_102_18	1910-04-30	day	1910	102	Scientific American 1910-04-30: Vol 102 Iss 18	English
sim_scientific-american_1910-05-07_102_19	1910-05-07	day	1910	102	Scientific American 1910-05-07: Vol 102 Iss 19	English
sim_scientific-american_1910-05-14_102_20	1910-05-14	day	1910	102	Scientific American 1910-05-14: Vol 102 Iss 20	English
sim_scientific-american_1910-05-21_102_21	1910-05-21	day	1910	102	Scientific American 1910-05-21: Vol 102 Iss 21	English
sim_scientific-american_1910-05-28_102_22	1910-05-28	day	1910	102	Scientific American 1910-05-28: Vol 102 Iss 22	English
sim_scientific-american_1910-06-04_102_23	1910-06-04	day	1910	102	Scientific American 1910-06-04: Vol 102 Iss 23	English
sim_scientific-american_1910-06-11_102_24	1910-06-11	day	1910	102	Scientific American 1910-06-11: Vol 102 Iss 24	English
sim_scientific-american_1910-06-18_102_25	1910-06-18	day	1910	102	Scientific American 1910-06-18: Vol 102 Iss 25	English
sim_scientific-american_1910-06-25_102_26	1910-06-25	day	1910	102	Scientific American 1910-06-25: Vol 102 Iss 26	English
sim_scientific-american_1910-07-02_103_1	1910-07-02	day	1910	103	Scientific American 1910-07-02: Vol 103 Iss 1	English
sim_scientific-american_1910-07-09_103_2	1910-07-09	day	1910	103	Scientific American 1910-07-09: Vol 103 Iss 2	English
sim_scientific-american_1910-07-16_103_3	1910-07-16	day	1910	103	Scientific American 1910-07-16: Vol 103 Iss 3	English
sim_scientific-american_1910-07-23_103_4	1910-07-23	day	1910	103	Scientific American 1910-07-23: Vol 103 Iss 4	English
sim_scientific-american_1910-07-30_103_5	1910-07-30	day	1910	103	Scientific American 1910-07-30: Vol 103 Iss 5	English
sim_scientific-american_1910-08-06_103_6	1910-08-06	day	1910	103	Scientific American 1910-08-06: Vol 103 Iss 6	English
sim_scientific-american_1910-08-13_103_7	1910-08-13	day	1910	103	Scientific American 1910-08-13: Vol 103 Iss 7	English
sim_scientific-american_1910-08-20_103_8	1910-08-20	day	1910	103	Scientific American 1910-08-20: Vol 103 Iss 8	English
sim_scientific-american_1910-08-27_103_9	1910-08-27	day	1910	103	Scientific American 1910-08-27: Vol 103 Iss 9	English
sim_scientific-american_1910-09-03_103_10	1910-09-03	day	1910	103	Scientific American 1910-09-03: Vol 103 Iss 10	English
sim_scientific-american_1910-09-10_103_11	1910-09-10	day	1910	103	Scientific American 1910-09-10: Vol 103 Iss 11	English
sim_scientific-american_1910-09-17_103_12	1910-09-17	day	1910	103	Scientific American 1910-09-17: Vol 103 Iss 12	English
sim_scientific-american_1910-09-24_103_13	1910-09-24	day	1910	103	Scientific American 1910-09-24: Vol 103 Iss 13	English
sim_scientific-american_1910-10-01_103_14	1910-10-01	day	1910	103	Scientific American 1910-10-01: Vol 103 Iss 14	English
sim_scientific-american_1910-10-08_103_15	1910-10-08	day	1910	103	Scientific American 1910-10-08: Vol 103 Iss 15	English
sim_scientific-american_1910-10-15_103_16	1910-10-15	day	1910	103	Scientific American 1910-10-15: Vol 103 Iss 16	English
sim_scientific-american_1910-10-22_103_17	1910-10-22	day	1910	103	Scientific American 1910-10-22: Vol 103 Iss 17	English
sim_scientific-american_1910-10-29_103_18	1910-10-29	day	1910	103	Scientific American 1910-10-29: Vol 103 Iss 18	English
sim_scientific-american_1910-11-05_103_19	1910-11-05	day	1910	103	Scientific American 1910-11-05: Vol 103 Iss 19	English
sim_scientific-american_1910-11-12_103_20	1910-11-12	day	1910	103	Scientific American 1910-11-12: Vol 103 Iss 20	English
sim_scientific-american_1910-11-19_103_21	1910-11-19	day	1910	103	Scientific American 1910-11-19: Vol 103 Iss 21	English
sim_scientific-american_1910-11-26_103_22	1910-11-26	day	1910	103	Scientific American 1910-11-26: Vol 103 Iss 22	English
sim_scientific-american_1910-12-03_103_23	1910-12-03	day	1910	103	Scientific American 1910-12-03: Vol 103 Iss 23	English
sim_scientific-american_1910-12-10_103_24	1910-12-10	day	1910	103	Scientific American 1910-12-10: Vol 103 Iss 24	English
sim_scientific-american_1910-12-17_103_25	1910-12-17	day	1910	103	Scientific American 1910-12-17: Vol 103 Iss 25	English
sim_scientific-american_1910-12-24_103_26	1910-12-24	day	1910	103	Scientific American 1910-12-24: Vol 103 Iss 26	English
sim_scientific-american_1910-12-31_103_27	1910-12-31	day	1910	103	Scientific American 1910-12-31: Vol 103 Iss 27	English
sim_scientific-american_1910_102_index	1910-01-01	year	1910	102	Scientific American 1910: Vol 102 Index	English
sim_scientific-american_1910_103_index	1910-01-01	year	1910	103	Scientific American 1910: Vol 103 Index	English
sim_scientific-american_1911-01-07_104_1	1911-01-07	day	1911	104	Scientific American 1911-01-07: Vol 104 Iss 1	English
sim_scientific-american_1911-01-14_104_2	1911-01-14	day	1911	104	Scientific American 1911-01-14: Vol 104 Iss 2	English
sim_scientific-american_1911-01-21_104_3	1911-01-21	day	1911	104	Scientific American 1911-01-21: Vol 104 Iss 3	English
sim_scientific-american_1911-01-28_104_4	1911-01-28	day	1911	104	Scientific American 1911-01-28: Vol 104 Iss 4	English
sim_scientific-american_1911-02-04_104_5	1911-02-04	day	1911	104	Scientific American 1911-02-04: Vol 104 Iss 5	English
sim_scientific-american_1911-02-11_104_6	1911-02-11	day	1911	104	Scientific American 1911-02-11: Vol 104 Iss 6	English
sim_scientific-american_1911-02-18_104_7	1911-02-18	day	1911	104	Scientific American 1911-02-18: Vol 104 Iss 7	English
sim_scientific-american_1911-02-25_104_8	1911-02-25	day	1911	104	Scientific American 1911-02-25: Vol 104 Iss 8	English
sim_scientific-american_1911-03-04_104_9	1911-03-04	day	1911	104	Scientific American 1911-03-04: Vol 104 Iss 9	English
sim_scientific-american_1911-03-11_104_10	1911-03-11	day	1911	104	Scientific American 1911-03-11: Vol 104 Iss 10	English
sim_scientific-american_1911-03-18_104_11	1911-03-18	day	1911	104	Scientific American 1911-03-18: Vol 104 Iss 11	English
sim_scientific-american_1911-03-25_104_12	1911-03-25	day	1911	104	Scientific American 1911-03-25: Vol 104 Iss 12	English
sim_scientific-american_1911-04-01_104_13	1911-04-01	day	1911	104	Scientific American 1911-04-01: Vol 104 Iss 13	English
sim_scientific-american_1911-04-08_104_14	1911-04-08	day	1911	104	Scientific American 1911-04-08: Vol 104 Iss 14	English
sim_scientific-american_1911-04-15_104_15	1911-04-15	day	1911	104	Scientific American 1911-04-15: Vol 104 Iss 15	English
sim_scientific-american_1911-04-22_104_16	1911-04-22	day	1911	104	Scientific American 1911-04-22: Vol 104 Iss 16	English
sim_scientific-american_1911-04-29_104_17	1911-04-29	day	1911	104	Scientific American 1911-04-29: Vol 104 Iss 17	English
sim_scientific-american_1911-05-06_104_18	1911-05-06	day	1911	104	Scientific American 1911-05-06: Vol 104 Iss 18	English
sim_scientific-american_1911-05-13_104_19	1911-05-13	day	1911	104	Scientific American 1911-05-13: Vol 104 Iss 19	English
sim_scientific-american_1911-05-20_104_20	1911-05-20	day	1911	104	Scientific American 1911-05-20: Vol 104 Iss 20	English
sim_scientific-american_1911-05-27_104_21	1911-05-27	day	1911	104	Scientific American 1911-05-27: Vol 104 Iss 21	English
sim_scientific-american_1911-06-03_104_22	1911-06-03	day	1911	104	Scientific American 1911-06-03: Vol 104 Iss 22	English
sim_scientific-american_1911-06-10_104_23	1911-06-10	day	1911	104	Scientific American 1911-06-10: Vol 104 Iss 23	English
sim_scientific-american_1911-06-17_104_24	1911-06-17	day	1911	104	Scientific American 1911-06-17: Vol 104 Iss 24	English
sim_scientific-american_1911-06-24_104_25	1911-06-24	day	1911	104	Scientific American 1911-06-24: Vol 104 Iss 25	English
sim_scientific-american_1911-07-01_105_1	1911-07-01	day	1911	105	Scientific American 1911-07-01: Vol 105 Iss 1	English
sim_scientific-american_1911-07-08_105_2	1911-07-08	day	1911	105	Scientific American 1911-07-08: Vol 105 Iss 2	English
sim_scientific-american_1911-07-15_105_3	1911-07-15	day	1911	105	Scientific American 1911-07-15: Vol 105 Iss 3	English
sim_scientific-american_1911-07-22_105_4	1911-07-22	day	1911	105	Scientific American 1911-07-22: Vol 105 Iss 4	English
sim_scientific-american_1911-07-29_105_5	1911-07-29	day	1911	105	Scientific American 1911-07-29: Vol 105 Iss 5	English
sim_scientific-american_1911-08-05_105_6	1911-08-05	day	1911	105	Scientific American 1911-08-05: Vol 105 Iss 6	English
sim_scientific-american_1911-08-12_105_7	1911-08-12	day	1911	105	Scientific American 1911-08-12: Vol 105 Iss 7	English
sim_scientific-american_1911-08-19_105_8	1911-08-19	day	1911	105	Scientific American 1911-08-19: Vol 105 Iss 8	English
sim_scientific-american_1911-08-26_105_9	1911-08-26	day	1911	105	Scientific American 1911-08-26: Vol 105 Iss 9	English
sim_scientific-american_1911-09-02_105_10	1911-09-02	day	1911	105	Scientific American 1911-09-02: Vol 105 Iss 10	English
sim_scientific-american_1911-09-09_105_11	1911-09-09	day	1911	105	Scientific American 1911-09-09: Vol 105 Iss 11	English
sim_scientific-american_1911-09-16_105_12	1911-09-16	day	1911	105	Scientific American 1911-09-16: Vol 105 Iss 12	English
sim_scientific-american_1911-09-23_105_13	1911-09-23	day	1911	105	Scientific American 1911-09-23: Vol 105 Iss 13	English
sim_scientific-american_1911-09-30_105_14	1911-09-30	day	1911	105	Scientific American 1911-09-30: Vol 105 Iss 14	English
sim_scientific-american_1911-10-07_105_15	1911-10-07	day	1911	105	Scientific American 1911-10-07: Vol 105 Iss 15	English
sim_scientific-american_1911-10-14_105_16	1911-10-14	day	1911	105	Scientific American 1911-10-14: Vol 105 Iss 16	English
sim_scientific-american_1911-10-21_105_17	1911-10-21	day	1911	105	Scientific American 1911-10-21: Vol 105 Iss 17	English
sim_scientific-american_1911-10-28_105_18	1911-10-28	day	1911	105	Scientific American 1911-10-28: Vol 105 Iss 18	English
sim_scientific-american_1911-11-04_105_19	1911-11-04	day	1911	105	Scientific American 1911-11-04: Vol 105 Iss 19	English
sim_scientific-american_1911-11-11_105_20	1911-11-11	day	1911	105	Scientific American 1911-11-11: Vol 105 Iss 20	English
sim_scientific-american_1911-11-18_105_21	1911-11-18	day	1911	105	Scientific American 1911-11-18: Vol 105 Iss 21	English
sim_scientific-american_1911-11-25_105_22	1911-11-25	day	1911	105	Scientific American 1911-11-25: Vol 105 Iss 22	English
sim_scientific-american_1911-12-02_105_23	1911-12-02	day	1911	105	Scientific American 1911-12-02: Vol 105 Iss 23	English
sim_scientific-american_1911-12-09_105_24	1911-12-09	day	1911	105	Scientific American 1911-12-09: Vol 105 Iss 24	English
sim_scientific-american_1911-12-16_105_25	1911-12-16	day	1911	105	Scientific American 1911-12-16: Vol 105 Iss 25	English
sim_scientific-american_1911-12-23_105_26	1911-12-23	day	1911	105	Scientific American 1911-12-23: Vol 105 Iss 26	English
sim_scientific-american_1911-12-30_105_27	1911-12-30	day	1911	105	Scientific American 1911-12-30: Vol 105 Iss 27	English
sim_scientific-american_1911_104_index	1911-01-01	year	1911	104	Scientific American 1911: Vol 104 Index	English
sim_scientific-american_1911_105_index	1911-01-01	year	1911	105	Scientific American 1911: Vol 105 Index	English
sim_scientific-american_1912-01-06_106_1	1912-01-06	day	1912	106	Scientific American 1912-01-06: Vol 106 Iss 1	English
sim_scientific-american_1912-01-13_106_2	1912-01-13	day	1912	106	Scientific American 1912-01-13: Vol 106 Iss 2	English
sim_scientific-american_1912-01-20_106_3	1912-01-20	day	1912	106	Scientific American 1912-01-20: Vol 106 Iss 3	English
sim_scientific-american_1912-01-27_106_4	1912-01-27	day	1912	106	Scientific American 1912-01-27: Vol 106 Iss 4	English
sim_scientific-american_1912-02-03_106_5	1912-02-03	day	1912	106	Scientific American 1912-02-03: Vol 106 Iss 5	English
sim_scientific-american_1912-02-10_106_6	1912-02-10	day	1912	106	Scientific American 1912-02-10: Vol 106 Iss 6	English
sim_scientific-american_1912-02-17_106_7	1912-02-17	day	1912	106	Scientific American 1912-02-17: Vol 106 Iss 7	English
sim_scientific-american_1912-02-24_106_8	1912-02-24	day	1912	106	Scientific American 1912-02-24: Vol 106 Iss 8	English
sim_scientific-american_1912-03-02_106_9	1912-03-02	day	1912	106	Scientific American 1912-03-02: Vol 106 Iss 9	English
sim_scientific-american_1912-03-09_106_10	1912-03-09	day	1912	106	Scientific American 1912-03-09: Vol 106 Iss 10	English
sim_scientific-american_1912-03-16_106_11	1912-03-16	day	1912	106	Scientific American 1912-03-16: Vol 106 Iss 11	English
sim_scientific-american_1912-03-23_106_12	1912-03-23	day	1912	106	Scientific American 1912-03-23: Vol 106 Iss 12	English
sim_scientific-american_1912-03-30_106_13	1912-03-30	day	1912	106	Scientific American 1912-03-30: Vol 106 Iss 13	English
sim_scientific-american_1912-04-06_106_14	1912-04-06	day	1912	106	Scientific American 1912-04-06: Vol 106 Iss 14	English
sim_scientific-american_1912-04-13_106_15	1912-04-13	day	1912	106	Scientific American 1912-04-13: Vol 106 Iss 15	English
sim_scientific-american_1912-04-20_106_16	1912-04-20	day	1912	106	Scientific American 1912-04-20: Vol 106 Iss 16	English
sim_scientific-american_1912-04-27_106_17	1912-04-27	day	1912	106	Scientific American 1912-04-27: Vol 106 Iss 17	English
sim_scientific-american_1912-05-04_106_18	1912-05-04	day	1912	106	Scientific American 1912-05-04: Vol 106 Iss 18	English
sim_scientific-american_1912-05-11_106_19	1912-05-11	day	1912	106	Scientific American 1912-05-11: Vol 106 Iss 19	English
sim_scientific-american_1912-05-18_106_20	1912-05-18	day	1912	106	Scientific American 1912-05-18: Vol 106 Iss 20	English
sim_scientific-american_1912-05-25_106_21	1912-05-25	day	1912	106	Scientific American 1912-05-25: Vol 106 Iss 21	English
sim_scientific-american_1912-06-01_106_22	1912-06-01	day	1912	106	Scientific American 1912-06-01: Vol 106 Iss 22	English
sim_scientific-american_1912-06-08_106_23	1912-06-08	day	1912	106	Scientific American 1912-06-08: Vol 106 Iss 23	English
sim_scientific-american_1912-06-15_106_24	1912-06-15	day	1912	106	Scientific American 1912-06-15: Vol 106 Iss 24	English
sim_scientific-american_1912-06-22_106_25	1912-06-22	day	1912	106	Scientific American 1912-06-22: Vol 106 Iss 25	English
sim_scientific-american_1912-06-29_106_26	1912-06-29	day	1912	106	Scientific American 1912-06-29: Vol 106 Iss 26	English
sim_scientific-american_1912-07-06_107_1	1912-07-06	day	1912	107	Scientific American 1912-07-06: Vol 107 Iss 1	English
sim_scientific-american_1912-07-13_107_2	1912-07-13	day	1912	107	Scientific American 1912-07-13: Vol 107 Iss 2	English
sim_scientific-american_1912-07-20_107_3	1912-07-20	day	1912	107	Scientific American 1912-07-20: Vol 107 Iss 3	English
sim_scientific-american_1912-07-27_107_4	1912-07-27	day	1912	107	Scientific American 1912-07-27: Vol 107 Iss 4	English
sim_scientific-american_1912-08-03_107_5	1912-08-03	day	1912	107	Scientific American 1912-08-03: Vol 107 Iss 5	English
sim_scientific-american_1912-08-10_107_6	1912-08-10	day	1912	107	Scientific American 1912-08-10: Vol 107 Iss 6	English
sim_scientific-american_1912-08-17_107_7	1912-08-17	day	1912	107	Scientific American 1912-08-17: Vol 107 Iss 7	English
sim_scientific-american_1912-08-24_107_8	1912-08-24	day	1912	107	Scientific American 1912-08-24: Vol 107 Iss 8	English
sim_scientific-american_1912-08-31_107_9	1912-08-31	day	1912	107	Scientific American 1912-08-31: Vol 107 Iss 9	English
sim_scientific-american_1912-09-07_107_10	1912-09-07	day	1912	107	Scientific American 1912-09-07: Vol 107 Iss 10	English
sim_scientific-american_1912-09-14_107_11	1912-09-14	day	1912	107	Scientific American 1912-09-14: Vol 107 Iss 11	English
sim_scientific-american_1912-09-21_107_12	1912-09-21	day	1912	107	Scientific American 1912-09-21: Vol 107 Iss 12	English
sim_scientific-american_1912-09-28_107_13	1912-09-28	day	1912	107	Scientific American 1912-09-28: Vol 107 Iss 13	English
sim_scientific-american_1912-10-05_107_14	1912-10-05	day	1912	107	Scientific American 1912-10-05: Vol 107 Iss 14	English
sim_scientific-american_1912-10-12_107_15	1912-10-12	day	1912	107	Scientific American 1912-10-12: Vol 107 Iss 15	English
sim_scientific-american_1912-10-19_107_16	1912-10-19	day	1912	107	Scientific American 1912-10-19: Vol 107 Iss 16	English
sim_scientific-american_1912-10-26_107_17	1912-10-26	day	1912	107	Scientific American 1912-10-26: Vol 107 Iss 17	English
sim_scientific-american_1912-11-02_107_18	1912-11-02	day	1912	107	Scientific American 1912-11-02: Vol 107 Iss 18	English
sim_scientific-american_1912-11-09_107_19	1912-11-09	day	1912	107	Scientific American 1912-11-09: Vol 107 Iss 19	English
sim_scientific-american_1912-11-16_107_20	1912-11-16	day	1912	107	Scientific American 1912-11-16: Vol 107 Iss 20	English
sim_scientific-american_1912-11-23_107_21	1912-11-23	day	1912	107	Scientific American 1912-11-23: Vol 107 Iss 21	English
sim_scientific-american_1912-11-30_107_22	1912-11-30	day	1912	107	Scientific American 1912-11-30: Vol 107 Iss 22	English
sim_scientific-american_1912-12-07_107_23	1912-12-07	day	1912	107	Scientific American 1912-12-07: Vol 107 Iss 23	English
sim_scientific-american_1912-12-14_107_24	1912-12-14	day	1912	107	Scientific American 1912-12-14: Vol 107 Iss 24	English
sim_scientific-american_1912-12-21_107_25	1912-12-21	day	1912	107	Scientific American 1912-12-21: Vol 107 Iss 25	English
sim_scientific-american_1912-12-28_107_26	1912-12-28	day	1912	107	Scientific American 1912-12-28: Vol 107 Iss 26	English
sim_scientific-american_1912_106_index	1912-01-01	year	1912	106	Scientific American 1912: Vol 106 Index	English
sim_scientific-american_1912_107_index	1912-01-01	year	1912	107	Scientific American 1912: Vol 107 Index	English
sim_scientific-american_1913-01-04_108_1	1913-01-04	day	1913	108	Scientific American 1913-01-04: Vol 108 Iss 1	English
sim_scientific-american_1913-01-11_108_2	1913-01-11	day	1913	108	Scientific American 1913-01-11: Vol 108 Iss 2	English
sim_scientific-american_1913-01-18_108_3	1913-01-18	day	1913	108	Scientific American 1913-01-18: Vol 108 Iss 3	English
sim_scientific-american_1913-01-25_108_4	1913-01-25	day	1913	108	Scientific American 1913-01-25: Vol 108 Iss 4	English
sim_scientific-american_1913-02-01_108_5	1913-02-01	day	1913	108	Scientific American 1913-02-01: Vol 108 Iss 5	English
sim_scientific-american_1913-02-08_108_6	1913-02-08	day	1913	108	Scientific American 1913-02-08: Vol 108 Iss 6	English
sim_scientific-american_1913-02-15_108_7	1913-02-15	day	1913	108	Scientific American 1913-02-15: Vol 108 Iss 7	English
sim_scientific-american_1913-02-22_108_8	1913-02-22	day	1913	108	Scientific American 1913-02-22: Vol 108 Iss 8	English
sim_scientific-american_1913-03-01_108_9	1913-03-01	day	1913	108	Scientific American 1913-03-01: Vol 108 Iss 9	English
sim_scientific-american_1913-03-08_108_10	1913-03-08	day	1913	108	Scientific American 1913-03-08: Vol 108 Iss 10	English
sim_scientific-american_1913-03-15_108_11	1913-03-15	day	1913	108	Scientific American 1913-03-15: Vol 108 Iss 11	English
sim_scientific-american_1913-03-22_108_12	1913-03-22	day	1913	108	Scientific American 1913-03-22: Vol 108 Iss 12	English
sim_scientific-american_1913-03-29_108_13	1913-03-29	day	1913	108	Scientific American 1913-03-29: Vol 108 Iss 13	English
sim_scientific-american_1913-04-05_108_14	1913-04-05	day	1913	108	Scientific American 1913-04-05: Vol 108 Iss 14	English
sim_scientific-american_1913-04-12_108_15	1913-04-12	day	1913	108	Scientific American 1913-04-12: Vol 108 Iss 15	English
sim_scientific-american_1913-04-19_108_16	1913-04-19	day	1913	108	Scientific American 1913-04-19: Vol 108 Iss 16	English
sim_scientific-american_1913-04-26_108_17	1913-04-26	day	1913	108	Scientific American 1913-04-26: Vol 108 Iss 17	English
sim_scientific-american_1913-05-03_108_18	1913-05-03	day	1913	108	Scientific American 1913-05-03: Vol 108 Iss 18	English
sim_scientific-american_1913-05-10_108_19	1913-05-10	day	1913	108	Scientific American 1913-05-10: Vol 108 Iss 19	English
sim_scientific-american_1913-05-17_108_20	1913-05-17	day	1913	108	Scientific American 1913-05-17: Vol 108 Iss 20	English
sim_scientific-american_1913-05-24_108_21	1913-05-24	day	1913	108	Scientific American 1913-05-24: Vol 108 Iss 21	English
sim_scientific-american_1913-05-31_108_22	1913-05-31	day	1913	108	Scientific American 1913-05-31: Vol 108 Iss 22	English
sim_scientific-american_1913-06-07_108_23	1913-06-07	day	1913	108	Scientific American 1913-06-07: Vol 108 Iss 23	English
sim_scientific-american_1913-06-14_108_24	1913-06-14	day	1913	108	Scientific American 1913-06-14: Vol 108 Iss 24	English
sim_scientific-american_1913-06-21_108_25	1913-06-21	day	1913	108	Scientific American 1913-06-21: Vol 108 Iss 25	English
sim_scientific-american_1913-06-28_108_26	1913-06-28	day	1913	108	Scientific American 1913-06-28: Vol 108 Iss 26	English
sim_scientific-american_1913-07-05_109_1	1913-07-05	day	1913	109	Scientific American 1913-07-05: Vol 109 Iss 1	English
sim_scientific-american_1913-07-12_109_2	1913-07-12	day	1913	109	Scientific American 1913-07-12: Vol 109 Iss 2	English
sim_scientific-american_1913-07-19_109_3	1913-07-19	day	1913	109	Scientific American 1913-07-19: Vol 109 Iss 3	English
sim_scientific-american_1913-07-26_109_4	1913-07-26	day	1913	109	Scientific American 1913-07-26: Vol 109 Iss 4	English
sim_scientific-american_1913-08-02_109_5	1913-08-02	day	1913	109	Scientific American 1913-08-02: Vol 109 Iss 5	English
sim_scientific-american_1913-08-09_109_6	1913-08-09	day	1913	109	Scientific American 1913-08-09: Vol 109 Iss 6	English
sim_scientific-american_1913-08-16_109_7	1913-08-16	day	1913	109	Scientific American 1913-08-16: Vol 109 Iss 7	English
sim_scientific-american_1913-08-23_109_8	1913-08-23	day	1913	109	Scientific American 1913-08-23: Vol 109 Iss 8	English
sim_scientific-american_1913-08-30_109_9	1913-08-30	day	1913	109	Scientific American 1913-08-30: Vol 109 Iss 9	English
sim_scientific-american_1913-09-06_109_10	1913-09-06	day	1913	109	Scientific American 1913-09-06: Vol 109 Iss 10	English
sim_scientific-american_1913-09-13_109_11	1913-09-13	day	1913	109	Scientific American 1913-09-13: Vol 109 Iss 11	English
sim_scientific-american_1913-09-20_109_12	1913-09-20	day	1913	109	Scientific American 1913-09-20: Vol 109 Iss 12	English
sim_scientific-american_1913-09-27_109_13	1913-09-27	day	1913	109	Scientific American 1913-09-27: Vol 109 Iss 13	English
sim_scientific-american_1913-10-04_109_14	1913-10-04	day	1913	109	Scientific American 1913-10-04: Vol 109 Iss 14	English
sim_scientific-american_1913-10-11_109_15	1913-10-11	day	1913	109	Scientific American 1913-10-11: Vol 109 Iss 15	English
sim_scientific-american_1913-10-18_109_16	1913-10-18	day	1913	109	Scientific American 1913-10-18: Vol 109 Iss 16	English
sim_scientific-american_1913-10-25_109_17	1913-10-25	day	1913	109	Scientific American 1913-10-25: Vol 109 Iss 17	English
sim_scientific-american_1913-11-01_109_18	1913-11-01	day	1913	109	Scientific American 1913-11-01: Vol 109 Iss 18	English
sim_scientific-american_1913-11-08_109_19	1913-11-08	day	1913	109	Scientific American 1913-11-08: Vol 109 Iss 19	English
sim_scientific-american_1913-11-15_109_20	1913-11-15	day	1913	109	Scientific American 1913-11-15: Vol 109 Iss 20	English
sim_scientific-american_1913-11-22_109_21	1913-11-22	day	1913	109	Scientific American 1913-11-22: Vol 109 Iss 21	English
sim_scientific-american_1913-11-29_109_22	1913-11-29	day	1913	109	Scientific American 1913-11-29: Vol 109 Iss 22	English
sim_scientific-american_1913-12-06_109_23	1913-12-06	day	1913	109	Scientific American 1913-12-06: Vol 109 Iss 23	English
sim_scientific-american_1913-12-13_109_24	1913-12-13	day	1913	109	Scientific American 1913-12-13: Vol 109 Iss 24	English
sim_scientific-american_1913-12-20_109_25	1913-12-20	day	1913	109	Scientific American 1913-12-20: Vol 109 Iss 25	English
sim_scientific-american_1913-12-27_109_26	1913-12-27	day	1913	109	Scientific American 1913-12-27: Vol 109 Iss 26	English
sim_scientific-american_1913_108_index	1913-01-01	year	1913	108	Scientific American 1913: Vol 108 Index	English
sim_scientific-american_1913_109_index	1913-01-01	year	1913	109	Scientific American 1913: Vol 109 Index	English
sim_scientific-american_1914-01-03_110_1	1914-01-03	day	1914	110	Scientific American 1914-01-03: Vol 110 Iss 1	English
sim_scientific-american_1914-01-10_110_2	1914-01-10	day	1914	110	Scientific American 1914-01-10: Vol 110 Iss 2	English
sim_scientific-american_1914-01-17_110_3	1914-01-17	day	1914	110	Scientific American 1914-01-17: Vol 110 Iss 3	English
sim_scientific-american_1914-01-24_110_4	1914-01-24	day	1914	110	Scientific American 1914-01-24: Vol 110 Iss 4	English
sim_scientific-american_1914-01-31_110_5	1914-01-31	day	1914	110	Scientific American 1914-01-31: Vol 110 Iss 5	English
sim_scientific-american_1914-02-07_110_6	1914-02-07	day	1914	110	Scientific American 1914-02-07: Vol 110 Iss 6	English
sim_scientific-american_1914-02-14_110_7	1914-02-14	day	1914	110	Scientific American 1914-02-14: Vol 110 Iss 7	English
sim_scientific-american_1914-02-21_110_8	1914-02-21	day	1914	110	Scientific American 1914-02-21: Vol 110 Iss 8	English
sim_scientific-american_1914-02-28_110_9	1914-02-28	day	1914	110	Scientific American 1914-02-28: Vol 110 Iss 9	English
sim_scientific-american_1914-03-07_110_10	1914-03-07	day	1914	110	Scientific American 1914-03-07: Vol 110 Iss 10	English
sim_scientific-american_1914-03-14_110_11	1914-03-14	day	1914	110	Scientific American 1914-03-14: Vol 110 Iss 11	English
sim_scientific-american_1914-03-21_110_12	1914-03-21	day	1914	110	Scientific American 1914-03-21: Vol 110 Iss 12	English
sim_scientific-american_1914-03-28_110_13	1914-03-28	day	1914	110	Scientific American 1914-03-28: Vol 110 Iss 13	English
sim_scientific-american_1914-04-04_110_14	1914-04-04	day	1914	110	Scientific American 1914-04-04: Vol 110 Iss 14	English
sim_scientific-american_1914-04-11_110_15	1914-04-11	day	1914	110	Scientific American 1914-04-11: Vol 110 Iss 15	English
sim_scientific-american_1914-04-18_110_16	1914-04-18	day	1914	110	Scientific American 1914-04-18: Vol 110 Iss 16	English
sim_scientific-american_1914-04-25_110_17	1914-04-25	day	1914	110	Scientific American 1914-04-25: Vol 110 Iss 17	English
sim_scientific-american_1914-05-02_110_18	1914-05-02	day	1914	110	Scientific American 1914-05-02: Vol 110 Iss 18	English
sim_scientific-american_1914-05-09_110_19	1914-05-09	day	1914	110	Scientific American 1914-05-09: Vol 110 Iss 19	English
sim_scientific-american_1914-05-16_110_20	1914-05-16	day	1914	110	Scientific American 1914-05-16: Vol 110 Iss 20	English
sim_scientific-american_1914-05-23_110_21	1914-05-23	day	1914	110	Scientific American 1914-05-23: Vol 110 Iss 21	English
sim_scientific-american_1914-05-30_110_22	1914-05-30	day	1914	110	Scientific American 1914-05-30: Vol 110 Iss 22	English
sim_scientific-american_1914-06-06_110_23	1914-06-06	day	1914	110	Scientific American 1914-06-06: Vol 110 Iss 23	English
sim_scientific-american_1914-06-13_110_24	1914-06-13	day	1914	110	Scientific American 1914-06-13: Vol 110 Iss 24	English
sim_scientific-american_1914-06-20_110_25	1914-06-20	day	1914	110	Scientific American 1914-06-20: Vol 110 Iss 25	English
sim_scientific-american_1914-06-27_110_26	1914-06-27	day	1914	110	Scientific American 1914-06-27: Vol 110 Iss 26	English
sim_scientific-american_1914-07-04_111_1	1914-07-04	day	1914	111	Scientific American 1914-07-04: Vol 111 Iss 1	English
sim_scientific-american_1914-07-11_111_2	1914-07-11	day	1914	111	Scientific American 1914-07-11: Vol 111 Iss 2	English
sim_scientific-american_1914-07-18_111_3	1914-07-18	day	1914	111	Scientific American 1914-07-18: Vol 111 Iss 3	English
sim_scientific-american_1914-07-25_111_4	1914-07-25	day	1914	111	Scientific American 1914-07-25: Vol 111 Iss 4	English
sim_scientific-american_1914-08-01_111_5	1914-08-01	day	1914	111	Scientific American 1914-08-01: Vol 111 Iss 5	English
sim_scientific-american_1914-08-08_111_6	1914-08-08	day	1914	111	Scientific American 1914-08-08: Vol 111 Iss 6	English
sim_scientific-american_1914-08-15_111_7	1914-08-15	day	1914	111	Scientific American 1914-08-15: Vol 111 Iss 7	English
sim_scientific-american_1914-08-22_111_8	1914-08-22	day	1914	111	Scientific American 1914-08-22: Vol 111 Iss 8	English
sim_scientific-american_1914-08-29_111_9	1914-08-29	day	1914	111	Scientific American 1914-08-29: Vol 111 Iss 9	English
sim_scientific-american_1914-09-05_111_10	1914-09-05	day	1914	111	Scientific American 1914-09-05: Vol 111 Iss 10	English
sim_scientific-american_1914-09-12_111_11	1914-09-12	day	1914	111	Scientific American 1914-09-12: Vol 111 Iss 11	English
sim_scientific-american_1914-09-19_111_12	1914-09-19	day	1914	111	Scientific American 1914-09-19: Vol 111 Iss 12	English
sim_scientific-american_1914-09-26_111_13	1914-09-26	day	1914	111	Scientific American 1914-09-26: Vol 111 Iss 13	English
sim_scientific-american_1914-10-03_111_14	1914-10-03	day	1914	111	Scientific American 1914-10-03: Vol 111 Iss 14	English
sim_scientific-american_1914-10-10_111_15	1914-10-10	day	1914	111	Scientific American 1914-10-10: Vol 111 Iss 15	English
sim_scientific-american_1914-10-17_111_16	1914-10-17	day	1914	111	Scientific American 1914-10-17: Vol 111 Iss 16	English
sim_scientific-american_1914-10-24_111_17	1914-10-24	day	1914	111	Scientific American 1914-10-24: Vol 111 Iss 17	English
sim_scientific-american_1914-10-31_111_18	1914-10-31	day	1914	111	Scientific American 1914-10-31: Vol 111 Iss 18	English
sim_scientific-american_1914-11-07_111_19	1914-11-07	day	1914	111	Scientific American 1914-11-07: Vol 111 Iss 19	English
sim_scientific-american_1914-11-14_111_20	1914-11-14	day	1914	111	Scientific American 1914-11-14: Vol 111 Iss 20	English
sim_scientific-american_1914-11-21_111_21	1914-11-21	day	1914	111	Scientific American 1914-11-21: Vol 111 Iss 21	English
sim_scientific-american_1914-11-28_111_22	1914-11-28	day	1914	111	Scientific American 1914-11-28: Vol 111 Iss 22	English
sim_scientific-american_1914-12-05_111_23	1914-12-05	day	1914	111	Scientific American 1914-12-05: Vol 111 Iss 23	English
sim_scientific-american_1914-12-12_111_24	1914-12-12	day	1914	111	Scientific American 1914-12-12: Vol 111 Iss 24	English
sim_scientific-american_1914-12-19_111_25	1914-12-19	day	1914	111	Scientific American 1914-12-19: Vol 111 Iss 25	English
sim_scientific-american_1914-12-26_111_26	1914-12-26	day	1914	111	Scientific American 1914-12-26: Vol 111 Iss 26	English
sim_scientific-american_1914_110_index	1914-01-01	year	1914	110	Scientific American 1914: Vol 110 Index	English
sim_scientific-american_1914_111_index	1914-01-01	year	1914	111	Scientific American 1914: Vol 111 Index	English
sim_scientific-american_1915-01-02_112_1	1915-01-02	day	1915	112	Scientific American 1915-01-02: Vol 112 Iss 1	English
sim_scientific-american_1915-01-09_112_2	1915-01-09	day	1915	112	Scientific American 1915-01-09: Vol 112 Iss 2	English
sim_scientific-american_1915-01-16_112_3	1915-01-16	day	1915	112	Scientific American 1915-01-16: Vol 112 Iss 3	English
sim_scientific-american_1915-01-23_112_4	1915-01-23	day	1915	112	Scientific American 1915-01-23: Vol 112 Iss 4	English
sim_scientific-american_1915-01-30_112_5	1915-01-30	day	1915	112	Scientific American 1915-01-30: Vol 112 Iss 5	English
sim_scientific-american_1915-02-06_112_6	1915-02-06	day	1915	112	Scientific American 1915-02-06: Vol 112 Iss 6	English
sim_scientific-american_1915-02-13_112_7	1915-02-13	day	1915	112	Scientific American 1915-02-13: Vol 112 Iss 7	English
sim_scientific-american_1915-02-20_112_8	1915-02-20	day	1915	112	Scientific American 1915-02-20: Vol 112 Iss 8	English
sim_scientific-american_1915-02-27_112_9	1915-02-27	day	1915	112	Scientific American 1915-02-27: Vol 112 Iss 9	English
sim_scientific-american_1915-03-06_112_10	1915-03-06	day	1915	112	Scientific American 1915-03-06: Vol 112 Iss 10	English
sim_scientific-american_1915-03-13_112_11	1915-03-13	day	1915	112	Scientific American 1915-03-13: Vol 112 Iss 11	English
sim_scientific-american_1915-03-20_112_12	1915-03-20	day	1915	112	Scientific American 1915-03-20: Vol 112 Iss 12	English
sim_scientific-american_1915-03-27_112_13	1915-03-27	day	1915	112	Scientific American 1915-03-27: Vol 112 Iss 13	English
sim_scientific-american_1915-04-03_112_14	1915-04-03	day	1915	112	Scientific American 1915-04-03: Vol 112 Iss 14	English
sim_scientific-american_1915-04-10_112_15	1915-04-10	day	1915	112	Scientific American 1915-04-10: Vol 112 Iss 15	English
sim_scientific-american_1915-04-17_112_16	1915-04-17	day	1915	112	Scientific American 1915-04-17: Vol 112 Iss 16	English
sim_scientific-american_1915-04-24_112_17	1915-04-24	day	1915	112	Scientific American 1915-04-24: Vol 112 Iss 17	English
sim_scientific-american_1915-05-01_112_18	1915-05-01	day	1915	112	Scientific American 1915-05-01: Vol 112 Iss 18	English
sim_scientific-american_1915-05-08_112_19	1915-05-08	day	1915	112	Scientific American 1915-05-08: Vol 112 Iss 19	English
sim_scientific-american_1915-05-15_112_20	1915-05-15	day	1915	112	Scientific American 1915-05-15: Vol 112 Iss 20	English
sim_scientific-american_1915-05-22_112_21	1915-05-22	day	1915	112	Scientific American 1915-05-22: Vol 112 Iss 21	English
sim_scientific-american_1915-05-29_112_22	1915-05-29	day	1915	112	Scientific American 1915-05-29: Vol 112 Iss 22	English
sim_scientific-american_1915-06-05_112_23	1915-06-05	day	1915	112	Scientific American 1915-06-05: Vol 112 Iss 23	English
sim_scientific-american_1915-06-12_112_24	1915-06-12	day	1915	112	Scientific American 1915-06-12: Vol 112 Iss 24	English
sim_scientific-american_1915-06-19_112_25	1915-06-19	day	1915	112	Scientific American 1915-06-19: Vol 112 Iss 25	English
sim_scientific-american_1915-06-26_112_26	1915-06-26	day	1915	112	Scientific American 1915-06-26: Vol 112 Iss 26	English
sim_scientific-american_1915-07-03_113_1	1915-07-03	day	1915	113	Scientific American 1915-07-03: Vol 113 Iss 1	English
sim_scientific-american_1915-07-10_113_2	1915-07-10	day	1915	113	Scientific American 1915-07-10: Vol 113 Iss 2	English
sim_scientific-american_1915-07-17_113_3	1915-07-17	day	1915	113	Scientific American 1915-07-17: Vol 113 Iss 3	English
sim_scientific-american_1915-07-24_113_4	1915-07-24	day	1915	113	Scientific American 1915-07-24: Vol 113 Iss 4	English
sim_scientific-american_1915-07-31_113_5	1915-07-31	day	1915	113	Scientific American 1915-07-31: Vol 113 Iss 5	English
sim_scientific-american_1915-08-07_113_6	1915-08-07	day	1915	113	Scientific American 1915-08-07: Vol 113 Iss 6	English
sim_scientific-american_1915-08-14_113_7	1915-08-14	day	1915	113	Scientific American 1915-08-14: Vol 113 Iss 7	English
sim_scientific-american_1915-08-21_113_8	1915-08-21	day	1915	113	Scientific American 1915-08-21: Vol 113 Iss 8	English
sim_scientific-american_1915-08-28_113_9	1915-08-28	day	1915	113	Scientific American 1915-08-28: Vol 113 Iss 9	English
sim_scientific-american_1915-09-04_113_10	1915-09-04	day	1915	113	Scientific American 1915-09-04: Vol 113 Iss 10	English
sim_scientific-american_1915-09-11_113_11	1915-09-11	day	1915	113	Scientific American 1915-09-11: Vol 113 Iss 11	English
sim_scientific-american_1915-09-18_113_12	1915-09-18	day	1915	113	Scientific American 1915-09-18: Vol 113 Iss 12	English
sim_scientific-american_1915-09-25_113_13	1915-09-25	day	1915	113	Scientific American 1915-09-25: Vol 113 Iss 13	English
sim_scientific-american_1915-10-02_113_14	1915-10-02	day	1915	113	Scientific American 1915-10-02: Vol 113 Iss 14	English
sim_scientific-american_1915-10-09_113_15	1915-10-09	day	1915	113	Scientific American 1915-10-09: Vol 113 Iss 15	English
sim_scientific-american_1915-10-16_113_16	1915-10-16	day	1915	113	Scientific American 1915-10-16: Vol 113 Iss 16	English
sim_scientific-american_1915-10-23_113_17	1915-10-23	day	1915	113	Scientific American 1915-10-23: Vol 113 Iss 17	English
sim_scientific-american_1915-10-30_113_18	1915-10-30	day	1915	113	Scientific American 1915-10-30: Vol 113 Iss 18	English
sim_scientific-american_1915-11-06_113_19	1915-11-06	day	1915	113	Scientific American 1915-11-06: Vol 113 Iss 19	English
sim_scientific-american_1915-11-13_113_20	1915-11-13	day	1915	113	Scientific American 1915-11-13: Vol 113 Iss 20	English
sim_scientific-american_1915-11-20_113_21	1915-11-20	day	1915	113	Scientific American 1915-11-20: Vol 113 Iss 21	English
sim_scientific-american_1915-11-27_113_22	1915-11-27	day	1915	113	Scientific American 1915-11-27: Vol 113 Iss 22	English
sim_scientific-american_1915-12-04_113_23	1915-12-04	day	1915	113	Scientific American 1915-12-04: Vol 113 Iss 23	English
sim_scientific-american_1915-12-11_113_24	1915-12-11	day	1915	113	Scientific American 1915-12-11: Vol 113 Iss 24	English
sim_scientific-american_1915-12-18_113_25	1915-12-18	day	1915	113	Scientific American 1915-12-18: Vol 113 Iss 25	English
sim_scientific-american_1915-12-25_113_26	1915-12-25	day	1915	113	Scientific American 1915-12-25: Vol 113 Iss 26	English
sim_scientific-american_1915_112_index	1915-01-01	year	1915	112	Scientific American 1915: Vol 112 Index	English
sim_scientific-american_1915_113_index	1915-01-01	year	1915	113	Scientific American 1915: Vol 113 Index	English
sim_scientific-american_1916-01-01_114_1	1916-01-01	day	1916	114	Scientific American 1916-01-01: Vol 114 Iss 1	English
sim_scientific-american_1916-01-08_114_2	1916-01-08	day	1916	114	Scientific American 1916-01-08: Vol 114 Iss 2	English
sim_scientific-american_1916-01-15_114_3	1916-01-15	day	1916	114	Scientific American 1916-01-15: Vol 114 Iss 3	English
sim_scientific-american_1916-01-22_114_4	1916-01-22	day	1916	114	Scientific American 1916-01-22: Vol 114 Iss 4	English
sim_scientific-american_1916-01-29_114_5	1916-01-29	day	1916	114	Scientific American 1916-01-29: Vol 114 Iss 5	English
sim_scientific-american_1916-02-05_114_6	1916-02-05	day	1916	114	Scientific American 1916-02-05: Vol 114 Iss 6	English
sim_scientific-american_1916-02-12_114_7	1916-02-12	day	1916	114	Scientific American 1916-02-12: Vol 114 Iss 7	English
sim_scientific-american_1916-02-19_114_8	1916-02-19	day	1916	114	Scientific American 1916-02-19: Vol 114 Iss 8	English
sim_scientific-american_1916-02-26_114_9	1916-02-26	day	1916	114	Scientific American 1916-02-26: Vol 114 Iss 9	English
sim_scientific-american_1916-03-04_114_10	1916-03-04	day	1916	114	Scientific American 1916-03-04: Vol 114 Iss 10	English
sim_scientific-american_1916-03-11_114_11	1916-03-11	day	1916	114	Scientific American 1916-03-11: Vol 114 Iss 11	English
sim_scientific-american_1916-03-18_114_12	1916-03-18	day	1916	114	Scientific American 1916-03-18: Vol 114 Iss 12	English
sim_scientific-american_1916-03-25_114_13	1916-03-25	day	1916	114	Scientific American 1916-03-25: Vol 114 Iss 13	English
sim_scientific-american_1916-04-01_114_14	1916-04-01	day	1916	114	Scientific American 1916-04-01: Vol 114 Iss 14	English
sim_scientific-american_1916-04-08_114_15	1916-04-08	day	1916	114	Scientific American 1916-04-08: Vol 114 Iss 15	English
sim_scientific-american_1916-04-15_114_16	1916-04-15	day	1916	114	Scientific American 1916-04-15: Vol 114 Iss 16	English
sim_scientific-american_1916-04-22_114_17	1916-04-22	day	1916	114	Scientific American 1916-04-22: Vol 114 Iss 17	English
sim_scientific-american_1916-04-29_114_18	1916-04-29	day	1916	114	Scientific American 1916-04-29: Vol 114 Iss 18	English
sim_scientific-american_1916-05-06_114_19	1916-05-06	day	1916	114	Scientific American 1916-05-06: Vol 114 Iss 19	English
sim_scientific-american_1916-05-13_114_20	1916-05-13	day	1916	114	Scientific American 1916-05-13: Vol 114 Iss 20	English
sim_scientific-american_1916-05-20_114_21	1916-05-20	day	1916	114	Scientific American 1916-05-20: Vol 114 Iss 21	English
sim_scientific-american_1916-05-27_114_22	1916-05-27	day	1916	114	Scientific American 1916-05-27: Vol 114 Iss 22	English
sim_scientific-american_1916-06-03_114_23	1916-06-03	day	1916	114	Scientific American 1916-06-03: Vol 114 Iss 23	English
sim_scientific-american_1916-06-10_114_24	1916-06-10	day	1916	114	Scientific American 1916-06-10: Vol 114 Iss 24	English
sim_scientific-american_1916-06-17_114_25	1916-06-17	day	1916	114	Scientific American 1916-06-17: Vol 114 Iss 25	English
sim_scientific-american_1916-06-24_114_26	1916-06-24	day	1916	114	Scientific American 1916-06-24: Vol 114 Iss 26	English
sim_scientific-american_1916-07-01_115_1	1916-07-01	day	1916	115	Scientific American 1916-07-01: Vol 115 Iss 1	English
sim_scientific-american_1916-07-08_115_2	1916-07-08	day	1916	115	Scientific American 1916-07-08: Vol 115 Iss 2	English
sim_scientific-american_1916-07-15_115_3	1916-07-15	day	1916	115	Scientific American 1916-07-15: Vol 115 Iss 3	English
sim_scientific-american_1916-07-22_115_4	1916-07-22	day	1916	115	Scientific American 1916-07-22: Vol 115 Iss 4	English
sim_scientific-american_1916-07-29_115_5	1916-07-29	day	1916	115	Scientific American 1916-07-29: Vol 115 Iss 5	English
sim_scientific-american_1916-08-05_115_6	1916-08-05	day	1916	115	Scientific American 1916-08-05: Vol 115 Iss 6	English
sim_scientific-american_1916-08-12_115_7	1916-08-12	day	1916	115	Scientific American 1916-08-12: Vol 115 Iss 7	English
sim_scientific-american_1916-08-19_115_8	1916-08-19	day	1916	115	Scientific American 1916-08-19: Vol 115 Iss 8	English
sim_scientific-american_1916-08-26_115_9	1916-08-26	day	1916	115	Scientific American 1916-08-26: Vol 115 Iss 9	English
sim_scientific-american_1916-09-02_115_10	1916-09-02	day	1916	115	Scientific American 1916-09-02: Vol 115 Iss 10	English
sim_scientific-american_1916-09-09_115_11	1916-09-09	day	1916	115	Scientific American 1916-09-09: Vol 115 Iss 11	English
sim_scientific-american_1916-09-16_115_12	1916-09-16	day	1916	115	Scientific American 1916-09-16: Vol 115 Iss 12	English
sim_scientific-american_1916-09-23_115_13	1916-09-23	day	1916	115	Scientific American 1916-09-23: Vol 115 Iss 13	English
sim_scientific-american_1916-09-30_115_14	1916-09-30	day	1916	115	Scientific American 1916-09-30: Vol 115 Iss 14	English
sim_scientific-american_1916-10-07_115_15	1916-10-07	day	1916	115	Scientific American 1916-10-07: Vol 115 Iss 15	English
sim_scientific-american_1916-10-14_115_16	1916-10-14	day	1916	115	Scientific American 1916-10-14: Vol 115 Iss 16	English
sim_scientific-american_1916-10-21_115_17	1916-10-21	day	1916	115	Scientific American 1916-10-21: Vol 115 Iss 17	English
sim_scientific-american_1916-10-28_115_18	1916-10-28	day	1916	115	Scientific American 1916-10-28: Vol 115 Iss 18	English
sim_scientific-american_1916-11-04_115_19	1916-11-04	day	1916	115	Scientific American 1916-11-04: Vol 115 Iss 19	English
sim_scientific-american_1916-11-11_115_20	1916-11-11	day	1916	115	Scientific American 1916-11-11: Vol 115 Iss 20	English
sim_scientific-american_1916-11-18_115_21	1916-11-18	day	1916	115	Scientific American 1916-11-18: Vol 115 Iss 21	English
sim_scientific-american_1916-11-25_115_22	1916-11-25	day	1916	115	Scientific American 1916-11-25: Vol 115 Iss 22	English
sim_scientific-american_1916-12-02_115_23	1916-12-02	day	1916	115	Scientific American 1916-12-02: Vol 115 Iss 23	English
sim_scientific-american_1916-12-09_115_24	1916-12-09	day	1916	115	Scientific American 1916-12-09: Vol 115 Iss 24	English
sim_scientific-american_1916-12-16_115_25	1916-12-16	day	1916	115	Scientific American 1916-12-16: Vol 115 Iss 25	English
sim_scientific-american_1916-12-23_115_26	1916-12-23	day	1916	115	Scientific American 1916-12-23: Vol 115 Iss 26	English
sim_scientific-american_1916-12-30_115_27	1916-12-30	day	1916	115	Scientific American 1916-12-30: Vol 115 Iss 27	English
sim_scientific-american_1916_114_index	1916-01-01	year	1916	114	Scientific American 1916: Vol 114 Index	English
sim_scientific-american_1916_115_index	1916-01-01	year	1916	115	Scientific American 1916: Vol 115 Index	English
sim_scientific-american_1917-01-06_116_1	1917-01-06	day	1917	116	Scientific American 1917-01-06: Vol 116 Iss 1	English
sim_scientific-american_1917-01-13_116_2	1917-01-13	day	1917	116	Scientific American 1917-01-13: Vol 116 Iss 2	English
sim_scientific-american_1917-01-20_116_3	1917-01-20	day	1917	116	Scientific American 1917-01-20: Vol 116 Iss 3	English
sim_scientific-american_1917-01-27_116_4	1917-01-27	day	1917	116	Scientific American 1917-01-27: Vol 116 Iss 4	English
sim_scientific-american_1917-02-03_116_5	1917-02-03	day	1917	116	Scientific American 1917-02-03: Vol 116 Iss 5	English
sim_scientific-american_1917-02-10_116_6	1917-02-10	day	1917	116	Scientific American 1917-02-10: Vol 116 Iss 6	English
sim_scientific-american_1917-02-17_116_7	1917-02-17	day	1917	116	Scientific American 1917-02-17: Vol 116 Iss 7	English
sim_scientific-american_1917-02-24_116_8	1917-02-24	day	1917	116	Scientific American 1917-02-24: Vol 116 Iss 8	English
sim_scientific-american_1917-03-03_116_9	1917-03-03	day	1917	116	Scientific American 1917-03-03: Vol 116 Iss 9	English
sim_scientific-american_1917-03-10_116_10	1917-03-10	day	1917	116	Scientific American 1917-03-10: Vol 116 Iss 10	English
sim_scientific-american_1917-03-17_116_11	1917-03-17	day	1917	116	Scientific American 1917-03-17: Vol 116 Iss 11	English
sim_scientific-american_1917-03-24_116_12	1917-03-24	day	1917	116	Scientific American 1917-03-24: Vol 116 Iss 12	English
sim_scientific-american_1917-03-31_116_13	1917-03-31	day	1917	116	Scientific American 1917-03-31: Vol 116 Iss 13	English
sim_scientific-american_1917-04-07_116_14	1917-04-07	day	1917	116	Scientific American 1917-04-07: Vol 116 Iss 14	English
sim_scientific-american_1917-04-14_116_15	1917-04-14	day	1917	116	Scientific American 1917-04-14: Vol 116 Iss 15	English
sim_scientific-american_1917-04-21_116_16	1917-04-21	day	1917	116	Scientific American 1917-04-21: Vol 116 Iss 16	English
sim_scientific-american_1917-04-28_116_17	1917-04-28	day	1917	116	Scientific American 1917-04-28: Vol 116 Iss 17	English
sim_scientific-american_1917-05-05_116_18	1917-05-05	day	1917	116	Scientific American 1917-05-05: Vol 116 Iss 18	English
sim_scientific-american_1917-05-12_116_19	1917-05-12	day	1917	116	Scientific American 1917-05-12: Vol 116 Iss 19	English
sim_scientific-american_1917-05-19_116_20	1917-05-19	day	1917	116	Scientific American 1917-05-19: Vol 116 Iss 20	English
sim_scientific-american_1917-05-26_116_21	1917-05-26	day	1917	116	Scientific American 1917-05-26: Vol 116 Iss 21	English
sim_scientific-american_1917-06-02_116_22	1917-06-02	day	1917	116	Scientific American 1917-06-02: Vol 116 Iss 22	English
sim_scientific-american_1917-06-09_116_23	1917-06-09	day	1917	116	Scientific American 1917-06-09: Vol 116 Iss 23	English
sim_scientific-american_1917-06-16_116_24	1917-06-16	day	1917	116	Scientific American 1917-06-16: Vol 116 Iss 24	English
sim_scientific-american_1917-06-23_116_25	1917-06-23	day	1917	116	Scientific American 1917-06-23: Vol 116 Iss 25	English
sim_scientific-american_1917-06-30_116_26	1917-06-30	day	1917	116	Scientific American 1917-06-30: Vol 116 Iss 26	English
sim_scientific-american_1917-07-07_117_1	1917-07-07	day	1917	117	Scientific American 1917-07-07: Vol 117 Iss 1	English
sim_scientific-american_1917-07-14_117_2	1917-07-14	day	1917	117	Scientific American 1917-07-14: Vol 117 Iss 2	English
sim_scientific-american_1917-07-21_117_3	1917-07-21	day	1917	117	Scientific American 1917-07-21: Vol 117 Iss 3	English
sim_scientific-american_1917-07-28_117_4	1917-07-28	day	1917	117	Scientific American 1917-07-28: Vol 117 Iss 4	English
sim_scientific-american_1917-08-04_117_5	1917-08-04	day	1917	117	Scientific American 1917-08-04: Vol 117 Iss 5	English
sim_scientific-american_1917-08-11_117_6	1917-08-11	day	1917	117	Scientific American 1917-08-11: Vol 117 Iss 6	English
sim_scientific-american_1917-08-18_117_7	1917-08-18	day	1917	117	Scientific American 1917-08-18: Vol 117 Iss 7	English
sim_scientific-american_1917-08-25_117_8	1917-08-25	day	1917	117	Scientific American 1917-08-25: Vol 117 Iss 8	English
sim_scientific-american_1917-09-01_117_9	1917-09-01	day	1917	117	Scientific American 1917-09-01: Vol 117 Iss 9	English
sim_scientific-american_1917-09-08_117_10	1917-09-08	day	1917	117	Scientific American 1917-09-08: Vol 117 Iss 10	English
sim_scientific-american_1917-09-15_117_11	1917-09-15	day	1917	117	Scientific American 1917-09-15: Vol 117 Iss 11	English
sim_scientific-american_1917-09-22_117_12	1917-09-22	day	1917	117	Scientific American 1917-09-22: Vol 117 Iss 12	English
sim_scientific-american_1917-09-29_117_13	1917-09-29	day	1917	117	Scientific American 1917-09-29: Vol 117 Iss 13	English
sim_scientific-american_1917-10-06_117_14	1917-10-06	day	1917	117	Scientific American 1917-10-06: Vol 117 Iss 14	English
sim_scientific-american_1917-10-13_117_15	1917-10-13	day	1917	117	Scientific American 1917-10-13: Vol 117 Iss 15	English
sim_scientific-american_1917-10-20_117_16	1917-10-20	day	1917	117	Scientific American 1917-10-20: Vol 117 Iss 16	English
sim_scientific-american_1917-10-27_117_17	1917-10-27	day	1917	117	Scientific American 1917-10-27: Vol 117 Iss 17	English
sim_scientific-american_1917-11-03_117_18	1917-11-03	day	1917	117	Scientific American 1917-11-03: Vol 117 Iss 18	English
sim_scientific-american_1917-11-10_117_19	1917-11-10	day	1917	117	Scientific American 1917-11-10: Vol 117 Iss 19	English
sim_scientific-american_1917-11-17_117_20	1917-11-17	day	1917	117	Scientific American 1917-11-17: Vol 117 Iss 20	English
sim_scientific-american_1917-11-24_117_21	1917-11-24	day	1917	117	Scientific American 1917-11-24: Vol 117 Iss 21	English
sim_scientific-american_1917-12-01_117_22	1917-12-01	day	1917	117	Scientific American 1917-12-01: Vol 117 Iss 22	English
sim_scientific-american_1917-12-08_117_23	1917-12-08	day	1917	117	Scientific American 1917-12-08: Vol 117 Iss 23	English
sim_scientific-american_1917-12-15_117_24	1917-12-15	day	1917	117	Scientific American 1917-12-15: Vol 117 Iss 24	English
sim_scientific-american_1917-12-22_117_25	1917-12-22	day	1917	117	Scientific American 1917-12-22: Vol 117 Iss 25	English
sim_scientific-american_1917-12-29_117_26	1917-12-29	day	1917	117	Scientific American 1917-12-29: Vol 117 Iss 26	English
sim_scientific-american_1917_116_index	1917-01-01	year	1917	116	Scientific American 1917: Vol 116 Index	English
sim_scientific-american_1917_117_index	1917-01-01	year	1917	117	Scientific American 1917: Vol 117 Index	English
sim_scientific-american_1918-01-05_118_1	1918-01-05	day	1918	118	Scientific American 1918-01-05: Vol 118 Iss 1	English
sim_scientific-american_1918-01-12_118_2	1918-01-12	day	1918	118	Scientific American 1918-01-12: Vol 118 Iss 2	English
sim_scientific-american_1918-01-19_118_3	1918-01-19	day	1918	118	Scientific American 1918-01-19: Vol 118 Iss 3	English
sim_scientific-american_1918-01-26_118_4	1918-01-26	day	1918	118	Scientific American 1918-01-26: Vol 118 Iss 4	English
sim_scientific-american_1918-02-02_118_5	1918-02-02	day	1918	118	Scientific American 1918-02-02: Vol 118 Iss 5	English
sim_scientific-american_1918-02-09_118_6	1918-02-09	day	1918	118	Scientific American 1918-02-09: Vol 118 Iss 6	English
sim_scientific-american_1918-02-16_118_7	1918-02-16	day	1918	118	Scientific American 1918-02-16: Vol 118 Iss 7	English
sim_scientific-american_1918-02-23_118_8	1918-02-23	day	1918	118	Scientific American 1918-02-23: Vol 118 Iss 8	English
sim_scientific-american_1918-03-02_118_9	1918-03-02	day	1918	118	Scientific American 1918-03-02: Vol 118 Iss 9	English
sim_scientific-american_1918-03-09_118_10	1918-03-09	day	1918	118	Scientific American 1918-03-09: Vol 118 Iss 10	English
sim_scientific-american_1918-03-16_118_11	1918-03-16	day	1918	118	Scientific American 1918-03-16: Vol 118 Iss 11	English
sim_scientific-american_1918-03-23_118_12	1918-03-23	day	1918	118	Scientific American 1918-03-23: Vol 118 Iss 12	English
sim_scientific-american_1918-03-30_118_13	1918-03-30	day	1918	118	Scientific American 1918-03-30: Vol 118 Iss 13	English
sim_scientific-american_1918-04-06_118_14	1918-04-06	day	1918	118	Scientific American 1918-04-06: Vol 118 Iss 14	English
sim_scientific-american_1918-04-13_118_15	1918-04-13	day	1918	118	Scientific American 1918-04-13: Vol 118 Iss 15	English
sim_scientific-american_1918-04-20_118_16	1918-04-20	day	1918	118	Scientific American 1918-04-20: Vol 118 Iss 16	English
sim_scientific-american_1918-04-27_118_17	1918-04-27	day	1918	118	Scientific American 1918-04-27: Vol 118 Iss 17	English
sim_scientific-american_1918-05-04_118_18	1918-05-04	day	1918	118	Scientific American 1918-05-04: Vol 118 Iss 18	English
sim_scientific-american_1918-05-11_118_19	1918-05-11	day	1918	118	Scientific American 1918-05-11: Vol 118 Iss 19	English
sim_scientific-american_1918-05-18_118_20	1918-05-18	day	1918	118	Scientific American 1918-05-18: Vol 118 Iss 20	English
sim_scientific-american_1918-05-25_118_21	1918-05-25	day	1918	118	Scientific American 1918-05-25: Vol 118 Iss 21	English
sim_scientific-american_1918-06-01_118_22	1918-06-01	day	1918	118	Scientific American 1918-06-01: Vol 118 Iss 22	English
sim_scientific-american_1918-06-08_118_23	1918-06-08	day	1918	118	Scientific American 1918-06-08: Vol 118 Iss 23	English
sim_scientific-american_1918-06-15_118_24	1918-06-15	day	1918	118	Scientific American 1918-06-15: Vol 118 Iss 24	English
sim_scientific-american_1918-06-22_118_25	1918-06-22	day	1918	118	Scientific American 1918-06-22: Vol 118 Iss 25	English
sim_scientific-american_1918-06-29_118_26	1918-06-29	day	1918	118	Scientific American 1918-06-29: Vol 118 Iss 26	English
sim_scientific-american_1918-07-06_119_1	1918-07-06	day	1918	119	Scientific American 1918-07-06: Vol 119 Iss 1	English
sim_scientific-american_1918-07-13_119_2	1918-07-13	day	1918	119	Scientific American 1918-07-13: Vol 119 Iss 2	English
sim_scientific-american_1918-07-20_119_3	1918-07-20	day	1918	119	Scientific American 1918-07-20: Vol 119 Iss 3	English
sim_scientific-american_1918-07-27_119_4	1918-07-27	day	1918	119	Scientific American 1918-07-27: Vol 119 Iss 4	English
sim_scientific-american_1918-08-03_119_5	1918-08-03	day	1918	119	Scientific American 1918-08-03: Vol 119 Iss 5	English
sim_scientific-american_1918-08-10_119_6	1918-08-10	day	1918	119	Scientific American 1918-08-10: Vol 119 Iss 6	English
sim_scientific-american_1918-08-17_119_7	1918-08-17	day	1918	119	Scientific American 1918-08-17: Vol 119 Iss 7	English
sim_scientific-american_1918-08-24_119_8	1918-08-24	day	1918	119	Scientific American 1918-08-24: Vol 119 Iss 8	English
sim_scientific-american_1918-08-31_119_9	1918-08-31	day	1918	119	Scientific American 1918-08-31: Vol 119 Iss 9	English
sim_scientific-american_1918-09-07_119_10	1918-09-07	day	1918	119	Scientific American 1918-09-07: Vol 119 Iss 10	English
sim_scientific-american_1918-09-14_119_11	1918-09-14	day	1918	119	Scientific American 1918-09-14: Vol 119 Iss 11	English
sim_scientific-american_1918-09-21_119_12	1918-09-21	day	1918	119	Scientific American 1918-09-21: Vol 119 Iss 12	English
sim_scientific-american_1918-09-28_119_13	1918-09-28	day	1918	119	Scientific American 1918-09-28: Vol 119 Iss 13	English
sim_scientific-american_1918-10-05_119_14	1918-10-05	day	1918	119	Scientific American 1918-10-05: Vol 119 Iss 14	English
sim_scientific-american_1918-10-12_119_15	1918-10-12	day	1918	119	Scientific American 1918-10-12: Vol 119 Iss 15	English
sim_scientific-american_1918-10-19_119_16	1918-10-19	day	1918	119	Scientific American 1918-10-19: Vol 119 Iss 16	English
sim_scientific-american_1918-10-26_119_17	1918-10-26	day	1918	119	Scientific American 1918-10-26: Vol 119 Iss 17	English
sim_scientific-american_1918-11-02_119_18	1918-11-02	day	1918	119	Scientific American 1918-11-02: Vol 119 Iss 18	English
sim_scientific-american_1918-11-09_119_19	1918-11-09	day	1918	119	Scientific American 1918-11-09: Vol 119 Iss 19	English
sim_scientific-american_1918-11-16_119_20	1918-11-16	day	1918	119	Scientific American 1918-11-16: Vol 119 Iss 20	English
sim_scientific-american_1918-11-23_119_21	1918-11-23	day	1918	119	Scientific American 1918-11-23: Vol 119 Iss 21	English
sim_scientific-american_1918-11-30_119_22	1918-11-30	day	1918	119	Scientific American 1918-11-30: Vol 119 Iss 22	English
sim_scientific-american_1918-12-07_119_23	1918-12-07	day	1918	119	Scientific American 1918-12-07: Vol 119 Iss 23	English
sim_scientific-american_1918-12-14_119_24	1918-12-14	day	1918	119	Scientific American 1918-12-14: Vol 119 Iss 24	English
sim_scientific-american_1918-12-21_119_25	1918-12-21	day	1918	119	Scientific American 1918-12-21: Vol 119 Iss 25	English
sim_scientific-american_1918-12-28_119_26	1918-12-28	day	1918	119	Scientific American 1918-12-28: Vol 119 Iss 26	English
sim_scientific-american_1918_118_index	1918-01-01	year	1918	118	Scientific American 1918: Vol 118 Index	English
sim_scientific-american_1918_119_index	1918-01-01	year	1918	119	Scientific American 1918: Vol 119 Index	English
sim_scientific-american_1919-01-04_120_1	1919-01-04	day	1919	120	Scientific American 1919-01-04: Vol 120 Iss 1	English
sim_scientific-american_1919-01-11_120_2	1919-01-11	day	1919	120	Scientific American 1919-01-11: Vol 120 Iss 2	English
sim_scientific-american_1919-01-18_120_3	1919-01-18	day	1919	120	Scientific American 1919-01-18: Vol 120 Iss 3	English
sim_scientific-american_1919-01-25_120_4	1919-01-25	day	1919	120	Scientific American 1919-01-25: Vol 120 Iss 4	English
sim_scientific-american_1919-02-01_120_5	1919-02-01	day	1919	120	Scientific American 1919-02-01: Vol 120 Iss 5	English
sim_scientific-american_1919-02-08_120_6	1919-02-08	day	1919	120	Scientific American 1919-02-08: Vol 120 Iss 6	English
sim_scientific-american_1919-02-15_120_7	1919-02-15	day	1919	120	Scientific American 1919-02-15: Vol 120 Iss 7	English
sim_scientific-american_1919-02-22_120_8	1919-02-22	day	1919	120	Scientific American 1919-02-22: Vol 120 Iss 8	English
sim_scientific-american_1919-03-01_120_9	1919-03-01	day	1919	120	Scientific American 1919-03-01: Vol 120 Iss 9	English
sim_scientific-american_1919-03-08_120_10	1919-03-08	day	1919	120	Scientific American 1919-03-08: Vol 120 Iss 10	English
sim_scientific-american_1919-03-15_120_11	1919-03-15	day	1919	120	Scientific American 1919-03-15: Vol 120 Iss 11	English
sim_scientific-american_1919-03-22_120_12	1919-03-22	day	1919	120	Scientific American 1919-03-22: Vol 120 Iss 12	English
sim_scientific-american_1919-03-29_120_13	1919-03-29	day	1919	120	Scientific American 1919-03-29: Vol 120 Iss 13	English
sim_scientific-american_1919-04-05_120_14	1919-04-05	day	1919	120	Scientific American 1919-04-05: Vol 120 Iss 14	English
sim_scientific-american_1919-04-12_120_15	1919-04-12	day	1919	120	Scientific American 1919-04-12: Vol 120 Iss 15	English
sim_scientific-american_1919-04-19_120_16	1919-04-19	day	1919	120	Scientific American 1919-04-19: Vol 120 Iss 16	English
sim_scientific-american_1919-04-26_120_17	1919-04-26	day	1919	120	Scientific American 1919-04-26: Vol 120 Iss 17	English
sim_scientific-american_1919-05-03_120_18	1919-05-03	day	1919	120	Scientific American 1919-05-03: Vol 120 Iss 18	English
sim_scientific-american_1919-05-10_120_19	1919-05-10	day	1919	120	Scientific American 1919-05-10: Vol 120 Iss 19	English
sim_scientific-american_1919-05-17_120_20	1919-05-17	day	1919	120	Scientific American 1919-05-17: Vol 120 Iss 20	English
sim_scientific-american_1919-05-24_120_21	1919-05-24	day	1919	120	Scientific American 1919-05-24: Vol 120 Iss 21	English
sim_scientific-american_1919-05-31_120_22	1919-05-31	day	1919	120	Scientific American 1919-05-31: Vol 120 Iss 22	English
sim_scientific-american_1919-06-07_120_23	1919-06-07	day	1919	120	Scientific American 1919-06-07: Vol 120 Iss 23	English
sim_scientific-american_1919-06-14_120_24	1919-06-14	day	1919	120	Scientific American 1919-06-14: Vol 120 Iss 24	English
sim_scientific-american_1919-06-21_120_25	1919-06-21	day	1919	120	Scientific American 1919-06-21: Vol 120 Iss 25	English
sim_scientific-american_1919-06-28_120_26	1919-06-28	day	1919	120	Scientific American 1919-06-28: Vol 120 Iss 26	English
sim_scientific-american_1919-07-05_121_1	1919-07-05	day	1919	121	Scientific American 1919-07-05: Vol 121 Iss 1	English
sim_scientific-american_1919-07-12_121_2	1919-07-12	day	1919	121	Scientific American 1919-07-12: Vol 121 Iss 2	English
sim_scientific-american_1919-07-19_121_3	1919-07-19	day	1919	121	Scientific American 1919-07-19: Vol 121 Iss 3	English
sim_scientific-american_1919-07-26_121_4	1919-07-26	day	1919	121	Scientific American 1919-07-26: Vol 121 Iss 4	English
sim_scientific-american_1919-08-02_121_5	1919-08-02	day	1919	121	Scientific American 1919-08-02: Vol 121 Iss 5	English
sim_scientific-american_1919-08-09_121_6	1919-08-09	day	1919	121	Scientific American 1919-08-09: Vol 121 Iss 6	English
sim_scientific-american_1919-08-16_121_7	1919-08-16	day	1919	121	Scientific American 1919-08-16: Vol 121 Iss 7	English
sim_scientific-american_1919-08-23_121_8	1919-08-23	day	1919	121	Scientific American 1919-08-23: Vol 121 Iss 8	English
sim_scientific-american_1919-08-30_121_9	1919-08-30	day	1919	121	Scientific American 1919-08-30: Vol 121 Iss 9	English
sim_scientific-american_1919-09-06_121_10	1919-09-06	day	1919	121	Scientific American 1919-09-06: Vol 121 Iss 10	English
sim_scientific-american_1919-09-13_121_11	1919-09-13	day	1919	121	Scientific American 1919-09-13: Vol 121 Iss 11	English
sim_scientific-american_1919-09-20_121_12	1919-09-20	day	1919	121	Scientific American 1919-09-20: Vol 121 Iss 12	English
sim_scientific-american_1919-09-27_121_13	1919-09-27	day	1919	121	Scientific American 1919-09-27: Vol 121 Iss 13	English
sim_scientific-american_1919-10-04_121_14	1919-10-04	day	1919	121	Scientific American 1919-10-04: Vol 121 Iss 14	English
sim_scientific-american_1919-10-11_121_15	1919-10-11	day	1919	121	Scientific American 1919-10-11: Vol 121 Iss 15	English
sim_scientific-american_1919-10-18_121_16	1919-10-18	day	1919	121	Scientific American 1919-10-18: Vol 121 Iss 16	English
sim_scientific-american_1919-10-25_121_17	1919-10-25	day	1919	121	Scientific American 1919-10-25: Vol 121 Iss 17	English
sim_scientific-american_1919-11-01_121_18	1919-11-01	day	1919	121	Scientific American 1919-11-01: Vol 121 Iss 18	English
sim_scientific-american_1919-11-08_121_19	1919-11-08	day	1919	121	Scientific American 1919-11-08: Vol 121 Iss 19	English
sim_scientific-american_1919-11-15_121_20	1919-11-15	day	1919	121	Scientific American 1919-11-15: Vol 121 Iss 20	English
sim_scientific-american_1919-11-22_121_21	1919-11-22	day	1919	121	Scientific American 1919-11-22: Vol 121 Iss 21	English
sim_scientific-american_1919-11-29_121_22	1919-11-29	day	1919	121	Scientific American 1919-11-29: Vol 121 Iss 22	English
sim_scientific-american_1919-12-06_121_23	1919-12-06	day	1919	121	Scientific American 1919-12-06: Vol 121 Iss 23	English
sim_scientific-american_1919-12-13_121_24	1919-12-13	day	1919	121	Scientific American 1919-12-13: Vol 121 Iss 24	English
sim_scientific-american_1919-12-20_121_25	1919-12-20	day	1919	121	Scientific American 1919-12-20: Vol 121 Iss 25	English
sim_scientific-american_1919-12-27_121_26	1919-12-27	day	1919	121	Scientific American 1919-12-27: Vol 121 Iss 26	English
sim_scientific-american_1919_120_index	1919-01-01	year	1919	120	Scientific American 1919: Vol 120 Index	English
sim_scientific-american_1919_121_index	1919-01-01	year	1919	121	Scientific American 1919: Vol 121 Index	English
sim_scientific-american_1920-01-03_122_1	1920-01-03	day	1920	122	Scientific American 1920-01-03: Vol 122 Iss 1	English
sim_scientific-american_1920-01-10_122_2	1920-01-10	day	1920	122	Scientific American 1920-01-10: Vol 122 Iss 2	English
sim_scientific-american_1920-01-17_122_3	1920-01-17	day	1920	122	Scientific American 1920-01-17: Vol 122 Iss 3	English
sim_scientific-american_1920-01-24_122_4	1920-01-24	day	1920	122	Scientific American 1920-01-24: Vol 122 Iss 4	English
sim_scientific-american_1920-01-31_122_5	1920-01-31	day	1920	122	Scientific American 1920-01-31: Vol 122 Iss 5	English
sim_scientific-american_1920-02-07_122_6	1920-02-07	day	1920	122	Scientific American 1920-02-07: Vol 122 Iss 6	English
sim_scientific-american_1920-02-14_122_7	1920-02-14	day	1920	122	Scientific American 1920-02-14: Vol 122 Iss 7	English
sim_scientific-american_1920-02-21_122_8	1920-02-21	day	1920	122	Scientific American 1920-02-21: Vol 122 Iss 8	English
sim_scientific-american_1920-02-28_122_9	1920-02-28	day	1920	122	Scientific American 1920-02-28: Vol 122 Iss 9	English
sim_scientific-american_1920-03-06_122_10	1920-03-06	day	1920	122	Scientific American 1920-03-06: Vol 122 Iss 10	English
sim_scientific-american_1920-03-13_122_11	1920-03-13	day	1920	122	Scientific American 1920-03-13: Vol 122 Iss 11	English
sim_scientific-american_1920-03-20_122_12	1920-03-20	day	1920	122	Scientific American 1920-03-20: Vol 122 Iss 12	English
sim_scientific-american_1920-03-27_122_13	1920-03-27	day	1920	122	Scientific American 1920-03-27: Vol 122 Iss 13	English
sim_scientific-american_1920-04-03_122_14	1920-04-03	day	1920	122	Scientific American 1920-04-03: Vol 122 Iss 14	English
sim_scientific-american_1920-04-10_122_15	1920-04-10	day	1920	122	Scientific American 1920-04-10: Vol 122 Iss 15	English
sim_scientific-american_1920-04-17_122_16	1920-04-17	day	1920	122	Scientific American 1920-04-17: Vol 122 Iss 16	English
sim_scientific-american_1920-04-24_122_17	1920-04-24	day	1920	122	Scientific American 1920-04-24: Vol 122 Iss 17	English
sim_scientific-american_1920-05-01_122_18	1920-05-01	day	1920	122	Scientific American 1920-05-01: Vol 122 Iss 18	English
sim_scientific-american_1920-05-08_122_19	1920-05-08	day	1920	122	Scientific American 1920-05-08: Vol 122 Iss 19	English
sim_scientific-american_1920-05-15_122_20	1920-05-15	day	1920	122	Scientific American 1920-05-15: Vol 122 Iss 20	English
sim_scientific-american_1920-05-22_122_21	1920-05-22	day	1920	122	Scientific American 1920-05-22: Vol 122 Iss 21	English
sim_scientific-american_1920-05-29_122_22	1920-05-29	day	1920	122	Scientific American 1920-05-29: Vol 122 Iss 22	English
sim_scientific-american_1920-06-05_122_23	1920-06-05	day	1920	122	Scientific American 1920-06-05: Vol 122 Iss 23	English
sim_scientific-american_1920-06-12_122_24	1920-06-12	day	1920	122	Scientific American 1920-06-12: Vol 122 Iss 24	English
sim_scientific-american_1920-06-19_122_25	1920-06-19	day	1920	122	Scientific American 1920-06-19: Vol 122 Iss 25	English
sim_scientific-american_1920-06-26_122_26	1920-06-26	day	1920	122	Scientific American 1920-06-26: Vol 122 Iss 26	English
sim_scientific-american_1920-07-03_123_1	1920-07-03	day	1920	123	Scientific American 1920-07-03: Vol 123 Iss 1	English
sim_scientific-american_1920-07-10_123_2	1920-07-10	day	1920	123	Scientific American 1920-07-10: Vol 123 Iss 2	English
sim_scientific-american_1920-07-17_123_3	1920-07-17	day	1920	123	Scientific American 1920-07-17: Vol 123 Iss 3	English
sim_scientific-american_1920-07-24_123_4	1920-07-24	day	1920	123	Scientific American 1920-07-24: Vol 123 Iss 4	English
sim_scientific-american_1920-07-31_123_5	1920-07-31	day	1920	123	Scientific American 1920-07-31: Vol 123 Iss 5	English
sim_scientific-american_1920-08-07_123_6	1920-08-07	day	1920	123	Scientific American 1920-08-07: Vol 123 Iss 6	English
sim_scientific-american_1920-08-14_123_7	1920-08-14	day	1920	123	Scientific American 1920-08-14: Vol 123 Iss 7	English
sim_scientific-american_1920-08-21_123_8	1920-08-21	day	1920	123	Scientific American 1920-08-21: Vol 123 Iss 8	English
sim_scientific-american_1920-08-28_123_9	1920-08-28	day	1920	123	Scientific American 1920-08-28: Vol 123 Iss 9	English
sim_scientific-american_1920-09-04_123_10	1920-09-04	day	1920	123	Scientific American 1920-09-04: Vol 123 Iss 10	English
sim_scientific-american_1920-09-11_123_11	1920-09-11	day	1920	123	Scientific American 1920-09-11: Vol 123 Iss 11	English
sim_scientific-american_1920-09-18_123_12	1920-09-18	day	1920	123	Scientific American 1920-09-18: Vol 123 Iss 12	English
sim_scientific-american_1920-09-25_123_13	1920-09-25	day	1920	123	Scientific American 1920-09-25: Vol 123 Iss 13	English
sim_scientific-american_1920-10-02_123_14	1920-10-02	day	1920	123	Scientific American 1920-10-02: Vol 123 Iss 14	English
sim_scientific-american_1920-10-09_123_15	1920-10-09	day	1920	123	Scientific American 1920-10-09: Vol 123 Iss 15	English
sim_scientific-american_1920-10-16_123_16	1920-10-16	day	1920	123	Scientific American 1920-10-16: Vol 123 Iss 16	English
sim_scientific-american_1920-10-23_123_17	1920-10-23	day	1920	123	Scientific American 1920-10-23: Vol 123 Iss 17	English
sim_scientific-american_1920-10-30_123_18	1920-10-30	day	1920	123	Scientific American 1920-10-30: Vol 123 Iss 18	English
sim_scientific-american_1920-11-06_123_19	1920-11-06	day	1920	123	Scientific American 1920-11-06: Vol 123 Iss 19	English
sim_scientific-american_1920-11-13_123_20	1920-11-13	day	1920	123	Scientific American 1920-11-13: Vol 123 Iss 20	English
sim_scientific-american_1920-11-20_123_21	1920-11-20	day	1920	123	Scientific American 1920-11-20: Vol 123 Iss 21	English
sim_scientific-american_1920-11-27_123_22	1920-11-27	day	1920	123	Scientific American 1920-11-27: Vol 123 Iss 22	English
sim_scientific-american_1920-12-04_123_23	1920-12-04	day	1920	123	Scientific American 1920-12-04: Vol 123 Iss 23	English
sim_scientific-american_1920-12-11_123_24	1920-12-11	day	1920	123	Scientific American 1920-12-11: Vol 123 Iss 24	English
sim_scientific-american_1920-12-18_123_25	1920-12-18	day	1920	123	Scientific American 1920-12-18: Vol 123 Iss 25	English
sim_scientific-american_1920-12-25_123_26	1920-12-25	day	1920	123	Scientific American 1920-12-25: Vol 123 Iss 26	English
sim_scientific-american_1920_122_index	1920-01-01	year	1920	122	Scientific American 1920: Vol 122 Index	English
sim_scientific-american_1920_123_index	1920-01-01	year	1920	123	Scientific American 1920: Vol 123 Index	English
sim_scientific-american_1921-01-01_124_1	1921-01-01	day	1921	124	Scientific American 1921-01-01: Vol 124 Iss 1	English
sim_scientific-american_1921-01-08_124_2	1921-01-08	day	1921	124	Scientific American 1921-01-08: Vol 124 Iss 2	English
sim_scientific-american_1921-01-15_124_3	1921-01-15	day	1921	124	Scientific American 1921-01-15: Vol 124 Iss 3	English
sim_scientific-american_1921-01-22_124_4	1921-01-22	day	1921	124	Scientific American 1921-01-22: Vol 124 Iss 4	English
sim_scientific-american_1921-01-29_124_5	1921-01-29	day	1921	124	Scientific American 1921-01-29: Vol 124 Iss 5	English
sim_scientific-american_1921-02-05_124_6	1921-02-05	day	1921	124	Scientific American 1921-02-05: Vol 124 Iss 6	English
sim_scientific-american_1921-02-12_124_7	1921-02-12	day	1921	124	Scientific American 1921-02-12: Vol 124 Iss 7	English
sim_scientific-american_1921-02-19_124_8	1921-02-19	day	1921	124	Scientific American 1921-02-19: Vol 124 Iss 8	English
sim_scientific-american_1921-02-26_124_9	1921-02-26	day	1921	124	Scientific American 1921-02-26: Vol 124 Iss 9	English
sim_scientific-american_1921-03-05_124_10	1921-03-05	day	1921	124	Scientific American 1921-03-05: Vol 124 Iss 10	English
sim_scientific-american_1921-03-12_124_11	1921-03-12	day	1921	124	Scientific American 1921-03-12: Vol 124 Iss 11	English
sim_scientific-american_1921-03-19_124_12	1921-03-19	day	1921	124	Scientific American 1921-03-19: Vol 124 Iss 12	English
sim_scientific-american_1921-03-26_124_13	1921-03-26	day	1921	124	Scientific American 1921-03-26: Vol 124 Iss 13	English
sim_scientific-american_1921-04-02_124_14	1921-04-02	day	1921	124	Scientific American 1921-04-02: Vol 124 Iss 14	English
sim_scientific-american_1921-04-09_124_15	1921-04-09	day	1921	124	Scientific American 1921-04-09: Vol 124 Iss 15	English
sim_scientific-american_1921-04-16_124_16	1921-04-16	day	1921	124	Scientific American 1921-04-16: Vol 124 Iss 16	English
sim_scientific-american_1921-04-23_124_17	1921-04-23	day	1921	124	Scientific American 1921-04-23: Vol 124 Iss 17	English
sim_scientific-american_1921-04-30_124_18	1921-04-30	day	1921	124	Scientific American 1921-04-30: Vol 124 Iss 18	English
sim_scientific-american_1921-05-07_124_19	1921-05-07	day	1921	124	Scientific American 1921-05-07: Vol 124 Iss 19	English
sim_scientific-american_1921-05-14_124_20	1921-05-14	day	1921	124	Scientific American 1921-05-14: Vol 124 Iss 20	English
sim_scientific-american_1921-05-21_124_21	1921-05-21	day	1921	124	Scientific American 1921-05-21: Vol 124 Iss 21	English
sim_scientific-american_1921-05-28_124_22	1921-05-28	day	1921	124	Scientific American 1921-05-28: Vol 124 Iss 22	English
sim_scientific-american_1921-06-04_124_23	1921-06-04	day	1921	124	Scientific American 1921-06-04: Vol 124 Iss 23	English
sim_scientific-american_1921-06-11_124_24	1921-06-11	day	1921	124	Scientific American 1921-06-11: Vol 124 Iss 24	English
sim_scientific-american_1921-06-18_124_25	1921-06-18	day	1921	124	Scientific American 1921-06-18: Vol 124 Iss 25	English
sim_scientific-american_1921-06-25_124_26	1921-06-25	day	1921	124	Scientific American 1921-06-25: Vol 124 Iss 26	English
sim_scientific-american_1921-07-02_125_1	1921-07-02	day	1921	125	Scientific American 1921-07-02: Vol 125 Iss 1	English
sim_scientific-american_1921-07-09_125_2	1921-07-09	day	1921	125	Scientific American 1921-07-09: Vol 125 Iss 2	English
sim_scientific-american_1921-07-16_125_3	1921-07-16	day	1921	125	Scientific American 1921-07-16: Vol 125 Iss 3	English
sim_scientific-american_1921-07-23_125_4	1921-07-23	day	1921	125	Scientific American 1921-07-23: Vol 125 Iss 4	English
sim_scientific-american_1921-07-30_125_5	1921-07-30	day	1921	125	Scientific American 1921-07-30: Vol 125 Iss 5	English
sim_scientific-american_1921-08-06_125_6	1921-08-06	day	1921	125	Scientific American 1921-08-06: Vol 125 Iss 6	English
sim_scientific-american_1921-08-13_125_7	1921-08-13	day	1921	125	Scientific American 1921-08-13: Vol 125 Iss 7	English
sim_scientific-american_1921-08-20_125_8	1921-08-20	day	1921	125	Scientific American 1921-08-20: Vol 125 Iss 8	English
sim_scientific-american_1921-08-27_125_9	1921-08-27	day	1921	125	Scientific American 1921-08-27: Vol 125 Iss 9	English
sim_scientific-american_1921-09-03_125_10	1921-09-03	day	1921	125	Scientific American 1921-09-03: Vol 125 Iss 10	English
sim_scientific-american_1921-09-10_125_11	1921-09-10	day	1921	125	Scientific American 1921-09-10: Vol 125 Iss 11	English
sim_scientific-american_1921-09-17_125_12	1921-09-17	day	1921	125	Scientific American 1921-09-17: Vol 125 Iss 12	English
sim_scientific-american_1921-09-24_125_13	1921-09-24	day	1921	125	Scientific American 1921-09-24: Vol 125 Iss 13	English
sim_scientific-american_1921-10-01_125_14	1921-10-01	day	1921	125	Scientific American 1921-10-01: Vol 125 Iss 14	English
sim_scientific-american_1921-10-08_125_15	1921-10-08	day	1921	125	Scientific American 1921-10-08: Vol 125 Iss 15	English
sim_scientific-american_1921-10-15_125_16	1921-10-15	day	1921	125	Scientific American 1921-10-15: Vol 125 Iss 16	English
sim_scientific-american_1921-11_125_17	1921-11-01	month	1921	125	Scientific American 1921-11: Vol 125 Iss 17	English
sim_scientific-american_1921-12_125_18	1921-12-01	month	1921	125	Scientific American 1921-12: Vol 125 Iss 18	English
sim_scientific-american_1921_124_index	1921-01-01	year	1921	124	Scientific American 1921: Vol 124 Index	English
sim_scientific-american_1921_125_index	1921-01-01	year	1921	125	Scientific American 1921: Vol 125 Index	English
sim_scientific-american_1922-01_126_1	1922-01-01	month	1922	126	Scientific American 1922-01: Vol 126 Iss 1	English
sim_scientific-american_1922-02_126_2	1922-02-01	month	1922	126	Scientific American 1922-02: Vol 126 Iss 2	English
sim_scientific-american_1922-03_126_3	1922-03-01	month	1922	126	Scientific American 1922-03: Vol 126 Iss 3	English
sim_scientific-american_1922-04_126_4	1922-04-01	month	1922	126	Scientific American 1922-04: Vol 126 Iss 4	English
sim_scientific-american_1922-05_126_5	1922-05-01	month	1922	126	Scientific American 1922-05: Vol 126 Iss 5	English
sim_scientific-american_1922-06_126_6	1922-06-01	month	1922	126	Scientific American 1922-06: Vol 126 Iss 6	English
sim_scientific-american_1922-07_127_1	1922-07-01	month	1922	127	Scientific American 1922-07: Vol 127 Iss 1	English
sim_scientific-american_1922-08_127_2	1922-08-01	month	1922	127	Scientific American 1922-08: Vol 127 Iss 2	English
sim_scientific-american_1922-09_127_3	1922-09-01	month	1922	127	Scientific American 1922-09: Vol 127 Iss 3	English
sim_scientific-american_1922-10_127_4	1922-10-01	month	1922	127	Scientific American 1922-10: Vol 127 Iss 4	English
sim_scientific-american_1922-11_127_5	1922-11-01	month	1922	127	Scientific American 1922-11: Vol 127 Iss 5	English
sim_scientific-american_1922-12_127_6	1922-12-01	month	1922	127	Scientific American 1922-12: Vol 127 Iss 6	English
sim_scientific-american_1922_126_index	1922-01-01	year	1922	126	Scientific American 1922: Vol 126 Index	English
sim_scientific-american_1922_127_index	1922-01-01	year	1922	127	Scientific American 1922: Vol 127 Index	English
sim_scientific-american_1923-01_128_1	1923-01-01	month	1923	128	Scientific American 1923-01: Vol 128 Iss 1	English
sim_scientific-american_1923-02_128_2	1923-02-01	month	1923	128	Scientific American 1923-02: Vol 128 Iss 2	English
sim_scientific-american_1923-03_128_3	1923-03-01	month	1923	128	Scientific American 1923-03: Vol 128 Iss 3	English
sim_scientific-american_1923-04_128_4	1923-04-01	month	1923	128	Scientific American 1923-04: Vol 128 Iss 4	English
sim_scientific-american_1923-05_128_5	1923-05-01	month	1923	128	Scientific American 1923-05: Vol 128 Iss 5	English
sim_scientific-american_1923-06_128_6	1923-06-01	month	1923	128	Scientific American 1923-06: Vol 128 Iss 6	English
sim_scientific-american_1923-07_129_1	1923-07-01	month	1923	129	Scientific American 1923-07: Vol 129 Iss 1	English
sim_scientific-american_1923-08_129_2	1923-08-01	month	1923	129	Scientific American 1923-08: Vol 129 Iss 2	English
sim_scientific-american_1923-09_129_3	1923-09-01	month	1923	129	Scientific American 1923-09: Vol 129 Iss 3	English
sim_scientific-american_1923-10_129_4	1923-10-01	month	1923	129	Scientific American 1923-10: Vol 129 Iss 4	English
sim_scientific-american_1923-11_129_5	1923-11-01	month	1923	129	Scientific American 1923-11: Vol 129 Iss 5	English
sim_scientific-american_1923-12_129_6	1923-12-01	month	1923	129	Scientific American 1923-12: Vol 129 Iss 6	English
sim_scientific-american_1923_128_index	1923-01-01	year	1923	128	Scientific American 1923: Vol 128 Index	English
sim_scientific-american_1923_129_index	1923-01-01	year	1923	129	Scientific American 1923: Vol 129 Index	English
sim_scientific-american_1924-01_130_1	1924-01-01	month	1924	130	Scientific American 1924-01: Vol 130 Iss 1	English
sim_scientific-american_1924-02_130_2	1924-02-01	month	1924	130	Scientific American 1924-02: Vol 130 Iss 2	English
sim_scientific-american_1924-03_130_3	1924-03-01	month	1924	130	Scientific American 1924-03: Vol 130 Iss 3	English
sim_scientific-american_1924-04_130_4	1924-04-01	month	1924	130	Scientific American 1924-04: Vol 130 Iss 4	English
sim_scientific-american_1924-05_130_5	1924-05-01	month	1924	130	Scientific American 1924-05: Vol 130 Iss 5	English
sim_scientific-american_1924-06_130_6	1924-06-01	month	1924	130	Scientific American 1924-06: Vol 130 Iss 6	English
sim_scientific-american_1924-07_131_1	1924-07-01	month	1924	131	Scientific American 1924-07: Vol 131 Iss 1	English
sim_scientific-american_1924-08_131_2	1924-08-01	month	1924	131	Scientific American 1924-08: Vol 131 Iss 2	English
sim_scientific-american_1924-09_131_3	1924-09-01	month	1924	131	Scientific American 1924-09: Vol 131 Iss 3	English
sim_scientific-american_1924-10_131_4	1924-10-01	month	1924	131	Scientific American 1924-10: Vol 131 Iss 4	English
sim_scientific-american_1924-11_131_5	1924-11-01	month	1924	131	Scientific American 1924-11: Vol 131 Iss 5	English
sim_scientific-american_1924-12_131_6	1924-12-01	month	1924	131	Scientific American 1924-12: Vol 131 Iss 6	English
sim_scientific-american_1924_130_index	1924-01-01	year	1924	130	Scientific American 1924: Vol 130 Index	English
sim_scientific-american_1924_131_index	1924-01-01	year	1924	131	Scientific American 1924: Vol 131 Index	English
sim_scientific-american_1925-01_132_1	1925-01-01	month	1925	132	Scientific American 1925-01: Vol 132 Iss 1	English
sim_scientific-american_1925-02_132_2	1925-02-01	month	1925	132	Scientific American 1925-02: Vol 132 Iss 2	English
sim_scientific-american_1925-03_132_3	1925-03-01	month	1925	132	Scientific American 1925-03: Vol 132 Iss 3	English
sim_scientific-american_1925-04_132_4	1925-04-01	month	1925	132	Scientific American 1925-04: Vol 132 Iss 4	English
sim_scientific-american_1925-05_132_5	1925-05-01	month	1925	132	Scientific American 1925-05: Vol 132 Iss 5	English
sim_scientific-american_1925-06_132_6	1925-06-01	month	1925	132	Scientific American 1925-06: Vol 132 Iss 6	English
sim_scientific-american_1925-07_133_1	1925-07-01	month	1925	133	Scientific American 1925-07: Vol 133 Iss 1	English
sim_scientific-american_1925-08_133_2	1925-08-01	month	1925	133	Scientific American 1925-08: Vol 133 Iss 2	English
sim_scientific-american_1925-09_133_3	1925-09-01	month	1925	133	Scientific American 1925-09: Vol 133 Iss 3	English
sim_scientific-american_1925-10_133_4	1925-10-01	month	1925	133	Scientific American 1925-10: Vol 133 Iss 4	English
sim_scientific-american_1925-11_133_5	1925-11-01	month	1925	133	Scientific American 1925-11: Vol 133 Iss 5	English
sim_scientific-american_1925-12_133_6	1925-12-01	month	1925	133	Scientific American 1925-12: Vol 133 Iss 6	English
sim_scientific-american_1925_132_index	1925-01-01	year	1925	132	Scientific American 1925: Vol 132 Index	English
sim_scientific-american_1925_133_index	1925-01-01	year	1925	133	Scientific American 1925: Vol 133 Index	English
sim_scientific-american_1926-01_134_1	1926-01-01	month	1926	134	Scientific American 1926-01: Vol 134 Iss 1	English
sim_scientific-american_1926-02_134_2	1926-02-01	month	1926	134	Scientific American 1926-02: Vol 134 Iss 2	English
sim_scientific-american_1926-03_134_3	1926-03-01	month	1926	134	Scientific American 1926-03: Vol 134 Iss 3	English
sim_scientific-american_1926-04_134_4	1926-04-01	month	1926	134	Scientific American 1926-04: Vol 134 Iss 4	English
sim_scientific-american_1926-05_134_5	1926-05-01	month	1926	134	Scientific American 1926-05: Vol 134 Iss 5	English
sim_scientific-american_1926-06_134_6	1926-06-01	month	1926	134	Scientific American 1926-06: Vol 134 Iss 6	English
sim_scientific-american_1926-07_135_1	1926-07-01	month	1926	135	Scientific American 1926-07: Vol 135 Iss 1	English
sim_scientific-american_1926-08_135_2	1926-08-01	month	1926	135	Scientific American 1926-08: Vol 135 Iss 2	English
sim_scientific-american_1926-09_135_3	1926-09-01	month	1926	135	Scientific American 1926-09: Vol 135 Iss 3	English
sim_scientific-american_1926-10_135_4	1926-10-01	month	1926	135	Scientific American 1926-10: Vol 135 Iss 4	English
sim_scientific-american_1926-11_135_5	1926-11-01	month	1926	135	Scientific American 1926-11: Vol 135 Iss 5	English
sim_scientific-american_1926-12_135_6	1926-12-01	month	1926	135	Scientific American 1926-12: Vol 135 Iss 6	English
sim_scientific-american_1926_134_index	1926-01-01	year	1926	134	Scientific American 1926: Vol 134 Index	English
sim_scientific-american_1926_135_index	1926-01-01	year	1926	135	Scientific American 1926: Vol 135 Index	English
sim_scientific-american_1927-01_136_1	1927-01-01	month	1927	136	Scientific American 1927-01: Vol 136 Iss 1	English
sim_scientific-american_1927-02_136_2	1927-02-01	month	1927	136	Scientific American 1927-02: Vol 136 Iss 2	English
sim_scientific-american_1927-03_136_3	1927-03-01	month	1927	136	Scientific American 1927-03: Vol 136 Iss 3	English
sim_scientific-american_1927-04_136_4	1927-04-01	month	1927	136	Scientific American 1927-04: Vol 136 Iss 4	English
sim_scientific-american_1927-05_136_5	1927-05-01	month	1927	136	Scientific American 1927-05: Vol 136 Iss 5	English
sim_scientific-american_1927-06_136_6	1927-06-01	month	1927	136	Scientific American 1927-06: Vol 136 Iss 6	English
sim_scientific-american_1927-07_137_1	1927-07-01	month	1927	137	Scientific American 1927-07: Vol 137 Iss 1	English
sim_scientific-american_1927-08_137_2	1927-08-01	month	1927	137	Scientific American 1927-08: Vol 137 Iss 2	English
sim_scientific-american_1927-09_137_3	1927-09-01	month	1927	137	Scientific American 1927-09: Vol 137 Iss 3	English
sim_scientific-american_1927-10_137_4	1927-10-01	month	1927	137	Scientific American 1927-10: Vol 137 Iss 4	English
sim_scientific-american_1927-11_137_5	1927-11-01	month	1927	137	Scientific American 1927-11: Vol 137 Iss 5	English
sim_scientific-american_1927-12_137_6	1927-12-01	month	1927	137	Scientific American 1927-12: Vol 137 Iss 6	English
sim_scientific-american_1927_136_index	1927-01-01	year	1927	136	Scientific American 1927: Vol 136 Index	English
sim_scientific-american_1927_137_index	1927-01-01	year	1927	137	Scientific American 1927: Vol 137 Index	English
sim_scientific-american_1928-01_138_1	1928-01-01	month	1928	138	Scientific American 1928-01: Vol 138 Iss 1	English
sim_scientific-american_1928-02_138_2	1928-02-01	month	1928	138	Scientific American 1928-02: Vol 138 Iss 2	English
sim_scientific-american_1928-03_138_3	1928-03-01	month	1928	138	Scientific American 1928-03: Vol 138 Iss 3	English
sim_scientific-american_1928-04_138_4	1928-04-01	month	1928	138	Scientific American 1928-04: Vol 138 Iss 4	English
sim_scientific-american_1928-05_138_5	1928-05-01	month	1928	138	Scientific American 1928-05: Vol 138 Iss 5	English
sim_scientific-american_1928-06_138_6	1928-06-01	month	1928	138	Scientific American 1928-06: Vol 138 Iss 6	English
sim_scientific-american_1928-07_139_1	1928-07-01	month	1928	139	Scientific American 1928-07: Vol 139 Iss 1	English
sim_scientific-american_1928-08_139_2	1928-08-01	month	1928	139	Scientific American 1928-08: Vol 139 Iss 2	English
sim_scientific-american_1928-09_139_3	1928-09-01	month	1928	139	Scientific American 1928-09: Vol 139 Iss 3	English
sim_scientific-american_1928-10_139_4	1928-10-01	month	1928	139	Scientific American 1928-10: Vol 139 Iss 4	English
sim_scientific-american_1928-11_139_5	1928-11-01	month	1928	139	Scientific American 1928-11: Vol 139 Iss 5	English
sim_scientific-american_1928-12_139_6	1928-12-01	month	1928	139	Scientific American 1928-12: Vol 139 Iss 6	English
sim_scientific-american_1928_138_index	1928-01-01	year	1928	138	Scientific American 1928: Vol 138 Index	English
sim_scientific-american_1928_139_index	1928-01-01	year	1928	139	Scientific American 1928: Vol 139 Index	English
sim_scientific-american_1929-01_140_1	1929-01-01	month	1929	140	Scientific American 1929-01: Vol 140 Iss 1	English
sim_scientific-american_1929-02_140_2	1929-02-01	month	1929	140	Scientific American 1929-02: Vol 140 Iss 2	English
sim_scientific-american_1929-03_140_3	1929-03-01	month	1929	140	Scientific American 1929-03: Vol 140 Iss 3	English
sim_scientific-american_1929-04_140_4	1929-04-01	month	1929	140	Scientific American 1929-04: Vol 140 Iss 4	English
sim_scientific-american_1929-05_140_5	1929-05-01	month	1929	140	Scientific American 1929-05: Vol 140 Iss 5	English
sim_scientific-american_1929-06_140_6	1929-06-01	month	1929	140	Scientific American 1929-06: Vol 140 Iss 6	English
sim_scientific-american_1929-07_141_1	1929-07-01	month	1929	141	Scientific American 1929-07: Vol 141 Iss 1	English
sim_scientific-american_1929-08_141_2	1929-08-01	month	1929	141	Scientific American 1929-08: Vol 141 Iss 2	English
sim_scientific-american_1929-09_141_3	1929-09-01	month	1929	141	Scientific American 1929-09: Vol 141 Iss 3	English
sim_scientific-american_1929-10_141_4	1929-10-01	month	1929	141	Scientific American 1929-10: Vol 141 Iss 4	English
sim_scientific-american_1929-11_141_5	1929-11-01	month	1929	141	Scientific American 1929-11: Vol 141 Iss 5	English
sim_scientific-american_1929-12_141_6	1929-12-01	month	1929	141	Scientific American 1929-12: Vol 141 Iss 6	English
sim_scientific-american_1929_140_index	1929-01-01	year	1929	140	Scientific American 1929: Vol 140 Index	English
sim_scientific-american_1929_141_index	1929-01-01	year	1929	141	Scientific American 1929: Vol 141 Index	English
sim_scientific-american_1930-01_142_1	1930-01-01	month	1930	142	Scientific American 1930-01: Vol 142 Iss 1	English
sim_scientific-american_1930-02_142_2	1930-02-01	month	1930	142	Scientific American 1930-02: Vol 142 Iss 2	English
sim_scientific-american_1930-03_142_3	1930-03-01	month	1930	142	Scientific American 1930-03: Vol 142 Iss 3	English
sim_scientific-american_1930-04_142_4	1930-04-01	month	1930	142	Scientific American 1930-04: Vol 142 Iss 4	English
sim_scientific-american_1930-05_142_5	1930-05-01	month	1930	142	Scientific American 1930-05: Vol 142 Iss 5	English
sim_scientific-american_1930-06_142_6	1930-06-01	month	1930	142	Scientific American 1930-06: Vol 142 Iss 6	English
sim_scientific-american_1930-07_143_1	1930-07-01	month	1930	143	Scientific American 1930-07: Vol 143 Iss 1	English
sim_scientific-american_1930-08_143_2	1930-08-01	month	1930	143	Scientific American 1930-08: Vol 143 Iss 2	English
sim_scientific-american_1930-09_143_3	1930-09-01	month	1930	143	Scientific American 1930-09: Vol 143 Iss 3	English
sim_scientific-american_1930-10_143_4	1930-10-01	month	1930	143	Scientific American 1930-10: Vol 143 Iss 4	English
sim_scientific-american_1930-11_143_5	1930-11-01	month	1930	143	Scientific American 1930-11: Vol 143 Iss 5	English
sim_scientific-american_1930-12_143_6	1930-12-01	month	1930	143	Scientific American 1930-12: Vol 143 Iss 6	English
sim_scientific-american_1930_142_index	1930-01-01	year	1930	142	Scientific American 1930: Vol 142 Index	English
sim_scientific-american_1930_143_index	1930-01-01	year	1930	143	Scientific American 1930: Vol 143 Index	English
sim_scientific-american_december-23-30-1876_35_26	1876-12-23	day	1876	35	Scientific American December 23 & 30, 1876: Vol 35 Iss 26	English
