# sciam_ia: archive.org djvu.txt, query 'collection:pub_scientific-american AND date:[1845-01-01 TO 1930-12-31]', window 1845-01-01..1930-12-31; built 2026-10-06 by src.data.ia_catalog
key	url	bytes	checksum
sim_scientific-american_1845-08-28_1_1	https://archive.org/download/sim_scientific-american_1845-08-28_1_1/sim_scientific-american_1845-08-28_1_1_djvu.txt	?	-
sim_scientific-american_1845-09-04_1_2	https://archive.org/download/sim_scientific-american_1845-09-04_1_2/sim_scientific-american_1845-09-04_1_2_djvu.txt	?	-
sim_scientific-american_1845-09-11_1_3	https://archive.org/download/sim_scientific-american_1845-09-11_1_3/sim_scientific-american_1845-09-11_1_3_djvu.txt	?	-
sim_scientific-american_1845-09-18_1_4	https://archive.org/download/sim_scientific-american_1845-09-18_1_4/sim_scientific-american_1845-09-18_1_4_djvu.txt	?	-
sim_scientific-american_1845-09-25_1_5	https://archive.org/download/sim_scientific-american_1845-09-25_1_5/sim_scientific-american_1845-09-25_1_5_djvu.txt	?	-
sim_scientific-american_1845-10-02_1_6	https://archive.org/download/sim_scientific-american_1845-10-02_1_6/sim_scientific-american_1845-10-02_1_6_djvu.txt	?	-
sim_scientific-american_1845-10-09_1_7	https://archive.org/download/sim_scientific-american_1845-10-09_1_7/sim_scientific-american_1845-10-09_1_7_djvu.txt	?	-
sim_scientific-american_1845-10-16_1_8	https://archive.org/download/sim_scientific-american_1845-10-16_1_8/sim_scientific-american_1845-10-16_1_8_djvu.txt	?	-
sim_scientific-american_1845-11-13_1_9	https://archive.org/download/sim_scientific-american_1845-11-13_1_9/sim_scientific-american_1845-11-13_1_9_djvu.txt	?	-
sim_scientific-american_1845-11-20_1_10	https://archive.org/download/sim_scientific-american_1845-11-20_1_10/sim_scientific-american_1845-11-20_1_10_djvu.txt	?	-
sim_scientific-american_1845-11-27_1_11	https://archive.org/download/sim_scientific-american_1845-11-27_1_11/sim_scientific-american_1845-11-27_1_11_djvu.txt	?	-
sim_scientific-american_1845-12-04_1_12	https://archive.org/download/sim_scientific-american_1845-12-04_1_12/sim_scientific-american_1845-12-04_1_12_djvu.txt	?	-
sim_scientific-american_1845-12-11_1_13	https://archive.org/download/sim_scientific-american_1845-12-11_1_13/sim_scientific-american_1845-12-11_1_13_djvu.txt	?	-
sim_scientific-american_1845-12-18_1_14	https://archive.org/download/sim_scientific-american_1845-12-18_1_14/sim_scientific-american_1845-12-18_1_14_djvu.txt	?	-
sim_scientific-american_1845-12-25_1_15	https://archive.org/download/sim_scientific-american_1845-12-25_1_15/sim_scientific-american_1845-12-25_1_15_djvu.txt	?	-
sim_scientific-american_1846-01-01_1_16	https://archive.org/download/sim_scientific-american_1846-01-01_1_16/sim_scientific-american_1846-01-01_1_16_djvu.txt	?	-
sim_scientific-american_1846-01-08_1_17	https://archive.org/download/sim_scientific-american_1846-01-08_1_17/sim_scientific-american_1846-01-08_1_17_djvu.txt	?	-
sim_scientific-american_1846-01-15_1_18	https://archive.org/download/sim_scientific-american_1846-01-15_1_18/sim_scientific-american_1846-01-15_1_18_djvu.txt	?	-
sim_scientific-american_1846-01-22_1_19	https://archive.org/download/sim_scientific-american_1846-01-22_1_19/sim_scientific-american_1846-01-22_1_19_djvu.txt	?	-
sim_scientific-american_1846-01-29_1_20	https://archive.org/download/sim_scientific-american_1846-01-29_1_20/sim_scientific-american_1846-01-29_1_20_djvu.txt	?	-
sim_scientific-american_1846-02-05_1_21	https://archive.org/download/sim_scientific-american_1846-02-05_1_21/sim_scientific-american_1846-02-05_1_21_djvu.txt	?	-
sim_scientific-american_1846-02-12_1_22	https://archive.org/download/sim_scientific-american_1846-02-12_1_22/sim_scientific-american_1846-02-12_1_22_djvu.txt	?	-
sim_scientific-american_1846-02-19_1_23	https://archive.org/download/sim_scientific-american_1846-02-19_1_23/sim_scientific-american_1846-02-19_1_23_djvu.txt	?	-
sim_scientific-american_1846-02-26_1_24	https://archive.org/download/sim_scientific-american_1846-02-26_1_24/sim_scientific-american_1846-02-26_1_24_djvu.txt	?	-
sim_scientific-american_1846-03-05_1_25	https://archive.org/download/sim_scientific-american_1846-03-05_1_25/sim_scientific-american_1846-03-05_1_25_djvu.txt	?	-
sim_scientific-american_1846-03-12_1_26	https://archive.org/download/sim_scientific-american_1846-03-12_1_26/sim_scientific-american_1846-03-12_1_26_djvu.txt	?	-
sim_scientific-american_1846-03-19_1_27	https://archive.org/download/sim_scientific-american_1846-03-19_1_27/sim_scientific-american_1846-03-19_1_27_djvu.txt	?	-
sim_scientific-american_1846-03-26_1_28	https://archive.org/download/sim_scientific-american_1846-03-26_1_28/sim_scientific-american_1846-03-26_1_28_djvu.txt	?	-
sim_scientific-american_1846-04-02_1_29	https://archive.org/download/sim_scientific-american_1846-04-02_1_29/sim_scientific-american_1846-04-02_1_29_djvu.txt	?	-
sim_scientific-american_1846-04-09_1_30	https://archive.org/download/sim_scientific-american_1846-04-09_1_30/sim_scientific-american_1846-04-09_1_30_djvu.txt	?	-
sim_scientific-american_1846-04-16_1_31	https://archive.org/download/sim_scientific-american_1846-04-16_1_31/sim_scientific-american_1846-04-16_1_31_djvu.txt	?	-
sim_scientific-american_1846-04-23_1_32	https://archive.org/download/sim_scientific-american_1846-04-23_1_32/sim_scientific-american_1846-04-23_1_32_djvu.txt	?	-
sim_scientific-american_1846-04-30_1_33	https://archive.org/download/sim_scientific-american_1846-04-30_1_33/sim_scientific-american_1846-04-30_1_33_djvu.txt	?	-
sim_scientific-american_1846-05-06_1_34	https://archive.org/download/sim_scientific-american_1846-05-06_1_34/sim_scientific-american_1846-05-06_1_34_djvu.txt	?	-
sim_scientific-american_1846-05-14_1_35	https://archive.org/download/sim_scientific-american_1846-05-14_1_35/sim_scientific-american_1846-05-14_1_35_djvu.txt	?	-
sim_scientific-american_1846-05-21_1_36	https://archive.org/download/sim_scientific-american_1846-05-21_1_36/sim_scientific-american_1846-05-21_1_36_djvu.txt	?	-
sim_scientific-american_1846-05-28_1_37	https://archive.org/download/sim_scientific-american_1846-05-28_1_37/sim_scientific-american_1846-05-28_1_37_djvu.txt	?	-
sim_scientific-american_1846-06-04_1_38	https://archive.org/download/sim_scientific-american_1846-06-04_1_38/sim_scientific-american_1846-06-04_1_38_djvu.txt	?	-
sim_scientific-american_1846-06-18_1_39	https://archive.org/download/sim_scientific-american_1846-06-18_1_39/sim_scientific-american_1846-06-18_1_39_djvu.txt	?	-
sim_scientific-american_1846-06-25_1_40	https://archive.org/download/sim_scientific-american_1846-06-25_1_40/sim_scientific-american_1846-06-25_1_40_djvu.txt	?	-
sim_scientific-american_1846-07-02_1_41	https://archive.org/download/sim_scientific-american_1846-07-02_1_41/sim_scientific-american_1846-07-02_1_41_djvu.txt	?	-
sim_scientific-american_1846-07-09_1_42	https://archive.org/download/sim_scientific-american_1846-07-09_1_42/sim_scientific-american_1846-07-09_1_42_djvu.txt	?	-
sim_scientific-american_1846-07-16_1_43	https://archive.org/download/sim_scientific-american_1846-07-16_1_43/sim_scientific-american_1846-07-16_1_43_djvu.txt	?	-
sim_scientific-american_1846-07-23_1_44	https://archive.org/download/sim_scientific-american_1846-07-23_1_44/sim_scientific-american_1846-07-23_1_44_djvu.txt	?	-
sim_scientific-american_1846-07-30_1_45	https://archive.org/download/sim_scientific-american_1846-07-30_1_45/sim_scientific-american_1846-07-30_1_45_djvu.txt	?	-
sim_scientific-american_1846-08-06_1_46	https://archive.org/download/sim_scientific-american_1846-08-06_1_46/sim_scientific-american_1846-08-06_1_46_djvu.txt	?	-
sim_scientific-american_1846-08-13_1_47	https://archive.org/download/sim_scientific-american_1846-08-13_1_47/sim_scientific-american_1846-08-13_1_47_djvu.txt	?	-
sim_scientific-american_1846-08-20_1_48	https://archive.org/download/sim_scientific-american_1846-08-20_1_48/sim_scientific-american_1846-08-20_1_48_djvu.txt	?	-
sim_scientific-american_1846-08-27_1_49	https://archive.org/download/sim_scientific-american_1846-08-27_1_49/sim_scientific-american_1846-08-27_1_49_djvu.txt	?	-
sim_scientific-american_1846-09-03_1_50	https://archive.org/download/sim_scientific-american_1846-09-03_1_50/sim_scientific-american_1846-09-03_1_50_djvu.txt	?	-
sim_scientific-american_1846-09-10_1_51	https://archive.org/download/sim_scientific-american_1846-09-10_1_51/sim_scientific-american_1846-09-10_1_51_djvu.txt	?	-
sim_scientific-american_1846-09-17_1_52	https://archive.org/download/sim_scientific-american_1846-09-17_1_52/sim_scientific-american_1846-09-17_1_52_djvu.txt	?	-
sim_scientific-american_1846-09-26_2_1	https://archive.org/download/sim_scientific-american_1846-09-26_2_1/sim_scientific-american_1846-09-26_2_1_djvu.txt	?	-
sim_scientific-american_1846-10-03_2_2	https://archive.org/download/sim_scientific-american_1846-10-03_2_2/sim_scientific-american_1846-10-03_2_2_djvu.txt	?	-
sim_scientific-american_1846-10-10_2_3	https://archive.org/download/sim_scientific-american_1846-10-10_2_3/sim_scientific-american_1846-10-10_2_3_djvu.txt	?	-
sim_scientific-american_1846-10-17_2_4	https://archive.org/download/sim_scientific-american_1846-10-17_2_4/sim_scientific-american_1846-10-17_2_4_djvu.txt	?	-
sim_scientific-american_1846-10-24_2_5	https://archive.org/download/sim_scientific-american_1846-10-24_2_5/sim_scientific-american_1846-10-24_2_5_djvu.txt	?	-
sim_scientific-american_1846-10-31_2_6	https://archive.org/download/sim_scientific-american_1846-10-31_2_6/sim_scientific-american_1846-10-31_2_6_djvu.txt	?	-
sim_scientific-american_1846-11-06_2_7	https://archive.org/download/sim_scientific-american_1846-11-06_2_7/sim_scientific-american_1846-11-06_2_7_djvu.txt	?	-
sim_scientific-american_1846-11-14_2_8	https://archive.org/download/sim_scientific-american_1846-11-14_2_8/sim_scientific-american_1846-11-14_2_8_djvu.txt	?	-
sim_scientific-american_1846-11-21_2_9	https://archive.org/download/sim_scientific-american_1846-11-21_2_9/sim_scientific-american_1846-11-21_2_9_djvu.txt	?	-
sim_scientific-american_1846-11-28_2_10	https://archive.org/download/sim_scientific-american_1846-11-28_2_10/sim_scientific-american_1846-11-28_2_10_djvu.txt	?	-
sim_scientific-american_1846-12-05_2_11	https://archive.org/download/sim_scientific-american_1846-12-05_2_11/sim_scientific-american_1846-12-05_2_11_djvu.txt	?	-
sim_scientific-american_1846-12-12_2_12	https://archive.org/download/sim_scientific-american_1846-12-12_2_12/sim_scientific-american_1846-12-12_2_12_djvu.txt	?	-
sim_scientific-american_1846-12-19_2_13	https://archive.org/download/sim_scientific-american_1846-12-19_2_13/sim_scientific-american_1846-12-19_2_13_djvu.txt	?	-
sim_scientific-american_1846-12-26_2_14	https://archive.org/download/sim_scientific-american_1846-12-26_2_14/sim_scientific-american_1846-12-26_2_14_djvu.txt	?	-
sim_scientific-american_1847-01-02_2_15	https://archive.org/download/sim_scientific-american_1847-01-02_2_15/sim_scientific-american_1847-01-02_2_15_djvu.txt	?	-
sim_scientific-american_1847-01-09_2_16	https://archive.org/download/sim_scientific-american_1847-01-09_2_16/sim_scientific-american_1847-01-09_2_16_djvu.txt	?	-
sim_scientific-american_1847-01-16_2_17	https://archive.org/download/sim_scientific-american_1847-01-16_2_17/sim_scientific-american_1847-01-16_2_17_djvu.txt	?	-
sim_scientific-american_1847-01-23_2_18	https://archive.org/download/sim_scientific-american_1847-01-23_2_18/sim_scientific-american_1847-01-23_2_18_djvu.txt	?	-
sim_scientific-american_1847-01-30_2_19	https://archive.org/download/sim_scientific-american_1847-01-30_2_19/sim_scientific-american_1847-01-30_2_19_djvu.txt	?	-
sim_scientific-american_1847-02-06_2_20	https://archive.org/download/sim_scientific-american_1847-02-06_2_20/sim_scientific-american_1847-02-06_2_20_djvu.txt	?	-
sim_scientific-american_1847-02-13_2_21	https://archive.org/download/sim_scientific-american_1847-02-13_2_21/sim_scientific-american_1847-02-13_2_21_djvu.txt	?	-
sim_scientific-american_1847-02-20_2_22	https://archive.org/download/sim_scientific-american_1847-02-20_2_22/sim_scientific-american_1847-02-20_2_22_djvu.txt	?	-
sim_scientific-american_1847-02-27_2_23	https://archive.org/download/sim_scientific-american_1847-02-27_2_23/sim_scientific-american_1847-02-27_2_23_djvu.txt	?	-
sim_scientific-american_1847-03-06_2_24	https://archive.org/download/sim_scientific-american_1847-03-06_2_24/sim_scientific-american_1847-03-06_2_24_djvu.txt	?	-
sim_scientific-american_1847-03-13_2_25	https://archive.org/download/sim_scientific-american_1847-03-13_2_25/sim_scientific-american_1847-03-13_2_25_djvu.txt	?	-
sim_scientific-american_1847-03-20_2_26	https://archive.org/download/sim_scientific-american_1847-03-20_2_26/sim_scientific-american_1847-03-20_2_26_djvu.txt	?	-
sim_scientific-american_1847-03-27_2_27	https://archive.org/download/sim_scientific-american_1847-03-27_2_27/sim_scientific-american_1847-03-27_2_27_djvu.txt	?	-
sim_scientific-american_1847-04-03_2_28	https://archive.org/download/sim_scientific-american_1847-04-03_2_28/sim_scientific-american_1847-04-03_2_28_djvu.txt	?	-
sim_scientific-american_1847-04-10_2_29	https://archive.org/download/sim_scientific-american_1847-04-10_2_29/sim_scientific-american_1847-04-10_2_29_djvu.txt	?	-
sim_scientific-american_1847-04-17_2_30	https://archive.org/download/sim_scientific-american_1847-04-17_2_30/sim_scientific-american_1847-04-17_2_30_djvu.txt	?	-
sim_scientific-american_1847-04-24_2_31	https://archive.org/download/sim_scientific-american_1847-04-24_2_31/sim_scientific-american_1847-04-24_2_31_djvu.txt	?	-
sim_scientific-american_1847-05-01_2_32	https://archive.org/download/sim_scientific-american_1847-05-01_2_32/sim_scientific-american_1847-05-01_2_32_djvu.txt	?	-
sim_scientific-american_1847-05-08_2_33	https://archive.org/download/sim_scientific-american_1847-05-08_2_33/sim_scientific-american_1847-05-08_2_33_djvu.txt	?	-
sim_scientific-american_1847-05-15_2_34	https://archive.org/download/sim_scientific-american_1847-05-15_2_34/sim_scientific-american_1847-05-15_2_34_djvu.txt	?	-
sim_scientific-american_1847-05-22_2_35	https://archive.org/download/sim_scientific-american_1847-05-22_2_35/sim_scientific-american_1847-05-22_2_35_djvu.txt	?	-
sim_scientific-american_1847-05-29_2_36	https://archive.org/download/sim_scientific-american_1847-05-29_2_36/sim_scientific-american_1847-05-29_2_36_djvu.txt	?	-
sim_scientific-american_1847-06-05_2_37	https://archive.org/download/sim_scientific-american_1847-06-05_2_37/sim_scientific-american_1847-06-05_2_37_djvu.txt	?	-
sim_scientific-american_1847-06-12_2_38	https://archive.org/download/sim_scientific-american_1847-06-12_2_38/sim_scientific-american_1847-06-12_2_38_djvu.txt	?	-
sim_scientific-american_1847-06-19_2_39	https://archive.org/download/sim_scientific-american_1847-06-19_2_39/sim_scientific-american_1847-06-19_2_39_djvu.txt	?	-
sim_scientific-american_1847-06-26_2_40	https://archive.org/download/sim_scientific-american_1847-06-26_2_40/sim_scientific-american_1847-06-26_2_40_djvu.txt	?	-
sim_scientific-american_1847-07-03_2_41	https://archive.org/download/sim_scientific-american_1847-07-03_2_41/sim_scientific-american_1847-07-03_2_41_djvu.txt	?	-
sim_scientific-american_1847-07-10_2_42	https://archive.org/download/sim_scientific-american_1847-07-10_2_42/sim_scientific-american_1847-07-10_2_42_djvu.txt	?	-
sim_scientific-american_1847-07-17_2_43	https://archive.org/download/sim_scientific-american_1847-07-17_2_43/sim_scientific-american_1847-07-17_2_43_djvu.txt	?	-
sim_scientific-american_1847-07-24_2_44	https://archive.org/download/sim_scientific-american_1847-07-24_2_44/sim_scientific-american_1847-07-24_2_44_djvu.txt	?	-
sim_scientific-american_1847-07-31_2_45	https://archive.org/download/sim_scientific-american_1847-07-31_2_45/sim_scientific-american_1847-07-31_2_45_djvu.txt	?	-
sim_scientific-american_1847-08-07_2_46	https://archive.org/download/sim_scientific-american_1847-08-07_2_46/sim_scientific-american_1847-08-07_2_46_djvu.txt	?	-
sim_scientific-american_1847-08-14_2_47	https://archive.org/download/sim_scientific-american_1847-08-14_2_47/sim_scientific-american_1847-08-14_2_47_djvu.txt	?	-
sim_scientific-american_1847-08-21_2_48	https://archive.org/download/sim_scientific-american_1847-08-21_2_48/sim_scientific-american_1847-08-21_2_48_djvu.txt	?	-
sim_scientific-american_1847-08-28_2_49	https://archive.org/download/sim_scientific-american_1847-08-28_2_49/sim_scientific-american_1847-08-28_2_49_djvu.txt	?	-
sim_scientific-american_1847-09-04_2_50	https://archive.org/download/sim_scientific-american_1847-09-04_2_50/sim_scientific-american_1847-09-04_2_50_djvu.txt	?	-
sim_scientific-american_1847-09-11_2_51	https://archive.org/download/sim_scientific-american_1847-09-11_2_51/sim_scientific-american_1847-09-11_2_51_djvu.txt	?	-
sim_scientific-american_1847-09-18_2_52	https://archive.org/download/sim_scientific-american_1847-09-18_2_52/sim_scientific-american_1847-09-18_2_52_djvu.txt	?	-
sim_scientific-american_1847-09-25_3_1	https://archive.org/download/sim_scientific-american_1847-09-25_3_1/sim_scientific-american_1847-09-25_3_1_djvu.txt	?	-
sim_scientific-american_1847-10-02_3_2	https://archive.org/download/sim_scientific-american_1847-10-02_3_2/sim_scientific-american_1847-10-02_3_2_djvu.txt	?	-
sim_scientific-american_1847-10-09_3_3	https://archive.org/download/sim_scientific-american_1847-10-09_3_3/sim_scientific-american_1847-10-09_3_3_djvu.txt	?	-
sim_scientific-american_1847-10-16_3_4	https://archive.org/download/sim_scientific-american_1847-10-16_3_4/sim_scientific-american_1847-10-16_3_4_djvu.txt	?	-
sim_scientific-american_1847-10-23_3_5	https://archive.org/download/sim_scientific-american_1847-10-23_3_5/sim_scientific-american_1847-10-23_3_5_djvu.txt	?	-
sim_scientific-american_1847-10-30_3_6	https://archive.org/download/sim_scientific-american_1847-10-30_3_6/sim_scientific-american_1847-10-30_3_6_djvu.txt	?	-
sim_scientific-american_1847-11-06_3_7	https://archive.org/download/sim_scientific-american_1847-11-06_3_7/sim_scientific-american_1847-11-06_3_7_djvu.txt	?	-
sim_scientific-american_1847-11-13_3_8	https://archive.org/download/sim_scientific-american_1847-11-13_3_8/sim_scientific-american_1847-11-13_3_8_djvu.txt	?	-
sim_scientific-american_1847-11-20_3_9	https://archive.org/download/sim_scientific-american_1847-11-20_3_9/sim_scientific-american_1847-11-20_3_9_djvu.txt	?	-
sim_scientific-american_1847-11-27_3_10	https://archive.org/download/sim_scientific-american_1847-11-27_3_10/sim_scientific-american_1847-11-27_3_10_djvu.txt	?	-
sim_scientific-american_1847-12-04_3_11	https://archive.org/download/sim_scientific-american_1847-12-04_3_11/sim_scientific-american_1847-12-04_3_11_djvu.txt	?	-
sim_scientific-american_1847-12-11_3_12	https://archive.org/download/sim_scientific-american_1847-12-11_3_12/sim_scientific-american_1847-12-11_3_12_djvu.txt	?	-
sim_scientific-american_1847-12-18_3_13	https://archive.org/download/sim_scientific-american_1847-12-18_3_13/sim_scientific-american_1847-12-18_3_13_djvu.txt	?	-
sim_scientific-american_1847-12-25_3_14	https://archive.org/download/sim_scientific-american_1847-12-25_3_14/sim_scientific-american_1847-12-25_3_14_djvu.txt	?	-
sim_scientific-american_1847-1848_3_index	https://archive.org/download/sim_scientific-american_1847-1848_3_index/sim_scientific-american_1847-1848_3_index_djvu.txt	?	-
sim_scientific-american_1848-01-01_3_15	https://archive.org/download/sim_scientific-american_1848-01-01_3_15/sim_scientific-american_1848-01-01_3_15_djvu.txt	?	-
sim_scientific-american_1848-01-08_3_16	https://archive.org/download/sim_scientific-american_1848-01-08_3_16/sim_scientific-american_1848-01-08_3_16_djvu.txt	?	-
sim_scientific-american_1848-01-15_3_17	https://archive.org/download/sim_scientific-american_1848-01-15_3_17/sim_scientific-american_1848-01-15_3_17_djvu.txt	?	-
sim_scientific-american_1848-01-22_3_18	https://archive.org/download/sim_scientific-american_1848-01-22_3_18/sim_scientific-american_1848-01-22_3_18_djvu.txt	?	-
sim_scientific-american_1848-01-29_3_19	https://archive.org/download/sim_scientific-american_1848-01-29_3_19/sim_scientific-american_1848-01-29_3_19_djvu.txt	?	-
sim_scientific-american_1848-02-05_3_20	https://archive.org/download/sim_scientific-american_1848-02-05_3_20/sim_scientific-american_1848-02-05_3_20_djvu.txt	?	-
sim_scientific-american_1848-02-12_3_21	https://archive.org/download/sim_scientific-american_1848-02-12_3_21/sim_scientific-american_1848-02-12_3_21_djvu.txt	?	-
sim_scientific-american_1848-02-19_3_22	https://archive.org/download/sim_scientific-american_1848-02-19_3_22/sim_scientific-american_1848-02-19_3_22_djvu.txt	?	-
sim_scientific-american_1848-02-26_3_23	https://archive.org/download/sim_scientific-american_1848-02-26_3_23/sim_scientific-american_1848-02-26_3_23_djvu.txt	?	-
sim_scientific-american_1848-03-04_3_24	https://archive.org/download/sim_scientific-american_1848-03-04_3_24/sim_scientific-american_1848-03-04_3_24_djvu.txt	?	-
sim_scientific-american_1848-03-11_3_25	https://archive.org/download/sim_scientific-american_1848-03-11_3_25/sim_scientific-american_1848-03-11_3_25_djvu.txt	?	-
sim_scientific-american_1848-03-18_3_26	https://archive.org/download/sim_scientific-american_1848-03-18_3_26/sim_scientific-american_1848-03-18_3_26_djvu.txt	?	-
sim_scientific-american_1848-03-25_3_27	https://archive.org/download/sim_scientific-american_1848-03-25_3_27/sim_scientific-american_1848-03-25_3_27_djvu.txt	?	-
sim_scientific-american_1848-04-01_3_28	https://archive.org/download/sim_scientific-american_1848-04-01_3_28/sim_scientific-american_1848-04-01_3_28_djvu.txt	?	-
sim_scientific-american_1848-04-08_3_29	https://archive.org/download/sim_scientific-american_1848-04-08_3_29/sim_scientific-american_1848-04-08_3_29_djvu.txt	?	-
sim_scientific-american_1848-04-15_3_30	https://archive.org/download/sim_scientific-american_1848-04-15_3_30/sim_scientific-american_1848-04-15_3_30_djvu.txt	?	-
sim_scientific-american_1848-04-22_3_31	https://archive.org/download/sim_scientific-american_1848-04-22_3_31/sim_scientific-american_1848-04-22_3_31_djvu.txt	?	-
sim_scientific-american_1848-04-29_3_32	https://archive.org/download/sim_scientific-american_1848-04-29_3_32/sim_scientific-american_1848-04-29_3_32_djvu.txt	?	-
sim_scientific-american_1848-05-06_3_33	https://archive.org/download/sim_scientific-american_1848-05-06_3_33/sim_scientific-american_1848-05-06_3_33_djvu.txt	?	-
sim_scientific-american_1848-05-13_3_34	https://archive.org/download/sim_scientific-american_1848-05-13_3_34/sim_scientific-american_1848-05-13_3_34_djvu.txt	?	-
sim_scientific-american_1848-05-20_3_35	https://archive.org/download/sim_scientific-american_1848-05-20_3_35/sim_scientific-american_1848-05-20_3_35_djvu.txt	?	-
sim_scientific-american_1848-05-27_3_36	https://archive.org/download/sim_scientific-american_1848-05-27_3_36/sim_scientific-american_1848-05-27_3_36_djvu.txt	?	-
sim_scientific-american_1848-06-03_3_37	https://archive.org/download/sim_scientific-american_1848-06-03_3_37/sim_scientific-american_1848-06-03_3_37_djvu.txt	?	-
sim_scientific-american_1848-06-10_3_38	https://archive.org/download/sim_scientific-american_1848-06-10_3_38/sim_scientific-american_1848-06-10_3_38_djvu.txt	?	-
sim_scientific-american_1848-06-17_3_39	https://archive.org/download/sim_scientific-american_1848-06-17_3_39/sim_scientific-american_1848-06-17_3_39_djvu.txt	?	-
sim_scientific-american_1848-06-24_3_40	https://archive.org/download/sim_scientific-american_1848-06-24_3_40/sim_scientific-american_1848-06-24_3_40_djvu.txt	?	-
sim_scientific-american_1848-07-01_3_41	https://archive.org/download/sim_scientific-american_1848-07-01_3_41/sim_scientific-american_1848-07-01_3_41_djvu.txt	?	-
sim_scientific-american_1848-07-08_3_42	https://archive.org/download/sim_scientific-american_1848-07-08_3_42/sim_scientific-american_1848-07-08_3_42_djvu.txt	?	-
sim_scientific-american_1848-07-15_3_43	https://archive.org/download/sim_scientific-american_1848-07-15_3_43/sim_scientific-american_1848-07-15_3_43_djvu.txt	?	-
sim_scientific-american_1848-07-22_3_44	https://archive.org/download/sim_scientific-american_1848-07-22_3_44/sim_scientific-american_1848-07-22_3_44_djvu.txt	?	-
sim_scientific-american_1848-07-29_3_45	https://archive.org/download/sim_scientific-american_1848-07-29_3_45/sim_scientific-american_1848-07-29_3_45_djvu.txt	?	-
sim_scientific-american_1848-08-05_3_46	https://archive.org/download/sim_scientific-american_1848-08-05_3_46/sim_scientific-american_1848-08-05_3_46_djvu.txt	?	-
sim_scientific-american_1848-08-12_3_47	https://archive.org/download/sim_scientific-american_1848-08-12_3_47/sim_scientific-american_1848-08-12_3_47_djvu.txt	?	-
sim_scientific-american_1848-08-19_3_48	https://archive.org/download/sim_scientific-american_1848-08-19_3_48/sim_scientific-american_1848-08-19_3_48_djvu.txt	?	-
sim_scientific-american_1848-08-26_3_49	https://archive.org/download/sim_scientific-american_1848-08-26_3_49/sim_scientific-american_1848-08-26_3_49_djvu.txt	?	-
sim_scientific-american_1848-09-02_3_50	https://archive.org/download/sim_scientific-american_1848-09-02_3_50/sim_scientific-american_1848-09-02_3_50_djvu.txt	?	-
sim_scientific-american_1848-09-09_3_51	https://archive.org/download/sim_scientific-american_1848-09-09_3_51/sim_scientific-american_1848-09-09_3_51_djvu.txt	?	-
sim_scientific-american_1848-09-16_3_52	https://archive.org/download/sim_scientific-american_1848-09-16_3_52/sim_scientific-american_1848-09-16_3_52_djvu.txt	?	-
sim_scientific-american_1848-09-23_4_1	https://archive.org/download/sim_scientific-american_1848-09-23_4_1/sim_scientific-american_1848-09-23_4_1_djvu.txt	?	-
sim_scientific-american_1848-09-30_4_2	https://archive.org/download/sim_scientific-american_1848-09-30_4_2/sim_scientific-american_1848-09-30_4_2_djvu.txt	?	-
sim_scientific-american_1848-10-07_4_3	https://archive.org/download/sim_scientific-american_1848-10-07_4_3/sim_scientific-american_1848-10-07_4_3_djvu.txt	?	-
sim_scientific-american_1848-10-14_4_4	https://archive.org/download/sim_scientific-american_1848-10-14_4_4/sim_scientific-american_1848-10-14_4_4_djvu.txt	?	-
sim_scientific-american_1848-10-21_4_5	https://archive.org/download/sim_scientific-american_1848-10-21_4_5/sim_scientific-american_1848-10-21_4_5_djvu.txt	?	-
sim_scientific-american_1848-10-28_4_6	https://archive.org/download/sim_scientific-american_1848-10-28_4_6/sim_scientific-american_1848-10-28_4_6_djvu.txt	?	-
sim_scientific-american_1848-11-04_4_7	https://archive.org/download/sim_scientific-american_1848-11-04_4_7/sim_scientific-american_1848-11-04_4_7_djvu.txt	?	-
sim_scientific-american_1848-11-11_4_8	https://archive.org/download/sim_scientific-american_1848-11-11_4_8/sim_scientific-american_1848-11-11_4_8_djvu.txt	?	-
sim_scientific-american_1848-11-18_4_9	https://archive.org/download/sim_scientific-american_1848-11-18_4_9/sim_scientific-american_1848-11-18_4_9_djvu.txt	?	-
sim_scientific-american_1848-11-25_4_10	https://archive.org/download/sim_scientific-american_1848-11-25_4_10/sim_scientific-american_1848-11-25_4_10_djvu.txt	?	-
sim_scientific-american_1848-12-02_4_11	https://archive.org/download/sim_scientific-american_1848-12-02_4_11/sim_scientific-american_1848-12-02_4_11_djvu.txt	?	-
sim_scientific-american_1848-12-09_4_12	https://archive.org/download/sim_scientific-american_1848-12-09_4_12/sim_scientific-american_1848-12-09_4_12_djvu.txt	?	-
sim_scientific-american_1848-12-16_4_13	https://archive.org/download/sim_scientific-american_1848-12-16_4_13/sim_scientific-american_1848-12-16_4_13_djvu.txt	?	-
sim_scientific-american_1848-12-23_4_14	https://archive.org/download/sim_scientific-american_1848-12-23_4_14/sim_scientific-american_1848-12-23_4_14_djvu.txt	?	-
sim_scientific-american_1848-12-30_4_15	https://archive.org/download/sim_scientific-american_1848-12-30_4_15/sim_scientific-american_1848-12-30_4_15_djvu.txt	?	-
sim_scientific-american_1848-1849_4_index	https://archive.org/download/sim_scientific-american_1848-1849_4_index/sim_scientific-american_1848-1849_4_index_djvu.txt	?	-
sim_scientific-american_1849-01-06_4_16	https://archive.org/download/sim_scientific-american_1849-01-06_4_16/sim_scientific-american_1849-01-06_4_16_djvu.txt	?	-
sim_scientific-american_1849-01-13_4_17	https://archive.org/download/sim_scientific-american_1849-01-13_4_17/sim_scientific-american_1849-01-13_4_17_djvu.txt	?	-
sim_scientific-american_1849-01-20_4_18	https://archive.org/download/sim_scientific-american_1849-01-20_4_18/sim_scientific-american_1849-01-20_4_18_djvu.txt	?	-
sim_scientific-american_1849-01-27_4_19	https://archive.org/download/sim_scientific-american_1849-01-27_4_19/sim_scientific-american_1849-01-27_4_19_djvu.txt	?	-
sim_scientific-american_1849-02-03_4_20	https://archive.org/download/sim_scientific-american_1849-02-03_4_20/sim_scientific-american_1849-02-03_4_20_djvu.txt	?	-
sim_scientific-american_1849-02-10_4_21	https://archive.org/download/sim_scientific-american_1849-02-10_4_21/sim_scientific-american_1849-02-10_4_21_djvu.txt	?	-
sim_scientific-american_1849-02-17_4_22	https://archive.org/download/sim_scientific-american_1849-02-17_4_22/sim_scientific-american_1849-02-17_4_22_djvu.txt	?	-
sim_scientific-american_1849-02-24_4_23	https://archive.org/download/sim_scientific-american_1849-02-24_4_23/sim_scientific-american_1849-02-24_4_23_djvu.txt	?	-
sim_scientific-american_1849-03-03_4_24	https://archive.org/download/sim_scientific-american_1849-03-03_4_24/sim_scientific-american_1849-03-03_4_24_djvu.txt	?	-
sim_scientific-american_1849-03-10_4_25	https://archive.org/download/sim_scientific-american_1849-03-10_4_25/sim_scientific-american_1849-03-10_4_25_djvu.txt	?	-
sim_scientific-american_1849-03-17_4_26	https://archive.org/download/sim_scientific-american_1849-03-17_4_26/sim_scientific-american_1849-03-17_4_26_djvu.txt	?	-
sim_scientific-american_1849-03-24_4_27	https://archive.org/download/sim_scientific-american_1849-03-24_4_27/sim_scientific-american_1849-03-24_4_27_djvu.txt	?	-
sim_scientific-american_1849-03-31_4_28	https://archive.org/download/sim_scientific-american_1849-03-31_4_28/sim_scientific-american_1849-03-31_4_28_djvu.txt	?	-
sim_scientific-american_1849-04-07_4_29	https://archive.org/download/sim_scientific-american_1849-04-07_4_29/sim_scientific-american_1849-04-07_4_29_djvu.txt	?	-
sim_scientific-american_1849-04-14_4_30	https://archive.org/download/sim_scientific-american_1849-04-14_4_30/sim_scientific-american_1849-04-14_4_30_djvu.txt	?	-
sim_scientific-american_1849-04-21_4_31	https://archive.org/download/sim_scientific-american_1849-04-21_4_31/sim_scientific-american_1849-04-21_4_31_djvu.txt	?	-
sim_scientific-american_1849-04-28_4_32	https://archive.org/download/sim_scientific-american_1849-04-28_4_32/sim_scientific-american_1849-04-28_4_32_djvu.txt	?	-
sim_scientific-american_1849-05-05_4_33	https://archive.org/download/sim_scientific-american_1849-05-05_4_33/sim_scientific-american_1849-05-05_4_33_djvu.txt	?	-
sim_scientific-american_1849-05-12_4_34	https://archive.org/download/sim_scientific-american_1849-05-12_4_34/sim_scientific-american_1849-05-12_4_34_djvu.txt	?	-
sim_scientific-american_1849-05-19_4_35	https://archive.org/download/sim_scientific-american_1849-05-19_4_35/sim_scientific-american_1849-05-19_4_35_djvu.txt	?	-
sim_scientific-american_1849-05-26_4_36	https://archive.org/download/sim_scientific-american_1849-05-26_4_36/sim_scientific-american_1849-05-26_4_36_djvu.txt	?	-
sim_scientific-american_1849-06-02_4_37	https://archive.org/download/sim_scientific-american_1849-06-02_4_37/sim_scientific-american_1849-06-02_4_37_djvu.txt	?	-
sim_scientific-american_1849-06-09_4_38	https://archive.org/download/sim_scientific-american_1849-06-09_4_38/sim_scientific-american_1849-06-09_4_38_djvu.txt	?	-
sim_scientific-american_1849-06-16_4_39	https://archive.org/download/sim_scientific-american_1849-06-16_4_39/sim_scientific-american_1849-06-16_4_39_djvu.txt	?	-
sim_scientific-american_1849-06-23_4_40	https://archive.org/download/sim_scientific-american_1849-06-23_4_40/sim_scientific-american_1849-06-23_4_40_djvu.txt	?	-
sim_scientific-american_1849-06-30_4_41	https://archive.org/download/sim_scientific-american_1849-06-30_4_41/sim_scientific-american_1849-06-30_4_41_djvu.txt	?	-
sim_scientific-american_1849-07-07_4_42	https://archive.org/download/sim_scientific-american_1849-07-07_4_42/sim_scientific-american_1849-07-07_4_42_djvu.txt	?	-
sim_scientific-american_1849-07-14_4_43	https://archive.org/download/sim_scientific-american_1849-07-14_4_43/sim_scientific-american_1849-07-14_4_43_djvu.txt	?	-
sim_scientific-american_1849-07-21_4_44	https://archive.org/download/sim_scientific-american_1849-07-21_4_44/sim_scientific-american_1849-07-21_4_44_djvu.txt	?	-
sim_scientific-american_1849-07-28_4_45	https://archive.org/download/sim_scientific-american_1849-07-28_4_45/sim_scientific-american_1849-07-28_4_45_djvu.txt	?	-
sim_scientific-american_1849-08-04_4_46	https://archive.org/download/sim_scientific-american_1849-08-04_4_46/sim_scientific-american_1849-08-04_4_46_djvu.txt	?	-
sim_scientific-american_1849-08-11_4_47	https://archive.org/download/sim_scientific-american_1849-08-11_4_47/sim_scientific-american_1849-08-11_4_47_djvu.txt	?	-
sim_scientific-american_1849-08-18_4_48	https://archive.org/download/sim_scientific-american_1849-08-18_4_48/sim_scientific-american_1849-08-18_4_48_djvu.txt	?	-
sim_scientific-american_1849-08-25_4_49	https://archive.org/download/sim_scientific-american_1849-08-25_4_49/sim_scientific-american_1849-08-25_4_49_djvu.txt	?	-
sim_scientific-american_1849-09-01_4_50	https://archive.org/download/sim_scientific-american_1849-09-01_4_50/sim_scientific-american_1849-09-01_4_50_djvu.txt	?	-
sim_scientific-american_1849-09-08_4_51	https://archive.org/download/sim_scientific-american_1849-09-08_4_51/sim_scientific-american_1849-09-08_4_51_djvu.txt	?	-
sim_scientific-american_1849-09-15_4_52	https://archive.org/download/sim_scientific-american_1849-09-15_4_52/sim_scientific-american_1849-09-15_4_52_djvu.txt	?	-
sim_scientific-american_1849-09-22_5_1	https://archive.org/download/sim_scientific-american_1849-09-22_5_1/sim_scientific-american_1849-09-22_5_1_djvu.txt	?	-
sim_scientific-american_1849-09-29_5_2	https://archive.org/download/sim_scientific-american_1849-09-29_5_2/sim_scientific-american_1849-09-29_5_2_djvu.txt	?	-
sim_scientific-american_1849-10-06_5_3	https://archive.org/download/sim_scientific-american_1849-10-06_5_3/sim_scientific-american_1849-10-06_5_3_djvu.txt	?	-
sim_scientific-american_1849-10-13_5_4	https://archive.org/download/sim_scientific-american_1849-10-13_5_4/sim_scientific-american_1849-10-13_5_4_djvu.txt	?	-
sim_scientific-american_1849-10-20_5_5	https://archive.org/download/sim_scientific-american_1849-10-20_5_5/sim_scientific-american_1849-10-20_5_5_djvu.txt	?	-
sim_scientific-american_1849-10-27_5_6	https://archive.org/download/sim_scientific-american_1849-10-27_5_6/sim_scientific-american_1849-10-27_5_6_djvu.txt	?	-
sim_scientific-american_1849-11-03_5_7	https://archive.org/download/sim_scientific-american_1849-11-03_5_7/sim_scientific-american_1849-11-03_5_7_djvu.txt	?	-
sim_scientific-american_1849-11-10_5_8	https://archive.org/download/sim_scientific-american_1849-11-10_5_8/sim_scientific-american_1849-11-10_5_8_djvu.txt	?	-
sim_scientific-american_1849-11-17_5_9	https://archive.org/download/sim_scientific-american_1849-11-17_5_9/sim_scientific-american_1849-11-17_5_9_djvu.txt	?	-
sim_scientific-american_1849-11-24_5_10	https://archive.org/download/sim_scientific-american_1849-11-24_5_10/sim_scientific-american_1849-11-24_5_10_djvu.txt	?	-
sim_scientific-american_1849-12-01_5_11	https://archive.org/download/sim_scientific-american_1849-12-01_5_11/sim_scientific-american_1849-12-01_5_11_djvu.txt	?	-
sim_scientific-american_1849-12-08_5_12	https://archive.org/download/sim_scientific-american_1849-12-08_5_12/sim_scientific-american_1849-12-08_5_12_djvu.txt	?	-
sim_scientific-american_1849-12-15_5_13	https://archive.org/download/sim_scientific-american_1849-12-15_5_13/sim_scientific-american_1849-12-15_5_13_djvu.txt	?	-
sim_scientific-american_1849-12-22_5_14	https://archive.org/download/sim_scientific-american_1849-12-22_5_14/sim_scientific-american_1849-12-22_5_14_djvu.txt	?	-
sim_scientific-american_1849-12-29_5_15	https://archive.org/download/sim_scientific-american_1849-12-29_5_15/sim_scientific-american_1849-12-29_5_15_djvu.txt	?	-
sim_scientific-american_1849-1850_5_index	https://archive.org/download/sim_scientific-american_1849-1850_5_index/sim_scientific-american_1849-1850_5_index_djvu.txt	?	-
sim_scientific-american_1850-01-05_5_16	https://archive.org/download/sim_scientific-american_1850-01-05_5_16/sim_scientific-american_1850-01-05_5_16_djvu.txt	?	-
sim_scientific-american_1850-01-12_5_17	https://archive.org/download/sim_scientific-american_1850-01-12_5_17/sim_scientific-american_1850-01-12_5_17_djvu.txt	?	-
sim_scientific-american_1850-01-19_5_18	https://archive.org/download/sim_scientific-american_1850-01-19_5_18/sim_scientific-american_1850-01-19_5_18_djvu.txt	?	-
sim_scientific-american_1850-01-26_5_19	https://archive.org/download/sim_scientific-american_1850-01-26_5_19/sim_scientific-american_1850-01-26_5_19_djvu.txt	?	-
sim_scientific-american_1850-02-02_5_20	https://archive.org/download/sim_scientific-american_1850-02-02_5_20/sim_scientific-american_1850-02-02_5_20_djvu.txt	?	-
sim_scientific-american_1850-02-09_5_21	https://archive.org/download/sim_scientific-american_1850-02-09_5_21/sim_scientific-american_1850-02-09_5_21_djvu.txt	?	-
sim_scientific-american_1850-02-16_5_22	https://archive.org/download/sim_scientific-american_1850-02-16_5_22/sim_scientific-american_1850-02-16_5_22_djvu.txt	?	-
sim_scientific-american_1850-02-23_5_23	https://archive.org/download/sim_scientific-american_1850-02-23_5_23/sim_scientific-american_1850-02-23_5_23_djvu.txt	?	-
sim_scientific-american_1850-03-02_5_24	https://archive.org/download/sim_scientific-american_1850-03-02_5_24/sim_scientific-american_1850-03-02_5_24_djvu.txt	?	-
sim_scientific-american_1850-03-09_5_25	https://archive.org/download/sim_scientific-american_1850-03-09_5_25/sim_scientific-american_1850-03-09_5_25_djvu.txt	?	-
sim_scientific-american_1850-03-16_5_26	https://archive.org/download/sim_scientific-american_1850-03-16_5_26/sim_scientific-american_1850-03-16_5_26_djvu.txt	?	-
sim_scientific-american_1850-03-23_5_27	https://archive.org/download/sim_scientific-american_1850-03-23_5_27/sim_scientific-american_1850-03-23_5_27_djvu.txt	?	-
sim_scientific-american_1850-03-30_5_28	https://archive.org/download/sim_scientific-american_1850-03-30_5_28/sim_scientific-american_1850-03-30_5_28_djvu.txt	?	-
sim_scientific-american_1850-04-06_5_29	https://archive.org/download/sim_scientific-american_1850-04-06_5_29/sim_scientific-american_1850-04-06_5_29_djvu.txt	?	-
sim_scientific-american_1850-04-13_5_30	https://archive.org/download/sim_scientific-american_1850-04-13_5_30/sim_scientific-american_1850-04-13_5_30_djvu.txt	?	-
sim_scientific-american_1850-04-20_5_31	https://archive.org/download/sim_scientific-american_1850-04-20_5_31/sim_scientific-american_1850-04-20_5_31_djvu.txt	?	-
sim_scientific-american_1850-04-27_5_32	https://archive.org/download/sim_scientific-american_1850-04-27_5_32/sim_scientific-american_1850-04-27_5_32_djvu.txt	?	-
sim_scientific-american_1850-05-04_5_33	https://archive.org/download/sim_scientific-american_1850-05-04_5_33/sim_scientific-american_1850-05-04_5_33_djvu.txt	?	-
sim_scientific-american_1850-05-11_5_34	https://archive.org/download/sim_scientific-american_1850-05-11_5_34/sim_scientific-american_1850-05-11_5_34_djvu.txt	?	-
sim_scientific-american_1850-05-18_5_35	https://archive.org/download/sim_scientific-american_1850-05-18_5_35/sim_scientific-american_1850-05-18_5_35_djvu.txt	?	-
sim_scientific-american_1850-05-25_5_36	https://archive.org/download/sim_scientific-american_1850-05-25_5_36/sim_scientific-american_1850-05-25_5_36_djvu.txt	?	-
sim_scientific-american_1850-06-01_5_37	https://archive.org/download/sim_scientific-american_1850-06-01_5_37/sim_scientific-american_1850-06-01_5_37_djvu.txt	?	-
sim_scientific-american_1850-06-08_5_38	https://archive.org/download/sim_scientific-american_1850-06-08_5_38/sim_scientific-american_1850-06-08_5_38_djvu.txt	?	-
sim_scientific-american_1850-06-15_5_39	https://archive.org/download/sim_scientific-american_1850-06-15_5_39/sim_scientific-american_1850-06-15_5_39_djvu.txt	?	-
sim_scientific-american_1850-06-22_5_40	https://archive.org/download/sim_scientific-american_1850-06-22_5_40/sim_scientific-american_1850-06-22_5_40_djvu.txt	?	-
sim_scientific-american_1850-06-29_5_41	https://archive.org/download/sim_scientific-american_1850-06-29_5_41/sim_scientific-american_1850-06-29_5_41_djvu.txt	?	-
sim_scientific-american_1850-07-06_5_42	https://archive.org/download/sim_scientific-american_1850-07-06_5_42/sim_scientific-american_1850-07-06_5_42_djvu.txt	?	-
sim_scientific-american_1850-07-13_5_43	https://archive.org/download/sim_scientific-american_1850-07-13_5_43/sim_scientific-american_1850-07-13_5_43_djvu.txt	?	-
sim_scientific-american_1850-07-20_5_44	https://archive.org/download/sim_scientific-american_1850-07-20_5_44/sim_scientific-american_1850-07-20_5_44_djvu.txt	?	-
sim_scientific-american_1850-07-27_5_45	https://archive.org/download/sim_scientific-american_1850-07-27_5_45/sim_scientific-american_1850-07-27_5_45_djvu.txt	?	-
sim_scientific-american_1850-08-03_5_46	https://archive.org/download/sim_scientific-american_1850-08-03_5_46/sim_scientific-american_1850-08-03_5_46_djvu.txt	?	-
sim_scientific-american_1850-08-10_5_47	https://archive.org/download/sim_scientific-american_1850-08-10_5_47/sim_scientific-american_1850-08-10_5_47_djvu.txt	?	-
sim_scientific-american_1850-08-17_5_48	https://archive.org/download/sim_scientific-american_1850-08-17_5_48/sim_scientific-american_1850-08-17_5_48_djvu.txt	?	-
sim_scientific-american_1850-08-24_5_49	https://archive.org/download/sim_scientific-american_1850-08-24_5_49/sim_scientific-american_1850-08-24_5_49_djvu.txt	?	-
sim_scientific-american_1850-08-31_5_50	https://archive.org/download/sim_scientific-american_1850-08-31_5_50/sim_scientific-american_1850-08-31_5_50_djvu.txt	?	-
sim_scientific-american_1850-09-07_5_51	https://archive.org/download/sim_scientific-american_1850-09-07_5_51/sim_scientific-american_1850-09-07_5_51_djvu.txt	?	-
sim_scientific-american_1850-09-14_5_52	https://archive.org/download/sim_scientific-american_1850-09-14_5_52/sim_scientific-american_1850-09-14_5_52_djvu.txt	?	-
sim_scientific-american_1850-09-21_6_1	https://archive.org/download/sim_scientific-american_1850-09-21_6_1/sim_scientific-american_1850-09-21_6_1_djvu.txt	?	-
sim_scientific-american_1850-09-28_6_2	https://archive.org/download/sim_scientific-american_1850-09-28_6_2/sim_scientific-american_1850-09-28_6_2_djvu.txt	?	-
sim_scientific-american_1850-10-05_6_3	https://archive.org/download/sim_scientific-american_1850-10-05_6_3/sim_scientific-american_1850-10-05_6_3_djvu.txt	?	-
sim_scientific-american_1850-10-12_6_4	https://archive.org/download/sim_scientific-american_1850-10-12_6_4/sim_scientific-american_1850-10-12_6_4_djvu.txt	?	-
sim_scientific-american_1850-10-19_6_5	https://archive.org/download/sim_scientific-american_1850-10-19_6_5/sim_scientific-american_1850-10-19_6_5_djvu.txt	?	-
sim_scientific-american_1850-10-26_6_6	https://archive.org/download/sim_scientific-american_1850-10-26_6_6/sim_scientific-american_1850-10-26_6_6_djvu.txt	?	-
sim_scientific-american_1850-11-02_6_7	https://archive.org/download/sim_scientific-american_1850-11-02_6_7/sim_scientific-american_1850-11-02_6_7_djvu.txt	?	-
sim_scientific-american_1850-11-09_6_8	https://archive.org/download/sim_scientific-american_1850-11-09_6_8/sim_scientific-american_1850-11-09_6_8_djvu.txt	?	-
sim_scientific-american_1850-11-16_6_9	https://archive.org/download/sim_scientific-american_1850-11-16_6_9/sim_scientific-american_1850-11-16_6_9_djvu.txt	?	-
sim_scientific-american_1850-11-23_6_10	https://archive.org/download/sim_scientific-american_1850-11-23_6_10/sim_scientific-american_1850-11-23_6_10_djvu.txt	?	-
sim_scientific-american_1850-11-30_6_11	https://archive.org/download/sim_scientific-american_1850-11-30_6_11/sim_scientific-american_1850-11-30_6_11_djvu.txt	?	-
sim_scientific-american_1850-12-07_6_12	https://archive.org/download/sim_scientific-american_1850-12-07_6_12/sim_scientific-american_1850-12-07_6_12_djvu.txt	?	-
sim_scientific-american_1850-12-14_6_13	https://archive.org/download/sim_scientific-american_1850-12-14_6_13/sim_scientific-american_1850-12-14_6_13_djvu.txt	?	-
sim_scientific-american_1850-12-21_6_14	https://archive.org/download/sim_scientific-american_1850-12-21_6_14/sim_scientific-american_1850-12-21_6_14_djvu.txt	?	-
sim_scientific-american_1850-12-28_6_15	https://archive.org/download/sim_scientific-american_1850-12-28_6_15/sim_scientific-american_1850-12-28_6_15_djvu.txt	?	-
sim_scientific-american_1850-1851_6_index	https://archive.org/download/sim_scientific-american_1850-1851_6_index/sim_scientific-american_1850-1851_6_index_djvu.txt	?	-
sim_scientific-american_1851-01-04_6_16	https://archive.org/download/sim_scientific-american_1851-01-04_6_16/sim_scientific-american_1851-01-04_6_16_djvu.txt	?	-
sim_scientific-american_1851-01-11_6_17	https://archive.org/download/sim_scientific-american_1851-01-11_6_17/sim_scientific-american_1851-01-11_6_17_djvu.txt	?	-
sim_scientific-american_1851-01-18_6_18	https://archive.org/download/sim_scientific-american_1851-01-18_6_18/sim_scientific-american_1851-01-18_6_18_djvu.txt	?	-
sim_scientific-american_1851-01-25_6_19	https://archive.org/download/sim_scientific-american_1851-01-25_6_19/sim_scientific-american_1851-01-25_6_19_djvu.txt	?	-
sim_scientific-american_1851-02-01_6_20	https://archive.org/download/sim_scientific-american_1851-02-01_6_20/sim_scientific-american_1851-02-01_6_20_djvu.txt	?	-
sim_scientific-american_1851-02-08_6_21	https://archive.org/download/sim_scientific-american_1851-02-08_6_21/sim_scientific-american_1851-02-08_6_21_djvu.txt	?	-
sim_scientific-american_1851-02-15_6_22	https://archive.org/download/sim_scientific-american_1851-02-15_6_22/sim_scientific-american_1851-02-15_6_22_djvu.txt	?	-
sim_scientific-american_1851-02-22_6_23	https://archive.org/download/sim_scientific-american_1851-02-22_6_23/sim_scientific-american_1851-02-22_6_23_djvu.txt	?	-
sim_scientific-american_1851-03-01_6_24	https://archive.org/download/sim_scientific-american_1851-03-01_6_24/sim_scientific-american_1851-03-01_6_24_djvu.txt	?	-
sim_scientific-american_1851-03-08_6_25	https://archive.org/download/sim_scientific-american_1851-03-08_6_25/sim_scientific-american_1851-03-08_6_25_djvu.txt	?	-
sim_scientific-american_1851-03-15_6_26	https://archive.org/download/sim_scientific-american_1851-03-15_6_26/sim_scientific-american_1851-03-15_6_26_djvu.txt	?	-
sim_scientific-american_1851-03-22_6_27	https://archive.org/download/sim_scientific-american_1851-03-22_6_27/sim_scientific-american_1851-03-22_6_27_djvu.txt	?	-
sim_scientific-american_1851-03-29_6_28	https://archive.org/download/sim_scientific-american_1851-03-29_6_28/sim_scientific-american_1851-03-29_6_28_djvu.txt	?	-
sim_scientific-american_1851-04-05_6_29	https://archive.org/download/sim_scientific-american_1851-04-05_6_29/sim_scientific-american_1851-04-05_6_29_djvu.txt	?	-
sim_scientific-american_1851-04-12_6_30	https://archive.org/download/sim_scientific-american_1851-04-12_6_30/sim_scientific-american_1851-04-12_6_30_djvu.txt	?	-
sim_scientific-american_1851-04-19_6_31	https://archive.org/download/sim_scientific-american_1851-04-19_6_31/sim_scientific-american_1851-04-19_6_31_djvu.txt	?	-
sim_scientific-american_1851-04-26_6_32	https://archive.org/download/sim_scientific-american_1851-04-26_6_32/sim_scientific-american_1851-04-26_6_32_djvu.txt	?	-
sim_scientific-american_1851-05-03_6_33	https://archive.org/download/sim_scientific-american_1851-05-03_6_33/sim_scientific-american_1851-05-03_6_33_djvu.txt	?	-
sim_scientific-american_1851-05-10_6_34	https://archive.org/download/sim_scientific-american_1851-05-10_6_34/sim_scientific-american_1851-05-10_6_34_djvu.txt	?	-
sim_scientific-american_1851-05-17_6_35	https://archive.org/download/sim_scientific-american_1851-05-17_6_35/sim_scientific-american_1851-05-17_6_35_djvu.txt	?	-
sim_scientific-american_1851-05-24_6_36	https://archive.org/download/sim_scientific-american_1851-05-24_6_36/sim_scientific-american_1851-05-24_6_36_djvu.txt	?	-
sim_scientific-american_1851-05-31_6_37	https://archive.org/download/sim_scientific-american_1851-05-31_6_37/sim_scientific-american_1851-05-31_6_37_djvu.txt	?	-
sim_scientific-american_1851-06-07_6_38	https://archive.org/download/sim_scientific-american_1851-06-07_6_38/sim_scientific-american_1851-06-07_6_38_djvu.txt	?	-
sim_scientific-american_1851-06-14_6_39	https://archive.org/download/sim_scientific-american_1851-06-14_6_39/sim_scientific-american_1851-06-14_6_39_djvu.txt	?	-
sim_scientific-american_1851-06-21_6_40	https://archive.org/download/sim_scientific-american_1851-06-21_6_40/sim_scientific-american_1851-06-21_6_40_djvu.txt	?	-
sim_scientific-american_1851-06-28_6_41	https://archive.org/download/sim_scientific-american_1851-06-28_6_41/sim_scientific-american_1851-06-28_6_41_djvu.txt	?	-
sim_scientific-american_1851-07-05_6_42	https://archive.org/download/sim_scientific-american_1851-07-05_6_42/sim_scientific-american_1851-07-05_6_42_djvu.txt	?	-
sim_scientific-american_1851-07-12_6_43	https://archive.org/download/sim_scientific-american_1851-07-12_6_43/sim_scientific-american_1851-07-12_6_43_djvu.txt	?	-
sim_scientific-american_1851-07-19_6_44	https://archive.org/download/sim_scientific-american_1851-07-19_6_44/sim_scientific-american_1851-07-19_6_44_djvu.txt	?	-
sim_scientific-american_1851-07-26_6_45	https://archive.org/download/sim_scientific-american_1851-07-26_6_45/sim_scientific-american_1851-07-26_6_45_djvu.txt	?	-
sim_scientific-american_1851-08-02_6_46	https://archive.org/download/sim_scientific-american_1851-08-02_6_46/sim_scientific-american_1851-08-02_6_46_djvu.txt	?	-
sim_scientific-american_1851-08-09_6_47	https://archive.org/download/sim_scientific-american_1851-08-09_6_47/sim_scientific-american_1851-08-09_6_47_djvu.txt	?	-
sim_scientific-american_1851-08-16_6_48	https://archive.org/download/sim_scientific-american_1851-08-16_6_48/sim_scientific-american_1851-08-16_6_48_djvu.txt	?	-
sim_scientific-american_1851-08-23_6_49	https://archive.org/download/sim_scientific-american_1851-08-23_6_49/sim_scientific-american_1851-08-23_6_49_djvu.txt	?	-
sim_scientific-american_1851-08-30_6_50	https://archive.org/download/sim_scientific-american_1851-08-30_6_50/sim_scientific-american_1851-08-30_6_50_djvu.txt	?	-
sim_scientific-american_1851-09-06_6_51	https://archive.org/download/sim_scientific-american_1851-09-06_6_51/sim_scientific-american_1851-09-06_6_51_djvu.txt	?	-
sim_scientific-american_1851-09-13_6_52	https://archive.org/download/sim_scientific-american_1851-09-13_6_52/sim_scientific-american_1851-09-13_6_52_djvu.txt	?	-
sim_scientific-american_1851-09-20_7_1	https://archive.org/download/sim_scientific-american_1851-09-20_7_1/sim_scientific-american_1851-09-20_7_1_djvu.txt	?	-
sim_scientific-american_1851-09-27_7_2	https://archive.org/download/sim_scientific-american_1851-09-27_7_2/sim_scientific-american_1851-09-27_7_2_djvu.txt	?	-
sim_scientific-american_1851-10-04_7_3	https://archive.org/download/sim_scientific-american_1851-10-04_7_3/sim_scientific-american_1851-10-04_7_3_djvu.txt	?	-
sim_scientific-american_1851-10-11_7_4	https://archive.org/download/sim_scientific-american_1851-10-11_7_4/sim_scientific-american_1851-10-11_7_4_djvu.txt	?	-
sim_scientific-american_1851-10-18_7_5	https://archive.org/download/sim_scientific-american_1851-10-18_7_5/sim_scientific-american_1851-10-18_7_5_djvu.txt	?	-
sim_scientific-american_1851-10-25_7_6	https://archive.org/download/sim_scientific-american_1851-10-25_7_6/sim_scientific-american_1851-10-25_7_6_djvu.txt	?	-
sim_scientific-american_1851-11-01_7_7	https://archive.org/download/sim_scientific-american_1851-11-01_7_7/sim_scientific-american_1851-11-01_7_7_djvu.txt	?	-
sim_scientific-american_1851-11-08_7_8	https://archive.org/download/sim_scientific-american_1851-11-08_7_8/sim_scientific-american_1851-11-08_7_8_djvu.txt	?	-
sim_scientific-american_1851-11-15_7_9	https://archive.org/download/sim_scientific-american_1851-11-15_7_9/sim_scientific-american_1851-11-15_7_9_djvu.txt	?	-
sim_scientific-american_1851-11-22_7_10	https://archive.org/download/sim_scientific-american_1851-11-22_7_10/sim_scientific-american_1851-11-22_7_10_djvu.txt	?	-
sim_scientific-american_1851-11-29_7_11	https://archive.org/download/sim_scientific-american_1851-11-29_7_11/sim_scientific-american_1851-11-29_7_11_djvu.txt	?	-
sim_scientific-american_1851-12-06_7_12	https://archive.org/download/sim_scientific-american_1851-12-06_7_12/sim_scientific-american_1851-12-06_7_12_djvu.txt	?	-
sim_scientific-american_1851-12-13_7_13	https://archive.org/download/sim_scientific-american_1851-12-13_7_13/sim_scientific-american_1851-12-13_7_13_djvu.txt	?	-
sim_scientific-american_1851-12-20_7_14	https://archive.org/download/sim_scientific-american_1851-12-20_7_14/sim_scientific-american_1851-12-20_7_14_djvu.txt	?	-
sim_scientific-american_1851-12-27_7_15	https://archive.org/download/sim_scientific-american_1851-12-27_7_15/sim_scientific-american_1851-12-27_7_15_djvu.txt	?	-
sim_scientific-american_1851-1852_7_index	https://archive.org/download/sim_scientific-american_1851-1852_7_index/sim_scientific-american_1851-1852_7_index_djvu.txt	?	-
sim_scientific-american_1852-01-03_7_16	https://archive.org/download/sim_scientific-american_1852-01-03_7_16/sim_scientific-american_1852-01-03_7_16_djvu.txt	?	-
sim_scientific-american_1852-01-10_7_17	https://archive.org/download/sim_scientific-american_1852-01-10_7_17/sim_scientific-american_1852-01-10_7_17_djvu.txt	?	-
sim_scientific-american_1852-01-17_7_18	https://archive.org/download/sim_scientific-american_1852-01-17_7_18/sim_scientific-american_1852-01-17_7_18_djvu.txt	?	-
sim_scientific-american_1852-01-24_7_19	https://archive.org/download/sim_scientific-american_1852-01-24_7_19/sim_scientific-american_1852-01-24_7_19_djvu.txt	?	-
sim_scientific-american_1852-01-31_7_20	https://archive.org/download/sim_scientific-american_1852-01-31_7_20/sim_scientific-american_1852-01-31_7_20_djvu.txt	?	-
sim_scientific-american_1852-02-07_7_21	https://archive.org/download/sim_scientific-american_1852-02-07_7_21/sim_scientific-american_1852-02-07_7_21_djvu.txt	?	-
sim_scientific-american_1852-02-14_7_22	https://archive.org/download/sim_scientific-american_1852-02-14_7_22/sim_scientific-american_1852-02-14_7_22_djvu.txt	?	-
sim_scientific-american_1852-02-21_7_23	https://archive.org/download/sim_scientific-american_1852-02-21_7_23/sim_scientific-american_1852-02-21_7_23_djvu.txt	?	-
sim_scientific-american_1852-02-28_7_24	https://archive.org/download/sim_scientific-american_1852-02-28_7_24/sim_scientific-american_1852-02-28_7_24_djvu.txt	?	-
sim_scientific-american_1852-03-06_7_25	https://archive.org/download/sim_scientific-american_1852-03-06_7_25/sim_scientific-american_1852-03-06_7_25_djvu.txt	?	-
sim_scientific-american_1852-03-13_7_26	https://archive.org/download/sim_scientific-american_1852-03-13_7_26/sim_scientific-american_1852-03-13_7_26_djvu.txt	?	-
sim_scientific-american_1852-03-20_7_27	https://archive.org/download/sim_scientific-american_1852-03-20_7_27/sim_scientific-american_1852-03-20_7_27_djvu.txt	?	-
sim_scientific-american_1852-03-27_7_28	https://archive.org/download/sim_scientific-american_1852-03-27_7_28/sim_scientific-american_1852-03-27_7_28_djvu.txt	?	-
sim_scientific-american_1852-04-03_7_29	https://archive.org/download/sim_scientific-american_1852-04-03_7_29/sim_scientific-american_1852-04-03_7_29_djvu.txt	?	-
sim_scientific-american_1852-04-10_7_30	https://archive.org/download/sim_scientific-american_1852-04-10_7_30/sim_scientific-american_1852-04-10_7_30_djvu.txt	?	-
sim_scientific-american_1852-04-17_7_31	https://archive.org/download/sim_scientific-american_1852-04-17_7_31/sim_scientific-american_1852-04-17_7_31_djvu.txt	?	-
sim_scientific-american_1852-04-24_7_32	https://archive.org/download/sim_scientific-american_1852-04-24_7_32/sim_scientific-american_1852-04-24_7_32_djvu.txt	?	-
sim_scientific-american_1852-05-01_7_33	https://archive.org/download/sim_scientific-american_1852-05-01_7_33/sim_scientific-american_1852-05-01_7_33_djvu.txt	?	-
sim_scientific-american_1852-05-08_7_34	https://archive.org/download/sim_scientific-american_1852-05-08_7_34/sim_scientific-american_1852-05-08_7_34_djvu.txt	?	-
sim_scientific-american_1852-05-15_7_35	https://archive.org/download/sim_scientific-american_1852-05-15_7_35/sim_scientific-american_1852-05-15_7_35_djvu.txt	?	-
sim_scientific-american_1852-05-22_7_36	https://archive.org/download/sim_scientific-american_1852-05-22_7_36/sim_scientific-american_1852-05-22_7_36_djvu.txt	?	-
sim_scientific-american_1852-05-29_7_37	https://archive.org/download/sim_scientific-american_1852-05-29_7_37/sim_scientific-american_1852-05-29_7_37_djvu.txt	?	-
sim_scientific-american_1852-06-05_7_38	https://archive.org/download/sim_scientific-american_1852-06-05_7_38/sim_scientific-american_1852-06-05_7_38_djvu.txt	?	-
sim_scientific-american_1852-06-12_7_39	https://archive.org/download/sim_scientific-american_1852-06-12_7_39/sim_scientific-american_1852-06-12_7_39_djvu.txt	?	-
sim_scientific-american_1852-06-19_7_40	https://archive.org/download/sim_scientific-american_1852-06-19_7_40/sim_scientific-american_1852-06-19_7_40_djvu.txt	?	-
sim_scientific-american_1852-06-26_7_41	https://archive.org/download/sim_scientific-american_1852-06-26_7_41/sim_scientific-american_1852-06-26_7_41_djvu.txt	?	-
sim_scientific-american_1852-07-03_7_42	https://archive.org/download/sim_scientific-american_1852-07-03_7_42/sim_scientific-american_1852-07-03_7_42_djvu.txt	?	-
sim_scientific-american_1852-07-10_7_43	https://archive.org/download/sim_scientific-american_1852-07-10_7_43/sim_scientific-american_1852-07-10_7_43_djvu.txt	?	-
sim_scientific-american_1852-07-17_7_44	https://archive.org/download/sim_scientific-american_1852-07-17_7_44/sim_scientific-american_1852-07-17_7_44_djvu.txt	?	-
sim_scientific-american_1852-07-24_7_45	https://archive.org/download/sim_scientific-american_1852-07-24_7_45/sim_scientific-american_1852-07-24_7_45_djvu.txt	?	-
sim_scientific-american_1852-07-31_7_46	https://archive.org/download/sim_scientific-american_1852-07-31_7_46/sim_scientific-american_1852-07-31_7_46_djvu.txt	?	-
sim_scientific-american_1852-08-07_7_47	https://archive.org/download/sim_scientific-american_1852-08-07_7_47/sim_scientific-american_1852-08-07_7_47_djvu.txt	?	-
sim_scientific-american_1852-08-14_7_48	https://archive.org/download/sim_scientific-american_1852-08-14_7_48/sim_scientific-american_1852-08-14_7_48_djvu.txt	?	-
sim_scientific-american_1852-08-21_7_49	https://archive.org/download/sim_scientific-american_1852-08-21_7_49/sim_scientific-american_1852-08-21_7_49_djvu.txt	?	-
sim_scientific-american_1852-08-28_7_50	https://archive.org/download/sim_scientific-american_1852-08-28_7_50/sim_scientific-american_1852-08-28_7_50_djvu.txt	?	-
sim_scientific-american_1852-09-04_7_51	https://archive.org/download/sim_scientific-american_1852-09-04_7_51/sim_scientific-american_1852-09-04_7_51_djvu.txt	?	-
sim_scientific-american_1852-09-11_7_52	https://archive.org/download/sim_scientific-american_1852-09-11_7_52/sim_scientific-american_1852-09-11_7_52_djvu.txt	?	-
sim_scientific-american_1852-09-18_8_1	https://archive.org/download/sim_scientific-american_1852-09-18_8_1/sim_scientific-american_1852-09-18_8_1_djvu.txt	?	-
sim_scientific-american_1852-09-25_8_2	https://archive.org/download/sim_scientific-american_1852-09-25_8_2/sim_scientific-american_1852-09-25_8_2_djvu.txt	?	-
sim_scientific-american_1852-10-02_8_3	https://archive.org/download/sim_scientific-american_1852-10-02_8_3/sim_scientific-american_1852-10-02_8_3_djvu.txt	?	-
sim_scientific-american_1852-10-09_8_4	https://archive.org/download/sim_scientific-american_1852-10-09_8_4/sim_scientific-american_1852-10-09_8_4_djvu.txt	?	-
sim_scientific-american_1852-10-16_8_5	https://archive.org/download/sim_scientific-american_1852-10-16_8_5/sim_scientific-american_1852-10-16_8_5_djvu.txt	?	-
sim_scientific-american_1852-10-23_8_6	https://archive.org/download/sim_scientific-american_1852-10-23_8_6/sim_scientific-american_1852-10-23_8_6_djvu.txt	?	-
sim_scientific-american_1852-10-30_8_7	https://archive.org/download/sim_scientific-american_1852-10-30_8_7/sim_scientific-american_1852-10-30_8_7_djvu.txt	?	-
sim_scientific-american_1852-11-06_8_8	https://archive.org/download/sim_scientific-american_1852-11-06_8_8/sim_scientific-american_1852-11-06_8_8_djvu.txt	?	-
sim_scientific-american_1852-11-13_8_9	https://archive.org/download/sim_scientific-american_1852-11-13_8_9/sim_scientific-american_1852-11-13_8_9_djvu.txt	?	-
sim_scientific-american_1852-11-20_8_10	https://archive.org/download/sim_scientific-american_1852-11-20_8_10/sim_scientific-american_1852-11-20_8_10_djvu.txt	?	-
sim_scientific-american_1852-11-27_8_11	https://archive.org/download/sim_scientific-american_1852-11-27_8_11/sim_scientific-american_1852-11-27_8_11_djvu.txt	?	-
sim_scientific-american_1852-12-04_8_12	https://archive.org/download/sim_scientific-american_1852-12-04_8_12/sim_scientific-american_1852-12-04_8_12_djvu.txt	?	-
sim_scientific-american_1852-12-11_8_13	https://archive.org/download/sim_scientific-american_1852-12-11_8_13/sim_scientific-american_1852-12-11_8_13_djvu.txt	?	-
sim_scientific-american_1852-12-18_8_14	https://archive.org/download/sim_scientific-american_1852-12-18_8_14/sim_scientific-american_1852-12-18_8_14_djvu.txt	?	-
sim_scientific-american_1852-12-25_8_15	https://archive.org/download/sim_scientific-american_1852-12-25_8_15/sim_scientific-american_1852-12-25_8_15_djvu.txt	?	-
sim_scientific-american_1852-1853_8_index	https://archive.org/download/sim_scientific-american_1852-1853_8_index/sim_scientific-american_1852-1853_8_index_djvu.txt	?	-
sim_scientific-american_1853-01-01_8_16	https://archive.org/download/sim_scientific-american_1853-01-01_8_16/sim_scientific-american_1853-01-01_8_16_djvu.txt	?	-
sim_scientific-american_1853-01-08_8_17	https://archive.org/download/sim_scientific-american_1853-01-08_8_17/sim_scientific-american_1853-01-08_8_17_djvu.txt	?	-
sim_scientific-american_1853-01-15_8_18	https://archive.org/download/sim_scientific-american_1853-01-15_8_18/sim_scientific-american_1853-01-15_8_18_djvu.txt	?	-
sim_scientific-american_1853-01-22_8_19	https://archive.org/download/sim_scientific-american_1853-01-22_8_19/sim_scientific-american_1853-01-22_8_19_djvu.txt	?	-
sim_scientific-american_1853-01-29_8_20	https://archive.org/download/sim_scientific-american_1853-01-29_8_20/sim_scientific-american_1853-01-29_8_20_djvu.txt	?	-
sim_scientific-american_1853-02-05_8_21	https://archive.org/download/sim_scientific-american_1853-02-05_8_21/sim_scientific-american_1853-02-05_8_21_djvu.txt	?	-
sim_scientific-american_1853-02-12_8_22	https://archive.org/download/sim_scientific-american_1853-02-12_8_22/sim_scientific-american_1853-02-12_8_22_djvu.txt	?	-
sim_scientific-american_1853-02-19_8_23	https://archive.org/download/sim_scientific-american_1853-02-19_8_23/sim_scientific-american_1853-02-19_8_23_djvu.txt	?	-
sim_scientific-american_1853-02-26_8_24	https://archive.org/download/sim_scientific-american_1853-02-26_8_24/sim_scientific-american_1853-02-26_8_24_djvu.txt	?	-
sim_scientific-american_1853-03-05_8_25	https://archive.org/download/sim_scientific-american_1853-03-05_8_25/sim_scientific-american_1853-03-05_8_25_djvu.txt	?	-
sim_scientific-american_1853-03-12_8_26	https://archive.org/download/sim_scientific-american_1853-03-12_8_26/sim_scientific-american_1853-03-12_8_26_djvu.txt	?	-
sim_scientific-american_1853-03-19_8_27	https://archive.org/download/sim_scientific-american_1853-03-19_8_27/sim_scientific-american_1853-03-19_8_27_djvu.txt	?	-
sim_scientific-american_1853-03-26_8_28	https://archive.org/download/sim_scientific-american_1853-03-26_8_28/sim_scientific-american_1853-03-26_8_28_djvu.txt	?	-
sim_scientific-american_1853-04-02_8_29	https://archive.org/download/sim_scientific-american_1853-04-02_8_29/sim_scientific-american_1853-04-02_8_29_djvu.txt	?	-
sim_scientific-american_1853-04-09_8_30	https://archive.org/download/sim_scientific-american_1853-04-09_8_30/sim_scientific-american_1853-04-09_8_30_djvu.txt	?	-
sim_scientific-american_1853-04-16_8_31	https://archive.org/download/sim_scientific-american_1853-04-16_8_31/sim_scientific-american_1853-04-16_8_31_djvu.txt	?	-
sim_scientific-american_1853-04-23_8_32	https://archive.org/download/sim_scientific-american_1853-04-23_8_32/sim_scientific-american_1853-04-23_8_32_djvu.txt	?	-
sim_scientific-american_1853-04-30_8_33	https://archive.org/download/sim_scientific-american_1853-04-30_8_33/sim_scientific-american_1853-04-30_8_33_djvu.txt	?	-
sim_scientific-american_1853-05-07_8_34	https://archive.org/download/sim_scientific-american_1853-05-07_8_34/sim_scientific-american_1853-05-07_8_34_djvu.txt	?	-
sim_scientific-american_1853-05-14_8_35	https://archive.org/download/sim_scientific-american_1853-05-14_8_35/sim_scientific-american_1853-05-14_8_35_djvu.txt	?	-
sim_scientific-american_1853-05-21_8_36	https://archive.org/download/sim_scientific-american_1853-05-21_8_36/sim_scientific-american_1853-05-21_8_36_djvu.txt	?	-
sim_scientific-american_1853-05-28_8_37	https://archive.org/download/sim_scientific-american_1853-05-28_8_37/sim_scientific-american_1853-05-28_8_37_djvu.txt	?	-
sim_scientific-american_1853-06-04_8_38	https://archive.org/download/sim_scientific-american_1853-06-04_8_38/sim_scientific-american_1853-06-04_8_38_djvu.txt	?	-
sim_scientific-american_1853-06-11_8_39	https://archive.org/download/sim_scientific-american_1853-06-11_8_39/sim_scientific-american_1853-06-11_8_39_djvu.txt	?	-
sim_scientific-american_1853-06-18_8_40	https://archive.org/download/sim_scientific-american_1853-06-18_8_40/sim_scientific-american_1853-06-18_8_40_djvu.txt	?	-
sim_scientific-american_1853-06-25_8_41	https://archive.org/download/sim_scientific-american_1853-06-25_8_41/sim_scientific-american_1853-06-25_8_41_djvu.txt	?	-
sim_scientific-american_1853-07-02_8_42	https://archive.org/download/sim_scientific-american_1853-07-02_8_42/sim_scientific-american_1853-07-02_8_42_djvu.txt	?	-
sim_scientific-american_1853-07-09_8_43	https://archive.org/download/sim_scientific-american_1853-07-09_8_43/sim_scientific-american_1853-07-09_8_43_djvu.txt	?	-
sim_scientific-american_1853-07-16_8_44	https://archive.org/download/sim_scientific-american_1853-07-16_8_44/sim_scientific-american_1853-07-16_8_44_djvu.txt	?	-
sim_scientific-american_1853-07-23_8_45	https://archive.org/download/sim_scientific-american_1853-07-23_8_45/sim_scientific-american_1853-07-23_8_45_djvu.txt	?	-
sim_scientific-american_1853-07-30_8_46	https://archive.org/download/sim_scientific-american_1853-07-30_8_46/sim_scientific-american_1853-07-30_8_46_djvu.txt	?	-
sim_scientific-american_1853-08-06_8_47	https://archive.org/download/sim_scientific-american_1853-08-06_8_47/sim_scientific-american_1853-08-06_8_47_djvu.txt	?	-
sim_scientific-american_1853-08-13_8_48	https://archive.org/download/sim_scientific-american_1853-08-13_8_48/sim_scientific-american_1853-08-13_8_48_djvu.txt	?	-
sim_scientific-american_1853-08-20_8_49	https://archive.org/download/sim_scientific-american_1853-08-20_8_49/sim_scientific-american_1853-08-20_8_49_djvu.txt	?	-
sim_scientific-american_1853-08-27_8_50	https://archive.org/download/sim_scientific-american_1853-08-27_8_50/sim_scientific-american_1853-08-27_8_50_djvu.txt	?	-
sim_scientific-american_1853-09-03_8_51	https://archive.org/download/sim_scientific-american_1853-09-03_8_51/sim_scientific-american_1853-09-03_8_51_djvu.txt	?	-
sim_scientific-american_1853-09-10_8_52	https://archive.org/download/sim_scientific-american_1853-09-10_8_52/sim_scientific-american_1853-09-10_8_52_djvu.txt	?	-
sim_scientific-american_1853-09-17_9_1	https://archive.org/download/sim_scientific-american_1853-09-17_9_1/sim_scientific-american_1853-09-17_9_1_djvu.txt	?	-
sim_scientific-american_1853-09-24_9_2	https://archive.org/download/sim_scientific-american_1853-09-24_9_2/sim_scientific-american_1853-09-24_9_2_djvu.txt	?	-
sim_scientific-american_1853-10-01_9_3	https://archive.org/download/sim_scientific-american_1853-10-01_9_3/sim_scientific-american_1853-10-01_9_3_djvu.txt	?	-
sim_scientific-american_1853-10-08_9_4	https://archive.org/download/sim_scientific-american_1853-10-08_9_4/sim_scientific-american_1853-10-08_9_4_djvu.txt	?	-
sim_scientific-american_1853-10-15_9_5	https://archive.org/download/sim_scientific-american_1853-10-15_9_5/sim_scientific-american_1853-10-15_9_5_djvu.txt	?	-
sim_scientific-american_1853-10-22_9_6	https://archive.org/download/sim_scientific-american_1853-10-22_9_6/sim_scientific-american_1853-10-22_9_6_djvu.txt	?	-
sim_scientific-american_1853-10-29_9_7	https://archive.org/download/sim_scientific-american_1853-10-29_9_7/sim_scientific-american_1853-10-29_9_7_djvu.txt	?	-
sim_scientific-american_1853-11-05_9_8	https://archive.org/download/sim_scientific-american_1853-11-05_9_8/sim_scientific-american_1853-11-05_9_8_djvu.txt	?	-
sim_scientific-american_1853-11-12_9_9	https://archive.org/download/sim_scientific-american_1853-11-12_9_9/sim_scientific-american_1853-11-12_9_9_djvu.txt	?	-
sim_scientific-american_1853-11-19_9_10	https://archive.org/download/sim_scientific-american_1853-11-19_9_10/sim_scientific-american_1853-11-19_9_10_djvu.txt	?	-
sim_scientific-american_1853-11-26_9_11	https://archive.org/download/sim_scientific-american_1853-11-26_9_11/sim_scientific-american_1853-11-26_9_11_djvu.txt	?	-
sim_scientific-american_1853-12-03_9_12	https://archive.org/download/sim_scientific-american_1853-12-03_9_12/sim_scientific-american_1853-12-03_9_12_djvu.txt	?	-
sim_scientific-american_1853-12-10_9_13	https://archive.org/download/sim_scientific-american_1853-12-10_9_13/sim_scientific-american_1853-12-10_9_13_djvu.txt	?	-
sim_scientific-american_1853-12-17_9_14	https://archive.org/download/sim_scientific-american_1853-12-17_9_14/sim_scientific-american_1853-12-17_9_14_djvu.txt	?	-
sim_scientific-american_1853-12-24_9_15	https://archive.org/download/sim_scientific-american_1853-12-24_9_15/sim_scientific-american_1853-12-24_9_15_djvu.txt	?	-
sim_scientific-american_1853-12-31_9_16	https://archive.org/download/sim_scientific-american_1853-12-31_9_16/sim_scientific-american_1853-12-31_9_16_djvu.txt	?	-
sim_scientific-american_1853-1854_9_index	https://archive.org/download/sim_scientific-american_1853-1854_9_index/sim_scientific-american_1853-1854_9_index_djvu.txt	?	-
sim_scientific-american_1854-01-07_9_17	https://archive.org/download/sim_scientific-american_1854-01-07_9_17/sim_scientific-american_1854-01-07_9_17_djvu.txt	?	-
sim_scientific-american_1854-01-14_9_18	https://archive.org/download/sim_scientific-american_1854-01-14_9_18/sim_scientific-american_1854-01-14_9_18_djvu.txt	?	-
sim_scientific-american_1854-01-21_9_19	https://archive.org/download/sim_scientific-american_1854-01-21_9_19/sim_scientific-american_1854-01-21_9_19_djvu.txt	?	-
sim_scientific-american_1854-01-28_9_20	https://archive.org/download/sim_scientific-american_1854-01-28_9_20/sim_scientific-american_1854-01-28_9_20_djvu.txt	?	-
sim_scientific-american_1854-02-04_9_21	https://archive.org/download/sim_scientific-american_1854-02-04_9_21/sim_scientific-american_1854-02-04_9_21_djvu.txt	?	-
sim_scientific-american_1854-02-11_9_22	https://archive.org/download/sim_scientific-american_1854-02-11_9_22/sim_scientific-american_1854-02-11_9_22_djvu.txt	?	-
sim_scientific-american_1854-02-18_9_23	https://archive.org/download/sim_scientific-american_1854-02-18_9_23/sim_scientific-american_1854-02-18_9_23_djvu.txt	?	-
sim_scientific-american_1854-02-25_9_24	https://archive.org/download/sim_scientific-american_1854-02-25_9_24/sim_scientific-american_1854-02-25_9_24_djvu.txt	?	-
sim_scientific-american_1854-03-04_9_25	https://archive.org/download/sim_scientific-american_1854-03-04_9_25/sim_scientific-american_1854-03-04_9_25_djvu.txt	?	-
sim_scientific-american_1854-03-11_9_26	https://archive.org/download/sim_scientific-american_1854-03-11_9_26/sim_scientific-american_1854-03-11_9_26_djvu.txt	?	-
sim_scientific-american_1854-03-18_9_27	https://archive.org/download/sim_scientific-american_1854-03-18_9_27/sim_scientific-american_1854-03-18_9_27_djvu.txt	?	-
sim_scientific-american_1854-03-25_9_28	https://archive.org/download/sim_scientific-american_1854-03-25_9_28/sim_scientific-american_1854-03-25_9_28_djvu.txt	?	-
sim_scientific-american_1854-04-01_9_29	https://archive.org/download/sim_scientific-american_1854-04-01_9_29/sim_scientific-american_1854-04-01_9_29_djvu.txt	?	-
sim_scientific-american_1854-04-08_9_30	https://archive.org/download/sim_scientific-american_1854-04-08_9_30/sim_scientific-american_1854-04-08_9_30_djvu.txt	?	-
sim_scientific-american_1854-04-15_9_31	https://archive.org/download/sim_scientific-american_1854-04-15_9_31/sim_scientific-american_1854-04-15_9_31_djvu.txt	?	-
sim_scientific-american_1854-04-22_9_32	https://archive.org/download/sim_scientific-american_1854-04-22_9_32/sim_scientific-american_1854-04-22_9_32_djvu.txt	?	-
sim_scientific-american_1854-04-29_9_33	https://archive.org/download/sim_scientific-american_1854-04-29_9_33/sim_scientific-american_1854-04-29_9_33_djvu.txt	?	-
sim_scientific-american_1854-05-06_9_34	https://archive.org/download/sim_scientific-american_1854-05-06_9_34/sim_scientific-american_1854-05-06_9_34_djvu.txt	?	-
sim_scientific-american_1854-05-13_9_35	https://archive.org/download/sim_scientific-american_1854-05-13_9_35/sim_scientific-american_1854-05-13_9_35_djvu.txt	?	-
sim_scientific-american_1854-05-20_9_36	https://archive.org/download/sim_scientific-american_1854-05-20_9_36/sim_scientific-american_1854-05-20_9_36_djvu.txt	?	-
sim_scientific-american_1854-05-27_9_37	https://archive.org/download/sim_scientific-american_1854-05-27_9_37/sim_scientific-american_1854-05-27_9_37_djvu.txt	?	-
sim_scientific-american_1854-06-03_9_38	https://archive.org/download/sim_scientific-american_1854-06-03_9_38/sim_scientific-american_1854-06-03_9_38_djvu.txt	?	-
sim_scientific-american_1854-06-10_9_39	https://archive.org/download/sim_scientific-american_1854-06-10_9_39/sim_scientific-american_1854-06-10_9_39_djvu.txt	?	-
sim_scientific-american_1854-06-17_9_40	https://archive.org/download/sim_scientific-american_1854-06-17_9_40/sim_scientific-american_1854-06-17_9_40_djvu.txt	?	-
sim_scientific-american_1854-06-24_9_41	https://archive.org/download/sim_scientific-american_1854-06-24_9_41/sim_scientific-american_1854-06-24_9_41_djvu.txt	?	-
sim_scientific-american_1854-07-01_9_42	https://archive.org/download/sim_scientific-american_1854-07-01_9_42/sim_scientific-american_1854-07-01_9_42_djvu.txt	?	-
sim_scientific-american_1854-07-08_9_43	https://archive.org/download/sim_scientific-american_1854-07-08_9_43/sim_scientific-american_1854-07-08_9_43_djvu.txt	?	-
sim_scientific-american_1854-07-15_9_44	https://archive.org/download/sim_scientific-american_1854-07-15_9_44/sim_scientific-american_1854-07-15_9_44_djvu.txt	?	-
sim_scientific-american_1854-07-22_9_45	https://archive.org/download/sim_scientific-american_1854-07-22_9_45/sim_scientific-american_1854-07-22_9_45_djvu.txt	?	-
sim_scientific-american_1854-07-29_9_46	https://archive.org/download/sim_scientific-american_1854-07-29_9_46/sim_scientific-american_1854-07-29_9_46_djvu.txt	?	-
sim_scientific-american_1854-08-05_9_47	https://archive.org/download/sim_scientific-american_1854-08-05_9_47/sim_scientific-american_1854-08-05_9_47_djvu.txt	?	-
sim_scientific-american_1854-08-12_9_48	https://archive.org/download/sim_scientific-american_1854-08-12_9_48/sim_scientific-american_1854-08-12_9_48_djvu.txt	?	-
sim_scientific-american_1854-08-19_9_49	https://archive.org/download/sim_scientific-american_1854-08-19_9_49/sim_scientific-american_1854-08-19_9_49_djvu.txt	?	-
sim_scientific-american_1854-08-26_9_50	https://archive.org/download/sim_scientific-american_1854-08-26_9_50/sim_scientific-american_1854-08-26_9_50_djvu.txt	?	-
sim_scientific-american_1854-09-02_9_51	https://archive.org/download/sim_scientific-american_1854-09-02_9_51/sim_scientific-american_1854-09-02_9_51_djvu.txt	?	-
sim_scientific-american_1854-09-09_9_52	https://archive.org/download/sim_scientific-american_1854-09-09_9_52/sim_scientific-american_1854-09-09_9_52_djvu.txt	?	-
sim_scientific-american_1854-09-16_10_1	https://archive.org/download/sim_scientific-american_1854-09-16_10_1/sim_scientific-american_1854-09-16_10_1_djvu.txt	?	-
sim_scientific-american_1854-09-23_10_2	https://archive.org/download/sim_scientific-american_1854-09-23_10_2/sim_scientific-american_1854-09-23_10_2_djvu.txt	?	-
sim_scientific-american_1854-09-30_10_3	https://archive.org/download/sim_scientific-american_1854-09-30_10_3/sim_scientific-american_1854-09-30_10_3_djvu.txt	?	-
sim_scientific-american_1854-10-07_10_4	https://archive.org/download/sim_scientific-american_1854-10-07_10_4/sim_scientific-american_1854-10-07_10_4_djvu.txt	?	-
sim_scientific-american_1854-10-14_10_5	https://archive.org/download/sim_scientific-american_1854-10-14_10_5/sim_scientific-american_1854-10-14_10_5_djvu.txt	?	-
sim_scientific-american_1854-10-21_10_6	https://archive.org/download/sim_scientific-american_1854-10-21_10_6/sim_scientific-american_1854-10-21_10_6_djvu.txt	?	-
sim_scientific-american_1854-10-28_10_7	https://archive.org/download/sim_scientific-american_1854-10-28_10_7/sim_scientific-american_1854-10-28_10_7_djvu.txt	?	-
sim_scientific-american_1854-11-04_10_8	https://archive.org/download/sim_scientific-american_1854-11-04_10_8/sim_scientific-american_1854-11-04_10_8_djvu.txt	?	-
sim_scientific-american_1854-11-11_10_9	https://archive.org/download/sim_scientific-american_1854-11-11_10_9/sim_scientific-american_1854-11-11_10_9_djvu.txt	?	-
sim_scientific-american_1854-11-18_10_10	https://archive.org/download/sim_scientific-american_1854-11-18_10_10/sim_scientific-american_1854-11-18_10_10_djvu.txt	?	-
sim_scientific-american_1854-11-25_10_11	https://archive.org/download/sim_scientific-american_1854-11-25_10_11/sim_scientific-american_1854-11-25_10_11_djvu.txt	?	-
sim_scientific-american_1854-12-02_10_12	https://archive.org/download/sim_scientific-american_1854-12-02_10_12/sim_scientific-american_1854-12-02_10_12_djvu.txt	?	-
sim_scientific-american_1854-12-09_10_13	https://archive.org/download/sim_scientific-american_1854-12-09_10_13/sim_scientific-american_1854-12-09_10_13_djvu.txt	?	-
sim_scientific-american_1854-12-16_10_14	https://archive.org/download/sim_scientific-american_1854-12-16_10_14/sim_scientific-american_1854-12-16_10_14_djvu.txt	?	-
sim_scientific-american_1854-12-23_10_15	https://archive.org/download/sim_scientific-american_1854-12-23_10_15/sim_scientific-american_1854-12-23_10_15_djvu.txt	?	-
sim_scientific-american_1854-12-30_10_16	https://archive.org/download/sim_scientific-american_1854-12-30_10_16/sim_scientific-american_1854-12-30_10_16_djvu.txt	?	-
sim_scientific-american_1854-1855_10_index	https://archive.org/download/sim_scientific-american_1854-1855_10_index/sim_scientific-american_1854-1855_10_index_djvu.txt	?	-
sim_scientific-american_1855-01-06_10_17	https://archive.org/download/sim_scientific-american_1855-01-06_10_17/sim_scientific-american_1855-01-06_10_17_djvu.txt	?	-
sim_scientific-american_1855-01-13_10_18	https://archive.org/download/sim_scientific-american_1855-01-13_10_18/sim_scientific-american_1855-01-13_10_18_djvu.txt	?	-
sim_scientific-american_1855-01-20_10_19	https://archive.org/download/sim_scientific-american_1855-01-20_10_19/sim_scientific-american_1855-01-20_10_19_djvu.txt	?	-
sim_scientific-american_1855-01-27_10_20	https://archive.org/download/sim_scientific-american_1855-01-27_10_20/sim_scientific-american_1855-01-27_10_20_djvu.txt	?	-
sim_scientific-american_1855-02-03_10_21	https://archive.org/download/sim_scientific-american_1855-02-03_10_21/sim_scientific-american_1855-02-03_10_21_djvu.txt	?	-
sim_scientific-american_1855-02-10_10_22	https://archive.org/download/sim_scientific-american_1855-02-10_10_22/sim_scientific-american_1855-02-10_10_22_djvu.txt	?	-
sim_scientific-american_1855-02-17_10_23	https://archive.org/download/sim_scientific-american_1855-02-17_10_23/sim_scientific-american_1855-02-17_10_23_djvu.txt	?	-
sim_scientific-american_1855-02-24_10_24	https://archive.org/download/sim_scientific-american_1855-02-24_10_24/sim_scientific-american_1855-02-24_10_24_djvu.txt	?	-
sim_scientific-american_1855-03-03_10_25	https://archive.org/download/sim_scientific-american_1855-03-03_10_25/sim_scientific-american_1855-03-03_10_25_djvu.txt	?	-
sim_scientific-american_1855-03-10_10_26	https://archive.org/download/sim_scientific-american_1855-03-10_10_26/sim_scientific-american_1855-03-10_10_26_djvu.txt	?	-
sim_scientific-american_1855-03-17_10_27	https://archive.org/download/sim_scientific-american_1855-03-17_10_27/sim_scientific-american_1855-03-17_10_27_djvu.txt	?	-
sim_scientific-american_1855-03-24_10_28	https://archive.org/download/sim_scientific-american_1855-03-24_10_28/sim_scientific-american_1855-03-24_10_28_djvu.txt	?	-
sim_scientific-american_1855-03-31_10_29	https://archive.org/download/sim_scientific-american_1855-03-31_10_29/sim_scientific-american_1855-03-31_10_29_djvu.txt	?	-
sim_scientific-american_1855-04-07_10_30	https://archive.org/download/sim_scientific-american_1855-04-07_10_30/sim_scientific-american_1855-04-07_10_30_djvu.txt	?	-
sim_scientific-american_1855-04-14_10_31	https://archive.org/download/sim_scientific-american_1855-04-14_10_31/sim_scientific-american_1855-04-14_10_31_djvu.txt	?	-
sim_scientific-american_1855-04-21_10_32	https://archive.org/download/sim_scientific-american_1855-04-21_10_32/sim_scientific-american_1855-04-21_10_32_djvu.txt	?	-
sim_scientific-american_1855-04-28_10_33	https://archive.org/download/sim_scientific-american_1855-04-28_10_33/sim_scientific-american_1855-04-28_10_33_djvu.txt	?	-
sim_scientific-american_1855-05-05_10_34	https://archive.org/download/sim_scientific-american_1855-05-05_10_34/sim_scientific-american_1855-05-05_10_34_djvu.txt	?	-
sim_scientific-american_1855-05-12_10_35	https://archive.org/download/sim_scientific-american_1855-05-12_10_35/sim_scientific-american_1855-05-12_10_35_djvu.txt	?	-
sim_scientific-american_1855-05-19_10_36	https://archive.org/download/sim_scientific-american_1855-05-19_10_36/sim_scientific-american_1855-05-19_10_36_djvu.txt	?	-
sim_scientific-american_1855-05-26_10_37	https://archive.org/download/sim_scientific-american_1855-05-26_10_37/sim_scientific-american_1855-05-26_10_37_djvu.txt	?	-
sim_scientific-american_1855-06-02_10_38	https://archive.org/download/sim_scientific-american_1855-06-02_10_38/sim_scientific-american_1855-06-02_10_38_djvu.txt	?	-
sim_scientific-american_1855-06-09_10_39	https://archive.org/download/sim_scientific-american_1855-06-09_10_39/sim_scientific-american_1855-06-09_10_39_djvu.txt	?	-
sim_scientific-american_1855-06-16_10_40	https://archive.org/download/sim_scientific-american_1855-06-16_10_40/sim_scientific-american_1855-06-16_10_40_djvu.txt	?	-
sim_scientific-american_1855-06-23_10_41	https://archive.org/download/sim_scientific-american_1855-06-23_10_41/sim_scientific-american_1855-06-23_10_41_djvu.txt	?	-
sim_scientific-american_1855-06-30_10_42	https://archive.org/download/sim_scientific-american_1855-06-30_10_42/sim_scientific-american_1855-06-30_10_42_djvu.txt	?	-
sim_scientific-american_1855-07-07_10_43	https://archive.org/download/sim_scientific-american_1855-07-07_10_43/sim_scientific-american_1855-07-07_10_43_djvu.txt	?	-
sim_scientific-american_1855-07-14_10_44	https://archive.org/download/sim_scientific-american_1855-07-14_10_44/sim_scientific-american_1855-07-14_10_44_djvu.txt	?	-
sim_scientific-american_1855-07-21_10_45	https://archive.org/download/sim_scientific-american_1855-07-21_10_45/sim_scientific-american_1855-07-21_10_45_djvu.txt	?	-
sim_scientific-american_1855-07-28_10_46	https://archive.org/download/sim_scientific-american_1855-07-28_10_46/sim_scientific-american_1855-07-28_10_46_djvu.txt	?	-
sim_scientific-american_1855-08-04_10_47	https://archive.org/download/sim_scientific-american_1855-08-04_10_47/sim_scientific-american_1855-08-04_10_47_djvu.txt	?	-
sim_scientific-american_1855-08-11_10_48	https://archive.org/download/sim_scientific-american_1855-08-11_10_48/sim_scientific-american_1855-08-11_10_48_djvu.txt	?	-
sim_scientific-american_1855-08-18_10_49	https://archive.org/download/sim_scientific-american_1855-08-18_10_49/sim_scientific-american_1855-08-18_10_49_djvu.txt	?	-
sim_scientific-american_1855-08-25_10_50	https://archive.org/download/sim_scientific-american_1855-08-25_10_50/sim_scientific-american_1855-08-25_10_50_djvu.txt	?	-
sim_scientific-american_1855-09-01_10_51	https://archive.org/download/sim_scientific-american_1855-09-01_10_51/sim_scientific-american_1855-09-01_10_51_djvu.txt	?	-
sim_scientific-american_1855-09-08_10_52	https://archive.org/download/sim_scientific-american_1855-09-08_10_52/sim_scientific-american_1855-09-08_10_52_djvu.txt	?	-
sim_scientific-american_1855-09-15_11_1	https://archive.org/download/sim_scientific-american_1855-09-15_11_1/sim_scientific-american_1855-09-15_11_1_djvu.txt	?	-
sim_scientific-american_1855-09-22_11_2	https://archive.org/download/sim_scientific-american_1855-09-22_11_2/sim_scientific-american_1855-09-22_11_2_djvu.txt	?	-
sim_scientific-american_1855-09-29_11_3	https://archive.org/download/sim_scientific-american_1855-09-29_11_3/sim_scientific-american_1855-09-29_11_3_djvu.txt	?	-
sim_scientific-american_1855-10-06_11_4	https://archive.org/download/sim_scientific-american_1855-10-06_11_4/sim_scientific-american_1855-10-06_11_4_djvu.txt	?	-
sim_scientific-american_1855-10-13_11_5	https://archive.org/download/sim_scientific-american_1855-10-13_11_5/sim_scientific-american_1855-10-13_11_5_djvu.txt	?	-
sim_scientific-american_1855-10-20_11_6	https://archive.org/download/sim_scientific-american_1855-10-20_11_6/sim_scientific-american_1855-10-20_11_6_djvu.txt	?	-
sim_scientific-american_1855-10-27_11_7	https://archive.org/download/sim_scientific-american_1855-10-27_11_7/sim_scientific-american_1855-10-27_11_7_djvu.txt	?	-
sim_scientific-american_1855-11-03_11_8	https://archive.org/download/sim_scientific-american_1855-11-03_11_8/sim_scientific-american_1855-11-03_11_8_djvu.txt	?	-
sim_scientific-american_1855-11-10_11_9	https://archive.org/download/sim_scientific-american_1855-11-10_11_9/sim_scientific-american_1855-11-10_11_9_djvu.txt	?	-
sim_scientific-american_1855-11-17_11_10	https://archive.org/download/sim_scientific-american_1855-11-17_11_10/sim_scientific-american_1855-11-17_11_10_djvu.txt	?	-
sim_scientific-american_1855-11-24_11_11	https://archive.org/download/sim_scientific-american_1855-11-24_11_11/sim_scientific-american_1855-11-24_11_11_djvu.txt	?	-
sim_scientific-american_1855-12-01_11_12	https://archive.org/download/sim_scientific-american_1855-12-01_11_12/sim_scientific-american_1855-12-01_11_12_djvu.txt	?	-
sim_scientific-american_1855-12-08_11_13	https://archive.org/download/sim_scientific-american_1855-12-08_11_13/sim_scientific-american_1855-12-08_11_13_djvu.txt	?	-
sim_scientific-american_1855-12-15_11_14	https://archive.org/download/sim_scientific-american_1855-12-15_11_14/sim_scientific-american_1855-12-15_11_14_djvu.txt	?	-
sim_scientific-american_1855-12-22_11_15	https://archive.org/download/sim_scientific-american_1855-12-22_11_15/sim_scientific-american_1855-12-22_11_15_djvu.txt	?	-
sim_scientific-american_1855-12-29_11_16	https://archive.org/download/sim_scientific-american_1855-12-29_11_16/sim_scientific-american_1855-12-29_11_16_djvu.txt	?	-
sim_scientific-american_1855-1856_11_index	https://archive.org/download/sim_scientific-american_1855-1856_11_index/sim_scientific-american_1855-1856_11_index_djvu.txt	?	-
sim_scientific-american_1856-01-05_11_17	https://archive.org/download/sim_scientific-american_1856-01-05_11_17/sim_scientific-american_1856-01-05_11_17_djvu.txt	?	-
sim_scientific-american_1856-01-12_11_18	https://archive.org/download/sim_scientific-american_1856-01-12_11_18/sim_scientific-american_1856-01-12_11_18_djvu.txt	?	-
sim_scientific-american_1856-01-19_11_19	https://archive.org/download/sim_scientific-american_1856-01-19_11_19/sim_scientific-american_1856-01-19_11_19_djvu.txt	?	-
sim_scientific-american_1856-01-26_11_20	https://archive.org/download/sim_scientific-american_1856-01-26_11_20/sim_scientific-american_1856-01-26_11_20_djvu.txt	?	-
sim_scientific-american_1856-02-02_11_21	https://archive.org/download/sim_scientific-american_1856-02-02_11_21/sim_scientific-american_1856-02-02_11_21_djvu.txt	?	-
sim_scientific-american_1856-02-09_11_22	https://archive.org/download/sim_scientific-american_1856-02-09_11_22/sim_scientific-american_1856-02-09_11_22_djvu.txt	?	-
sim_scientific-american_1856-02-16_11_23	https://archive.org/download/sim_scientific-american_1856-02-16_11_23/sim_scientific-american_1856-02-16_11_23_djvu.txt	?	-
sim_scientific-american_1856-02-23_11_24	https://archive.org/download/sim_scientific-american_1856-02-23_11_24/sim_scientific-american_1856-02-23_11_24_djvu.txt	?	-
sim_scientific-american_1856-03-01_11_25	https://archive.org/download/sim_scientific-american_1856-03-01_11_25/sim_scientific-american_1856-03-01_11_25_djvu.txt	?	-
sim_scientific-american_1856-03-08_11_26	https://archive.org/download/sim_scientific-american_1856-03-08_11_26/sim_scientific-american_1856-03-08_11_26_djvu.txt	?	-
sim_scientific-american_1856-03-15_11_27	https://archive.org/download/sim_scientific-american_1856-03-15_11_27/sim_scientific-american_1856-03-15_11_27_djvu.txt	?	-
sim_scientific-american_1856-03-22_11_28	https://archive.org/download/sim_scientific-american_1856-03-22_11_28/sim_scientific-american_1856-03-22_11_28_djvu.txt	?	-
sim_scientific-american_1856-03-29_11_29	https://archive.org/download/sim_scientific-american_1856-03-29_11_29/sim_scientific-american_1856-03-29_11_29_djvu.txt	?	-
sim_scientific-american_1856-04-05_11_30	https://archive.org/download/sim_scientific-american_1856-04-05_11_30/sim_scientific-american_1856-04-05_11_30_djvu.txt	?	-
sim_scientific-american_1856-04-12_11_31	https://archive.org/download/sim_scientific-american_1856-04-12_11_31/sim_scientific-american_1856-04-12_11_31_djvu.txt	?	-
sim_scientific-american_1856-04-19_11_32	https://archive.org/download/sim_scientific-american_1856-04-19_11_32/sim_scientific-american_1856-04-19_11_32_djvu.txt	?	-
sim_scientific-american_1856-04-26_11_33	https://archive.org/download/sim_scientific-american_1856-04-26_11_33/sim_scientific-american_1856-04-26_11_33_djvu.txt	?	-
sim_scientific-american_1856-05-03_11_34	https://archive.org/download/sim_scientific-american_1856-05-03_11_34/sim_scientific-american_1856-05-03_11_34_djvu.txt	?	-
sim_scientific-american_1856-05-10_11_35	https://archive.org/download/sim_scientific-american_1856-05-10_11_35/sim_scientific-american_1856-05-10_11_35_djvu.txt	?	-
sim_scientific-american_1856-05-17_11_36	https://archive.org/download/sim_scientific-american_1856-05-17_11_36/sim_scientific-american_1856-05-17_11_36_djvu.txt	?	-
sim_scientific-american_1856-05-24_11_37	https://archive.org/download/sim_scientific-american_1856-05-24_11_37/sim_scientific-american_1856-05-24_11_37_djvu.txt	?	-
sim_scientific-american_1856-05-31_11_38	https://archive.org/download/sim_scientific-american_1856-05-31_11_38/sim_scientific-american_1856-05-31_11_38_djvu.txt	?	-
sim_scientific-american_1856-06-07_11_39	https://archive.org/download/sim_scientific-american_1856-06-07_11_39/sim_scientific-american_1856-06-07_11_39_djvu.txt	?	-
sim_scientific-american_1856-06-14_11_40	https://archive.org/download/sim_scientific-american_1856-06-14_11_40/sim_scientific-american_1856-06-14_11_40_djvu.txt	?	-
sim_scientific-american_1856-06-21_11_41	https://archive.org/download/sim_scientific-american_1856-06-21_11_41/sim_scientific-american_1856-06-21_11_41_djvu.txt	?	-
sim_scientific-american_1856-06-28_11_42	https://archive.org/download/sim_scientific-american_1856-06-28_11_42/sim_scientific-american_1856-06-28_11_42_djvu.txt	?	-
sim_scientific-american_1856-07-05_11_43	https://archive.org/download/sim_scientific-american_1856-07-05_11_43/sim_scientific-american_1856-07-05_11_43_djvu.txt	?	-
sim_scientific-american_1856-07-12_11_44	https://archive.org/download/sim_scientific-american_1856-07-12_11_44/sim_scientific-american_1856-07-12_11_44_djvu.txt	?	-
sim_scientific-american_1856-07-19_11_45	https://archive.org/download/sim_scientific-american_1856-07-19_11_45/sim_scientific-american_1856-07-19_11_45_djvu.txt	?	-
sim_scientific-american_1856-07-26_11_46	https://archive.org/download/sim_scientific-american_1856-07-26_11_46/sim_scientific-american_1856-07-26_11_46_djvu.txt	?	-
sim_scientific-american_1856-08-02_11_47	https://archive.org/download/sim_scientific-american_1856-08-02_11_47/sim_scientific-american_1856-08-02_11_47_djvu.txt	?	-
sim_scientific-american_1856-08-09_11_48	https://archive.org/download/sim_scientific-american_1856-08-09_11_48/sim_scientific-american_1856-08-09_11_48_djvu.txt	?	-
sim_scientific-american_1856-08-16_11_49	https://archive.org/download/sim_scientific-american_1856-08-16_11_49/sim_scientific-american_1856-08-16_11_49_djvu.txt	?	-
sim_scientific-american_1856-08-23_11_50	https://archive.org/download/sim_scientific-american_1856-08-23_11_50/sim_scientific-american_1856-08-23_11_50_djvu.txt	?	-
sim_scientific-american_1856-08-30_11_51	https://archive.org/download/sim_scientific-american_1856-08-30_11_51/sim_scientific-american_1856-08-30_11_51_djvu.txt	?	-
sim_scientific-american_1856-09-06_11_52	https://archive.org/download/sim_scientific-american_1856-09-06_11_52/sim_scientific-american_1856-09-06_11_52_djvu.txt	?	-
sim_scientific-american_1856-09-13_12_1	https://archive.org/download/sim_scientific-american_1856-09-13_12_1/sim_scientific-american_1856-09-13_12_1_djvu.txt	?	-
sim_scientific-american_1856-09-20_12_2	https://archive.org/download/sim_scientific-american_1856-09-20_12_2/sim_scientific-american_1856-09-20_12_2_djvu.txt	?	-
sim_scientific-american_1856-09-27_12_3	https://archive.org/download/sim_scientific-american_1856-09-27_12_3/sim_scientific-american_1856-09-27_12_3_djvu.txt	?	-
sim_scientific-american_1856-10-04_12_4	https://archive.org/download/sim_scientific-american_1856-10-04_12_4/sim_scientific-american_1856-10-04_12_4_djvu.txt	?	-
sim_scientific-american_1856-10-11_12_5	https://archive.org/download/sim_scientific-american_1856-10-11_12_5/sim_scientific-american_1856-10-11_12_5_djvu.txt	?	-
sim_scientific-american_1856-10-18_12_6	https://archive.org/download/sim_scientific-american_1856-10-18_12_6/sim_scientific-american_1856-10-18_12_6_djvu.txt	?	-
sim_scientific-american_1856-10-25_12_7	https://archive.org/download/sim_scientific-american_1856-10-25_12_7/sim_scientific-american_1856-10-25_12_7_djvu.txt	?	-
sim_scientific-american_1856-11-01_12_8	https://archive.org/download/sim_scientific-american_1856-11-01_12_8/sim_scientific-american_1856-11-01_12_8_djvu.txt	?	-
sim_scientific-american_1856-11-08_12_9	https://archive.org/download/sim_scientific-american_1856-11-08_12_9/sim_scientific-american_1856-11-08_12_9_djvu.txt	?	-
sim_scientific-american_1856-11-15_12_10	https://archive.org/download/sim_scientific-american_1856-11-15_12_10/sim_scientific-american_1856-11-15_12_10_djvu.txt	?	-
sim_scientific-american_1856-11-22_12_11	https://archive.org/download/sim_scientific-american_1856-11-22_12_11/sim_scientific-american_1856-11-22_12_11_djvu.txt	?	-
sim_scientific-american_1856-11-29_12_12	https://archive.org/download/sim_scientific-american_1856-11-29_12_12/sim_scientific-american_1856-11-29_12_12_djvu.txt	?	-
sim_scientific-american_1856-12-06_12_13	https://archive.org/download/sim_scientific-american_1856-12-06_12_13/sim_scientific-american_1856-12-06_12_13_djvu.txt	?	-
sim_scientific-american_1856-12-13_12_14	https://archive.org/download/sim_scientific-american_1856-12-13_12_14/sim_scientific-american_1856-12-13_12_14_djvu.txt	?	-
sim_scientific-american_1856-12-20_12_15	https://archive.org/download/sim_scientific-american_1856-12-20_12_15/sim_scientific-american_1856-12-20_12_15_djvu.txt	?	-
sim_scientific-american_1856-12-27_12_16	https://archive.org/download/sim_scientific-american_1856-12-27_12_16/sim_scientific-american_1856-12-27_12_16_djvu.txt	?	-
sim_scientific-american_1856-1857_12_index	https://archive.org/download/sim_scientific-american_1856-1857_12_index/sim_scientific-american_1856-1857_12_index_djvu.txt	?	-
sim_scientific-american_1857-01-03_12_17	https://archive.org/download/sim_scientific-american_1857-01-03_12_17/sim_scientific-american_1857-01-03_12_17_djvu.txt	?	-
sim_scientific-american_1857-01-10_12_18	https://archive.org/download/sim_scientific-american_1857-01-10_12_18/sim_scientific-american_1857-01-10_12_18_djvu.txt	?	-
sim_scientific-american_1857-01-17_12_19	https://archive.org/download/sim_scientific-american_1857-01-17_12_19/sim_scientific-american_1857-01-17_12_19_djvu.txt	?	-
sim_scientific-american_1857-01-24_12_20	https://archive.org/download/sim_scientific-american_1857-01-24_12_20/sim_scientific-american_1857-01-24_12_20_djvu.txt	?	-
sim_scientific-american_1857-01-31_12_21	https://archive.org/download/sim_scientific-american_1857-01-31_12_21/sim_scientific-american_1857-01-31_12_21_djvu.txt	?	-
sim_scientific-american_1857-02-07_12_22	https://archive.org/download/sim_scientific-american_1857-02-07_12_22/sim_scientific-american_1857-02-07_12_22_djvu.txt	?	-
sim_scientific-american_1857-02-14_12_23	https://archive.org/download/sim_scientific-american_1857-02-14_12_23/sim_scientific-american_1857-02-14_12_23_djvu.txt	?	-
sim_scientific-american_1857-02-21_12_24	https://archive.org/download/sim_scientific-american_1857-02-21_12_24/sim_scientific-american_1857-02-21_12_24_djvu.txt	?	-
sim_scientific-american_1857-02-28_12_25	https://archive.org/download/sim_scientific-american_1857-02-28_12_25/sim_scientific-american_1857-02-28_12_25_djvu.txt	?	-
sim_scientific-american_1857-03-07_12_26	https://archive.org/download/sim_scientific-american_1857-03-07_12_26/sim_scientific-american_1857-03-07_12_26_djvu.txt	?	-
sim_scientific-american_1857-03-14_12_27	https://archive.org/download/sim_scientific-american_1857-03-14_12_27/sim_scientific-american_1857-03-14_12_27_djvu.txt	?	-
sim_scientific-american_1857-03-21_12_28	https://archive.org/download/sim_scientific-american_1857-03-21_12_28/sim_scientific-american_1857-03-21_12_28_djvu.txt	?	-
sim_scientific-american_1857-03-28_12_29	https://archive.org/download/sim_scientific-american_1857-03-28_12_29/sim_scientific-american_1857-03-28_12_29_djvu.txt	?	-
sim_scientific-american_1857-04-04_12_30	https://archive.org/download/sim_scientific-american_1857-04-04_12_30/sim_scientific-american_1857-04-04_12_30_djvu.txt	?	-
sim_scientific-american_1857-04-11_12_31	https://archive.org/download/sim_scientific-american_1857-04-11_12_31/sim_scientific-american_1857-04-11_12_31_djvu.txt	?	-
sim_scientific-american_1857-04-18_12_32	https://archive.org/download/sim_scientific-american_1857-04-18_12_32/sim_scientific-american_1857-04-18_12_32_djvu.txt	?	-
sim_scientific-american_1857-04-25_12_33	https://archive.org/download/sim_scientific-american_1857-04-25_12_33/sim_scientific-american_1857-04-25_12_33_djvu.txt	?	-
sim_scientific-american_1857-05-02_12_34	https://archive.org/download/sim_scientific-american_1857-05-02_12_34/sim_scientific-american_1857-05-02_12_34_djvu.txt	?	-
sim_scientific-american_1857-05-09_12_35	https://archive.org/download/sim_scientific-american_1857-05-09_12_35/sim_scientific-american_1857-05-09_12_35_djvu.txt	?	-
sim_scientific-american_1857-05-16_12_36	https://archive.org/download/sim_scientific-american_1857-05-16_12_36/sim_scientific-american_1857-05-16_12_36_djvu.txt	?	-
sim_scientific-american_1857-05-23_12_37	https://archive.org/download/sim_scientific-american_1857-05-23_12_37/sim_scientific-american_1857-05-23_12_37_djvu.txt	?	-
sim_scientific-american_1857-05-30_12_38	https://archive.org/download/sim_scientific-american_1857-05-30_12_38/sim_scientific-american_1857-05-30_12_38_djvu.txt	?	-
sim_scientific-american_1857-06-06_12_39	https://archive.org/download/sim_scientific-american_1857-06-06_12_39/sim_scientific-american_1857-06-06_12_39_djvu.txt	?	-
sim_scientific-american_1857-06-13_12_40	https://archive.org/download/sim_scientific-american_1857-06-13_12_40/sim_scientific-american_1857-06-13_12_40_djvu.txt	?	-
sim_scientific-american_1857-06-20_12_41	https://archive.org/download/sim_scientific-american_1857-06-20_12_41/sim_scientific-american_1857-06-20_12_41_djvu.txt	?	-
sim_scientific-american_1857-06-27_12_42	https://archive.org/download/sim_scientific-american_1857-06-27_12_42/sim_scientific-american_1857-06-27_12_42_djvu.txt	?	-
sim_scientific-american_1857-07-04_12_43	https://archive.org/download/sim_scientific-american_1857-07-04_12_43/sim_scientific-american_1857-07-04_12_43_djvu.txt	?	-
sim_scientific-american_1857-07-11_12_44	https://archive.org/download/sim_scientific-american_1857-07-11_12_44/sim_scientific-american_1857-07-11_12_44_djvu.txt	?	-
sim_scientific-american_1857-07-18_12_45	https://archive.org/download/sim_scientific-american_1857-07-18_12_45/sim_scientific-american_1857-07-18_12_45_djvu.txt	?	-
sim_scientific-american_1857-07-25_12_46	https://archive.org/download/sim_scientific-american_1857-07-25_12_46/sim_scientific-american_1857-07-25_12_46_djvu.txt	?	-
sim_scientific-american_1857-08-01_12_47	https://archive.org/download/sim_scientific-american_1857-08-01_12_47/sim_scientific-american_1857-08-01_12_47_djvu.txt	?	-
sim_scientific-american_1857-08-08_12_48	https://archive.org/download/sim_scientific-american_1857-08-08_12_48/sim_scientific-american_1857-08-08_12_48_djvu.txt	?	-
sim_scientific-american_1857-08-15_12_49	https://archive.org/download/sim_scientific-american_1857-08-15_12_49/sim_scientific-american_1857-08-15_12_49_djvu.txt	?	-
sim_scientific-american_1857-08-22_12_50	https://archive.org/download/sim_scientific-american_1857-08-22_12_50/sim_scientific-american_1857-08-22_12_50_djvu.txt	?	-
sim_scientific-american_1857-08-29_12_51	https://archive.org/download/sim_scientific-american_1857-08-29_12_51/sim_scientific-american_1857-08-29_12_51_djvu.txt	?	-
sim_scientific-american_1857-09-05_12_52	https://archive.org/download/sim_scientific-american_1857-09-05_12_52/sim_scientific-american_1857-09-05_12_52_djvu.txt	?	-
sim_scientific-american_1857-09-12_13_1	https://archive.org/download/sim_scientific-american_1857-09-12_13_1/sim_scientific-american_1857-09-12_13_1_djvu.txt	?	-
sim_scientific-american_1857-09-19_13_2	https://archive.org/download/sim_scientific-american_1857-09-19_13_2/sim_scientific-american_1857-09-19_13_2_djvu.txt	?	-
sim_scientific-american_1857-09-26_13_3	https://archive.org/download/sim_scientific-american_1857-09-26_13_3/sim_scientific-american_1857-09-26_13_3_djvu.txt	?	-
sim_scientific-american_1857-10-03_13_4	https://archive.org/download/sim_scientific-american_1857-10-03_13_4/sim_scientific-american_1857-10-03_13_4_djvu.txt	?	-
sim_scientific-american_1857-10-10_13_5	https://archive.org/download/sim_scientific-american_1857-10-10_13_5/sim_scientific-american_1857-10-10_13_5_djvu.txt	?	-
sim_scientific-american_1857-10-17_13_6	https://archive.org/download/sim_scientific-american_1857-10-17_13_6/sim_scientific-american_1857-10-17_13_6_djvu.txt	?	-
sim_scientific-american_1857-10-24_13_7	https://archive.org/download/sim_scientific-american_1857-10-24_13_7/sim_scientific-american_1857-10-24_13_7_djvu.txt	?	-
sim_scientific-american_1857-10-31_13_8	https://archive.org/download/sim_scientific-american_1857-10-31_13_8/sim_scientific-american_1857-10-31_13_8_djvu.txt	?	-
sim_scientific-american_1857-11-07_13_9	https://archive.org/download/sim_scientific-american_1857-11-07_13_9/sim_scientific-american_1857-11-07_13_9_djvu.txt	?	-
sim_scientific-american_1857-11-14_13_10	https://archive.org/download/sim_scientific-american_1857-11-14_13_10/sim_scientific-american_1857-11-14_13_10_djvu.txt	?	-
sim_scientific-american_1857-11-21_13_11	https://archive.org/download/sim_scientific-american_1857-11-21_13_11/sim_scientific-american_1857-11-21_13_11_djvu.txt	?	-
sim_scientific-american_1857-11-28_13_12	https://archive.org/download/sim_scientific-american_1857-11-28_13_12/sim_scientific-american_1857-11-28_13_12_djvu.txt	?	-
sim_scientific-american_1857-12-05_13_13	https://archive.org/download/sim_scientific-american_1857-12-05_13_13/sim_scientific-american_1857-12-05_13_13_djvu.txt	?	-
sim_scientific-american_1857-12-12_13_14	https://archive.org/download/sim_scientific-american_1857-12-12_13_14/sim_scientific-american_1857-12-12_13_14_djvu.txt	?	-
sim_scientific-american_1857-12-19_13_15	https://archive.org/download/sim_scientific-american_1857-12-19_13_15/sim_scientific-american_1857-12-19_13_15_djvu.txt	?	-
sim_scientific-american_1857-12-26_13_16	https://archive.org/download/sim_scientific-american_1857-12-26_13_16/sim_scientific-american_1857-12-26_13_16_djvu.txt	?	-
sim_scientific-american_1857-1858_13_index	https://archive.org/download/sim_scientific-american_1857-1858_13_index/sim_scientific-american_1857-1858_13_index_djvu.txt	?	-
sim_scientific-american_1858-01-02_13_17	https://archive.org/download/sim_scientific-american_1858-01-02_13_17/sim_scientific-american_1858-01-02_13_17_djvu.txt	?	-
sim_scientific-american_1858-01-09_13_18	https://archive.org/download/sim_scientific-american_1858-01-09_13_18/sim_scientific-american_1858-01-09_13_18_djvu.txt	?	-
sim_scientific-american_1858-01-16_13_19	https://archive.org/download/sim_scientific-american_1858-01-16_13_19/sim_scientific-american_1858-01-16_13_19_djvu.txt	?	-
sim_scientific-american_1858-01-23_13_20	https://archive.org/download/sim_scientific-american_1858-01-23_13_20/sim_scientific-american_1858-01-23_13_20_djvu.txt	?	-
sim_scientific-american_1858-01-30_13_21	https://archive.org/download/sim_scientific-american_1858-01-30_13_21/sim_scientific-american_1858-01-30_13_21_djvu.txt	?	-
sim_scientific-american_1858-02-06_13_22	https://archive.org/download/sim_scientific-american_1858-02-06_13_22/sim_scientific-american_1858-02-06_13_22_djvu.txt	?	-
sim_scientific-american_1858-02-13_13_23	https://archive.org/download/sim_scientific-american_1858-02-13_13_23/sim_scientific-american_1858-02-13_13_23_djvu.txt	?	-
sim_scientific-american_1858-02-20_13_24	https://archive.org/download/sim_scientific-american_1858-02-20_13_24/sim_scientific-american_1858-02-20_13_24_djvu.txt	?	-
sim_scientific-american_1858-02-27_13_25	https://archive.org/download/sim_scientific-american_1858-02-27_13_25/sim_scientific-american_1858-02-27_13_25_djvu.txt	?	-
sim_scientific-american_1858-03-06_13_26	https://archive.org/download/sim_scientific-american_1858-03-06_13_26/sim_scientific-american_1858-03-06_13_26_djvu.txt	?	-
sim_scientific-american_1858-03-13_13_27	https://archive.org/download/sim_scientific-american_1858-03-13_13_27/sim_scientific-american_1858-03-13_13_27_djvu.txt	?	-
sim_scientific-american_1858-03-20_13_28	https://archive.org/download/sim_scientific-american_1858-03-20_13_28/sim_scientific-american_1858-03-20_13_28_djvu.txt	?	-
sim_scientific-american_1858-03-27_13_29	https://archive.org/download/sim_scientific-american_1858-03-27_13_29/sim_scientific-american_1858-03-27_13_29_djvu.txt	?	-
sim_scientific-american_1858-04-03_13_30	https://archive.org/download/sim_scientific-american_1858-04-03_13_30/sim_scientific-american_1858-04-03_13_30_djvu.txt	?	-
sim_scientific-american_1858-04-10_13_31	https://archive.org/download/sim_scientific-american_1858-04-10_13_31/sim_scientific-american_1858-04-10_13_31_djvu.txt	?	-
sim_scientific-american_1858-04-17_13_32	https://archive.org/download/sim_scientific-american_1858-04-17_13_32/sim_scientific-american_1858-04-17_13_32_djvu.txt	?	-
sim_scientific-american_1858-04-24_13_33	https://archive.org/download/sim_scientific-american_1858-04-24_13_33/sim_scientific-american_1858-04-24_13_33_djvu.txt	?	-
sim_scientific-american_1858-05-01_13_34	https://archive.org/download/sim_scientific-american_1858-05-01_13_34/sim_scientific-american_1858-05-01_13_34_djvu.txt	?	-
sim_scientific-american_1858-05-08_13_35	https://archive.org/download/sim_scientific-american_1858-05-08_13_35/sim_scientific-american_1858-05-08_13_35_djvu.txt	?	-
sim_scientific-american_1858-05-15_13_36	https://archive.org/download/sim_scientific-american_1858-05-15_13_36/sim_scientific-american_1858-05-15_13_36_djvu.txt	?	-
sim_scientific-american_1858-05-22_13_37	https://archive.org/download/sim_scientific-american_1858-05-22_13_37/sim_scientific-american_1858-05-22_13_37_djvu.txt	?	-
sim_scientific-american_1858-05-29_13_38	https://archive.org/download/sim_scientific-american_1858-05-29_13_38/sim_scientific-american_1858-05-29_13_38_djvu.txt	?	-
sim_scientific-american_1858-06-05_13_39	https://archive.org/download/sim_scientific-american_1858-06-05_13_39/sim_scientific-american_1858-06-05_13_39_djvu.txt	?	-
sim_scientific-american_1858-06-12_13_40	https://archive.org/download/sim_scientific-american_1858-06-12_13_40/sim_scientific-american_1858-06-12_13_40_djvu.txt	?	-
sim_scientific-american_1858-06-19_13_41	https://archive.org/download/sim_scientific-american_1858-06-19_13_41/sim_scientific-american_1858-06-19_13_41_djvu.txt	?	-
sim_scientific-american_1858-06-26_13_42	https://archive.org/download/sim_scientific-american_1858-06-26_13_42/sim_scientific-american_1858-06-26_13_42_djvu.txt	?	-
sim_scientific-american_1858-07-03_13_43	https://archive.org/download/sim_scientific-american_1858-07-03_13_43/sim_scientific-american_1858-07-03_13_43_djvu.txt	?	-
sim_scientific-american_1858-07-10_13_44	https://archive.org/download/sim_scientific-american_1858-07-10_13_44/sim_scientific-american_1858-07-10_13_44_djvu.txt	?	-
sim_scientific-american_1858-07-17_13_45	https://archive.org/download/sim_scientific-american_1858-07-17_13_45/sim_scientific-american_1858-07-17_13_45_djvu.txt	?	-
sim_scientific-american_1858-07-24_13_46	https://archive.org/download/sim_scientific-american_1858-07-24_13_46/sim_scientific-american_1858-07-24_13_46_djvu.txt	?	-
sim_scientific-american_1858-07-31_13_47	https://archive.org/download/sim_scientific-american_1858-07-31_13_47/sim_scientific-american_1858-07-31_13_47_djvu.txt	?	-
sim_scientific-american_1858-08-07_13_48	https://archive.org/download/sim_scientific-american_1858-08-07_13_48/sim_scientific-american_1858-08-07_13_48_djvu.txt	?	-
sim_scientific-american_1858-08-14_13_49	https://archive.org/download/sim_scientific-american_1858-08-14_13_49/sim_scientific-american_1858-08-14_13_49_djvu.txt	?	-
sim_scientific-american_1858-08-21_13_50	https://archive.org/download/sim_scientific-american_1858-08-21_13_50/sim_scientific-american_1858-08-21_13_50_djvu.txt	?	-
sim_scientific-american_1858-08-28_13_51	https://archive.org/download/sim_scientific-american_1858-08-28_13_51/sim_scientific-american_1858-08-28_13_51_djvu.txt	?	-
sim_scientific-american_1858-09-04_13_52	https://archive.org/download/sim_scientific-american_1858-09-04_13_52/sim_scientific-american_1858-09-04_13_52_djvu.txt	?	-
sim_scientific-american_1858-09-11_14_1	https://archive.org/download/sim_scientific-american_1858-09-11_14_1/sim_scientific-american_1858-09-11_14_1_djvu.txt	?	-
sim_scientific-american_1858-09-18_14_2	https://archive.org/download/sim_scientific-american_1858-09-18_14_2/sim_scientific-american_1858-09-18_14_2_djvu.txt	?	-
sim_scientific-american_1858-09-25_14_3	https://archive.org/download/sim_scientific-american_1858-09-25_14_3/sim_scientific-american_1858-09-25_14_3_djvu.txt	?	-
sim_scientific-american_1858-10-02_14_4	https://archive.org/download/sim_scientific-american_1858-10-02_14_4/sim_scientific-american_1858-10-02_14_4_djvu.txt	?	-
sim_scientific-american_1858-10-09_14_5	https://archive.org/download/sim_scientific-american_1858-10-09_14_5/sim_scientific-american_1858-10-09_14_5_djvu.txt	?	-
sim_scientific-american_1858-10-16_14_6	https://archive.org/download/sim_scientific-american_1858-10-16_14_6/sim_scientific-american_1858-10-16_14_6_djvu.txt	?	-
sim_scientific-american_1858-10-23_14_7	https://archive.org/download/sim_scientific-american_1858-10-23_14_7/sim_scientific-american_1858-10-23_14_7_djvu.txt	?	-
sim_scientific-american_1858-10-30_14_8	https://archive.org/download/sim_scientific-american_1858-10-30_14_8/sim_scientific-american_1858-10-30_14_8_djvu.txt	?	-
sim_scientific-american_1858-11-06_14_9	https://archive.org/download/sim_scientific-american_1858-11-06_14_9/sim_scientific-american_1858-11-06_14_9_djvu.txt	?	-
sim_scientific-american_1858-11-13_14_10	https://archive.org/download/sim_scientific-american_1858-11-13_14_10/sim_scientific-american_1858-11-13_14_10_djvu.txt	?	-
sim_scientific-american_1858-11-20_14_11	https://archive.org/download/sim_scientific-american_1858-11-20_14_11/sim_scientific-american_1858-11-20_14_11_djvu.txt	?	-
sim_scientific-american_1858-11-27_14_12	https://archive.org/download/sim_scientific-american_1858-11-27_14_12/sim_scientific-american_1858-11-27_14_12_djvu.txt	?	-
sim_scientific-american_1858-12-04_14_13	https://archive.org/download/sim_scientific-american_1858-12-04_14_13/sim_scientific-american_1858-12-04_14_13_djvu.txt	?	-
sim_scientific-american_1858-12-11_14_14	https://archive.org/download/sim_scientific-american_1858-12-11_14_14/sim_scientific-american_1858-12-11_14_14_djvu.txt	?	-
sim_scientific-american_1858-12-18_14_15	https://archive.org/download/sim_scientific-american_1858-12-18_14_15/sim_scientific-american_1858-12-18_14_15_djvu.txt	?	-
sim_scientific-american_1858-12-25_14_16	https://archive.org/download/sim_scientific-american_1858-12-25_14_16/sim_scientific-american_1858-12-25_14_16_djvu.txt	?	-
sim_scientific-american_1858-1859_14_index	https://archive.org/download/sim_scientific-american_1858-1859_14_index/sim_scientific-american_1858-1859_14_index_djvu.txt	?	-
sim_scientific-american_1859-01-01_14_17	https://archive.org/download/sim_scientific-american_1859-01-01_14_17/sim_scientific-american_1859-01-01_14_17_djvu.txt	?	-
sim_scientific-american_1859-01-08_14_18	https://archive.org/download/sim_scientific-american_1859-01-08_14_18/sim_scientific-american_1859-01-08_14_18_djvu.txt	?	-
sim_scientific-american_1859-01-15_14_19	https://archive.org/download/sim_scientific-american_1859-01-15_14_19/sim_scientific-american_1859-01-15_14_19_djvu.txt	?	-
sim_scientific-american_1859-01-22_14_20	https://archive.org/download/sim_scientific-american_1859-01-22_14_20/sim_scientific-american_1859-01-22_14_20_djvu.txt	?	-
sim_scientific-american_1859-01-29_14_21	https://archive.org/download/sim_scientific-american_1859-01-29_14_21/sim_scientific-american_1859-01-29_14_21_djvu.txt	?	-
sim_scientific-american_1859-02-05_14_22	https://archive.org/download/sim_scientific-american_1859-02-05_14_22/sim_scientific-american_1859-02-05_14_22_djvu.txt	?	-
sim_scientific-american_1859-02-12_14_23	https://archive.org/download/sim_scientific-american_1859-02-12_14_23/sim_scientific-american_1859-02-12_14_23_djvu.txt	?	-
sim_scientific-american_1859-02-19_14_24	https://archive.org/download/sim_scientific-american_1859-02-19_14_24/sim_scientific-american_1859-02-19_14_24_djvu.txt	?	-
sim_scientific-american_1859-02-26_14_25	https://archive.org/download/sim_scientific-american_1859-02-26_14_25/sim_scientific-american_1859-02-26_14_25_djvu.txt	?	-
sim_scientific-american_1859-03-05_14_26	https://archive.org/download/sim_scientific-american_1859-03-05_14_26/sim_scientific-american_1859-03-05_14_26_djvu.txt	?	-
sim_scientific-american_1859-03-12_14_27	https://archive.org/download/sim_scientific-american_1859-03-12_14_27/sim_scientific-american_1859-03-12_14_27_djvu.txt	?	-
sim_scientific-american_1859-03-19_14_28	https://archive.org/download/sim_scientific-american_1859-03-19_14_28/sim_scientific-american_1859-03-19_14_28_djvu.txt	?	-
sim_scientific-american_1859-03-26_14_29	https://archive.org/download/sim_scientific-american_1859-03-26_14_29/sim_scientific-american_1859-03-26_14_29_djvu.txt	?	-
sim_scientific-american_1859-04-02_14_30	https://archive.org/download/sim_scientific-american_1859-04-02_14_30/sim_scientific-american_1859-04-02_14_30_djvu.txt	?	-
sim_scientific-american_1859-04-09_14_31	https://archive.org/download/sim_scientific-american_1859-04-09_14_31/sim_scientific-american_1859-04-09_14_31_djvu.txt	?	-
sim_scientific-american_1859-04-16_14_32	https://archive.org/download/sim_scientific-american_1859-04-16_14_32/sim_scientific-american_1859-04-16_14_32_djvu.txt	?	-
sim_scientific-american_1859-04-23_14_33	https://archive.org/download/sim_scientific-american_1859-04-23_14_33/sim_scientific-american_1859-04-23_14_33_djvu.txt	?	-
sim_scientific-american_1859-04-30_14_34	https://archive.org/download/sim_scientific-american_1859-04-30_14_34/sim_scientific-american_1859-04-30_14_34_djvu.txt	?	-
sim_scientific-american_1859-05-07_14_35	https://archive.org/download/sim_scientific-american_1859-05-07_14_35/sim_scientific-american_1859-05-07_14_35_djvu.txt	?	-
sim_scientific-american_1859-05-14_14_36	https://archive.org/download/sim_scientific-american_1859-05-14_14_36/sim_scientific-american_1859-05-14_14_36_djvu.txt	?	-
sim_scientific-american_1859-05-21_14_37	https://archive.org/download/sim_scientific-american_1859-05-21_14_37/sim_scientific-american_1859-05-21_14_37_djvu.txt	?	-
sim_scientific-american_1859-05-28_14_38	https://archive.org/download/sim_scientific-american_1859-05-28_14_38/sim_scientific-american_1859-05-28_14_38_djvu.txt	?	-
sim_scientific-american_1859-06-04_14_39	https://archive.org/download/sim_scientific-american_1859-06-04_14_39/sim_scientific-american_1859-06-04_14_39_djvu.txt	?	-
sim_scientific-american_1859-06-11_14_40	https://archive.org/download/sim_scientific-american_1859-06-11_14_40/sim_scientific-american_1859-06-11_14_40_djvu.txt	?	-
sim_scientific-american_1859-06-18_14_41	https://archive.org/download/sim_scientific-american_1859-06-18_14_41/sim_scientific-american_1859-06-18_14_41_djvu.txt	?	-
sim_scientific-american_1859-06-25_14_42	https://archive.org/download/sim_scientific-american_1859-06-25_14_42/sim_scientific-american_1859-06-25_14_42_djvu.txt	?	-
sim_scientific-american_1859-07-02_1_1	https://archive.org/download/sim_scientific-american_1859-07-02_1_1/sim_scientific-american_1859-07-02_1_1_djvu.txt	?	-
sim_scientific-american_1859-07-09_1_2	https://archive.org/download/sim_scientific-american_1859-07-09_1_2/sim_scientific-american_1859-07-09_1_2_djvu.txt	?	-
sim_scientific-american_1859-07-16_1_3	https://archive.org/download/sim_scientific-american_1859-07-16_1_3/sim_scientific-american_1859-07-16_1_3_djvu.txt	?	-
sim_scientific-american_1859-07-23_1_4	https://archive.org/download/sim_scientific-american_1859-07-23_1_4/sim_scientific-american_1859-07-23_1_4_djvu.txt	?	-
sim_scientific-american_1859-07-30_1_5	https://archive.org/download/sim_scientific-american_1859-07-30_1_5/sim_scientific-american_1859-07-30_1_5_djvu.txt	?	-
sim_scientific-american_1859-08-06_1_6	https://archive.org/download/sim_scientific-american_1859-08-06_1_6/sim_scientific-american_1859-08-06_1_6_djvu.txt	?	-
sim_scientific-american_1859-08-13_1_7	https://archive.org/download/sim_scientific-american_1859-08-13_1_7/sim_scientific-american_1859-08-13_1_7_djvu.txt	?	-
sim_scientific-american_1859-08-20_1_8	https://archive.org/download/sim_scientific-american_1859-08-20_1_8/sim_scientific-american_1859-08-20_1_8_djvu.txt	?	-
sim_scientific-american_1859-08-27_1_9	https://archive.org/download/sim_scientific-american_1859-08-27_1_9/sim_scientific-american_1859-08-27_1_9_djvu.txt	?	-
sim_scientific-american_1859-09-03_1_10	https://archive.org/download/sim_scientific-american_1859-09-03_1_10/sim_scientific-american_1859-09-03_1_10_djvu.txt	?	-
sim_scientific-american_1859-09-10_1_11	https://archive.org/download/sim_scientific-american_1859-09-10_1_11/sim_scientific-american_1859-09-10_1_11_djvu.txt	?	-
sim_scientific-american_1859-09-17_1_12	https://archive.org/download/sim_scientific-american_1859-09-17_1_12/sim_scientific-american_1859-09-17_1_12_djvu.txt	?	-
sim_scientific-american_1859-09-24_1_13	https://archive.org/download/sim_scientific-american_1859-09-24_1_13/sim_scientific-american_1859-09-24_1_13_djvu.txt	?	-
sim_scientific-american_1859-10-01_1_14	https://archive.org/download/sim_scientific-american_1859-10-01_1_14/sim_scientific-american_1859-10-01_1_14_djvu.txt	?	-
sim_scientific-american_1859-10-08_1_15	https://archive.org/download/sim_scientific-american_1859-10-08_1_15/sim_scientific-american_1859-10-08_1_15_djvu.txt	?	-
sim_scientific-american_1859-10-15_1_16	https://archive.org/download/sim_scientific-american_1859-10-15_1_16/sim_scientific-american_1859-10-15_1_16_djvu.txt	?	-
sim_scientific-american_1859-10-22_1_17	https://archive.org/download/sim_scientific-american_1859-10-22_1_17/sim_scientific-american_1859-10-22_1_17_djvu.txt	?	-
sim_scientific-american_1859-10-29_1_18	https://archive.org/download/sim_scientific-american_1859-10-29_1_18/sim_scientific-american_1859-10-29_1_18_djvu.txt	?	-
sim_scientific-american_1859-11-05_1_19	https://archive.org/download/sim_scientific-american_1859-11-05_1_19/sim_scientific-american_1859-11-05_1_19_djvu.txt	?	-
sim_scientific-american_1859-11-12_1_20	https://archive.org/download/sim_scientific-american_1859-11-12_1_20/sim_scientific-american_1859-11-12_1_20_djvu.txt	?	-
sim_scientific-american_1859-11-19_1_21	https://archive.org/download/sim_scientific-american_1859-11-19_1_21/sim_scientific-american_1859-11-19_1_21_djvu.txt	?	-
sim_scientific-american_1859-11-26_1_22	https://archive.org/download/sim_scientific-american_1859-11-26_1_22/sim_scientific-american_1859-11-26_1_22_djvu.txt	?	-
sim_scientific-american_1859-12-03_1_23	https://archive.org/download/sim_scientific-american_1859-12-03_1_23/sim_scientific-american_1859-12-03_1_23_djvu.txt	?	-
sim_scientific-american_1859-12-10_1_24	https://archive.org/download/sim_scientific-american_1859-12-10_1_24/sim_scientific-american_1859-12-10_1_24_djvu.txt	?	-
sim_scientific-american_1859-12-17_1_25	https://archive.org/download/sim_scientific-american_1859-12-17_1_25/sim_scientific-american_1859-12-17_1_25_djvu.txt	?	-
sim_scientific-american_1859-12-24_1_26	https://archive.org/download/sim_scientific-american_1859-12-24_1_26/sim_scientific-american_1859-12-24_1_26_djvu.txt	?	-
sim_scientific-american_1859_1_index	https://archive.org/download/sim_scientific-american_1859_1_index/sim_scientific-american_1859_1_index_djvu.txt	?	-
sim_scientific-american_1860-01-02_2_1	https://archive.org/download/sim_scientific-american_1860-01-02_2_1/sim_scientific-american_1860-01-02_2_1_djvu.txt	?	-
sim_scientific-american_1860-01-07_2_2	https://archive.org/download/sim_scientific-american_1860-01-07_2_2/sim_scientific-american_1860-01-07_2_2_djvu.txt	?	-
sim_scientific-american_1860-01-14_2_3	https://archive.org/download/sim_scientific-american_1860-01-14_2_3/sim_scientific-american_1860-01-14_2_3_djvu.txt	?	-
sim_scientific-american_1860-01-21_2_4	https://archive.org/download/sim_scientific-american_1860-01-21_2_4/sim_scientific-american_1860-01-21_2_4_djvu.txt	?	-
sim_scientific-american_1860-01-28_2_5	https://archive.org/download/sim_scientific-american_1860-01-28_2_5/sim_scientific-american_1860-01-28_2_5_djvu.txt	?	-
sim_scientific-american_1860-02-04_2_6	https://archive.org/download/sim_scientific-american_1860-02-04_2_6/sim_scientific-american_1860-02-04_2_6_djvu.txt	?	-
sim_scientific-american_1860-02-11_2_7	https://archive.org/download/sim_scientific-american_1860-02-11_2_7/sim_scientific-american_1860-02-11_2_7_djvu.txt	?	-
sim_scientific-american_1860-02-18_2_8	https://archive.org/download/sim_scientific-american_1860-02-18_2_8/sim_scientific-american_1860-02-18_2_8_djvu.txt	?	-
sim_scientific-american_1860-02-25_2_9	https://archive.org/download/sim_scientific-american_1860-02-25_2_9/sim_scientific-american_1860-02-25_2_9_djvu.txt	?	-
sim_scientific-american_1860-03-03_2_10	https://archive.org/download/sim_scientific-american_1860-03-03_2_10/sim_scientific-american_1860-03-03_2_10_djvu.txt	?	-
sim_scientific-american_1860-03-10_2_11	https://archive.org/download/sim_scientific-american_1860-03-10_2_11/sim_scientific-american_1860-03-10_2_11_djvu.txt	?	-
sim_scientific-american_1860-03-17_2_12	https://archive.org/download/sim_scientific-american_1860-03-17_2_12/sim_scientific-american_1860-03-17_2_12_djvu.txt	?	-
sim_scientific-american_1860-03-24_2_13	https://archive.org/download/sim_scientific-american_1860-03-24_2_13/sim_scientific-american_1860-03-24_2_13_djvu.txt	?	-
sim_scientific-american_1860-03-31_2_14	https://archive.org/download/sim_scientific-american_1860-03-31_2_14/sim_scientific-american_1860-03-31_2_14_djvu.txt	?	-
sim_scientific-american_1860-04-07_2_15	https://archive.org/download/sim_scientific-american_1860-04-07_2_15/sim_scientific-american_1860-04-07_2_15_djvu.txt	?	-
sim_scientific-american_1860-04-14_2_16	https://archive.org/download/sim_scientific-american_1860-04-14_2_16/sim_scientific-american_1860-04-14_2_16_djvu.txt	?	-
sim_scientific-american_1860-04-21_2_17	https://archive.org/download/sim_scientific-american_1860-04-21_2_17/sim_scientific-american_1860-04-21_2_17_djvu.txt	?	-
sim_scientific-american_1860-04-28_2_18	https://archive.org/download/sim_scientific-american_1860-04-28_2_18/sim_scientific-american_1860-04-28_2_18_djvu.txt	?	-
sim_scientific-american_1860-05-05_2_19	https://archive.org/download/sim_scientific-american_1860-05-05_2_19/sim_scientific-american_1860-05-05_2_19_djvu.txt	?	-
sim_scientific-american_1860-05-12_2_20	https://archive.org/download/sim_scientific-american_1860-05-12_2_20/sim_scientific-american_1860-05-12_2_20_djvu.txt	?	-
sim_scientific-american_1860-05-19_2_21	https://archive.org/download/sim_scientific-american_1860-05-19_2_21/sim_scientific-american_1860-05-19_2_21_djvu.txt	?	-
sim_scientific-american_1860-05-26_2_22	https://archive.org/download/sim_scientific-american_1860-05-26_2_22/sim_scientific-american_1860-05-26_2_22_djvu.txt	?	-
sim_scientific-american_1860-06-02_2_23	https://archive.org/download/sim_scientific-american_1860-06-02_2_23/sim_scientific-american_1860-06-02_2_23_djvu.txt	?	-
sim_scientific-american_1860-06-09_2_24	https://archive.org/download/sim_scientific-american_1860-06-09_2_24/sim_scientific-american_1860-06-09_2_24_djvu.txt	?	-
sim_scientific-american_1860-06-16_2_25	https://archive.org/download/sim_scientific-american_1860-06-16_2_25/sim_scientific-american_1860-06-16_2_25_djvu.txt	?	-
sim_scientific-american_1860-06-23_2_26	https://archive.org/download/sim_scientific-american_1860-06-23_2_26/sim_scientific-american_1860-06-23_2_26_djvu.txt	?	-
sim_scientific-american_1860-07-02_3_1	https://archive.org/download/sim_scientific-american_1860-07-02_3_1/sim_scientific-american_1860-07-02_3_1_djvu.txt	?	-
sim_scientific-american_1860-07-07_3_2	https://archive.org/download/sim_scientific-american_1860-07-07_3_2/sim_scientific-american_1860-07-07_3_2_djvu.txt	?	-
sim_scientific-american_1860-07-14_3_3	https://archive.org/download/sim_scientific-american_1860-07-14_3_3/sim_scientific-american_1860-07-14_3_3_djvu.txt	?	-
sim_scientific-american_1860-07-21_3_4	https://archive.org/download/sim_scientific-american_1860-07-21_3_4/sim_scientific-american_1860-07-21_3_4_djvu.txt	?	-
sim_scientific-american_1860-07-28_3_5	https://archive.org/download/sim_scientific-american_1860-07-28_3_5/sim_scientific-american_1860-07-28_3_5_djvu.txt	?	-
sim_scientific-american_1860-08-04_3_6	https://archive.org/download/sim_scientific-american_1860-08-04_3_6/sim_scientific-american_1860-08-04_3_6_djvu.txt	?	-
sim_scientific-american_1860-08-11_3_7	https://archive.org/download/sim_scientific-american_1860-08-11_3_7/sim_scientific-american_1860-08-11_3_7_djvu.txt	?	-
sim_scientific-american_1860-08-18_3_8	https://archive.org/download/sim_scientific-american_1860-08-18_3_8/sim_scientific-american_1860-08-18_3_8_djvu.txt	?	-
sim_scientific-american_1860-08-25_3_9	https://archive.org/download/sim_scientific-american_1860-08-25_3_9/sim_scientific-american_1860-08-25_3_9_djvu.txt	?	-
sim_scientific-american_1860-09-01_3_10	https://archive.org/download/sim_scientific-american_1860-09-01_3_10/sim_scientific-american_1860-09-01_3_10_djvu.txt	?	-
sim_scientific-american_1860-09-08_3_11	https://archive.org/download/sim_scientific-american_1860-09-08_3_11/sim_scientific-american_1860-09-08_3_11_djvu.txt	?	-
sim_scientific-american_1860-09-15_3_12	https://archive.org/download/sim_scientific-american_1860-09-15_3_12/sim_scientific-american_1860-09-15_3_12_djvu.txt	?	-
sim_scientific-american_1860-09-22_3_13	https://archive.org/download/sim_scientific-american_1860-09-22_3_13/sim_scientific-american_1860-09-22_3_13_djvu.txt	?	-
sim_scientific-american_1860-09-29_3_14	https://archive.org/download/sim_scientific-american_1860-09-29_3_14/sim_scientific-american_1860-09-29_3_14_djvu.txt	?	-
sim_scientific-american_1860-10-06_3_15	https://archive.org/download/sim_scientific-american_1860-10-06_3_15/sim_scientific-american_1860-10-06_3_15_djvu.txt	?	-
sim_scientific-american_1860-10-13_3_16	https://archive.org/download/sim_scientific-american_1860-10-13_3_16/sim_scientific-american_1860-10-13_3_16_djvu.txt	?	-
sim_scientific-american_1860-10-20_3_17	https://archive.org/download/sim_scientific-american_1860-10-20_3_17/sim_scientific-american_1860-10-20_3_17_djvu.txt	?	-
sim_scientific-american_1860-10-27_3_18	https://archive.org/download/sim_scientific-american_1860-10-27_3_18/sim_scientific-american_1860-10-27_3_18_djvu.txt	?	-
sim_scientific-american_1860-11-03_3_19	https://archive.org/download/sim_scientific-american_1860-11-03_3_19/sim_scientific-american_1860-11-03_3_19_djvu.txt	?	-
sim_scientific-american_1860-11-10_3_20	https://archive.org/download/sim_scientific-american_1860-11-10_3_20/sim_scientific-american_1860-11-10_3_20_djvu.txt	?	-
sim_scientific-american_1860-11-17_3_21	https://archive.org/download/sim_scientific-american_1860-11-17_3_21/sim_scientific-american_1860-11-17_3_21_djvu.txt	?	-
sim_scientific-american_1860-11-24_3_22	https://archive.org/download/sim_scientific-american_1860-11-24_3_22/sim_scientific-american_1860-11-24_3_22_djvu.txt	?	-
sim_scientific-american_1860-12-01_3_23	https://archive.org/download/sim_scientific-american_1860-12-01_3_23/sim_scientific-american_1860-12-01_3_23_djvu.txt	?	-
sim_scientific-american_1860-12-08_3_24	https://archive.org/download/sim_scientific-american_1860-12-08_3_24/sim_scientific-american_1860-12-08_3_24_djvu.txt	?	-
sim_scientific-american_1860-12-15_3_25	https://archive.org/download/sim_scientific-american_1860-12-15_3_25/sim_scientific-american_1860-12-15_3_25_djvu.txt	?	-
sim_scientific-american_1860-12-22_3_26	https://archive.org/download/sim_scientific-american_1860-12-22_3_26/sim_scientific-american_1860-12-22_3_26_djvu.txt	?	-
sim_scientific-american_1860_2_index	https://archive.org/download/sim_scientific-american_1860_2_index/sim_scientific-american_1860_2_index_djvu.txt	?	-
sim_scientific-american_1860_3_index	https://archive.org/download/sim_scientific-american_1860_3_index/sim_scientific-american_1860_3_index_djvu.txt	?	-
sim_scientific-american_1861-01-05_4_1	https://archive.org/download/sim_scientific-american_1861-01-05_4_1/sim_scientific-american_1861-01-05_4_1_djvu.txt	?	-
sim_scientific-american_1861-01-12_4_2	https://archive.org/download/sim_scientific-american_1861-01-12_4_2/sim_scientific-american_1861-01-12_4_2_djvu.txt	?	-
sim_scientific-american_1861-01-19_4_3	https://archive.org/download/sim_scientific-american_1861-01-19_4_3/sim_scientific-american_1861-01-19_4_3_djvu.txt	?	-
sim_scientific-american_1861-01-26_4_4	https://archive.org/download/sim_scientific-american_1861-01-26_4_4/sim_scientific-american_1861-01-26_4_4_djvu.txt	?	-
sim_scientific-american_1861-02-02_4_5	https://archive.org/download/sim_scientific-american_1861-02-02_4_5/sim_scientific-american_1861-02-02_4_5_djvu.txt	?	-
sim_scientific-american_1861-02-09_4_6	https://archive.org/download/sim_scientific-american_1861-02-09_4_6/sim_scientific-american_1861-02-09_4_6_djvu.txt	?	-
sim_scientific-american_1861-02-16_4_7	https://archive.org/download/sim_scientific-american_1861-02-16_4_7/sim_scientific-american_1861-02-16_4_7_djvu.txt	?	-
sim_scientific-american_1861-02-23_4_8	https://archive.org/download/sim_scientific-american_1861-02-23_4_8/sim_scientific-american_1861-02-23_4_8_djvu.txt	?	-
sim_scientific-american_1861-03-02_4_9	https://archive.org/download/sim_scientific-american_1861-03-02_4_9/sim_scientific-american_1861-03-02_4_9_djvu.txt	?	-
sim_scientific-american_1861-03-09_4_10	https://archive.org/download/sim_scientific-american_1861-03-09_4_10/sim_scientific-american_1861-03-09_4_10_djvu.txt	?	-
sim_scientific-american_1861-03-16_4_11	https://archive.org/download/sim_scientific-american_1861-03-16_4_11/sim_scientific-american_1861-03-16_4_11_djvu.txt	?	-
sim_scientific-american_1861-03-23_4_12	https://archive.org/download/sim_scientific-american_1861-03-23_4_12/sim_scientific-american_1861-03-23_4_12_djvu.txt	?	-
sim_scientific-american_1861-03-30_4_13	https://archive.org/download/sim_scientific-american_1861-03-30_4_13/sim_scientific-american_1861-03-30_4_13_djvu.txt	?	-
sim_scientific-american_1861-04-06_4_14	https://archive.org/download/sim_scientific-american_1861-04-06_4_14/sim_scientific-american_1861-04-06_4_14_djvu.txt	?	-
sim_scientific-american_1861-04-13_4_15	https://archive.org/download/sim_scientific-american_1861-04-13_4_15/sim_scientific-american_1861-04-13_4_15_djvu.txt	?	-
sim_scientific-american_1861-04-20_4_16	https://archive.org/download/sim_scientific-american_1861-04-20_4_16/sim_scientific-american_1861-04-20_4_16_djvu.txt	?	-
sim_scientific-american_1861-04-27_4_17	https://archive.org/download/sim_scientific-american_1861-04-27_4_17/sim_scientific-american_1861-04-27_4_17_djvu.txt	?	-
sim_scientific-american_1861-05-04_4_18	https://archive.org/download/sim_scientific-american_1861-05-04_4_18/sim_scientific-american_1861-05-04_4_18_djvu.txt	?	-
sim_scientific-american_1861-05-11_4_19	https://archive.org/download/sim_scientific-american_1861-05-11_4_19/sim_scientific-american_1861-05-11_4_19_djvu.txt	?	-
sim_scientific-american_1861-05-18_4_20	https://archive.org/download/sim_scientific-american_1861-05-18_4_20/sim_scientific-american_1861-05-18_4_20_djvu.txt	?	-
sim_scientific-american_1861-05-25_4_21	https://archive.org/download/sim_scientific-american_1861-05-25_4_21/sim_scientific-american_1861-05-25_4_21_djvu.txt	?	-
sim_scientific-american_1861-06-01_4_22	https://archive.org/download/sim_scientific-american_1861-06-01_4_22/sim_scientific-american_1861-06-01_4_22_djvu.txt	?	-
sim_scientific-american_1861-06-08_4_23	https://archive.org/download/sim_scientific-american_1861-06-08_4_23/sim_scientific-american_1861-06-08_4_23_djvu.txt	?	-
sim_scientific-american_1861-06-15_4_24	https://archive.org/download/sim_scientific-american_1861-06-15_4_24/sim_scientific-american_1861-06-15_4_24_djvu.txt	?	-
sim_scientific-american_1861-06-22_4_25	https://archive.org/download/sim_scientific-american_1861-06-22_4_25/sim_scientific-american_1861-06-22_4_25_djvu.txt	?	-
sim_scientific-american_1861-06-29_4_26	https://archive.org/download/sim_scientific-american_1861-06-29_4_26/sim_scientific-american_1861-06-29_4_26_djvu.txt	?	-
sim_scientific-american_1861-07-06_5_1	https://archive.org/download/sim_scientific-american_1861-07-06_5_1/sim_scientific-american_1861-07-06_5_1_djvu.txt	?	-
sim_scientific-american_1861-07-13_5_2	https://archive.org/download/sim_scientific-american_1861-07-13_5_2/sim_scientific-american_1861-07-13_5_2_djvu.txt	?	-
sim_scientific-american_1861-07-20_5_3	https://archive.org/download/sim_scientific-american_1861-07-20_5_3/sim_scientific-american_1861-07-20_5_3_djvu.txt	?	-
sim_scientific-american_1861-07-27_5_4	https://archive.org/download/sim_scientific-american_1861-07-27_5_4/sim_scientific-american_1861-07-27_5_4_djvu.txt	?	-
sim_scientific-american_1861-08-03_5_5	https://archive.org/download/sim_scientific-american_1861-08-03_5_5/sim_scientific-american_1861-08-03_5_5_djvu.txt	?	-
sim_scientific-american_1861-08-10_5_6	https://archive.org/download/sim_scientific-american_1861-08-10_5_6/sim_scientific-american_1861-08-10_5_6_djvu.txt	?	-
sim_scientific-american_1861-08-17_5_7	https://archive.org/download/sim_scientific-american_1861-08-17_5_7/sim_scientific-american_1861-08-17_5_7_djvu.txt	?	-
sim_scientific-american_1861-08-24_5_8	https://archive.org/download/sim_scientific-american_1861-08-24_5_8/sim_scientific-american_1861-08-24_5_8_djvu.txt	?	-
sim_scientific-american_1861-08-31_5_9	https://archive.org/download/sim_scientific-american_1861-08-31_5_9/sim_scientific-american_1861-08-31_5_9_djvu.txt	?	-
sim_scientific-american_1861-09-07_5_10	https://archive.org/download/sim_scientific-american_1861-09-07_5_10/sim_scientific-american_1861-09-07_5_10_djvu.txt	?	-
sim_scientific-american_1861-09-14_5_11	https://archive.org/download/sim_scientific-american_1861-09-14_5_11/sim_scientific-american_1861-09-14_5_11_djvu.txt	?	-
sim_scientific-american_1861-09-21_5_12	https://archive.org/download/sim_scientific-american_1861-09-21_5_12/sim_scientific-american_1861-09-21_5_12_djvu.txt	?	-
sim_scientific-american_1861-09-28_5_13	https://archive.org/download/sim_scientific-american_1861-09-28_5_13/sim_scientific-american_1861-09-28_5_13_djvu.txt	?	-
sim_scientific-american_1861-10-05_5_14	https://archive.org/download/sim_scientific-american_1861-10-05_5_14/sim_scientific-american_1861-10-05_5_14_djvu.txt	?	-
sim_scientific-american_1861-10-12_5_15	https://archive.org/download/sim_scientific-american_1861-10-12_5_15/sim_scientific-american_1861-10-12_5_15_djvu.txt	?	-
sim_scientific-american_1861-10-19_5_16	https://archive.org/download/sim_scientific-american_1861-10-19_5_16/sim_scientific-american_1861-10-19_5_16_djvu.txt	?	-
sim_scientific-american_1861-10-26_5_17	https://archive.org/download/sim_scientific-american_1861-10-26_5_17/sim_scientific-american_1861-10-26_5_17_djvu.txt	?	-
sim_scientific-american_1861-11-02_5_18	https://archive.org/download/sim_scientific-american_1861-11-02_5_18/sim_scientific-american_1861-11-02_5_18_djvu.txt	?	-
sim_scientific-american_1861-11-09_5_19	https://archive.org/download/sim_scientific-american_1861-11-09_5_19/sim_scientific-american_1861-11-09_5_19_djvu.txt	?	-
sim_scientific-american_1861-11-16_5_20	https://archive.org/download/sim_scientific-american_1861-11-16_5_20/sim_scientific-american_1861-11-16_5_20_djvu.txt	?	-
sim_scientific-american_1861-11-23_5_21	https://archive.org/download/sim_scientific-american_1861-11-23_5_21/sim_scientific-american_1861-11-23_5_21_djvu.txt	?	-
sim_scientific-american_1861-11-30_5_22	https://archive.org/download/sim_scientific-american_1861-11-30_5_22/sim_scientific-american_1861-11-30_5_22_djvu.txt	?	-
sim_scientific-american_1861-12-07_5_23	https://archive.org/download/sim_scientific-american_1861-12-07_5_23/sim_scientific-american_1861-12-07_5_23_djvu.txt	?	-
sim_scientific-american_1861-12-14_5_24	https://archive.org/download/sim_scientific-american_1861-12-14_5_24/sim_scientific-american_1861-12-14_5_24_djvu.txt	?	-
sim_scientific-american_1861-12-21_5_25	https://archive.org/download/sim_scientific-american_1861-12-21_5_25/sim_scientific-american_1861-12-21_5_25_djvu.txt	?	-
sim_scientific-american_1861-12-28_5_26	https://archive.org/download/sim_scientific-american_1861-12-28_5_26/sim_scientific-american_1861-12-28_5_26_djvu.txt	?	-
sim_scientific-american_1861_4_index	https://archive.org/download/sim_scientific-american_1861_4_index/sim_scientific-american_1861_4_index_djvu.txt	?	-
sim_scientific-american_1861_5_index	https://archive.org/download/sim_scientific-american_1861_5_index/sim_scientific-american_1861_5_index_djvu.txt	?	-
sim_scientific-american_1862-01-04_6_1	https://archive.org/download/sim_scientific-american_1862-01-04_6_1/sim_scientific-american_1862-01-04_6_1_djvu.txt	?	-
sim_scientific-american_1862-01-11_6_2	https://archive.org/download/sim_scientific-american_1862-01-11_6_2/sim_scientific-american_1862-01-11_6_2_djvu.txt	?	-
sim_scientific-american_1862-01-18_6_3	https://archive.org/download/sim_scientific-american_1862-01-18_6_3/sim_scientific-american_1862-01-18_6_3_djvu.txt	?	-
sim_scientific-american_1862-01-25_6_4	https://archive.org/download/sim_scientific-american_1862-01-25_6_4/sim_scientific-american_1862-01-25_6_4_djvu.txt	?	-
sim_scientific-american_1862-02-01_6_5	https://archive.org/download/sim_scientific-american_1862-02-01_6_5/sim_scientific-american_1862-02-01_6_5_djvu.txt	?	-
sim_scientific-american_1862-02-08_6_6	https://archive.org/download/sim_scientific-american_1862-02-08_6_6/sim_scientific-american_1862-02-08_6_6_djvu.txt	?	-
sim_scientific-american_1862-02-15_6_7	https://archive.org/download/sim_scientific-american_1862-02-15_6_7/sim_scientific-american_1862-02-15_6_7_djvu.txt	?	-
sim_scientific-american_1862-02-22_6_8	https://archive.org/download/sim_scientific-american_1862-02-22_6_8/sim_scientific-american_1862-02-22_6_8_djvu.txt	?	-
sim_scientific-american_1862-03-01_6_9	https://archive.org/download/sim_scientific-american_1862-03-01_6_9/sim_scientific-american_1862-03-01_6_9_djvu.txt	?	-
sim_scientific-american_1862-03-08_6_10	https://archive.org/download/sim_scientific-american_1862-03-08_6_10/sim_scientific-american_1862-03-08_6_10_djvu.txt	?	-
sim_scientific-american_1862-03-15_6_11	https://archive.org/download/sim_scientific-american_1862-03-15_6_11/sim_scientific-american_1862-03-15_6_11_djvu.txt	?	-
sim_scientific-american_1862-03-22_6_12	https://archive.org/download/sim_scientific-american_1862-03-22_6_12/sim_scientific-american_1862-03-22_6_12_djvu.txt	?	-
sim_scientific-american_1862-03-29_6_13	https://archive.org/download/sim_scientific-american_1862-03-29_6_13/sim_scientific-american_1862-03-29_6_13_djvu.txt	?	-
sim_scientific-american_1862-04-05_6_14	https://archive.org/download/sim_scientific-american_1862-04-05_6_14/sim_scientific-american_1862-04-05_6_14_djvu.txt	?	-
sim_scientific-american_1862-04-12_6_15	https://archive.org/download/sim_scientific-american_1862-04-12_6_15/sim_scientific-american_1862-04-12_6_15_djvu.txt	?	-
sim_scientific-american_1862-04-19_6_16	https://archive.org/download/sim_scientific-american_1862-04-19_6_16/sim_scientific-american_1862-04-19_6_16_djvu.txt	?	-
sim_scientific-american_1862-04-26_6_17	https://archive.org/download/sim_scientific-american_1862-04-26_6_17/sim_scientific-american_1862-04-26_6_17_djvu.txt	?	-
sim_scientific-american_1862-05-03_6_18	https://archive.org/download/sim_scientific-american_1862-05-03_6_18/sim_scientific-american_1862-05-03_6_18_djvu.txt	?	-
sim_scientific-american_1862-05-10_6_19	https://archive.org/download/sim_scientific-american_1862-05-10_6_19/sim_scientific-american_1862-05-10_6_19_djvu.txt	?	-
sim_scientific-american_1862-05-17_6_20	https://archive.org/download/sim_scientific-american_1862-05-17_6_20/sim_scientific-american_1862-05-17_6_20_djvu.txt	?	-
sim_scientific-american_1862-05-24_6_21	https://archive.org/download/sim_scientific-american_1862-05-24_6_21/sim_scientific-american_1862-05-24_6_21_djvu.txt	?	-
sim_scientific-american_1862-05-31_6_22	https://archive.org/download/sim_scientific-american_1862-05-31_6_22/sim_scientific-american_1862-05-31_6_22_djvu.txt	?	-
sim_scientific-american_1862-06-07_6_23	https://archive.org/download/sim_scientific-american_1862-06-07_6_23/sim_scientific-american_1862-06-07_6_23_djvu.txt	?	-
sim_scientific-american_1862-06-14_6_24	https://archive.org/download/sim_scientific-american_1862-06-14_6_24/sim_scientific-american_1862-06-14_6_24_djvu.txt	?	-
sim_scientific-american_1862-06-21_6_25	https://archive.org/download/sim_scientific-american_1862-06-21_6_25/sim_scientific-american_1862-06-21_6_25_djvu.txt	?	-
sim_scientific-american_1862-06-28_6_26	https://archive.org/download/sim_scientific-american_1862-06-28_6_26/sim_scientific-american_1862-06-28_6_26_djvu.txt	?	-
sim_scientific-american_1862-07-05_7_1	https://archive.org/download/sim_scientific-american_1862-07-05_7_1/sim_scientific-american_1862-07-05_7_1_djvu.txt	?	-
sim_scientific-american_1862-07-12_7_2	https://archive.org/download/sim_scientific-american_1862-07-12_7_2/sim_scientific-american_1862-07-12_7_2_djvu.txt	?	-
sim_scientific-american_1862-07-19_7_3	https://archive.org/download/sim_scientific-american_1862-07-19_7_3/sim_scientific-american_1862-07-19_7_3_djvu.txt	?	-
sim_scientific-american_1862-07-26_7_4	https://archive.org/download/sim_scientific-american_1862-07-26_7_4/sim_scientific-american_1862-07-26_7_4_djvu.txt	?	-
sim_scientific-american_1862-08-02_7_5	https://archive.org/download/sim_scientific-american_1862-08-02_7_5/sim_scientific-american_1862-08-02_7_5_djvu.txt	?	-
sim_scientific-american_1862-08-09_7_6	https://archive.org/download/sim_scientific-american_1862-08-09_7_6/sim_scientific-american_1862-08-09_7_6_djvu.txt	?	-
sim_scientific-american_1862-08-16_7_7	https://archive.org/download/sim_scientific-american_1862-08-16_7_7/sim_scientific-american_1862-08-16_7_7_djvu.txt	?	-
sim_scientific-american_1862-08-23_7_8	https://archive.org/download/sim_scientific-american_1862-08-23_7_8/sim_scientific-american_1862-08-23_7_8_djvu.txt	?	-
sim_scientific-american_1862-08-30_7_9	https://archive.org/download/sim_scientific-american_1862-08-30_7_9/sim_scientific-american_1862-08-30_7_9_djvu.txt	?	-
sim_scientific-american_1862-09-06_7_10	https://archive.org/download/sim_scientific-american_1862-09-06_7_10/sim_scientific-american_1862-09-06_7_10_djvu.txt	?	-
sim_scientific-american_1862-09-13_7_11	https://archive.org/download/sim_scientific-american_1862-09-13_7_11/sim_scientific-american_1862-09-13_7_11_djvu.txt	?	-
sim_scientific-american_1862-09-20_7_12	https://archive.org/download/sim_scientific-american_1862-09-20_7_12/sim_scientific-american_1862-09-20_7_12_djvu.txt	?	-
sim_scientific-american_1862-09-27_7_13	https://archive.org/download/sim_scientific-american_1862-09-27_7_13/sim_scientific-american_1862-09-27_7_13_djvu.txt	?	-
sim_scientific-american_1862-10-04_7_14	https://archive.org/download/sim_scientific-american_1862-10-04_7_14/sim_scientific-american_1862-10-04_7_14_djvu.txt	?	-
sim_scientific-american_1862-10-11_7_15	https://archive.org/download/sim_scientific-american_1862-10-11_7_15/sim_scientific-american_1862-10-11_7_15_djvu.txt	?	-
sim_scientific-american_1862-10-18_7_16	https://archive.org/download/sim_scientific-american_1862-10-18_7_16/sim_scientific-american_1862-10-18_7_16_djvu.txt	?	-
sim_scientific-american_1862-10-25_7_17	https://archive.org/download/sim_scientific-american_1862-10-25_7_17/sim_scientific-american_1862-10-25_7_17_djvu.txt	?	-
sim_scientific-american_1862-11-01_7_18	https://archive.org/download/sim_scientific-american_1862-11-01_7_18/sim_scientific-american_1862-11-01_7_18_djvu.txt	?	-
sim_scientific-american_1862-11-08_7_19	https://archive.org/download/sim_scientific-american_1862-11-08_7_19/sim_scientific-american_1862-11-08_7_19_djvu.txt	?	-
sim_scientific-american_1862-11-15_7_20	https://archive.org/download/sim_scientific-american_1862-11-15_7_20/sim_scientific-american_1862-11-15_7_20_djvu.txt	?	-
sim_scientific-american_1862-11-22_7_21	https://archive.org/download/sim_scientific-american_1862-11-22_7_21/sim_scientific-american_1862-11-22_7_21_djvu.txt	?	-
sim_scientific-american_1862-11-29_7_22	https://archive.org/download/sim_scientific-american_1862-11-29_7_22/sim_scientific-american_1862-11-29_7_22_djvu.txt	?	-
sim_scientific-american_1862-12-06_7_23	https://archive.org/download/sim_scientific-american_1862-12-06_7_23/sim_scientific-american_1862-12-06_7_23_djvu.txt	?	-
sim_scientific-american_1862-12-13_7_24	https://archive.org/download/sim_scientific-american_1862-12-13_7_24/sim_scientific-american_1862-12-13_7_24_djvu.txt	?	-
sim_scientific-american_1862-12-20_7_25	https://archive.org/download/sim_scientific-american_1862-12-20_7_25/sim_scientific-american_1862-12-20_7_25_djvu.txt	?	-
sim_scientific-american_1862-12-27_7_26	https://archive.org/download/sim_scientific-american_1862-12-27_7_26/sim_scientific-american_1862-12-27_7_26_djvu.txt	?	-
sim_scientific-american_1862_6_index	https://archive.org/download/sim_scientific-american_1862_6_index/sim_scientific-american_1862_6_index_djvu.txt	?	-
sim_scientific-american_1862_7_index	https://archive.org/download/sim_scientific-american_1862_7_index/sim_scientific-american_1862_7_index_djvu.txt	?	-
sim_scientific-american_1863-01-03_8_1	https://archive.org/download/sim_scientific-american_1863-01-03_8_1/sim_scientific-american_1863-01-03_8_1_djvu.txt	?	-
sim_scientific-american_1863-01-10_8_2	https://archive.org/download/sim_scientific-american_1863-01-10_8_2/sim_scientific-american_1863-01-10_8_2_djvu.txt	?	-
sim_scientific-american_1863-01-17_8_3	https://archive.org/download/sim_scientific-american_1863-01-17_8_3/sim_scientific-american_1863-01-17_8_3_djvu.txt	?	-
sim_scientific-american_1863-01-24_8_4	https://archive.org/download/sim_scientific-american_1863-01-24_8_4/sim_scientific-american_1863-01-24_8_4_djvu.txt	?	-
sim_scientific-american_1863-01-31_8_5	https://archive.org/download/sim_scientific-american_1863-01-31_8_5/sim_scientific-american_1863-01-31_8_5_djvu.txt	?	-
sim_scientific-american_1863-02-07_8_6	https://archive.org/download/sim_scientific-american_1863-02-07_8_6/sim_scientific-american_1863-02-07_8_6_djvu.txt	?	-
sim_scientific-american_1863-02-14_8_7	https://archive.org/download/sim_scientific-american_1863-02-14_8_7/sim_scientific-american_1863-02-14_8_7_djvu.txt	?	-
sim_scientific-american_1863-02-21_8_8	https://archive.org/download/sim_scientific-american_1863-02-21_8_8/sim_scientific-american_1863-02-21_8_8_djvu.txt	?	-
sim_scientific-american_1863-02-28_8_9	https://archive.org/download/sim_scientific-american_1863-02-28_8_9/sim_scientific-american_1863-02-28_8_9_djvu.txt	?	-
sim_scientific-american_1863-03-07_8_10	https://archive.org/download/sim_scientific-american_1863-03-07_8_10/sim_scientific-american_1863-03-07_8_10_djvu.txt	?	-
sim_scientific-american_1863-03-14_8_11	https://archive.org/download/sim_scientific-american_1863-03-14_8_11/sim_scientific-american_1863-03-14_8_11_djvu.txt	?	-
sim_scientific-american_1863-03-21_8_12	https://archive.org/download/sim_scientific-american_1863-03-21_8_12/sim_scientific-american_1863-03-21_8_12_djvu.txt	?	-
sim_scientific-american_1863-03-28_8_13	https://archive.org/download/sim_scientific-american_1863-03-28_8_13/sim_scientific-american_1863-03-28_8_13_djvu.txt	?	-
sim_scientific-american_1863-04-04_8_14	https://archive.org/download/sim_scientific-american_1863-04-04_8_14/sim_scientific-american_1863-04-04_8_14_djvu.txt	?	-
sim_scientific-american_1863-04-11_8_15	https://archive.org/download/sim_scientific-american_1863-04-11_8_15/sim_scientific-american_1863-04-11_8_15_djvu.txt	?	-
sim_scientific-american_1863-04-18_8_16	https://archive.org/download/sim_scientific-american_1863-04-18_8_16/sim_scientific-american_1863-04-18_8_16_djvu.txt	?	-
sim_scientific-american_1863-04-25_8_17	https://archive.org/download/sim_scientific-american_1863-04-25_8_17/sim_scientific-american_1863-04-25_8_17_djvu.txt	?	-
sim_scientific-american_1863-05-02_8_18	https://archive.org/download/sim_scientific-american_1863-05-02_8_18/sim_scientific-american_1863-05-02_8_18_djvu.txt	?	-
sim_scientific-american_1863-05-09_8_19	https://archive.org/download/sim_scientific-american_1863-05-09_8_19/sim_scientific-american_1863-05-09_8_19_djvu.txt	?	-
sim_scientific-american_1863-05-16_8_20	https://archive.org/download/sim_scientific-american_1863-05-16_8_20/sim_scientific-american_1863-05-16_8_20_djvu.txt	?	-
sim_scientific-american_1863-05-23_8_21	https://archive.org/download/sim_scientific-american_1863-05-23_8_21/sim_scientific-american_1863-05-23_8_21_djvu.txt	?	-
sim_scientific-american_1863-05-30_8_22	https://archive.org/download/sim_scientific-american_1863-05-30_8_22/sim_scientific-american_1863-05-30_8_22_djvu.txt	?	-
sim_scientific-american_1863-06-06_8_23	https://archive.org/download/sim_scientific-american_1863-06-06_8_23/sim_scientific-american_1863-06-06_8_23_djvu.txt	?	-
sim_scientific-american_1863-06-13_8_24	https://archive.org/download/sim_scientific-american_1863-06-13_8_24/sim_scientific-american_1863-06-13_8_24_djvu.txt	?	-
sim_scientific-american_1863-06-20_8_25	https://archive.org/download/sim_scientific-american_1863-06-20_8_25/sim_scientific-american_1863-06-20_8_25_djvu.txt	?	-
sim_scientific-american_1863-06-27_8_26	https://archive.org/download/sim_scientific-american_1863-06-27_8_26/sim_scientific-american_1863-06-27_8_26_djvu.txt	?	-
sim_scientific-american_1863-07-04_9_1	https://archive.org/download/sim_scientific-american_1863-07-04_9_1/sim_scientific-american_1863-07-04_9_1_djvu.txt	?	-
sim_scientific-american_1863-07-11_9_2	https://archive.org/download/sim_scientific-american_1863-07-11_9_2/sim_scientific-american_1863-07-11_9_2_djvu.txt	?	-
sim_scientific-american_1863-07-18_9_3	https://archive.org/download/sim_scientific-american_1863-07-18_9_3/sim_scientific-american_1863-07-18_9_3_djvu.txt	?	-
sim_scientific-american_1863-07-25_9_4	https://archive.org/download/sim_scientific-american_1863-07-25_9_4/sim_scientific-american_1863-07-25_9_4_djvu.txt	?	-
sim_scientific-american_1863-08-01_9_5	https://archive.org/download/sim_scientific-american_1863-08-01_9_5/sim_scientific-american_1863-08-01_9_5_djvu.txt	?	-
sim_scientific-american_1863-08-08_9_6	https://archive.org/download/sim_scientific-american_1863-08-08_9_6/sim_scientific-american_1863-08-08_9_6_djvu.txt	?	-
sim_scientific-american_1863-08-15_9_7	https://archive.org/download/sim_scientific-american_1863-08-15_9_7/sim_scientific-american_1863-08-15_9_7_djvu.txt	?	-
sim_scientific-american_1863-08-22_9_8	https://archive.org/download/sim_scientific-american_1863-08-22_9_8/sim_scientific-american_1863-08-22_9_8_djvu.txt	?	-
sim_scientific-american_1863-08-29_9_9	https://archive.org/download/sim_scientific-american_1863-08-29_9_9/sim_scientific-american_1863-08-29_9_9_djvu.txt	?	-
sim_scientific-american_1863-09-05_9_10	https://archive.org/download/sim_scientific-american_1863-09-05_9_10/sim_scientific-american_1863-09-05_9_10_djvu.txt	?	-
sim_scientific-american_1863-09-12_9_11	https://archive.org/download/sim_scientific-american_1863-09-12_9_11/sim_scientific-american_1863-09-12_9_11_djvu.txt	?	-
sim_scientific-american_1863-09-19_9_12	https://archive.org/download/sim_scientific-american_1863-09-19_9_12/sim_scientific-american_1863-09-19_9_12_djvu.txt	?	-
sim_scientific-american_1863-09-26_9_13	https://archive.org/download/sim_scientific-american_1863-09-26_9_13/sim_scientific-american_1863-09-26_9_13_djvu.txt	?	-
sim_scientific-american_1863-10-03_9_14	https://archive.org/download/sim_scientific-american_1863-10-03_9_14/sim_scientific-american_1863-10-03_9_14_djvu.txt	?	-
sim_scientific-american_1863-10-10_9_15	https://archive.org/download/sim_scientific-american_1863-10-10_9_15/sim_scientific-american_1863-10-10_9_15_djvu.txt	?	-
sim_scientific-american_1863-10-17_9_16	https://archive.org/download/sim_scientific-american_1863-10-17_9_16/sim_scientific-american_1863-10-17_9_16_djvu.txt	?	-
sim_scientific-american_1863-10-24_9_17	https://archive.org/download/sim_scientific-american_1863-10-24_9_17/sim_scientific-american_1863-10-24_9_17_djvu.txt	?	-
sim_scientific-american_1863-10-31_9_18	https://archive.org/download/sim_scientific-american_1863-10-31_9_18/sim_scientific-american_1863-10-31_9_18_djvu.txt	?	-
sim_scientific-american_1863-11-07_9_19	https://archive.org/download/sim_scientific-american_1863-11-07_9_19/sim_scientific-american_1863-11-07_9_19_djvu.txt	?	-
sim_scientific-american_1863-11-14_9_20	https://archive.org/download/sim_scientific-american_1863-11-14_9_20/sim_scientific-american_1863-11-14_9_20_djvu.txt	?	-
sim_scientific-american_1863-11-21_9_21	https://archive.org/download/sim_scientific-american_1863-11-21_9_21/sim_scientific-american_1863-11-21_9_21_djvu.txt	?	-
sim_scientific-american_1863-11-28_9_22	https://archive.org/download/sim_scientific-american_1863-11-28_9_22/sim_scientific-american_1863-11-28_9_22_djvu.txt	?	-
sim_scientific-american_1863-12-05_9_23	https://archive.org/download/sim_scientific-american_1863-12-05_9_23/sim_scientific-american_1863-12-05_9_23_djvu.txt	?	-
sim_scientific-american_1863-12-12_9_24	https://archive.org/download/sim_scientific-american_1863-12-12_9_24/sim_scientific-american_1863-12-12_9_24_djvu.txt	?	-
sim_scientific-american_1863-12-19_9_25	https://archive.org/download/sim_scientific-american_1863-12-19_9_25/sim_scientific-american_1863-12-19_9_25_djvu.txt	?	-
sim_scientific-american_1863-12-26_9_26	https://archive.org/download/sim_scientific-american_1863-12-26_9_26/sim_scientific-american_1863-12-26_9_26_djvu.txt	?	-
sim_scientific-american_1863_8_index	https://archive.org/download/sim_scientific-american_1863_8_index/sim_scientific-american_1863_8_index_djvu.txt	?	-
sim_scientific-american_1863_9_index	https://archive.org/download/sim_scientific-american_1863_9_index/sim_scientific-american_1863_9_index_djvu.txt	?	-
sim_scientific-american_1864-01-02_10_1	https://archive.org/download/sim_scientific-american_1864-01-02_10_1/sim_scientific-american_1864-01-02_10_1_djvu.txt	?	-
sim_scientific-american_1864-01-09_10_2	https://archive.org/download/sim_scientific-american_1864-01-09_10_2/sim_scientific-american_1864-01-09_10_2_djvu.txt	?	-
sim_scientific-american_1864-01-16_10_3	https://archive.org/download/sim_scientific-american_1864-01-16_10_3/sim_scientific-american_1864-01-16_10_3_djvu.txt	?	-
sim_scientific-american_1864-01-23_10_4	https://archive.org/download/sim_scientific-american_1864-01-23_10_4/sim_scientific-american_1864-01-23_10_4_djvu.txt	?	-
sim_scientific-american_1864-01-30_10_5	https://archive.org/download/sim_scientific-american_1864-01-30_10_5/sim_scientific-american_1864-01-30_10_5_djvu.txt	?	-
sim_scientific-american_1864-02-06_10_6	https://archive.org/download/sim_scientific-american_1864-02-06_10_6/sim_scientific-american_1864-02-06_10_6_djvu.txt	?	-
sim_scientific-american_1864-02-13_10_7	https://archive.org/download/sim_scientific-american_1864-02-13_10_7/sim_scientific-american_1864-02-13_10_7_djvu.txt	?	-
sim_scientific-american_1864-02-20_10_8	https://archive.org/download/sim_scientific-american_1864-02-20_10_8/sim_scientific-american_1864-02-20_10_8_djvu.txt	?	-
sim_scientific-american_1864-02-27_10_9	https://archive.org/download/sim_scientific-american_1864-02-27_10_9/sim_scientific-american_1864-02-27_10_9_djvu.txt	?	-
sim_scientific-american_1864-03-05_10_10	https://archive.org/download/sim_scientific-american_1864-03-05_10_10/sim_scientific-american_1864-03-05_10_10_djvu.txt	?	-
sim_scientific-american_1864-03-12_10_11	https://archive.org/download/sim_scientific-american_1864-03-12_10_11/sim_scientific-american_1864-03-12_10_11_djvu.txt	?	-
sim_scientific-american_1864-03-19_10_12	https://archive.org/download/sim_scientific-american_1864-03-19_10_12/sim_scientific-american_1864-03-19_10_12_djvu.txt	?	-
sim_scientific-american_1864-03-26_10_13	https://archive.org/download/sim_scientific-american_1864-03-26_10_13/sim_scientific-american_1864-03-26_10_13_djvu.txt	?	-
sim_scientific-american_1864-04-02_10_14	https://archive.org/download/sim_scientific-american_1864-04-02_10_14/sim_scientific-american_1864-04-02_10_14_djvu.txt	?	-
sim_scientific-american_1864-04-09_10_15	https://archive.org/download/sim_scientific-american_1864-04-09_10_15/sim_scientific-american_1864-04-09_10_15_djvu.txt	?	-
sim_scientific-american_1864-04-16_10_16	https://archive.org/download/sim_scientific-american_1864-04-16_10_16/sim_scientific-american_1864-04-16_10_16_djvu.txt	?	-
sim_scientific-american_1864-04-23_10_17	https://archive.org/download/sim_scientific-american_1864-04-23_10_17/sim_scientific-american_1864-04-23_10_17_djvu.txt	?	-
sim_scientific-american_1864-04-30_10_18	https://archive.org/download/sim_scientific-american_1864-04-30_10_18/sim_scientific-american_1864-04-30_10_18_djvu.txt	?	-
sim_scientific-american_1864-05-07_10_19	https://archive.org/download/sim_scientific-american_1864-05-07_10_19/sim_scientific-american_1864-05-07_10_19_djvu.txt	?	-
sim_scientific-american_1864-05-14_10_20	https://archive.org/download/sim_scientific-american_1864-05-14_10_20/sim_scientific-american_1864-05-14_10_20_djvu.txt	?	-
sim_scientific-american_1864-05-21_10_21	https://archive.org/download/sim_scientific-american_1864-05-21_10_21/sim_scientific-american_1864-05-21_10_21_djvu.txt	?	-
sim_scientific-american_1864-05-28_10_22	https://archive.org/download/sim_scientific-american_1864-05-28_10_22/sim_scientific-american_1864-05-28_10_22_djvu.txt	?	-
sim_scientific-american_1864-06-04_10_23	https://archive.org/download/sim_scientific-american_1864-06-04_10_23/sim_scientific-american_1864-06-04_10_23_djvu.txt	?	-
sim_scientific-american_1864-06-11_10_24	https://archive.org/download/sim_scientific-american_1864-06-11_10_24/sim_scientific-american_1864-06-11_10_24_djvu.txt	?	-
sim_scientific-american_1864-06-18_10_25	https://archive.org/download/sim_scientific-american_1864-06-18_10_25/sim_scientific-american_1864-06-18_10_25_djvu.txt	?	-
sim_scientific-american_1864-06-25_10_26	https://archive.org/download/sim_scientific-american_1864-06-25_10_26/sim_scientific-american_1864-06-25_10_26_djvu.txt	?	-
sim_scientific-american_1864-07-02_11_1	https://archive.org/download/sim_scientific-american_1864-07-02_11_1/sim_scientific-american_1864-07-02_11_1_djvu.txt	?	-
sim_scientific-american_1864-07-09_11_2	https://archive.org/download/sim_scientific-american_1864-07-09_11_2/sim_scientific-american_1864-07-09_11_2_djvu.txt	?	-
sim_scientific-american_1864-07-16_11_3	https://archive.org/download/sim_scientific-american_1864-07-16_11_3/sim_scientific-american_1864-07-16_11_3_djvu.txt	?	-
sim_scientific-american_1864-07-23_11_4	https://archive.org/download/sim_scientific-american_1864-07-23_11_4/sim_scientific-american_1864-07-23_11_4_djvu.txt	?	-
sim_scientific-american_1864-07-30_11_5	https://archive.org/download/sim_scientific-american_1864-07-30_11_5/sim_scientific-american_1864-07-30_11_5_djvu.txt	?	-
sim_scientific-american_1864-08-06_11_6	https://archive.org/download/sim_scientific-american_1864-08-06_11_6/sim_scientific-american_1864-08-06_11_6_djvu.txt	?	-
sim_scientific-american_1864-08-13_11_7	https://archive.org/download/sim_scientific-american_1864-08-13_11_7/sim_scientific-american_1864-08-13_11_7_djvu.txt	?	-
sim_scientific-american_1864-08-20_11_8	https://archive.org/download/sim_scientific-american_1864-08-20_11_8/sim_scientific-american_1864-08-20_11_8_djvu.txt	?	-
sim_scientific-american_1864-08-27_11_9	https://archive.org/download/sim_scientific-american_1864-08-27_11_9/sim_scientific-american_1864-08-27_11_9_djvu.txt	?	-
sim_scientific-american_1864-09-03_11_10	https://archive.org/download/sim_scientific-american_1864-09-03_11_10/sim_scientific-american_1864-09-03_11_10_djvu.txt	?	-
sim_scientific-american_1864-09-10_11_11	https://archive.org/download/sim_scientific-american_1864-09-10_11_11/sim_scientific-american_1864-09-10_11_11_djvu.txt	?	-
sim_scientific-american_1864-09-17_11_12	https://archive.org/download/sim_scientific-american_1864-09-17_11_12/sim_scientific-american_1864-09-17_11_12_djvu.txt	?	-
sim_scientific-american_1864-09-24_11_13	https://archive.org/download/sim_scientific-american_1864-09-24_11_13/sim_scientific-american_1864-09-24_11_13_djvu.txt	?	-
sim_scientific-american_1864-10-01_11_14	https://archive.org/download/sim_scientific-american_1864-10-01_11_14/sim_scientific-american_1864-10-01_11_14_djvu.txt	?	-
sim_scientific-american_1864-10-08_11_15	https://archive.org/download/sim_scientific-american_1864-10-08_11_15/sim_scientific-american_1864-10-08_11_15_djvu.txt	?	-
sim_scientific-american_1864-10-15_11_16	https://archive.org/download/sim_scientific-american_1864-10-15_11_16/sim_scientific-american_1864-10-15_11_16_djvu.txt	?	-
sim_scientific-american_1864-10-22_11_17	https://archive.org/download/sim_scientific-american_1864-10-22_11_17/sim_scientific-american_1864-10-22_11_17_djvu.txt	?	-
sim_scientific-american_1864-10-29_11_18	https://archive.org/download/sim_scientific-american_1864-10-29_11_18/sim_scientific-american_1864-10-29_11_18_djvu.txt	?	-
sim_scientific-american_1864-11-05_11_19	https://archive.org/download/sim_scientific-american_1864-11-05_11_19/sim_scientific-american_1864-11-05_11_19_djvu.txt	?	-
sim_scientific-american_1864-11-12_11_20	https://archive.org/download/sim_scientific-american_1864-11-12_11_20/sim_scientific-american_1864-11-12_11_20_djvu.txt	?	-
sim_scientific-american_1864-11-19_11_21	https://archive.org/download/sim_scientific-american_1864-11-19_11_21/sim_scientific-american_1864-11-19_11_21_djvu.txt	?	-
sim_scientific-american_1864-11-26_11_22	https://archive.org/download/sim_scientific-american_1864-11-26_11_22/sim_scientific-american_1864-11-26_11_22_djvu.txt	?	-
sim_scientific-american_1864-12-03_11_23	https://archive.org/download/sim_scientific-american_1864-12-03_11_23/sim_scientific-american_1864-12-03_11_23_djvu.txt	?	-
sim_scientific-american_1864-12-10_11_24	https://archive.org/download/sim_scientific-american_1864-12-10_11_24/sim_scientific-american_1864-12-10_11_24_djvu.txt	?	-
sim_scientific-american_1864-12-17_11_25	https://archive.org/download/sim_scientific-american_1864-12-17_11_25/sim_scientific-american_1864-12-17_11_25_djvu.txt	?	-
sim_scientific-american_1864-12-24_11_26	https://archive.org/download/sim_scientific-american_1864-12-24_11_26/sim_scientific-american_1864-12-24_11_26_djvu.txt	?	-
sim_scientific-american_1864_10_index	https://archive.org/download/sim_scientific-american_1864_10_index/sim_scientific-american_1864_10_index_djvu.txt	?	-
sim_scientific-american_1864_11_index	https://archive.org/download/sim_scientific-american_1864_11_index/sim_scientific-american_1864_11_index_djvu.txt	?	-
sim_scientific-american_1865-01-02_12_1	https://archive.org/download/sim_scientific-american_1865-01-02_12_1/sim_scientific-american_1865-01-02_12_1_djvu.txt	?	-
sim_scientific-american_1865-01-09_12_2	https://archive.org/download/sim_scientific-american_1865-01-09_12_2/sim_scientific-american_1865-01-09_12_2_djvu.txt	?	-
sim_scientific-american_1865-01-14_12_3	https://archive.org/download/sim_scientific-american_1865-01-14_12_3/sim_scientific-american_1865-01-14_12_3_djvu.txt	?	-
sim_scientific-american_1865-01-21_12_4	https://archive.org/download/sim_scientific-american_1865-01-21_12_4/sim_scientific-american_1865-01-21_12_4_djvu.txt	?	-
sim_scientific-american_1865-01-28_12_5	https://archive.org/download/sim_scientific-american_1865-01-28_12_5/sim_scientific-american_1865-01-28_12_5_djvu.txt	?	-
sim_scientific-american_1865-02-04_12_6	https://archive.org/download/sim_scientific-american_1865-02-04_12_6/sim_scientific-american_1865-02-04_12_6_djvu.txt	?	-
sim_scientific-american_1865-02-11_12_7	https://archive.org/download/sim_scientific-american_1865-02-11_12_7/sim_scientific-american_1865-02-11_12_7_djvu.txt	?	-
sim_scientific-american_1865-02-18_12_8	https://archive.org/download/sim_scientific-american_1865-02-18_12_8/sim_scientific-american_1865-02-18_12_8_djvu.txt	?	-
sim_scientific-american_1865-02-25_12_9	https://archive.org/download/sim_scientific-american_1865-02-25_12_9/sim_scientific-american_1865-02-25_12_9_djvu.txt	?	-
sim_scientific-american_1865-03-04_12_10	https://archive.org/download/sim_scientific-american_1865-03-04_12_10/sim_scientific-american_1865-03-04_12_10_djvu.txt	?	-
sim_scientific-american_1865-03-11_12_11	https://archive.org/download/sim_scientific-american_1865-03-11_12_11/sim_scientific-american_1865-03-11_12_11_djvu.txt	?	-
sim_scientific-american_1865-03-18_12_12	https://archive.org/download/sim_scientific-american_1865-03-18_12_12/sim_scientific-american_1865-03-18_12_12_djvu.txt	?	-
sim_scientific-american_1865-03-25_12_13	https://archive.org/download/sim_scientific-american_1865-03-25_12_13/sim_scientific-american_1865-03-25_12_13_djvu.txt	?	-
sim_scientific-american_1865-04-01_12_14	https://archive.org/download/sim_scientific-american_1865-04-01_12_14/sim_scientific-american_1865-04-01_12_14_djvu.txt	?	-
sim_scientific-american_1865-04-08_12_15	https://archive.org/download/sim_scientific-american_1865-04-08_12_15/sim_scientific-american_1865-04-08_12_15_djvu.txt	?	-
sim_scientific-american_1865-04-15_12_16	https://archive.org/download/sim_scientific-american_1865-04-15_12_16/sim_scientific-american_1865-04-15_12_16_djvu.txt	?	-
sim_scientific-american_1865-04-22_12_17	https://archive.org/download/sim_scientific-american_1865-04-22_12_17/sim_scientific-american_1865-04-22_12_17_djvu.txt	?	-
sim_scientific-american_1865-04-29_12_18	https://archive.org/download/sim_scientific-american_1865-04-29_12_18/sim_scientific-american_1865-04-29_12_18_djvu.txt	?	-
sim_scientific-american_1865-05-06_12_19	https://archive.org/download/sim_scientific-american_1865-05-06_12_19/sim_scientific-american_1865-05-06_12_19_djvu.txt	?	-
sim_scientific-american_1865-05-13_12_20	https://archive.org/download/sim_scientific-american_1865-05-13_12_20/sim_scientific-american_1865-05-13_12_20_djvu.txt	?	-
sim_scientific-american_1865-05-20_12_21	https://archive.org/download/sim_scientific-american_1865-05-20_12_21/sim_scientific-american_1865-05-20_12_21_djvu.txt	?	-
sim_scientific-american_1865-05-27_12_22	https://archive.org/download/sim_scientific-american_1865-05-27_12_22/sim_scientific-american_1865-05-27_12_22_djvu.txt	?	-
sim_scientific-american_1865-06-03_12_23	https://archive.org/download/sim_scientific-american_1865-06-03_12_23/sim_scientific-american_1865-06-03_12_23_djvu.txt	?	-
sim_scientific-american_1865-06-10_12_24	https://archive.org/download/sim_scientific-american_1865-06-10_12_24/sim_scientific-american_1865-06-10_12_24_djvu.txt	?	-
sim_scientific-american_1865-06-17_12_25	https://archive.org/download/sim_scientific-american_1865-06-17_12_25/sim_scientific-american_1865-06-17_12_25_djvu.txt	?	-
sim_scientific-american_1865-06-24_12_26	https://archive.org/download/sim_scientific-american_1865-06-24_12_26/sim_scientific-american_1865-06-24_12_26_djvu.txt	?	-
sim_scientific-american_1865-07-01_13_1	https://archive.org/download/sim_scientific-american_1865-07-01_13_1/sim_scientific-american_1865-07-01_13_1_djvu.txt	?	-
sim_scientific-american_1865-07-08_13_2	https://archive.org/download/sim_scientific-american_1865-07-08_13_2/sim_scientific-american_1865-07-08_13_2_djvu.txt	?	-
sim_scientific-american_1865-07-15_13_3	https://archive.org/download/sim_scientific-american_1865-07-15_13_3/sim_scientific-american_1865-07-15_13_3_djvu.txt	?	-
sim_scientific-american_1865-07-22_13_4	https://archive.org/download/sim_scientific-american_1865-07-22_13_4/sim_scientific-american_1865-07-22_13_4_djvu.txt	?	-
sim_scientific-american_1865-07-29_13_5	https://archive.org/download/sim_scientific-american_1865-07-29_13_5/sim_scientific-american_1865-07-29_13_5_djvu.txt	?	-
sim_scientific-american_1865-08-05_13_6	https://archive.org/download/sim_scientific-american_1865-08-05_13_6/sim_scientific-american_1865-08-05_13_6_djvu.txt	?	-
sim_scientific-american_1865-08-12_13_7	https://archive.org/download/sim_scientific-american_1865-08-12_13_7/sim_scientific-american_1865-08-12_13_7_djvu.txt	?	-
sim_scientific-american_1865-08-19_13_8	https://archive.org/download/sim_scientific-american_1865-08-19_13_8/sim_scientific-american_1865-08-19_13_8_djvu.txt	?	-
sim_scientific-american_1865-08-26_13_9	https://archive.org/download/sim_scientific-american_1865-08-26_13_9/sim_scientific-american_1865-08-26_13_9_djvu.txt	?	-
sim_scientific-american_1865-09-02_13_10	https://archive.org/download/sim_scientific-american_1865-09-02_13_10/sim_scientific-american_1865-09-02_13_10_djvu.txt	?	-
sim_scientific-american_1865-09-09_13_11	https://archive.org/download/sim_scientific-american_1865-09-09_13_11/sim_scientific-american_1865-09-09_13_11_djvu.txt	?	-
sim_scientific-american_1865-09-16_13_12	https://archive.org/download/sim_scientific-american_1865-09-16_13_12/sim_scientific-american_1865-09-16_13_12_djvu.txt	?	-
sim_scientific-american_1865-09-23_13_13	https://archive.org/download/sim_scientific-american_1865-09-23_13_13/sim_scientific-american_1865-09-23_13_13_djvu.txt	?	-
sim_scientific-american_1865-09-30_13_14	https://archive.org/download/sim_scientific-american_1865-09-30_13_14/sim_scientific-american_1865-09-30_13_14_djvu.txt	?	-
sim_scientific-american_1865-10-07_13_15	https://archive.org/download/sim_scientific-american_1865-10-07_13_15/sim_scientific-american_1865-10-07_13_15_djvu.txt	?	-
sim_scientific-american_1865-10-14_13_16	https://archive.org/download/sim_scientific-american_1865-10-14_13_16/sim_scientific-american_1865-10-14_13_16_djvu.txt	?	-
sim_scientific-american_1865-10-21_13_17	https://archive.org/download/sim_scientific-american_1865-10-21_13_17/sim_scientific-american_1865-10-21_13_17_djvu.txt	?	-
sim_scientific-american_1865-10-28_13_18	https://archive.org/download/sim_scientific-american_1865-10-28_13_18/sim_scientific-american_1865-10-28_13_18_djvu.txt	?	-
sim_scientific-american_1865-11-04_13_19	https://archive.org/download/sim_scientific-american_1865-11-04_13_19/sim_scientific-american_1865-11-04_13_19_djvu.txt	?	-
sim_scientific-american_1865-11-11_13_20	https://archive.org/download/sim_scientific-american_1865-11-11_13_20/sim_scientific-american_1865-11-11_13_20_djvu.txt	?	-
sim_scientific-american_1865-11-18_13_21	https://archive.org/download/sim_scientific-american_1865-11-18_13_21/sim_scientific-american_1865-11-18_13_21_djvu.txt	?	-
sim_scientific-american_1865-11-25_13_22	https://archive.org/download/sim_scientific-american_1865-11-25_13_22/sim_scientific-american_1865-11-25_13_22_djvu.txt	?	-
sim_scientific-american_1865-12-02_13_23	https://archive.org/download/sim_scientific-american_1865-12-02_13_23/sim_scientific-american_1865-12-02_13_23_djvu.txt	?	-
sim_scientific-american_1865-12-09_13_24	https://archive.org/download/sim_scientific-american_1865-12-09_13_24/sim_scientific-american_1865-12-09_13_24_djvu.txt	?	-
sim_scientific-american_1865-12-16_13_25	https://archive.org/download/sim_scientific-american_1865-12-16_13_25/sim_scientific-american_1865-12-16_13_25_djvu.txt	?	-
sim_scientific-american_1865-12-23_13_26	https://archive.org/download/sim_scientific-american_1865-12-23_13_26/sim_scientific-american_1865-12-23_13_26_djvu.txt	?	-
sim_scientific-american_1865_12_index	https://archive.org/download/sim_scientific-american_1865_12_index/sim_scientific-american_1865_12_index_djvu.txt	?	-
sim_scientific-american_1865_13_index	https://archive.org/download/sim_scientific-american_1865_13_index/sim_scientific-american_1865_13_index_djvu.txt	?	-
sim_scientific-american_1866-01-01_14_1	https://archive.org/download/sim_scientific-american_1866-01-01_14_1/sim_scientific-american_1866-01-01_14_1_djvu.txt	?	-
sim_scientific-american_1866-01-07_14_2	https://archive.org/download/sim_scientific-american_1866-01-07_14_2/sim_scientific-american_1866-01-07_14_2_djvu.txt	?	-
sim_scientific-american_1866-01-13_14_3	https://archive.org/download/sim_scientific-american_1866-01-13_14_3/sim_scientific-american_1866-01-13_14_3_djvu.txt	?	-
sim_scientific-american_1866-01-20_14_4	https://archive.org/download/sim_scientific-american_1866-01-20_14_4/sim_scientific-american_1866-01-20_14_4_djvu.txt	?	-
sim_scientific-american_1866-01-27_14_5	https://archive.org/download/sim_scientific-american_1866-01-27_14_5/sim_scientific-american_1866-01-27_14_5_djvu.txt	?	-
sim_scientific-american_1866-02-03_14_6	https://archive.org/download/sim_scientific-american_1866-02-03_14_6/sim_scientific-american_1866-02-03_14_6_djvu.txt	?	-
sim_scientific-american_1866-02-10_14_7	https://archive.org/download/sim_scientific-american_1866-02-10_14_7/sim_scientific-american_1866-02-10_14_7_djvu.txt	?	-
sim_scientific-american_1866-02-17_14_8	https://archive.org/download/sim_scientific-american_1866-02-17_14_8/sim_scientific-american_1866-02-17_14_8_djvu.txt	?	-
sim_scientific-american_1866-02-24_14_9	https://archive.org/download/sim_scientific-american_1866-02-24_14_9/sim_scientific-american_1866-02-24_14_9_djvu.txt	?	-
sim_scientific-american_1866-03-03_14_10	https://archive.org/download/sim_scientific-american_1866-03-03_14_10/sim_scientific-american_1866-03-03_14_10_djvu.txt	?	-
sim_scientific-american_1866-03-10_14_11	https://archive.org/download/sim_scientific-american_1866-03-10_14_11/sim_scientific-american_1866-03-10_14_11_djvu.txt	?	-
sim_scientific-american_1866-03-17_14_12	https://archive.org/download/sim_scientific-american_1866-03-17_14_12/sim_scientific-american_1866-03-17_14_12_djvu.txt	?	-
sim_scientific-american_1866-03-24_14_13	https://archive.org/download/sim_scientific-american_1866-03-24_14_13/sim_scientific-american_1866-03-24_14_13_djvu.txt	?	-
sim_scientific-american_1866-03-31_14_14	https://archive.org/download/sim_scientific-american_1866-03-31_14_14/sim_scientific-american_1866-03-31_14_14_djvu.txt	?	-
sim_scientific-american_1866-04-07_14_15	https://archive.org/download/sim_scientific-american_1866-04-07_14_15/sim_scientific-american_1866-04-07_14_15_djvu.txt	?	-
sim_scientific-american_1866-04-14_14_16	https://archive.org/download/sim_scientific-american_1866-04-14_14_16/sim_scientific-american_1866-04-14_14_16_djvu.txt	?	-
sim_scientific-american_1866-04-21_14_17	https://archive.org/download/sim_scientific-american_1866-04-21_14_17/sim_scientific-american_1866-04-21_14_17_djvu.txt	?	-
sim_scientific-american_1866-04-28_14_18	https://archive.org/download/sim_scientific-american_1866-04-28_14_18/sim_scientific-american_1866-04-28_14_18_djvu.txt	?	-
sim_scientific-american_1866-05-05_14_19	https://archive.org/download/sim_scientific-american_1866-05-05_14_19/sim_scientific-american_1866-05-05_14_19_djvu.txt	?	-
sim_scientific-american_1866-05-12_14_20	https://archive.org/download/sim_scientific-american_1866-05-12_14_20/sim_scientific-american_1866-05-12_14_20_djvu.txt	?	-
sim_scientific-american_1866-05-19_14_21	https://archive.org/download/sim_scientific-american_1866-05-19_14_21/sim_scientific-american_1866-05-19_14_21_djvu.txt	?	-
sim_scientific-american_1866-05-26_14_22	https://archive.org/download/sim_scientific-american_1866-05-26_14_22/sim_scientific-american_1866-05-26_14_22_djvu.txt	?	-
sim_scientific-american_1866-06-02_14_23	https://archive.org/download/sim_scientific-american_1866-06-02_14_23/sim_scientific-american_1866-06-02_14_23_djvu.txt	?	-
sim_scientific-american_1866-06-09_14_24	https://archive.org/download/sim_scientific-american_1866-06-09_14_24/sim_scientific-american_1866-06-09_14_24_djvu.txt	?	-
sim_scientific-american_1866-06-16_14_25	https://archive.org/download/sim_scientific-american_1866-06-16_14_25/sim_scientific-american_1866-06-16_14_25_djvu.txt	?	-
sim_scientific-american_1866-06-23_14_26	https://archive.org/download/sim_scientific-american_1866-06-23_14_26/sim_scientific-american_1866-06-23_14_26_djvu.txt	?	-
sim_scientific-american_1866-06-30_15_1	https://archive.org/download/sim_scientific-american_1866-06-30_15_1/sim_scientific-american_1866-06-30_15_1_djvu.txt	?	-
sim_scientific-american_1866-07-07_15_2	https://archive.org/download/sim_scientific-american_1866-07-07_15_2/sim_scientific-american_1866-07-07_15_2_djvu.txt	?	-
sim_scientific-american_1866-07-14_15_3	https://archive.org/download/sim_scientific-american_1866-07-14_15_3/sim_scientific-american_1866-07-14_15_3_djvu.txt	?	-
sim_scientific-american_1866-07-21_15_4	https://archive.org/download/sim_scientific-american_1866-07-21_15_4/sim_scientific-american_1866-07-21_15_4_djvu.txt	?	-
sim_scientific-american_1866-07-28_15_5	https://archive.org/download/sim_scientific-american_1866-07-28_15_5/sim_scientific-american_1866-07-28_15_5_djvu.txt	?	-
sim_scientific-american_1866-08-04_15_6	https://archive.org/download/sim_scientific-american_1866-08-04_15_6/sim_scientific-american_1866-08-04_15_6_djvu.txt	?	-
sim_scientific-american_1866-08-11_15_7	https://archive.org/download/sim_scientific-american_1866-08-11_15_7/sim_scientific-american_1866-08-11_15_7_djvu.txt	?	-
sim_scientific-american_1866-08-18_15_8	https://archive.org/download/sim_scientific-american_1866-08-18_15_8/sim_scientific-american_1866-08-18_15_8_djvu.txt	?	-
sim_scientific-american_1866-08-25_15_9	https://archive.org/download/sim_scientific-american_1866-08-25_15_9/sim_scientific-american_1866-08-25_15_9_djvu.txt	?	-
sim_scientific-american_1866-09-01_15_10	https://archive.org/download/sim_scientific-american_1866-09-01_15_10/sim_scientific-american_1866-09-01_15_10_djvu.txt	?	-
sim_scientific-american_1866-09-08_15_11	https://archive.org/download/sim_scientific-american_1866-09-08_15_11/sim_scientific-american_1866-09-08_15_11_djvu.txt	?	-
sim_scientific-american_1866-09-15_15_12	https://archive.org/download/sim_scientific-american_1866-09-15_15_12/sim_scientific-american_1866-09-15_15_12_djvu.txt	?	-
sim_scientific-american_1866-09-22_15_13	https://archive.org/download/sim_scientific-american_1866-09-22_15_13/sim_scientific-american_1866-09-22_15_13_djvu.txt	?	-
sim_scientific-american_1866-09-29_15_14	https://archive.org/download/sim_scientific-american_1866-09-29_15_14/sim_scientific-american_1866-09-29_15_14_djvu.txt	?	-
sim_scientific-american_1866-10-06_15_15	https://archive.org/download/sim_scientific-american_1866-10-06_15_15/sim_scientific-american_1866-10-06_15_15_djvu.txt	?	-
sim_scientific-american_1866-10-13_15_16	https://archive.org/download/sim_scientific-american_1866-10-13_15_16/sim_scientific-american_1866-10-13_15_16_djvu.txt	?	-
sim_scientific-american_1866-10-20_15_17	https://archive.org/download/sim_scientific-american_1866-10-20_15_17/sim_scientific-american_1866-10-20_15_17_djvu.txt	?	-
sim_scientific-american_1866-10-27_15_18	https://archive.org/download/sim_scientific-american_1866-10-27_15_18/sim_scientific-american_1866-10-27_15_18_djvu.txt	?	-
sim_scientific-american_1866-11-03_15_19	https://archive.org/download/sim_scientific-american_1866-11-03_15_19/sim_scientific-american_1866-11-03_15_19_djvu.txt	?	-
sim_scientific-american_1866-11-10_15_20	https://archive.org/download/sim_scientific-american_1866-11-10_15_20/sim_scientific-american_1866-11-10_15_20_djvu.txt	?	-
sim_scientific-american_1866-11-17_15_21	https://archive.org/download/sim_scientific-american_1866-11-17_15_21/sim_scientific-american_1866-11-17_15_21_djvu.txt	?	-
sim_scientific-american_1866-11-24_15_22	https://archive.org/download/sim_scientific-american_1866-11-24_15_22/sim_scientific-american_1866-11-24_15_22_djvu.txt	?	-
sim_scientific-american_1866-12-01_15_23	https://archive.org/download/sim_scientific-american_1866-12-01_15_23/sim_scientific-american_1866-12-01_15_23_djvu.txt	?	-
sim_scientific-american_1866-12-08_15_24	https://archive.org/download/sim_scientific-american_1866-12-08_15_24/sim_scientific-american_1866-12-08_15_24_djvu.txt	?	-
sim_scientific-american_1866-12-15_15_25	https://archive.org/download/sim_scientific-american_1866-12-15_15_25/sim_scientific-american_1866-12-15_15_25_djvu.txt	?	-
sim_scientific-american_1866-12-22_15_26	https://archive.org/download/sim_scientific-american_1866-12-22_15_26/sim_scientific-american_1866-12-22_15_26_djvu.txt	?	-
sim_scientific-american_1866_14_index	https://archive.org/download/sim_scientific-american_1866_14_index/sim_scientific-american_1866_14_index_djvu.txt	?	-
sim_scientific-american_1866_15_index	https://archive.org/download/sim_scientific-american_1866_15_index/sim_scientific-american_1866_15_index_djvu.txt	?	-
sim_scientific-american_1867-01-05_16_1	https://archive.org/download/sim_scientific-american_1867-01-05_16_1/sim_scientific-american_1867-01-05_16_1_djvu.txt	?	-
sim_scientific-american_1867-01-12_16_2	https://archive.org/download/sim_scientific-american_1867-01-12_16_2/sim_scientific-american_1867-01-12_16_2_djvu.txt	?	-
sim_scientific-american_1867-01-19_16_3	https://archive.org/download/sim_scientific-american_1867-01-19_16_3/sim_scientific-american_1867-01-19_16_3_djvu.txt	?	-
sim_scientific-american_1867-01-26_16_4	https://archive.org/download/sim_scientific-american_1867-01-26_16_4/sim_scientific-american_1867-01-26_16_4_djvu.txt	?	-
sim_scientific-american_1867-02-02_16_5	https://archive.org/download/sim_scientific-american_1867-02-02_16_5/sim_scientific-american_1867-02-02_16_5_djvu.txt	?	-
sim_scientific-american_1867-02-09_16_6	https://archive.org/download/sim_scientific-american_1867-02-09_16_6/sim_scientific-american_1867-02-09_16_6_djvu.txt	?	-
sim_scientific-american_1867-02-16_16_7	https://archive.org/download/sim_scientific-american_1867-02-16_16_7/sim_scientific-american_1867-02-16_16_7_djvu.txt	?	-
sim_scientific-american_1867-02-23_16_8	https://archive.org/download/sim_scientific-american_1867-02-23_16_8/sim_scientific-american_1867-02-23_16_8_djvu.txt	?	-
sim_scientific-american_1867-03-02_16_9	https://archive.org/download/sim_scientific-american_1867-03-02_16_9/sim_scientific-american_1867-03-02_16_9_djvu.txt	?	-
sim_scientific-american_1867-03-09_16_10	https://archive.org/download/sim_scientific-american_1867-03-09_16_10/sim_scientific-american_1867-03-09_16_10_djvu.txt	?	-
sim_scientific-american_1867-03-16_16_11	https://archive.org/download/sim_scientific-american_1867-03-16_16_11/sim_scientific-american_1867-03-16_16_11_djvu.txt	?	-
sim_scientific-american_1867-03-23_16_12	https://archive.org/download/sim_scientific-american_1867-03-23_16_12/sim_scientific-american_1867-03-23_16_12_djvu.txt	?	-
sim_scientific-american_1867-03-30_16_13	https://archive.org/download/sim_scientific-american_1867-03-30_16_13/sim_scientific-american_1867-03-30_16_13_djvu.txt	?	-
sim_scientific-american_1867-04-06_16_14	https://archive.org/download/sim_scientific-american_1867-04-06_16_14/sim_scientific-american_1867-04-06_16_14_djvu.txt	?	-
sim_scientific-american_1867-04-13_16_15	https://archive.org/download/sim_scientific-american_1867-04-13_16_15/sim_scientific-american_1867-04-13_16_15_djvu.txt	?	-
sim_scientific-american_1867-04-20_16_16	https://archive.org/download/sim_scientific-american_1867-04-20_16_16/sim_scientific-american_1867-04-20_16_16_djvu.txt	?	-
sim_scientific-american_1867-04-27_16_17	https://archive.org/download/sim_scientific-american_1867-04-27_16_17/sim_scientific-american_1867-04-27_16_17_djvu.txt	?	-
sim_scientific-american_1867-05-04_16_18	https://archive.org/download/sim_scientific-american_1867-05-04_16_18/sim_scientific-american_1867-05-04_16_18_djvu.txt	?	-
sim_scientific-american_1867-05-11_16_19	https://archive.org/download/sim_scientific-american_1867-05-11_16_19/sim_scientific-american_1867-05-11_16_19_djvu.txt	?	-
sim_scientific-american_1867-05-18_16_20	https://archive.org/download/sim_scientific-american_1867-05-18_16_20/sim_scientific-american_1867-05-18_16_20_djvu.txt	?	-
sim_scientific-american_1867-05-25_16_21	https://archive.org/download/sim_scientific-american_1867-05-25_16_21/sim_scientific-american_1867-05-25_16_21_djvu.txt	?	-
sim_scientific-american_1867-06-01_16_22	https://archive.org/download/sim_scientific-american_1867-06-01_16_22/sim_scientific-american_1867-06-01_16_22_djvu.txt	?	-
sim_scientific-american_1867-06-08_16_23	https://archive.org/download/sim_scientific-american_1867-06-08_16_23/sim_scientific-american_1867-06-08_16_23_djvu.txt	?	-
sim_scientific-american_1867-06-15_16_24	https://archive.org/download/sim_scientific-american_1867-06-15_16_24/sim_scientific-american_1867-06-15_16_24_djvu.txt	?	-
sim_scientific-american_1867-06-22_16_25	https://archive.org/download/sim_scientific-american_1867-06-22_16_25/sim_scientific-american_1867-06-22_16_25_djvu.txt	?	-
sim_scientific-american_1867-06-29_16_26	https://archive.org/download/sim_scientific-american_1867-06-29_16_26/sim_scientific-american_1867-06-29_16_26_djvu.txt	?	-
sim_scientific-american_1867-07-06_17_1	https://archive.org/download/sim_scientific-american_1867-07-06_17_1/sim_scientific-american_1867-07-06_17_1_djvu.txt	?	-
sim_scientific-american_1867-07-13_17_2	https://archive.org/download/sim_scientific-american_1867-07-13_17_2/sim_scientific-american_1867-07-13_17_2_djvu.txt	?	-
sim_scientific-american_1867-07-20_17_3	https://archive.org/download/sim_scientific-american_1867-07-20_17_3/sim_scientific-american_1867-07-20_17_3_djvu.txt	?	-
sim_scientific-american_1867-07-27_17_4	https://archive.org/download/sim_scientific-american_1867-07-27_17_4/sim_scientific-american_1867-07-27_17_4_djvu.txt	?	-
sim_scientific-american_1867-08-03_17_5	https://archive.org/download/sim_scientific-american_1867-08-03_17_5/sim_scientific-american_1867-08-03_17_5_djvu.txt	?	-
sim_scientific-american_1867-08-10_17_6	https://archive.org/download/sim_scientific-american_1867-08-10_17_6/sim_scientific-american_1867-08-10_17_6_djvu.txt	?	-
sim_scientific-american_1867-08-17_17_7	https://archive.org/download/sim_scientific-american_1867-08-17_17_7/sim_scientific-american_1867-08-17_17_7_djvu.txt	?	-
sim_scientific-american_1867-08-24_17_8	https://archive.org/download/sim_scientific-american_1867-08-24_17_8/sim_scientific-american_1867-08-24_17_8_djvu.txt	?	-
sim_scientific-american_1867-08-31_17_9	https://archive.org/download/sim_scientific-american_1867-08-31_17_9/sim_scientific-american_1867-08-31_17_9_djvu.txt	?	-
sim_scientific-american_1867-09-07_17_10	https://archive.org/download/sim_scientific-american_1867-09-07_17_10/sim_scientific-american_1867-09-07_17_10_djvu.txt	?	-
sim_scientific-american_1867-09-14_17_11	https://archive.org/download/sim_scientific-american_1867-09-14_17_11/sim_scientific-american_1867-09-14_17_11_djvu.txt	?	-
sim_scientific-american_1867-09-21_17_12	https://archive.org/download/sim_scientific-american_1867-09-21_17_12/sim_scientific-american_1867-09-21_17_12_djvu.txt	?	-
sim_scientific-american_1867-09-28_17_13	https://archive.org/download/sim_scientific-american_1867-09-28_17_13/sim_scientific-american_1867-09-28_17_13_djvu.txt	?	-
sim_scientific-american_1867-10-05_17_14	https://archive.org/download/sim_scientific-american_1867-10-05_17_14/sim_scientific-american_1867-10-05_17_14_djvu.txt	?	-
sim_scientific-american_1867-10-12_17_15	https://archive.org/download/sim_scientific-american_1867-10-12_17_15/sim_scientific-american_1867-10-12_17_15_djvu.txt	?	-
sim_scientific-american_1867-10-19_17_16	https://archive.org/download/sim_scientific-american_1867-10-19_17_16/sim_scientific-american_1867-10-19_17_16_djvu.txt	?	-
sim_scientific-american_1867-10-26_17_17	https://archive.org/download/sim_scientific-american_1867-10-26_17_17/sim_scientific-american_1867-10-26_17_17_djvu.txt	?	-
sim_scientific-american_1867-11-02_17_18	https://archive.org/download/sim_scientific-american_1867-11-02_17_18/sim_scientific-american_1867-11-02_17_18_djvu.txt	?	-
sim_scientific-american_1867-11-09_17_19	https://archive.org/download/sim_scientific-american_1867-11-09_17_19/sim_scientific-american_1867-11-09_17_19_djvu.txt	?	-
sim_scientific-american_1867-11-16_17_20	https://archive.org/download/sim_scientific-american_1867-11-16_17_20/sim_scientific-american_1867-11-16_17_20_djvu.txt	?	-
sim_scientific-american_1867-11-23_17_21	https://archive.org/download/sim_scientific-american_1867-11-23_17_21/sim_scientific-american_1867-11-23_17_21_djvu.txt	?	-
sim_scientific-american_1867-11-30_17_22	https://archive.org/download/sim_scientific-american_1867-11-30_17_22/sim_scientific-american_1867-11-30_17_22_djvu.txt	?	-
sim_scientific-american_1867-12-07_17_23	https://archive.org/download/sim_scientific-american_1867-12-07_17_23/sim_scientific-american_1867-12-07_17_23_djvu.txt	?	-
sim_scientific-american_1867-12-14_17_24	https://archive.org/download/sim_scientific-american_1867-12-14_17_24/sim_scientific-american_1867-12-14_17_24_djvu.txt	?	-
sim_scientific-american_1867-12-21_17_25	https://archive.org/download/sim_scientific-american_1867-12-21_17_25/sim_scientific-american_1867-12-21_17_25_djvu.txt	?	-
sim_scientific-american_1867-12-28_17_26	https://archive.org/download/sim_scientific-american_1867-12-28_17_26/sim_scientific-american_1867-12-28_17_26_djvu.txt	?	-
sim_scientific-american_1867_16_index	https://archive.org/download/sim_scientific-american_1867_16_index/sim_scientific-american_1867_16_index_djvu.txt	?	-
sim_scientific-american_1867_17_index	https://archive.org/download/sim_scientific-american_1867_17_index/sim_scientific-american_1867_17_index_djvu.txt	?	-
sim_scientific-american_1868-01-04_18_1	https://archive.org/download/sim_scientific-american_1868-01-04_18_1/sim_scientific-american_1868-01-04_18_1_djvu.txt	?	-
sim_scientific-american_1868-01-11_18_2	https://archive.org/download/sim_scientific-american_1868-01-11_18_2/sim_scientific-american_1868-01-11_18_2_djvu.txt	?	-
sim_scientific-american_1868-01-18_18_3	https://archive.org/download/sim_scientific-american_1868-01-18_18_3/sim_scientific-american_1868-01-18_18_3_djvu.txt	?	-
sim_scientific-american_1868-01-25_18_4	https://archive.org/download/sim_scientific-american_1868-01-25_18_4/sim_scientific-american_1868-01-25_18_4_djvu.txt	?	-
sim_scientific-american_1868-02-01_18_5	https://archive.org/download/sim_scientific-american_1868-02-01_18_5/sim_scientific-american_1868-02-01_18_5_djvu.txt	?	-
sim_scientific-american_1868-02-08_18_6	https://archive.org/download/sim_scientific-american_1868-02-08_18_6/sim_scientific-american_1868-02-08_18_6_djvu.txt	?	-
sim_scientific-american_1868-02-15_18_7	https://archive.org/download/sim_scientific-american_1868-02-15_18_7/sim_scientific-american_1868-02-15_18_7_djvu.txt	?	-
sim_scientific-american_1868-02-22_18_8	https://archive.org/download/sim_scientific-american_1868-02-22_18_8/sim_scientific-american_1868-02-22_18_8_djvu.txt	?	-
sim_scientific-american_1868-02-29_18_9	https://archive.org/download/sim_scientific-american_1868-02-29_18_9/sim_scientific-american_1868-02-29_18_9_djvu.txt	?	-
sim_scientific-american_1868-03-07_18_10	https://archive.org/download/sim_scientific-american_1868-03-07_18_10/sim_scientific-american_1868-03-07_18_10_djvu.txt	?	-
sim_scientific-american_1868-03-14_18_11	https://archive.org/download/sim_scientific-american_1868-03-14_18_11/sim_scientific-american_1868-03-14_18_11_djvu.txt	?	-
sim_scientific-american_1868-03-21_18_12	https://archive.org/download/sim_scientific-american_1868-03-21_18_12/sim_scientific-american_1868-03-21_18_12_djvu.txt	?	-
sim_scientific-american_1868-03-28_18_13	https://archive.org/download/sim_scientific-american_1868-03-28_18_13/sim_scientific-american_1868-03-28_18_13_djvu.txt	?	-
sim_scientific-american_1868-04-04_18_14	https://archive.org/download/sim_scientific-american_1868-04-04_18_14/sim_scientific-american_1868-04-04_18_14_djvu.txt	?	-
sim_scientific-american_1868-04-11_18_15	https://archive.org/download/sim_scientific-american_1868-04-11_18_15/sim_scientific-american_1868-04-11_18_15_djvu.txt	?	-
sim_scientific-american_1868-04-18_18_16	https://archive.org/download/sim_scientific-american_1868-04-18_18_16/sim_scientific-american_1868-04-18_18_16_djvu.txt	?	-
sim_scientific-american_1868-04-25_18_17	https://archive.org/download/sim_scientific-american_1868-04-25_18_17/sim_scientific-american_1868-04-25_18_17_djvu.txt	?	-
sim_scientific-american_1868-05-02_18_18	https://archive.org/download/sim_scientific-american_1868-05-02_18_18/sim_scientific-american_1868-05-02_18_18_djvu.txt	?	-
sim_scientific-american_1868-05-09_18_19	https://archive.org/download/sim_scientific-american_1868-05-09_18_19/sim_scientific-american_1868-05-09_18_19_djvu.txt	?	-
sim_scientific-american_1868-05-16_18_20	https://archive.org/download/sim_scientific-american_1868-05-16_18_20/sim_scientific-american_1868-05-16_18_20_djvu.txt	?	-
sim_scientific-american_1868-05-23_18_21	https://archive.org/download/sim_scientific-american_1868-05-23_18_21/sim_scientific-american_1868-05-23_18_21_djvu.txt	?	-
sim_scientific-american_1868-05-30_18_22	https://archive.org/download/sim_scientific-american_1868-05-30_18_22/sim_scientific-american_1868-05-30_18_22_djvu.txt	?	-
sim_scientific-american_1868-06-06_18_23	https://archive.org/download/sim_scientific-american_1868-06-06_18_23/sim_scientific-american_1868-06-06_18_23_djvu.txt	?	-
sim_scientific-american_1868-06-13_18_24	https://archive.org/download/sim_scientific-american_1868-06-13_18_24/sim_scientific-american_1868-06-13_18_24_djvu.txt	?	-
sim_scientific-american_1868-06-20_18_25	https://archive.org/download/sim_scientific-american_1868-06-20_18_25/sim_scientific-american_1868-06-20_18_25_djvu.txt	?	-
sim_scientific-american_1868-06-27_18_26	https://archive.org/download/sim_scientific-american_1868-06-27_18_26/sim_scientific-american_1868-06-27_18_26_djvu.txt	?	-
sim_scientific-american_1868_18_index	https://archive.org/download/sim_scientific-american_1868_18_index/sim_scientific-american_1868_18_index_djvu.txt	?	-
sim_scientific-american_1869_21_index	https://archive.org/download/sim_scientific-american_1869_21_index/sim_scientific-american_1869_21_index_djvu.txt	?	-
sim_scientific-american_1870-01-01_22_1	https://archive.org/download/sim_scientific-american_1870-01-01_22_1/sim_scientific-american_1870-01-01_22_1_djvu.txt	?	-
sim_scientific-american_1870-01-08_22_2	https://archive.org/download/sim_scientific-american_1870-01-08_22_2/sim_scientific-american_1870-01-08_22_2_djvu.txt	?	-
sim_scientific-american_1870-01-15_22_3	https://archive.org/download/sim_scientific-american_1870-01-15_22_3/sim_scientific-american_1870-01-15_22_3_djvu.txt	?	-
sim_scientific-american_1870-01-22_22_4	https://archive.org/download/sim_scientific-american_1870-01-22_22_4/sim_scientific-american_1870-01-22_22_4_djvu.txt	?	-
sim_scientific-american_1870-01-29_22_5	https://archive.org/download/sim_scientific-american_1870-01-29_22_5/sim_scientific-american_1870-01-29_22_5_djvu.txt	?	-
sim_scientific-american_1870-02-05_22_6	https://archive.org/download/sim_scientific-american_1870-02-05_22_6/sim_scientific-american_1870-02-05_22_6_djvu.txt	?	-
sim_scientific-american_1870-02-12_22_7	https://archive.org/download/sim_scientific-american_1870-02-12_22_7/sim_scientific-american_1870-02-12_22_7_djvu.txt	?	-
sim_scientific-american_1870-02-19_22_8	https://archive.org/download/sim_scientific-american_1870-02-19_22_8/sim_scientific-american_1870-02-19_22_8_djvu.txt	?	-
sim_scientific-american_1870-02-26_22_9	https://archive.org/download/sim_scientific-american_1870-02-26_22_9/sim_scientific-american_1870-02-26_22_9_djvu.txt	?	-
sim_scientific-american_1870-03-05_22_10	https://archive.org/download/sim_scientific-american_1870-03-05_22_10/sim_scientific-american_1870-03-05_22_10_djvu.txt	?	-
sim_scientific-american_1870-03-12_22_11	https://archive.org/download/sim_scientific-american_1870-03-12_22_11/sim_scientific-american_1870-03-12_22_11_djvu.txt	?	-
sim_scientific-american_1870-03-19_22_12	https://archive.org/download/sim_scientific-american_1870-03-19_22_12/sim_scientific-american_1870-03-19_22_12_djvu.txt	?	-
sim_scientific-american_1870-03-26_22_13	https://archive.org/download/sim_scientific-american_1870-03-26_22_13/sim_scientific-american_1870-03-26_22_13_djvu.txt	?	-
sim_scientific-american_1870-04-02_22_14	https://archive.org/download/sim_scientific-american_1870-04-02_22_14/sim_scientific-american_1870-04-02_22_14_djvu.txt	?	-
sim_scientific-american_1870-04-09_22_15	https://archive.org/download/sim_scientific-american_1870-04-09_22_15/sim_scientific-american_1870-04-09_22_15_djvu.txt	?	-
sim_scientific-american_1870-04-16_22_16	https://archive.org/download/sim_scientific-american_1870-04-16_22_16/sim_scientific-american_1870-04-16_22_16_djvu.txt	?	-
sim_scientific-american_1870-04-23_22_17	https://archive.org/download/sim_scientific-american_1870-04-23_22_17/sim_scientific-american_1870-04-23_22_17_djvu.txt	?	-
sim_scientific-american_1870-04-30_22_18	https://archive.org/download/sim_scientific-american_1870-04-30_22_18/sim_scientific-american_1870-04-30_22_18_djvu.txt	?	-
sim_scientific-american_1870-05-07_22_19	https://archive.org/download/sim_scientific-american_1870-05-07_22_19/sim_scientific-american_1870-05-07_22_19_djvu.txt	?	-
sim_scientific-american_1870-05-14_22_20	https://archive.org/download/sim_scientific-american_1870-05-14_22_20/sim_scientific-american_1870-05-14_22_20_djvu.txt	?	-
sim_scientific-american_1870-05-21_22_21	https://archive.org/download/sim_scientific-american_1870-05-21_22_21/sim_scientific-american_1870-05-21_22_21_djvu.txt	?	-
sim_scientific-american_1870-05-28_22_22	https://archive.org/download/sim_scientific-american_1870-05-28_22_22/sim_scientific-american_1870-05-28_22_22_djvu.txt	?	-
sim_scientific-american_1870-06-04_22_23	https://archive.org/download/sim_scientific-american_1870-06-04_22_23/sim_scientific-american_1870-06-04_22_23_djvu.txt	?	-
sim_scientific-american_1870-06-11_22_24	https://archive.org/download/sim_scientific-american_1870-06-11_22_24/sim_scientific-american_1870-06-11_22_24_djvu.txt	?	-
sim_scientific-american_1870-06-18_22_25	https://archive.org/download/sim_scientific-american_1870-06-18_22_25/sim_scientific-american_1870-06-18_22_25_djvu.txt	?	-
sim_scientific-american_1870-06-25_22_26	https://archive.org/download/sim_scientific-american_1870-06-25_22_26/sim_scientific-american_1870-06-25_22_26_djvu.txt	?	-
sim_scientific-american_1870-07-02_23_1	https://archive.org/download/sim_scientific-american_1870-07-02_23_1/sim_scientific-american_1870-07-02_23_1_djvu.txt	?	-
sim_scientific-american_1870-07-09_23_2	https://archive.org/download/sim_scientific-american_1870-07-09_23_2/sim_scientific-american_1870-07-09_23_2_djvu.txt	?	-
sim_scientific-american_1870-07-16_23_3	https://archive.org/download/sim_scientific-american_1870-07-16_23_3/sim_scientific-american_1870-07-16_23_3_djvu.txt	?	-
sim_scientific-american_1870-07-23_23_4	https://archive.org/download/sim_scientific-american_1870-07-23_23_4/sim_scientific-american_1870-07-23_23_4_djvu.txt	?	-
sim_scientific-american_1870-07-30_23_5	https://archive.org/download/sim_scientific-american_1870-07-30_23_5/sim_scientific-american_1870-07-30_23_5_djvu.txt	?	-
sim_scientific-american_1870-08-06_23_6	https://archive.org/download/sim_scientific-american_1870-08-06_23_6/sim_scientific-american_1870-08-06_23_6_djvu.txt	?	-
sim_scientific-american_1870-08-13_23_7	https://archive.org/download/sim_scientific-american_1870-08-13_23_7/sim_scientific-american_1870-08-13_23_7_djvu.txt	?	-
sim_scientific-american_1870-08-20_23_8	https://archive.org/download/sim_scientific-american_1870-08-20_23_8/sim_scientific-american_1870-08-20_23_8_djvu.txt	?	-
sim_scientific-american_1870-08-27_23_9	https://archive.org/download/sim_scientific-american_1870-08-27_23_9/sim_scientific-american_1870-08-27_23_9_djvu.txt	?	-
sim_scientific-american_1870-09-03_23_10	https://archive.org/download/sim_scientific-american_1870-09-03_23_10/sim_scientific-american_1870-09-03_23_10_djvu.txt	?	-
sim_scientific-american_1870-09-10_23_11	https://archive.org/download/sim_scientific-american_1870-09-10_23_11/sim_scientific-american_1870-09-10_23_11_djvu.txt	?	-
sim_scientific-american_1870-09-17_23_12	https://archive.org/download/sim_scientific-american_1870-09-17_23_12/sim_scientific-american_1870-09-17_23_12_djvu.txt	?	-
sim_scientific-american_1870-09-24_23_13	https://archive.org/download/sim_scientific-american_1870-09-24_23_13/sim_scientific-american_1870-09-24_23_13_djvu.txt	?	-
sim_scientific-american_1870-10-01_23_14	https://archive.org/download/sim_scientific-american_1870-10-01_23_14/sim_scientific-american_1870-10-01_23_14_djvu.txt	?	-
sim_scientific-american_1870-10-08_23_15	https://archive.org/download/sim_scientific-american_1870-10-08_23_15/sim_scientific-american_1870-10-08_23_15_djvu.txt	?	-
sim_scientific-american_1870-10-15_23_16	https://archive.org/download/sim_scientific-american_1870-10-15_23_16/sim_scientific-american_1870-10-15_23_16_djvu.txt	?	-
sim_scientific-american_1870-10-22_23_17	https://archive.org/download/sim_scientific-american_1870-10-22_23_17/sim_scientific-american_1870-10-22_23_17_djvu.txt	?	-
sim_scientific-american_1870-10-29_23_18	https://archive.org/download/sim_scientific-american_1870-10-29_23_18/sim_scientific-american_1870-10-29_23_18_djvu.txt	?	-
sim_scientific-american_1870-11-05_23_19	https://archive.org/download/sim_scientific-american_1870-11-05_23_19/sim_scientific-american_1870-11-05_23_19_djvu.txt	?	-
sim_scientific-american_1870-11-12_23_20	https://archive.org/download/sim_scientific-american_1870-11-12_23_20/sim_scientific-american_1870-11-12_23_20_djvu.txt	?	-
sim_scientific-american_1870-11-19_23_21	https://archive.org/download/sim_scientific-american_1870-11-19_23_21/sim_scientific-american_1870-11-19_23_21_djvu.txt	?	-
sim_scientific-american_1870-11-26_23_22	https://archive.org/download/sim_scientific-american_1870-11-26_23_22/sim_scientific-american_1870-11-26_23_22_djvu.txt	?	-
sim_scientific-american_1870-12-03_23_23	https://archive.org/download/sim_scientific-american_1870-12-03_23_23/sim_scientific-american_1870-12-03_23_23_djvu.txt	?	-
sim_scientific-american_1870-12-10_23_24	https://archive.org/download/sim_scientific-american_1870-12-10_23_24/sim_scientific-american_1870-12-10_23_24_djvu.txt	?	-
sim_scientific-american_1870-12-17_23_25	https://archive.org/download/sim_scientific-american_1870-12-17_23_25/sim_scientific-american_1870-12-17_23_25_djvu.txt	?	-
sim_scientific-american_1870-12-24_23_26	https://archive.org/download/sim_scientific-american_1870-12-24_23_26/sim_scientific-american_1870-12-24_23_26_djvu.txt	?	-
sim_scientific-american_1870_23_index	https://archive.org/download/sim_scientific-american_1870_23_index/sim_scientific-american_1870_23_index_djvu.txt	?	-
sim_scientific-american_1871-01-01_24_1	https://archive.org/download/sim_scientific-american_1871-01-01_24_1/sim_scientific-american_1871-01-01_24_1_djvu.txt	?	-
sim_scientific-american_1871-01-08_24_2	https://archive.org/download/sim_scientific-american_1871-01-08_24_2/sim_scientific-american_1871-01-08_24_2_djvu.txt	?	-
sim_scientific-american_1871-01-15_24_3	https://archive.org/download/sim_scientific-american_1871-01-15_24_3/sim_scientific-american_1871-01-15_24_3_djvu.txt	?	-
sim_scientific-american_1871-01-22_24_4	https://archive.org/download/sim_scientific-american_1871-01-22_24_4/sim_scientific-american_1871-01-22_24_4_djvu.txt	?	-
sim_scientific-american_1871-01-29_24_5	https://archive.org/download/sim_scientific-american_1871-01-29_24_5/sim_scientific-american_1871-01-29_24_5_djvu.txt	?	-
sim_scientific-american_1871-02-05_24_6	https://archive.org/download/sim_scientific-american_1871-02-05_24_6/sim_scientific-american_1871-02-05_24_6_djvu.txt	?	-
sim_scientific-american_1871-02-12_24_7	https://archive.org/download/sim_scientific-american_1871-02-12_24_7/sim_scientific-american_1871-02-12_24_7_djvu.txt	?	-
sim_scientific-american_1871-02-19_24_8	https://archive.org/download/sim_scientific-american_1871-02-19_24_8/sim_scientific-american_1871-02-19_24_8_djvu.txt	?	-
sim_scientific-american_1871-02-26_24_9	https://archive.org/download/sim_scientific-american_1871-02-26_24_9/sim_scientific-american_1871-02-26_24_9_djvu.txt	?	-
sim_scientific-american_1871-03-05_24_10	https://archive.org/download/sim_scientific-american_1871-03-05_24_10/sim_scientific-american_1871-03-05_24_10_djvu.txt	?	-
sim_scientific-american_1871-03-12_24_11	https://archive.org/download/sim_scientific-american_1871-03-12_24_11/sim_scientific-american_1871-03-12_24_11_djvu.txt	?	-
sim_scientific-american_1871-03-19_24_12	https://archive.org/download/sim_scientific-american_1871-03-19_24_12/sim_scientific-american_1871-03-19_24_12_djvu.txt	?	-
sim_scientific-american_1871-03-26_24_13	https://archive.org/download/sim_scientific-american_1871-03-26_24_13/sim_scientific-american_1871-03-26_24_13_djvu.txt	?	-
sim_scientific-american_1871-04-02_24_14	https://archive.org/download/sim_scientific-american_1871-04-02_24_14/sim_scientific-american_1871-04-02_24_14_djvu.txt	?	-
sim_scientific-american_1871-04-09_24_15	https://archive.org/download/sim_scientific-american_1871-04-09_24_15/sim_scientific-american_1871-04-09_24_15_djvu.txt	?	-
sim_scientific-american_1871-04-16_24_16	https://archive.org/download/sim_scientific-american_1871-04-16_24_16/sim_scientific-american_1871-04-16_24_16_djvu.txt	?	-
sim_scientific-american_1871-04-23_24_17	https://archive.org/download/sim_scientific-american_1871-04-23_24_17/sim_scientific-american_1871-04-23_24_17_djvu.txt	?	-
sim_scientific-american_1871-04-30_24_18	https://archive.org/download/sim_scientific-american_1871-04-30_24_18/sim_scientific-american_1871-04-30_24_18_djvu.txt	?	-
sim_scientific-american_1871-05-07_24_19	https://archive.org/download/sim_scientific-american_1871-05-07_24_19/sim_scientific-american_1871-05-07_24_19_djvu.txt	?	-
sim_scientific-american_1871-05-14_24_20	https://archive.org/download/sim_scientific-american_1871-05-14_24_20/sim_scientific-american_1871-05-14_24_20_djvu.txt	?	-
sim_scientific-american_1871-05-21_24_21	https://archive.org/download/sim_scientific-american_1871-05-21_24_21/sim_scientific-american_1871-05-21_24_21_djvu.txt	?	-
sim_scientific-american_1871-05-28_24_22	https://archive.org/download/sim_scientific-american_1871-05-28_24_22/sim_scientific-american_1871-05-28_24_22_djvu.txt	?	-
sim_scientific-american_1871-06-04_24_23	https://archive.org/download/sim_scientific-american_1871-06-04_24_23/sim_scientific-american_1871-06-04_24_23_djvu.txt	?	-
sim_scientific-american_1871-06-11_24_24	https://archive.org/download/sim_scientific-american_1871-06-11_24_24/sim_scientific-american_1871-06-11_24_24_djvu.txt	?	-
sim_scientific-american_1871-06-18_24_25	https://archive.org/download/sim_scientific-american_1871-06-18_24_25/sim_scientific-american_1871-06-18_24_25_djvu.txt	?	-
sim_scientific-american_1871-06-25_24_26	https://archive.org/download/sim_scientific-american_1871-06-25_24_26/sim_scientific-american_1871-06-25_24_26_djvu.txt	?	-
sim_scientific-american_1871-07-01_25_1	https://archive.org/download/sim_scientific-american_1871-07-01_25_1/sim_scientific-american_1871-07-01_25_1_djvu.txt	?	-
sim_scientific-american_1871-07-08_25_2	https://archive.org/download/sim_scientific-american_1871-07-08_25_2/sim_scientific-american_1871-07-08_25_2_djvu.txt	?	-
sim_scientific-american_1871-07-15_25_3	https://archive.org/download/sim_scientific-american_1871-07-15_25_3/sim_scientific-american_1871-07-15_25_3_djvu.txt	?	-
sim_scientific-american_1871-07-22_25_4	https://archive.org/download/sim_scientific-american_1871-07-22_25_4/sim_scientific-american_1871-07-22_25_4_djvu.txt	?	-
sim_scientific-american_1871-07-29_25_5	https://archive.org/download/sim_scientific-american_1871-07-29_25_5/sim_scientific-american_1871-07-29_25_5_djvu.txt	?	-
sim_scientific-american_1871-08-05_25_6	https://archive.org/download/sim_scientific-american_1871-08-05_25_6/sim_scientific-american_1871-08-05_25_6_djvu.txt	?	-
sim_scientific-american_1871-08-12_25_7	https://archive.org/download/sim_scientific-american_1871-08-12_25_7/sim_scientific-american_1871-08-12_25_7_djvu.txt	?	-
sim_scientific-american_1871-08-19_25_8	https://archive.org/download/sim_scientific-american_1871-08-19_25_8/sim_scientific-american_1871-08-19_25_8_djvu.txt	?	-
sim_scientific-american_1871-08-26_25_9	https://archive.org/download/sim_scientific-american_1871-08-26_25_9/sim_scientific-american_1871-08-26_25_9_djvu.txt	?	-
sim_scientific-american_1871-09-02_25_10	https://archive.org/download/sim_scientific-american_1871-09-02_25_10/sim_scientific-american_1871-09-02_25_10_djvu.txt	?	-
sim_scientific-american_1871-09-09_25_11	https://archive.org/download/sim_scientific-american_1871-09-09_25_11/sim_scientific-american_1871-09-09_25_11_djvu.txt	?	-
sim_scientific-american_1871-09-16_25_12	https://archive.org/download/sim_scientific-american_1871-09-16_25_12/sim_scientific-american_1871-09-16_25_12_djvu.txt	?	-
sim_scientific-american_1871-09-23_25_13	https://archive.org/download/sim_scientific-american_1871-09-23_25_13/sim_scientific-american_1871-09-23_25_13_djvu.txt	?	-
sim_scientific-american_1871-09-30_25_14	https://archive.org/download/sim_scientific-american_1871-09-30_25_14/sim_scientific-american_1871-09-30_25_14_djvu.txt	?	-
sim_scientific-american_1871-10-07_25_15	https://archive.org/download/sim_scientific-american_1871-10-07_25_15/sim_scientific-american_1871-10-07_25_15_djvu.txt	?	-
sim_scientific-american_1871-10-14_25_16	https://archive.org/download/sim_scientific-american_1871-10-14_25_16/sim_scientific-american_1871-10-14_25_16_djvu.txt	?	-
sim_scientific-american_1871-10-21_25_17	https://archive.org/download/sim_scientific-american_1871-10-21_25_17/sim_scientific-american_1871-10-21_25_17_djvu.txt	?	-
sim_scientific-american_1871-10-28_25_18	https://archive.org/download/sim_scientific-american_1871-10-28_25_18/sim_scientific-american_1871-10-28_25_18_djvu.txt	?	-
sim_scientific-american_1871-11-04_25_19	https://archive.org/download/sim_scientific-american_1871-11-04_25_19/sim_scientific-american_1871-11-04_25_19_djvu.txt	?	-
sim_scientific-american_1871-11-11_25_20	https://archive.org/download/sim_scientific-american_1871-11-11_25_20/sim_scientific-american_1871-11-11_25_20_djvu.txt	?	-
sim_scientific-american_1871-11-18_25_21	https://archive.org/download/sim_scientific-american_1871-11-18_25_21/sim_scientific-american_1871-11-18_25_21_djvu.txt	?	-
sim_scientific-american_1871-11-25_25_22	https://archive.org/download/sim_scientific-american_1871-11-25_25_22/sim_scientific-american_1871-11-25_25_22_djvu.txt	?	-
sim_scientific-american_1871-12-02_25_23	https://archive.org/download/sim_scientific-american_1871-12-02_25_23/sim_scientific-american_1871-12-02_25_23_djvu.txt	?	-
sim_scientific-american_1871-12-09_25_24	https://archive.org/download/sim_scientific-american_1871-12-09_25_24/sim_scientific-american_1871-12-09_25_24_djvu.txt	?	-
sim_scientific-american_1871-12-16_25_25	https://archive.org/download/sim_scientific-american_1871-12-16_25_25/sim_scientific-american_1871-12-16_25_25_djvu.txt	?	-
sim_scientific-american_1871-12-23_25_26	https://archive.org/download/sim_scientific-american_1871-12-23_25_26/sim_scientific-american_1871-12-23_25_26_djvu.txt	?	-
sim_scientific-american_1871_24_index	https://archive.org/download/sim_scientific-american_1871_24_index/sim_scientific-american_1871_24_index_djvu.txt	?	-
sim_scientific-american_1871_25_index	https://archive.org/download/sim_scientific-american_1871_25_index/sim_scientific-american_1871_25_index_djvu.txt	?	-
sim_scientific-american_1872-01-01_26_1	https://archive.org/download/sim_scientific-american_1872-01-01_26_1/sim_scientific-american_1872-01-01_26_1_djvu.txt	?	-
sim_scientific-american_1872-01-06_26_2	https://archive.org/download/sim_scientific-american_1872-01-06_26_2/sim_scientific-american_1872-01-06_26_2_djvu.txt	?	-
sim_scientific-american_1872-01-13_26_3	https://archive.org/download/sim_scientific-american_1872-01-13_26_3/sim_scientific-american_1872-01-13_26_3_djvu.txt	?	-
sim_scientific-american_1872-01-20_26_4	https://archive.org/download/sim_scientific-american_1872-01-20_26_4/sim_scientific-american_1872-01-20_26_4_djvu.txt	?	-
sim_scientific-american_1872-01-27_26_5	https://archive.org/download/sim_scientific-american_1872-01-27_26_5/sim_scientific-american_1872-01-27_26_5_djvu.txt	?	-
sim_scientific-american_1872-02-03_26_6	https://archive.org/download/sim_scientific-american_1872-02-03_26_6/sim_scientific-american_1872-02-03_26_6_djvu.txt	?	-
sim_scientific-american_1872-02-10_26_7	https://archive.org/download/sim_scientific-american_1872-02-10_26_7/sim_scientific-american_1872-02-10_26_7_djvu.txt	?	-
sim_scientific-american_1872-02-17_26_8	https://archive.org/download/sim_scientific-american_1872-02-17_26_8/sim_scientific-american_1872-02-17_26_8_djvu.txt	?	-
sim_scientific-american_1872-02-24_26_9	https://archive.org/download/sim_scientific-american_1872-02-24_26_9/sim_scientific-american_1872-02-24_26_9_djvu.txt	?	-
sim_scientific-american_1872-03-02_26_10	https://archive.org/download/sim_scientific-american_1872-03-02_26_10/sim_scientific-american_1872-03-02_26_10_djvu.txt	?	-
sim_scientific-american_1872-03-09_26_11	https://archive.org/download/sim_scientific-american_1872-03-09_26_11/sim_scientific-american_1872-03-09_26_11_djvu.txt	?	-
sim_scientific-american_1872-03-16_26_12	https://archive.org/download/sim_scientific-american_1872-03-16_26_12/sim_scientific-american_1872-03-16_26_12_djvu.txt	?	-
sim_scientific-american_1872-03-23_26_13	https://archive.org/download/sim_scientific-american_1872-03-23_26_13/sim_scientific-american_1872-03-23_26_13_djvu.txt	?	-
sim_scientific-american_1872-03-30_26_14	https://archive.org/download/sim_scientific-american_1872-03-30_26_14/sim_scientific-american_1872-03-30_26_14_djvu.txt	?	-
sim_scientific-american_1872-04-06_26_15	https://archive.org/download/sim_scientific-american_1872-04-06_26_15/sim_scientific-american_1872-04-06_26_15_djvu.txt	?	-
sim_scientific-american_1872-04-13_26_16	https://archive.org/download/sim_scientific-american_1872-04-13_26_16/sim_scientific-american_1872-04-13_26_16_djvu.txt	?	-
sim_scientific-american_1872-04-20_26_17	https://archive.org/download/sim_scientific-american_1872-04-20_26_17/sim_scientific-american_1872-04-20_26_17_djvu.txt	?	-
sim_scientific-american_1872-04-27_26_18	https://archive.org/download/sim_scientific-american_1872-04-27_26_18/sim_scientific-american_1872-04-27_26_18_djvu.txt	?	-
sim_scientific-american_1872-05-04_26_19	https://archive.org/download/sim_scientific-american_1872-05-04_26_19/sim_scientific-american_1872-05-04_26_19_djvu.txt	?	-
sim_scientific-american_1872-05-11_26_20	https://archive.org/download/sim_scientific-american_1872-05-11_26_20/sim_scientific-american_1872-05-11_26_20_djvu.txt	?	-
sim_scientific-american_1872-05-18_26_21	https://archive.org/download/sim_scientific-american_1872-05-18_26_21/sim_scientific-american_1872-05-18_26_21_djvu.txt	?	-
sim_scientific-american_1872-05-18_26_supplement	https://archive.org/download/sim_scientific-american_1872-05-18_26_supplement/sim_scientific-american_1872-05-18_26_supplement_djvu.txt	?	-
sim_scientific-american_1872-05-25_26_22	https://archive.org/download/sim_scientific-american_1872-05-25_26_22/sim_scientific-american_1872-05-25_26_22_djvu.txt	?	-
sim_scientific-american_1872-06-01_26_23	https://archive.org/download/sim_scientific-american_1872-06-01_26_23/sim_scientific-american_1872-06-01_26_23_djvu.txt	?	-
sim_scientific-american_1872-06-08_26_24	https://archive.org/download/sim_scientific-american_1872-06-08_26_24/sim_scientific-american_1872-06-08_26_24_djvu.txt	?	-
sim_scientific-american_1872-06-15_26_25	https://archive.org/download/sim_scientific-american_1872-06-15_26_25/sim_scientific-american_1872-06-15_26_25_djvu.txt	?	-
sim_scientific-american_1872-06-22_26_26	https://archive.org/download/sim_scientific-american_1872-06-22_26_26/sim_scientific-american_1872-06-22_26_26_djvu.txt	?	-
sim_scientific-american_1872-07-06_27_1	https://archive.org/download/sim_scientific-american_1872-07-06_27_1/sim_scientific-american_1872-07-06_27_1_djvu.txt	?	-
sim_scientific-american_1872-07-13_27_2	https://archive.org/download/sim_scientific-american_1872-07-13_27_2/sim_scientific-american_1872-07-13_27_2_djvu.txt	?	-
sim_scientific-american_1872-07-20_27_3	https://archive.org/download/sim_scientific-american_1872-07-20_27_3/sim_scientific-american_1872-07-20_27_3_djvu.txt	?	-
sim_scientific-american_1872-07-27_27_4	https://archive.org/download/sim_scientific-american_1872-07-27_27_4/sim_scientific-american_1872-07-27_27_4_djvu.txt	?	-
sim_scientific-american_1872-08-03_27_5	https://archive.org/download/sim_scientific-american_1872-08-03_27_5/sim_scientific-american_1872-08-03_27_5_djvu.txt	?	-
sim_scientific-american_1872-08-10_27_6	https://archive.org/download/sim_scientific-american_1872-08-10_27_6/sim_scientific-american_1872-08-10_27_6_djvu.txt	?	-
sim_scientific-american_1872-08-17_27_7	https://archive.org/download/sim_scientific-american_1872-08-17_27_7/sim_scientific-american_1872-08-17_27_7_djvu.txt	?	-
sim_scientific-american_1872-08-24_27_8	https://archive.org/download/sim_scientific-american_1872-08-24_27_8/sim_scientific-american_1872-08-24_27_8_djvu.txt	?	-
sim_scientific-american_1872-08-31_27_9	https://archive.org/download/sim_scientific-american_1872-08-31_27_9/sim_scientific-american_1872-08-31_27_9_djvu.txt	?	-
sim_scientific-american_1872-09-07_27_10	https://archive.org/download/sim_scientific-american_1872-09-07_27_10/sim_scientific-american_1872-09-07_27_10_djvu.txt	?	-
sim_scientific-american_1872-09-14_27_11	https://archive.org/download/sim_scientific-american_1872-09-14_27_11/sim_scientific-american_1872-09-14_27_11_djvu.txt	?	-
sim_scientific-american_1872-09-21_27_12	https://archive.org/download/sim_scientific-american_1872-09-21_27_12/sim_scientific-american_1872-09-21_27_12_djvu.txt	?	-
sim_scientific-american_1872-09-28_27_13	https://archive.org/download/sim_scientific-american_1872-09-28_27_13/sim_scientific-american_1872-09-28_27_13_djvu.txt	?	-
sim_scientific-american_1872-10-05_27_14	https://archive.org/download/sim_scientific-american_1872-10-05_27_14/sim_scientific-american_1872-10-05_27_14_djvu.txt	?	-
sim_scientific-american_1872-10-12_27_15	https://archive.org/download/sim_scientific-american_1872-10-12_27_15/sim_scientific-american_1872-10-12_27_15_djvu.txt	?	-
sim_scientific-american_1872-10-19_27_16	https://archive.org/download/sim_scientific-american_1872-10-19_27_16/sim_scientific-american_1872-10-19_27_16_djvu.txt	?	-
sim_scientific-american_1872-10-26_27_17	https://archive.org/download/sim_scientific-american_1872-10-26_27_17/sim_scientific-american_1872-10-26_27_17_djvu.txt	?	-
sim_scientific-american_1872-11-02_27_18	https://archive.org/download/sim_scientific-american_1872-11-02_27_18/sim_scientific-american_1872-11-02_27_18_djvu.txt	?	-
sim_scientific-american_1872-11-09_27_19	https://archive.org/download/sim_scientific-american_1872-11-09_27_19/sim_scientific-american_1872-11-09_27_19_djvu.txt	?	-
sim_scientific-american_1872-11-16_27_20	https://archive.org/download/sim_scientific-american_1872-11-16_27_20/sim_scientific-american_1872-11-16_27_20_djvu.txt	?	-
sim_scientific-american_1872-11-23_27_21	https://archive.org/download/sim_scientific-american_1872-11-23_27_21/sim_scientific-american_1872-11-23_27_21_djvu.txt	?	-
sim_scientific-american_1872-11-30_27_22	https://archive.org/download/sim_scientific-american_1872-11-30_27_22/sim_scientific-american_1872-11-30_27_22_djvu.txt	?	-
sim_scientific-american_1872-12-07_27_23	https://archive.org/download/sim_scientific-american_1872-12-07_27_23/sim_scientific-american_1872-12-07_27_23_djvu.txt	?	-
sim_scientific-american_1872-12-14_27_24	https://archive.org/download/sim_scientific-american_1872-12-14_27_24/sim_scientific-american_1872-12-14_27_24_djvu.txt	?	-
sim_scientific-american_1872-12-21_27_25	https://archive.org/download/sim_scientific-american_1872-12-21_27_25/sim_scientific-american_1872-12-21_27_25_djvu.txt	?	-
sim_scientific-american_1872-12-28_27_26	https://archive.org/download/sim_scientific-american_1872-12-28_27_26/sim_scientific-american_1872-12-28_27_26_djvu.txt	?	-
sim_scientific-american_1872_26_index	https://archive.org/download/sim_scientific-american_1872_26_index/sim_scientific-american_1872_26_index_djvu.txt	?	-
sim_scientific-american_1872_27_index	https://archive.org/download/sim_scientific-american_1872_27_index/sim_scientific-american_1872_27_index_djvu.txt	?	-
sim_scientific-american_1873-01-04_28_1	https://archive.org/download/sim_scientific-american_1873-01-04_28_1/sim_scientific-american_1873-01-04_28_1_djvu.txt	?	-
sim_scientific-american_1873-01-11_28_2	https://archive.org/download/sim_scientific-american_1873-01-11_28_2/sim_scientific-american_1873-01-11_28_2_djvu.txt	?	-
sim_scientific-american_1873-01-18_28_3	https://archive.org/download/sim_scientific-american_1873-01-18_28_3/sim_scientific-american_1873-01-18_28_3_djvu.txt	?	-
sim_scientific-american_1873-01-25_28_4	https://archive.org/download/sim_scientific-american_1873-01-25_28_4/sim_scientific-american_1873-01-25_28_4_djvu.txt	?	-
sim_scientific-american_1873-02-01_28_5	https://archive.org/download/sim_scientific-american_1873-02-01_28_5/sim_scientific-american_1873-02-01_28_5_djvu.txt	?	-
sim_scientific-american_1873-02-08_28_6	https://archive.org/download/sim_scientific-american_1873-02-08_28_6/sim_scientific-american_1873-02-08_28_6_djvu.txt	?	-
sim_scientific-american_1873-02-15_28_7	https://archive.org/download/sim_scientific-american_1873-02-15_28_7/sim_scientific-american_1873-02-15_28_7_djvu.txt	?	-
sim_scientific-american_1873-02-22_28_8	https://archive.org/download/sim_scientific-american_1873-02-22_28_8/sim_scientific-american_1873-02-22_28_8_djvu.txt	?	-
sim_scientific-american_1873-03-01_28_9	https://archive.org/download/sim_scientific-american_1873-03-01_28_9/sim_scientific-american_1873-03-01_28_9_djvu.txt	?	-
sim_scientific-american_1873-03-08_28_10	https://archive.org/download/sim_scientific-american_1873-03-08_28_10/sim_scientific-american_1873-03-08_28_10_djvu.txt	?	-
sim_scientific-american_1873-03-15_28_11	https://archive.org/download/sim_scientific-american_1873-03-15_28_11/sim_scientific-american_1873-03-15_28_11_djvu.txt	?	-
sim_scientific-american_1873-03-22_28_12	https://archive.org/download/sim_scientific-american_1873-03-22_28_12/sim_scientific-american_1873-03-22_28_12_djvu.txt	?	-
sim_scientific-american_1873-03-29_28_13	https://archive.org/download/sim_scientific-american_1873-03-29_28_13/sim_scientific-american_1873-03-29_28_13_djvu.txt	?	-
sim_scientific-american_1873-04-05_28_14	https://archive.org/download/sim_scientific-american_1873-04-05_28_14/sim_scientific-american_1873-04-05_28_14_djvu.txt	?	-
sim_scientific-american_1873-04-12_28_15	https://archive.org/download/sim_scientific-american_1873-04-12_28_15/sim_scientific-american_1873-04-12_28_15_djvu.txt	?	-
sim_scientific-american_1873-04-19_28_16	https://archive.org/download/sim_scientific-american_1873-04-19_28_16/sim_scientific-american_1873-04-19_28_16_djvu.txt	?	-
sim_scientific-american_1873-04-26_28_17	https://archive.org/download/sim_scientific-american_1873-04-26_28_17/sim_scientific-american_1873-04-26_28_17_djvu.txt	?	-
sim_scientific-american_1873-05-03_28_18	https://archive.org/download/sim_scientific-american_1873-05-03_28_18/sim_scientific-american_1873-05-03_28_18_djvu.txt	?	-
sim_scientific-american_1873-05-10_28_19	https://archive.org/download/sim_scientific-american_1873-05-10_28_19/sim_scientific-american_1873-05-10_28_19_djvu.txt	?	-
sim_scientific-american_1873-05-17_28_20	https://archive.org/download/sim_scientific-american_1873-05-17_28_20/sim_scientific-american_1873-05-17_28_20_djvu.txt	?	-
sim_scientific-american_1873-05-24_28_21	https://archive.org/download/sim_scientific-american_1873-05-24_28_21/sim_scientific-american_1873-05-24_28_21_djvu.txt	?	-
sim_scientific-american_1873-05-31_28_22	https://archive.org/download/sim_scientific-american_1873-05-31_28_22/sim_scientific-american_1873-05-31_28_22_djvu.txt	?	-
sim_scientific-american_1873-06-07_28_23	https://archive.org/download/sim_scientific-american_1873-06-07_28_23/sim_scientific-american_1873-06-07_28_23_djvu.txt	?	-
sim_scientific-american_1873-06-14_28_24	https://archive.org/download/sim_scientific-american_1873-06-14_28_24/sim_scientific-american_1873-06-14_28_24_djvu.txt	?	-
sim_scientific-american_1873-06-21_28_25	https://archive.org/download/sim_scientific-american_1873-06-21_28_25/sim_scientific-american_1873-06-21_28_25_djvu.txt	?	-
sim_scientific-american_1873-06-28_28_26	https://archive.org/download/sim_scientific-american_1873-06-28_28_26/sim_scientific-american_1873-06-28_28_26_djvu.txt	?	-
sim_scientific-american_1873-07-05_29_1	https://archive.org/download/sim_scientific-american_1873-07-05_29_1/sim_scientific-american_1873-07-05_29_1_djvu.txt	?	-
sim_scientific-american_1873-07-12_29_2	https://archive.org/download/sim_scientific-american_1873-07-12_29_2/sim_scientific-american_1873-07-12_29_2_djvu.txt	?	-
sim_scientific-american_1873-07-19_29_3	https://archive.org/download/sim_scientific-american_1873-07-19_29_3/sim_scientific-american_1873-07-19_29_3_djvu.txt	?	-
sim_scientific-american_1873-07-26_29_4	https://archive.org/download/sim_scientific-american_1873-07-26_29_4/sim_scientific-american_1873-07-26_29_4_djvu.txt	?	-
sim_scientific-american_1873-08-02_29_5	https://archive.org/download/sim_scientific-american_1873-08-02_29_5/sim_scientific-american_1873-08-02_29_5_djvu.txt	?	-
sim_scientific-american_1873-08-09_29_6	https://archive.org/download/sim_scientific-american_1873-08-09_29_6/sim_scientific-american_1873-08-09_29_6_djvu.txt	?	-
sim_scientific-american_1873-08-16_29_7	https://archive.org/download/sim_scientific-american_1873-08-16_29_7/sim_scientific-american_1873-08-16_29_7_djvu.txt	?	-
sim_scientific-american_1873-08-23_29_8	https://archive.org/download/sim_scientific-american_1873-08-23_29_8/sim_scientific-american_1873-08-23_29_8_djvu.txt	?	-
sim_scientific-american_1873-08-30_29_9	https://archive.org/download/sim_scientific-american_1873-08-30_29_9/sim_scientific-american_1873-08-30_29_9_djvu.txt	?	-
sim_scientific-american_1873-09-06_29_10	https://archive.org/download/sim_scientific-american_1873-09-06_29_10/sim_scientific-american_1873-09-06_29_10_djvu.txt	?	-
sim_scientific-american_1873-09-13_29_11	https://archive.org/download/sim_scientific-american_1873-09-13_29_11/sim_scientific-american_1873-09-13_29_11_djvu.txt	?	-
sim_scientific-american_1873-09-20_29_12	https://archive.org/download/sim_scientific-american_1873-09-20_29_12/sim_scientific-american_1873-09-20_29_12_djvu.txt	?	-
sim_scientific-american_1873-09-27_29_13	https://archive.org/download/sim_scientific-american_1873-09-27_29_13/sim_scientific-american_1873-09-27_29_13_djvu.txt	?	-
sim_scientific-american_1873-10-04_29_14	https://archive.org/download/sim_scientific-american_1873-10-04_29_14/sim_scientific-american_1873-10-04_29_14_djvu.txt	?	-
sim_scientific-american_1873-10-11_29_15	https://archive.org/download/sim_scientific-american_1873-10-11_29_15/sim_scientific-american_1873-10-11_29_15_djvu.txt	?	-
sim_scientific-american_1873-10-18_29_16	https://archive.org/download/sim_scientific-american_1873-10-18_29_16/sim_scientific-american_1873-10-18_29_16_djvu.txt	?	-
sim_scientific-american_1873-10-25_29_17	https://archive.org/download/sim_scientific-american_1873-10-25_29_17/sim_scientific-american_1873-10-25_29_17_djvu.txt	?	-
sim_scientific-american_1873-11-01_29_18	https://archive.org/download/sim_scientific-american_1873-11-01_29_18/sim_scientific-american_1873-11-01_29_18_djvu.txt	?	-
sim_scientific-american_1873-11-08_29_19	https://archive.org/download/sim_scientific-american_1873-11-08_29_19/sim_scientific-american_1873-11-08_29_19_djvu.txt	?	-
sim_scientific-american_1873-11-15_29_20	https://archive.org/download/sim_scientific-american_1873-11-15_29_20/sim_scientific-american_1873-11-15_29_20_djvu.txt	?	-
sim_scientific-american_1873-11-22_29_21	https://archive.org/download/sim_scientific-american_1873-11-22_29_21/sim_scientific-american_1873-11-22_29_21_djvu.txt	?	-
sim_scientific-american_1873-11-29_29_22	https://archive.org/download/sim_scientific-american_1873-11-29_29_22/sim_scientific-american_1873-11-29_29_22_djvu.txt	?	-
sim_scientific-american_1873-12-06_29_23	https://archive.org/download/sim_scientific-american_1873-12-06_29_23/sim_scientific-american_1873-12-06_29_23_djvu.txt	?	-
sim_scientific-american_1873-12-13_29_24	https://archive.org/download/sim_scientific-american_1873-12-13_29_24/sim_scientific-american_1873-12-13_29_24_djvu.txt	?	-
sim_scientific-american_1873-12-20_29_25	https://archive.org/download/sim_scientific-american_1873-12-20_29_25/sim_scientific-american_1873-12-20_29_25_djvu.txt	?	-
sim_scientific-american_1873-12-27_29_26	https://archive.org/download/sim_scientific-american_1873-12-27_29_26/sim_scientific-american_1873-12-27_29_26_djvu.txt	?	-
sim_scientific-american_1873_28_index	https://archive.org/download/sim_scientific-american_1873_28_index/sim_scientific-american_1873_28_index_djvu.txt	?	-
sim_scientific-american_1873_29_index	https://archive.org/download/sim_scientific-american_1873_29_index/sim_scientific-american_1873_29_index_djvu.txt	?	-
sim_scientific-american_1874-01-03_30_1	https://archive.org/download/sim_scientific-american_1874-01-03_30_1/sim_scientific-american_1874-01-03_30_1_djvu.txt	?	-
sim_scientific-american_1874-01-10_30_2	https://archive.org/download/sim_scientific-american_1874-01-10_30_2/sim_scientific-american_1874-01-10_30_2_djvu.txt	?	-
sim_scientific-american_1874-01-17_30_3	https://archive.org/download/sim_scientific-american_1874-01-17_30_3/sim_scientific-american_1874-01-17_30_3_djvu.txt	?	-
sim_scientific-american_1874-01-24_30_4	https://archive.org/download/sim_scientific-american_1874-01-24_30_4/sim_scientific-american_1874-01-24_30_4_djvu.txt	?	-
sim_scientific-american_1874-01-31_30_5	https://archive.org/download/sim_scientific-american_1874-01-31_30_5/sim_scientific-american_1874-01-31_30_5_djvu.txt	?	-
sim_scientific-american_1874-02-07_30_6	https://archive.org/download/sim_scientific-american_1874-02-07_30_6/sim_scientific-american_1874-02-07_30_6_djvu.txt	?	-
sim_scientific-american_1874-02-14_30_7	https://archive.org/download/sim_scientific-american_1874-02-14_30_7/sim_scientific-american_1874-02-14_30_7_djvu.txt	?	-
sim_scientific-american_1874-02-21_30_8	https://archive.org/download/sim_scientific-american_1874-02-21_30_8/sim_scientific-american_1874-02-21_30_8_djvu.txt	?	-
sim_scientific-american_1874-02-28_30_9	https://archive.org/download/sim_scientific-american_1874-02-28_30_9/sim_scientific-american_1874-02-28_30_9_djvu.txt	?	-
sim_scientific-american_1874-03-07_30_10	https://archive.org/download/sim_scientific-american_1874-03-07_30_10/sim_scientific-american_1874-03-07_30_10_djvu.txt	?	-
sim_scientific-american_1874-03-14_30_11	https://archive.org/download/sim_scientific-american_1874-03-14_30_11/sim_scientific-american_1874-03-14_30_11_djvu.txt	?	-
sim_scientific-american_1874-03-21_30_12	https://archive.org/download/sim_scientific-american_1874-03-21_30_12/sim_scientific-american_1874-03-21_30_12_djvu.txt	?	-
sim_scientific-american_1874-03-28_30_13	https://archive.org/download/sim_scientific-american_1874-03-28_30_13/sim_scientific-american_1874-03-28_30_13_djvu.txt	?	-
sim_scientific-american_1874-04-04_30_14	https://archive.org/download/sim_scientific-american_1874-04-04_30_14/sim_scientific-american_1874-04-04_30_14_djvu.txt	?	-
sim_scientific-american_1874-04-11_30_15	https://archive.org/download/sim_scientific-american_1874-04-11_30_15/sim_scientific-american_1874-04-11_30_15_djvu.txt	?	-
sim_scientific-american_1874-04-18_30_16	https://archive.org/download/sim_scientific-american_1874-04-18_30_16/sim_scientific-american_1874-04-18_30_16_djvu.txt	?	-
sim_scientific-american_1874-04-25_30_17	https://archive.org/download/sim_scientific-american_1874-04-25_30_17/sim_scientific-american_1874-04-25_30_17_djvu.txt	?	-
sim_scientific-american_1874-05-02_30_18	https://archive.org/download/sim_scientific-american_1874-05-02_30_18/sim_scientific-american_1874-05-02_30_18_djvu.txt	?	-
sim_scientific-american_1874-05-09_30_19	https://archive.org/download/sim_scientific-american_1874-05-09_30_19/sim_scientific-american_1874-05-09_30_19_djvu.txt	?	-
sim_scientific-american_1874-05-16_30_20	https://archive.org/download/sim_scientific-american_1874-05-16_30_20/sim_scientific-american_1874-05-16_30_20_djvu.txt	?	-
sim_scientific-american_1874-05-23_30_21	https://archive.org/download/sim_scientific-american_1874-05-23_30_21/sim_scientific-american_1874-05-23_30_21_djvu.txt	?	-
sim_scientific-american_1874-05-30_30_22	https://archive.org/download/sim_scientific-american_1874-05-30_30_22/sim_scientific-american_1874-05-30_30_22_djvu.txt	?	-
sim_scientific-american_1874-06-06_30_23	https://archive.org/download/sim_scientific-american_1874-06-06_30_23/sim_scientific-american_1874-06-06_30_23_djvu.txt	?	-
sim_scientific-american_1874-06-13_30_24	https://archive.org/download/sim_scientific-american_1874-06-13_30_24/sim_scientific-american_1874-06-13_30_24_djvu.txt	?	-
sim_scientific-american_1874-06-20_30_25	https://archive.org/download/sim_scientific-american_1874-06-20_30_25/sim_scientific-american_1874-06-20_30_25_djvu.txt	?	-
sim_scientific-american_1874-06-27_30_26	https://archive.org/download/sim_scientific-american_1874-06-27_30_26/sim_scientific-american_1874-06-27_30_26_djvu.txt	?	-
sim_scientific-american_1874-07-04_31_1	https://archive.org/download/sim_scientific-american_1874-07-04_31_1/sim_scientific-american_1874-07-04_31_1_djvu.txt	?	-
sim_scientific-american_1874-07-11_31_2	https://archive.org/download/sim_scientific-american_1874-07-11_31_2/sim_scientific-american_1874-07-11_31_2_djvu.txt	?	-
sim_scientific-american_1874-07-18_31_3	https://archive.org/download/sim_scientific-american_1874-07-18_31_3/sim_scientific-american_1874-07-18_31_3_djvu.txt	?	-
sim_scientific-american_1874-07-25_31_4	https://archive.org/download/sim_scientific-american_1874-07-25_31_4/sim_scientific-american_1874-07-25_31_4_djvu.txt	?	-
sim_scientific-american_1874-08-01_31_5	https://archive.org/download/sim_scientific-american_1874-08-01_31_5/sim_scientific-american_1874-08-01_31_5_djvu.txt	?	-
sim_scientific-american_1874-08-08_31_6	https://archive.org/download/sim_scientific-american_1874-08-08_31_6/sim_scientific-american_1874-08-08_31_6_djvu.txt	?	-
sim_scientific-american_1874-08-15_31_7	https://archive.org/download/sim_scientific-american_1874-08-15_31_7/sim_scientific-american_1874-08-15_31_7_djvu.txt	?	-
sim_scientific-american_1874-08-22_31_8	https://archive.org/download/sim_scientific-american_1874-08-22_31_8/sim_scientific-american_1874-08-22_31_8_djvu.txt	?	-
sim_scientific-american_1874-08-29_31_9	https://archive.org/download/sim_scientific-american_1874-08-29_31_9/sim_scientific-american_1874-08-29_31_9_djvu.txt	?	-
sim_scientific-american_1874-09-05_31_10	https://archive.org/download/sim_scientific-american_1874-09-05_31_10/sim_scientific-american_1874-09-05_31_10_djvu.txt	?	-
sim_scientific-american_1874-09-12_31_11	https://archive.org/download/sim_scientific-american_1874-09-12_31_11/sim_scientific-american_1874-09-12_31_11_djvu.txt	?	-
sim_scientific-american_1874-09-19_31_12	https://archive.org/download/sim_scientific-american_1874-09-19_31_12/sim_scientific-american_1874-09-19_31_12_djvu.txt	?	-
sim_scientific-american_1874-09-26_31_13	https://archive.org/download/sim_scientific-american_1874-09-26_31_13/sim_scientific-american_1874-09-26_31_13_djvu.txt	?	-
sim_scientific-american_1874-10-03_31_14	https://archive.org/download/sim_scientific-american_1874-10-03_31_14/sim_scientific-american_1874-10-03_31_14_djvu.txt	?	-
sim_scientific-american_1874-10-10_31_15	https://archive.org/download/sim_scientific-american_1874-10-10_31_15/sim_scientific-american_1874-10-10_31_15_djvu.txt	?	-
sim_scientific-american_1874-10-17_31_16	https://archive.org/download/sim_scientific-american_1874-10-17_31_16/sim_scientific-american_1874-10-17_31_16_djvu.txt	?	-
sim_scientific-american_1874-10-24_31_17	https://archive.org/download/sim_scientific-american_1874-10-24_31_17/sim_scientific-american_1874-10-24_31_17_djvu.txt	?	-
sim_scientific-american_1874-10-31_31_18	https://archive.org/download/sim_scientific-american_1874-10-31_31_18/sim_scientific-american_1874-10-31_31_18_djvu.txt	?	-
sim_scientific-american_1874-11-07_31_19	https://archive.org/download/sim_scientific-american_1874-11-07_31_19/sim_scientific-american_1874-11-07_31_19_djvu.txt	?	-
sim_scientific-american_1874-11-14_31_20	https://archive.org/download/sim_scientific-american_1874-11-14_31_20/sim_scientific-american_1874-11-14_31_20_djvu.txt	?	-
sim_scientific-american_1874-11-21_31_21	https://archive.org/download/sim_scientific-american_1874-11-21_31_21/sim_scientific-american_1874-11-21_31_21_djvu.txt	?	-
sim_scientific-american_1874-11-28_31_22	https://archive.org/download/sim_scientific-american_1874-11-28_31_22/sim_scientific-american_1874-11-28_31_22_djvu.txt	?	-
sim_scientific-american_1874-12-05_31_23	https://archive.org/download/sim_scientific-american_1874-12-05_31_23/sim_scientific-american_1874-12-05_31_23_djvu.txt	?	-
sim_scientific-american_1874-12-12_31_24	https://archive.org/download/sim_scientific-american_1874-12-12_31_24/sim_scientific-american_1874-12-12_31_24_djvu.txt	?	-
sim_scientific-american_1874-12-19_31_25	https://archive.org/download/sim_scientific-american_1874-12-19_31_25/sim_scientific-american_1874-12-19_31_25_djvu.txt	?	-
sim_scientific-american_1874-12-26_31_26	https://archive.org/download/sim_scientific-american_1874-12-26_31_26/sim_scientific-american_1874-12-26_31_26_djvu.txt	?	-
sim_scientific-american_1874_30_index	https://archive.org/download/sim_scientific-american_1874_30_index/sim_scientific-american_1874_30_index_djvu.txt	?	-
sim_scientific-american_1874_31_index	https://archive.org/download/sim_scientific-american_1874_31_index/sim_scientific-american_1874_31_index_djvu.txt	?	-
sim_scientific-american_1875-01-02_32_1	https://archive.org/download/sim_scientific-american_1875-01-02_32_1/sim_scientific-american_1875-01-02_32_1_djvu.txt	?	-
sim_scientific-american_1875-01-09_32_2	https://archive.org/download/sim_scientific-american_1875-01-09_32_2/sim_scientific-american_1875-01-09_32_2_djvu.txt	?	-
sim_scientific-american_1875-01-16_32_3	https://archive.org/download/sim_scientific-american_1875-01-16_32_3/sim_scientific-american_1875-01-16_32_3_djvu.txt	?	-
sim_scientific-american_1875-01-23_32_4	https://archive.org/download/sim_scientific-american_1875-01-23_32_4/sim_scientific-american_1875-01-23_32_4_djvu.txt	?	-
sim_scientific-american_1875-01-30_32_5	https://archive.org/download/sim_scientific-american_1875-01-30_32_5/sim_scientific-american_1875-01-30_32_5_djvu.txt	?	-
sim_scientific-american_1875-02-06_32_6	https://archive.org/download/sim_scientific-american_1875-02-06_32_6/sim_scientific-american_1875-02-06_32_6_djvu.txt	?	-
sim_scientific-american_1875-02-13_32_7	https://archive.org/download/sim_scientific-american_1875-02-13_32_7/sim_scientific-american_1875-02-13_32_7_djvu.txt	?	-
sim_scientific-american_1875-02-20_32_8	https://archive.org/download/sim_scientific-american_1875-02-20_32_8/sim_scientific-american_1875-02-20_32_8_djvu.txt	?	-
sim_scientific-american_1875-02-27_32_9	https://archive.org/download/sim_scientific-american_1875-02-27_32_9/sim_scientific-american_1875-02-27_32_9_djvu.txt	?	-
sim_scientific-american_1875-03-06_32_10	https://archive.org/download/sim_scientific-american_1875-03-06_32_10/sim_scientific-american_1875-03-06_32_10_djvu.txt	?	-
sim_scientific-american_1875-03-13_32_11	https://archive.org/download/sim_scientific-american_1875-03-13_32_11/sim_scientific-american_1875-03-13_32_11_djvu.txt	?	-
sim_scientific-american_1875-03-20_32_12	https://archive.org/download/sim_scientific-american_1875-03-20_32_12/sim_scientific-american_1875-03-20_32_12_djvu.txt	?	-
sim_scientific-american_1875-03-27_32_13	https://archive.org/download/sim_scientific-american_1875-03-27_32_13/sim_scientific-american_1875-03-27_32_13_djvu.txt	?	-
sim_scientific-american_1875-04-03_32_14	https://archive.org/download/sim_scientific-american_1875-04-03_32_14/sim_scientific-american_1875-04-03_32_14_djvu.txt	?	-
sim_scientific-american_1875-04-10_32_15	https://archive.org/download/sim_scientific-american_1875-04-10_32_15/sim_scientific-american_1875-04-10_32_15_djvu.txt	?	-
sim_scientific-american_1875-04-17_32_16	https://archive.org/download/sim_scientific-american_1875-04-17_32_16/sim_scientific-american_1875-04-17_32_16_djvu.txt	?	-
sim_scientific-american_1875-04-24_32_17	https://archive.org/download/sim_scientific-american_1875-04-24_32_17/sim_scientific-american_1875-04-24_32_17_djvu.txt	?	-
sim_scientific-american_1875-05-01_32_18	https://archive.org/download/sim_scientific-american_1875-05-01_32_18/sim_scientific-american_1875-05-01_32_18_djvu.txt	?	-
sim_scientific-american_1875-05-08_32_19	https://archive.org/download/sim_scientific-american_1875-05-08_32_19/sim_scientific-american_1875-05-08_32_19_djvu.txt	?	-
sim_scientific-american_1875-05-15_32_20	https://archive.org/download/sim_scientific-american_1875-05-15_32_20/sim_scientific-american_1875-05-15_32_20_djvu.txt	?	-
sim_scientific-american_1875-05-22_32_21	https://archive.org/download/sim_scientific-american_1875-05-22_32_21/sim_scientific-american_1875-05-22_32_21_djvu.txt	?	-
sim_scientific-american_1875-05-29_32_22	https://archive.org/download/sim_scientific-american_1875-05-29_32_22/sim_scientific-american_1875-05-29_32_22_djvu.txt	?	-
sim_scientific-american_1875-06-05_32_23	https://archive.org/download/sim_scientific-american_1875-06-05_32_23/sim_scientific-american_1875-06-05_32_23_djvu.txt	?	-
sim_scientific-american_1875-06-12_32_24	https://archive.org/download/sim_scientific-american_1875-06-12_32_24/sim_scientific-american_1875-06-12_32_24_djvu.txt	?	-
sim_scientific-american_1875-06-19_32_25	https://archive.org/download/sim_scientific-american_1875-06-19_32_25/sim_scientific-american_1875-06-19_32_25_djvu.txt	?	-
sim_scientific-american_1875-06-26_32_26	https://archive.org/download/sim_scientific-american_1875-06-26_32_26/sim_scientific-american_1875-06-26_32_26_djvu.txt	?	-
sim_scientific-american_1875-07-03_33_1	https://archive.org/download/sim_scientific-american_1875-07-03_33_1/sim_scientific-american_1875-07-03_33_1_djvu.txt	?	-
sim_scientific-american_1875-07-10_33_2	https://archive.org/download/sim_scientific-american_1875-07-10_33_2/sim_scientific-american_1875-07-10_33_2_djvu.txt	?	-
sim_scientific-american_1875-07-17_33_3	https://archive.org/download/sim_scientific-american_1875-07-17_33_3/sim_scientific-american_1875-07-17_33_3_djvu.txt	?	-
sim_scientific-american_1875-07-24_33_4	https://archive.org/download/sim_scientific-american_1875-07-24_33_4/sim_scientific-american_1875-07-24_33_4_djvu.txt	?	-
sim_scientific-american_1875-07-31_33_5	https://archive.org/download/sim_scientific-american_1875-07-31_33_5/sim_scientific-american_1875-07-31_33_5_djvu.txt	?	-
sim_scientific-american_1875-08-07_33_6	https://archive.org/download/sim_scientific-american_1875-08-07_33_6/sim_scientific-american_1875-08-07_33_6_djvu.txt	?	-
sim_scientific-american_1875-08-14_33_7	https://archive.org/download/sim_scientific-american_1875-08-14_33_7/sim_scientific-american_1875-08-14_33_7_djvu.txt	?	-
sim_scientific-american_1875-08-21_33_8	https://archive.org/download/sim_scientific-american_1875-08-21_33_8/sim_scientific-american_1875-08-21_33_8_djvu.txt	?	-
sim_scientific-american_1875-08-28_33_9	https://archive.org/download/sim_scientific-american_1875-08-28_33_9/sim_scientific-american_1875-08-28_33_9_djvu.txt	?	-
sim_scientific-american_1875-09-04_33_10	https://archive.org/download/sim_scientific-american_1875-09-04_33_10/sim_scientific-american_1875-09-04_33_10_djvu.txt	?	-
sim_scientific-american_1875-09-11_33_11	https://archive.org/download/sim_scientific-american_1875-09-11_33_11/sim_scientific-american_1875-09-11_33_11_djvu.txt	?	-
sim_scientific-american_1875-09-18_33_12	https://archive.org/download/sim_scientific-american_1875-09-18_33_12/sim_scientific-american_1875-09-18_33_12_djvu.txt	?	-
sim_scientific-american_1875-09-25_33_13	https://archive.org/download/sim_scientific-american_1875-09-25_33_13/sim_scientific-american_1875-09-25_33_13_djvu.txt	?	-
sim_scientific-american_1875-10-02_33_14	https://archive.org/download/sim_scientific-american_1875-10-02_33_14/sim_scientific-american_1875-10-02_33_14_djvu.txt	?	-
sim_scientific-american_1875-10-09_33_15	https://archive.org/download/sim_scientific-american_1875-10-09_33_15/sim_scientific-american_1875-10-09_33_15_djvu.txt	?	-
sim_scientific-american_1875-10-16_33_16	https://archive.org/download/sim_scientific-american_1875-10-16_33_16/sim_scientific-american_1875-10-16_33_16_djvu.txt	?	-
sim_scientific-american_1875-10-23_33_17	https://archive.org/download/sim_scientific-american_1875-10-23_33_17/sim_scientific-american_1875-10-23_33_17_djvu.txt	?	-
sim_scientific-american_1875-10-30_33_18	https://archive.org/download/sim_scientific-american_1875-10-30_33_18/sim_scientific-american_1875-10-30_33_18_djvu.txt	?	-
sim_scientific-american_1875-11-06_33_19	https://archive.org/download/sim_scientific-american_1875-11-06_33_19/sim_scientific-american_1875-11-06_33_19_djvu.txt	?	-
sim_scientific-american_1875-11-13_33_20	https://archive.org/download/sim_scientific-american_1875-11-13_33_20/sim_scientific-american_1875-11-13_33_20_djvu.txt	?	-
sim_scientific-american_1875-11-20_33_21	https://archive.org/download/sim_scientific-american_1875-11-20_33_21/sim_scientific-american_1875-11-20_33_21_djvu.txt	?	-
sim_scientific-american_1875-11-27_33_22	https://archive.org/download/sim_scientific-american_1875-11-27_33_22/sim_scientific-american_1875-11-27_33_22_djvu.txt	?	-
sim_scientific-american_1875-12-04_33_23	https://archive.org/download/sim_scientific-american_1875-12-04_33_23/sim_scientific-american_1875-12-04_33_23_djvu.txt	?	-
sim_scientific-american_1875-12-11_33_24	https://archive.org/download/sim_scientific-american_1875-12-11_33_24/sim_scientific-american_1875-12-11_33_24_djvu.txt	?	-
sim_scientific-american_1875-12-18_33_25	https://archive.org/download/sim_scientific-american_1875-12-18_33_25/sim_scientific-american_1875-12-18_33_25_djvu.txt	?	-
sim_scientific-american_1875-12-25_33_26	https://archive.org/download/sim_scientific-american_1875-12-25_33_26/sim_scientific-american_1875-12-25_33_26_djvu.txt	?	-
sim_scientific-american_1875_32_index	https://archive.org/download/sim_scientific-american_1875_32_index/sim_scientific-american_1875_32_index_djvu.txt	?	-
sim_scientific-american_1875_33_index	https://archive.org/download/sim_scientific-american_1875_33_index/sim_scientific-american_1875_33_index_djvu.txt	?	-
sim_scientific-american_1876-01-01_34_1	https://archive.org/download/sim_scientific-american_1876-01-01_34_1/sim_scientific-american_1876-01-01_34_1_djvu.txt	?	-
sim_scientific-american_1876-01-08_34_2	https://archive.org/download/sim_scientific-american_1876-01-08_34_2/sim_scientific-american_1876-01-08_34_2_djvu.txt	?	-
sim_scientific-american_1876-01-15_34_3	https://archive.org/download/sim_scientific-american_1876-01-15_34_3/sim_scientific-american_1876-01-15_34_3_djvu.txt	?	-
sim_scientific-american_1876-01-22_34_4	https://archive.org/download/sim_scientific-american_1876-01-22_34_4/sim_scientific-american_1876-01-22_34_4_djvu.txt	?	-
sim_scientific-american_1876-01-29_34_5	https://archive.org/download/sim_scientific-american_1876-01-29_34_5/sim_scientific-american_1876-01-29_34_5_djvu.txt	?	-
sim_scientific-american_1876-02-05_34_6	https://archive.org/download/sim_scientific-american_1876-02-05_34_6/sim_scientific-american_1876-02-05_34_6_djvu.txt	?	-
sim_scientific-american_1876-02-12_34_7	https://archive.org/download/sim_scientific-american_1876-02-12_34_7/sim_scientific-american_1876-02-12_34_7_djvu.txt	?	-
sim_scientific-american_1876-02-19_34_8	https://archive.org/download/sim_scientific-american_1876-02-19_34_8/sim_scientific-american_1876-02-19_34_8_djvu.txt	?	-
sim_scientific-american_1876-02-26_34_9	https://archive.org/download/sim_scientific-american_1876-02-26_34_9/sim_scientific-american_1876-02-26_34_9_djvu.txt	?	-
sim_scientific-american_1876-03-04_34_10	https://archive.org/download/sim_scientific-american_1876-03-04_34_10/sim_scientific-american_1876-03-04_34_10_djvu.txt	?	-
sim_scientific-american_1876-03-11_34_11	https://archive.org/download/sim_scientific-american_1876-03-11_34_11/sim_scientific-american_1876-03-11_34_11_djvu.txt	?	-
sim_scientific-american_1876-03-18_34_12	https://archive.org/download/sim_scientific-american_1876-03-18_34_12/sim_scientific-american_1876-03-18_34_12_djvu.txt	?	-
sim_scientific-american_1876-03-25_34_13	https://archive.org/download/sim_scientific-american_1876-03-25_34_13/sim_scientific-american_1876-03-25_34_13_djvu.txt	?	-
sim_scientific-american_1876-04-01_34_14	https://archive.org/download/sim_scientific-american_1876-04-01_34_14/sim_scientific-american_1876-04-01_34_14_djvu.txt	?	-
sim_scientific-american_1876-04-08_34_15	https://archive.org/download/sim_scientific-american_1876-04-08_34_15/sim_scientific-american_1876-04-08_34_15_djvu.txt	?	-
sim_scientific-american_1876-04-15_34_16	https://archive.org/download/sim_scientific-american_1876-04-15_34_16/sim_scientific-american_1876-04-15_34_16_djvu.txt	?	-
sim_scientific-american_1876-04-22_34_17	https://archive.org/download/sim_scientific-american_1876-04-22_34_17/sim_scientific-american_1876-04-22_34_17_djvu.txt	?	-
sim_scientific-american_1876-04-29_34_18	https://archive.org/download/sim_scientific-american_1876-04-29_34_18/sim_scientific-american_1876-04-29_34_18_djvu.txt	?	-
sim_scientific-american_1876-05-06_34_19	https://archive.org/download/sim_scientific-american_1876-05-06_34_19/sim_scientific-american_1876-05-06_34_19_djvu.txt	?	-
sim_scientific-american_1876-05-13_34_20	https://archive.org/download/sim_scientific-american_1876-05-13_34_20/sim_scientific-american_1876-05-13_34_20_djvu.txt	?	-
sim_scientific-american_1876-05-20_34_21	https://archive.org/download/sim_scientific-american_1876-05-20_34_21/sim_scientific-american_1876-05-20_34_21_djvu.txt	?	-
sim_scientific-american_1876-05-27_34_22	https://archive.org/download/sim_scientific-american_1876-05-27_34_22/sim_scientific-american_1876-05-27_34_22_djvu.txt	?	-
sim_scientific-american_1876-06-03_34_23	https://archive.org/download/sim_scientific-american_1876-06-03_34_23/sim_scientific-american_1876-06-03_34_23_djvu.txt	?	-
sim_scientific-american_1876-06-10_34_24	https://archive.org/download/sim_scientific-american_1876-06-10_34_24/sim_scientific-american_1876-06-10_34_24_djvu.txt	?	-
sim_scientific-american_1876-06-17_34_25	https://archive.org/download/sim_scientific-american_1876-06-17_34_25/sim_scientific-american_1876-06-17_34_25_djvu.txt	?	-
sim_scientific-american_1876-06-24_34_26	https://archive.org/download/sim_scientific-american_1876-06-24_34_26/sim_scientific-american_1876-06-24_34_26_djvu.txt	?	-
sim_scientific-american_1876-07-01_35_1	https://archive.org/download/sim_scientific-american_1876-07-01_35_1/sim_scientific-american_1876-07-01_35_1_djvu.txt	?	-
sim_scientific-american_1876-07-08_35_2	https://archive.org/download/sim_scientific-american_1876-07-08_35_2/sim_scientific-american_1876-07-08_35_2_djvu.txt	?	-
sim_scientific-american_1876-07-15_35_3	https://archive.org/download/sim_scientific-american_1876-07-15_35_3/sim_scientific-american_1876-07-15_35_3_djvu.txt	?	-
sim_scientific-american_1876-07-22_35_4	https://archive.org/download/sim_scientific-american_1876-07-22_35_4/sim_scientific-american_1876-07-22_35_4_djvu.txt	?	-
sim_scientific-american_1876-07-29_35_5	https://archive.org/download/sim_scientific-american_1876-07-29_35_5/sim_scientific-american_1876-07-29_35_5_djvu.txt	?	-
sim_scientific-american_1876-08-05_35_6	https://archive.org/download/sim_scientific-american_1876-08-05_35_6/sim_scientific-american_1876-08-05_35_6_djvu.txt	?	-
sim_scientific-american_1876-08-12_35_7	https://archive.org/download/sim_scientific-american_1876-08-12_35_7/sim_scientific-american_1876-08-12_35_7_djvu.txt	?	-
sim_scientific-american_1876-08-19_35_8	https://archive.org/download/sim_scientific-american_1876-08-19_35_8/sim_scientific-american_1876-08-19_35_8_djvu.txt	?	-
sim_scientific-american_1876-08-26_35_9	https://archive.org/download/sim_scientific-american_1876-08-26_35_9/sim_scientific-american_1876-08-26_35_9_djvu.txt	?	-
sim_scientific-american_1876-09-02_35_10	https://archive.org/download/sim_scientific-american_1876-09-02_35_10/sim_scientific-american_1876-09-02_35_10_djvu.txt	?	-
sim_scientific-american_1876-09-09_35_11	https://archive.org/download/sim_scientific-american_1876-09-09_35_11/sim_scientific-american_1876-09-09_35_11_djvu.txt	?	-
sim_scientific-american_1876-09-16_35_12	https://archive.org/download/sim_scientific-american_1876-09-16_35_12/sim_scientific-american_1876-09-16_35_12_djvu.txt	?	-
sim_scientific-american_1876-09-23_35_13	https://archive.org/download/sim_scientific-american_1876-09-23_35_13/sim_scientific-american_1876-09-23_35_13_djvu.txt	?	-
sim_scientific-american_1876-09-30_35_14	https://archive.org/download/sim_scientific-american_1876-09-30_35_14/sim_scientific-american_1876-09-30_35_14_djvu.txt	?	-
sim_scientific-american_1876-10-07_35_15	https://archive.org/download/sim_scientific-american_1876-10-07_35_15/sim_scientific-american_1876-10-07_35_15_djvu.txt	?	-
sim_scientific-american_1876-10-14_35_16	https://archive.org/download/sim_scientific-american_1876-10-14_35_16/sim_scientific-american_1876-10-14_35_16_djvu.txt	?	-
sim_scientific-american_1876-10-21_35_17	https://archive.org/download/sim_scientific-american_1876-10-21_35_17/sim_scientific-american_1876-10-21_35_17_djvu.txt	?	-
sim_scientific-american_1876-10-28_35_18	https://archive.org/download/sim_scientific-american_1876-10-28_35_18/sim_scientific-american_1876-10-28_35_18_djvu.txt	?	-
sim_scientific-american_1876-11-04_35_19	https://archive.org/download/sim_scientific-american_1876-11-04_35_19/sim_scientific-american_1876-11-04_35_19_djvu.txt	?	-
sim_scientific-american_1876-11-11_35_20	https://archive.org/download/sim_scientific-american_1876-11-11_35_20/sim_scientific-american_1876-11-11_35_20_djvu.txt	?	-
sim_scientific-american_1876-11-18_35_21	https://archive.org/download/sim_scientific-american_1876-11-18_35_21/sim_scientific-american_1876-11-18_35_21_djvu.txt	?	-
sim_scientific-american_1876-11-25_35_22	https://archive.org/download/sim_scientific-american_1876-11-25_35_22/sim_scientific-american_1876-11-25_35_22_djvu.txt	?	-
sim_scientific-american_1876-12-02_35_23	https://archive.org/download/sim_scientific-american_1876-12-02_35_23/sim_scientific-american_1876-12-02_35_23_djvu.txt	?	-
sim_scientific-american_1876-12-09_35_24	https://archive.org/download/sim_scientific-american_1876-12-09_35_24/sim_scientific-american_1876-12-09_35_24_djvu.txt	?	-
sim_scientific-american_1876-12-16_35_25	https://archive.org/download/sim_scientific-american_1876-12-16_35_25/sim_scientific-american_1876-12-16_35_25_djvu.txt	?	-
sim_scientific-american_1876_34_index	https://archive.org/download/sim_scientific-american_1876_34_index/sim_scientific-american_1876_34_index_djvu.txt	?	-
sim_scientific-american_1876_35_index	https://archive.org/download/sim_scientific-american_1876_35_index/sim_scientific-american_1876_35_index_djvu.txt	?	-
sim_scientific-american_1877-01-06_36_1	https://archive.org/download/sim_scientific-american_1877-01-06_36_1/sim_scientific-american_1877-01-06_36_1_djvu.txt	?	-
sim_scientific-american_1877-01-13_36_2	https://archive.org/download/sim_scientific-american_1877-01-13_36_2/sim_scientific-american_1877-01-13_36_2_djvu.txt	?	-
sim_scientific-american_1877-01-20_36_3	https://archive.org/download/sim_scientific-american_1877-01-20_36_3/sim_scientific-american_1877-01-20_36_3_djvu.txt	?	-
sim_scientific-american_1877-01-27_36_4	https://archive.org/download/sim_scientific-american_1877-01-27_36_4/sim_scientific-american_1877-01-27_36_4_djvu.txt	?	-
sim_scientific-american_1877-02-03_36_5	https://archive.org/download/sim_scientific-american_1877-02-03_36_5/sim_scientific-american_1877-02-03_36_5_djvu.txt	?	-
sim_scientific-american_1877-02-10_36_6	https://archive.org/download/sim_scientific-american_1877-02-10_36_6/sim_scientific-american_1877-02-10_36_6_djvu.txt	?	-
sim_scientific-american_1877-02-17_36_7	https://archive.org/download/sim_scientific-american_1877-02-17_36_7/sim_scientific-american_1877-02-17_36_7_djvu.txt	?	-
sim_scientific-american_1877-02-24_36_8	https://archive.org/download/sim_scientific-american_1877-02-24_36_8/sim_scientific-american_1877-02-24_36_8_djvu.txt	?	-
sim_scientific-american_1877-03-03_36_9	https://archive.org/download/sim_scientific-american_1877-03-03_36_9/sim_scientific-american_1877-03-03_36_9_djvu.txt	?	-
sim_scientific-american_1877-03-10_36_10	https://archive.org/download/sim_scientific-american_1877-03-10_36_10/sim_scientific-american_1877-03-10_36_10_djvu.txt	?	-
sim_scientific-american_1877-03-17_36_11	https://archive.org/download/sim_scientific-american_1877-03-17_36_11/sim_scientific-american_1877-03-17_36_11_djvu.txt	?	-
sim_scientific-american_1877-03-24_36_12	https://archive.org/download/sim_scientific-american_1877-03-24_36_12/sim_scientific-american_1877-03-24_36_12_djvu.txt	?	-
sim_scientific-american_1877-03-31_36_13	https://archive.org/download/sim_scientific-american_1877-03-31_36_13/sim_scientific-american_1877-03-31_36_13_djvu.txt	?	-
sim_scientific-american_1877-04-07_36_14	https://archive.org/download/sim_scientific-american_1877-04-07_36_14/sim_scientific-american_1877-04-07_36_14_djvu.txt	?	-
sim_scientific-american_1877-04-14_36_15	https://archive.org/download/sim_scientific-american_1877-04-14_36_15/sim_scientific-american_1877-04-14_36_15_djvu.txt	?	-
sim_scientific-american_1877-04-21_36_16	https://archive.org/download/sim_scientific-american_1877-04-21_36_16/sim_scientific-american_1877-04-21_36_16_djvu.txt	?	-
sim_scientific-american_1877-04-28_36_17	https://archive.org/download/sim_scientific-american_1877-04-28_36_17/sim_scientific-american_1877-04-28_36_17_djvu.txt	?	-
sim_scientific-american_1877-05-05_36_18	https://archive.org/download/sim_scientific-american_1877-05-05_36_18/sim_scientific-american_1877-05-05_36_18_djvu.txt	?	-
sim_scientific-american_1877-05-12_36_19	https://archive.org/download/sim_scientific-american_1877-05-12_36_19/sim_scientific-american_1877-05-12_36_19_djvu.txt	?	-
sim_scientific-american_1877-05-19_36_20	https://archive.org/download/sim_scientific-american_1877-05-19_36_20/sim_scientific-american_1877-05-19_36_20_djvu.txt	?	-
sim_scientific-american_1877-05-26_36_21	https://archive.org/download/sim_scientific-american_1877-05-26_36_21/sim_scientific-american_1877-05-26_36_21_djvu.txt	?	-
sim_scientific-american_1877-06-02_36_22	https://archive.org/download/sim_scientific-american_1877-06-02_36_22/sim_scientific-american_1877-06-02_36_22_djvu.txt	?	-
sim_scientific-american_1877-06-09_36_23	https://archive.org/download/sim_scientific-american_1877-06-09_36_23/sim_scientific-american_1877-06-09_36_23_djvu.txt	?	-
sim_scientific-american_1877-06-16_36_24	https://archive.org/download/sim_scientific-american_1877-06-16_36_24/sim_scientific-american_1877-06-16_36_24_djvu.txt	?	-
sim_scientific-american_1877-06-23_36_25	https://archive.org/download/sim_scientific-american_1877-06-23_36_25/sim_scientific-american_1877-06-23_36_25_djvu.txt	?	-
sim_scientific-american_1877-06-30_36_26	https://archive.org/download/sim_scientific-american_1877-06-30_36_26/sim_scientific-american_1877-06-30_36_26_djvu.txt	?	-
sim_scientific-american_1877-07-07_37_1	https://archive.org/download/sim_scientific-american_1877-07-07_37_1/sim_scientific-american_1877-07-07_37_1_djvu.txt	?	-
sim_scientific-american_1877-07-14_37_2	https://archive.org/download/sim_scientific-american_1877-07-14_37_2/sim_scientific-american_1877-07-14_37_2_djvu.txt	?	-
sim_scientific-american_1877-07-21_37_3	https://archive.org/download/sim_scientific-american_1877-07-21_37_3/sim_scientific-american_1877-07-21_37_3_djvu.txt	?	-
sim_scientific-american_1877-07-28_37_4	https://archive.org/download/sim_scientific-american_1877-07-28_37_4/sim_scientific-american_1877-07-28_37_4_djvu.txt	?	-
sim_scientific-american_1877-08-04_37_5	https://archive.org/download/sim_scientific-american_1877-08-04_37_5/sim_scientific-american_1877-08-04_37_5_djvu.txt	?	-
sim_scientific-american_1877-08-11_37_6	https://archive.org/download/sim_scientific-american_1877-08-11_37_6/sim_scientific-american_1877-08-11_37_6_djvu.txt	?	-
sim_scientific-american_1877-08-18_37_7	https://archive.org/download/sim_scientific-american_1877-08-18_37_7/sim_scientific-american_1877-08-18_37_7_djvu.txt	?	-
sim_scientific-american_1877-08-25_37_8	https://archive.org/download/sim_scientific-american_1877-08-25_37_8/sim_scientific-american_1877-08-25_37_8_djvu.txt	?	-
sim_scientific-american_1877-09-01_37_9	https://archive.org/download/sim_scientific-american_1877-09-01_37_9/sim_scientific-american_1877-09-01_37_9_djvu.txt	?	-
sim_scientific-american_1877-09-08_37_10	https://archive.org/download/sim_scientific-american_1877-09-08_37_10/sim_scientific-american_1877-09-08_37_10_djvu.txt	?	-
sim_scientific-american_1877-09-15_37_11	https://archive.org/download/sim_scientific-american_1877-09-15_37_11/sim_scientific-american_1877-09-15_37_11_djvu.txt	?	-
sim_scientific-american_1877-09-22_37_12	https://archive.org/download/sim_scientific-american_1877-09-22_37_12/sim_scientific-american_1877-09-22_37_12_djvu.txt	?	-
sim_scientific-american_1877-09-29_37_13	https://archive.org/download/sim_scientific-american_1877-09-29_37_13/sim_scientific-american_1877-09-29_37_13_djvu.txt	?	-
sim_scientific-american_1877-10-06_37_14	https://archive.org/download/sim_scientific-american_1877-10-06_37_14/sim_scientific-american_1877-10-06_37_14_djvu.txt	?	-
sim_scientific-american_1877-10-13_37_15	https://archive.org/download/sim_scientific-american_1877-10-13_37_15/sim_scientific-american_1877-10-13_37_15_djvu.txt	?	-
sim_scientific-american_1877-10-20_37_16	https://archive.org/download/sim_scientific-american_1877-10-20_37_16/sim_scientific-american_1877-10-20_37_16_djvu.txt	?	-
sim_scientific-american_1877-10-27_37_17	https://archive.org/download/sim_scientific-american_1877-10-27_37_17/sim_scientific-american_1877-10-27_37_17_djvu.txt	?	-
sim_scientific-american_1877-11-03_37_18	https://archive.org/download/sim_scientific-american_1877-11-03_37_18/sim_scientific-american_1877-11-03_37_18_djvu.txt	?	-
sim_scientific-american_1877-11-10_37_19	https://archive.org/download/sim_scientific-american_1877-11-10_37_19/sim_scientific-american_1877-11-10_37_19_djvu.txt	?	-
sim_scientific-american_1877-11-17_37_20	https://archive.org/download/sim_scientific-american_1877-11-17_37_20/sim_scientific-american_1877-11-17_37_20_djvu.txt	?	-
sim_scientific-american_1877-11-24_37_21	https://archive.org/download/sim_scientific-american_1877-11-24_37_21/sim_scientific-american_1877-11-24_37_21_djvu.txt	?	-
sim_scientific-american_1877-12-01_37_22	https://archive.org/download/sim_scientific-american_1877-12-01_37_22/sim_scientific-american_1877-12-01_37_22_djvu.txt	?	-
sim_scientific-american_1877-12-08_37_23	https://archive.org/download/sim_scientific-american_1877-12-08_37_23/sim_scientific-american_1877-12-08_37_23_djvu.txt	?	-
sim_scientific-american_1877-12-15_37_24	https://archive.org/download/sim_scientific-american_1877-12-15_37_24/sim_scientific-american_1877-12-15_37_24_djvu.txt	?	-
sim_scientific-american_1877-12-22_37_25	https://archive.org/download/sim_scientific-american_1877-12-22_37_25/sim_scientific-american_1877-12-22_37_25_djvu.txt	?	-
sim_scientific-american_1877-12-29_37_26	https://archive.org/download/sim_scientific-american_1877-12-29_37_26/sim_scientific-american_1877-12-29_37_26_djvu.txt	?	-
sim_scientific-american_1877_36_index	https://archive.org/download/sim_scientific-american_1877_36_index/sim_scientific-american_1877_36_index_djvu.txt	?	-
sim_scientific-american_1877_37_index	https://archive.org/download/sim_scientific-american_1877_37_index/sim_scientific-american_1877_37_index_djvu.txt	?	-
sim_scientific-american_1878-01-05_38_1	https://archive.org/download/sim_scientific-american_1878-01-05_38_1/sim_scientific-american_1878-01-05_38_1_djvu.txt	?	-
sim_scientific-american_1878-01-12_38_2	https://archive.org/download/sim_scientific-american_1878-01-12_38_2/sim_scientific-american_1878-01-12_38_2_djvu.txt	?	-
sim_scientific-american_1878-01-19_38_3	https://archive.org/download/sim_scientific-american_1878-01-19_38_3/sim_scientific-american_1878-01-19_38_3_djvu.txt	?	-
sim_scientific-american_1878-01-26_38_4	https://archive.org/download/sim_scientific-american_1878-01-26_38_4/sim_scientific-american_1878-01-26_38_4_djvu.txt	?	-
sim_scientific-american_1878-02-02_38_5	https://archive.org/download/sim_scientific-american_1878-02-02_38_5/sim_scientific-american_1878-02-02_38_5_djvu.txt	?	-
sim_scientific-american_1878-02-09_38_6	https://archive.org/download/sim_scientific-american_1878-02-09_38_6/sim_scientific-american_1878-02-09_38_6_djvu.txt	?	-
sim_scientific-american_1878-02-16_38_7	https://archive.org/download/sim_scientific-american_1878-02-16_38_7/sim_scientific-american_1878-02-16_38_7_djvu.txt	?	-
sim_scientific-american_1878-02-23_38_8	https://archive.org/download/sim_scientific-american_1878-02-23_38_8/sim_scientific-american_1878-02-23_38_8_djvu.txt	?	-
sim_scientific-american_1878-03-02_38_9	https://archive.org/download/sim_scientific-american_1878-03-02_38_9/sim_scientific-american_1878-03-02_38_9_djvu.txt	?	-
sim_scientific-american_1878-03-09_38_10	https://archive.org/download/sim_scientific-american_1878-03-09_38_10/sim_scientific-american_1878-03-09_38_10_djvu.txt	?	-
sim_scientific-american_1878-03-16_38_11	https://archive.org/download/sim_scientific-american_1878-03-16_38_11/sim_scientific-american_1878-03-16_38_11_djvu.txt	?	-
sim_scientific-american_1878-03-23_38_12	https://archive.org/download/sim_scientific-american_1878-03-23_38_12/sim_scientific-american_1878-03-23_38_12_djvu.txt	?	-
sim_scientific-american_1878-03-30_38_13	https://archive.org/download/sim_scientific-american_1878-03-30_38_13/sim_scientific-american_1878-03-30_38_13_djvu.txt	?	-
sim_scientific-american_1878-04-06_38_14	https://archive.org/download/sim_scientific-american_1878-04-06_38_14/sim_scientific-american_1878-04-06_38_14_djvu.txt	?	-
sim_scientific-american_1878-04-13_38_15	https://archive.org/download/sim_scientific-american_1878-04-13_38_15/sim_scientific-american_1878-04-13_38_15_djvu.txt	?	-
sim_scientific-american_1878-04-20_38_16	https://archive.org/download/sim_scientific-american_1878-04-20_38_16/sim_scientific-american_1878-04-20_38_16_djvu.txt	?	-
sim_scientific-american_1878-04-27_38_17	https://archive.org/download/sim_scientific-american_1878-04-27_38_17/sim_scientific-american_1878-04-27_38_17_djvu.txt	?	-
sim_scientific-american_1878-05-04_38_18	https://archive.org/download/sim_scientific-american_1878-05-04_38_18/sim_scientific-american_1878-05-04_38_18_djvu.txt	?	-
sim_scientific-american_1878-05-11_38_19	https://archive.org/download/sim_scientific-american_1878-05-11_38_19/sim_scientific-american_1878-05-11_38_19_djvu.txt	?	-
sim_scientific-american_1878-05-18_38_20	https://archive.org/download/sim_scientific-american_1878-05-18_38_20/sim_scientific-american_1878-05-18_38_20_djvu.txt	?	-
sim_scientific-american_1878-05-25_38_21	https://archive.org/download/sim_scientific-american_1878-05-25_38_21/sim_scientific-american_1878-05-25_38_21_djvu.txt	?	-
sim_scientific-american_1878-06-01_38_22	https://archive.org/download/sim_scientific-american_1878-06-01_38_22/sim_scientific-american_1878-06-01_38_22_djvu.txt	?	-
sim_scientific-american_1878-06-08_38_23	https://archive.org/download/sim_scientific-american_1878-06-08_38_23/sim_scientific-american_1878-06-08_38_23_djvu.txt	?	-
sim_scientific-american_1878-06-15_38_24	https://archive.org/download/sim_scientific-american_1878-06-15_38_24/sim_scientific-american_1878-06-15_38_24_djvu.txt	?	-
sim_scientific-american_1878-06-22_38_25	https://archive.org/download/sim_scientific-american_1878-06-22_38_25/sim_scientific-american_1878-06-22_38_25_djvu.txt	?	-
sim_scientific-american_1878-06-29_38_26	https://archive.org/download/sim_scientific-american_1878-06-29_38_26/sim_scientific-american_1878-06-29_38_26_djvu.txt	?	-
sim_scientific-american_1878-07-06_39_1	https://archive.org/download/sim_scientific-american_1878-07-06_39_1/sim_scientific-american_1878-07-06_39_1_djvu.txt	?	-
sim_scientific-american_1878-07-13_39_2	https://archive.org/download/sim_scientific-american_1878-07-13_39_2/sim_scientific-american_1878-07-13_39_2_djvu.txt	?	-
sim_scientific-american_1878-07-20_39_3	https://archive.org/download/sim_scientific-american_1878-07-20_39_3/sim_scientific-american_1878-07-20_39_3_djvu.txt	?	-
sim_scientific-american_1878-07-27_39_4	https://archive.org/download/sim_scientific-american_1878-07-27_39_4/sim_scientific-american_1878-07-27_39_4_djvu.txt	?	-
sim_scientific-american_1878-08-03_39_5	https://archive.org/download/sim_scientific-american_1878-08-03_39_5/sim_scientific-american_1878-08-03_39_5_djvu.txt	?	-
sim_scientific-american_1878-08-10_39_6	https://archive.org/download/sim_scientific-american_1878-08-10_39_6/sim_scientific-american_1878-08-10_39_6_djvu.txt	?	-
sim_scientific-american_1878-08-17_39_7	https://archive.org/download/sim_scientific-american_1878-08-17_39_7/sim_scientific-american_1878-08-17_39_7_djvu.txt	?	-
sim_scientific-american_1878-08-24_39_8	https://archive.org/download/sim_scientific-american_1878-08-24_39_8/sim_scientific-american_1878-08-24_39_8_djvu.txt	?	-
sim_scientific-american_1878-08-31_39_9	https://archive.org/download/sim_scientific-american_1878-08-31_39_9/sim_scientific-american_1878-08-31_39_9_djvu.txt	?	-
sim_scientific-american_1878-09-07_39_10	https://archive.org/download/sim_scientific-american_1878-09-07_39_10/sim_scientific-american_1878-09-07_39_10_djvu.txt	?	-
sim_scientific-american_1878-09-14_39_11	https://archive.org/download/sim_scientific-american_1878-09-14_39_11/sim_scientific-american_1878-09-14_39_11_djvu.txt	?	-
sim_scientific-american_1878-09-21_39_12	https://archive.org/download/sim_scientific-american_1878-09-21_39_12/sim_scientific-american_1878-09-21_39_12_djvu.txt	?	-
sim_scientific-american_1878-09-28_39_13	https://archive.org/download/sim_scientific-american_1878-09-28_39_13/sim_scientific-american_1878-09-28_39_13_djvu.txt	?	-
sim_scientific-american_1878-10-05_39_14	https://archive.org/download/sim_scientific-american_1878-10-05_39_14/sim_scientific-american_1878-10-05_39_14_djvu.txt	?	-
sim_scientific-american_1878-10-12_39_15	https://archive.org/download/sim_scientific-american_1878-10-12_39_15/sim_scientific-american_1878-10-12_39_15_djvu.txt	?	-
sim_scientific-american_1878-10-19_39_16	https://archive.org/download/sim_scientific-american_1878-10-19_39_16/sim_scientific-american_1878-10-19_39_16_djvu.txt	?	-
sim_scientific-american_1878-10-26_39_17	https://archive.org/download/sim_scientific-american_1878-10-26_39_17/sim_scientific-american_1878-10-26_39_17_djvu.txt	?	-
sim_scientific-american_1878-11-02_39_18	https://archive.org/download/sim_scientific-american_1878-11-02_39_18/sim_scientific-american_1878-11-02_39_18_djvu.txt	?	-
sim_scientific-american_1878-11-09_39_19	https://archive.org/download/sim_scientific-american_1878-11-09_39_19/sim_scientific-american_1878-11-09_39_19_djvu.txt	?	-
sim_scientific-american_1878-11-16_39_20	https://archive.org/download/sim_scientific-american_1878-11-16_39_20/sim_scientific-american_1878-11-16_39_20_djvu.txt	?	-
sim_scientific-american_1878-11-23_39_21	https://archive.org/download/sim_scientific-american_1878-11-23_39_21/sim_scientific-american_1878-11-23_39_21_djvu.txt	?	-
sim_scientific-american_1878-11-30_39_22	https://archive.org/download/sim_scientific-american_1878-11-30_39_22/sim_scientific-american_1878-11-30_39_22_djvu.txt	?	-
sim_scientific-american_1878-12-07_39_23	https://archive.org/download/sim_scientific-american_1878-12-07_39_23/sim_scientific-american_1878-12-07_39_23_djvu.txt	?	-
sim_scientific-american_1878-12-14_39_24	https://archive.org/download/sim_scientific-american_1878-12-14_39_24/sim_scientific-american_1878-12-14_39_24_djvu.txt	?	-
sim_scientific-american_1878-12-21_39_25	https://archive.org/download/sim_scientific-american_1878-12-21_39_25/sim_scientific-american_1878-12-21_39_25_djvu.txt	?	-
sim_scientific-american_1878-12-28_39_26	https://archive.org/download/sim_scientific-american_1878-12-28_39_26/sim_scientific-american_1878-12-28_39_26_djvu.txt	?	-
sim_scientific-american_1878_38_index	https://archive.org/download/sim_scientific-american_1878_38_index/sim_scientific-american_1878_38_index_djvu.txt	?	-
sim_scientific-american_1878_39_index	https://archive.org/download/sim_scientific-american_1878_39_index/sim_scientific-american_1878_39_index_djvu.txt	?	-
sim_scientific-american_1879-01-04_40_1	https://archive.org/download/sim_scientific-american_1879-01-04_40_1/sim_scientific-american_1879-01-04_40_1_djvu.txt	?	-
sim_scientific-american_1879-01-11_40_2	https://archive.org/download/sim_scientific-american_1879-01-11_40_2/sim_scientific-american_1879-01-11_40_2_djvu.txt	?	-
sim_scientific-american_1879-01-18_40_3	https://archive.org/download/sim_scientific-american_1879-01-18_40_3/sim_scientific-american_1879-01-18_40_3_djvu.txt	?	-
sim_scientific-american_1879-01-25_40_4	https://archive.org/download/sim_scientific-american_1879-01-25_40_4/sim_scientific-american_1879-01-25_40_4_djvu.txt	?	-
sim_scientific-american_1879-02-01_40_5	https://archive.org/download/sim_scientific-american_1879-02-01_40_5/sim_scientific-american_1879-02-01_40_5_djvu.txt	?	-
sim_scientific-american_1879-02-08_40_6	https://archive.org/download/sim_scientific-american_1879-02-08_40_6/sim_scientific-american_1879-02-08_40_6_djvu.txt	?	-
sim_scientific-american_1879-02-15_40_7	https://archive.org/download/sim_scientific-american_1879-02-15_40_7/sim_scientific-american_1879-02-15_40_7_djvu.txt	?	-
sim_scientific-american_1879-02-22_40_8	https://archive.org/download/sim_scientific-american_1879-02-22_40_8/sim_scientific-american_1879-02-22_40_8_djvu.txt	?	-
sim_scientific-american_1879-03-01_40_9	https://archive.org/download/sim_scientific-american_1879-03-01_40_9/sim_scientific-american_1879-03-01_40_9_djvu.txt	?	-
sim_scientific-american_1879-03-08_40_10	https://archive.org/download/sim_scientific-american_1879-03-08_40_10/sim_scientific-american_1879-03-08_40_10_djvu.txt	?	-
sim_scientific-american_1879-03-15_40_11	https://archive.org/download/sim_scientific-american_1879-03-15_40_11/sim_scientific-american_1879-03-15_40_11_djvu.txt	?	-
sim_scientific-american_1879-03-22_40_12	https://archive.org/download/sim_scientific-american_1879-03-22_40_12/sim_scientific-american_1879-03-22_40_12_djvu.txt	?	-
sim_scientific-american_1879-03-29_40_13	https://archive.org/download/sim_scientific-american_1879-03-29_40_13/sim_scientific-american_1879-03-29_40_13_djvu.txt	?	-
sim_scientific-american_1879-04-05_40_14	https://archive.org/download/sim_scientific-american_1879-04-05_40_14/sim_scientific-american_1879-04-05_40_14_djvu.txt	?	-
sim_scientific-american_1879-04-12_40_15	https://archive.org/download/sim_scientific-american_1879-04-12_40_15/sim_scientific-american_1879-04-12_40_15_djvu.txt	?	-
sim_scientific-american_1879-04-19_40_16	https://archive.org/download/sim_scientific-american_1879-04-19_40_16/sim_scientific-american_1879-04-19_40_16_djvu.txt	?	-
sim_scientific-american_1879-04-26_40_17	https://archive.org/download/sim_scientific-american_1879-04-26_40_17/sim_scientific-american_1879-04-26_40_17_djvu.txt	?	-
sim_scientific-american_1879-05-03_40_18	https://archive.org/download/sim_scientific-american_1879-05-03_40_18/sim_scientific-american_1879-05-03_40_18_djvu.txt	?	-
sim_scientific-american_1879-05-10_40_19	https://archive.org/download/sim_scientific-american_1879-05-10_40_19/sim_scientific-american_1879-05-10_40_19_djvu.txt	?	-
sim_scientific-american_1879-05-17_40_20	https://archive.org/download/sim_scientific-american_1879-05-17_40_20/sim_scientific-american_1879-05-17_40_20_djvu.txt	?	-
sim_scientific-american_1879-05-24_40_21	https://archive.org/download/sim_scientific-american_1879-05-24_40_21/sim_scientific-american_1879-05-24_40_21_djvu.txt	?	-
sim_scientific-american_1879-05-31_40_22	https://archive.org/download/sim_scientific-american_1879-05-31_40_22/sim_scientific-american_1879-05-31_40_22_djvu.txt	?	-
sim_scientific-american_1879-06-07_40_23	https://archive.org/download/sim_scientific-american_1879-06-07_40_23/sim_scientific-american_1879-06-07_40_23_djvu.txt	?	-
sim_scientific-american_1879-06-14_40_24	https://archive.org/download/sim_scientific-american_1879-06-14_40_24/sim_scientific-american_1879-06-14_40_24_djvu.txt	?	-
sim_scientific-american_1879-06-21_40_25	https://archive.org/download/sim_scientific-american_1879-06-21_40_25/sim_scientific-american_1879-06-21_40_25_djvu.txt	?	-
sim_scientific-american_1879-06-28_40_26	https://archive.org/download/sim_scientific-american_1879-06-28_40_26/sim_scientific-american_1879-06-28_40_26_djvu.txt	?	-
sim_scientific-american_1879-07-05_41_1	https://archive.org/download/sim_scientific-american_1879-07-05_41_1/sim_scientific-american_1879-07-05_41_1_djvu.txt	?	-
sim_scientific-american_1879-07-12_41_2	https://archive.org/download/sim_scientific-american_1879-07-12_41_2/sim_scientific-american_1879-07-12_41_2_djvu.txt	?	-
sim_scientific-american_1879-07-19_41_3	https://archive.org/download/sim_scientific-american_1879-07-19_41_3/sim_scientific-american_1879-07-19_41_3_djvu.txt	?	-
sim_scientific-american_1879-07-26_41_4	https://archive.org/download/sim_scientific-american_1879-07-26_41_4/sim_scientific-american_1879-07-26_41_4_djvu.txt	?	-
sim_scientific-american_1879-08-02_41_5	https://archive.org/download/sim_scientific-american_1879-08-02_41_5/sim_scientific-american_1879-08-02_41_5_djvu.txt	?	-
sim_scientific-american_1879-08-09_41_6	https://archive.org/download/sim_scientific-american_1879-08-09_41_6/sim_scientific-american_1879-08-09_41_6_djvu.txt	?	-
sim_scientific-american_1879-08-16_41_7	https://archive.org/download/sim_scientific-american_1879-08-16_41_7/sim_scientific-american_1879-08-16_41_7_djvu.txt	?	-
sim_scientific-american_1879-08-23_41_8	https://archive.org/download/sim_scientific-american_1879-08-23_41_8/sim_scientific-american_1879-08-23_41_8_djvu.txt	?	-
sim_scientific-american_1879-08-30_41_9	https://archive.org/download/sim_scientific-american_1879-08-30_41_9/sim_scientific-american_1879-08-30_41_9_djvu.txt	?	-
sim_scientific-american_1879-09-06_41_10	https://archive.org/download/sim_scientific-american_1879-09-06_41_10/sim_scientific-american_1879-09-06_41_10_djvu.txt	?	-
sim_scientific-american_1879-09-13_41_11	https://archive.org/download/sim_scientific-american_1879-09-13_41_11/sim_scientific-american_1879-09-13_41_11_djvu.txt	?	-
sim_scientific-american_1879-09-20_41_12	https://archive.org/download/sim_scientific-american_1879-09-20_41_12/sim_scientific-american_1879-09-20_41_12_djvu.txt	?	-
sim_scientific-american_1879-09-27_41_13	https://archive.org/download/sim_scientific-american_1879-09-27_41_13/sim_scientific-american_1879-09-27_41_13_djvu.txt	?	-
sim_scientific-american_1879-10-04_41_14	https://archive.org/download/sim_scientific-american_1879-10-04_41_14/sim_scientific-american_1879-10-04_41_14_djvu.txt	?	-
sim_scientific-american_1879-10-11_41_15	https://archive.org/download/sim_scientific-american_1879-10-11_41_15/sim_scientific-american_1879-10-11_41_15_djvu.txt	?	-
sim_scientific-american_1879-10-18_41_16	https://archive.org/download/sim_scientific-american_1879-10-18_41_16/sim_scientific-american_1879-10-18_41_16_djvu.txt	?	-
sim_scientific-american_1879-10-25_41_17	https://archive.org/download/sim_scientific-american_1879-10-25_41_17/sim_scientific-american_1879-10-25_41_17_djvu.txt	?	-
sim_scientific-american_1879-11-01_41_18	https://archive.org/download/sim_scientific-american_1879-11-01_41_18/sim_scientific-american_1879-11-01_41_18_djvu.txt	?	-
sim_scientific-american_1879-11-08_41_19	https://archive.org/download/sim_scientific-american_1879-11-08_41_19/sim_scientific-american_1879-11-08_41_19_djvu.txt	?	-
sim_scientific-american_1879-11-15_41_20	https://archive.org/download/sim_scientific-american_1879-11-15_41_20/sim_scientific-american_1879-11-15_41_20_djvu.txt	?	-
sim_scientific-american_1879-11-22_41_21	https://archive.org/download/sim_scientific-american_1879-11-22_41_21/sim_scientific-american_1879-11-22_41_21_djvu.txt	?	-
sim_scientific-american_1879-11-29_41_22	https://archive.org/download/sim_scientific-american_1879-11-29_41_22/sim_scientific-american_1879-11-29_41_22_djvu.txt	?	-
sim_scientific-american_1879-12-06_41_23	https://archive.org/download/sim_scientific-american_1879-12-06_41_23/sim_scientific-american_1879-12-06_41_23_djvu.txt	?	-
sim_scientific-american_1879-12-13_41_24	https://archive.org/download/sim_scientific-american_1879-12-13_41_24/sim_scientific-american_1879-12-13_41_24_djvu.txt	?	-
sim_scientific-american_1879-12-20_41_25	https://archive.org/download/sim_scientific-american_1879-12-20_41_25/sim_scientific-american_1879-12-20_41_25_djvu.txt	?	-
sim_scientific-american_1879-12-27_41_26	https://archive.org/download/sim_scientific-american_1879-12-27_41_26/sim_scientific-american_1879-12-27_41_26_djvu.txt	?	-
sim_scientific-american_1879_40_index	https://archive.org/download/sim_scientific-american_1879_40_index/sim_scientific-american_1879_40_index_djvu.txt	?	-
sim_scientific-american_1879_41_index	https://archive.org/download/sim_scientific-american_1879_41_index/sim_scientific-american_1879_41_index_djvu.txt	?	-
sim_scientific-american_1880-01-03_42_1	https://archive.org/download/sim_scientific-american_1880-01-03_42_1/sim_scientific-american_1880-01-03_42_1_djvu.txt	?	-
sim_scientific-american_1880-01-10_42_2	https://archive.org/download/sim_scientific-american_1880-01-10_42_2/sim_scientific-american_1880-01-10_42_2_djvu.txt	?	-
sim_scientific-american_1880-01-17_42_3	https://archive.org/download/sim_scientific-american_1880-01-17_42_3/sim_scientific-american_1880-01-17_42_3_djvu.txt	?	-
sim_scientific-american_1880-01-24_42_4	https://archive.org/download/sim_scientific-american_1880-01-24_42_4/sim_scientific-american_1880-01-24_42_4_djvu.txt	?	-
sim_scientific-american_1880-01-31_42_5	https://archive.org/download/sim_scientific-american_1880-01-31_42_5/sim_scientific-american_1880-01-31_42_5_djvu.txt	?	-
sim_scientific-american_1880-02-07_42_6	https://archive.org/download/sim_scientific-american_1880-02-07_42_6/sim_scientific-american_1880-02-07_42_6_djvu.txt	?	-
sim_scientific-american_1880-02-14_42_7	https://archive.org/download/sim_scientific-american_1880-02-14_42_7/sim_scientific-american_1880-02-14_42_7_djvu.txt	?	-
sim_scientific-american_1880-02-21_42_8	https://archive.org/download/sim_scientific-american_1880-02-21_42_8/sim_scientific-american_1880-02-21_42_8_djvu.txt	?	-
sim_scientific-american_1880-02-28_42_9	https://archive.org/download/sim_scientific-american_1880-02-28_42_9/sim_scientific-american_1880-02-28_42_9_djvu.txt	?	-
sim_scientific-american_1880-03-06_42_10	https://archive.org/download/sim_scientific-american_1880-03-06_42_10/sim_scientific-american_1880-03-06_42_10_djvu.txt	?	-
sim_scientific-american_1880-03-13_42_11	https://archive.org/download/sim_scientific-american_1880-03-13_42_11/sim_scientific-american_1880-03-13_42_11_djvu.txt	?	-
sim_scientific-american_1880-03-20_42_12	https://archive.org/download/sim_scientific-american_1880-03-20_42_12/sim_scientific-american_1880-03-20_42_12_djvu.txt	?	-
sim_scientific-american_1880-03-27_42_13	https://archive.org/download/sim_scientific-american_1880-03-27_42_13/sim_scientific-american_1880-03-27_42_13_djvu.txt	?	-
sim_scientific-american_1880-04-03_42_14	https://archive.org/download/sim_scientific-american_1880-04-03_42_14/sim_scientific-american_1880-04-03_42_14_djvu.txt	?	-
sim_scientific-american_1880-04-10_42_15	https://archive.org/download/sim_scientific-american_1880-04-10_42_15/sim_scientific-american_1880-04-10_42_15_djvu.txt	?	-
sim_scientific-american_1880-04-17_42_16	https://archive.org/download/sim_scientific-american_1880-04-17_42_16/sim_scientific-american_1880-04-17_42_16_djvu.txt	?	-
sim_scientific-american_1880-04-24_42_17	https://archive.org/download/sim_scientific-american_1880-04-24_42_17/sim_scientific-american_1880-04-24_42_17_djvu.txt	?	-
sim_scientific-american_1880-05-01_42_18	https://archive.org/download/sim_scientific-american_1880-05-01_42_18/sim_scientific-american_1880-05-01_42_18_djvu.txt	?	-
sim_scientific-american_1880-05-08_42_19	https://archive.org/download/sim_scientific-american_1880-05-08_42_19/sim_scientific-american_1880-05-08_42_19_djvu.txt	?	-
sim_scientific-american_1880-05-15_42_20	https://archive.org/download/sim_scientific-american_1880-05-15_42_20/sim_scientific-american_1880-05-15_42_20_djvu.txt	?	-
sim_scientific-american_1880-05-22_42_21	https://archive.org/download/sim_scientific-american_1880-05-22_42_21/sim_scientific-american_1880-05-22_42_21_djvu.txt	?	-
sim_scientific-american_1880-05-29_42_22	https://archive.org/download/sim_scientific-american_1880-05-29_42_22/sim_scientific-american_1880-05-29_42_22_djvu.txt	?	-
sim_scientific-american_1880-06-05_42_23	https://archive.org/download/sim_scientific-american_1880-06-05_42_23/sim_scientific-american_1880-06-05_42_23_djvu.txt	?	-
sim_scientific-american_1880-06-12_42_24	https://archive.org/download/sim_scientific-american_1880-06-12_42_24/sim_scientific-american_1880-06-12_42_24_djvu.txt	?	-
sim_scientific-american_1880-06-19_42_25	https://archive.org/download/sim_scientific-american_1880-06-19_42_25/sim_scientific-american_1880-06-19_42_25_djvu.txt	?	-
sim_scientific-american_1880-06-26_42_26	https://archive.org/download/sim_scientific-american_1880-06-26_42_26/sim_scientific-american_1880-06-26_42_26_djvu.txt	?	-
sim_scientific-american_1880-07-03_43_1	https://archive.org/download/sim_scientific-american_1880-07-03_43_1/sim_scientific-american_1880-07-03_43_1_djvu.txt	?	-
sim_scientific-american_1880-07-10_43_2	https://archive.org/download/sim_scientific-american_1880-07-10_43_2/sim_scientific-american_1880-07-10_43_2_djvu.txt	?	-
sim_scientific-american_1880-07-17_43_3	https://archive.org/download/sim_scientific-american_1880-07-17_43_3/sim_scientific-american_1880-07-17_43_3_djvu.txt	?	-
sim_scientific-american_1880-07-24_43_4	https://archive.org/download/sim_scientific-american_1880-07-24_43_4/sim_scientific-american_1880-07-24_43_4_djvu.txt	?	-
sim_scientific-american_1880-07-31_43_5	https://archive.org/download/sim_scientific-american_1880-07-31_43_5/sim_scientific-american_1880-07-31_43_5_djvu.txt	?	-
sim_scientific-american_1880-08-07_43_6	https://archive.org/download/sim_scientific-american_1880-08-07_43_6/sim_scientific-american_1880-08-07_43_6_djvu.txt	?	-
sim_scientific-american_1880-08-14_43_7	https://archive.org/download/sim_scientific-american_1880-08-14_43_7/sim_scientific-american_1880-08-14_43_7_djvu.txt	?	-
sim_scientific-american_1880-08-21_43_8	https://archive.org/download/sim_scientific-american_1880-08-21_43_8/sim_scientific-american_1880-08-21_43_8_djvu.txt	?	-
sim_scientific-american_1880-08-28_43_9	https://archive.org/download/sim_scientific-american_1880-08-28_43_9/sim_scientific-american_1880-08-28_43_9_djvu.txt	?	-
sim_scientific-american_1880-09-04_43_10	https://archive.org/download/sim_scientific-american_1880-09-04_43_10/sim_scientific-american_1880-09-04_43_10_djvu.txt	?	-
sim_scientific-american_1880-09-11_43_11	https://archive.org/download/sim_scientific-american_1880-09-11_43_11/sim_scientific-american_1880-09-11_43_11_djvu.txt	?	-
sim_scientific-american_1880-09-18_43_12	https://archive.org/download/sim_scientific-american_1880-09-18_43_12/sim_scientific-american_1880-09-18_43_12_djvu.txt	?	-
sim_scientific-american_1880-09-25_43_13	https://archive.org/download/sim_scientific-american_1880-09-25_43_13/sim_scientific-american_1880-09-25_43_13_djvu.txt	?	-
sim_scientific-american_1880-10-02_43_14	https://archive.org/download/sim_scientific-american_1880-10-02_43_14/sim_scientific-american_1880-10-02_43_14_djvu.txt	?	-
sim_scientific-american_1880-10-09_43_15	https://archive.org/download/sim_scientific-american_1880-10-09_43_15/sim_scientific-american_1880-10-09_43_15_djvu.txt	?	-
sim_scientific-american_1880-10-16_43_16	https://archive.org/download/sim_scientific-american_1880-10-16_43_16/sim_scientific-american_1880-10-16_43_16_djvu.txt	?	-
sim_scientific-american_1880-10-23_43_17	https://archive.org/download/sim_scientific-american_1880-10-23_43_17/sim_scientific-american_1880-10-23_43_17_djvu.txt	?	-
sim_scientific-american_1880-10-30_43_18	https://archive.org/download/sim_scientific-american_1880-10-30_43_18/sim_scientific-american_1880-10-30_43_18_djvu.txt	?	-
sim_scientific-american_1880-11-06_43_19	https://archive.org/download/sim_scientific-american_1880-11-06_43_19/sim_scientific-american_1880-11-06_43_19_djvu.txt	?	-
sim_scientific-american_1880-11-13_43_20	https://archive.org/download/sim_scientific-american_1880-11-13_43_20/sim_scientific-american_1880-11-13_43_20_djvu.txt	?	-
sim_scientific-american_1880-11-20_43_21	https://archive.org/download/sim_scientific-american_1880-11-20_43_21/sim_scientific-american_1880-11-20_43_21_djvu.txt	?	-
sim_scientific-american_1880-11-27_43_22	https://archive.org/download/sim_scientific-american_1880-11-27_43_22/sim_scientific-american_1880-11-27_43_22_djvu.txt	?	-
sim_scientific-american_1880-12-04_43_23	https://archive.org/download/sim_scientific-american_1880-12-04_43_23/sim_scientific-american_1880-12-04_43_23_djvu.txt	?	-
sim_scientific-american_1880-12-11_43_24	https://archive.org/download/sim_scientific-american_1880-12-11_43_24/sim_scientific-american_1880-12-11_43_24_djvu.txt	?	-
sim_scientific-american_1880-12-18_43_25	https://archive.org/download/sim_scientific-american_1880-12-18_43_25/sim_scientific-american_1880-12-18_43_25_djvu.txt	?	-
sim_scientific-american_1880-12-25_43_26	https://archive.org/download/sim_scientific-american_1880-12-25_43_26/sim_scientific-american_1880-12-25_43_26_djvu.txt	?	-
sim_scientific-american_1880_42_index	https://archive.org/download/sim_scientific-american_1880_42_index/sim_scientific-american_1880_42_index_djvu.txt	?	-
sim_scientific-american_1880_43_index	https://archive.org/download/sim_scientific-american_1880_43_index/sim_scientific-american_1880_43_index_djvu.txt	?	-
sim_scientific-american_1881-01-01_44_1	https://archive.org/download/sim_scientific-american_1881-01-01_44_1/sim_scientific-american_1881-01-01_44_1_djvu.txt	?	-
sim_scientific-american_1881-01-08_44_2	https://archive.org/download/sim_scientific-american_1881-01-08_44_2/sim_scientific-american_1881-01-08_44_2_djvu.txt	?	-
sim_scientific-american_1881-01-15_44_3	https://archive.org/download/sim_scientific-american_1881-01-15_44_3/sim_scientific-american_1881-01-15_44_3_djvu.txt	?	-
sim_scientific-american_1881-01-22_44_4	https://archive.org/download/sim_scientific-american_1881-01-22_44_4/sim_scientific-american_1881-01-22_44_4_djvu.txt	?	-
sim_scientific-american_1881-01-29_44_5	https://archive.org/download/sim_scientific-american_1881-01-29_44_5/sim_scientific-american_1881-01-29_44_5_djvu.txt	?	-
sim_scientific-american_1881-02-05_44_6	https://archive.org/download/sim_scientific-american_1881-02-05_44_6/sim_scientific-american_1881-02-05_44_6_djvu.txt	?	-
sim_scientific-american_1881-02-12_44_7	https://archive.org/download/sim_scientific-american_1881-02-12_44_7/sim_scientific-american_1881-02-12_44_7_djvu.txt	?	-
sim_scientific-american_1881-02-19_44_8	https://archive.org/download/sim_scientific-american_1881-02-19_44_8/sim_scientific-american_1881-02-19_44_8_djvu.txt	?	-
sim_scientific-american_1881-02-26_44_9	https://archive.org/download/sim_scientific-american_1881-02-26_44_9/sim_scientific-american_1881-02-26_44_9_djvu.txt	?	-
sim_scientific-american_1881-03-05_44_10	https://archive.org/download/sim_scientific-american_1881-03-05_44_10/sim_scientific-american_1881-03-05_44_10_djvu.txt	?	-
sim_scientific-american_1881-03-12_44_11	https://archive.org/download/sim_scientific-american_1881-03-12_44_11/sim_scientific-american_1881-03-12_44_11_djvu.txt	?	-
sim_scientific-american_1881-03-19_44_12	https://archive.org/download/sim_scientific-american_1881-03-19_44_12/sim_scientific-american_1881-03-19_44_12_djvu.txt	?	-
sim_scientific-american_1881-03-26_44_13	https://archive.org/download/sim_scientific-american_1881-03-26_44_13/sim_scientific-american_1881-03-26_44_13_djvu.txt	?	-
sim_scientific-american_1881-04-02_44_14	https://archive.org/download/sim_scientific-american_1881-04-02_44_14/sim_scientific-american_1881-04-02_44_14_djvu.txt	?	-
sim_scientific-american_1881-04-09_44_15	https://archive.org/download/sim_scientific-american_1881-04-09_44_15/sim_scientific-american_1881-04-09_44_15_djvu.txt	?	-
sim_scientific-american_1881-04-16_44_16	https://archive.org/download/sim_scientific-american_1881-04-16_44_16/sim_scientific-american_1881-04-16_44_16_djvu.txt	?	-
sim_scientific-american_1881-04-23_44_17	https://archive.org/download/sim_scientific-american_1881-04-23_44_17/sim_scientific-american_1881-04-23_44_17_djvu.txt	?	-
sim_scientific-american_1881-04-30_44_18	https://archive.org/download/sim_scientific-american_1881-04-30_44_18/sim_scientific-american_1881-04-30_44_18_djvu.txt	?	-
sim_scientific-american_1881-05-07_44_19	https://archive.org/download/sim_scientific-american_1881-05-07_44_19/sim_scientific-american_1881-05-07_44_19_djvu.txt	?	-
sim_scientific-american_1881-05-14_44_20	https://archive.org/download/sim_scientific-american_1881-05-14_44_20/sim_scientific-american_1881-05-14_44_20_djvu.txt	?	-
sim_scientific-american_1881-05-21_44_21	https://archive.org/download/sim_scientific-american_1881-05-21_44_21/sim_scientific-american_1881-05-21_44_21_djvu.txt	?	-
sim_scientific-american_1881-05-28_44_22	https://archive.org/download/sim_scientific-american_1881-05-28_44_22/sim_scientific-american_1881-05-28_44_22_djvu.txt	?	-
sim_scientific-american_1881-06-04_44_23	https://archive.org/download/sim_scientific-american_1881-06-04_44_23/sim_scientific-american_1881-06-04_44_23_djvu.txt	?	-
sim_scientific-american_1881-06-11_44_24	https://archive.org/download/sim_scientific-american_1881-06-11_44_24/sim_scientific-american_1881-06-11_44_24_djvu.txt	?	-
sim_scientific-american_1881-06-18_44_25	https://archive.org/download/sim_scientific-american_1881-06-18_44_25/sim_scientific-american_1881-06-18_44_25_djvu.txt	?	-
sim_scientific-american_1881-06-25_44_26	https://archive.org/download/sim_scientific-american_1881-06-25_44_26/sim_scientific-american_1881-06-25_44_26_djvu.txt	?	-
sim_scientific-american_1881-07-02_45_1	https://archive.org/download/sim_scientific-american_1881-07-02_45_1/sim_scientific-american_1881-07-02_45_1_djvu.txt	?	-
sim_scientific-american_1881-07-09_45_2	https://archive.org/download/sim_scientific-american_1881-07-09_45_2/sim_scientific-american_1881-07-09_45_2_djvu.txt	?	-
sim_scientific-american_1881-07-16_45_3	https://archive.org/download/sim_scientific-american_1881-07-16_45_3/sim_scientific-american_1881-07-16_45_3_djvu.txt	?	-
sim_scientific-american_1881-07-23_45_4	https://archive.org/download/sim_scientific-american_1881-07-23_45_4/sim_scientific-american_1881-07-23_45_4_djvu.txt	?	-
sim_scientific-american_1881-07-30_45_5	https://archive.org/download/sim_scientific-american_1881-07-30_45_5/sim_scientific-american_1881-07-30_45_5_djvu.txt	?	-
sim_scientific-american_1881-08-06_45_6	https://archive.org/download/sim_scientific-american_1881-08-06_45_6/sim_scientific-american_1881-08-06_45_6_djvu.txt	?	-
sim_scientific-american_1881-08-13_45_7	https://archive.org/download/sim_scientific-american_1881-08-13_45_7/sim_scientific-american_1881-08-13_45_7_djvu.txt	?	-
sim_scientific-american_1881-08-20_45_8	https://archive.org/download/sim_scientific-american_1881-08-20_45_8/sim_scientific-american_1881-08-20_45_8_djvu.txt	?	-
sim_scientific-american_1881-08-27_45_9	https://archive.org/download/sim_scientific-american_1881-08-27_45_9/sim_scientific-american_1881-08-27_45_9_djvu.txt	?	-
sim_scientific-american_1881-09-03_45_10	https://archive.org/download/sim_scientific-american_1881-09-03_45_10/sim_scientific-american_1881-09-03_45_10_djvu.txt	?	-
sim_scientific-american_1881-09-10_45_11	https://archive.org/download/sim_scientific-american_1881-09-10_45_11/sim_scientific-american_1881-09-10_45_11_djvu.txt	?	-
sim_scientific-american_1881-09-17_45_12	https://archive.org/download/sim_scientific-american_1881-09-17_45_12/sim_scientific-american_1881-09-17_45_12_djvu.txt	?	-
sim_scientific-american_1881-09-24_45_13	https://archive.org/download/sim_scientific-american_1881-09-24_45_13/sim_scientific-american_1881-09-24_45_13_djvu.txt	?	-
sim_scientific-american_1881-10-01_45_14	https://archive.org/download/sim_scientific-american_1881-10-01_45_14/sim_scientific-american_1881-10-01_45_14_djvu.txt	?	-
sim_scientific-american_1881-10-08_45_15	https://archive.org/download/sim_scientific-american_1881-10-08_45_15/sim_scientific-american_1881-10-08_45_15_djvu.txt	?	-
sim_scientific-american_1881-10-15_45_16	https://archive.org/download/sim_scientific-american_1881-10-15_45_16/sim_scientific-american_1881-10-15_45_16_djvu.txt	?	-
sim_scientific-american_1881-10-22_45_17	https://archive.org/download/sim_scientific-american_1881-10-22_45_17/sim_scientific-american_1881-10-22_45_17_djvu.txt	?	-
sim_scientific-american_1881-10-29_45_18	https://archive.org/download/sim_scientific-american_1881-10-29_45_18/sim_scientific-american_1881-10-29_45_18_djvu.txt	?	-
sim_scientific-american_1881-11-05_45_19	https://archive.org/download/sim_scientific-american_1881-11-05_45_19/sim_scientific-american_1881-11-05_45_19_djvu.txt	?	-
sim_scientific-american_1881-11-12_45_20	https://archive.org/download/sim_scientific-american_1881-11-12_45_20/sim_scientific-american_1881-11-12_45_20_djvu.txt	?	-
sim_scientific-american_1881-11-19_45_21	https://archive.org/download/sim_scientific-american_1881-11-19_45_21/sim_scientific-american_1881-11-19_45_21_djvu.txt	?	-
sim_scientific-american_1881-11-26_45_22	https://archive.org/download/sim_scientific-american_1881-11-26_45_22/sim_scientific-american_1881-11-26_45_22_djvu.txt	?	-
sim_scientific-american_1881-12-03_45_23	https://archive.org/download/sim_scientific-american_1881-12-03_45_23/sim_scientific-american_1881-12-03_45_23_djvu.txt	?	-
sim_scientific-american_1881-12-10_45_24	https://archive.org/download/sim_scientific-american_1881-12-10_45_24/sim_scientific-american_1881-12-10_45_24_djvu.txt	?	-
sim_scientific-american_1881-12-17_45_25	https://archive.org/download/sim_scientific-american_1881-12-17_45_25/sim_scientific-american_1881-12-17_45_25_djvu.txt	?	-
sim_scientific-american_1881-12-24_45_26	https://archive.org/download/sim_scientific-american_1881-12-24_45_26/sim_scientific-american_1881-12-24_45_26_djvu.txt	?	-
sim_scientific-american_1881-12-31_45_27	https://archive.org/download/sim_scientific-american_1881-12-31_45_27/sim_scientific-american_1881-12-31_45_27_djvu.txt	?	-
sim_scientific-american_1881_44_index	https://archive.org/download/sim_scientific-american_1881_44_index/sim_scientific-american_1881_44_index_djvu.txt	?	-
sim_scientific-american_1881_45_index	https://archive.org/download/sim_scientific-american_1881_45_index/sim_scientific-american_1881_45_index_djvu.txt	?	-
sim_scientific-american_1882-01-07_46_1	https://archive.org/download/sim_scientific-american_1882-01-07_46_1/sim_scientific-american_1882-01-07_46_1_djvu.txt	?	-
sim_scientific-american_1882-01-14_46_2	https://archive.org/download/sim_scientific-american_1882-01-14_46_2/sim_scientific-american_1882-01-14_46_2_djvu.txt	?	-
sim_scientific-american_1882-01-21_46_3	https://archive.org/download/sim_scientific-american_1882-01-21_46_3/sim_scientific-american_1882-01-21_46_3_djvu.txt	?	-
sim_scientific-american_1882-01-28_46_4	https://archive.org/download/sim_scientific-american_1882-01-28_46_4/sim_scientific-american_1882-01-28_46_4_djvu.txt	?	-
sim_scientific-american_1882-02-04_46_5	https://archive.org/download/sim_scientific-american_1882-02-04_46_5/sim_scientific-american_1882-02-04_46_5_djvu.txt	?	-
sim_scientific-american_1882-02-11_46_6	https://archive.org/download/sim_scientific-american_1882-02-11_46_6/sim_scientific-american_1882-02-11_46_6_djvu.txt	?	-
sim_scientific-american_1882-02-18_46_7	https://archive.org/download/sim_scientific-american_1882-02-18_46_7/sim_scientific-american_1882-02-18_46_7_djvu.txt	?	-
sim_scientific-american_1882-02-25_46_8	https://archive.org/download/sim_scientific-american_1882-02-25_46_8/sim_scientific-american_1882-02-25_46_8_djvu.txt	?	-
sim_scientific-american_1882-03-04_46_9	https://archive.org/download/sim_scientific-american_1882-03-04_46_9/sim_scientific-american_1882-03-04_46_9_djvu.txt	?	-
sim_scientific-american_1882-03-11_46_10	https://archive.org/download/sim_scientific-american_1882-03-11_46_10/sim_scientific-american_1882-03-11_46_10_djvu.txt	?	-
sim_scientific-american_1882-03-18_46_11	https://archive.org/download/sim_scientific-american_1882-03-18_46_11/sim_scientific-american_1882-03-18_46_11_djvu.txt	?	-
sim_scientific-american_1882-03-25_46_12	https://archive.org/download/sim_scientific-american_1882-03-25_46_12/sim_scientific-american_1882-03-25_46_12_djvu.txt	?	-
sim_scientific-american_1882-04-01_46_13	https://archive.org/download/sim_scientific-american_1882-04-01_46_13/sim_scientific-american_1882-04-01_46_13_djvu.txt	?	-
sim_scientific-american_1882-04-08_46_14	https://archive.org/download/sim_scientific-american_1882-04-08_46_14/sim_scientific-american_1882-04-08_46_14_djvu.txt	?	-
sim_scientific-american_1882-04-15_46_15	https://archive.org/download/sim_scientific-american_1882-04-15_46_15/sim_scientific-american_1882-04-15_46_15_djvu.txt	?	-
sim_scientific-american_1882-04-22_46_16	https://archive.org/download/sim_scientific-american_1882-04-22_46_16/sim_scientific-american_1882-04-22_46_16_djvu.txt	?	-
sim_scientific-american_1882-04-29_46_17	https://archive.org/download/sim_scientific-american_1882-04-29_46_17/sim_scientific-american_1882-04-29_46_17_djvu.txt	?	-
sim_scientific-american_1882-05-06_46_18	https://archive.org/download/sim_scientific-american_1882-05-06_46_18/sim_scientific-american_1882-05-06_46_18_djvu.txt	?	-
sim_scientific-american_1882-05-13_46_19	https://archive.org/download/sim_scientific-american_1882-05-13_46_19/sim_scientific-american_1882-05-13_46_19_djvu.txt	?	-
sim_scientific-american_1882-05-20_46_20	https://archive.org/download/sim_scientific-american_1882-05-20_46_20/sim_scientific-american_1882-05-20_46_20_djvu.txt	?	-
sim_scientific-american_1882-05-27_46_21	https://archive.org/download/sim_scientific-american_1882-05-27_46_21/sim_scientific-american_1882-05-27_46_21_djvu.txt	?	-
sim_scientific-american_1882-06-03_46_22	https://archive.org/download/sim_scientific-american_1882-06-03_46_22/sim_scientific-american_1882-06-03_46_22_djvu.txt	?	-
sim_scientific-american_1882-06-10_46_23	https://archive.org/download/sim_scientific-american_1882-06-10_46_23/sim_scientific-american_1882-06-10_46_23_djvu.txt	?	-
sim_scientific-american_1882-06-17_46_24	https://archive.org/download/sim_scientific-american_1882-06-17_46_24/sim_scientific-american_1882-06-17_46_24_djvu.txt	?	-
sim_scientific-american_1882-06-24_46_25	https://archive.org/download/sim_scientific-american_1882-06-24_46_25/sim_scientific-american_1882-06-24_46_25_djvu.txt	?	-
sim_scientific-american_1882-07-01_47_1	https://archive.org/download/sim_scientific-american_1882-07-01_47_1/sim_scientific-american_1882-07-01_47_1_djvu.txt	?	-
sim_scientific-american_1882-07-08_47_2	https://archive.org/download/sim_scientific-american_1882-07-08_47_2/sim_scientific-american_1882-07-08_47_2_djvu.txt	?	-
sim_scientific-american_1882-07-15_47_3	https://archive.org/download/sim_scientific-american_1882-07-15_47_3/sim_scientific-american_1882-07-15_47_3_djvu.txt	?	-
sim_scientific-american_1882-07-22_47_4	https://archive.org/download/sim_scientific-american_1882-07-22_47_4/sim_scientific-american_1882-07-22_47_4_djvu.txt	?	-
sim_scientific-american_1882-07-29_47_5	https://archive.org/download/sim_scientific-american_1882-07-29_47_5/sim_scientific-american_1882-07-29_47_5_djvu.txt	?	-
sim_scientific-american_1882-08-05_47_6	https://archive.org/download/sim_scientific-american_1882-08-05_47_6/sim_scientific-american_1882-08-05_47_6_djvu.txt	?	-
sim_scientific-american_1882-08-12_47_7	https://archive.org/download/sim_scientific-american_1882-08-12_47_7/sim_scientific-american_1882-08-12_47_7_djvu.txt	?	-
sim_scientific-american_1882-08-19_47_8	https://archive.org/download/sim_scientific-american_1882-08-19_47_8/sim_scientific-american_1882-08-19_47_8_djvu.txt	?	-
sim_scientific-american_1882-08-26_47_9	https://archive.org/download/sim_scientific-american_1882-08-26_47_9/sim_scientific-american_1882-08-26_47_9_djvu.txt	?	-
sim_scientific-american_1882-09-02_47_10	https://archive.org/download/sim_scientific-american_1882-09-02_47_10/sim_scientific-american_1882-09-02_47_10_djvu.txt	?	-
sim_scientific-american_1882-09-09_47_11	https://archive.org/download/sim_scientific-american_1882-09-09_47_11/sim_scientific-american_1882-09-09_47_11_djvu.txt	?	-
sim_scientific-american_1882-09-16_47_12	https://archive.org/download/sim_scientific-american_1882-09-16_47_12/sim_scientific-american_1882-09-16_47_12_djvu.txt	?	-
sim_scientific-american_1882-09-23_47_13	https://archive.org/download/sim_scientific-american_1882-09-23_47_13/sim_scientific-american_1882-09-23_47_13_djvu.txt	?	-
sim_scientific-american_1882-09-30_47_14	https://archive.org/download/sim_scientific-american_1882-09-30_47_14/sim_scientific-american_1882-09-30_47_14_djvu.txt	?	-
sim_scientific-american_1882-10-07_47_15	https://archive.org/download/sim_scientific-american_1882-10-07_47_15/sim_scientific-american_1882-10-07_47_15_djvu.txt	?	-
sim_scientific-american_1882-10-14_47_16	https://archive.org/download/sim_scientific-american_1882-10-14_47_16/sim_scientific-american_1882-10-14_47_16_djvu.txt	?	-
sim_scientific-american_1882-10-21_47_17	https://archive.org/download/sim_scientific-american_1882-10-21_47_17/sim_scientific-american_1882-10-21_47_17_djvu.txt	?	-
sim_scientific-american_1882-10-28_47_18	https://archive.org/download/sim_scientific-american_1882-10-28_47_18/sim_scientific-american_1882-10-28_47_18_djvu.txt	?	-
sim_scientific-american_1882-11-04_47_19	https://archive.org/download/sim_scientific-american_1882-11-04_47_19/sim_scientific-american_1882-11-04_47_19_djvu.txt	?	-
sim_scientific-american_1882-11-11_47_20	https://archive.org/download/sim_scientific-american_1882-11-11_47_20/sim_scientific-american_1882-11-11_47_20_djvu.txt	?	-
sim_scientific-american_1882-11-18_47_21	https://archive.org/download/sim_scientific-american_1882-11-18_47_21/sim_scientific-american_1882-11-18_47_21_djvu.txt	?	-
sim_scientific-american_1882-11-25_47_22	https://archive.org/download/sim_scientific-american_1882-11-25_47_22/sim_scientific-american_1882-11-25_47_22_djvu.txt	?	-
sim_scientific-american_1882-12-02_47_23	https://archive.org/download/sim_scientific-american_1882-12-02_47_23/sim_scientific-american_1882-12-02_47_23_djvu.txt	?	-
sim_scientific-american_1882-12-09_47_24	https://archive.org/download/sim_scientific-american_1882-12-09_47_24/sim_scientific-american_1882-12-09_47_24_djvu.txt	?	-
sim_scientific-american_1882-12-16_47_25	https://archive.org/download/sim_scientific-american_1882-12-16_47_25/sim_scientific-american_1882-12-16_47_25_djvu.txt	?	-
sim_scientific-american_1882-12-23_47_26	https://archive.org/download/sim_scientific-american_1882-12-23_47_26/sim_scientific-american_1882-12-23_47_26_djvu.txt	?	-
sim_scientific-american_1882-12-30_47_27	https://archive.org/download/sim_scientific-american_1882-12-30_47_27/sim_scientific-american_1882-12-30_47_27_djvu.txt	?	-
sim_scientific-american_1882_46_index	https://archive.org/download/sim_scientific-american_1882_46_index/sim_scientific-american_1882_46_index_djvu.txt	?	-
sim_scientific-american_1882_47_index	https://archive.org/download/sim_scientific-american_1882_47_index/sim_scientific-american_1882_47_index_djvu.txt	?	-
sim_scientific-american_1883-01-06_48_1	https://archive.org/download/sim_scientific-american_1883-01-06_48_1/sim_scientific-american_1883-01-06_48_1_djvu.txt	?	-
sim_scientific-american_1883-01-13_48_2	https://archive.org/download/sim_scientific-american_1883-01-13_48_2/sim_scientific-american_1883-01-13_48_2_djvu.txt	?	-
sim_scientific-american_1883-01-20_48_3	https://archive.org/download/sim_scientific-american_1883-01-20_48_3/sim_scientific-american_1883-01-20_48_3_djvu.txt	?	-
sim_scientific-american_1883-01-27_48_4	https://archive.org/download/sim_scientific-american_1883-01-27_48_4/sim_scientific-american_1883-01-27_48_4_djvu.txt	?	-
sim_scientific-american_1883-02-03_48_5	https://archive.org/download/sim_scientific-american_1883-02-03_48_5/sim_scientific-american_1883-02-03_48_5_djvu.txt	?	-
sim_scientific-american_1883-02-10_48_6	https://archive.org/download/sim_scientific-american_1883-02-10_48_6/sim_scientific-american_1883-02-10_48_6_djvu.txt	?	-
sim_scientific-american_1883-02-17_48_7	https://archive.org/download/sim_scientific-american_1883-02-17_48_7/sim_scientific-american_1883-02-17_48_7_djvu.txt	?	-
sim_scientific-american_1883-02-24_48_8	https://archive.org/download/sim_scientific-american_1883-02-24_48_8/sim_scientific-american_1883-02-24_48_8_djvu.txt	?	-
sim_scientific-american_1883-03-03_48_9	https://archive.org/download/sim_scientific-american_1883-03-03_48_9/sim_scientific-american_1883-03-03_48_9_djvu.txt	?	-
sim_scientific-american_1883-03-10_48_10	https://archive.org/download/sim_scientific-american_1883-03-10_48_10/sim_scientific-american_1883-03-10_48_10_djvu.txt	?	-
sim_scientific-american_1883-03-17_48_11	https://archive.org/download/sim_scientific-american_1883-03-17_48_11/sim_scientific-american_1883-03-17_48_11_djvu.txt	?	-
sim_scientific-american_1883-03-24_48_12	https://archive.org/download/sim_scientific-american_1883-03-24_48_12/sim_scientific-american_1883-03-24_48_12_djvu.txt	?	-
sim_scientific-american_1883-03-31_48_13	https://archive.org/download/sim_scientific-american_1883-03-31_48_13/sim_scientific-american_1883-03-31_48_13_djvu.txt	?	-
sim_scientific-american_1883-04-07_48_14	https://archive.org/download/sim_scientific-american_1883-04-07_48_14/sim_scientific-american_1883-04-07_48_14_djvu.txt	?	-
sim_scientific-american_1883-04-14_48_15	https://archive.org/download/sim_scientific-american_1883-04-14_48_15/sim_scientific-american_1883-04-14_48_15_djvu.txt	?	-
sim_scientific-american_1883-04-21_48_16	https://archive.org/download/sim_scientific-american_1883-04-21_48_16/sim_scientific-american_1883-04-21_48_16_djvu.txt	?	-
sim_scientific-american_1883-04-28_48_17	https://archive.org/download/sim_scientific-american_1883-04-28_48_17/sim_scientific-american_1883-04-28_48_17_djvu.txt	?	-
sim_scientific-american_1883-05-05_48_18	https://archive.org/download/sim_scientific-american_1883-05-05_48_18/sim_scientific-american_1883-05-05_48_18_djvu.txt	?	-
sim_scientific-american_1883-05-12_48_19	https://archive.org/download/sim_scientific-american_1883-05-12_48_19/sim_scientific-american_1883-05-12_48_19_djvu.txt	?	-
sim_scientific-american_1883-05-19_48_20	https://archive.org/download/sim_scientific-american_1883-05-19_48_20/sim_scientific-american_1883-05-19_48_20_djvu.txt	?	-
sim_scientific-american_1883-05-26_48_21	https://archive.org/download/sim_scientific-american_1883-05-26_48_21/sim_scientific-american_1883-05-26_48_21_djvu.txt	?	-
sim_scientific-american_1883-06-02_48_22	https://archive.org/download/sim_scientific-american_1883-06-02_48_22/sim_scientific-american_1883-06-02_48_22_djvu.txt	?	-
sim_scientific-american_1883-06-09_48_23	https://archive.org/download/sim_scientific-american_1883-06-09_48_23/sim_scientific-american_1883-06-09_48_23_djvu.txt	?	-
sim_scientific-american_1883-06-16_48_24	https://archive.org/download/sim_scientific-american_1883-06-16_48_24/sim_scientific-american_1883-06-16_48_24_djvu.txt	?	-
sim_scientific-american_1883-06-23_48_25	https://archive.org/download/sim_scientific-american_1883-06-23_48_25/sim_scientific-american_1883-06-23_48_25_djvu.txt	?	-
sim_scientific-american_1883-06-30_48_26	https://archive.org/download/sim_scientific-american_1883-06-30_48_26/sim_scientific-american_1883-06-30_48_26_djvu.txt	?	-
sim_scientific-american_1883-07-07_49_1	https://archive.org/download/sim_scientific-american_1883-07-07_49_1/sim_scientific-american_1883-07-07_49_1_djvu.txt	?	-
sim_scientific-american_1883-07-14_49_2	https://archive.org/download/sim_scientific-american_1883-07-14_49_2/sim_scientific-american_1883-07-14_49_2_djvu.txt	?	-
sim_scientific-american_1883-07-21_49_3	https://archive.org/download/sim_scientific-american_1883-07-21_49_3/sim_scientific-american_1883-07-21_49_3_djvu.txt	?	-
sim_scientific-american_1883-07-28_49_4	https://archive.org/download/sim_scientific-american_1883-07-28_49_4/sim_scientific-american_1883-07-28_49_4_djvu.txt	?	-
sim_scientific-american_1883-08-04_49_5	https://archive.org/download/sim_scientific-american_1883-08-04_49_5/sim_scientific-american_1883-08-04_49_5_djvu.txt	?	-
sim_scientific-american_1883-08-11_49_6	https://archive.org/download/sim_scientific-american_1883-08-11_49_6/sim_scientific-american_1883-08-11_49_6_djvu.txt	?	-
sim_scientific-american_1883-08-18_49_7	https://archive.org/download/sim_scientific-american_1883-08-18_49_7/sim_scientific-american_1883-08-18_49_7_djvu.txt	?	-
sim_scientific-american_1883-08-25_49_8	https://archive.org/download/sim_scientific-american_1883-08-25_49_8/sim_scientific-american_1883-08-25_49_8_djvu.txt	?	-
sim_scientific-american_1883-09-01_49_9	https://archive.org/download/sim_scientific-american_1883-09-01_49_9/sim_scientific-american_1883-09-01_49_9_djvu.txt	?	-
sim_scientific-american_1883-09-08_49_10	https://archive.org/download/sim_scientific-american_1883-09-08_49_10/sim_scientific-american_1883-09-08_49_10_djvu.txt	?	-
sim_scientific-american_1883-09-15_49_11	https://archive.org/download/sim_scientific-american_1883-09-15_49_11/sim_scientific-american_1883-09-15_49_11_djvu.txt	?	-
sim_scientific-american_1883-09-22_49_12	https://archive.org/download/sim_scientific-american_1883-09-22_49_12/sim_scientific-american_1883-09-22_49_12_djvu.txt	?	-
sim_scientific-american_1883-09-29_49_13	https://archive.org/download/sim_scientific-american_1883-09-29_49_13/sim_scientific-american_1883-09-29_49_13_djvu.txt	?	-
sim_scientific-american_1883-10-06_49_14	https://archive.org/download/sim_scientific-american_1883-10-06_49_14/sim_scientific-american_1883-10-06_49_14_djvu.txt	?	-
sim_scientific-american_1883-10-13_49_15	https://archive.org/download/sim_scientific-american_1883-10-13_49_15/sim_scientific-american_1883-10-13_49_15_djvu.txt	?	-
sim_scientific-american_1883-10-20_49_16	https://archive.org/download/sim_scientific-american_1883-10-20_49_16/sim_scientific-american_1883-10-20_49_16_djvu.txt	?	-
sim_scientific-american_1883-10-27_49_17	https://archive.org/download/sim_scientific-american_1883-10-27_49_17/sim_scientific-american_1883-10-27_49_17_djvu.txt	?	-
sim_scientific-american_1883-11-03_49_18	https://archive.org/download/sim_scientific-american_1883-11-03_49_18/sim_scientific-american_1883-11-03_49_18_djvu.txt	?	-
sim_scientific-american_1883-11-10_49_19	https://archive.org/download/sim_scientific-american_1883-11-10_49_19/sim_scientific-american_1883-11-10_49_19_djvu.txt	?	-
sim_scientific-american_1883-11-17_49_20	https://archive.org/download/sim_scientific-american_1883-11-17_49_20/sim_scientific-american_1883-11-17_49_20_djvu.txt	?	-
sim_scientific-american_1883-11-24_49_21	https://archive.org/download/sim_scientific-american_1883-11-24_49_21/sim_scientific-american_1883-11-24_49_21_djvu.txt	?	-
sim_scientific-american_1883-12-01_49_22	https://archive.org/download/sim_scientific-american_1883-12-01_49_22/sim_scientific-american_1883-12-01_49_22_djvu.txt	?	-
sim_scientific-american_1883-12-08_49_23	https://archive.org/download/sim_scientific-american_1883-12-08_49_23/sim_scientific-american_1883-12-08_49_23_djvu.txt	?	-
sim_scientific-american_1883-12-15_49_24	https://archive.org/download/sim_scientific-american_1883-12-15_49_24/sim_scientific-american_1883-12-15_49_24_djvu.txt	?	-
sim_scientific-american_1883-12-22_49_25	https://archive.org/download/sim_scientific-american_1883-12-22_49_25/sim_scientific-american_1883-12-22_49_25_djvu.txt	?	-
sim_scientific-american_1883-12-29_49_26	https://archive.org/download/sim_scientific-american_1883-12-29_49_26/sim_scientific-american_1883-12-29_49_26_djvu.txt	?	-
sim_scientific-american_1883_48_index	https://archive.org/download/sim_scientific-american_1883_48_index/sim_scientific-american_1883_48_index_djvu.txt	?	-
sim_scientific-american_1883_49_index	https://archive.org/download/sim_scientific-american_1883_49_index/sim_scientific-american_1883_49_index_djvu.txt	?	-
sim_scientific-american_1884-01-05_50_1	https://archive.org/download/sim_scientific-american_1884-01-05_50_1/sim_scientific-american_1884-01-05_50_1_djvu.txt	?	-
sim_scientific-american_1884-01-12_50_2	https://archive.org/download/sim_scientific-american_1884-01-12_50_2/sim_scientific-american_1884-01-12_50_2_djvu.txt	?	-
sim_scientific-american_1884-01-19_50_3	https://archive.org/download/sim_scientific-american_1884-01-19_50_3/sim_scientific-american_1884-01-19_50_3_djvu.txt	?	-
sim_scientific-american_1884-01-26_50_4	https://archive.org/download/sim_scientific-american_1884-01-26_50_4/sim_scientific-american_1884-01-26_50_4_djvu.txt	?	-
sim_scientific-american_1884-02-02_50_5	https://archive.org/download/sim_scientific-american_1884-02-02_50_5/sim_scientific-american_1884-02-02_50_5_djvu.txt	?	-
sim_scientific-american_1884-02-09_50_6	https://archive.org/download/sim_scientific-american_1884-02-09_50_6/sim_scientific-american_1884-02-09_50_6_djvu.txt	?	-
sim_scientific-american_1884-02-16_50_7	https://archive.org/download/sim_scientific-american_1884-02-16_50_7/sim_scientific-american_1884-02-16_50_7_djvu.txt	?	-
sim_scientific-american_1884-02-23_50_8	https://archive.org/download/sim_scientific-american_1884-02-23_50_8/sim_scientific-american_1884-02-23_50_8_djvu.txt	?	-
sim_scientific-american_1884-03-01_50_9	https://archive.org/download/sim_scientific-american_1884-03-01_50_9/sim_scientific-american_1884-03-01_50_9_djvu.txt	?	-
sim_scientific-american_1884-03-08_50_10	https://archive.org/download/sim_scientific-american_1884-03-08_50_10/sim_scientific-american_1884-03-08_50_10_djvu.txt	?	-
sim_scientific-american_1884-03-15_50_11	https://archive.org/download/sim_scientific-american_1884-03-15_50_11/sim_scientific-american_1884-03-15_50_11_djvu.txt	?	-
sim_scientific-american_1884-03-22_50_12	https://archive.org/download/sim_scientific-american_1884-03-22_50_12/sim_scientific-american_1884-03-22_50_12_djvu.txt	?	-
sim_scientific-american_1884-03-29_50_13	https://archive.org/download/sim_scientific-american_1884-03-29_50_13/sim_scientific-american_1884-03-29_50_13_djvu.txt	?	-
sim_scientific-american_1884-04-05_50_14	https://archive.org/download/sim_scientific-american_1884-04-05_50_14/sim_scientific-american_1884-04-05_50_14_djvu.txt	?	-
sim_scientific-american_1884-04-12_50_15	https://archive.org/download/sim_scientific-american_1884-04-12_50_15/sim_scientific-american_1884-04-12_50_15_djvu.txt	?	-
sim_scientific-american_1884-04-19_50_16	https://archive.org/download/sim_scientific-american_1884-04-19_50_16/sim_scientific-american_1884-04-19_50_16_djvu.txt	?	-
sim_scientific-american_1884-04-26_50_17	https://archive.org/download/sim_scientific-american_1884-04-26_50_17/sim_scientific-american_1884-04-26_50_17_djvu.txt	?	-
sim_scientific-american_1884-05-03_50_18	https://archive.org/download/sim_scientific-american_1884-05-03_50_18/sim_scientific-american_1884-05-03_50_18_djvu.txt	?	-
sim_scientific-american_1884-05-10_50_19	https://archive.org/download/sim_scientific-american_1884-05-10_50_19/sim_scientific-american_1884-05-10_50_19_djvu.txt	?	-
sim_scientific-american_1884-05-17_50_20	https://archive.org/download/sim_scientific-american_1884-05-17_50_20/sim_scientific-american_1884-05-17_50_20_djvu.txt	?	-
sim_scientific-american_1884-05-24_50_21	https://archive.org/download/sim_scientific-american_1884-05-24_50_21/sim_scientific-american_1884-05-24_50_21_djvu.txt	?	-
sim_scientific-american_1884-05-31_50_22	https://archive.org/download/sim_scientific-american_1884-05-31_50_22/sim_scientific-american_1884-05-31_50_22_djvu.txt	?	-
sim_scientific-american_1884-06-07_50_23	https://archive.org/download/sim_scientific-american_1884-06-07_50_23/sim_scientific-american_1884-06-07_50_23_djvu.txt	?	-
sim_scientific-american_1884-06-14_50_24	https://archive.org/download/sim_scientific-american_1884-06-14_50_24/sim_scientific-american_1884-06-14_50_24_djvu.txt	?	-
sim_scientific-american_1884-06-21_50_25	https://archive.org/download/sim_scientific-american_1884-06-21_50_25/sim_scientific-american_1884-06-21_50_25_djvu.txt	?	-
sim_scientific-american_1884-06-28_50_26	https://archive.org/download/sim_scientific-american_1884-06-28_50_26/sim_scientific-american_1884-06-28_50_26_djvu.txt	?	-
sim_scientific-american_1884-07-05_51_1	https://archive.org/download/sim_scientific-american_1884-07-05_51_1/sim_scientific-american_1884-07-05_51_1_djvu.txt	?	-
sim_scientific-american_1884-07-12_51_2	https://archive.org/download/sim_scientific-american_1884-07-12_51_2/sim_scientific-american_1884-07-12_51_2_djvu.txt	?	-
sim_scientific-american_1884-07-19_51_3	https://archive.org/download/sim_scientific-american_1884-07-19_51_3/sim_scientific-american_1884-07-19_51_3_djvu.txt	?	-
sim_scientific-american_1884-07-26_51_4	https://archive.org/download/sim_scientific-american_1884-07-26_51_4/sim_scientific-american_1884-07-26_51_4_djvu.txt	?	-
sim_scientific-american_1884-08-02_51_5	https://archive.org/download/sim_scientific-american_1884-08-02_51_5/sim_scientific-american_1884-08-02_51_5_djvu.txt	?	-
sim_scientific-american_1884-08-09_51_6	https://archive.org/download/sim_scientific-american_1884-08-09_51_6/sim_scientific-american_1884-08-09_51_6_djvu.txt	?	-
sim_scientific-american_1884-08-16_51_7	https://archive.org/download/sim_scientific-american_1884-08-16_51_7/sim_scientific-american_1884-08-16_51_7_djvu.txt	?	-
sim_scientific-american_1884-08-23_51_8	https://archive.org/download/sim_scientific-american_1884-08-23_51_8/sim_scientific-american_1884-08-23_51_8_djvu.txt	?	-
sim_scientific-american_1884-08-30_51_9	https://archive.org/download/sim_scientific-american_1884-08-30_51_9/sim_scientific-american_1884-08-30_51_9_djvu.txt	?	-
sim_scientific-american_1884-09-06_51_10	https://archive.org/download/sim_scientific-american_1884-09-06_51_10/sim_scientific-american_1884-09-06_51_10_djvu.txt	?	-
sim_scientific-american_1884-09-13_51_11	https://archive.org/download/sim_scientific-american_1884-09-13_51_11/sim_scientific-american_1884-09-13_51_11_djvu.txt	?	-
sim_scientific-american_1884-09-20_51_12	https://archive.org/download/sim_scientific-american_1884-09-20_51_12/sim_scientific-american_1884-09-20_51_12_djvu.txt	?	-
sim_scientific-american_1884-09-27_51_13	https://archive.org/download/sim_scientific-american_1884-09-27_51_13/sim_scientific-american_1884-09-27_51_13_djvu.txt	?	-
sim_scientific-american_1884-10-04_51_14	https://archive.org/download/sim_scientific-american_1884-10-04_51_14/sim_scientific-american_1884-10-04_51_14_djvu.txt	?	-
sim_scientific-american_1884-10-11_51_15	https://archive.org/download/sim_scientific-american_1884-10-11_51_15/sim_scientific-american_1884-10-11_51_15_djvu.txt	?	-
sim_scientific-american_1884-10-18_51_16	https://archive.org/download/sim_scientific-american_1884-10-18_51_16/sim_scientific-american_1884-10-18_51_16_djvu.txt	?	-
sim_scientific-american_1884-10-25_51_17	https://archive.org/download/sim_scientific-american_1884-10-25_51_17/sim_scientific-american_1884-10-25_51_17_djvu.txt	?	-
sim_scientific-american_1884-11-01_51_18	https://archive.org/download/sim_scientific-american_1884-11-01_51_18/sim_scientific-american_1884-11-01_51_18_djvu.txt	?	-
sim_scientific-american_1884-11-08_51_19	https://archive.org/download/sim_scientific-american_1884-11-08_51_19/sim_scientific-american_1884-11-08_51_19_djvu.txt	?	-
sim_scientific-american_1884-11-15_51_20	https://archive.org/download/sim_scientific-american_1884-11-15_51_20/sim_scientific-american_1884-11-15_51_20_djvu.txt	?	-
sim_scientific-american_1884-11-22_51_21	https://archive.org/download/sim_scientific-american_1884-11-22_51_21/sim_scientific-american_1884-11-22_51_21_djvu.txt	?	-
sim_scientific-american_1884-11-29_51_22	https://archive.org/download/sim_scientific-american_1884-11-29_51_22/sim_scientific-american_1884-11-29_51_22_djvu.txt	?	-
sim_scientific-american_1884-12-06_51_23	https://archive.org/download/sim_scientific-american_1884-12-06_51_23/sim_scientific-american_1884-12-06_51_23_djvu.txt	?	-
sim_scientific-american_1884-12-13_51_24	https://archive.org/download/sim_scientific-american_1884-12-13_51_24/sim_scientific-american_1884-12-13_51_24_djvu.txt	?	-
sim_scientific-american_1884-12-20_51_25	https://archive.org/download/sim_scientific-american_1884-12-20_51_25/sim_scientific-american_1884-12-20_51_25_djvu.txt	?	-
sim_scientific-american_1884_50_index	https://archive.org/download/sim_scientific-american_1884_50_index/sim_scientific-american_1884_50_index_djvu.txt	?	-
sim_scientific-american_1884_51_index	https://archive.org/download/sim_scientific-american_1884_51_index/sim_scientific-american_1884_51_index_djvu.txt	?	-
sim_scientific-american_1885-01-03_52_1	https://archive.org/download/sim_scientific-american_1885-01-03_52_1/sim_scientific-american_1885-01-03_52_1_djvu.txt	?	-
sim_scientific-american_1885-01-10_52_2	https://archive.org/download/sim_scientific-american_1885-01-10_52_2/sim_scientific-american_1885-01-10_52_2_djvu.txt	?	-
sim_scientific-american_1885-01-17_52_3	https://archive.org/download/sim_scientific-american_1885-01-17_52_3/sim_scientific-american_1885-01-17_52_3_djvu.txt	?	-
sim_scientific-american_1885-01-24_52_4	https://archive.org/download/sim_scientific-american_1885-01-24_52_4/sim_scientific-american_1885-01-24_52_4_djvu.txt	?	-
sim_scientific-american_1885-01-31_52_5	https://archive.org/download/sim_scientific-american_1885-01-31_52_5/sim_scientific-american_1885-01-31_52_5_djvu.txt	?	-
sim_scientific-american_1885-02-07_52_6	https://archive.org/download/sim_scientific-american_1885-02-07_52_6/sim_scientific-american_1885-02-07_52_6_djvu.txt	?	-
sim_scientific-american_1885-02-14_52_7	https://archive.org/download/sim_scientific-american_1885-02-14_52_7/sim_scientific-american_1885-02-14_52_7_djvu.txt	?	-
sim_scientific-american_1885-02-21_52_8	https://archive.org/download/sim_scientific-american_1885-02-21_52_8/sim_scientific-american_1885-02-21_52_8_djvu.txt	?	-
sim_scientific-american_1885-02-28_52_9	https://archive.org/download/sim_scientific-american_1885-02-28_52_9/sim_scientific-american_1885-02-28_52_9_djvu.txt	?	-
sim_scientific-american_1885-03-07_52_10	https://archive.org/download/sim_scientific-american_1885-03-07_52_10/sim_scientific-american_1885-03-07_52_10_djvu.txt	?	-
sim_scientific-american_1885-03-14_52_11	https://archive.org/download/sim_scientific-american_1885-03-14_52_11/sim_scientific-american_1885-03-14_52_11_djvu.txt	?	-
sim_scientific-american_1885-03-21_52_12	https://archive.org/download/sim_scientific-american_1885-03-21_52_12/sim_scientific-american_1885-03-21_52_12_djvu.txt	?	-
sim_scientific-american_1885-03-28_52_13	https://archive.org/download/sim_scientific-american_1885-03-28_52_13/sim_scientific-american_1885-03-28_52_13_djvu.txt	?	-
sim_scientific-american_1885-04-04_52_14	https://archive.org/download/sim_scientific-american_1885-04-04_52_14/sim_scientific-american_1885-04-04_52_14_djvu.txt	?	-
sim_scientific-american_1885-04-11_52_15	https://archive.org/download/sim_scientific-american_1885-04-11_52_15/sim_scientific-american_1885-04-11_52_15_djvu.txt	?	-
sim_scientific-american_1885-04-18_52_16	https://archive.org/download/sim_scientific-american_1885-04-18_52_16/sim_scientific-american_1885-04-18_52_16_djvu.txt	?	-
sim_scientific-american_1885-04-25_52_17	https://archive.org/download/sim_scientific-american_1885-04-25_52_17/sim_scientific-american_1885-04-25_52_17_djvu.txt	?	-
sim_scientific-american_1885-05-02_52_18	https://archive.org/download/sim_scientific-american_1885-05-02_52_18/sim_scientific-american_1885-05-02_52_18_djvu.txt	?	-
sim_scientific-american_1885-05-09_52_19	https://archive.org/download/sim_scientific-american_1885-05-09_52_19/sim_scientific-american_1885-05-09_52_19_djvu.txt	?	-
sim_scientific-american_1885-05-16_52_20	https://archive.org/download/sim_scientific-american_1885-05-16_52_20/sim_scientific-american_1885-05-16_52_20_djvu.txt	?	-
sim_scientific-american_1885-05-23_52_21	https://archive.org/download/sim_scientific-american_1885-05-23_52_21/sim_scientific-american_1885-05-23_52_21_djvu.txt	?	-
sim_scientific-american_1885-05-30_52_22	https://archive.org/download/sim_scientific-american_1885-05-30_52_22/sim_scientific-american_1885-05-30_52_22_djvu.txt	?	-
sim_scientific-american_1885-06-06_52_23	https://archive.org/download/sim_scientific-american_1885-06-06_52_23/sim_scientific-american_1885-06-06_52_23_djvu.txt	?	-
sim_scientific-american_1885-06-13_52_24	https://archive.org/download/sim_scientific-american_1885-06-13_52_24/sim_scientific-american_1885-06-13_52_24_djvu.txt	?	-
sim_scientific-american_1885-06-20_52_25	https://archive.org/download/sim_scientific-american_1885-06-20_52_25/sim_scientific-american_1885-06-20_52_25_djvu.txt	?	-
sim_scientific-american_1885-06-27_52_26	https://archive.org/download/sim_scientific-american_1885-06-27_52_26/sim_scientific-american_1885-06-27_52_26_djvu.txt	?	-
sim_scientific-american_1885-07-04_53_1	https://archive.org/download/sim_scientific-american_1885-07-04_53_1/sim_scientific-american_1885-07-04_53_1_djvu.txt	?	-
sim_scientific-american_1885-07-11_53_2	https://archive.org/download/sim_scientific-american_1885-07-11_53_2/sim_scientific-american_1885-07-11_53_2_djvu.txt	?	-
sim_scientific-american_1885-07-18_53_3	https://archive.org/download/sim_scientific-american_1885-07-18_53_3/sim_scientific-american_1885-07-18_53_3_djvu.txt	?	-
sim_scientific-american_1885-07-25_53_4	https://archive.org/download/sim_scientific-american_1885-07-25_53_4/sim_scientific-american_1885-07-25_53_4_djvu.txt	?	-
sim_scientific-american_1885-08-01_53_5	https://archive.org/download/sim_scientific-american_1885-08-01_53_5/sim_scientific-american_1885-08-01_53_5_djvu.txt	?	-
sim_scientific-american_1885-08-08_53_6	https://archive.org/download/sim_scientific-american_1885-08-08_53_6/sim_scientific-american_1885-08-08_53_6_djvu.txt	?	-
sim_scientific-american_1885-08-15_53_7	https://archive.org/download/sim_scientific-american_1885-08-15_53_7/sim_scientific-american_1885-08-15_53_7_djvu.txt	?	-
sim_scientific-american_1885-08-22_53_8	https://archive.org/download/sim_scientific-american_1885-08-22_53_8/sim_scientific-american_1885-08-22_53_8_djvu.txt	?	-
sim_scientific-american_1885-08-29_53_9	https://archive.org/download/sim_scientific-american_1885-08-29_53_9/sim_scientific-american_1885-08-29_53_9_djvu.txt	?	-
sim_scientific-american_1885-09-05_53_10	https://archive.org/download/sim_scientific-american_1885-09-05_53_10/sim_scientific-american_1885-09-05_53_10_djvu.txt	?	-
sim_scientific-american_1885-09-12_53_11	https://archive.org/download/sim_scientific-american_1885-09-12_53_11/sim_scientific-american_1885-09-12_53_11_djvu.txt	?	-
sim_scientific-american_1885-09-19_53_12	https://archive.org/download/sim_scientific-american_1885-09-19_53_12/sim_scientific-american_1885-09-19_53_12_djvu.txt	?	-
sim_scientific-american_1885-09-26_53_13	https://archive.org/download/sim_scientific-american_1885-09-26_53_13/sim_scientific-american_1885-09-26_53_13_djvu.txt	?	-
sim_scientific-american_1885-10-03_53_14	https://archive.org/download/sim_scientific-american_1885-10-03_53_14/sim_scientific-american_1885-10-03_53_14_djvu.txt	?	-
sim_scientific-american_1885-10-10_53_15	https://archive.org/download/sim_scientific-american_1885-10-10_53_15/sim_scientific-american_1885-10-10_53_15_djvu.txt	?	-
sim_scientific-american_1885-10-17_53_16	https://archive.org/download/sim_scientific-american_1885-10-17_53_16/sim_scientific-american_1885-10-17_53_16_djvu.txt	?	-
sim_scientific-american_1885-10-24_53_17	https://archive.org/download/sim_scientific-american_1885-10-24_53_17/sim_scientific-american_1885-10-24_53_17_djvu.txt	?	-
sim_scientific-american_1885-10-31_53_18	https://archive.org/download/sim_scientific-american_1885-10-31_53_18/sim_scientific-american_1885-10-31_53_18_djvu.txt	?	-
sim_scientific-american_1885-11-07_53_19	https://archive.org/download/sim_scientific-american_1885-11-07_53_19/sim_scientific-american_1885-11-07_53_19_djvu.txt	?	-
sim_scientific-american_1885-11-14_53_20	https://archive.org/download/sim_scientific-american_1885-11-14_53_20/sim_scientific-american_1885-11-14_53_20_djvu.txt	?	-
sim_scientific-american_1885-11-21_53_21	https://archive.org/download/sim_scientific-american_1885-11-21_53_21/sim_scientific-american_1885-11-21_53_21_djvu.txt	?	-
sim_scientific-american_1885-11-28_53_22	https://archive.org/download/sim_scientific-american_1885-11-28_53_22/sim_scientific-american_1885-11-28_53_22_djvu.txt	?	-
sim_scientific-american_1885-12-05_53_23	https://archive.org/download/sim_scientific-american_1885-12-05_53_23/sim_scientific-american_1885-12-05_53_23_djvu.txt	?	-
sim_scientific-american_1885-12-12_53_24	https://archive.org/download/sim_scientific-american_1885-12-12_53_24/sim_scientific-american_1885-12-12_53_24_djvu.txt	?	-
sim_scientific-american_1885-12-19_53_25	https://archive.org/download/sim_scientific-american_1885-12-19_53_25/sim_scientific-american_1885-12-19_53_25_djvu.txt	?	-
sim_scientific-american_1885-12-26_53_26	https://archive.org/download/sim_scientific-american_1885-12-26_53_26/sim_scientific-american_1885-12-26_53_26_djvu.txt	?	-
sim_scientific-american_1885_52_index	https://archive.org/download/sim_scientific-american_1885_52_index/sim_scientific-american_1885_52_index_djvu.txt	?	-
sim_scientific-american_1885_53_index	https://archive.org/download/sim_scientific-american_1885_53_index/sim_scientific-american_1885_53_index_djvu.txt	?	-
sim_scientific-american_1886-01-02_54_1	https://archive.org/download/sim_scientific-american_1886-01-02_54_1/sim_scientific-american_1886-01-02_54_1_djvu.txt	?	-
sim_scientific-american_1886-01-09_54_2	https://archive.org/download/sim_scientific-american_1886-01-09_54_2/sim_scientific-american_1886-01-09_54_2_djvu.txt	?	-
sim_scientific-american_1886-01-16_54_3	https://archive.org/download/sim_scientific-american_1886-01-16_54_3/sim_scientific-american_1886-01-16_54_3_djvu.txt	?	-
sim_scientific-american_1886-01-23_54_4	https://archive.org/download/sim_scientific-american_1886-01-23_54_4/sim_scientific-american_1886-01-23_54_4_djvu.txt	?	-
sim_scientific-american_1886-01-30_54_5	https://archive.org/download/sim_scientific-american_1886-01-30_54_5/sim_scientific-american_1886-01-30_54_5_djvu.txt	?	-
sim_scientific-american_1886-02-06_54_6	https://archive.org/download/sim_scientific-american_1886-02-06_54_6/sim_scientific-american_1886-02-06_54_6_djvu.txt	?	-
sim_scientific-american_1886-02-13_54_7	https://archive.org/download/sim_scientific-american_1886-02-13_54_7/sim_scientific-american_1886-02-13_54_7_djvu.txt	?	-
sim_scientific-american_1886-02-20_54_8	https://archive.org/download/sim_scientific-american_1886-02-20_54_8/sim_scientific-american_1886-02-20_54_8_djvu.txt	?	-
sim_scientific-american_1886-02-27_54_9	https://archive.org/download/sim_scientific-american_1886-02-27_54_9/sim_scientific-american_1886-02-27_54_9_djvu.txt	?	-
sim_scientific-american_1886-03-06_54_10	https://archive.org/download/sim_scientific-american_1886-03-06_54_10/sim_scientific-american_1886-03-06_54_10_djvu.txt	?	-
sim_scientific-american_1886-03-13_54_11	https://archive.org/download/sim_scientific-american_1886-03-13_54_11/sim_scientific-american_1886-03-13_54_11_djvu.txt	?	-
sim_scientific-american_1886-03-20_54_12	https://archive.org/download/sim_scientific-american_1886-03-20_54_12/sim_scientific-american_1886-03-20_54_12_djvu.txt	?	-
sim_scientific-american_1886-03-27_54_13	https://archive.org/download/sim_scientific-american_1886-03-27_54_13/sim_scientific-american_1886-03-27_54_13_djvu.txt	?	-
sim_scientific-american_1886-04-03_54_14	https://archive.org/download/sim_scientific-american_1886-04-03_54_14/sim_scientific-american_1886-04-03_54_14_djvu.txt	?	-
sim_scientific-american_1886-04-10_54_15	https://archive.org/download/sim_scientific-american_1886-04-10_54_15/sim_scientific-american_1886-04-10_54_15_djvu.txt	?	-
sim_scientific-american_1886-04-17_54_16	https://archive.org/download/sim_scientific-american_1886-04-17_54_16/sim_scientific-american_1886-04-17_54_16_djvu.txt	?	-
sim_scientific-american_1886-04-24_54_17	https://archive.org/download/sim_scientific-american_1886-04-24_54_17/sim_scientific-american_1886-04-24_54_17_djvu.txt	?	-
sim_scientific-american_1886-05-01_54_18	https://archive.org/download/sim_scientific-american_1886-05-01_54_18/sim_scientific-american_1886-05-01_54_18_djvu.txt	?	-
sim_scientific-american_1886-05-08_54_19	https://archive.org/download/sim_scientific-american_1886-05-08_54_19/sim_scientific-american_1886-05-08_54_19_djvu.txt	?	-
sim_scientific-american_1886-05-15_54_20	https://archive.org/download/sim_scientific-american_1886-05-15_54_20/sim_scientific-american_1886-05-15_54_20_djvu.txt	?	-
sim_scientific-american_1886-05-22_54_21	https://archive.org/download/sim_scientific-american_1886-05-22_54_21/sim_scientific-american_1886-05-22_54_21_djvu.txt	?	-
sim_scientific-american_1886-05-29_54_22	https://archive.org/download/sim_scientific-american_1886-05-29_54_22/sim_scientific-american_1886-05-29_54_22_djvu.txt	?	-
sim_scientific-american_1886-06-05_54_23	https://archive.org/download/sim_scientific-american_1886-06-05_54_23/sim_scientific-american_1886-06-05_54_23_djvu.txt	?	-
sim_scientific-american_1886-06-12_54_24	https://archive.org/download/sim_scientific-american_1886-06-12_54_24/sim_scientific-american_1886-06-12_54_24_djvu.txt	?	-
sim_scientific-american_1886-06-19_54_25	https://archive.org/download/sim_scientific-american_1886-06-19_54_25/sim_scientific-american_1886-06-19_54_25_djvu.txt	?	-
sim_scientific-american_1886-06-26_54_26	https://archive.org/download/sim_scientific-american_1886-06-26_54_26/sim_scientific-american_1886-06-26_54_26_djvu.txt	?	-
sim_scientific-american_1886-07-03_55_1	https://archive.org/download/sim_scientific-american_1886-07-03_55_1/sim_scientific-american_1886-07-03_55_1_djvu.txt	?	-
sim_scientific-american_1886-07-10_55_2	https://archive.org/download/sim_scientific-american_1886-07-10_55_2/sim_scientific-american_1886-07-10_55_2_djvu.txt	?	-
sim_scientific-american_1886-07-17_55_3	https://archive.org/download/sim_scientific-american_1886-07-17_55_3/sim_scientific-american_1886-07-17_55_3_djvu.txt	?	-
sim_scientific-american_1886-07-24_55_4	https://archive.org/download/sim_scientific-american_1886-07-24_55_4/sim_scientific-american_1886-07-24_55_4_djvu.txt	?	-
sim_scientific-american_1886-07-31_55_5	https://archive.org/download/sim_scientific-american_1886-07-31_55_5/sim_scientific-american_1886-07-31_55_5_djvu.txt	?	-
sim_scientific-american_1886-08-07_55_6	https://archive.org/download/sim_scientific-american_1886-08-07_55_6/sim_scientific-american_1886-08-07_55_6_djvu.txt	?	-
sim_scientific-american_1886-08-14_55_7	https://archive.org/download/sim_scientific-american_1886-08-14_55_7/sim_scientific-american_1886-08-14_55_7_djvu.txt	?	-
sim_scientific-american_1886-08-21_55_8	https://archive.org/download/sim_scientific-american_1886-08-21_55_8/sim_scientific-american_1886-08-21_55_8_djvu.txt	?	-
sim_scientific-american_1886-08-28_55_9	https://archive.org/download/sim_scientific-american_1886-08-28_55_9/sim_scientific-american_1886-08-28_55_9_djvu.txt	?	-
sim_scientific-american_1886-09-04_55_10	https://archive.org/download/sim_scientific-american_1886-09-04_55_10/sim_scientific-american_1886-09-04_55_10_djvu.txt	?	-
sim_scientific-american_1886-09-11_55_11	https://archive.org/download/sim_scientific-american_1886-09-11_55_11/sim_scientific-american_1886-09-11_55_11_djvu.txt	?	-
sim_scientific-american_1886-09-18_55_12	https://archive.org/download/sim_scientific-american_1886-09-18_55_12/sim_scientific-american_1886-09-18_55_12_djvu.txt	?	-
sim_scientific-american_1886-09-25_55_13	https://archive.org/download/sim_scientific-american_1886-09-25_55_13/sim_scientific-american_1886-09-25_55_13_djvu.txt	?	-
sim_scientific-american_1886-10-02_55_14	https://archive.org/download/sim_scientific-american_1886-10-02_55_14/sim_scientific-american_1886-10-02_55_14_djvu.txt	?	-
sim_scientific-american_1886-10-09_55_15	https://archive.org/download/sim_scientific-american_1886-10-09_55_15/sim_scientific-american_1886-10-09_55_15_djvu.txt	?	-
sim_scientific-american_1886-10-16_55_16	https://archive.org/download/sim_scientific-american_1886-10-16_55_16/sim_scientific-american_1886-10-16_55_16_djvu.txt	?	-
sim_scientific-american_1886-10-23_55_17	https://archive.org/download/sim_scientific-american_1886-10-23_55_17/sim_scientific-american_1886-10-23_55_17_djvu.txt	?	-
sim_scientific-american_1886-10-30_55_18	https://archive.org/download/sim_scientific-american_1886-10-30_55_18/sim_scientific-american_1886-10-30_55_18_djvu.txt	?	-
sim_scientific-american_1886-11-06_55_19	https://archive.org/download/sim_scientific-american_1886-11-06_55_19/sim_scientific-american_1886-11-06_55_19_djvu.txt	?	-
sim_scientific-american_1886-11-13_55_20	https://archive.org/download/sim_scientific-american_1886-11-13_55_20/sim_scientific-american_1886-11-13_55_20_djvu.txt	?	-
sim_scientific-american_1886-11-20_55_21	https://archive.org/download/sim_scientific-american_1886-11-20_55_21/sim_scientific-american_1886-11-20_55_21_djvu.txt	?	-
sim_scientific-american_1886-11-27_55_22	https://archive.org/download/sim_scientific-american_1886-11-27_55_22/sim_scientific-american_1886-11-27_55_22_djvu.txt	?	-
sim_scientific-american_1886-12-04_55_23	https://archive.org/download/sim_scientific-american_1886-12-04_55_23/sim_scientific-american_1886-12-04_55_23_djvu.txt	?	-
sim_scientific-american_1886-12-11_55_24	https://archive.org/download/sim_scientific-american_1886-12-11_55_24/sim_scientific-american_1886-12-11_55_24_djvu.txt	?	-
sim_scientific-american_1886-12-18_55_25	https://archive.org/download/sim_scientific-american_1886-12-18_55_25/sim_scientific-american_1886-12-18_55_25_djvu.txt	?	-
sim_scientific-american_1886-12-25_55_26	https://archive.org/download/sim_scientific-american_1886-12-25_55_26/sim_scientific-american_1886-12-25_55_26_djvu.txt	?	-
sim_scientific-american_1886_54_index	https://archive.org/download/sim_scientific-american_1886_54_index/sim_scientific-american_1886_54_index_djvu.txt	?	-
sim_scientific-american_1886_55_index	https://archive.org/download/sim_scientific-american_1886_55_index/sim_scientific-american_1886_55_index_djvu.txt	?	-
sim_scientific-american_1887-01-01_56_1	https://archive.org/download/sim_scientific-american_1887-01-01_56_1/sim_scientific-american_1887-01-01_56_1_djvu.txt	?	-
sim_scientific-american_1887-01-08_56_2	https://archive.org/download/sim_scientific-american_1887-01-08_56_2/sim_scientific-american_1887-01-08_56_2_djvu.txt	?	-
sim_scientific-american_1887-01-15_56_3	https://archive.org/download/sim_scientific-american_1887-01-15_56_3/sim_scientific-american_1887-01-15_56_3_djvu.txt	?	-
sim_scientific-american_1887-01-22_56_4	https://archive.org/download/sim_scientific-american_1887-01-22_56_4/sim_scientific-american_1887-01-22_56_4_djvu.txt	?	-
sim_scientific-american_1887-01-29_56_5	https://archive.org/download/sim_scientific-american_1887-01-29_56_5/sim_scientific-american_1887-01-29_56_5_djvu.txt	?	-
sim_scientific-american_1887-02-05_56_6	https://archive.org/download/sim_scientific-american_1887-02-05_56_6/sim_scientific-american_1887-02-05_56_6_djvu.txt	?	-
sim_scientific-american_1887-02-12_56_7	https://archive.org/download/sim_scientific-american_1887-02-12_56_7/sim_scientific-american_1887-02-12_56_7_djvu.txt	?	-
sim_scientific-american_1887-02-19_56_8	https://archive.org/download/sim_scientific-american_1887-02-19_56_8/sim_scientific-american_1887-02-19_56_8_djvu.txt	?	-
sim_scientific-american_1887-02-26_56_9	https://archive.org/download/sim_scientific-american_1887-02-26_56_9/sim_scientific-american_1887-02-26_56_9_djvu.txt	?	-
sim_scientific-american_1887-03-05_56_10	https://archive.org/download/sim_scientific-american_1887-03-05_56_10/sim_scientific-american_1887-03-05_56_10_djvu.txt	?	-
sim_scientific-american_1887-03-12_56_11	https://archive.org/download/sim_scientific-american_1887-03-12_56_11/sim_scientific-american_1887-03-12_56_11_djvu.txt	?	-
sim_scientific-american_1887-03-19_56_12	https://archive.org/download/sim_scientific-american_1887-03-19_56_12/sim_scientific-american_1887-03-19_56_12_djvu.txt	?	-
sim_scientific-american_1887-03-26_56_13	https://archive.org/download/sim_scientific-american_1887-03-26_56_13/sim_scientific-american_1887-03-26_56_13_djvu.txt	?	-
sim_scientific-american_1887-04-02_56_14	https://archive.org/download/sim_scientific-american_1887-04-02_56_14/sim_scientific-american_1887-04-02_56_14_djvu.txt	?	-
sim_scientific-american_1887-04-09_56_15	https://archive.org/download/sim_scientific-american_1887-04-09_56_15/sim_scientific-american_1887-04-09_56_15_djvu.txt	?	-
sim_scientific-american_1887-04-16_56_16	https://archive.org/download/sim_scientific-american_1887-04-16_56_16/sim_scientific-american_1887-04-16_56_16_djvu.txt	?	-
sim_scientific-american_1887-04-23_56_17	https://archive.org/download/sim_scientific-american_1887-04-23_56_17/sim_scientific-american_1887-04-23_56_17_djvu.txt	?	-
sim_scientific-american_1887-04-30_56_18	https://archive.org/download/sim_scientific-american_1887-04-30_56_18/sim_scientific-american_1887-04-30_56_18_djvu.txt	?	-
sim_scientific-american_1887-05-07_56_19	https://archive.org/download/sim_scientific-american_1887-05-07_56_19/sim_scientific-american_1887-05-07_56_19_djvu.txt	?	-
sim_scientific-american_1887-05-14_56_20	https://archive.org/download/sim_scientific-american_1887-05-14_56_20/sim_scientific-american_1887-05-14_56_20_djvu.txt	?	-
sim_scientific-american_1887-05-21_56_21	https://archive.org/download/sim_scientific-american_1887-05-21_56_21/sim_scientific-american_1887-05-21_56_21_djvu.txt	?	-
sim_scientific-american_1887-05-28_56_22	https://archive.org/download/sim_scientific-american_1887-05-28_56_22/sim_scientific-american_1887-05-28_56_22_djvu.txt	?	-
sim_scientific-american_1887-06-04_56_23	https://archive.org/download/sim_scientific-american_1887-06-04_56_23/sim_scientific-american_1887-06-04_56_23_djvu.txt	?	-
sim_scientific-american_1887-06-11_56_24	https://archive.org/download/sim_scientific-american_1887-06-11_56_24/sim_scientific-american_1887-06-11_56_24_djvu.txt	?	-
sim_scientific-american_1887-06-18_56_25	https://archive.org/download/sim_scientific-american_1887-06-18_56_25/sim_scientific-american_1887-06-18_56_25_djvu.txt	?	-
sim_scientific-american_1887-06-25_56_26	https://archive.org/download/sim_scientific-american_1887-06-25_56_26/sim_scientific-american_1887-06-25_56_26_djvu.txt	?	-
sim_scientific-american_1887-07-02_57_1	https://archive.org/download/sim_scientific-american_1887-07-02_57_1/sim_scientific-american_1887-07-02_57_1_djvu.txt	?	-
sim_scientific-american_1887-07-09_57_2	https://archive.org/download/sim_scientific-american_1887-07-09_57_2/sim_scientific-american_1887-07-09_57_2_djvu.txt	?	-
sim_scientific-american_1887-07-16_57_3	https://archive.org/download/sim_scientific-american_1887-07-16_57_3/sim_scientific-american_1887-07-16_57_3_djvu.txt	?	-
sim_scientific-american_1887-07-23_57_4	https://archive.org/download/sim_scientific-american_1887-07-23_57_4/sim_scientific-american_1887-07-23_57_4_djvu.txt	?	-
sim_scientific-american_1887-07-30_57_5	https://archive.org/download/sim_scientific-american_1887-07-30_57_5/sim_scientific-american_1887-07-30_57_5_djvu.txt	?	-
sim_scientific-american_1887-08-06_57_6	https://archive.org/download/sim_scientific-american_1887-08-06_57_6/sim_scientific-american_1887-08-06_57_6_djvu.txt	?	-
sim_scientific-american_1887-08-13_57_7	https://archive.org/download/sim_scientific-american_1887-08-13_57_7/sim_scientific-american_1887-08-13_57_7_djvu.txt	?	-
sim_scientific-american_1887-08-20_57_8	https://archive.org/download/sim_scientific-american_1887-08-20_57_8/sim_scientific-american_1887-08-20_57_8_djvu.txt	?	-
sim_scientific-american_1887-08-27_57_9	https://archive.org/download/sim_scientific-american_1887-08-27_57_9/sim_scientific-american_1887-08-27_57_9_djvu.txt	?	-
sim_scientific-american_1887-09-03_57_10	https://archive.org/download/sim_scientific-american_1887-09-03_57_10/sim_scientific-american_1887-09-03_57_10_djvu.txt	?	-
sim_scientific-american_1887-09-10_57_11	https://archive.org/download/sim_scientific-american_1887-09-10_57_11/sim_scientific-american_1887-09-10_57_11_djvu.txt	?	-
sim_scientific-american_1887-09-17_57_12	https://archive.org/download/sim_scientific-american_1887-09-17_57_12/sim_scientific-american_1887-09-17_57_12_djvu.txt	?	-
sim_scientific-american_1887-09-24_57_13	https://archive.org/download/sim_scientific-american_1887-09-24_57_13/sim_scientific-american_1887-09-24_57_13_djvu.txt	?	-
sim_scientific-american_1887-10-01_57_14	https://archive.org/download/sim_scientific-american_1887-10-01_57_14/sim_scientific-american_1887-10-01_57_14_djvu.txt	?	-
sim_scientific-american_1887-10-08_57_15	https://archive.org/download/sim_scientific-american_1887-10-08_57_15/sim_scientific-american_1887-10-08_57_15_djvu.txt	?	-
sim_scientific-american_1887-10-15_57_16	https://archive.org/download/sim_scientific-american_1887-10-15_57_16/sim_scientific-american_1887-10-15_57_16_djvu.txt	?	-
sim_scientific-american_1887-10-22_57_17	https://archive.org/download/sim_scientific-american_1887-10-22_57_17/sim_scientific-american_1887-10-22_57_17_djvu.txt	?	-
sim_scientific-american_1887-10-29_57_18	https://archive.org/download/sim_scientific-american_1887-10-29_57_18/sim_scientific-american_1887-10-29_57_18_djvu.txt	?	-
sim_scientific-american_1887-11-05_57_19	https://archive.org/download/sim_scientific-american_1887-11-05_57_19/sim_scientific-american_1887-11-05_57_19_djvu.txt	?	-
sim_scientific-american_1887-11-12_57_20	https://archive.org/download/sim_scientific-american_1887-11-12_57_20/sim_scientific-american_1887-11-12_57_20_djvu.txt	?	-
sim_scientific-american_1887-11-19_57_21	https://archive.org/download/sim_scientific-american_1887-11-19_57_21/sim_scientific-american_1887-11-19_57_21_djvu.txt	?	-
sim_scientific-american_1887-11-26_57_22	https://archive.org/download/sim_scientific-american_1887-11-26_57_22/sim_scientific-american_1887-11-26_57_22_djvu.txt	?	-
sim_scientific-american_1887-12-03_57_23	https://archive.org/download/sim_scientific-american_1887-12-03_57_23/sim_scientific-american_1887-12-03_57_23_djvu.txt	?	-
sim_scientific-american_1887-12-10_57_24	https://archive.org/download/sim_scientific-american_1887-12-10_57_24/sim_scientific-american_1887-12-10_57_24_djvu.txt	?	-
sim_scientific-american_1887-12-17_57_25	https://archive.org/download/sim_scientific-american_1887-12-17_57_25/sim_scientific-american_1887-12-17_57_25_djvu.txt	?	-
sim_scientific-american_1887-12-24_57_26	https://archive.org/download/sim_scientific-american_1887-12-24_57_26/sim_scientific-american_1887-12-24_57_26_djvu.txt	?	-
sim_scientific-american_1887-12-31_57_27	https://archive.org/download/sim_scientific-american_1887-12-31_57_27/sim_scientific-american_1887-12-31_57_27_djvu.txt	?	-
sim_scientific-american_1887_56_index	https://archive.org/download/sim_scientific-american_1887_56_index/sim_scientific-american_1887_56_index_djvu.txt	?	-
sim_scientific-american_1887_57_index	https://archive.org/download/sim_scientific-american_1887_57_index/sim_scientific-american_1887_57_index_djvu.txt	?	-
sim_scientific-american_1888-01-07_58_1	https://archive.org/download/sim_scientific-american_1888-01-07_58_1/sim_scientific-american_1888-01-07_58_1_djvu.txt	?	-
sim_scientific-american_1888-01-14_58_2	https://archive.org/download/sim_scientific-american_1888-01-14_58_2/sim_scientific-american_1888-01-14_58_2_djvu.txt	?	-
sim_scientific-american_1888-01-21_58_3	https://archive.org/download/sim_scientific-american_1888-01-21_58_3/sim_scientific-american_1888-01-21_58_3_djvu.txt	?	-
sim_scientific-american_1888-01-28_58_4	https://archive.org/download/sim_scientific-american_1888-01-28_58_4/sim_scientific-american_1888-01-28_58_4_djvu.txt	?	-
sim_scientific-american_1888-02-04_58_5	https://archive.org/download/sim_scientific-american_1888-02-04_58_5/sim_scientific-american_1888-02-04_58_5_djvu.txt	?	-
sim_scientific-american_1888-02-11_58_6	https://archive.org/download/sim_scientific-american_1888-02-11_58_6/sim_scientific-american_1888-02-11_58_6_djvu.txt	?	-
sim_scientific-american_1888-02-18_58_7	https://archive.org/download/sim_scientific-american_1888-02-18_58_7/sim_scientific-american_1888-02-18_58_7_djvu.txt	?	-
sim_scientific-american_1888-02-25_58_8	https://archive.org/download/sim_scientific-american_1888-02-25_58_8/sim_scientific-american_1888-02-25_58_8_djvu.txt	?	-
sim_scientific-american_1888-03-03_58_9	https://archive.org/download/sim_scientific-american_1888-03-03_58_9/sim_scientific-american_1888-03-03_58_9_djvu.txt	?	-
sim_scientific-american_1888-03-10_58_10	https://archive.org/download/sim_scientific-american_1888-03-10_58_10/sim_scientific-american_1888-03-10_58_10_djvu.txt	?	-
sim_scientific-american_1888-03-17_58_11	https://archive.org/download/sim_scientific-american_1888-03-17_58_11/sim_scientific-american_1888-03-17_58_11_djvu.txt	?	-
sim_scientific-american_1888-03-24_58_12	https://archive.org/download/sim_scientific-american_1888-03-24_58_12/sim_scientific-american_1888-03-24_58_12_djvu.txt	?	-
sim_scientific-american_1888-03-31_58_13	https://archive.org/download/sim_scientific-american_1888-03-31_58_13/sim_scientific-american_1888-03-31_58_13_djvu.txt	?	-
sim_scientific-american_1888-04-07_58_14	https://archive.org/download/sim_scientific-american_1888-04-07_58_14/sim_scientific-american_1888-04-07_58_14_djvu.txt	?	-
sim_scientific-american_1888-04-14_58_15	https://archive.org/download/sim_scientific-american_1888-04-14_58_15/sim_scientific-american_1888-04-14_58_15_djvu.txt	?	-
sim_scientific-american_1888-04-21_58_16	https://archive.org/download/sim_scientific-american_1888-04-21_58_16/sim_scientific-american_1888-04-21_58_16_djvu.txt	?	-
sim_scientific-american_1888-04-28_58_17	https://archive.org/download/sim_scientific-american_1888-04-28_58_17/sim_scientific-american_1888-04-28_58_17_djvu.txt	?	-
sim_scientific-american_1888-05-05_58_18	https://archive.org/download/sim_scientific-american_1888-05-05_58_18/sim_scientific-american_1888-05-05_58_18_djvu.txt	?	-
sim_scientific-american_1888-05-12_58_19	https://archive.org/download/sim_scientific-american_1888-05-12_58_19/sim_scientific-american_1888-05-12_58_19_djvu.txt	?	-
sim_scientific-american_1888-05-19_58_20	https://archive.org/download/sim_scientific-american_1888-05-19_58_20/sim_scientific-american_1888-05-19_58_20_djvu.txt	?	-
sim_scientific-american_1888-05-26_58_21	https://archive.org/download/sim_scientific-american_1888-05-26_58_21/sim_scientific-american_1888-05-26_58_21_djvu.txt	?	-
sim_scientific-american_1888-06-02_58_22	https://archive.org/download/sim_scientific-american_1888-06-02_58_22/sim_scientific-american_1888-06-02_58_22_djvu.txt	?	-
sim_scientific-american_1888-06-09_58_23	https://archive.org/download/sim_scientific-american_1888-06-09_58_23/sim_scientific-american_1888-06-09_58_23_djvu.txt	?	-
sim_scientific-american_1888-06-16_58_24	https://archive.org/download/sim_scientific-american_1888-06-16_58_24/sim_scientific-american_1888-06-16_58_24_djvu.txt	?	-
sim_scientific-american_1888-06-23_58_25	https://archive.org/download/sim_scientific-american_1888-06-23_58_25/sim_scientific-american_1888-06-23_58_25_djvu.txt	?	-
sim_scientific-american_1888-06-30_58_26	https://archive.org/download/sim_scientific-american_1888-06-30_58_26/sim_scientific-american_1888-06-30_58_26_djvu.txt	?	-
sim_scientific-american_1888-07-07_59_1	https://archive.org/download/sim_scientific-american_1888-07-07_59_1/sim_scientific-american_1888-07-07_59_1_djvu.txt	?	-
sim_scientific-american_1888-07-14_59_2	https://archive.org/download/sim_scientific-american_1888-07-14_59_2/sim_scientific-american_1888-07-14_59_2_djvu.txt	?	-
sim_scientific-american_1888-07-21_59_3	https://archive.org/download/sim_scientific-american_1888-07-21_59_3/sim_scientific-american_1888-07-21_59_3_djvu.txt	?	-
sim_scientific-american_1888-07-28_59_4	https://archive.org/download/sim_scientific-american_1888-07-28_59_4/sim_scientific-american_1888-07-28_59_4_djvu.txt	?	-
sim_scientific-american_1888-08-04_59_5	https://archive.org/download/sim_scientific-american_1888-08-04_59_5/sim_scientific-american_1888-08-04_59_5_djvu.txt	?	-
sim_scientific-american_1888-08-11_59_6	https://archive.org/download/sim_scientific-american_1888-08-11_59_6/sim_scientific-american_1888-08-11_59_6_djvu.txt	?	-
sim_scientific-american_1888-08-18_59_7	https://archive.org/download/sim_scientific-american_1888-08-18_59_7/sim_scientific-american_1888-08-18_59_7_djvu.txt	?	-
sim_scientific-american_1888-08-25_59_8	https://archive.org/download/sim_scientific-american_1888-08-25_59_8/sim_scientific-american_1888-08-25_59_8_djvu.txt	?	-
sim_scientific-american_1888-09-01_59_9	https://archive.org/download/sim_scientific-american_1888-09-01_59_9/sim_scientific-american_1888-09-01_59_9_djvu.txt	?	-
sim_scientific-american_1888-09-08_59_10	https://archive.org/download/sim_scientific-american_1888-09-08_59_10/sim_scientific-american_1888-09-08_59_10_djvu.txt	?	-
sim_scientific-american_1888-09-15_59_11	https://archive.org/download/sim_scientific-american_1888-09-15_59_11/sim_scientific-american_1888-09-15_59_11_djvu.txt	?	-
sim_scientific-american_1888-09-22_59_12	https://archive.org/download/sim_scientific-american_1888-09-22_59_12/sim_scientific-american_1888-09-22_59_12_djvu.txt	?	-
sim_scientific-american_1888-09-29_59_13	https://archive.org/download/sim_scientific-american_1888-09-29_59_13/sim_scientific-american_1888-09-29_59_13_djvu.txt	?	-
sim_scientific-american_1888-10-06_59_14	https://archive.org/download/sim_scientific-american_1888-10-06_59_14/sim_scientific-american_1888-10-06_59_14_djvu.txt	?	-
sim_scientific-american_1888-10-13_59_15	https://archive.org/download/sim_scientific-american_1888-10-13_59_15/sim_scientific-american_1888-10-13_59_15_djvu.txt	?	-
sim_scientific-american_1888-10-20_59_16	https://archive.org/download/sim_scientific-american_1888-10-20_59_16/sim_scientific-american_1888-10-20_59_16_djvu.txt	?	-
sim_scientific-american_1888-10-27_59_17	https://archive.org/download/sim_scientific-american_1888-10-27_59_17/sim_scientific-american_1888-10-27_59_17_djvu.txt	?	-
sim_scientific-american_1888-11-03_59_18	https://archive.org/download/sim_scientific-american_1888-11-03_59_18/sim_scientific-american_1888-11-03_59_18_djvu.txt	?	-
sim_scientific-american_1888-11-10_59_19	https://archive.org/download/sim_scientific-american_1888-11-10_59_19/sim_scientific-american_1888-11-10_59_19_djvu.txt	?	-
sim_scientific-american_1888-11-17_59_20	https://archive.org/download/sim_scientific-american_1888-11-17_59_20/sim_scientific-american_1888-11-17_59_20_djvu.txt	?	-
sim_scientific-american_1888-11-24_59_21	https://archive.org/download/sim_scientific-american_1888-11-24_59_21/sim_scientific-american_1888-11-24_59_21_djvu.txt	?	-
sim_scientific-american_1888-12-01_59_22	https://archive.org/download/sim_scientific-american_1888-12-01_59_22/sim_scientific-american_1888-12-01_59_22_djvu.txt	?	-
sim_scientific-american_1888-12-08_59_23	https://archive.org/download/sim_scientific-american_1888-12-08_59_23/sim_scientific-american_1888-12-08_59_23_djvu.txt	?	-
sim_scientific-american_1888-12-15_59_24	https://archive.org/download/sim_scientific-american_1888-12-15_59_24/sim_scientific-american_1888-12-15_59_24_djvu.txt	?	-
sim_scientific-american_1888-12-22_59_25	https://archive.org/download/sim_scientific-american_1888-12-22_59_25/sim_scientific-american_1888-12-22_59_25_djvu.txt	?	-
sim_scientific-american_1888-12-29_59_26	https://archive.org/download/sim_scientific-american_1888-12-29_59_26/sim_scientific-american_1888-12-29_59_26_djvu.txt	?	-
sim_scientific-american_1888_58_index	https://archive.org/download/sim_scientific-american_1888_58_index/sim_scientific-american_1888_58_index_djvu.txt	?	-
sim_scientific-american_1888_59_index	https://archive.org/download/sim_scientific-american_1888_59_index/sim_scientific-american_1888_59_index_djvu.txt	?	-
sim_scientific-american_1889-01-05_60_1	https://archive.org/download/sim_scientific-american_1889-01-05_60_1/sim_scientific-american_1889-01-05_60_1_djvu.txt	?	-
sim_scientific-american_1889-01-12_60_2	https://archive.org/download/sim_scientific-american_1889-01-12_60_2/sim_scientific-american_1889-01-12_60_2_djvu.txt	?	-
sim_scientific-american_1889-01-19_60_3	https://archive.org/download/sim_scientific-american_1889-01-19_60_3/sim_scientific-american_1889-01-19_60_3_djvu.txt	?	-
sim_scientific-american_1889-01-26_60_4	https://archive.org/download/sim_scientific-american_1889-01-26_60_4/sim_scientific-american_1889-01-26_60_4_djvu.txt	?	-
sim_scientific-american_1889-02-02_60_5	https://archive.org/download/sim_scientific-american_1889-02-02_60_5/sim_scientific-american_1889-02-02_60_5_djvu.txt	?	-
sim_scientific-american_1889-02-09_60_6	https://archive.org/download/sim_scientific-american_1889-02-09_60_6/sim_scientific-american_1889-02-09_60_6_djvu.txt	?	-
sim_scientific-american_1889-02-16_60_7	https://archive.org/download/sim_scientific-american_1889-02-16_60_7/sim_scientific-american_1889-02-16_60_7_djvu.txt	?	-
sim_scientific-american_1889-02-23_60_8	https://archive.org/download/sim_scientific-american_1889-02-23_60_8/sim_scientific-american_1889-02-23_60_8_djvu.txt	?	-
sim_scientific-american_1889-03-02_60_9	https://archive.org/download/sim_scientific-american_1889-03-02_60_9/sim_scientific-american_1889-03-02_60_9_djvu.txt	?	-
sim_scientific-american_1889-03-09_60_10	https://archive.org/download/sim_scientific-american_1889-03-09_60_10/sim_scientific-american_1889-03-09_60_10_djvu.txt	?	-
sim_scientific-american_1889-03-16_60_11	https://archive.org/download/sim_scientific-american_1889-03-16_60_11/sim_scientific-american_1889-03-16_60_11_djvu.txt	?	-
sim_scientific-american_1889-03-23_60_12	https://archive.org/download/sim_scientific-american_1889-03-23_60_12/sim_scientific-american_1889-03-23_60_12_djvu.txt	?	-
sim_scientific-american_1889-03-30_60_13	https://archive.org/download/sim_scientific-american_1889-03-30_60_13/sim_scientific-american_1889-03-30_60_13_djvu.txt	?	-
sim_scientific-american_1889-04-06_60_14	https://archive.org/download/sim_scientific-american_1889-04-06_60_14/sim_scientific-american_1889-04-06_60_14_djvu.txt	?	-
sim_scientific-american_1889-04-13_60_15	https://archive.org/download/sim_scientific-american_1889-04-13_60_15/sim_scientific-american_1889-04-13_60_15_djvu.txt	?	-
sim_scientific-american_1889-04-20_60_16	https://archive.org/download/sim_scientific-american_1889-04-20_60_16/sim_scientific-american_1889-04-20_60_16_djvu.txt	?	-
sim_scientific-american_1889-04-27_60_17	https://archive.org/download/sim_scientific-american_1889-04-27_60_17/sim_scientific-american_1889-04-27_60_17_djvu.txt	?	-
sim_scientific-american_1889-05-04_60_18	https://archive.org/download/sim_scientific-american_1889-05-04_60_18/sim_scientific-american_1889-05-04_60_18_djvu.txt	?	-
sim_scientific-american_1889-05-11_60_19	https://archive.org/download/sim_scientific-american_1889-05-11_60_19/sim_scientific-american_1889-05-11_60_19_djvu.txt	?	-
sim_scientific-american_1889-05-18_60_20	https://archive.org/download/sim_scientific-american_1889-05-18_60_20/sim_scientific-american_1889-05-18_60_20_djvu.txt	?	-
sim_scientific-american_1889-05-25_60_21	https://archive.org/download/sim_scientific-american_1889-05-25_60_21/sim_scientific-american_1889-05-25_60_21_djvu.txt	?	-
sim_scientific-american_1889-06-01_60_22	https://archive.org/download/sim_scientific-american_1889-06-01_60_22/sim_scientific-american_1889-06-01_60_22_djvu.txt	?	-
sim_scientific-american_1889-06-08_60_23	https://archive.org/download/sim_scientific-american_1889-06-08_60_23/sim_scientific-american_1889-06-08_60_23_djvu.txt	?	-
sim_scientific-american_1889-06-15_60_24	https://archive.org/download/sim_scientific-american_1889-06-15_60_24/sim_scientific-american_1889-06-15_60_24_djvu.txt	?	-
sim_scientific-american_1889-06-22_60_25	https://archive.org/download/sim_scientific-american_1889-06-22_60_25/sim_scientific-american_1889-06-22_60_25_djvu.txt	?	-
sim_scientific-american_1889-06-29_60_26	https://archive.org/download/sim_scientific-american_1889-06-29_60_26/sim_scientific-american_1889-06-29_60_26_djvu.txt	?	-
sim_scientific-american_1889-07-06_61_1	https://archive.org/download/sim_scientific-american_1889-07-06_61_1/sim_scientific-american_1889-07-06_61_1_djvu.txt	?	-
sim_scientific-american_1889-07-13_61_2	https://archive.org/download/sim_scientific-american_1889-07-13_61_2/sim_scientific-american_1889-07-13_61_2_djvu.txt	?	-
sim_scientific-american_1889-07-20_61_3	https://archive.org/download/sim_scientific-american_1889-07-20_61_3/sim_scientific-american_1889-07-20_61_3_djvu.txt	?	-
sim_scientific-american_1889-07-27_61_4	https://archive.org/download/sim_scientific-american_1889-07-27_61_4/sim_scientific-american_1889-07-27_61_4_djvu.txt	?	-
sim_scientific-american_1889-08-03_61_5	https://archive.org/download/sim_scientific-american_1889-08-03_61_5/sim_scientific-american_1889-08-03_61_5_djvu.txt	?	-
sim_scientific-american_1889-08-10_61_6	https://archive.org/download/sim_scientific-american_1889-08-10_61_6/sim_scientific-american_1889-08-10_61_6_djvu.txt	?	-
sim_scientific-american_1889-08-17_61_7	https://archive.org/download/sim_scientific-american_1889-08-17_61_7/sim_scientific-american_1889-08-17_61_7_djvu.txt	?	-
sim_scientific-american_1889-08-24_61_8	https://archive.org/download/sim_scientific-american_1889-08-24_61_8/sim_scientific-american_1889-08-24_61_8_djvu.txt	?	-
sim_scientific-american_1889-08-31_61_9	https://archive.org/download/sim_scientific-american_1889-08-31_61_9/sim_scientific-american_1889-08-31_61_9_djvu.txt	?	-
sim_scientific-american_1889-09-07_61_10	https://archive.org/download/sim_scientific-american_1889-09-07_61_10/sim_scientific-american_1889-09-07_61_10_djvu.txt	?	-
sim_scientific-american_1889-09-14_61_11	https://archive.org/download/sim_scientific-american_1889-09-14_61_11/sim_scientific-american_1889-09-14_61_11_djvu.txt	?	-
sim_scientific-american_1889-09-21_61_12	https://archive.org/download/sim_scientific-american_1889-09-21_61_12/sim_scientific-american_1889-09-21_61_12_djvu.txt	?	-
sim_scientific-american_1889-09-28_61_13	https://archive.org/download/sim_scientific-american_1889-09-28_61_13/sim_scientific-american_1889-09-28_61_13_djvu.txt	?	-
sim_scientific-american_1889-10-05_61_14	https://archive.org/download/sim_scientific-american_1889-10-05_61_14/sim_scientific-american_1889-10-05_61_14_djvu.txt	?	-
sim_scientific-american_1889-10-12_61_15	https://archive.org/download/sim_scientific-american_1889-10-12_61_15/sim_scientific-american_1889-10-12_61_15_djvu.txt	?	-
sim_scientific-american_1889-10-19_61_16	https://archive.org/download/sim_scientific-american_1889-10-19_61_16/sim_scientific-american_1889-10-19_61_16_djvu.txt	?	-
sim_scientific-american_1889-10-26_61_17	https://archive.org/download/sim_scientific-american_1889-10-26_61_17/sim_scientific-american_1889-10-26_61_17_djvu.txt	?	-
sim_scientific-american_1889-11-02_61_18	https://archive.org/download/sim_scientific-american_1889-11-02_61_18/sim_scientific-american_1889-11-02_61_18_djvu.txt	?	-
sim_scientific-american_1889-11-09_61_19	https://archive.org/download/sim_scientific-american_1889-11-09_61_19/sim_scientific-american_1889-11-09_61_19_djvu.txt	?	-
sim_scientific-american_1889-11-16_61_20	https://archive.org/download/sim_scientific-american_1889-11-16_61_20/sim_scientific-american_1889-11-16_61_20_djvu.txt	?	-
sim_scientific-american_1889-11-23_61_21	https://archive.org/download/sim_scientific-american_1889-11-23_61_21/sim_scientific-american_1889-11-23_61_21_djvu.txt	?	-
sim_scientific-american_1889-11-30_61_22	https://archive.org/download/sim_scientific-american_1889-11-30_61_22/sim_scientific-american_1889-11-30_61_22_djvu.txt	?	-
sim_scientific-american_1889-12-07_61_23	https://archive.org/download/sim_scientific-american_1889-12-07_61_23/sim_scientific-american_1889-12-07_61_23_djvu.txt	?	-
sim_scientific-american_1889-12-14_61_24	https://archive.org/download/sim_scientific-american_1889-12-14_61_24/sim_scientific-american_1889-12-14_61_24_djvu.txt	?	-
sim_scientific-american_1889-12-21_61_25	https://archive.org/download/sim_scientific-american_1889-12-21_61_25/sim_scientific-american_1889-12-21_61_25_djvu.txt	?	-
sim_scientific-american_1889-12-28_61_26	https://archive.org/download/sim_scientific-american_1889-12-28_61_26/sim_scientific-american_1889-12-28_61_26_djvu.txt	?	-
sim_scientific-american_1889_61_index	https://archive.org/download/sim_scientific-american_1889_61_index/sim_scientific-american_1889_61_index_djvu.txt	?	-
sim_scientific-american_1890-01-04_62_1	https://archive.org/download/sim_scientific-american_1890-01-04_62_1/sim_scientific-american_1890-01-04_62_1_djvu.txt	?	-
sim_scientific-american_1890-01-11_62_2	https://archive.org/download/sim_scientific-american_1890-01-11_62_2/sim_scientific-american_1890-01-11_62_2_djvu.txt	?	-
sim_scientific-american_1890-01-18_62_3	https://archive.org/download/sim_scientific-american_1890-01-18_62_3/sim_scientific-american_1890-01-18_62_3_djvu.txt	?	-
sim_scientific-american_1890-01-25_62_4	https://archive.org/download/sim_scientific-american_1890-01-25_62_4/sim_scientific-american_1890-01-25_62_4_djvu.txt	?	-
sim_scientific-american_1890-02-01_62_5	https://archive.org/download/sim_scientific-american_1890-02-01_62_5/sim_scientific-american_1890-02-01_62_5_djvu.txt	?	-
sim_scientific-american_1890-02-08_62_6	https://archive.org/download/sim_scientific-american_1890-02-08_62_6/sim_scientific-american_1890-02-08_62_6_djvu.txt	?	-
sim_scientific-american_1890-02-15_62_7	https://archive.org/download/sim_scientific-american_1890-02-15_62_7/sim_scientific-american_1890-02-15_62_7_djvu.txt	?	-
sim_scientific-american_1890-02-22_62_8	https://archive.org/download/sim_scientific-american_1890-02-22_62_8/sim_scientific-american_1890-02-22_62_8_djvu.txt	?	-
sim_scientific-american_1890-03-01_62_9	https://archive.org/download/sim_scientific-american_1890-03-01_62_9/sim_scientific-american_1890-03-01_62_9_djvu.txt	?	-
sim_scientific-american_1890-03-08_62_10	https://archive.org/download/sim_scientific-american_1890-03-08_62_10/sim_scientific-american_1890-03-08_62_10_djvu.txt	?	-
sim_scientific-american_1890-03-15_62_11	https://archive.org/download/sim_scientific-american_1890-03-15_62_11/sim_scientific-american_1890-03-15_62_11_djvu.txt	?	-
sim_scientific-american_1890-03-22_62_12	https://archive.org/download/sim_scientific-american_1890-03-22_62_12/sim_scientific-american_1890-03-22_62_12_djvu.txt	?	-
sim_scientific-american_1890-03-29_62_13	https://archive.org/download/sim_scientific-american_1890-03-29_62_13/sim_scientific-american_1890-03-29_62_13_djvu.txt	?	-
sim_scientific-american_1890-04-05_62_14	https://archive.org/download/sim_scientific-american_1890-04-05_62_14/sim_scientific-american_1890-04-05_62_14_djvu.txt	?	-
sim_scientific-american_1890-04-12_62_15	https://archive.org/download/sim_scientific-american_1890-04-12_62_15/sim_scientific-american_1890-04-12_62_15_djvu.txt	?	-
sim_scientific-american_1890-04-19_62_16	https://archive.org/download/sim_scientific-american_1890-04-19_62_16/sim_scientific-american_1890-04-19_62_16_djvu.txt	?	-
sim_scientific-american_1890-04-26_62_17	https://archive.org/download/sim_scientific-american_1890-04-26_62_17/sim_scientific-american_1890-04-26_62_17_djvu.txt	?	-
sim_scientific-american_1890-05-03_62_18	https://archive.org/download/sim_scientific-american_1890-05-03_62_18/sim_scientific-american_1890-05-03_62_18_djvu.txt	?	-
sim_scientific-american_1890-05-10_62_19	https://archive.org/download/sim_scientific-american_1890-05-10_62_19/sim_scientific-american_1890-05-10_62_19_djvu.txt	?	-
sim_scientific-american_1890-05-17_62_20	https://archive.org/download/sim_scientific-american_1890-05-17_62_20/sim_scientific-american_1890-05-17_62_20_djvu.txt	?	-
sim_scientific-american_1890-05-24_62_21	https://archive.org/download/sim_scientific-american_1890-05-24_62_21/sim_scientific-american_1890-05-24_62_21_djvu.txt	?	-
sim_scientific-american_1890-05-31_62_22	https://archive.org/download/sim_scientific-american_1890-05-31_62_22/sim_scientific-american_1890-05-31_62_22_djvu.txt	?	-
sim_scientific-american_1890-06-07_62_23	https://archive.org/download/sim_scientific-american_1890-06-07_62_23/sim_scientific-american_1890-06-07_62_23_djvu.txt	?	-
sim_scientific-american_1890-06-14_62_24	https://archive.org/download/sim_scientific-american_1890-06-14_62_24/sim_scientific-american_1890-06-14_62_24_djvu.txt	?	-
sim_scientific-american_1890-06-21_62_25	https://archive.org/download/sim_scientific-american_1890-06-21_62_25/sim_scientific-american_1890-06-21_62_25_djvu.txt	?	-
sim_scientific-american_1890-06-28_62_26	https://archive.org/download/sim_scientific-american_1890-06-28_62_26/sim_scientific-american_1890-06-28_62_26_djvu.txt	?	-
sim_scientific-american_1890-07-05_63_1	https://archive.org/download/sim_scientific-american_1890-07-05_63_1/sim_scientific-american_1890-07-05_63_1_djvu.txt	?	-
sim_scientific-american_1890-07-12_63_2	https://archive.org/download/sim_scientific-american_1890-07-12_63_2/sim_scientific-american_1890-07-12_63_2_djvu.txt	?	-
sim_scientific-american_1890-07-19_63_3	https://archive.org/download/sim_scientific-american_1890-07-19_63_3/sim_scientific-american_1890-07-19_63_3_djvu.txt	?	-
sim_scientific-american_1890-07-26_63_4	https://archive.org/download/sim_scientific-american_1890-07-26_63_4/sim_scientific-american_1890-07-26_63_4_djvu.txt	?	-
sim_scientific-american_1890-08-02_63_5	https://archive.org/download/sim_scientific-american_1890-08-02_63_5/sim_scientific-american_1890-08-02_63_5_djvu.txt	?	-
sim_scientific-american_1890-08-09_63_6	https://archive.org/download/sim_scientific-american_1890-08-09_63_6/sim_scientific-american_1890-08-09_63_6_djvu.txt	?	-
sim_scientific-american_1890-08-16_63_7	https://archive.org/download/sim_scientific-american_1890-08-16_63_7/sim_scientific-american_1890-08-16_63_7_djvu.txt	?	-
sim_scientific-american_1890-08-23_63_8	https://archive.org/download/sim_scientific-american_1890-08-23_63_8/sim_scientific-american_1890-08-23_63_8_djvu.txt	?	-
sim_scientific-american_1890-08-30_63_9	https://archive.org/download/sim_scientific-american_1890-08-30_63_9/sim_scientific-american_1890-08-30_63_9_djvu.txt	?	-
sim_scientific-american_1890-09-06_63_10	https://archive.org/download/sim_scientific-american_1890-09-06_63_10/sim_scientific-american_1890-09-06_63_10_djvu.txt	?	-
sim_scientific-american_1890-09-13_63_11	https://archive.org/download/sim_scientific-american_1890-09-13_63_11/sim_scientific-american_1890-09-13_63_11_djvu.txt	?	-
sim_scientific-american_1890-09-20_63_12	https://archive.org/download/sim_scientific-american_1890-09-20_63_12/sim_scientific-american_1890-09-20_63_12_djvu.txt	?	-
sim_scientific-american_1890-09-27_63_13	https://archive.org/download/sim_scientific-american_1890-09-27_63_13/sim_scientific-american_1890-09-27_63_13_djvu.txt	?	-
sim_scientific-american_1890-10-04_63_14	https://archive.org/download/sim_scientific-american_1890-10-04_63_14/sim_scientific-american_1890-10-04_63_14_djvu.txt	?	-
sim_scientific-american_1890-10-11_63_15	https://archive.org/download/sim_scientific-american_1890-10-11_63_15/sim_scientific-american_1890-10-11_63_15_djvu.txt	?	-
sim_scientific-american_1890-10-18_63_16	https://archive.org/download/sim_scientific-american_1890-10-18_63_16/sim_scientific-american_1890-10-18_63_16_djvu.txt	?	-
sim_scientific-american_1890-10-25_63_17	https://archive.org/download/sim_scientific-american_1890-10-25_63_17/sim_scientific-american_1890-10-25_63_17_djvu.txt	?	-
sim_scientific-american_1890-11-01_63_18	https://archive.org/download/sim_scientific-american_1890-11-01_63_18/sim_scientific-american_1890-11-01_63_18_djvu.txt	?	-
sim_scientific-american_1890-11-08_63_19	https://archive.org/download/sim_scientific-american_1890-11-08_63_19/sim_scientific-american_1890-11-08_63_19_djvu.txt	?	-
sim_scientific-american_1890-11-15_63_20	https://archive.org/download/sim_scientific-american_1890-11-15_63_20/sim_scientific-american_1890-11-15_63_20_djvu.txt	?	-
sim_scientific-american_1890-11-22_63_21	https://archive.org/download/sim_scientific-american_1890-11-22_63_21/sim_scientific-american_1890-11-22_63_21_djvu.txt	?	-
sim_scientific-american_1890-11-29_63_22	https://archive.org/download/sim_scientific-american_1890-11-29_63_22/sim_scientific-american_1890-11-29_63_22_djvu.txt	?	-
sim_scientific-american_1890-12-06_63_23	https://archive.org/download/sim_scientific-american_1890-12-06_63_23/sim_scientific-american_1890-12-06_63_23_djvu.txt	?	-
sim_scientific-american_1890-12-13_63_24	https://archive.org/download/sim_scientific-american_1890-12-13_63_24/sim_scientific-american_1890-12-13_63_24_djvu.txt	?	-
sim_scientific-american_1890-12-20_63_25	https://archive.org/download/sim_scientific-american_1890-12-20_63_25/sim_scientific-american_1890-12-20_63_25_djvu.txt	?	-
sim_scientific-american_1890-12-27_63_26	https://archive.org/download/sim_scientific-american_1890-12-27_63_26/sim_scientific-american_1890-12-27_63_26_djvu.txt	?	-
sim_scientific-american_1890_62_index	https://archive.org/download/sim_scientific-american_1890_62_index/sim_scientific-american_1890_62_index_djvu.txt	?	-
sim_scientific-american_1890_63_index	https://archive.org/download/sim_scientific-american_1890_63_index/sim_scientific-american_1890_63_index_djvu.txt	?	-
sim_scientific-american_1891-01-03_64_1	https://archive.org/download/sim_scientific-american_1891-01-03_64_1/sim_scientific-american_1891-01-03_64_1_djvu.txt	?	-
sim_scientific-american_1891-01-10_64_2	https://archive.org/download/sim_scientific-american_1891-01-10_64_2/sim_scientific-american_1891-01-10_64_2_djvu.txt	?	-
sim_scientific-american_1891-01-17_64_3	https://archive.org/download/sim_scientific-american_1891-01-17_64_3/sim_scientific-american_1891-01-17_64_3_djvu.txt	?	-
sim_scientific-american_1891-01-24_64_4	https://archive.org/download/sim_scientific-american_1891-01-24_64_4/sim_scientific-american_1891-01-24_64_4_djvu.txt	?	-
sim_scientific-american_1891-01-31_64_5	https://archive.org/download/sim_scientific-american_1891-01-31_64_5/sim_scientific-american_1891-01-31_64_5_djvu.txt	?	-
sim_scientific-american_1891-02-07_64_6	https://archive.org/download/sim_scientific-american_1891-02-07_64_6/sim_scientific-american_1891-02-07_64_6_djvu.txt	?	-
sim_scientific-american_1891-02-14_64_7	https://archive.org/download/sim_scientific-american_1891-02-14_64_7/sim_scientific-american_1891-02-14_64_7_djvu.txt	?	-
sim_scientific-american_1891-02-21_64_8	https://archive.org/download/sim_scientific-american_1891-02-21_64_8/sim_scientific-american_1891-02-21_64_8_djvu.txt	?	-
sim_scientific-american_1891-02-28_64_9	https://archive.org/download/sim_scientific-american_1891-02-28_64_9/sim_scientific-american_1891-02-28_64_9_djvu.txt	?	-
sim_scientific-american_1891-03-07_64_10	https://archive.org/download/sim_scientific-american_1891-03-07_64_10/sim_scientific-american_1891-03-07_64_10_djvu.txt	?	-
sim_scientific-american_1891-03-14_64_11	https://archive.org/download/sim_scientific-american_1891-03-14_64_11/sim_scientific-american_1891-03-14_64_11_djvu.txt	?	-
sim_scientific-american_1891-03-21_64_12	https://archive.org/download/sim_scientific-american_1891-03-21_64_12/sim_scientific-american_1891-03-21_64_12_djvu.txt	?	-
sim_scientific-american_1891-03-28_64_13	https://archive.org/download/sim_scientific-american_1891-03-28_64_13/sim_scientific-american_1891-03-28_64_13_djvu.txt	?	-
sim_scientific-american_1891-04-04_64_14	https://archive.org/download/sim_scientific-american_1891-04-04_64_14/sim_scientific-american_1891-04-04_64_14_djvu.txt	?	-
sim_scientific-american_1891-04-11_64_15	https://archive.org/download/sim_scientific-american_1891-04-11_64_15/sim_scientific-american_1891-04-11_64_15_djvu.txt	?	-
sim_scientific-american_1891-04-18_64_16	https://archive.org/download/sim_scientific-american_1891-04-18_64_16/sim_scientific-american_1891-04-18_64_16_djvu.txt	?	-
sim_scientific-american_1891-04-25_64_17	https://archive.org/download/sim_scientific-american_1891-04-25_64_17/sim_scientific-american_1891-04-25_64_17_djvu.txt	?	-
sim_scientific-american_1891-05-02_64_18	https://archive.org/download/sim_scientific-american_1891-05-02_64_18/sim_scientific-american_1891-05-02_64_18_djvu.txt	?	-
sim_scientific-american_1891-05-09_64_19	https://archive.org/download/sim_scientific-american_1891-05-09_64_19/sim_scientific-american_1891-05-09_64_19_djvu.txt	?	-
sim_scientific-american_1891-05-16_64_20	https://archive.org/download/sim_scientific-american_1891-05-16_64_20/sim_scientific-american_1891-05-16_64_20_djvu.txt	?	-
sim_scientific-american_1891-05-23_64_21	https://archive.org/download/sim_scientific-american_1891-05-23_64_21/sim_scientific-american_1891-05-23_64_21_djvu.txt	?	-
sim_scientific-american_1891-05-30_64_22	https://archive.org/download/sim_scientific-american_1891-05-30_64_22/sim_scientific-american_1891-05-30_64_22_djvu.txt	?	-
sim_scientific-american_1891-06-06_64_23	https://archive.org/download/sim_scientific-american_1891-06-06_64_23/sim_scientific-american_1891-06-06_64_23_djvu.txt	?	-
sim_scientific-american_1891-06-13_64_24	https://archive.org/download/sim_scientific-american_1891-06-13_64_24/sim_scientific-american_1891-06-13_64_24_djvu.txt	?	-
sim_scientific-american_1891-06-20_64_25	https://archive.org/download/sim_scientific-american_1891-06-20_64_25/sim_scientific-american_1891-06-20_64_25_djvu.txt	?	-
sim_scientific-american_1891-06-27_64_26	https://archive.org/download/sim_scientific-american_1891-06-27_64_26/sim_scientific-american_1891-06-27_64_26_djvu.txt	?	-
sim_scientific-american_1891-07-04_65_1	https://archive.org/download/sim_scientific-american_1891-07-04_65_1/sim_scientific-american_1891-07-04_65_1_djvu.txt	?	-
sim_scientific-american_1891-07-11_65_2	https://archive.org/download/sim_scientific-american_1891-07-11_65_2/sim_scientific-american_1891-07-11_65_2_djvu.txt	?	-
sim_scientific-american_1891-07-18_65_3	https://archive.org/download/sim_scientific-american_1891-07-18_65_3/sim_scientific-american_1891-07-18_65_3_djvu.txt	?	-
sim_scientific-american_1891-07-25_65_4	https://archive.org/download/sim_scientific-american_1891-07-25_65_4/sim_scientific-american_1891-07-25_65_4_djvu.txt	?	-
sim_scientific-american_1891-08-01_65_5	https://archive.org/download/sim_scientific-american_1891-08-01_65_5/sim_scientific-american_1891-08-01_65_5_djvu.txt	?	-
sim_scientific-american_1891-08-08_65_6	https://archive.org/download/sim_scientific-american_1891-08-08_65_6/sim_scientific-american_1891-08-08_65_6_djvu.txt	?	-
sim_scientific-american_1891-08-15_65_7	https://archive.org/download/sim_scientific-american_1891-08-15_65_7/sim_scientific-american_1891-08-15_65_7_djvu.txt	?	-
sim_scientific-american_1891-08-22_65_8	https://archive.org/download/sim_scientific-american_1891-08-22_65_8/sim_scientific-american_1891-08-22_65_8_djvu.txt	?	-
sim_scientific-american_1891-08-29_65_9	https://archive.org/download/sim_scientific-american_1891-08-29_65_9/sim_scientific-american_1891-08-29_65_9_djvu.txt	?	-
sim_scientific-american_1891-09-05_65_10	https://archive.org/download/sim_scientific-american_1891-09-05_65_10/sim_scientific-american_1891-09-05_65_10_djvu.txt	?	-
sim_scientific-american_1891-09-12_65_11	https://archive.org/download/sim_scientific-american_1891-09-12_65_11/sim_scientific-american_1891-09-12_65_11_djvu.txt	?	-
sim_scientific-american_1891-09-19_65_12	https://archive.org/download/sim_scientific-american_1891-09-19_65_12/sim_scientific-american_1891-09-19_65_12_djvu.txt	?	-
sim_scientific-american_1891-09-26_65_13	https://archive.org/download/sim_scientific-american_1891-09-26_65_13/sim_scientific-american_1891-09-26_65_13_djvu.txt	?	-
sim_scientific-american_1891-10-03_65_14	https://archive.org/download/sim_scientific-american_1891-10-03_65_14/sim_scientific-american_1891-10-03_65_14_djvu.txt	?	-
sim_scientific-american_1891-10-10_65_15	https://archive.org/download/sim_scientific-american_1891-10-10_65_15/sim_scientific-american_1891-10-10_65_15_djvu.txt	?	-
sim_scientific-american_1891-10-17_65_16	https://archive.org/download/sim_scientific-american_1891-10-17_65_16/sim_scientific-american_1891-10-17_65_16_djvu.txt	?	-
sim_scientific-american_1891-10-24_65_17	https://archive.org/download/sim_scientific-american_1891-10-24_65_17/sim_scientific-american_1891-10-24_65_17_djvu.txt	?	-
sim_scientific-american_1891-10-31_65_18	https://archive.org/download/sim_scientific-american_1891-10-31_65_18/sim_scientific-american_1891-10-31_65_18_djvu.txt	?	-
sim_scientific-american_1891-11-07_65_19	https://archive.org/download/sim_scientific-american_1891-11-07_65_19/sim_scientific-american_1891-11-07_65_19_djvu.txt	?	-
sim_scientific-american_1891-11-14_65_20	https://archive.org/download/sim_scientific-american_1891-11-14_65_20/sim_scientific-american_1891-11-14_65_20_djvu.txt	?	-
sim_scientific-american_1891-11-21_65_21	https://archive.org/download/sim_scientific-american_1891-11-21_65_21/sim_scientific-american_1891-11-21_65_21_djvu.txt	?	-
sim_scientific-american_1891-11-28_65_22	https://archive.org/download/sim_scientific-american_1891-11-28_65_22/sim_scientific-american_1891-11-28_65_22_djvu.txt	?	-
sim_scientific-american_1891-12-05_65_23	https://archive.org/download/sim_scientific-american_1891-12-05_65_23/sim_scientific-american_1891-12-05_65_23_djvu.txt	?	-
sim_scientific-american_1891-12-12_65_24	https://archive.org/download/sim_scientific-american_1891-12-12_65_24/sim_scientific-american_1891-12-12_65_24_djvu.txt	?	-
sim_scientific-american_1891-12-19_65_25	https://archive.org/download/sim_scientific-american_1891-12-19_65_25/sim_scientific-american_1891-12-19_65_25_djvu.txt	?	-
sim_scientific-american_1891-12-26_65_26	https://archive.org/download/sim_scientific-american_1891-12-26_65_26/sim_scientific-american_1891-12-26_65_26_djvu.txt	?	-
sim_scientific-american_1891_64_index	https://archive.org/download/sim_scientific-american_1891_64_index/sim_scientific-american_1891_64_index_djvu.txt	?	-
sim_scientific-american_1891_65_index	https://archive.org/download/sim_scientific-american_1891_65_index/sim_scientific-american_1891_65_index_djvu.txt	?	-
sim_scientific-american_1892-01-02_66_1	https://archive.org/download/sim_scientific-american_1892-01-02_66_1/sim_scientific-american_1892-01-02_66_1_djvu.txt	?	-
sim_scientific-american_1892-01-09_66_2	https://archive.org/download/sim_scientific-american_1892-01-09_66_2/sim_scientific-american_1892-01-09_66_2_djvu.txt	?	-
sim_scientific-american_1892-01-16_66_3	https://archive.org/download/sim_scientific-american_1892-01-16_66_3/sim_scientific-american_1892-01-16_66_3_djvu.txt	?	-
sim_scientific-american_1892-01-23_66_4	https://archive.org/download/sim_scientific-american_1892-01-23_66_4/sim_scientific-american_1892-01-23_66_4_djvu.txt	?	-
sim_scientific-american_1892-01-30_66_5	https://archive.org/download/sim_scientific-american_1892-01-30_66_5/sim_scientific-american_1892-01-30_66_5_djvu.txt	?	-
sim_scientific-american_1892-02-06_66_6	https://archive.org/download/sim_scientific-american_1892-02-06_66_6/sim_scientific-american_1892-02-06_66_6_djvu.txt	?	-
sim_scientific-american_1892-02-13_66_7	https://archive.org/download/sim_scientific-american_1892-02-13_66_7/sim_scientific-american_1892-02-13_66_7_djvu.txt	?	-
sim_scientific-american_1892-02-20_66_8	https://archive.org/download/sim_scientific-american_1892-02-20_66_8/sim_scientific-american_1892-02-20_66_8_djvu.txt	?	-
sim_scientific-american_1892-02-27_66_9	https://archive.org/download/sim_scientific-american_1892-02-27_66_9/sim_scientific-american_1892-02-27_66_9_djvu.txt	?	-
sim_scientific-american_1892-03-05_66_10	https://archive.org/download/sim_scientific-american_1892-03-05_66_10/sim_scientific-american_1892-03-05_66_10_djvu.txt	?	-
sim_scientific-american_1892-03-12_66_11	https://archive.org/download/sim_scientific-american_1892-03-12_66_11/sim_scientific-american_1892-03-12_66_11_djvu.txt	?	-
sim_scientific-american_1892-03-19_66_12	https://archive.org/download/sim_scientific-american_1892-03-19_66_12/sim_scientific-american_1892-03-19_66_12_djvu.txt	?	-
sim_scientific-american_1892-03-26_66_13	https://archive.org/download/sim_scientific-american_1892-03-26_66_13/sim_scientific-american_1892-03-26_66_13_djvu.txt	?	-
sim_scientific-american_1892-04-02_66_14	https://archive.org/download/sim_scientific-american_1892-04-02_66_14/sim_scientific-american_1892-04-02_66_14_djvu.txt	?	-
sim_scientific-american_1892-04-09_66_15	https://archive.org/download/sim_scientific-american_1892-04-09_66_15/sim_scientific-american_1892-04-09_66_15_djvu.txt	?	-
sim_scientific-american_1892-04-16_66_16	https://archive.org/download/sim_scientific-american_1892-04-16_66_16/sim_scientific-american_1892-04-16_66_16_djvu.txt	?	-
sim_scientific-american_1892-04-23_66_17	https://archive.org/download/sim_scientific-american_1892-04-23_66_17/sim_scientific-american_1892-04-23_66_17_djvu.txt	?	-
sim_scientific-american_1892-04-30_66_18	https://archive.org/download/sim_scientific-american_1892-04-30_66_18/sim_scientific-american_1892-04-30_66_18_djvu.txt	?	-
sim_scientific-american_1892-05-07_66_19	https://archive.org/download/sim_scientific-american_1892-05-07_66_19/sim_scientific-american_1892-05-07_66_19_djvu.txt	?	-
sim_scientific-american_1892-05-14_66_20	https://archive.org/download/sim_scientific-american_1892-05-14_66_20/sim_scientific-american_1892-05-14_66_20_djvu.txt	?	-
sim_scientific-american_1892-05-21_66_21	https://archive.org/download/sim_scientific-american_1892-05-21_66_21/sim_scientific-american_1892-05-21_66_21_djvu.txt	?	-
sim_scientific-american_1892-05-28_66_22	https://archive.org/download/sim_scientific-american_1892-05-28_66_22/sim_scientific-american_1892-05-28_66_22_djvu.txt	?	-
sim_scientific-american_1892-06-04_66_23	https://archive.org/download/sim_scientific-american_1892-06-04_66_23/sim_scientific-american_1892-06-04_66_23_djvu.txt	?	-
sim_scientific-american_1892-06-11_66_24	https://archive.org/download/sim_scientific-american_1892-06-11_66_24/sim_scientific-american_1892-06-11_66_24_djvu.txt	?	-
sim_scientific-american_1892-06-18_66_25	https://archive.org/download/sim_scientific-american_1892-06-18_66_25/sim_scientific-american_1892-06-18_66_25_djvu.txt	?	-
sim_scientific-american_1892-06-25_66_26	https://archive.org/download/sim_scientific-american_1892-06-25_66_26/sim_scientific-american_1892-06-25_66_26_djvu.txt	?	-
sim_scientific-american_1892-07-02_67_1	https://archive.org/download/sim_scientific-american_1892-07-02_67_1/sim_scientific-american_1892-07-02_67_1_djvu.txt	?	-
sim_scientific-american_1892-07-09_67_2	https://archive.org/download/sim_scientific-american_1892-07-09_67_2/sim_scientific-american_1892-07-09_67_2_djvu.txt	?	-
sim_scientific-american_1892-07-16_67_3	https://archive.org/download/sim_scientific-american_1892-07-16_67_3/sim_scientific-american_1892-07-16_67_3_djvu.txt	?	-
sim_scientific-american_1892-07-23_67_4	https://archive.org/download/sim_scientific-american_1892-07-23_67_4/sim_scientific-american_1892-07-23_67_4_djvu.txt	?	-
sim_scientific-american_1892-07-30_67_5	https://archive.org/download/sim_scientific-american_1892-07-30_67_5/sim_scientific-american_1892-07-30_67_5_djvu.txt	?	-
sim_scientific-american_1892-08-06_67_6	https://archive.org/download/sim_scientific-american_1892-08-06_67_6/sim_scientific-american_1892-08-06_67_6_djvu.txt	?	-
sim_scientific-american_1892-08-13_67_7	https://archive.org/download/sim_scientific-american_1892-08-13_67_7/sim_scientific-american_1892-08-13_67_7_djvu.txt	?	-
sim_scientific-american_1892-08-20_67_8	https://archive.org/download/sim_scientific-american_1892-08-20_67_8/sim_scientific-american_1892-08-20_67_8_djvu.txt	?	-
sim_scientific-american_1892-08-27_67_9	https://archive.org/download/sim_scientific-american_1892-08-27_67_9/sim_scientific-american_1892-08-27_67_9_djvu.txt	?	-
sim_scientific-american_1892-09-03_67_10	https://archive.org/download/sim_scientific-american_1892-09-03_67_10/sim_scientific-american_1892-09-03_67_10_djvu.txt	?	-
sim_scientific-american_1892-09-10_67_11	https://archive.org/download/sim_scientific-american_1892-09-10_67_11/sim_scientific-american_1892-09-10_67_11_djvu.txt	?	-
sim_scientific-american_1892-09-17_67_12	https://archive.org/download/sim_scientific-american_1892-09-17_67_12/sim_scientific-american_1892-09-17_67_12_djvu.txt	?	-
sim_scientific-american_1892-09-24_67_13	https://archive.org/download/sim_scientific-american_1892-09-24_67_13/sim_scientific-american_1892-09-24_67_13_djvu.txt	?	-
sim_scientific-american_1892-10-01_67_14	https://archive.org/download/sim_scientific-american_1892-10-01_67_14/sim_scientific-american_1892-10-01_67_14_djvu.txt	?	-
sim_scientific-american_1892-10-08_67_15	https://archive.org/download/sim_scientific-american_1892-10-08_67_15/sim_scientific-american_1892-10-08_67_15_djvu.txt	?	-
sim_scientific-american_1892-10-15_67_16	https://archive.org/download/sim_scientific-american_1892-10-15_67_16/sim_scientific-american_1892-10-15_67_16_djvu.txt	?	-
sim_scientific-american_1892-10-22_67_17	https://archive.org/download/sim_scientific-american_1892-10-22_67_17/sim_scientific-american_1892-10-22_67_17_djvu.txt	?	-
sim_scientific-american_1892-10-29_67_18	https://archive.org/download/sim_scientific-american_1892-10-29_67_18/sim_scientific-american_1892-10-29_67_18_djvu.txt	?	-
sim_scientific-american_1892-11-05_67_19	https://archive.org/download/sim_scientific-american_1892-11-05_67_19/sim_scientific-american_1892-11-05_67_19_djvu.txt	?	-
sim_scientific-american_1892-11-12_67_20	https://archive.org/download/sim_scientific-american_1892-11-12_67_20/sim_scientific-american_1892-11-12_67_20_djvu.txt	?	-
sim_scientific-american_1892-11-19_67_21	https://archive.org/download/sim_scientific-american_1892-11-19_67_21/sim_scientific-american_1892-11-19_67_21_djvu.txt	?	-
sim_scientific-american_1892-11-26_67_22	https://archive.org/download/sim_scientific-american_1892-11-26_67_22/sim_scientific-american_1892-11-26_67_22_djvu.txt	?	-
sim_scientific-american_1892-12-03_67_23	https://archive.org/download/sim_scientific-american_1892-12-03_67_23/sim_scientific-american_1892-12-03_67_23_djvu.txt	?	-
sim_scientific-american_1892-12-10_67_24	https://archive.org/download/sim_scientific-american_1892-12-10_67_24/sim_scientific-american_1892-12-10_67_24_djvu.txt	?	-
sim_scientific-american_1892-12-17_67_25	https://archive.org/download/sim_scientific-american_1892-12-17_67_25/sim_scientific-american_1892-12-17_67_25_djvu.txt	?	-
sim_scientific-american_1892-12-24_67_26	https://archive.org/download/sim_scientific-american_1892-12-24_67_26/sim_scientific-american_1892-12-24_67_26_djvu.txt	?	-
sim_scientific-american_1892-12-31_67_27	https://archive.org/download/sim_scientific-american_1892-12-31_67_27/sim_scientific-american_1892-12-31_67_27_djvu.txt	?	-
sim_scientific-american_1892_66_index	https://archive.org/download/sim_scientific-american_1892_66_index/sim_scientific-american_1892_66_index_djvu.txt	?	-
sim_scientific-american_1892_67_index	https://archive.org/download/sim_scientific-american_1892_67_index/sim_scientific-american_1892_67_index_djvu.txt	?	-
sim_scientific-american_1893-01-07_68_1	https://archive.org/download/sim_scientific-american_1893-01-07_68_1/sim_scientific-american_1893-01-07_68_1_djvu.txt	?	-
sim_scientific-american_1893-01-14_68_2	https://archive.org/download/sim_scientific-american_1893-01-14_68_2/sim_scientific-american_1893-01-14_68_2_djvu.txt	?	-
sim_scientific-american_1893-01-21_68_3	https://archive.org/download/sim_scientific-american_1893-01-21_68_3/sim_scientific-american_1893-01-21_68_3_djvu.txt	?	-
sim_scientific-american_1893-01-28_68_4	https://archive.org/download/sim_scientific-american_1893-01-28_68_4/sim_scientific-american_1893-01-28_68_4_djvu.txt	?	-
sim_scientific-american_1893-02-04_68_5	https://archive.org/download/sim_scientific-american_1893-02-04_68_5/sim_scientific-american_1893-02-04_68_5_djvu.txt	?	-
sim_scientific-american_1893-02-11_68_6	https://archive.org/download/sim_scientific-american_1893-02-11_68_6/sim_scientific-american_1893-02-11_68_6_djvu.txt	?	-
sim_scientific-american_1893-02-18_68_7	https://archive.org/download/sim_scientific-american_1893-02-18_68_7/sim_scientific-american_1893-02-18_68_7_djvu.txt	?	-
sim_scientific-american_1893-02-25_68_8	https://archive.org/download/sim_scientific-american_1893-02-25_68_8/sim_scientific-american_1893-02-25_68_8_djvu.txt	?	-
sim_scientific-american_1893-03-04_68_9	https://archive.org/download/sim_scientific-american_1893-03-04_68_9/sim_scientific-american_1893-03-04_68_9_djvu.txt	?	-
sim_scientific-american_1893-03-11_68_10	https://archive.org/download/sim_scientific-american_1893-03-11_68_10/sim_scientific-american_1893-03-11_68_10_djvu.txt	?	-
sim_scientific-american_1893-03-18_68_11	https://archive.org/download/sim_scientific-american_1893-03-18_68_11/sim_scientific-american_1893-03-18_68_11_djvu.txt	?	-
sim_scientific-american_1893-03-25_68_12	https://archive.org/download/sim_scientific-american_1893-03-25_68_12/sim_scientific-american_1893-03-25_68_12_djvu.txt	?	-
sim_scientific-american_1893-04-01_68_13	https://archive.org/download/sim_scientific-american_1893-04-01_68_13/sim_scientific-american_1893-04-01_68_13_djvu.txt	?	-
sim_scientific-american_1893-04-08_68_14	https://archive.org/download/sim_scientific-american_1893-04-08_68_14/sim_scientific-american_1893-04-08_68_14_djvu.txt	?	-
sim_scientific-american_1893-04-15_68_15	https://archive.org/download/sim_scientific-american_1893-04-15_68_15/sim_scientific-american_1893-04-15_68_15_djvu.txt	?	-
sim_scientific-american_1893-04-22_68_16	https://archive.org/download/sim_scientific-american_1893-04-22_68_16/sim_scientific-american_1893-04-22_68_16_djvu.txt	?	-
sim_scientific-american_1893-04-29_68_17	https://archive.org/download/sim_scientific-american_1893-04-29_68_17/sim_scientific-american_1893-04-29_68_17_djvu.txt	?	-
sim_scientific-american_1893-05-06_68_18	https://archive.org/download/sim_scientific-american_1893-05-06_68_18/sim_scientific-american_1893-05-06_68_18_djvu.txt	?	-
sim_scientific-american_1893-05-13_68_19	https://archive.org/download/sim_scientific-american_1893-05-13_68_19/sim_scientific-american_1893-05-13_68_19_djvu.txt	?	-
sim_scientific-american_1893-05-20_68_20	https://archive.org/download/sim_scientific-american_1893-05-20_68_20/sim_scientific-american_1893-05-20_68_20_djvu.txt	?	-
sim_scientific-american_1893-05-27_68_21	https://archive.org/download/sim_scientific-american_1893-05-27_68_21/sim_scientific-american_1893-05-27_68_21_djvu.txt	?	-
sim_scientific-american_1893-06-03_68_22	https://archive.org/download/sim_scientific-american_1893-06-03_68_22/sim_scientific-american_1893-06-03_68_22_djvu.txt	?	-
sim_scientific-american_1893-06-10_68_23	https://archive.org/download/sim_scientific-american_1893-06-10_68_23/sim_scientific-american_1893-06-10_68_23_djvu.txt	?	-
sim_scientific-american_1893-06-17_68_24	https://archive.org/download/sim_scientific-american_1893-06-17_68_24/sim_scientific-american_1893-06-17_68_24_djvu.txt	?	-
sim_scientific-american_1893-06-24_68_25	https://archive.org/download/sim_scientific-american_1893-06-24_68_25/sim_scientific-american_1893-06-24_68_25_djvu.txt	?	-
sim_scientific-american_1893-07-01_69_1	https://archive.org/download/sim_scientific-american_1893-07-01_69_1/sim_scientific-american_1893-07-01_69_1_djvu.txt	?	-
sim_scientific-american_1893-07-08_69_2	https://archive.org/download/sim_scientific-american_1893-07-08_69_2/sim_scientific-american_1893-07-08_69_2_djvu.txt	?	-
sim_scientific-american_1893-07-15_69_3	https://archive.org/download/sim_scientific-american_1893-07-15_69_3/sim_scientific-american_1893-07-15_69_3_djvu.txt	?	-
sim_scientific-american_1893-07-22_69_4	https://archive.org/download/sim_scientific-american_1893-07-22_69_4/sim_scientific-american_1893-07-22_69_4_djvu.txt	?	-
sim_scientific-american_1893-07-29_69_5	https://archive.org/download/sim_scientific-american_1893-07-29_69_5/sim_scientific-american_1893-07-29_69_5_djvu.txt	?	-
sim_scientific-american_1893-08-05_69_6	https://archive.org/download/sim_scientific-american_1893-08-05_69_6/sim_scientific-american_1893-08-05_69_6_djvu.txt	?	-
sim_scientific-american_1893-08-12_69_7	https://archive.org/download/sim_scientific-american_1893-08-12_69_7/sim_scientific-american_1893-08-12_69_7_djvu.txt	?	-
sim_scientific-american_1893-08-19_69_8	https://archive.org/download/sim_scientific-american_1893-08-19_69_8/sim_scientific-american_1893-08-19_69_8_djvu.txt	?	-
sim_scientific-american_1893-08-26_69_9	https://archive.org/download/sim_scientific-american_1893-08-26_69_9/sim_scientific-american_1893-08-26_69_9_djvu.txt	?	-
sim_scientific-american_1893-09-02_69_10	https://archive.org/download/sim_scientific-american_1893-09-02_69_10/sim_scientific-american_1893-09-02_69_10_djvu.txt	?	-
sim_scientific-american_1893-09-09_69_11	https://archive.org/download/sim_scientific-american_1893-09-09_69_11/sim_scientific-american_1893-09-09_69_11_djvu.txt	?	-
sim_scientific-american_1893-09-16_69_12	https://archive.org/download/sim_scientific-american_1893-09-16_69_12/sim_scientific-american_1893-09-16_69_12_djvu.txt	?	-
sim_scientific-american_1893-09-23_69_13	https://archive.org/download/sim_scientific-american_1893-09-23_69_13/sim_scientific-american_1893-09-23_69_13_djvu.txt	?	-
sim_scientific-american_1893-09-30_69_14	https://archive.org/download/sim_scientific-american_1893-09-30_69_14/sim_scientific-american_1893-09-30_69_14_djvu.txt	?	-
sim_scientific-american_1893-10-07_69_15	https://archive.org/download/sim_scientific-american_1893-10-07_69_15/sim_scientific-american_1893-10-07_69_15_djvu.txt	?	-
sim_scientific-american_1893-10-14_69_16	https://archive.org/download/sim_scientific-american_1893-10-14_69_16/sim_scientific-american_1893-10-14_69_16_djvu.txt	?	-
sim_scientific-american_1893-10-21_69_17	https://archive.org/download/sim_scientific-american_1893-10-21_69_17/sim_scientific-american_1893-10-21_69_17_djvu.txt	?	-
sim_scientific-american_1893-10-28_69_18	https://archive.org/download/sim_scientific-american_1893-10-28_69_18/sim_scientific-american_1893-10-28_69_18_djvu.txt	?	-
sim_scientific-american_1893-11-04_69_19	https://archive.org/download/sim_scientific-american_1893-11-04_69_19/sim_scientific-american_1893-11-04_69_19_djvu.txt	?	-
sim_scientific-american_1893-11-11_69_20	https://archive.org/download/sim_scientific-american_1893-11-11_69_20/sim_scientific-american_1893-11-11_69_20_djvu.txt	?	-
sim_scientific-american_1893-11-18_69_21	https://archive.org/download/sim_scientific-american_1893-11-18_69_21/sim_scientific-american_1893-11-18_69_21_djvu.txt	?	-
sim_scientific-american_1893-11-25_69_22	https://archive.org/download/sim_scientific-american_1893-11-25_69_22/sim_scientific-american_1893-11-25_69_22_djvu.txt	?	-
sim_scientific-american_1893-12-02_69_23	https://archive.org/download/sim_scientific-american_1893-12-02_69_23/sim_scientific-american_1893-12-02_69_23_djvu.txt	?	-
sim_scientific-american_1893-12-09_69_24	https://archive.org/download/sim_scientific-american_1893-12-09_69_24/sim_scientific-american_1893-12-09_69_24_djvu.txt	?	-
sim_scientific-american_1893-12-16_69_25	https://archive.org/download/sim_scientific-american_1893-12-16_69_25/sim_scientific-american_1893-12-16_69_25_djvu.txt	?	-
sim_scientific-american_1893-12-23_69_26	https://archive.org/download/sim_scientific-american_1893-12-23_69_26/sim_scientific-american_1893-12-23_69_26_djvu.txt	?	-
sim_scientific-american_1893-12-30_69_27	https://archive.org/download/sim_scientific-american_1893-12-30_69_27/sim_scientific-american_1893-12-30_69_27_djvu.txt	?	-
sim_scientific-american_1893_68_index	https://archive.org/download/sim_scientific-american_1893_68_index/sim_scientific-american_1893_68_index_djvu.txt	?	-
sim_scientific-american_1893_69_index	https://archive.org/download/sim_scientific-american_1893_69_index/sim_scientific-american_1893_69_index_djvu.txt	?	-
sim_scientific-american_1894-01-06_70_1	https://archive.org/download/sim_scientific-american_1894-01-06_70_1/sim_scientific-american_1894-01-06_70_1_djvu.txt	?	-
sim_scientific-american_1894-01-13_70_2	https://archive.org/download/sim_scientific-american_1894-01-13_70_2/sim_scientific-american_1894-01-13_70_2_djvu.txt	?	-
sim_scientific-american_1894-01-20_70_3	https://archive.org/download/sim_scientific-american_1894-01-20_70_3/sim_scientific-american_1894-01-20_70_3_djvu.txt	?	-
sim_scientific-american_1894-01-27_70_4	https://archive.org/download/sim_scientific-american_1894-01-27_70_4/sim_scientific-american_1894-01-27_70_4_djvu.txt	?	-
sim_scientific-american_1894-02-03_70_5	https://archive.org/download/sim_scientific-american_1894-02-03_70_5/sim_scientific-american_1894-02-03_70_5_djvu.txt	?	-
sim_scientific-american_1894-02-10_70_6	https://archive.org/download/sim_scientific-american_1894-02-10_70_6/sim_scientific-american_1894-02-10_70_6_djvu.txt	?	-
sim_scientific-american_1894-02-17_70_7	https://archive.org/download/sim_scientific-american_1894-02-17_70_7/sim_scientific-american_1894-02-17_70_7_djvu.txt	?	-
sim_scientific-american_1894-02-24_70_8	https://archive.org/download/sim_scientific-american_1894-02-24_70_8/sim_scientific-american_1894-02-24_70_8_djvu.txt	?	-
sim_scientific-american_1894-03-03_70_9	https://archive.org/download/sim_scientific-american_1894-03-03_70_9/sim_scientific-american_1894-03-03_70_9_djvu.txt	?	-
sim_scientific-american_1894-03-10_70_10	https://archive.org/download/sim_scientific-american_1894-03-10_70_10/sim_scientific-american_1894-03-10_70_10_djvu.txt	?	-
sim_scientific-american_1894-03-17_70_11	https://archive.org/download/sim_scientific-american_1894-03-17_70_11/sim_scientific-american_1894-03-17_70_11_djvu.txt	?	-
sim_scientific-american_1894-03-24_70_12	https://archive.org/download/sim_scientific-american_1894-03-24_70_12/sim_scientific-american_1894-03-24_70_12_djvu.txt	?	-
sim_scientific-american_1894-03-31_70_13	https://archive.org/download/sim_scientific-american_1894-03-31_70_13/sim_scientific-american_1894-03-31_70_13_djvu.txt	?	-
sim_scientific-american_1894-04-07_70_14	https://archive.org/download/sim_scientific-american_1894-04-07_70_14/sim_scientific-american_1894-04-07_70_14_djvu.txt	?	-
sim_scientific-american_1894-04-14_70_15	https://archive.org/download/sim_scientific-american_1894-04-14_70_15/sim_scientific-american_1894-04-14_70_15_djvu.txt	?	-
sim_scientific-american_1894-04-21_70_16	https://archive.org/download/sim_scientific-american_1894-04-21_70_16/sim_scientific-american_1894-04-21_70_16_djvu.txt	?	-
sim_scientific-american_1894-04-28_70_17	https://archive.org/download/sim_scientific-american_1894-04-28_70_17/sim_scientific-american_1894-04-28_70_17_djvu.txt	?	-
sim_scientific-american_1894-05-05_70_18	https://archive.org/download/sim_scientific-american_1894-05-05_70_18/sim_scientific-american_1894-05-05_70_18_djvu.txt	?	-
sim_scientific-american_1894-05-12_70_19	https://archive.org/download/sim_scientific-american_1894-05-12_70_19/sim_scientific-american_1894-05-12_70_19_djvu.txt	?	-
sim_scientific-american_1894-05-19_70_20	https://archive.org/download/sim_scientific-american_1894-05-19_70_20/sim_scientific-american_1894-05-19_70_20_djvu.txt	?	-
sim_scientific-american_1894-05-26_70_21	https://archive.org/download/sim_scientific-american_1894-05-26_70_21/sim_scientific-american_1894-05-26_70_21_djvu.txt	?	-
sim_scientific-american_1894-06-02_70_22	https://archive.org/download/sim_scientific-american_1894-06-02_70_22/sim_scientific-american_1894-06-02_70_22_djvu.txt	?	-
sim_scientific-american_1894-06-09_70_23	https://archive.org/download/sim_scientific-american_1894-06-09_70_23/sim_scientific-american_1894-06-09_70_23_djvu.txt	?	-
sim_scientific-american_1894-06-16_70_24	https://archive.org/download/sim_scientific-american_1894-06-16_70_24/sim_scientific-american_1894-06-16_70_24_djvu.txt	?	-
sim_scientific-american_1894-06-23_70_25	https://archive.org/download/sim_scientific-american_1894-06-23_70_25/sim_scientific-american_1894-06-23_70_25_djvu.txt	?	-
sim_scientific-american_1894-06-30_70_26	https://archive.org/download/sim_scientific-american_1894-06-30_70_26/sim_scientific-american_1894-06-30_70_26_djvu.txt	?	-
sim_scientific-american_1894-07-07_71_1	https://archive.org/download/sim_scientific-american_1894-07-07_71_1/sim_scientific-american_1894-07-07_71_1_djvu.txt	?	-
sim_scientific-american_1894-07-14_71_2	https://archive.org/download/sim_scientific-american_1894-07-14_71_2/sim_scientific-american_1894-07-14_71_2_djvu.txt	?	-
sim_scientific-american_1894-07-21_71_3	https://archive.org/download/sim_scientific-american_1894-07-21_71_3/sim_scientific-american_1894-07-21_71_3_djvu.txt	?	-
sim_scientific-american_1894-07-28_71_4	https://archive.org/download/sim_scientific-american_1894-07-28_71_4/sim_scientific-american_1894-07-28_71_4_djvu.txt	?	-
sim_scientific-american_1894-08-04_71_5	https://archive.org/download/sim_scientific-american_1894-08-04_71_5/sim_scientific-american_1894-08-04_71_5_djvu.txt	?	-
sim_scientific-american_1894-08-11_71_6	https://archive.org/download/sim_scientific-american_1894-08-11_71_6/sim_scientific-american_1894-08-11_71_6_djvu.txt	?	-
sim_scientific-american_1894-08-18_71_7	https://archive.org/download/sim_scientific-american_1894-08-18_71_7/sim_scientific-american_1894-08-18_71_7_djvu.txt	?	-
sim_scientific-american_1894-08-25_71_8	https://archive.org/download/sim_scientific-american_1894-08-25_71_8/sim_scientific-american_1894-08-25_71_8_djvu.txt	?	-
sim_scientific-american_1894-09-01_71_9	https://archive.org/download/sim_scientific-american_1894-09-01_71_9/sim_scientific-american_1894-09-01_71_9_djvu.txt	?	-
sim_scientific-american_1894-09-08_71_10	https://archive.org/download/sim_scientific-american_1894-09-08_71_10/sim_scientific-american_1894-09-08_71_10_djvu.txt	?	-
sim_scientific-american_1894-09-15_71_11	https://archive.org/download/sim_scientific-american_1894-09-15_71_11/sim_scientific-american_1894-09-15_71_11_djvu.txt	?	-
sim_scientific-american_1894-09-22_71_12	https://archive.org/download/sim_scientific-american_1894-09-22_71_12/sim_scientific-american_1894-09-22_71_12_djvu.txt	?	-
sim_scientific-american_1894-09-29_71_13	https://archive.org/download/sim_scientific-american_1894-09-29_71_13/sim_scientific-american_1894-09-29_71_13_djvu.txt	?	-
sim_scientific-american_1894-10-06_71_14	https://archive.org/download/sim_scientific-american_1894-10-06_71_14/sim_scientific-american_1894-10-06_71_14_djvu.txt	?	-
sim_scientific-american_1894-10-13_71_15	https://archive.org/download/sim_scientific-american_1894-10-13_71_15/sim_scientific-american_1894-10-13_71_15_djvu.txt	?	-
sim_scientific-american_1894-10-20_71_16	https://archive.org/download/sim_scientific-american_1894-10-20_71_16/sim_scientific-american_1894-10-20_71_16_djvu.txt	?	-
sim_scientific-american_1894-10-27_71_17	https://archive.org/download/sim_scientific-american_1894-10-27_71_17/sim_scientific-american_1894-10-27_71_17_djvu.txt	?	-
sim_scientific-american_1894-11-03_71_18	https://archive.org/download/sim_scientific-american_1894-11-03_71_18/sim_scientific-american_1894-11-03_71_18_djvu.txt	?	-
sim_scientific-american_1894-11-10_71_19	https://archive.org/download/sim_scientific-american_1894-11-10_71_19/sim_scientific-american_1894-11-10_71_19_djvu.txt	?	-
sim_scientific-american_1894-11-17_71_20	https://archive.org/download/sim_scientific-american_1894-11-17_71_20/sim_scientific-american_1894-11-17_71_20_djvu.txt	?	-
sim_scientific-american_1894-11-24_71_21	https://archive.org/download/sim_scientific-american_1894-11-24_71_21/sim_scientific-american_1894-11-24_71_21_djvu.txt	?	-
sim_scientific-american_1894-12-01_71_22	https://archive.org/download/sim_scientific-american_1894-12-01_71_22/sim_scientific-american_1894-12-01_71_22_djvu.txt	?	-
sim_scientific-american_1894-12-08_71_23	https://archive.org/download/sim_scientific-american_1894-12-08_71_23/sim_scientific-american_1894-12-08_71_23_djvu.txt	?	-
sim_scientific-american_1894-12-15_71_24	https://archive.org/download/sim_scientific-american_1894-12-15_71_24/sim_scientific-american_1894-12-15_71_24_djvu.txt	?	-
sim_scientific-american_1894-12-22_71_25	https://archive.org/download/sim_scientific-american_1894-12-22_71_25/sim_scientific-american_1894-12-22_71_25_djvu.txt	?	-
sim_scientific-american_1894-12-29_71_26	https://archive.org/download/sim_scientific-american_1894-12-29_71_26/sim_scientific-american_1894-12-29_71_26_djvu.txt	?	-
sim_scientific-american_1894_70_index	https://archive.org/download/sim_scientific-american_1894_70_index/sim_scientific-american_1894_70_index_djvu.txt	?	-
sim_scientific-american_1894_71_index	https://archive.org/download/sim_scientific-american_1894_71_index/sim_scientific-american_1894_71_index_djvu.txt	?	-
sim_scientific-american_1895-01-05_72_1	https://archive.org/download/sim_scientific-american_1895-01-05_72_1/sim_scientific-american_1895-01-05_72_1_djvu.txt	?	-
sim_scientific-american_1895-01-12_72_2	https://archive.org/download/sim_scientific-american_1895-01-12_72_2/sim_scientific-american_1895-01-12_72_2_djvu.txt	?	-
sim_scientific-american_1895-01-19_72_3	https://archive.org/download/sim_scientific-american_1895-01-19_72_3/sim_scientific-american_1895-01-19_72_3_djvu.txt	?	-
sim_scientific-american_1895-01-26_72_4	https://archive.org/download/sim_scientific-american_1895-01-26_72_4/sim_scientific-american_1895-01-26_72_4_djvu.txt	?	-
sim_scientific-american_1895-02-02_72_5	https://archive.org/download/sim_scientific-american_1895-02-02_72_5/sim_scientific-american_1895-02-02_72_5_djvu.txt	?	-
sim_scientific-american_1895-02-09_72_6	https://archive.org/download/sim_scientific-american_1895-02-09_72_6/sim_scientific-american_1895-02-09_72_6_djvu.txt	?	-
sim_scientific-american_1895-02-16_72_7	https://archive.org/download/sim_scientific-american_1895-02-16_72_7/sim_scientific-american_1895-02-16_72_7_djvu.txt	?	-
sim_scientific-american_1895-02-23_72_8	https://archive.org/download/sim_scientific-american_1895-02-23_72_8/sim_scientific-american_1895-02-23_72_8_djvu.txt	?	-
sim_scientific-american_1895-03-02_72_9	https://archive.org/download/sim_scientific-american_1895-03-02_72_9/sim_scientific-american_1895-03-02_72_9_djvu.txt	?	-
sim_scientific-american_1895-03-09_72_10	https://archive.org/download/sim_scientific-american_1895-03-09_72_10/sim_scientific-american_1895-03-09_72_10_djvu.txt	?	-
sim_scientific-american_1895-03-16_72_11	https://archive.org/download/sim_scientific-american_1895-03-16_72_11/sim_scientific-american_1895-03-16_72_11_djvu.txt	?	-
sim_scientific-american_1895-03-23_72_12	https://archive.org/download/sim_scientific-american_1895-03-23_72_12/sim_scientific-american_1895-03-23_72_12_djvu.txt	?	-
sim_scientific-american_1895-03-30_72_13	https://archive.org/download/sim_scientific-american_1895-03-30_72_13/sim_scientific-american_1895-03-30_72_13_djvu.txt	?	-
sim_scientific-american_1895-04-06_72_14	https://archive.org/download/sim_scientific-american_1895-04-06_72_14/sim_scientific-american_1895-04-06_72_14_djvu.txt	?	-
sim_scientific-american_1895-04-13_72_15	https://archive.org/download/sim_scientific-american_1895-04-13_72_15/sim_scientific-american_1895-04-13_72_15_djvu.txt	?	-
sim_scientific-american_1895-04-20_72_16	https://archive.org/download/sim_scientific-american_1895-04-20_72_16/sim_scientific-american_1895-04-20_72_16_djvu.txt	?	-
sim_scientific-american_1895-04-27_72_17	https://archive.org/download/sim_scientific-american_1895-04-27_72_17/sim_scientific-american_1895-04-27_72_17_djvu.txt	?	-
sim_scientific-american_1895-05-04_72_18	https://archive.org/download/sim_scientific-american_1895-05-04_72_18/sim_scientific-american_1895-05-04_72_18_djvu.txt	?	-
sim_scientific-american_1895-05-11_72_19	https://archive.org/download/sim_scientific-american_1895-05-11_72_19/sim_scientific-american_1895-05-11_72_19_djvu.txt	?	-
sim_scientific-american_1895-05-18_72_20	https://archive.org/download/sim_scientific-american_1895-05-18_72_20/sim_scientific-american_1895-05-18_72_20_djvu.txt	?	-
sim_scientific-american_1895-05-25_72_21	https://archive.org/download/sim_scientific-american_1895-05-25_72_21/sim_scientific-american_1895-05-25_72_21_djvu.txt	?	-
sim_scientific-american_1895-06-01_72_22	https://archive.org/download/sim_scientific-american_1895-06-01_72_22/sim_scientific-american_1895-06-01_72_22_djvu.txt	?	-
sim_scientific-american_1895-06-08_72_23	https://archive.org/download/sim_scientific-american_1895-06-08_72_23/sim_scientific-american_1895-06-08_72_23_djvu.txt	?	-
sim_scientific-american_1895-06-15_72_24	https://archive.org/download/sim_scientific-american_1895-06-15_72_24/sim_scientific-american_1895-06-15_72_24_djvu.txt	?	-
sim_scientific-american_1895-06-22_72_25	https://archive.org/download/sim_scientific-american_1895-06-22_72_25/sim_scientific-american_1895-06-22_72_25_djvu.txt	?	-
sim_scientific-american_1895-06-29_72_26	https://archive.org/download/sim_scientific-american_1895-06-29_72_26/sim_scientific-american_1895-06-29_72_26_djvu.txt	?	-
sim_scientific-american_1895-07-06_73_1	https://archive.org/download/sim_scientific-american_1895-07-06_73_1/sim_scientific-american_1895-07-06_73_1_djvu.txt	?	-
sim_scientific-american_1895-07-13_73_2	https://archive.org/download/sim_scientific-american_1895-07-13_73_2/sim_scientific-american_1895-07-13_73_2_djvu.txt	?	-
sim_scientific-american_1895-07-20_73_3	https://archive.org/download/sim_scientific-american_1895-07-20_73_3/sim_scientific-american_1895-07-20_73_3_djvu.txt	?	-
sim_scientific-american_1895-07-27_73_4	https://archive.org/download/sim_scientific-american_1895-07-27_73_4/sim_scientific-american_1895-07-27_73_4_djvu.txt	?	-
sim_scientific-american_1895-08-03_73_5	https://archive.org/download/sim_scientific-american_1895-08-03_73_5/sim_scientific-american_1895-08-03_73_5_djvu.txt	?	-
sim_scientific-american_1895-08-10_73_6	https://archive.org/download/sim_scientific-american_1895-08-10_73_6/sim_scientific-american_1895-08-10_73_6_djvu.txt	?	-
sim_scientific-american_1895-08-17_73_7	https://archive.org/download/sim_scientific-american_1895-08-17_73_7/sim_scientific-american_1895-08-17_73_7_djvu.txt	?	-
sim_scientific-american_1895-08-24_73_8	https://archive.org/download/sim_scientific-american_1895-08-24_73_8/sim_scientific-american_1895-08-24_73_8_djvu.txt	?	-
sim_scientific-american_1895-08-31_73_9	https://archive.org/download/sim_scientific-american_1895-08-31_73_9/sim_scientific-american_1895-08-31_73_9_djvu.txt	?	-
sim_scientific-american_1895-09-07_73_10	https://archive.org/download/sim_scientific-american_1895-09-07_73_10/sim_scientific-american_1895-09-07_73_10_djvu.txt	?	-
sim_scientific-american_1895-09-14_73_11	https://archive.org/download/sim_scientific-american_1895-09-14_73_11/sim_scientific-american_1895-09-14_73_11_djvu.txt	?	-
sim_scientific-american_1895-09-21_73_12	https://archive.org/download/sim_scientific-american_1895-09-21_73_12/sim_scientific-american_1895-09-21_73_12_djvu.txt	?	-
sim_scientific-american_1895-09-28_73_13	https://archive.org/download/sim_scientific-american_1895-09-28_73_13/sim_scientific-american_1895-09-28_73_13_djvu.txt	?	-
sim_scientific-american_1895-10-05_73_14	https://archive.org/download/sim_scientific-american_1895-10-05_73_14/sim_scientific-american_1895-10-05_73_14_djvu.txt	?	-
sim_scientific-american_1895-10-12_73_15	https://archive.org/download/sim_scientific-american_1895-10-12_73_15/sim_scientific-american_1895-10-12_73_15_djvu.txt	?	-
sim_scientific-american_1895-10-19_73_16	https://archive.org/download/sim_scientific-american_1895-10-19_73_16/sim_scientific-american_1895-10-19_73_16_djvu.txt	?	-
sim_scientific-american_1895-10-26_73_17	https://archive.org/download/sim_scientific-american_1895-10-26_73_17/sim_scientific-american_1895-10-26_73_17_djvu.txt	?	-
sim_scientific-american_1895-11-02_73_18	https://archive.org/download/sim_scientific-american_1895-11-02_73_18/sim_scientific-american_1895-11-02_73_18_djvu.txt	?	-
sim_scientific-american_1895-11-09_73_19	https://archive.org/download/sim_scientific-american_1895-11-09_73_19/sim_scientific-american_1895-11-09_73_19_djvu.txt	?	-
sim_scientific-american_1895-11-16_73_20	https://archive.org/download/sim_scientific-american_1895-11-16_73_20/sim_scientific-american_1895-11-16_73_20_djvu.txt	?	-
sim_scientific-american_1895-11-23_73_21	https://archive.org/download/sim_scientific-american_1895-11-23_73_21/sim_scientific-american_1895-11-23_73_21_djvu.txt	?	-
sim_scientific-american_1895-11-30_73_22	https://archive.org/download/sim_scientific-american_1895-11-30_73_22/sim_scientific-american_1895-11-30_73_22_djvu.txt	?	-
sim_scientific-american_1895-12-07_73_23	https://archive.org/download/sim_scientific-american_1895-12-07_73_23/sim_scientific-american_1895-12-07_73_23_djvu.txt	?	-
sim_scientific-american_1895-12-14_73_24	https://archive.org/download/sim_scientific-american_1895-12-14_73_24/sim_scientific-american_1895-12-14_73_24_djvu.txt	?	-
sim_scientific-american_1895-12-21_73_25	https://archive.org/download/sim_scientific-american_1895-12-21_73_25/sim_scientific-american_1895-12-21_73_25_djvu.txt	?	-
sim_scientific-american_1895-12-28_73_26	https://archive.org/download/sim_scientific-american_1895-12-28_73_26/sim_scientific-american_1895-12-28_73_26_djvu.txt	?	-
sim_scientific-american_1895_72_index	https://archive.org/download/sim_scientific-american_1895_72_index/sim_scientific-american_1895_72_index_djvu.txt	?	-
sim_scientific-american_1895_73_index	https://archive.org/download/sim_scientific-american_1895_73_index/sim_scientific-american_1895_73_index_djvu.txt	?	-
sim_scientific-american_1896-01-04_74_1	https://archive.org/download/sim_scientific-american_1896-01-04_74_1/sim_scientific-american_1896-01-04_74_1_djvu.txt	?	-
sim_scientific-american_1896-01-11_74_2	https://archive.org/download/sim_scientific-american_1896-01-11_74_2/sim_scientific-american_1896-01-11_74_2_djvu.txt	?	-
sim_scientific-american_1896-01-18_74_3	https://archive.org/download/sim_scientific-american_1896-01-18_74_3/sim_scientific-american_1896-01-18_74_3_djvu.txt	?	-
sim_scientific-american_1896-01-25_74_4	https://archive.org/download/sim_scientific-american_1896-01-25_74_4/sim_scientific-american_1896-01-25_74_4_djvu.txt	?	-
sim_scientific-american_1896-02-01_74_5	https://archive.org/download/sim_scientific-american_1896-02-01_74_5/sim_scientific-american_1896-02-01_74_5_djvu.txt	?	-
sim_scientific-american_1896-02-08_74_6	https://archive.org/download/sim_scientific-american_1896-02-08_74_6/sim_scientific-american_1896-02-08_74_6_djvu.txt	?	-
sim_scientific-american_1896-02-15_74_7	https://archive.org/download/sim_scientific-american_1896-02-15_74_7/sim_scientific-american_1896-02-15_74_7_djvu.txt	?	-
sim_scientific-american_1896-02-22_74_8	https://archive.org/download/sim_scientific-american_1896-02-22_74_8/sim_scientific-american_1896-02-22_74_8_djvu.txt	?	-
sim_scientific-american_1896-02-29_74_9	https://archive.org/download/sim_scientific-american_1896-02-29_74_9/sim_scientific-american_1896-02-29_74_9_djvu.txt	?	-
sim_scientific-american_1896-03-07_74_10	https://archive.org/download/sim_scientific-american_1896-03-07_74_10/sim_scientific-american_1896-03-07_74_10_djvu.txt	?	-
sim_scientific-american_1896-03-14_74_11	https://archive.org/download/sim_scientific-american_1896-03-14_74_11/sim_scientific-american_1896-03-14_74_11_djvu.txt	?	-
sim_scientific-american_1896-03-21_74_12	https://archive.org/download/sim_scientific-american_1896-03-21_74_12/sim_scientific-american_1896-03-21_74_12_djvu.txt	?	-
sim_scientific-american_1896-03-28_74_13	https://archive.org/download/sim_scientific-american_1896-03-28_74_13/sim_scientific-american_1896-03-28_74_13_djvu.txt	?	-
sim_scientific-american_1896-04-04_74_14	https://archive.org/download/sim_scientific-american_1896-04-04_74_14/sim_scientific-american_1896-04-04_74_14_djvu.txt	?	-
sim_scientific-american_1896-04-11_74_15	https://archive.org/download/sim_scientific-american_1896-04-11_74_15/sim_scientific-american_1896-04-11_74_15_djvu.txt	?	-
sim_scientific-american_1896-04-18_74_16	https://archive.org/download/sim_scientific-american_1896-04-18_74_16/sim_scientific-american_1896-04-18_74_16_djvu.txt	?	-
sim_scientific-american_1896-04-25_74_17	https://archive.org/download/sim_scientific-american_1896-04-25_74_17/sim_scientific-american_1896-04-25_74_17_djvu.txt	?	-
sim_scientific-american_1896-05-02_74_18	https://archive.org/download/sim_scientific-american_1896-05-02_74_18/sim_scientific-american_1896-05-02_74_18_djvu.txt	?	-
sim_scientific-american_1896-05-09_74_19	https://archive.org/download/sim_scientific-american_1896-05-09_74_19/sim_scientific-american_1896-05-09_74_19_djvu.txt	?	-
sim_scientific-american_1896-05-16_74_20	https://archive.org/download/sim_scientific-american_1896-05-16_74_20/sim_scientific-american_1896-05-16_74_20_djvu.txt	?	-
sim_scientific-american_1896-05-23_74_21	https://archive.org/download/sim_scientific-american_1896-05-23_74_21/sim_scientific-american_1896-05-23_74_21_djvu.txt	?	-
sim_scientific-american_1896-05-30_74_22	https://archive.org/download/sim_scientific-american_1896-05-30_74_22/sim_scientific-american_1896-05-30_74_22_djvu.txt	?	-
sim_scientific-american_1896-06-06_74_23	https://archive.org/download/sim_scientific-american_1896-06-06_74_23/sim_scientific-american_1896-06-06_74_23_djvu.txt	?	-
sim_scientific-american_1896-06-13_74_24	https://archive.org/download/sim_scientific-american_1896-06-13_74_24/sim_scientific-american_1896-06-13_74_24_djvu.txt	?	-
sim_scientific-american_1896-06-20_74_25	https://archive.org/download/sim_scientific-american_1896-06-20_74_25/sim_scientific-american_1896-06-20_74_25_djvu.txt	?	-
sim_scientific-american_1896-06-27_74_26	https://archive.org/download/sim_scientific-american_1896-06-27_74_26/sim_scientific-american_1896-06-27_74_26_djvu.txt	?	-
sim_scientific-american_1896-07-04_75_1	https://archive.org/download/sim_scientific-american_1896-07-04_75_1/sim_scientific-american_1896-07-04_75_1_djvu.txt	?	-
sim_scientific-american_1896-07-11_75_2	https://archive.org/download/sim_scientific-american_1896-07-11_75_2/sim_scientific-american_1896-07-11_75_2_djvu.txt	?	-
sim_scientific-american_1896-07-18_75_3	https://archive.org/download/sim_scientific-american_1896-07-18_75_3/sim_scientific-american_1896-07-18_75_3_djvu.txt	?	-
sim_scientific-american_1896-07-25_75_4	https://archive.org/download/sim_scientific-american_1896-07-25_75_4/sim_scientific-american_1896-07-25_75_4_djvu.txt	?	-
sim_scientific-american_1896-08-01_75_5	https://archive.org/download/sim_scientific-american_1896-08-01_75_5/sim_scientific-american_1896-08-01_75_5_djvu.txt	?	-
sim_scientific-american_1896-08-08_75_6	https://archive.org/download/sim_scientific-american_1896-08-08_75_6/sim_scientific-american_1896-08-08_75_6_djvu.txt	?	-
sim_scientific-american_1896-08-15_75_7	https://archive.org/download/sim_scientific-american_1896-08-15_75_7/sim_scientific-american_1896-08-15_75_7_djvu.txt	?	-
sim_scientific-american_1896-08-22_75_8	https://archive.org/download/sim_scientific-american_1896-08-22_75_8/sim_scientific-american_1896-08-22_75_8_djvu.txt	?	-
sim_scientific-american_1896-08-29_75_9	https://archive.org/download/sim_scientific-american_1896-08-29_75_9/sim_scientific-american_1896-08-29_75_9_djvu.txt	?	-
sim_scientific-american_1896-09-05_75_10	https://archive.org/download/sim_scientific-american_1896-09-05_75_10/sim_scientific-american_1896-09-05_75_10_djvu.txt	?	-
sim_scientific-american_1896-09-12_75_11	https://archive.org/download/sim_scientific-american_1896-09-12_75_11/sim_scientific-american_1896-09-12_75_11_djvu.txt	?	-
sim_scientific-american_1896-09-19_75_12	https://archive.org/download/sim_scientific-american_1896-09-19_75_12/sim_scientific-american_1896-09-19_75_12_djvu.txt	?	-
sim_scientific-american_1896-09-26_75_13	https://archive.org/download/sim_scientific-american_1896-09-26_75_13/sim_scientific-american_1896-09-26_75_13_djvu.txt	?	-
sim_scientific-american_1896-10-03_75_14	https://archive.org/download/sim_scientific-american_1896-10-03_75_14/sim_scientific-american_1896-10-03_75_14_djvu.txt	?	-
sim_scientific-american_1896-10-10_75_15	https://archive.org/download/sim_scientific-american_1896-10-10_75_15/sim_scientific-american_1896-10-10_75_15_djvu.txt	?	-
sim_scientific-american_1896-10-17_75_16	https://archive.org/download/sim_scientific-american_1896-10-17_75_16/sim_scientific-american_1896-10-17_75_16_djvu.txt	?	-
sim_scientific-american_1896-10-24_75_17	https://archive.org/download/sim_scientific-american_1896-10-24_75_17/sim_scientific-american_1896-10-24_75_17_djvu.txt	?	-
sim_scientific-american_1896-10-31_75_18	https://archive.org/download/sim_scientific-american_1896-10-31_75_18/sim_scientific-american_1896-10-31_75_18_djvu.txt	?	-
sim_scientific-american_1896-11-07_75_19	https://archive.org/download/sim_scientific-american_1896-11-07_75_19/sim_scientific-american_1896-11-07_75_19_djvu.txt	?	-
sim_scientific-american_1896-11-14_75_20	https://archive.org/download/sim_scientific-american_1896-11-14_75_20/sim_scientific-american_1896-11-14_75_20_djvu.txt	?	-
sim_scientific-american_1896-11-21_75_21	https://archive.org/download/sim_scientific-american_1896-11-21_75_21/sim_scientific-american_1896-11-21_75_21_djvu.txt	?	-
sim_scientific-american_1896-11-28_75_22	https://archive.org/download/sim_scientific-american_1896-11-28_75_22/sim_scientific-american_1896-11-28_75_22_djvu.txt	?	-
sim_scientific-american_1896-12-05_75_23	https://archive.org/download/sim_scientific-american_1896-12-05_75_23/sim_scientific-american_1896-12-05_75_23_djvu.txt	?	-
sim_scientific-american_1896-12-12_75_24	https://archive.org/download/sim_scientific-american_1896-12-12_75_24/sim_scientific-american_1896-12-12_75_24_djvu.txt	?	-
sim_scientific-american_1896-12-19_75_25	https://archive.org/download/sim_scientific-american_1896-12-19_75_25/sim_scientific-american_1896-12-19_75_25_djvu.txt	?	-
sim_scientific-american_1896-12-26_75_26	https://archive.org/download/sim_scientific-american_1896-12-26_75_26/sim_scientific-american_1896-12-26_75_26_djvu.txt	?	-
sim_scientific-american_1896_74_index	https://archive.org/download/sim_scientific-american_1896_74_index/sim_scientific-american_1896_74_index_djvu.txt	?	-
sim_scientific-american_1896_75_index	https://archive.org/download/sim_scientific-american_1896_75_index/sim_scientific-american_1896_75_index_djvu.txt	?	-
sim_scientific-american_1897-01-02_76_1	https://archive.org/download/sim_scientific-american_1897-01-02_76_1/sim_scientific-american_1897-01-02_76_1_djvu.txt	?	-
sim_scientific-american_1897-01-09_76_2	https://archive.org/download/sim_scientific-american_1897-01-09_76_2/sim_scientific-american_1897-01-09_76_2_djvu.txt	?	-
sim_scientific-american_1897-01-16_76_3	https://archive.org/download/sim_scientific-american_1897-01-16_76_3/sim_scientific-american_1897-01-16_76_3_djvu.txt	?	-
sim_scientific-american_1897-01-23_76_4	https://archive.org/download/sim_scientific-american_1897-01-23_76_4/sim_scientific-american_1897-01-23_76_4_djvu.txt	?	-
sim_scientific-american_1897-01-30_76_5	https://archive.org/download/sim_scientific-american_1897-01-30_76_5/sim_scientific-american_1897-01-30_76_5_djvu.txt	?	-
sim_scientific-american_1897-02-06_76_6	https://archive.org/download/sim_scientific-american_1897-02-06_76_6/sim_scientific-american_1897-02-06_76_6_djvu.txt	?	-
sim_scientific-american_1897-02-13_76_7	https://archive.org/download/sim_scientific-american_1897-02-13_76_7/sim_scientific-american_1897-02-13_76_7_djvu.txt	?	-
sim_scientific-american_1897-02-20_76_8	https://archive.org/download/sim_scientific-american_1897-02-20_76_8/sim_scientific-american_1897-02-20_76_8_djvu.txt	?	-
sim_scientific-american_1897-02-27_76_9	https://archive.org/download/sim_scientific-american_1897-02-27_76_9/sim_scientific-american_1897-02-27_76_9_djvu.txt	?	-
sim_scientific-american_1897-03-06_76_10	https://archive.org/download/sim_scientific-american_1897-03-06_76_10/sim_scientific-american_1897-03-06_76_10_djvu.txt	?	-
sim_scientific-american_1897-03-13_76_11	https://archive.org/download/sim_scientific-american_1897-03-13_76_11/sim_scientific-american_1897-03-13_76_11_djvu.txt	?	-
sim_scientific-american_1897-03-20_76_12	https://archive.org/download/sim_scientific-american_1897-03-20_76_12/sim_scientific-american_1897-03-20_76_12_djvu.txt	?	-
sim_scientific-american_1897-03-27_76_13	https://archive.org/download/sim_scientific-american_1897-03-27_76_13/sim_scientific-american_1897-03-27_76_13_djvu.txt	?	-
sim_scientific-american_1897-04-03_76_14	https://archive.org/download/sim_scientific-american_1897-04-03_76_14/sim_scientific-american_1897-04-03_76_14_djvu.txt	?	-
sim_scientific-american_1897-04-10_76_15	https://archive.org/download/sim_scientific-american_1897-04-10_76_15/sim_scientific-american_1897-04-10_76_15_djvu.txt	?	-
sim_scientific-american_1897-04-17_76_16	https://archive.org/download/sim_scientific-american_1897-04-17_76_16/sim_scientific-american_1897-04-17_76_16_djvu.txt	?	-
sim_scientific-american_1897-04-24_76_17	https://archive.org/download/sim_scientific-american_1897-04-24_76_17/sim_scientific-american_1897-04-24_76_17_djvu.txt	?	-
sim_scientific-american_1897-05-01_76_18	https://archive.org/download/sim_scientific-american_1897-05-01_76_18/sim_scientific-american_1897-05-01_76_18_djvu.txt	?	-
sim_scientific-american_1897-05-08_76_19	https://archive.org/download/sim_scientific-american_1897-05-08_76_19/sim_scientific-american_1897-05-08_76_19_djvu.txt	?	-
sim_scientific-american_1897-05-15_76_20	https://archive.org/download/sim_scientific-american_1897-05-15_76_20/sim_scientific-american_1897-05-15_76_20_djvu.txt	?	-
sim_scientific-american_1897-05-22_76_21	https://archive.org/download/sim_scientific-american_1897-05-22_76_21/sim_scientific-american_1897-05-22_76_21_djvu.txt	?	-
sim_scientific-american_1897-05-29_76_22	https://archive.org/download/sim_scientific-american_1897-05-29_76_22/sim_scientific-american_1897-05-29_76_22_djvu.txt	?	-
sim_scientific-american_1897-06-05_76_23	https://archive.org/download/sim_scientific-american_1897-06-05_76_23/sim_scientific-american_1897-06-05_76_23_djvu.txt	?	-
sim_scientific-american_1897-06-12_76_24	https://archive.org/download/sim_scientific-american_1897-06-12_76_24/sim_scientific-american_1897-06-12_76_24_djvu.txt	?	-
sim_scientific-american_1897-06-19_76_25	https://archive.org/download/sim_scientific-american_1897-06-19_76_25/sim_scientific-american_1897-06-19_76_25_djvu.txt	?	-
sim_scientific-american_1897-06-26_76_26	https://archive.org/download/sim_scientific-american_1897-06-26_76_26/sim_scientific-american_1897-06-26_76_26_djvu.txt	?	-
sim_scientific-american_1897-07-03_77_1	https://archive.org/download/sim_scientific-american_1897-07-03_77_1/sim_scientific-american_1897-07-03_77_1_djvu.txt	?	-
sim_scientific-american_1897-07-10_77_2	https://archive.org/download/sim_scientific-american_1897-07-10_77_2/sim_scientific-american_1897-07-10_77_2_djvu.txt	?	-
sim_scientific-american_1897-07-17_77_3	https://archive.org/download/sim_scientific-american_1897-07-17_77_3/sim_scientific-american_1897-07-17_77_3_djvu.txt	?	-
sim_scientific-american_1897-07-24_77_4	https://archive.org/download/sim_scientific-american_1897-07-24_77_4/sim_scientific-american_1897-07-24_77_4_djvu.txt	?	-
sim_scientific-american_1897-07-31_77_5	https://archive.org/download/sim_scientific-american_1897-07-31_77_5/sim_scientific-american_1897-07-31_77_5_djvu.txt	?	-
sim_scientific-american_1897-08-07_77_6	https://archive.org/download/sim_scientific-american_1897-08-07_77_6/sim_scientific-american_1897-08-07_77_6_djvu.txt	?	-
sim_scientific-american_1897-08-14_77_7	https://archive.org/download/sim_scientific-american_1897-08-14_77_7/sim_scientific-american_1897-08-14_77_7_djvu.txt	?	-
sim_scientific-american_1897-08-21_77_8	https://archive.org/download/sim_scientific-american_1897-08-21_77_8/sim_scientific-american_1897-08-21_77_8_djvu.txt	?	-
sim_scientific-american_1897-08-28_77_9	https://archive.org/download/sim_scientific-american_1897-08-28_77_9/sim_scientific-american_1897-08-28_77_9_djvu.txt	?	-
sim_scientific-american_1897-09-04_77_10	https://archive.org/download/sim_scientific-american_1897-09-04_77_10/sim_scientific-american_1897-09-04_77_10_djvu.txt	?	-
sim_scientific-american_1897-09-11_77_11	https://archive.org/download/sim_scientific-american_1897-09-11_77_11/sim_scientific-american_1897-09-11_77_11_djvu.txt	?	-
sim_scientific-american_1897-09-18_77_12	https://archive.org/download/sim_scientific-american_1897-09-18_77_12/sim_scientific-american_1897-09-18_77_12_djvu.txt	?	-
sim_scientific-american_1897-09-25_77_13	https://archive.org/download/sim_scientific-american_1897-09-25_77_13/sim_scientific-american_1897-09-25_77_13_djvu.txt	?	-
sim_scientific-american_1897-10-02_77_14	https://archive.org/download/sim_scientific-american_1897-10-02_77_14/sim_scientific-american_1897-10-02_77_14_djvu.txt	?	-
sim_scientific-american_1897-10-09_77_15	https://archive.org/download/sim_scientific-american_1897-10-09_77_15/sim_scientific-american_1897-10-09_77_15_djvu.txt	?	-
sim_scientific-american_1897-10-16_77_16	https://archive.org/download/sim_scientific-american_1897-10-16_77_16/sim_scientific-american_1897-10-16_77_16_djvu.txt	?	-
sim_scientific-american_1897-10-23_77_17	https://archive.org/download/sim_scientific-american_1897-10-23_77_17/sim_scientific-american_1897-10-23_77_17_djvu.txt	?	-
sim_scientific-american_1897-10-30_77_18	https://archive.org/download/sim_scientific-american_1897-10-30_77_18/sim_scientific-american_1897-10-30_77_18_djvu.txt	?	-
sim_scientific-american_1897-11-06_77_19	https://archive.org/download/sim_scientific-american_1897-11-06_77_19/sim_scientific-american_1897-11-06_77_19_djvu.txt	?	-
sim_scientific-american_1897-11-13_77_20	https://archive.org/download/sim_scientific-american_1897-11-13_77_20/sim_scientific-american_1897-11-13_77_20_djvu.txt	?	-
sim_scientific-american_1897-11-20_77_21	https://archive.org/download/sim_scientific-american_1897-11-20_77_21/sim_scientific-american_1897-11-20_77_21_djvu.txt	?	-
sim_scientific-american_1897-11-27_77_22	https://archive.org/download/sim_scientific-american_1897-11-27_77_22/sim_scientific-american_1897-11-27_77_22_djvu.txt	?	-
sim_scientific-american_1897-12-04_77_23	https://archive.org/download/sim_scientific-american_1897-12-04_77_23/sim_scientific-american_1897-12-04_77_23_djvu.txt	?	-
sim_scientific-american_1897-12-11_77_24	https://archive.org/download/sim_scientific-american_1897-12-11_77_24/sim_scientific-american_1897-12-11_77_24_djvu.txt	?	-
sim_scientific-american_1897-12-18_77_25	https://archive.org/download/sim_scientific-american_1897-12-18_77_25/sim_scientific-american_1897-12-18_77_25_djvu.txt	?	-
sim_scientific-american_1897-12-25_77_26	https://archive.org/download/sim_scientific-american_1897-12-25_77_26/sim_scientific-american_1897-12-25_77_26_djvu.txt	?	-
sim_scientific-american_1897_76_index	https://archive.org/download/sim_scientific-american_1897_76_index/sim_scientific-american_1897_76_index_djvu.txt	?	-
sim_scientific-american_1897_77_index	https://archive.org/download/sim_scientific-american_1897_77_index/sim_scientific-american_1897_77_index_djvu.txt	?	-
sim_scientific-american_1898-01-01_78_1	https://archive.org/download/sim_scientific-american_1898-01-01_78_1/sim_scientific-american_1898-01-01_78_1_djvu.txt	?	-
sim_scientific-american_1898-01-08_78_2	https://archive.org/download/sim_scientific-american_1898-01-08_78_2/sim_scientific-american_1898-01-08_78_2_djvu.txt	?	-
sim_scientific-american_1898-01-15_78_3	https://archive.org/download/sim_scientific-american_1898-01-15_78_3/sim_scientific-american_1898-01-15_78_3_djvu.txt	?	-
sim_scientific-american_1898-01-22_78_4	https://archive.org/download/sim_scientific-american_1898-01-22_78_4/sim_scientific-american_1898-01-22_78_4_djvu.txt	?	-
sim_scientific-american_1898-01-29_78_5	https://archive.org/download/sim_scientific-american_1898-01-29_78_5/sim_scientific-american_1898-01-29_78_5_djvu.txt	?	-
sim_scientific-american_1898-02-05_78_6	https://archive.org/download/sim_scientific-american_1898-02-05_78_6/sim_scientific-american_1898-02-05_78_6_djvu.txt	?	-
sim_scientific-american_1898-02-12_78_7	https://archive.org/download/sim_scientific-american_1898-02-12_78_7/sim_scientific-american_1898-02-12_78_7_djvu.txt	?	-
sim_scientific-american_1898-02-19_78_8	https://archive.org/download/sim_scientific-american_1898-02-19_78_8/sim_scientific-american_1898-02-19_78_8_djvu.txt	?	-
sim_scientific-american_1898-02-26_78_9	https://archive.org/download/sim_scientific-american_1898-02-26_78_9/sim_scientific-american_1898-02-26_78_9_djvu.txt	?	-
sim_scientific-american_1898-03-05_78_10	https://archive.org/download/sim_scientific-american_1898-03-05_78_10/sim_scientific-american_1898-03-05_78_10_djvu.txt	?	-
sim_scientific-american_1898-03-12_78_11	https://archive.org/download/sim_scientific-american_1898-03-12_78_11/sim_scientific-american_1898-03-12_78_11_djvu.txt	?	-
sim_scientific-american_1898-03-19_78_12	https://archive.org/download/sim_scientific-american_1898-03-19_78_12/sim_scientific-american_1898-03-19_78_12_djvu.txt	?	-
sim_scientific-american_1898-03-26_78_13	https://archive.org/download/sim_scientific-american_1898-03-26_78_13/sim_scientific-american_1898-03-26_78_13_djvu.txt	?	-
sim_scientific-american_1898-04-02_78_14	https://archive.org/download/sim_scientific-american_1898-04-02_78_14/sim_scientific-american_1898-04-02_78_14_djvu.txt	?	-
sim_scientific-american_1898-04-09_78_15	https://archive.org/download/sim_scientific-american_1898-04-09_78_15/sim_scientific-american_1898-04-09_78_15_djvu.txt	?	-
sim_scientific-american_1898-04-16_78_16	https://archive.org/download/sim_scientific-american_1898-04-16_78_16/sim_scientific-american_1898-04-16_78_16_djvu.txt	?	-
sim_scientific-american_1898-04-23_78_17	https://archive.org/download/sim_scientific-american_1898-04-23_78_17/sim_scientific-american_1898-04-23_78_17_djvu.txt	?	-
sim_scientific-american_1898-04-30_78_18	https://archive.org/download/sim_scientific-american_1898-04-30_78_18/sim_scientific-american_1898-04-30_78_18_djvu.txt	?	-
sim_scientific-american_1898-05-07_78_19	https://archive.org/download/sim_scientific-american_1898-05-07_78_19/sim_scientific-american_1898-05-07_78_19_djvu.txt	?	-
sim_scientific-american_1898-05-14_78_20	https://archive.org/download/sim_scientific-american_1898-05-14_78_20/sim_scientific-american_1898-05-14_78_20_djvu.txt	?	-
sim_scientific-american_1898-05-21_78_21	https://archive.org/download/sim_scientific-american_1898-05-21_78_21/sim_scientific-american_1898-05-21_78_21_djvu.txt	?	-
sim_scientific-american_1898-05-28_78_22	https://archive.org/download/sim_scientific-american_1898-05-28_78_22/sim_scientific-american_1898-05-28_78_22_djvu.txt	?	-
sim_scientific-american_1898-06-04_78_23	https://archive.org/download/sim_scientific-american_1898-06-04_78_23/sim_scientific-american_1898-06-04_78_23_djvu.txt	?	-
sim_scientific-american_1898-06-11_78_24	https://archive.org/download/sim_scientific-american_1898-06-11_78_24/sim_scientific-american_1898-06-11_78_24_djvu.txt	?	-
sim_scientific-american_1898-06-18_78_25	https://archive.org/download/sim_scientific-american_1898-06-18_78_25/sim_scientific-american_1898-06-18_78_25_djvu.txt	?	-
sim_scientific-american_1898-06-25_78_26	https://archive.org/download/sim_scientific-american_1898-06-25_78_26/sim_scientific-american_1898-06-25_78_26_djvu.txt	?	-
sim_scientific-american_1898-07-02_79_1	https://archive.org/download/sim_scientific-american_1898-07-02_79_1/sim_scientific-american_1898-07-02_79_1_djvu.txt	?	-
sim_scientific-american_1898-07-09_79_2	https://archive.org/download/sim_scientific-american_1898-07-09_79_2/sim_scientific-american_1898-07-09_79_2_djvu.txt	?	-
sim_scientific-american_1898-07-16_79_3	https://archive.org/download/sim_scientific-american_1898-07-16_79_3/sim_scientific-american_1898-07-16_79_3_djvu.txt	?	-
sim_scientific-american_1898-07-23_79_4	https://archive.org/download/sim_scientific-american_1898-07-23_79_4/sim_scientific-american_1898-07-23_79_4_djvu.txt	?	-
sim_scientific-american_1898-07-30_79_5	https://archive.org/download/sim_scientific-american_1898-07-30_79_5/sim_scientific-american_1898-07-30_79_5_djvu.txt	?	-
sim_scientific-american_1898-08-06_79_6	https://archive.org/download/sim_scientific-american_1898-08-06_79_6/sim_scientific-american_1898-08-06_79_6_djvu.txt	?	-
sim_scientific-american_1898-08-13_79_7	https://archive.org/download/sim_scientific-american_1898-08-13_79_7/sim_scientific-american_1898-08-13_79_7_djvu.txt	?	-
sim_scientific-american_1898-08-20_79_8	https://archive.org/download/sim_scientific-american_1898-08-20_79_8/sim_scientific-american_1898-08-20_79_8_djvu.txt	?	-
sim_scientific-american_1898-08-27_79_9	https://archive.org/download/sim_scientific-american_1898-08-27_79_9/sim_scientific-american_1898-08-27_79_9_djvu.txt	?	-
sim_scientific-american_1898-09-03_79_10	https://archive.org/download/sim_scientific-american_1898-09-03_79_10/sim_scientific-american_1898-09-03_79_10_djvu.txt	?	-
sim_scientific-american_1898-09-10_79_11	https://archive.org/download/sim_scientific-american_1898-09-10_79_11/sim_scientific-american_1898-09-10_79_11_djvu.txt	?	-
sim_scientific-american_1898-09-17_79_12	https://archive.org/download/sim_scientific-american_1898-09-17_79_12/sim_scientific-american_1898-09-17_79_12_djvu.txt	?	-
sim_scientific-american_1898-09-24_79_13	https://archive.org/download/sim_scientific-american_1898-09-24_79_13/sim_scientific-american_1898-09-24_79_13_djvu.txt	?	-
sim_scientific-american_1898-10-01_79_14	https://archive.org/download/sim_scientific-american_1898-10-01_79_14/sim_scientific-american_1898-10-01_79_14_djvu.txt	?	-
sim_scientific-american_1898-10-08_79_15	https://archive.org/download/sim_scientific-american_1898-10-08_79_15/sim_scientific-american_1898-10-08_79_15_djvu.txt	?	-
sim_scientific-american_1898-10-15_79_16	https://archive.org/download/sim_scientific-american_1898-10-15_79_16/sim_scientific-american_1898-10-15_79_16_djvu.txt	?	-
sim_scientific-american_1898-10-22_79_17	https://archive.org/download/sim_scientific-american_1898-10-22_79_17/sim_scientific-american_1898-10-22_79_17_djvu.txt	?	-
sim_scientific-american_1898-10-29_79_18	https://archive.org/download/sim_scientific-american_1898-10-29_79_18/sim_scientific-american_1898-10-29_79_18_djvu.txt	?	-
sim_scientific-american_1898-11-05_79_19	https://archive.org/download/sim_scientific-american_1898-11-05_79_19/sim_scientific-american_1898-11-05_79_19_djvu.txt	?	-
sim_scientific-american_1898-11-12_79_20	https://archive.org/download/sim_scientific-american_1898-11-12_79_20/sim_scientific-american_1898-11-12_79_20_djvu.txt	?	-
sim_scientific-american_1898-11-19_79_21	https://archive.org/download/sim_scientific-american_1898-11-19_79_21/sim_scientific-american_1898-11-19_79_21_djvu.txt	?	-
sim_scientific-american_1898-11-26_79_22	https://archive.org/download/sim_scientific-american_1898-11-26_79_22/sim_scientific-american_1898-11-26_79_22_djvu.txt	?	-
sim_scientific-american_1898-12-03_79_23	https://archive.org/download/sim_scientific-american_1898-12-03_79_23/sim_scientific-american_1898-12-03_79_23_djvu.txt	?	-
sim_scientific-american_1898-12-10_79_24	https://archive.org/download/sim_scientific-american_1898-12-10_79_24/sim_scientific-american_1898-12-10_79_24_djvu.txt	?	-
sim_scientific-american_1898-12-17_79_25	https://archive.org/download/sim_scientific-american_1898-12-17_79_25/sim_scientific-american_1898-12-17_79_25_djvu.txt	?	-
sim_scientific-american_1898-12-24_79_26	https://archive.org/download/sim_scientific-american_1898-12-24_79_26/sim_scientific-american_1898-12-24_79_26_djvu.txt	?	-
sim_scientific-american_1898-12-31_79_27	https://archive.org/download/sim_scientific-american_1898-12-31_79_27/sim_scientific-american_1898-12-31_79_27_djvu.txt	?	-
sim_scientific-american_1898_78_index	https://archive.org/download/sim_scientific-american_1898_78_index/sim_scientific-american_1898_78_index_djvu.txt	?	-
sim_scientific-american_1898_79_index	https://archive.org/download/sim_scientific-american_1898_79_index/sim_scientific-american_1898_79_index_djvu.txt	?	-
sim_scientific-american_1899-01-07_80_1	https://archive.org/download/sim_scientific-american_1899-01-07_80_1/sim_scientific-american_1899-01-07_80_1_djvu.txt	?	-
sim_scientific-american_1899-01-14_80_2	https://archive.org/download/sim_scientific-american_1899-01-14_80_2/sim_scientific-american_1899-01-14_80_2_djvu.txt	?	-
sim_scientific-american_1899-01-21_80_3	https://archive.org/download/sim_scientific-american_1899-01-21_80_3/sim_scientific-american_1899-01-21_80_3_djvu.txt	?	-
sim_scientific-american_1899-01-28_80_4	https://archive.org/download/sim_scientific-american_1899-01-28_80_4/sim_scientific-american_1899-01-28_80_4_djvu.txt	?	-
sim_scientific-american_1899-02-04_80_5	https://archive.org/download/sim_scientific-american_1899-02-04_80_5/sim_scientific-american_1899-02-04_80_5_djvu.txt	?	-
sim_scientific-american_1899-02-11_80_6	https://archive.org/download/sim_scientific-american_1899-02-11_80_6/sim_scientific-american_1899-02-11_80_6_djvu.txt	?	-
sim_scientific-american_1899-02-18_80_7	https://archive.org/download/sim_scientific-american_1899-02-18_80_7/sim_scientific-american_1899-02-18_80_7_djvu.txt	?	-
sim_scientific-american_1899-02-25_80_8	https://archive.org/download/sim_scientific-american_1899-02-25_80_8/sim_scientific-american_1899-02-25_80_8_djvu.txt	?	-
sim_scientific-american_1899-03-04_80_9	https://archive.org/download/sim_scientific-american_1899-03-04_80_9/sim_scientific-american_1899-03-04_80_9_djvu.txt	?	-
sim_scientific-american_1899-03-11_80_10	https://archive.org/download/sim_scientific-american_1899-03-11_80_10/sim_scientific-american_1899-03-11_80_10_djvu.txt	?	-
sim_scientific-american_1899-03-18_80_11	https://archive.org/download/sim_scientific-american_1899-03-18_80_11/sim_scientific-american_1899-03-18_80_11_djvu.txt	?	-
sim_scientific-american_1899-03-25_80_12	https://archive.org/download/sim_scientific-american_1899-03-25_80_12/sim_scientific-american_1899-03-25_80_12_djvu.txt	?	-
sim_scientific-american_1899-04-01_80_13	https://archive.org/download/sim_scientific-american_1899-04-01_80_13/sim_scientific-american_1899-04-01_80_13_djvu.txt	?	-
sim_scientific-american_1899-04-08_80_14	https://archive.org/download/sim_scientific-american_1899-04-08_80_14/sim_scientific-american_1899-04-08_80_14_djvu.txt	?	-
sim_scientific-american_1899-04-15_80_15	https://archive.org/download/sim_scientific-american_1899-04-15_80_15/sim_scientific-american_1899-04-15_80_15_djvu.txt	?	-
sim_scientific-american_1899-04-22_80_16	https://archive.org/download/sim_scientific-american_1899-04-22_80_16/sim_scientific-american_1899-04-22_80_16_djvu.txt	?	-
sim_scientific-american_1899-04-29_80_17	https://archive.org/download/sim_scientific-american_1899-04-29_80_17/sim_scientific-american_1899-04-29_80_17_djvu.txt	?	-
sim_scientific-american_1899-05-06_80_18	https://archive.org/download/sim_scientific-american_1899-05-06_80_18/sim_scientific-american_1899-05-06_80_18_djvu.txt	?	-
sim_scientific-american_1899-05-13_80_19	https://archive.org/download/sim_scientific-american_1899-05-13_80_19/sim_scientific-american_1899-05-13_80_19_djvu.txt	?	-
sim_scientific-american_1899-05-20_80_20	https://archive.org/download/sim_scientific-american_1899-05-20_80_20/sim_scientific-american_1899-05-20_80_20_djvu.txt	?	-
sim_scientific-american_1899-05-27_80_21	https://archive.org/download/sim_scientific-american_1899-05-27_80_21/sim_scientific-american_1899-05-27_80_21_djvu.txt	?	-
sim_scientific-american_1899-06-03_80_22	https://archive.org/download/sim_scientific-american_1899-06-03_80_22/sim_scientific-american_1899-06-03_80_22_djvu.txt	?	-
sim_scientific-american_1899-06-10_80_23	https://archive.org/download/sim_scientific-american_1899-06-10_80_23/sim_scientific-american_1899-06-10_80_23_djvu.txt	?	-
sim_scientific-american_1899-06-17_80_24	https://archive.org/download/sim_scientific-american_1899-06-17_80_24/sim_scientific-american_1899-06-17_80_24_djvu.txt	?	-
sim_scientific-american_1899-06-24_80_25	https://archive.org/download/sim_scientific-american_1899-06-24_80_25/sim_scientific-american_1899-06-24_80_25_djvu.txt	?	-
sim_scientific-american_1899-07-01_81_1	https://archive.org/download/sim_scientific-american_1899-07-01_81_1/sim_scientific-american_1899-07-01_81_1_djvu.txt	?	-
sim_scientific-american_1899-07-08_81_2	https://archive.org/download/sim_scientific-american_1899-07-08_81_2/sim_scientific-american_1899-07-08_81_2_djvu.txt	?	-
sim_scientific-american_1899-07-15_81_3	https://archive.org/download/sim_scientific-american_1899-07-15_81_3/sim_scientific-american_1899-07-15_81_3_djvu.txt	?	-
sim_scientific-american_1899-07-22_81_4	https://archive.org/download/sim_scientific-american_1899-07-22_81_4/sim_scientific-american_1899-07-22_81_4_djvu.txt	?	-
sim_scientific-american_1899-07-29_81_5	https://archive.org/download/sim_scientific-american_1899-07-29_81_5/sim_scientific-american_1899-07-29_81_5_djvu.txt	?	-
sim_scientific-american_1899-08-05_81_6	https://archive.org/download/sim_scientific-american_1899-08-05_81_6/sim_scientific-american_1899-08-05_81_6_djvu.txt	?	-
sim_scientific-american_1899-08-12_81_7	https://archive.org/download/sim_scientific-american_1899-08-12_81_7/sim_scientific-american_1899-08-12_81_7_djvu.txt	?	-
sim_scientific-american_1899-08-19_81_8	https://archive.org/download/sim_scientific-american_1899-08-19_81_8/sim_scientific-american_1899-08-19_81_8_djvu.txt	?	-
sim_scientific-american_1899-08-26_81_9	https://archive.org/download/sim_scientific-american_1899-08-26_81_9/sim_scientific-american_1899-08-26_81_9_djvu.txt	?	-
sim_scientific-american_1899-09-02_81_10	https://archive.org/download/sim_scientific-american_1899-09-02_81_10/sim_scientific-american_1899-09-02_81_10_djvu.txt	?	-
sim_scientific-american_1899-09-09_81_11	https://archive.org/download/sim_scientific-american_1899-09-09_81_11/sim_scientific-american_1899-09-09_81_11_djvu.txt	?	-
sim_scientific-american_1899-09-16_81_12	https://archive.org/download/sim_scientific-american_1899-09-16_81_12/sim_scientific-american_1899-09-16_81_12_djvu.txt	?	-
sim_scientific-american_1899-09-23_81_13	https://archive.org/download/sim_scientific-american_1899-09-23_81_13/sim_scientific-american_1899-09-23_81_13_djvu.txt	?	-
sim_scientific-american_1899-09-30_81_14	https://archive.org/download/sim_scientific-american_1899-09-30_81_14/sim_scientific-american_1899-09-30_81_14_djvu.txt	?	-
sim_scientific-american_1899-10-07_81_15	https://archive.org/download/sim_scientific-american_1899-10-07_81_15/sim_scientific-american_1899-10-07_81_15_djvu.txt	?	-
sim_scientific-american_1899-10-14_81_16	https://archive.org/download/sim_scientific-american_1899-10-14_81_16/sim_scientific-american_1899-10-14_81_16_djvu.txt	?	-
sim_scientific-american_1899-10-21_81_17	https://archive.org/download/sim_scientific-american_1899-10-21_81_17/sim_scientific-american_1899-10-21_81_17_djvu.txt	?	-
sim_scientific-american_1899-10-28_81_18	https://archive.org/download/sim_scientific-american_1899-10-28_81_18/sim_scientific-american_1899-10-28_81_18_djvu.txt	?	-
sim_scientific-american_1899-11-04_81_19	https://archive.org/download/sim_scientific-american_1899-11-04_81_19/sim_scientific-american_1899-11-04_81_19_djvu.txt	?	-
sim_scientific-american_1899-11-11_81_20	https://archive.org/download/sim_scientific-american_1899-11-11_81_20/sim_scientific-american_1899-11-11_81_20_djvu.txt	?	-
sim_scientific-american_1899-11-18_81_21	https://archive.org/download/sim_scientific-american_1899-11-18_81_21/sim_scientific-american_1899-11-18_81_21_djvu.txt	?	-
sim_scientific-american_1899-11-25_81_22	https://archive.org/download/sim_scientific-american_1899-11-25_81_22/sim_scientific-american_1899-11-25_81_22_djvu.txt	?	-
sim_scientific-american_1899-12-02_81_23	https://archive.org/download/sim_scientific-american_1899-12-02_81_23/sim_scientific-american_1899-12-02_81_23_djvu.txt	?	-
sim_scientific-american_1899-12-09_81_24	https://archive.org/download/sim_scientific-american_1899-12-09_81_24/sim_scientific-american_1899-12-09_81_24_djvu.txt	?	-
sim_scientific-american_1899-12-16_81_25	https://archive.org/download/sim_scientific-american_1899-12-16_81_25/sim_scientific-american_1899-12-16_81_25_djvu.txt	?	-
sim_scientific-american_1899-12-23_81_26	https://archive.org/download/sim_scientific-american_1899-12-23_81_26/sim_scientific-american_1899-12-23_81_26_djvu.txt	?	-
sim_scientific-american_1899-12-30_81_27	https://archive.org/download/sim_scientific-american_1899-12-30_81_27/sim_scientific-american_1899-12-30_81_27_djvu.txt	?	-
sim_scientific-american_1899_80_index	https://archive.org/download/sim_scientific-american_1899_80_index/sim_scientific-american_1899_80_index_djvu.txt	?	-
sim_scientific-american_1899_81_index	https://archive.org/download/sim_scientific-american_1899_81_index/sim_scientific-american_1899_81_index_djvu.txt	?	-
sim_scientific-american_1900-01-06_82_1	https://archive.org/download/sim_scientific-american_1900-01-06_82_1/sim_scientific-american_1900-01-06_82_1_djvu.txt	?	-
sim_scientific-american_1900-01-13_82_2	https://archive.org/download/sim_scientific-american_1900-01-13_82_2/sim_scientific-american_1900-01-13_82_2_djvu.txt	?	-
sim_scientific-american_1900-01-20_82_3	https://archive.org/download/sim_scientific-american_1900-01-20_82_3/sim_scientific-american_1900-01-20_82_3_djvu.txt	?	-
sim_scientific-american_1900-01-27_82_4	https://archive.org/download/sim_scientific-american_1900-01-27_82_4/sim_scientific-american_1900-01-27_82_4_djvu.txt	?	-
sim_scientific-american_1900-02-03_82_5	https://archive.org/download/sim_scientific-american_1900-02-03_82_5/sim_scientific-american_1900-02-03_82_5_djvu.txt	?	-
sim_scientific-american_1900-02-10_82_6	https://archive.org/download/sim_scientific-american_1900-02-10_82_6/sim_scientific-american_1900-02-10_82_6_djvu.txt	?	-
sim_scientific-american_1900-02-17_82_7	https://archive.org/download/sim_scientific-american_1900-02-17_82_7/sim_scientific-american_1900-02-17_82_7_djvu.txt	?	-
sim_scientific-american_1900-02-24_82_8	https://archive.org/download/sim_scientific-american_1900-02-24_82_8/sim_scientific-american_1900-02-24_82_8_djvu.txt	?	-
sim_scientific-american_1900-03-03_82_9	https://archive.org/download/sim_scientific-american_1900-03-03_82_9/sim_scientific-american_1900-03-03_82_9_djvu.txt	?	-
sim_scientific-american_1900-03-10_82_10	https://archive.org/download/sim_scientific-american_1900-03-10_82_10/sim_scientific-american_1900-03-10_82_10_djvu.txt	?	-
sim_scientific-american_1900-03-17_82_11	https://archive.org/download/sim_scientific-american_1900-03-17_82_11/sim_scientific-american_1900-03-17_82_11_djvu.txt	?	-
sim_scientific-american_1900-03-24_82_12	https://archive.org/download/sim_scientific-american_1900-03-24_82_12/sim_scientific-american_1900-03-24_82_12_djvu.txt	?	-
sim_scientific-american_1900-03-31_82_13	https://archive.org/download/sim_scientific-american_1900-03-31_82_13/sim_scientific-american_1900-03-31_82_13_djvu.txt	?	-
sim_scientific-american_1900-04-07_82_14	https://archive.org/download/sim_scientific-american_1900-04-07_82_14/sim_scientific-american_1900-04-07_82_14_djvu.txt	?	-
sim_scientific-american_1900-04-14_82_15	https://archive.org/download/sim_scientific-american_1900-04-14_82_15/sim_scientific-american_1900-04-14_82_15_djvu.txt	?	-
sim_scientific-american_1900-04-21_82_16	https://archive.org/download/sim_scientific-american_1900-04-21_82_16/sim_scientific-american_1900-04-21_82_16_djvu.txt	?	-
sim_scientific-american_1900-04-28_82_17	https://archive.org/download/sim_scientific-american_1900-04-28_82_17/sim_scientific-american_1900-04-28_82_17_djvu.txt	?	-
sim_scientific-american_1900-05-05_82_18	https://archive.org/download/sim_scientific-american_1900-05-05_82_18/sim_scientific-american_1900-05-05_82_18_djvu.txt	?	-
sim_scientific-american_1900-05-12_82_19	https://archive.org/download/sim_scientific-american_1900-05-12_82_19/sim_scientific-american_1900-05-12_82_19_djvu.txt	?	-
sim_scientific-american_1900-05-19_82_20	https://archive.org/download/sim_scientific-american_1900-05-19_82_20/sim_scientific-american_1900-05-19_82_20_djvu.txt	?	-
sim_scientific-american_1900-05-26_82_21	https://archive.org/download/sim_scientific-american_1900-05-26_82_21/sim_scientific-american_1900-05-26_82_21_djvu.txt	?	-
sim_scientific-american_1900-06-02_82_22	https://archive.org/download/sim_scientific-american_1900-06-02_82_22/sim_scientific-american_1900-06-02_82_22_djvu.txt	?	-
sim_scientific-american_1900-06-09_82_23	https://archive.org/download/sim_scientific-american_1900-06-09_82_23/sim_scientific-american_1900-06-09_82_23_djvu.txt	?	-
sim_scientific-american_1900-06-16_82_24	https://archive.org/download/sim_scientific-american_1900-06-16_82_24/sim_scientific-american_1900-06-16_82_24_djvu.txt	?	-
sim_scientific-american_1900-06-23_82_25	https://archive.org/download/sim_scientific-american_1900-06-23_82_25/sim_scientific-american_1900-06-23_82_25_djvu.txt	?	-
sim_scientific-american_1900-06-30_82_26	https://archive.org/download/sim_scientific-american_1900-06-30_82_26/sim_scientific-american_1900-06-30_82_26_djvu.txt	?	-
sim_scientific-american_1900-07-07_83_1	https://archive.org/download/sim_scientific-american_1900-07-07_83_1/sim_scientific-american_1900-07-07_83_1_djvu.txt	?	-
sim_scientific-american_1900-07-14_83_2	https://archive.org/download/sim_scientific-american_1900-07-14_83_2/sim_scientific-american_1900-07-14_83_2_djvu.txt	?	-
sim_scientific-american_1900-07-21_83_3	https://archive.org/download/sim_scientific-american_1900-07-21_83_3/sim_scientific-american_1900-07-21_83_3_djvu.txt	?	-
sim_scientific-american_1900-07-28_83_4	https://archive.org/download/sim_scientific-american_1900-07-28_83_4/sim_scientific-american_1900-07-28_83_4_djvu.txt	?	-
sim_scientific-american_1900-08-04_83_5	https://archive.org/download/sim_scientific-american_1900-08-04_83_5/sim_scientific-american_1900-08-04_83_5_djvu.txt	?	-
sim_scientific-american_1900-08-11_83_6	https://archive.org/download/sim_scientific-american_1900-08-11_83_6/sim_scientific-american_1900-08-11_83_6_djvu.txt	?	-
sim_scientific-american_1900-08-18_83_7	https://archive.org/download/sim_scientific-american_1900-08-18_83_7/sim_scientific-american_1900-08-18_83_7_djvu.txt	?	-
sim_scientific-american_1900-08-25_83_8	https://archive.org/download/sim_scientific-american_1900-08-25_83_8/sim_scientific-american_1900-08-25_83_8_djvu.txt	?	-
sim_scientific-american_1900-09-01_83_9	https://archive.org/download/sim_scientific-american_1900-09-01_83_9/sim_scientific-american_1900-09-01_83_9_djvu.txt	?	-
sim_scientific-american_1900-09-08_83_10	https://archive.org/download/sim_scientific-american_1900-09-08_83_10/sim_scientific-american_1900-09-08_83_10_djvu.txt	?	-
sim_scientific-american_1900-09-15_83_11	https://archive.org/download/sim_scientific-american_1900-09-15_83_11/sim_scientific-american_1900-09-15_83_11_djvu.txt	?	-
sim_scientific-american_1900-09-22_83_12	https://archive.org/download/sim_scientific-american_1900-09-22_83_12/sim_scientific-american_1900-09-22_83_12_djvu.txt	?	-
sim_scientific-american_1900-09-29_83_13	https://archive.org/download/sim_scientific-american_1900-09-29_83_13/sim_scientific-american_1900-09-29_83_13_djvu.txt	?	-
sim_scientific-american_1900-10-06_83_14	https://archive.org/download/sim_scientific-american_1900-10-06_83_14/sim_scientific-american_1900-10-06_83_14_djvu.txt	?	-
sim_scientific-american_1900-10-13_83_15	https://archive.org/download/sim_scientific-american_1900-10-13_83_15/sim_scientific-american_1900-10-13_83_15_djvu.txt	?	-
sim_scientific-american_1900-10-20_83_16	https://archive.org/download/sim_scientific-american_1900-10-20_83_16/sim_scientific-american_1900-10-20_83_16_djvu.txt	?	-
sim_scientific-american_1900-10-27_83_17	https://archive.org/download/sim_scientific-american_1900-10-27_83_17/sim_scientific-american_1900-10-27_83_17_djvu.txt	?	-
sim_scientific-american_1900-11-03_83_18	https://archive.org/download/sim_scientific-american_1900-11-03_83_18/sim_scientific-american_1900-11-03_83_18_djvu.txt	?	-
sim_scientific-american_1900-11-10_83_19	https://archive.org/download/sim_scientific-american_1900-11-10_83_19/sim_scientific-american_1900-11-10_83_19_djvu.txt	?	-
sim_scientific-american_1900-11-17_83_20	https://archive.org/download/sim_scientific-american_1900-11-17_83_20/sim_scientific-american_1900-11-17_83_20_djvu.txt	?	-
sim_scientific-american_1900-11-24_83_21	https://archive.org/download/sim_scientific-american_1900-11-24_83_21/sim_scientific-american_1900-11-24_83_21_djvu.txt	?	-
sim_scientific-american_1900-12-01_83_22	https://archive.org/download/sim_scientific-american_1900-12-01_83_22/sim_scientific-american_1900-12-01_83_22_djvu.txt	?	-
sim_scientific-american_1900-12-08_83_23	https://archive.org/download/sim_scientific-american_1900-12-08_83_23/sim_scientific-american_1900-12-08_83_23_djvu.txt	?	-
sim_scientific-american_1900-12-15_83_24	https://archive.org/download/sim_scientific-american_1900-12-15_83_24/sim_scientific-american_1900-12-15_83_24_djvu.txt	?	-
sim_scientific-american_1900-12-22_83_25	https://archive.org/download/sim_scientific-american_1900-12-22_83_25/sim_scientific-american_1900-12-22_83_25_djvu.txt	?	-
sim_scientific-american_1900-12-29_83_26	https://archive.org/download/sim_scientific-american_1900-12-29_83_26/sim_scientific-american_1900-12-29_83_26_djvu.txt	?	-
sim_scientific-american_1900_82_index	https://archive.org/download/sim_scientific-american_1900_82_index/sim_scientific-american_1900_82_index_djvu.txt	?	-
sim_scientific-american_1900_83_index	https://archive.org/download/sim_scientific-american_1900_83_index/sim_scientific-american_1900_83_index_djvu.txt	?	-
sim_scientific-american_1901-01-05_84_1	https://archive.org/download/sim_scientific-american_1901-01-05_84_1/sim_scientific-american_1901-01-05_84_1_djvu.txt	?	-
sim_scientific-american_1901-01-12_84_2	https://archive.org/download/sim_scientific-american_1901-01-12_84_2/sim_scientific-american_1901-01-12_84_2_djvu.txt	?	-
sim_scientific-american_1901-01-19_84_3	https://archive.org/download/sim_scientific-american_1901-01-19_84_3/sim_scientific-american_1901-01-19_84_3_djvu.txt	?	-
sim_scientific-american_1901-01-26_84_4	https://archive.org/download/sim_scientific-american_1901-01-26_84_4/sim_scientific-american_1901-01-26_84_4_djvu.txt	?	-
sim_scientific-american_1901-02-02_84_5	https://archive.org/download/sim_scientific-american_1901-02-02_84_5/sim_scientific-american_1901-02-02_84_5_djvu.txt	?	-
sim_scientific-american_1901-02-09_84_6	https://archive.org/download/sim_scientific-american_1901-02-09_84_6/sim_scientific-american_1901-02-09_84_6_djvu.txt	?	-
sim_scientific-american_1901-02-16_84_7	https://archive.org/download/sim_scientific-american_1901-02-16_84_7/sim_scientific-american_1901-02-16_84_7_djvu.txt	?	-
sim_scientific-american_1901-02-23_84_8	https://archive.org/download/sim_scientific-american_1901-02-23_84_8/sim_scientific-american_1901-02-23_84_8_djvu.txt	?	-
sim_scientific-american_1901-03-02_84_9	https://archive.org/download/sim_scientific-american_1901-03-02_84_9/sim_scientific-american_1901-03-02_84_9_djvu.txt	?	-
sim_scientific-american_1901-03-09_84_10	https://archive.org/download/sim_scientific-american_1901-03-09_84_10/sim_scientific-american_1901-03-09_84_10_djvu.txt	?	-
sim_scientific-american_1901-03-16_84_11	https://archive.org/download/sim_scientific-american_1901-03-16_84_11/sim_scientific-american_1901-03-16_84_11_djvu.txt	?	-
sim_scientific-american_1901-03-23_84_12	https://archive.org/download/sim_scientific-american_1901-03-23_84_12/sim_scientific-american_1901-03-23_84_12_djvu.txt	?	-
sim_scientific-american_1901-03-30_84_13	https://archive.org/download/sim_scientific-american_1901-03-30_84_13/sim_scientific-american_1901-03-30_84_13_djvu.txt	?	-
sim_scientific-american_1901-04-06_84_14	https://archive.org/download/sim_scientific-american_1901-04-06_84_14/sim_scientific-american_1901-04-06_84_14_djvu.txt	?	-
sim_scientific-american_1901-04-13_84_15	https://archive.org/download/sim_scientific-american_1901-04-13_84_15/sim_scientific-american_1901-04-13_84_15_djvu.txt	?	-
sim_scientific-american_1901-04-20_84_16	https://archive.org/download/sim_scientific-american_1901-04-20_84_16/sim_scientific-american_1901-04-20_84_16_djvu.txt	?	-
sim_scientific-american_1901-04-27_84_17	https://archive.org/download/sim_scientific-american_1901-04-27_84_17/sim_scientific-american_1901-04-27_84_17_djvu.txt	?	-
sim_scientific-american_1901-05-04_84_18	https://archive.org/download/sim_scientific-american_1901-05-04_84_18/sim_scientific-american_1901-05-04_84_18_djvu.txt	?	-
sim_scientific-american_1901-05-11_84_19	https://archive.org/download/sim_scientific-american_1901-05-11_84_19/sim_scientific-american_1901-05-11_84_19_djvu.txt	?	-
sim_scientific-american_1901-05-18_84_20	https://archive.org/download/sim_scientific-american_1901-05-18_84_20/sim_scientific-american_1901-05-18_84_20_djvu.txt	?	-
sim_scientific-american_1901-05-25_84_21	https://archive.org/download/sim_scientific-american_1901-05-25_84_21/sim_scientific-american_1901-05-25_84_21_djvu.txt	?	-
sim_scientific-american_1901-06-01_84_22	https://archive.org/download/sim_scientific-american_1901-06-01_84_22/sim_scientific-american_1901-06-01_84_22_djvu.txt	?	-
sim_scientific-american_1901-06-08_84_23	https://archive.org/download/sim_scientific-american_1901-06-08_84_23/sim_scientific-american_1901-06-08_84_23_djvu.txt	?	-
sim_scientific-american_1901-06-15_84_24	https://archive.org/download/sim_scientific-american_1901-06-15_84_24/sim_scientific-american_1901-06-15_84_24_djvu.txt	?	-
sim_scientific-american_1901-06-22_84_25	https://archive.org/download/sim_scientific-american_1901-06-22_84_25/sim_scientific-american_1901-06-22_84_25_djvu.txt	?	-
sim_scientific-american_1901-06-29_84_26	https://archive.org/download/sim_scientific-american_1901-06-29_84_26/sim_scientific-american_1901-06-29_84_26_djvu.txt	?	-
sim_scientific-american_1901-07-06_85_1	https://archive.org/download/sim_scientific-american_1901-07-06_85_1/sim_scientific-american_1901-07-06_85_1_djvu.txt	?	-
sim_scientific-american_1901-07-13_85_2	https://archive.org/download/sim_scientific-american_1901-07-13_85_2/sim_scientific-american_1901-07-13_85_2_djvu.txt	?	-
sim_scientific-american_1901-07-20_85_3	https://archive.org/download/sim_scientific-american_1901-07-20_85_3/sim_scientific-american_1901-07-20_85_3_djvu.txt	?	-
sim_scientific-american_1901-07-27_85_4	https://archive.org/download/sim_scientific-american_1901-07-27_85_4/sim_scientific-american_1901-07-27_85_4_djvu.txt	?	-
sim_scientific-american_1901-08-03_85_5	https://archive.org/download/sim_scientific-american_1901-08-03_85_5/sim_scientific-american_1901-08-03_85_5_djvu.txt	?	-
sim_scientific-american_1901-08-10_85_6	https://archive.org/download/sim_scientific-american_1901-08-10_85_6/sim_scientific-american_1901-08-10_85_6_djvu.txt	?	-
sim_scientific-american_1901-08-17_85_7	https://archive.org/download/sim_scientific-american_1901-08-17_85_7/sim_scientific-american_1901-08-17_85_7_djvu.txt	?	-
sim_scientific-american_1901-08-24_85_8	https://archive.org/download/sim_scientific-american_1901-08-24_85_8/sim_scientific-american_1901-08-24_85_8_djvu.txt	?	-
sim_scientific-american_1901-08-31_85_9	https://archive.org/download/sim_scientific-american_1901-08-31_85_9/sim_scientific-american_1901-08-31_85_9_djvu.txt	?	-
sim_scientific-american_1901-09-07_85_10	https://archive.org/download/sim_scientific-american_1901-09-07_85_10/sim_scientific-american_1901-09-07_85_10_djvu.txt	?	-
sim_scientific-american_1901-09-14_85_11	https://archive.org/download/sim_scientific-american_1901-09-14_85_11/sim_scientific-american_1901-09-14_85_11_djvu.txt	?	-
sim_scientific-american_1901-09-21_85_12	https://archive.org/download/sim_scientific-american_1901-09-21_85_12/sim_scientific-american_1901-09-21_85_12_djvu.txt	?	-
sim_scientific-american_1901-09-28_85_13	https://archive.org/download/sim_scientific-american_1901-09-28_85_13/sim_scientific-american_1901-09-28_85_13_djvu.txt	?	-
sim_scientific-american_1901-10-05_85_14	https://archive.org/download/sim_scientific-american_1901-10-05_85_14/sim_scientific-american_1901-10-05_85_14_djvu.txt	?	-
sim_scientific-american_1901-10-12_85_15	https://archive.org/download/sim_scientific-american_1901-10-12_85_15/sim_scientific-american_1901-10-12_85_15_djvu.txt	?	-
sim_scientific-american_1901-10-19_85_16	https://archive.org/download/sim_scientific-american_1901-10-19_85_16/sim_scientific-american_1901-10-19_85_16_djvu.txt	?	-
sim_scientific-american_1901-10-26_85_17	https://archive.org/download/sim_scientific-american_1901-10-26_85_17/sim_scientific-american_1901-10-26_85_17_djvu.txt	?	-
sim_scientific-american_1901-11-02_85_18	https://archive.org/download/sim_scientific-american_1901-11-02_85_18/sim_scientific-american_1901-11-02_85_18_djvu.txt	?	-
sim_scientific-american_1901-11-09_85_19	https://archive.org/download/sim_scientific-american_1901-11-09_85_19/sim_scientific-american_1901-11-09_85_19_djvu.txt	?	-
sim_scientific-american_1901-11-16_85_20	https://archive.org/download/sim_scientific-american_1901-11-16_85_20/sim_scientific-american_1901-11-16_85_20_djvu.txt	?	-
sim_scientific-american_1901-11-23_85_21	https://archive.org/download/sim_scientific-american_1901-11-23_85_21/sim_scientific-american_1901-11-23_85_21_djvu.txt	?	-
sim_scientific-american_1901-11-30_85_22	https://archive.org/download/sim_scientific-american_1901-11-30_85_22/sim_scientific-american_1901-11-30_85_22_djvu.txt	?	-
sim_scientific-american_1901-12-07_85_23	https://archive.org/download/sim_scientific-american_1901-12-07_85_23/sim_scientific-american_1901-12-07_85_23_djvu.txt	?	-
sim_scientific-american_1901-12-14_85_24	https://archive.org/download/sim_scientific-american_1901-12-14_85_24/sim_scientific-american_1901-12-14_85_24_djvu.txt	?	-
sim_scientific-american_1901-12-21_85_25	https://archive.org/download/sim_scientific-american_1901-12-21_85_25/sim_scientific-american_1901-12-21_85_25_djvu.txt	?	-
sim_scientific-american_1901-12-28_85_26	https://archive.org/download/sim_scientific-american_1901-12-28_85_26/sim_scientific-american_1901-12-28_85_26_djvu.txt	?	-
sim_scientific-american_1901_84_index	https://archive.org/download/sim_scientific-american_1901_84_index/sim_scientific-american_1901_84_index_djvu.txt	?	-
sim_scientific-american_1901_85_index	https://archive.org/download/sim_scientific-american_1901_85_index/sim_scientific-american_1901_85_index_djvu.txt	?	-
sim_scientific-american_1902-01-04_86_1	https://archive.org/download/sim_scientific-american_1902-01-04_86_1/sim_scientific-american_1902-01-04_86_1_djvu.txt	?	-
sim_scientific-american_1902-01-11_86_2	https://archive.org/download/sim_scientific-american_1902-01-11_86_2/sim_scientific-american_1902-01-11_86_2_djvu.txt	?	-
sim_scientific-american_1902-01-18_86_3	https://archive.org/download/sim_scientific-american_1902-01-18_86_3/sim_scientific-american_1902-01-18_86_3_djvu.txt	?	-
sim_scientific-american_1902-01-25_86_4	https://archive.org/download/sim_scientific-american_1902-01-25_86_4/sim_scientific-american_1902-01-25_86_4_djvu.txt	?	-
sim_scientific-american_1902-02-01_86_5	https://archive.org/download/sim_scientific-american_1902-02-01_86_5/sim_scientific-american_1902-02-01_86_5_djvu.txt	?	-
sim_scientific-american_1902-02-08_86_6	https://archive.org/download/sim_scientific-american_1902-02-08_86_6/sim_scientific-american_1902-02-08_86_6_djvu.txt	?	-
sim_scientific-american_1902-02-15_86_7	https://archive.org/download/sim_scientific-american_1902-02-15_86_7/sim_scientific-american_1902-02-15_86_7_djvu.txt	?	-
sim_scientific-american_1902-02-22_86_8	https://archive.org/download/sim_scientific-american_1902-02-22_86_8/sim_scientific-american_1902-02-22_86_8_djvu.txt	?	-
sim_scientific-american_1902-03-01_86_9	https://archive.org/download/sim_scientific-american_1902-03-01_86_9/sim_scientific-american_1902-03-01_86_9_djvu.txt	?	-
sim_scientific-american_1902-03-08_86_10	https://archive.org/download/sim_scientific-american_1902-03-08_86_10/sim_scientific-american_1902-03-08_86_10_djvu.txt	?	-
sim_scientific-american_1902-03-15_86_11	https://archive.org/download/sim_scientific-american_1902-03-15_86_11/sim_scientific-american_1902-03-15_86_11_djvu.txt	?	-
sim_scientific-american_1902-03-22_86_12	https://archive.org/download/sim_scientific-american_1902-03-22_86_12/sim_scientific-american_1902-03-22_86_12_djvu.txt	?	-
sim_scientific-american_1902-03-29_86_13	https://archive.org/download/sim_scientific-american_1902-03-29_86_13/sim_scientific-american_1902-03-29_86_13_djvu.txt	?	-
sim_scientific-american_1902-04-05_86_14	https://archive.org/download/sim_scientific-american_1902-04-05_86_14/sim_scientific-american_1902-04-05_86_14_djvu.txt	?	-
sim_scientific-american_1902-04-12_86_15	https://archive.org/download/sim_scientific-american_1902-04-12_86_15/sim_scientific-american_1902-04-12_86_15_djvu.txt	?	-
sim_scientific-american_1902-04-19_86_16	https://archive.org/download/sim_scientific-american_1902-04-19_86_16/sim_scientific-american_1902-04-19_86_16_djvu.txt	?	-
sim_scientific-american_1902-04-26_86_17	https://archive.org/download/sim_scientific-american_1902-04-26_86_17/sim_scientific-american_1902-04-26_86_17_djvu.txt	?	-
sim_scientific-american_1902-05-03_86_18	https://archive.org/download/sim_scientific-american_1902-05-03_86_18/sim_scientific-american_1902-05-03_86_18_djvu.txt	?	-
sim_scientific-american_1902-05-10_86_19	https://archive.org/download/sim_scientific-american_1902-05-10_86_19/sim_scientific-american_1902-05-10_86_19_djvu.txt	?	-
sim_scientific-american_1902-05-17_86_20	https://archive.org/download/sim_scientific-american_1902-05-17_86_20/sim_scientific-american_1902-05-17_86_20_djvu.txt	?	-
sim_scientific-american_1902-05-24_86_21	https://archive.org/download/sim_scientific-american_1902-05-24_86_21/sim_scientific-american_1902-05-24_86_21_djvu.txt	?	-
sim_scientific-american_1902-05-31_86_22	https://archive.org/download/sim_scientific-american_1902-05-31_86_22/sim_scientific-american_1902-05-31_86_22_djvu.txt	?	-
sim_scientific-american_1902-06-07_86_23	https://archive.org/download/sim_scientific-american_1902-06-07_86_23/sim_scientific-american_1902-06-07_86_23_djvu.txt	?	-
sim_scientific-american_1902-06-14_86_24	https://archive.org/download/sim_scientific-american_1902-06-14_86_24/sim_scientific-american_1902-06-14_86_24_djvu.txt	?	-
sim_scientific-american_1902-06-21_86_25	https://archive.org/download/sim_scientific-american_1902-06-21_86_25/sim_scientific-american_1902-06-21_86_25_djvu.txt	?	-
sim_scientific-american_1902-06-28_86_26	https://archive.org/download/sim_scientific-american_1902-06-28_86_26/sim_scientific-american_1902-06-28_86_26_djvu.txt	?	-
sim_scientific-american_1902-07-05_87_1	https://archive.org/download/sim_scientific-american_1902-07-05_87_1/sim_scientific-american_1902-07-05_87_1_djvu.txt	?	-
sim_scientific-american_1902-07-12_87_2	https://archive.org/download/sim_scientific-american_1902-07-12_87_2/sim_scientific-american_1902-07-12_87_2_djvu.txt	?	-
sim_scientific-american_1902-07-19_87_3	https://archive.org/download/sim_scientific-american_1902-07-19_87_3/sim_scientific-american_1902-07-19_87_3_djvu.txt	?	-
sim_scientific-american_1902-07-26_87_4	https://archive.org/download/sim_scientific-american_1902-07-26_87_4/sim_scientific-american_1902-07-26_87_4_djvu.txt	?	-
sim_scientific-american_1902-08-02_87_5	https://archive.org/download/sim_scientific-american_1902-08-02_87_5/sim_scientific-american_1902-08-02_87_5_djvu.txt	?	-
sim_scientific-american_1902-08-09_87_6	https://archive.org/download/sim_scientific-american_1902-08-09_87_6/sim_scientific-american_1902-08-09_87_6_djvu.txt	?	-
sim_scientific-american_1902-08-16_87_7	https://archive.org/download/sim_scientific-american_1902-08-16_87_7/sim_scientific-american_1902-08-16_87_7_djvu.txt	?	-
sim_scientific-american_1902-08-23_87_8	https://archive.org/download/sim_scientific-american_1902-08-23_87_8/sim_scientific-american_1902-08-23_87_8_djvu.txt	?	-
sim_scientific-american_1902-08-30_87_9	https://archive.org/download/sim_scientific-american_1902-08-30_87_9/sim_scientific-american_1902-08-30_87_9_djvu.txt	?	-
sim_scientific-american_1902-09-06_87_10	https://archive.org/download/sim_scientific-american_1902-09-06_87_10/sim_scientific-american_1902-09-06_87_10_djvu.txt	?	-
sim_scientific-american_1902-09-13_87_11	https://archive.org/download/sim_scientific-american_1902-09-13_87_11/sim_scientific-american_1902-09-13_87_11_djvu.txt	?	-
sim_scientific-american_1902-09-20_87_12	https://archive.org/download/sim_scientific-american_1902-09-20_87_12/sim_scientific-american_1902-09-20_87_12_djvu.txt	?	-
sim_scientific-american_1902-09-27_87_13	https://archive.org/download/sim_scientific-american_1902-09-27_87_13/sim_scientific-american_1902-09-27_87_13_djvu.txt	?	-
sim_scientific-american_1902-10-04_87_14	https://archive.org/download/sim_scientific-american_1902-10-04_87_14/sim_scientific-american_1902-10-04_87_14_djvu.txt	?	-
sim_scientific-american_1902-10-11_87_15	https://archive.org/download/sim_scientific-american_1902-10-11_87_15/sim_scientific-american_1902-10-11_87_15_djvu.txt	?	-
sim_scientific-american_1902-10-18_87_16	https://archive.org/download/sim_scientific-american_1902-10-18_87_16/sim_scientific-american_1902-10-18_87_16_djvu.txt	?	-
sim_scientific-american_1902-10-25_87_17	https://archive.org/download/sim_scientific-american_1902-10-25_87_17/sim_scientific-american_1902-10-25_87_17_djvu.txt	?	-
sim_scientific-american_1902-11-01_87_18	https://archive.org/download/sim_scientific-american_1902-11-01_87_18/sim_scientific-american_1902-11-01_87_18_djvu.txt	?	-
sim_scientific-american_1902-11-08_87_19	https://archive.org/download/sim_scientific-american_1902-11-08_87_19/sim_scientific-american_1902-11-08_87_19_djvu.txt	?	-
sim_scientific-american_1902-11-15_87_20	https://archive.org/download/sim_scientific-american_1902-11-15_87_20/sim_scientific-american_1902-11-15_87_20_djvu.txt	?	-
sim_scientific-american_1902-11-22_87_21	https://archive.org/download/sim_scientific-american_1902-11-22_87_21/sim_scientific-american_1902-11-22_87_21_djvu.txt	?	-
sim_scientific-american_1902-11-29_87_22	https://archive.org/download/sim_scientific-american_1902-11-29_87_22/sim_scientific-american_1902-11-29_87_22_djvu.txt	?	-
sim_scientific-american_1902-12-06_87_23	https://archive.org/download/sim_scientific-american_1902-12-06_87_23/sim_scientific-american_1902-12-06_87_23_djvu.txt	?	-
sim_scientific-american_1902-12-13_87_24	https://archive.org/download/sim_scientific-american_1902-12-13_87_24/sim_scientific-american_1902-12-13_87_24_djvu.txt	?	-
sim_scientific-american_1902-12-20_87_25	https://archive.org/download/sim_scientific-american_1902-12-20_87_25/sim_scientific-american_1902-12-20_87_25_djvu.txt	?	-
sim_scientific-american_1902-12-27_87_26	https://archive.org/download/sim_scientific-american_1902-12-27_87_26/sim_scientific-american_1902-12-27_87_26_djvu.txt	?	-
sim_scientific-american_1902_86_index	https://archive.org/download/sim_scientific-american_1902_86_index/sim_scientific-american_1902_86_index_djvu.txt	?	-
sim_scientific-american_1902_87_index	https://archive.org/download/sim_scientific-american_1902_87_index/sim_scientific-american_1902_87_index_djvu.txt	?	-
sim_scientific-american_1903-01-03_88_1	https://archive.org/download/sim_scientific-american_1903-01-03_88_1/sim_scientific-american_1903-01-03_88_1_djvu.txt	?	-
sim_scientific-american_1903-01-10_88_2	https://archive.org/download/sim_scientific-american_1903-01-10_88_2/sim_scientific-american_1903-01-10_88_2_djvu.txt	?	-
sim_scientific-american_1903-01-17_88_3	https://archive.org/download/sim_scientific-american_1903-01-17_88_3/sim_scientific-american_1903-01-17_88_3_djvu.txt	?	-
sim_scientific-american_1903-01-24_88_4	https://archive.org/download/sim_scientific-american_1903-01-24_88_4/sim_scientific-american_1903-01-24_88_4_djvu.txt	?	-
sim_scientific-american_1903-01-31_88_5	https://archive.org/download/sim_scientific-american_1903-01-31_88_5/sim_scientific-american_1903-01-31_88_5_djvu.txt	?	-
sim_scientific-american_1903-02-07_88_6	https://archive.org/download/sim_scientific-american_1903-02-07_88_6/sim_scientific-american_1903-02-07_88_6_djvu.txt	?	-
sim_scientific-american_1903-02-14_88_7	https://archive.org/download/sim_scientific-american_1903-02-14_88_7/sim_scientific-american_1903-02-14_88_7_djvu.txt	?	-
sim_scientific-american_1903-02-21_88_8	https://archive.org/download/sim_scientific-american_1903-02-21_88_8/sim_scientific-american_1903-02-21_88_8_djvu.txt	?	-
sim_scientific-american_1903-02-28_88_9	https://archive.org/download/sim_scientific-american_1903-02-28_88_9/sim_scientific-american_1903-02-28_88_9_djvu.txt	?	-
sim_scientific-american_1903-03-07_88_10	https://archive.org/download/sim_scientific-american_1903-03-07_88_10/sim_scientific-american_1903-03-07_88_10_djvu.txt	?	-
sim_scientific-american_1903-03-14_88_11	https://archive.org/download/sim_scientific-american_1903-03-14_88_11/sim_scientific-american_1903-03-14_88_11_djvu.txt	?	-
sim_scientific-american_1903-03-21_88_12	https://archive.org/download/sim_scientific-american_1903-03-21_88_12/sim_scientific-american_1903-03-21_88_12_djvu.txt	?	-
sim_scientific-american_1903-03-28_88_13	https://archive.org/download/sim_scientific-american_1903-03-28_88_13/sim_scientific-american_1903-03-28_88_13_djvu.txt	?	-
sim_scientific-american_1903-04-04_88_14	https://archive.org/download/sim_scientific-american_1903-04-04_88_14/sim_scientific-american_1903-04-04_88_14_djvu.txt	?	-
sim_scientific-american_1903-04-11_88_15	https://archive.org/download/sim_scientific-american_1903-04-11_88_15/sim_scientific-american_1903-04-11_88_15_djvu.txt	?	-
sim_scientific-american_1903-04-18_88_16	https://archive.org/download/sim_scientific-american_1903-04-18_88_16/sim_scientific-american_1903-04-18_88_16_djvu.txt	?	-
sim_scientific-american_1903-04-25_88_17	https://archive.org/download/sim_scientific-american_1903-04-25_88_17/sim_scientific-american_1903-04-25_88_17_djvu.txt	?	-
sim_scientific-american_1903-05-02_88_18	https://archive.org/download/sim_scientific-american_1903-05-02_88_18/sim_scientific-american_1903-05-02_88_18_djvu.txt	?	-
sim_scientific-american_1903-05-09_88_19	https://archive.org/download/sim_scientific-american_1903-05-09_88_19/sim_scientific-american_1903-05-09_88_19_djvu.txt	?	-
sim_scientific-american_1903-05-16_88_20	https://archive.org/download/sim_scientific-american_1903-05-16_88_20/sim_scientific-american_1903-05-16_88_20_djvu.txt	?	-
sim_scientific-american_1903-05-23_88_21	https://archive.org/download/sim_scientific-american_1903-05-23_88_21/sim_scientific-american_1903-05-23_88_21_djvu.txt	?	-
sim_scientific-american_1903-05-30_88_22	https://archive.org/download/sim_scientific-american_1903-05-30_88_22/sim_scientific-american_1903-05-30_88_22_djvu.txt	?	-
sim_scientific-american_1903-06-06_88_23	https://archive.org/download/sim_scientific-american_1903-06-06_88_23/sim_scientific-american_1903-06-06_88_23_djvu.txt	?	-
sim_scientific-american_1903-06-13_88_24	https://archive.org/download/sim_scientific-american_1903-06-13_88_24/sim_scientific-american_1903-06-13_88_24_djvu.txt	?	-
sim_scientific-american_1903-06-20_88_25	https://archive.org/download/sim_scientific-american_1903-06-20_88_25/sim_scientific-american_1903-06-20_88_25_djvu.txt	?	-
sim_scientific-american_1903-06-27_88_26	https://archive.org/download/sim_scientific-american_1903-06-27_88_26/sim_scientific-american_1903-06-27_88_26_djvu.txt	?	-
sim_scientific-american_1903-07-04_89_1	https://archive.org/download/sim_scientific-american_1903-07-04_89_1/sim_scientific-american_1903-07-04_89_1_djvu.txt	?	-
sim_scientific-american_1903-07-11_89_2	https://archive.org/download/sim_scientific-american_1903-07-11_89_2/sim_scientific-american_1903-07-11_89_2_djvu.txt	?	-
sim_scientific-american_1903-07-18_89_3	https://archive.org/download/sim_scientific-american_1903-07-18_89_3/sim_scientific-american_1903-07-18_89_3_djvu.txt	?	-
sim_scientific-american_1903-07-25_89_4	https://archive.org/download/sim_scientific-american_1903-07-25_89_4/sim_scientific-american_1903-07-25_89_4_djvu.txt	?	-
sim_scientific-american_1903-08-01_89_5	https://archive.org/download/sim_scientific-american_1903-08-01_89_5/sim_scientific-american_1903-08-01_89_5_djvu.txt	?	-
sim_scientific-american_1903-08-08_89_6	https://archive.org/download/sim_scientific-american_1903-08-08_89_6/sim_scientific-american_1903-08-08_89_6_djvu.txt	?	-
sim_scientific-american_1903-08-15_89_7	https://archive.org/download/sim_scientific-american_1903-08-15_89_7/sim_scientific-american_1903-08-15_89_7_djvu.txt	?	-
sim_scientific-american_1903-08-22_89_8	https://archive.org/download/sim_scientific-american_1903-08-22_89_8/sim_scientific-american_1903-08-22_89_8_djvu.txt	?	-
sim_scientific-american_1903-08-29_89_9	https://archive.org/download/sim_scientific-american_1903-08-29_89_9/sim_scientific-american_1903-08-29_89_9_djvu.txt	?	-
sim_scientific-american_1903-09-05_89_10	https://archive.org/download/sim_scientific-american_1903-09-05_89_10/sim_scientific-american_1903-09-05_89_10_djvu.txt	?	-
sim_scientific-american_1903-09-12_89_11	https://archive.org/download/sim_scientific-american_1903-09-12_89_11/sim_scientific-american_1903-09-12_89_11_djvu.txt	?	-
sim_scientific-american_1903-09-19_89_12	https://archive.org/download/sim_scientific-american_1903-09-19_89_12/sim_scientific-american_1903-09-19_89_12_djvu.txt	?	-
sim_scientific-american_1903-09-26_89_13	https://archive.org/download/sim_scientific-american_1903-09-26_89_13/sim_scientific-american_1903-09-26_89_13_djvu.txt	?	-
sim_scientific-american_1903-10-03_89_14	https://archive.org/download/sim_scientific-american_1903-10-03_89_14/sim_scientific-american_1903-10-03_89_14_djvu.txt	?	-
sim_scientific-american_1903-10-10_89_15	https://archive.org/download/sim_scientific-american_1903-10-10_89_15/sim_scientific-american_1903-10-10_89_15_djvu.txt	?	-
sim_scientific-american_1903-10-17_89_16	https://archive.org/download/sim_scientific-american_1903-10-17_89_16/sim_scientific-american_1903-10-17_89_16_djvu.txt	?	-
sim_scientific-american_1903-10-24_89_17	https://archive.org/download/sim_scientific-american_1903-10-24_89_17/sim_scientific-american_1903-10-24_89_17_djvu.txt	?	-
sim_scientific-american_1903-10-31_89_18	https://archive.org/download/sim_scientific-american_1903-10-31_89_18/sim_scientific-american_1903-10-31_89_18_djvu.txt	?	-
sim_scientific-american_1903-11-07_89_19	https://archive.org/download/sim_scientific-american_1903-11-07_89_19/sim_scientific-american_1903-11-07_89_19_djvu.txt	?	-
sim_scientific-american_1903-11-14_89_20	https://archive.org/download/sim_scientific-american_1903-11-14_89_20/sim_scientific-american_1903-11-14_89_20_djvu.txt	?	-
sim_scientific-american_1903-11-21_89_21	https://archive.org/download/sim_scientific-american_1903-11-21_89_21/sim_scientific-american_1903-11-21_89_21_djvu.txt	?	-
sim_scientific-american_1903-11-28_89_22	https://archive.org/download/sim_scientific-american_1903-11-28_89_22/sim_scientific-american_1903-11-28_89_22_djvu.txt	?	-
sim_scientific-american_1903-12-05_89_23	https://archive.org/download/sim_scientific-american_1903-12-05_89_23/sim_scientific-american_1903-12-05_89_23_djvu.txt	?	-
sim_scientific-american_1903-12-12_89_24	https://archive.org/download/sim_scientific-american_1903-12-12_89_24/sim_scientific-american_1903-12-12_89_24_djvu.txt	?	-
sim_scientific-american_1903-12-19_89_25	https://archive.org/download/sim_scientific-american_1903-12-19_89_25/sim_scientific-american_1903-12-19_89_25_djvu.txt	?	-
sim_scientific-american_1903-12-26_89_26	https://archive.org/download/sim_scientific-american_1903-12-26_89_26/sim_scientific-american_1903-12-26_89_26_djvu.txt	?	-
sim_scientific-american_1903_88_index	https://archive.org/download/sim_scientific-american_1903_88_index/sim_scientific-american_1903_88_index_djvu.txt	?	-
sim_scientific-american_1903_89_index	https://archive.org/download/sim_scientific-american_1903_89_index/sim_scientific-american_1903_89_index_djvu.txt	?	-
sim_scientific-american_1904-01-02_90_1	https://archive.org/download/sim_scientific-american_1904-01-02_90_1/sim_scientific-american_1904-01-02_90_1_djvu.txt	?	-
sim_scientific-american_1904-01-09_90_2	https://archive.org/download/sim_scientific-american_1904-01-09_90_2/sim_scientific-american_1904-01-09_90_2_djvu.txt	?	-
sim_scientific-american_1904-01-16_90_3	https://archive.org/download/sim_scientific-american_1904-01-16_90_3/sim_scientific-american_1904-01-16_90_3_djvu.txt	?	-
sim_scientific-american_1904-01-23_90_4	https://archive.org/download/sim_scientific-american_1904-01-23_90_4/sim_scientific-american_1904-01-23_90_4_djvu.txt	?	-
sim_scientific-american_1904-01-30_90_5	https://archive.org/download/sim_scientific-american_1904-01-30_90_5/sim_scientific-american_1904-01-30_90_5_djvu.txt	?	-
sim_scientific-american_1904-02-06_90_6	https://archive.org/download/sim_scientific-american_1904-02-06_90_6/sim_scientific-american_1904-02-06_90_6_djvu.txt	?	-
sim_scientific-american_1904-02-13_90_7	https://archive.org/download/sim_scientific-american_1904-02-13_90_7/sim_scientific-american_1904-02-13_90_7_djvu.txt	?	-
sim_scientific-american_1904-02-20_90_8	https://archive.org/download/sim_scientific-american_1904-02-20_90_8/sim_scientific-american_1904-02-20_90_8_djvu.txt	?	-
sim_scientific-american_1904-02-27_90_9	https://archive.org/download/sim_scientific-american_1904-02-27_90_9/sim_scientific-american_1904-02-27_90_9_djvu.txt	?	-
sim_scientific-american_1904-03-05_90_10	https://archive.org/download/sim_scientific-american_1904-03-05_90_10/sim_scientific-american_1904-03-05_90_10_djvu.txt	?	-
sim_scientific-american_1904-03-12_90_11	https://archive.org/download/sim_scientific-american_1904-03-12_90_11/sim_scientific-american_1904-03-12_90_11_djvu.txt	?	-
sim_scientific-american_1904-03-19_90_12	https://archive.org/download/sim_scientific-american_1904-03-19_90_12/sim_scientific-american_1904-03-19_90_12_djvu.txt	?	-
sim_scientific-american_1904-03-26_90_13	https://archive.org/download/sim_scientific-american_1904-03-26_90_13/sim_scientific-american_1904-03-26_90_13_djvu.txt	?	-
sim_scientific-american_1904-04-02_90_14	https://archive.org/download/sim_scientific-american_1904-04-02_90_14/sim_scientific-american_1904-04-02_90_14_djvu.txt	?	-
sim_scientific-american_1904-04-09_90_15	https://archive.org/download/sim_scientific-american_1904-04-09_90_15/sim_scientific-american_1904-04-09_90_15_djvu.txt	?	-
sim_scientific-american_1904-04-16_90_16	https://archive.org/download/sim_scientific-american_1904-04-16_90_16/sim_scientific-american_1904-04-16_90_16_djvu.txt	?	-
sim_scientific-american_1904-04-23_90_17	https://archive.org/download/sim_scientific-american_1904-04-23_90_17/sim_scientific-american_1904-04-23_90_17_djvu.txt	?	-
sim_scientific-american_1904-04-30_90_18	https://archive.org/download/sim_scientific-american_1904-04-30_90_18/sim_scientific-american_1904-04-30_90_18_djvu.txt	?	-
sim_scientific-american_1904-05-07_90_19	https://archive.org/download/sim_scientific-american_1904-05-07_90_19/sim_scientific-american_1904-05-07_90_19_djvu.txt	?	-
sim_scientific-american_1904-05-14_90_20	https://archive.org/download/sim_scientific-american_1904-05-14_90_20/sim_scientific-american_1904-05-14_90_20_djvu.txt	?	-
sim_scientific-american_1904-05-21_90_21	https://archive.org/download/sim_scientific-american_1904-05-21_90_21/sim_scientific-american_1904-05-21_90_21_djvu.txt	?	-
sim_scientific-american_1904-05-28_90_22	https://archive.org/download/sim_scientific-american_1904-05-28_90_22/sim_scientific-american_1904-05-28_90_22_djvu.txt	?	-
sim_scientific-american_1904-06-04_90_23	https://archive.org/download/sim_scientific-american_1904-06-04_90_23/sim_scientific-american_1904-06-04_90_23_djvu.txt	?	-
sim_scientific-american_1904-06-11_90_24	https://archive.org/download/sim_scientific-american_1904-06-11_90_24/sim_scientific-american_1904-06-11_90_24_djvu.txt	?	-
sim_scientific-american_1904-06-18_90_25	https://archive.org/download/sim_scientific-american_1904-06-18_90_25/sim_scientific-american_1904-06-18_90_25_djvu.txt	?	-
sim_scientific-american_1904-06-25_90_26	https://archive.org/download/sim_scientific-american_1904-06-25_90_26/sim_scientific-american_1904-06-25_90_26_djvu.txt	?	-
sim_scientific-american_1904-07-02_91_1	https://archive.org/download/sim_scientific-american_1904-07-02_91_1/sim_scientific-american_1904-07-02_91_1_djvu.txt	?	-
sim_scientific-american_1904-07-09_91_2	https://archive.org/download/sim_scientific-american_1904-07-09_91_2/sim_scientific-american_1904-07-09_91_2_djvu.txt	?	-
sim_scientific-american_1904-07-16_91_3	https://archive.org/download/sim_scientific-american_1904-07-16_91_3/sim_scientific-american_1904-07-16_91_3_djvu.txt	?	-
sim_scientific-american_1904-07-23_91_4	https://archive.org/download/sim_scientific-american_1904-07-23_91_4/sim_scientific-american_1904-07-23_91_4_djvu.txt	?	-
sim_scientific-american_1904-07-30_91_5	https://archive.org/download/sim_scientific-american_1904-07-30_91_5/sim_scientific-american_1904-07-30_91_5_djvu.txt	?	-
sim_scientific-american_1904-08-06_91_6	https://archive.org/download/sim_scientific-american_1904-08-06_91_6/sim_scientific-american_1904-08-06_91_6_djvu.txt	?	-
sim_scientific-american_1904-08-13_91_7	https://archive.org/download/sim_scientific-american_1904-08-13_91_7/sim_scientific-american_1904-08-13_91_7_djvu.txt	?	-
sim_scientific-american_1904-08-20_91_8	https://archive.org/download/sim_scientific-american_1904-08-20_91_8/sim_scientific-american_1904-08-20_91_8_djvu.txt	?	-
sim_scientific-american_1904-08-27_91_9	https://archive.org/download/sim_scientific-american_1904-08-27_91_9/sim_scientific-american_1904-08-27_91_9_djvu.txt	?	-
sim_scientific-american_1904-09-03_91_10	https://archive.org/download/sim_scientific-american_1904-09-03_91_10/sim_scientific-american_1904-09-03_91_10_djvu.txt	?	-
sim_scientific-american_1904-09-10_91_11	https://archive.org/download/sim_scientific-american_1904-09-10_91_11/sim_scientific-american_1904-09-10_91_11_djvu.txt	?	-
sim_scientific-american_1904-09-17_91_12	https://archive.org/download/sim_scientific-american_1904-09-17_91_12/sim_scientific-american_1904-09-17_91_12_djvu.txt	?	-
sim_scientific-american_1904-09-24_91_13	https://archive.org/download/sim_scientific-american_1904-09-24_91_13/sim_scientific-american_1904-09-24_91_13_djvu.txt	?	-
sim_scientific-american_1904-10-01_91_14	https://archive.org/download/sim_scientific-american_1904-10-01_91_14/sim_scientific-american_1904-10-01_91_14_djvu.txt	?	-
sim_scientific-american_1904-10-08_91_15	https://archive.org/download/sim_scientific-american_1904-10-08_91_15/sim_scientific-american_1904-10-08_91_15_djvu.txt	?	-
sim_scientific-american_1904-10-15_91_16	https://archive.org/download/sim_scientific-american_1904-10-15_91_16/sim_scientific-american_1904-10-15_91_16_djvu.txt	?	-
sim_scientific-american_1904-10-22_91_17	https://archive.org/download/sim_scientific-american_1904-10-22_91_17/sim_scientific-american_1904-10-22_91_17_djvu.txt	?	-
sim_scientific-american_1904-10-29_91_18	https://archive.org/download/sim_scientific-american_1904-10-29_91_18/sim_scientific-american_1904-10-29_91_18_djvu.txt	?	-
sim_scientific-american_1904-11-05_91_19	https://archive.org/download/sim_scientific-american_1904-11-05_91_19/sim_scientific-american_1904-11-05_91_19_djvu.txt	?	-
sim_scientific-american_1904-11-12_91_20	https://archive.org/download/sim_scientific-american_1904-11-12_91_20/sim_scientific-american_1904-11-12_91_20_djvu.txt	?	-
sim_scientific-american_1904-11-19_91_21	https://archive.org/download/sim_scientific-american_1904-11-19_91_21/sim_scientific-american_1904-11-19_91_21_djvu.txt	?	-
sim_scientific-american_1904-11-26_91_22	https://archive.org/download/sim_scientific-american_1904-11-26_91_22/sim_scientific-american_1904-11-26_91_22_djvu.txt	?	-
sim_scientific-american_1904-12-03_91_23	https://archive.org/download/sim_scientific-american_1904-12-03_91_23/sim_scientific-american_1904-12-03_91_23_djvu.txt	?	-
sim_scientific-american_1904-12-10_91_24	https://archive.org/download/sim_scientific-american_1904-12-10_91_24/sim_scientific-american_1904-12-10_91_24_djvu.txt	?	-
sim_scientific-american_1904-12-17_91_25	https://archive.org/download/sim_scientific-american_1904-12-17_91_25/sim_scientific-american_1904-12-17_91_25_djvu.txt	?	-
sim_scientific-american_1904-12-24_91_26	https://archive.org/download/sim_scientific-american_1904-12-24_91_26/sim_scientific-american_1904-12-24_91_26_djvu.txt	?	-
sim_scientific-american_1904-12-31_91_27	https://archive.org/download/sim_scientific-american_1904-12-31_91_27/sim_scientific-american_1904-12-31_91_27_djvu.txt	?	-
sim_scientific-american_1904_90_index	https://archive.org/download/sim_scientific-american_1904_90_index/sim_scientific-american_1904_90_index_djvu.txt	?	-
sim_scientific-american_1904_91_index	https://archive.org/download/sim_scientific-american_1904_91_index/sim_scientific-american_1904_91_index_djvu.txt	?	-
sim_scientific-american_1905-01-07_92_1	https://archive.org/download/sim_scientific-american_1905-01-07_92_1/sim_scientific-american_1905-01-07_92_1_djvu.txt	?	-
sim_scientific-american_1905-01-14_92_2	https://archive.org/download/sim_scientific-american_1905-01-14_92_2/sim_scientific-american_1905-01-14_92_2_djvu.txt	?	-
sim_scientific-american_1905-01-21_92_3	https://archive.org/download/sim_scientific-american_1905-01-21_92_3/sim_scientific-american_1905-01-21_92_3_djvu.txt	?	-
sim_scientific-american_1905-01-28_92_4	https://archive.org/download/sim_scientific-american_1905-01-28_92_4/sim_scientific-american_1905-01-28_92_4_djvu.txt	?	-
sim_scientific-american_1905-02-04_92_5	https://archive.org/download/sim_scientific-american_1905-02-04_92_5/sim_scientific-american_1905-02-04_92_5_djvu.txt	?	-
sim_scientific-american_1905-02-11_92_6	https://archive.org/download/sim_scientific-american_1905-02-11_92_6/sim_scientific-american_1905-02-11_92_6_djvu.txt	?	-
sim_scientific-american_1905-02-18_92_7	https://archive.org/download/sim_scientific-american_1905-02-18_92_7/sim_scientific-american_1905-02-18_92_7_djvu.txt	?	-
sim_scientific-american_1905-02-25_92_8	https://archive.org/download/sim_scientific-american_1905-02-25_92_8/sim_scientific-american_1905-02-25_92_8_djvu.txt	?	-
sim_scientific-american_1905-03-04_92_9	https://archive.org/download/sim_scientific-american_1905-03-04_92_9/sim_scientific-american_1905-03-04_92_9_djvu.txt	?	-
sim_scientific-american_1905-03-11_92_10	https://archive.org/download/sim_scientific-american_1905-03-11_92_10/sim_scientific-american_1905-03-11_92_10_djvu.txt	?	-
sim_scientific-american_1905-03-18_92_11	https://archive.org/download/sim_scientific-american_1905-03-18_92_11/sim_scientific-american_1905-03-18_92_11_djvu.txt	?	-
sim_scientific-american_1905-03-25_92_12	https://archive.org/download/sim_scientific-american_1905-03-25_92_12/sim_scientific-american_1905-03-25_92_12_djvu.txt	?	-
sim_scientific-american_1905-04-01_92_13	https://archive.org/download/sim_scientific-american_1905-04-01_92_13/sim_scientific-american_1905-04-01_92_13_djvu.txt	?	-
sim_scientific-american_1905-04-08_92_14	https://archive.org/download/sim_scientific-american_1905-04-08_92_14/sim_scientific-american_1905-04-08_92_14_djvu.txt	?	-
sim_scientific-american_1905-04-15_92_15	https://archive.org/download/sim_scientific-american_1905-04-15_92_15/sim_scientific-american_1905-04-15_92_15_djvu.txt	?	-
sim_scientific-american_1905-04-22_92_16	https://archive.org/download/sim_scientific-american_1905-04-22_92_16/sim_scientific-american_1905-04-22_92_16_djvu.txt	?	-
sim_scientific-american_1905-04-29_92_17	https://archive.org/download/sim_scientific-american_1905-04-29_92_17/sim_scientific-american_1905-04-29_92_17_djvu.txt	?	-
sim_scientific-american_1905-05-06_92_18	https://archive.org/download/sim_scientific-american_1905-05-06_92_18/sim_scientific-american_1905-05-06_92_18_djvu.txt	?	-
sim_scientific-american_1905-05-13_92_19	https://archive.org/download/sim_scientific-american_1905-05-13_92_19/sim_scientific-american_1905-05-13_92_19_djvu.txt	?	-
sim_scientific-american_1905-05-20_92_20	https://archive.org/download/sim_scientific-american_1905-05-20_92_20/sim_scientific-american_1905-05-20_92_20_djvu.txt	?	-
sim_scientific-american_1905-05-27_92_21	https://archive.org/download/sim_scientific-american_1905-05-27_92_21/sim_scientific-american_1905-05-27_92_21_djvu.txt	?	-
sim_scientific-american_1905-06-03_92_22	https://archive.org/download/sim_scientific-american_1905-06-03_92_22/sim_scientific-american_1905-06-03_92_22_djvu.txt	?	-
sim_scientific-american_1905-06-10_92_23	https://archive.org/download/sim_scientific-american_1905-06-10_92_23/sim_scientific-american_1905-06-10_92_23_djvu.txt	?	-
sim_scientific-american_1905-06-17_92_24	https://archive.org/download/sim_scientific-american_1905-06-17_92_24/sim_scientific-american_1905-06-17_92_24_djvu.txt	?	-
sim_scientific-american_1905-06-24_92_25	https://archive.org/download/sim_scientific-american_1905-06-24_92_25/sim_scientific-american_1905-06-24_92_25_djvu.txt	?	-
sim_scientific-american_1905-07-01_93_1	https://archive.org/download/sim_scientific-american_1905-07-01_93_1/sim_scientific-american_1905-07-01_93_1_djvu.txt	?	-
sim_scientific-american_1905-07-08_93_2	https://archive.org/download/sim_scientific-american_1905-07-08_93_2/sim_scientific-american_1905-07-08_93_2_djvu.txt	?	-
sim_scientific-american_1905-07-15_93_3	https://archive.org/download/sim_scientific-american_1905-07-15_93_3/sim_scientific-american_1905-07-15_93_3_djvu.txt	?	-
sim_scientific-american_1905-07-22_93_4	https://archive.org/download/sim_scientific-american_1905-07-22_93_4/sim_scientific-american_1905-07-22_93_4_djvu.txt	?	-
sim_scientific-american_1905-07-29_93_5	https://archive.org/download/sim_scientific-american_1905-07-29_93_5/sim_scientific-american_1905-07-29_93_5_djvu.txt	?	-
sim_scientific-american_1905-08-05_93_6	https://archive.org/download/sim_scientific-american_1905-08-05_93_6/sim_scientific-american_1905-08-05_93_6_djvu.txt	?	-
sim_scientific-american_1905-08-12_93_7	https://archive.org/download/sim_scientific-american_1905-08-12_93_7/sim_scientific-american_1905-08-12_93_7_djvu.txt	?	-
sim_scientific-american_1905-08-19_93_8	https://archive.org/download/sim_scientific-american_1905-08-19_93_8/sim_scientific-american_1905-08-19_93_8_djvu.txt	?	-
sim_scientific-american_1905-08-26_93_9	https://archive.org/download/sim_scientific-american_1905-08-26_93_9/sim_scientific-american_1905-08-26_93_9_djvu.txt	?	-
sim_scientific-american_1905-09-02_93_10	https://archive.org/download/sim_scientific-american_1905-09-02_93_10/sim_scientific-american_1905-09-02_93_10_djvu.txt	?	-
sim_scientific-american_1905-09-09_93_11	https://archive.org/download/sim_scientific-american_1905-09-09_93_11/sim_scientific-american_1905-09-09_93_11_djvu.txt	?	-
sim_scientific-american_1905-09-16_93_12	https://archive.org/download/sim_scientific-american_1905-09-16_93_12/sim_scientific-american_1905-09-16_93_12_djvu.txt	?	-
sim_scientific-american_1905-09-23_93_13	https://archive.org/download/sim_scientific-american_1905-09-23_93_13/sim_scientific-american_1905-09-23_93_13_djvu.txt	?	-
sim_scientific-american_1905-09-30_93_14	https://archive.org/download/sim_scientific-american_1905-09-30_93_14/sim_scientific-american_1905-09-30_93_14_djvu.txt	?	-
sim_scientific-american_1905-10-07_93_15	https://archive.org/download/sim_scientific-american_1905-10-07_93_15/sim_scientific-american_1905-10-07_93_15_djvu.txt	?	-
sim_scientific-american_1905-10-14_93_16	https://archive.org/download/sim_scientific-american_1905-10-14_93_16/sim_scientific-american_1905-10-14_93_16_djvu.txt	?	-
sim_scientific-american_1905-10-21_93_17	https://archive.org/download/sim_scientific-american_1905-10-21_93_17/sim_scientific-american_1905-10-21_93_17_djvu.txt	?	-
sim_scientific-american_1905-10-28_93_18	https://archive.org/download/sim_scientific-american_1905-10-28_93_18/sim_scientific-american_1905-10-28_93_18_djvu.txt	?	-
sim_scientific-american_1905-11-04_93_19	https://archive.org/download/sim_scientific-american_1905-11-04_93_19/sim_scientific-american_1905-11-04_93_19_djvu.txt	?	-
sim_scientific-american_1905-11-11_93_20	https://archive.org/download/sim_scientific-american_1905-11-11_93_20/sim_scientific-american_1905-11-11_93_20_djvu.txt	?	-
sim_scientific-american_1905-11-18_93_21	https://archive.org/download/sim_scientific-american_1905-11-18_93_21/sim_scientific-american_1905-11-18_93_21_djvu.txt	?	-
sim_scientific-american_1905-11-25_93_22	https://archive.org/download/sim_scientific-american_1905-11-25_93_22/sim_scientific-american_1905-11-25_93_22_djvu.txt	?	-
sim_scientific-american_1905-12-02_93_23	https://archive.org/download/sim_scientific-american_1905-12-02_93_23/sim_scientific-american_1905-12-02_93_23_djvu.txt	?	-
sim_scientific-american_1905-12-09_93_24	https://archive.org/download/sim_scientific-american_1905-12-09_93_24/sim_scientific-american_1905-12-09_93_24_djvu.txt	?	-
sim_scientific-american_1905-12-16_93_25	https://archive.org/download/sim_scientific-american_1905-12-16_93_25/sim_scientific-american_1905-12-16_93_25_djvu.txt	?	-
sim_scientific-american_1905-12-23_93_26	https://archive.org/download/sim_scientific-american_1905-12-23_93_26/sim_scientific-american_1905-12-23_93_26_djvu.txt	?	-
sim_scientific-american_1905-12-30_93_27	https://archive.org/download/sim_scientific-american_1905-12-30_93_27/sim_scientific-american_1905-12-30_93_27_djvu.txt	?	-
sim_scientific-american_1905_92_index	https://archive.org/download/sim_scientific-american_1905_92_index/sim_scientific-american_1905_92_index_djvu.txt	?	-
sim_scientific-american_1905_93_index	https://archive.org/download/sim_scientific-american_1905_93_index/sim_scientific-american_1905_93_index_djvu.txt	?	-
sim_scientific-american_1906-01-06_94_1	https://archive.org/download/sim_scientific-american_1906-01-06_94_1/sim_scientific-american_1906-01-06_94_1_djvu.txt	?	-
sim_scientific-american_1906-01-13_94_2	https://archive.org/download/sim_scientific-american_1906-01-13_94_2/sim_scientific-american_1906-01-13_94_2_djvu.txt	?	-
sim_scientific-american_1906-01-20_94_3	https://archive.org/download/sim_scientific-american_1906-01-20_94_3/sim_scientific-american_1906-01-20_94_3_djvu.txt	?	-
sim_scientific-american_1906-01-27_94_4	https://archive.org/download/sim_scientific-american_1906-01-27_94_4/sim_scientific-american_1906-01-27_94_4_djvu.txt	?	-
sim_scientific-american_1906-02-03_94_5	https://archive.org/download/sim_scientific-american_1906-02-03_94_5/sim_scientific-american_1906-02-03_94_5_djvu.txt	?	-
sim_scientific-american_1906-02-10_94_6	https://archive.org/download/sim_scientific-american_1906-02-10_94_6/sim_scientific-american_1906-02-10_94_6_djvu.txt	?	-
sim_scientific-american_1906-02-17_94_7	https://archive.org/download/sim_scientific-american_1906-02-17_94_7/sim_scientific-american_1906-02-17_94_7_djvu.txt	?	-
sim_scientific-american_1906-02-24_94_8	https://archive.org/download/sim_scientific-american_1906-02-24_94_8/sim_scientific-american_1906-02-24_94_8_djvu.txt	?	-
sim_scientific-american_1906-03-03_94_9	https://archive.org/download/sim_scientific-american_1906-03-03_94_9/sim_scientific-american_1906-03-03_94_9_djvu.txt	?	-
sim_scientific-american_1906-03-10_94_10	https://archive.org/download/sim_scientific-american_1906-03-10_94_10/sim_scientific-american_1906-03-10_94_10_djvu.txt	?	-
sim_scientific-american_1906-03-17_94_11	https://archive.org/download/sim_scientific-american_1906-03-17_94_11/sim_scientific-american_1906-03-17_94_11_djvu.txt	?	-
sim_scientific-american_1906-03-24_94_12	https://archive.org/download/sim_scientific-american_1906-03-24_94_12/sim_scientific-american_1906-03-24_94_12_djvu.txt	?	-
sim_scientific-american_1906-03-31_94_13	https://archive.org/download/sim_scientific-american_1906-03-31_94_13/sim_scientific-american_1906-03-31_94_13_djvu.txt	?	-
sim_scientific-american_1906-04-07_94_14	https://archive.org/download/sim_scientific-american_1906-04-07_94_14/sim_scientific-american_1906-04-07_94_14_djvu.txt	?	-
sim_scientific-american_1906-04-14_94_15	https://archive.org/download/sim_scientific-american_1906-04-14_94_15/sim_scientific-american_1906-04-14_94_15_djvu.txt	?	-
sim_scientific-american_1906-04-21_94_16	https://archive.org/download/sim_scientific-american_1906-04-21_94_16/sim_scientific-american_1906-04-21_94_16_djvu.txt	?	-
sim_scientific-american_1906-04-28_94_17	https://archive.org/download/sim_scientific-american_1906-04-28_94_17/sim_scientific-american_1906-04-28_94_17_djvu.txt	?	-
sim_scientific-american_1906-05-05_94_18	https://archive.org/download/sim_scientific-american_1906-05-05_94_18/sim_scientific-american_1906-05-05_94_18_djvu.txt	?	-
sim_scientific-american_1906-05-12_94_19	https://archive.org/download/sim_scientific-american_1906-05-12_94_19/sim_scientific-american_1906-05-12_94_19_djvu.txt	?	-
sim_scientific-american_1906-05-19_94_20	https://archive.org/download/sim_scientific-american_1906-05-19_94_20/sim_scientific-american_1906-05-19_94_20_djvu.txt	?	-
sim_scientific-american_1906-05-26_94_21	https://archive.org/download/sim_scientific-american_1906-05-26_94_21/sim_scientific-american_1906-05-26_94_21_djvu.txt	?	-
sim_scientific-american_1906-06-02_94_22	https://archive.org/download/sim_scientific-american_1906-06-02_94_22/sim_scientific-american_1906-06-02_94_22_djvu.txt	?	-
sim_scientific-american_1906-06-09_94_23	https://archive.org/download/sim_scientific-american_1906-06-09_94_23/sim_scientific-american_1906-06-09_94_23_djvu.txt	?	-
sim_scientific-american_1906-06-16_94_24	https://archive.org/download/sim_scientific-american_1906-06-16_94_24/sim_scientific-american_1906-06-16_94_24_djvu.txt	?	-
sim_scientific-american_1906-06-23_94_25	https://archive.org/download/sim_scientific-american_1906-06-23_94_25/sim_scientific-american_1906-06-23_94_25_djvu.txt	?	-
sim_scientific-american_1906-06-30_94_26	https://archive.org/download/sim_scientific-american_1906-06-30_94_26/sim_scientific-american_1906-06-30_94_26_djvu.txt	?	-
sim_scientific-american_1906-07-07_95_1	https://archive.org/download/sim_scientific-american_1906-07-07_95_1/sim_scientific-american_1906-07-07_95_1_djvu.txt	?	-
sim_scientific-american_1906-07-14_95_2	https://archive.org/download/sim_scientific-american_1906-07-14_95_2/sim_scientific-american_1906-07-14_95_2_djvu.txt	?	-
sim_scientific-american_1906-07-21_95_3	https://archive.org/download/sim_scientific-american_1906-07-21_95_3/sim_scientific-american_1906-07-21_95_3_djvu.txt	?	-
sim_scientific-american_1906-07-28_95_4	https://archive.org/download/sim_scientific-american_1906-07-28_95_4/sim_scientific-american_1906-07-28_95_4_djvu.txt	?	-
sim_scientific-american_1906-08-04_95_5	https://archive.org/download/sim_scientific-american_1906-08-04_95_5/sim_scientific-american_1906-08-04_95_5_djvu.txt	?	-
sim_scientific-american_1906-08-11_95_6	https://archive.org/download/sim_scientific-american_1906-08-11_95_6/sim_scientific-american_1906-08-11_95_6_djvu.txt	?	-
sim_scientific-american_1906-08-18_95_7	https://archive.org/download/sim_scientific-american_1906-08-18_95_7/sim_scientific-american_1906-08-18_95_7_djvu.txt	?	-
sim_scientific-american_1906-08-25_95_8	https://archive.org/download/sim_scientific-american_1906-08-25_95_8/sim_scientific-american_1906-08-25_95_8_djvu.txt	?	-
sim_scientific-american_1906-09-01_95_9	https://archive.org/download/sim_scientific-american_1906-09-01_95_9/sim_scientific-american_1906-09-01_95_9_djvu.txt	?	-
sim_scientific-american_1906-09-08_95_10	https://archive.org/download/sim_scientific-american_1906-09-08_95_10/sim_scientific-american_1906-09-08_95_10_djvu.txt	?	-
sim_scientific-american_1906-09-15_95_11	https://archive.org/download/sim_scientific-american_1906-09-15_95_11/sim_scientific-american_1906-09-15_95_11_djvu.txt	?	-
sim_scientific-american_1906-09-22_95_12	https://archive.org/download/sim_scientific-american_1906-09-22_95_12/sim_scientific-american_1906-09-22_95_12_djvu.txt	?	-
sim_scientific-american_1906-09-29_95_13	https://archive.org/download/sim_scientific-american_1906-09-29_95_13/sim_scientific-american_1906-09-29_95_13_djvu.txt	?	-
sim_scientific-american_1906-10-06_95_14	https://archive.org/download/sim_scientific-american_1906-10-06_95_14/sim_scientific-american_1906-10-06_95_14_djvu.txt	?	-
sim_scientific-american_1906-10-13_95_15	https://archive.org/download/sim_scientific-american_1906-10-13_95_15/sim_scientific-american_1906-10-13_95_15_djvu.txt	?	-
sim_scientific-american_1906-10-20_95_16	https://archive.org/download/sim_scientific-american_1906-10-20_95_16/sim_scientific-american_1906-10-20_95_16_djvu.txt	?	-
sim_scientific-american_1906-10-27_95_17	https://archive.org/download/sim_scientific-american_1906-10-27_95_17/sim_scientific-american_1906-10-27_95_17_djvu.txt	?	-
sim_scientific-american_1906-11-03_95_18	https://archive.org/download/sim_scientific-american_1906-11-03_95_18/sim_scientific-american_1906-11-03_95_18_djvu.txt	?	-
sim_scientific-american_1906-11-10_95_19	https://archive.org/download/sim_scientific-american_1906-11-10_95_19/sim_scientific-american_1906-11-10_95_19_djvu.txt	?	-
sim_scientific-american_1906-11-17_95_20	https://archive.org/download/sim_scientific-american_1906-11-17_95_20/sim_scientific-american_1906-11-17_95_20_djvu.txt	?	-
sim_scientific-american_1906-11-24_95_21	https://archive.org/download/sim_scientific-american_1906-11-24_95_21/sim_scientific-american_1906-11-24_95_21_djvu.txt	?	-
sim_scientific-american_1906-12-01_95_22	https://archive.org/download/sim_scientific-american_1906-12-01_95_22/sim_scientific-american_1906-12-01_95_22_djvu.txt	?	-
sim_scientific-american_1906-12-08_95_23	https://archive.org/download/sim_scientific-american_1906-12-08_95_23/sim_scientific-american_1906-12-08_95_23_djvu.txt	?	-
sim_scientific-american_1906-12-15_95_24	https://archive.org/download/sim_scientific-american_1906-12-15_95_24/sim_scientific-american_1906-12-15_95_24_djvu.txt	?	-
sim_scientific-american_1906-12-22_95_25	https://archive.org/download/sim_scientific-american_1906-12-22_95_25/sim_scientific-american_1906-12-22_95_25_djvu.txt	?	-
sim_scientific-american_1906-12-29_95_26	https://archive.org/download/sim_scientific-american_1906-12-29_95_26/sim_scientific-american_1906-12-29_95_26_djvu.txt	?	-
sim_scientific-american_1906_94_index	https://archive.org/download/sim_scientific-american_1906_94_index/sim_scientific-american_1906_94_index_djvu.txt	?	-
sim_scientific-american_1906_95_index	https://archive.org/download/sim_scientific-american_1906_95_index/sim_scientific-american_1906_95_index_djvu.txt	?	-
sim_scientific-american_1907-01-05_96_1	https://archive.org/download/sim_scientific-american_1907-01-05_96_1/sim_scientific-american_1907-01-05_96_1_djvu.txt	?	-
sim_scientific-american_1907-01-12_96_2	https://archive.org/download/sim_scientific-american_1907-01-12_96_2/sim_scientific-american_1907-01-12_96_2_djvu.txt	?	-
sim_scientific-american_1907-01-19_96_3	https://archive.org/download/sim_scientific-american_1907-01-19_96_3/sim_scientific-american_1907-01-19_96_3_djvu.txt	?	-
sim_scientific-american_1907-01-26_96_4	https://archive.org/download/sim_scientific-american_1907-01-26_96_4/sim_scientific-american_1907-01-26_96_4_djvu.txt	?	-
sim_scientific-american_1907-02-02_96_5	https://archive.org/download/sim_scientific-american_1907-02-02_96_5/sim_scientific-american_1907-02-02_96_5_djvu.txt	?	-
sim_scientific-american_1907-02-09_96_6	https://archive.org/download/sim_scientific-american_1907-02-09_96_6/sim_scientific-american_1907-02-09_96_6_djvu.txt	?	-
sim_scientific-american_1907-02-16_96_7	https://archive.org/download/sim_scientific-american_1907-02-16_96_7/sim_scientific-american_1907-02-16_96_7_djvu.txt	?	-
sim_scientific-american_1907-02-23_96_8	https://archive.org/download/sim_scientific-american_1907-02-23_96_8/sim_scientific-american_1907-02-23_96_8_djvu.txt	?	-
sim_scientific-american_1907-03-02_96_9	https://archive.org/download/sim_scientific-american_1907-03-02_96_9/sim_scientific-american_1907-03-02_96_9_djvu.txt	?	-
sim_scientific-american_1907-03-09_96_10	https://archive.org/download/sim_scientific-american_1907-03-09_96_10/sim_scientific-american_1907-03-09_96_10_djvu.txt	?	-
sim_scientific-american_1907-03-16_96_11	https://archive.org/download/sim_scientific-american_1907-03-16_96_11/sim_scientific-american_1907-03-16_96_11_djvu.txt	?	-
sim_scientific-american_1907-03-23_96_12	https://archive.org/download/sim_scientific-american_1907-03-23_96_12/sim_scientific-american_1907-03-23_96_12_djvu.txt	?	-
sim_scientific-american_1907-03-30_96_13	https://archive.org/download/sim_scientific-american_1907-03-30_96_13/sim_scientific-american_1907-03-30_96_13_djvu.txt	?	-
sim_scientific-american_1907-04-06_96_14	https://archive.org/download/sim_scientific-american_1907-04-06_96_14/sim_scientific-american_1907-04-06_96_14_djvu.txt	?	-
sim_scientific-american_1907-04-13_96_15	https://archive.org/download/sim_scientific-american_1907-04-13_96_15/sim_scientific-american_1907-04-13_96_15_djvu.txt	?	-
sim_scientific-american_1907-04-20_96_16	https://archive.org/download/sim_scientific-american_1907-04-20_96_16/sim_scientific-american_1907-04-20_96_16_djvu.txt	?	-
sim_scientific-american_1907-04-27_96_17	https://archive.org/download/sim_scientific-american_1907-04-27_96_17/sim_scientific-american_1907-04-27_96_17_djvu.txt	?	-
sim_scientific-american_1907-05-04_96_18	https://archive.org/download/sim_scientific-american_1907-05-04_96_18/sim_scientific-american_1907-05-04_96_18_djvu.txt	?	-
sim_scientific-american_1907-05-11_96_19	https://archive.org/download/sim_scientific-american_1907-05-11_96_19/sim_scientific-american_1907-05-11_96_19_djvu.txt	?	-
sim_scientific-american_1907-05-18_96_20	https://archive.org/download/sim_scientific-american_1907-05-18_96_20/sim_scientific-american_1907-05-18_96_20_djvu.txt	?	-
sim_scientific-american_1907-05-25_96_21	https://archive.org/download/sim_scientific-american_1907-05-25_96_21/sim_scientific-american_1907-05-25_96_21_djvu.txt	?	-
sim_scientific-american_1907-06-01_96_22	https://archive.org/download/sim_scientific-american_1907-06-01_96_22/sim_scientific-american_1907-06-01_96_22_djvu.txt	?	-
sim_scientific-american_1907-06-08_96_23	https://archive.org/download/sim_scientific-american_1907-06-08_96_23/sim_scientific-american_1907-06-08_96_23_djvu.txt	?	-
sim_scientific-american_1907-06-15_96_24	https://archive.org/download/sim_scientific-american_1907-06-15_96_24/sim_scientific-american_1907-06-15_96_24_djvu.txt	?	-
sim_scientific-american_1907-06-22_96_25	https://archive.org/download/sim_scientific-american_1907-06-22_96_25/sim_scientific-american_1907-06-22_96_25_djvu.txt	?	-
sim_scientific-american_1907-06-29_96_26	https://archive.org/download/sim_scientific-american_1907-06-29_96_26/sim_scientific-american_1907-06-29_96_26_djvu.txt	?	-
sim_scientific-american_1907-07-06_97_1	https://archive.org/download/sim_scientific-american_1907-07-06_97_1/sim_scientific-american_1907-07-06_97_1_djvu.txt	?	-
sim_scientific-american_1907-07-13_97_2	https://archive.org/download/sim_scientific-american_1907-07-13_97_2/sim_scientific-american_1907-07-13_97_2_djvu.txt	?	-
sim_scientific-american_1907-07-20_97_3	https://archive.org/download/sim_scientific-american_1907-07-20_97_3/sim_scientific-american_1907-07-20_97_3_djvu.txt	?	-
sim_scientific-american_1907-07-27_97_4	https://archive.org/download/sim_scientific-american_1907-07-27_97_4/sim_scientific-american_1907-07-27_97_4_djvu.txt	?	-
sim_scientific-american_1907-08-03_97_5	https://archive.org/download/sim_scientific-american_1907-08-03_97_5/sim_scientific-american_1907-08-03_97_5_djvu.txt	?	-
sim_scientific-american_1907-08-10_97_6	https://archive.org/download/sim_scientific-american_1907-08-10_97_6/sim_scientific-american_1907-08-10_97_6_djvu.txt	?	-
sim_scientific-american_1907-08-17_97_7	https://archive.org/download/sim_scientific-american_1907-08-17_97_7/sim_scientific-american_1907-08-17_97_7_djvu.txt	?	-
sim_scientific-american_1907-08-24_97_8	https://archive.org/download/sim_scientific-american_1907-08-24_97_8/sim_scientific-american_1907-08-24_97_8_djvu.txt	?	-
sim_scientific-american_1907-08-31_97_9	https://archive.org/download/sim_scientific-american_1907-08-31_97_9/sim_scientific-american_1907-08-31_97_9_djvu.txt	?	-
sim_scientific-american_1907-09-07_97_10	https://archive.org/download/sim_scientific-american_1907-09-07_97_10/sim_scientific-american_1907-09-07_97_10_djvu.txt	?	-
sim_scientific-american_1907-09-14_97_11	https://archive.org/download/sim_scientific-american_1907-09-14_97_11/sim_scientific-american_1907-09-14_97_11_djvu.txt	?	-
sim_scientific-american_1907-09-21_97_12	https://archive.org/download/sim_scientific-american_1907-09-21_97_12/sim_scientific-american_1907-09-21_97_12_djvu.txt	?	-
sim_scientific-american_1907-09-28_97_13	https://archive.org/download/sim_scientific-american_1907-09-28_97_13/sim_scientific-american_1907-09-28_97_13_djvu.txt	?	-
sim_scientific-american_1907-10-05_97_14	https://archive.org/download/sim_scientific-american_1907-10-05_97_14/sim_scientific-american_1907-10-05_97_14_djvu.txt	?	-
sim_scientific-american_1907-10-12_97_15	https://archive.org/download/sim_scientific-american_1907-10-12_97_15/sim_scientific-american_1907-10-12_97_15_djvu.txt	?	-
sim_scientific-american_1907-10-19_97_16	https://archive.org/download/sim_scientific-american_1907-10-19_97_16/sim_scientific-american_1907-10-19_97_16_djvu.txt	?	-
sim_scientific-american_1907-10-26_97_17	https://archive.org/download/sim_scientific-american_1907-10-26_97_17/sim_scientific-american_1907-10-26_97_17_djvu.txt	?	-
sim_scientific-american_1907-11-02_97_18	https://archive.org/download/sim_scientific-american_1907-11-02_97_18/sim_scientific-american_1907-11-02_97_18_djvu.txt	?	-
sim_scientific-american_1907-11-09_97_19	https://archive.org/download/sim_scientific-american_1907-11-09_97_19/sim_scientific-american_1907-11-09_97_19_djvu.txt	?	-
sim_scientific-american_1907-11-16_97_20	https://archive.org/download/sim_scientific-american_1907-11-16_97_20/sim_scientific-american_1907-11-16_97_20_djvu.txt	?	-
sim_scientific-american_1907-11-23_97_21	https://archive.org/download/sim_scientific-american_1907-11-23_97_21/sim_scientific-american_1907-11-23_97_21_djvu.txt	?	-
sim_scientific-american_1907-11-30_97_22	https://archive.org/download/sim_scientific-american_1907-11-30_97_22/sim_scientific-american_1907-11-30_97_22_djvu.txt	?	-
sim_scientific-american_1907-12-07_97_23	https://archive.org/download/sim_scientific-american_1907-12-07_97_23/sim_scientific-american_1907-12-07_97_23_djvu.txt	?	-
sim_scientific-american_1907-12-14_97_24	https://archive.org/download/sim_scientific-american_1907-12-14_97_24/sim_scientific-american_1907-12-14_97_24_djvu.txt	?	-
sim_scientific-american_1907-12-21_97_25	https://archive.org/download/sim_scientific-american_1907-12-21_97_25/sim_scientific-american_1907-12-21_97_25_djvu.txt	?	-
sim_scientific-american_1907-12-28_97_26	https://archive.org/download/sim_scientific-american_1907-12-28_97_26/sim_scientific-american_1907-12-28_97_26_djvu.txt	?	-
sim_scientific-american_1907_96_index	https://archive.org/download/sim_scientific-american_1907_96_index/sim_scientific-american_1907_96_index_djvu.txt	?	-
sim_scientific-american_1907_97_index	https://archive.org/download/sim_scientific-american_1907_97_index/sim_scientific-american_1907_97_index_djvu.txt	?	-
sim_scientific-american_1908-01-04_98_1	https://archive.org/download/sim_scientific-american_1908-01-04_98_1/sim_scientific-american_1908-01-04_98_1_djvu.txt	?	-
sim_scientific-american_1908-01-11_98_2	https://archive.org/download/sim_scientific-american_1908-01-11_98_2/sim_scientific-american_1908-01-11_98_2_djvu.txt	?	-
sim_scientific-american_1908-01-18_98_3	https://archive.org/download/sim_scientific-american_1908-01-18_98_3/sim_scientific-american_1908-01-18_98_3_djvu.txt	?	-
sim_scientific-american_1908-01-25_98_4	https://archive.org/download/sim_scientific-american_1908-01-25_98_4/sim_scientific-american_1908-01-25_98_4_djvu.txt	?	-
sim_scientific-american_1908-02-01_98_5	https://archive.org/download/sim_scientific-american_1908-02-01_98_5/sim_scientific-american_1908-02-01_98_5_djvu.txt	?	-
sim_scientific-american_1908-02-08_98_6	https://archive.org/download/sim_scientific-american_1908-02-08_98_6/sim_scientific-american_1908-02-08_98_6_djvu.txt	?	-
sim_scientific-american_1908-02-15_98_7	https://archive.org/download/sim_scientific-american_1908-02-15_98_7/sim_scientific-american_1908-02-15_98_7_djvu.txt	?	-
sim_scientific-american_1908-02-22_98_8	https://archive.org/download/sim_scientific-american_1908-02-22_98_8/sim_scientific-american_1908-02-22_98_8_djvu.txt	?	-
sim_scientific-american_1908-02-29_98_9	https://archive.org/download/sim_scientific-american_1908-02-29_98_9/sim_scientific-american_1908-02-29_98_9_djvu.txt	?	-
sim_scientific-american_1908-03-07_98_10	https://archive.org/download/sim_scientific-american_1908-03-07_98_10/sim_scientific-american_1908-03-07_98_10_djvu.txt	?	-
sim_scientific-american_1908-03-14_98_11	https://archive.org/download/sim_scientific-american_1908-03-14_98_11/sim_scientific-american_1908-03-14_98_11_djvu.txt	?	-
sim_scientific-american_1908-03-21_98_12	https://archive.org/download/sim_scientific-american_1908-03-21_98_12/sim_scientific-american_1908-03-21_98_12_djvu.txt	?	-
sim_scientific-american_1908-03-28_98_13	https://archive.org/download/sim_scientific-american_1908-03-28_98_13/sim_scientific-american_1908-03-28_98_13_djvu.txt	?	-
sim_scientific-american_1908-04-04_98_14	https://archive.org/download/sim_scientific-american_1908-04-04_98_14/sim_scientific-american_1908-04-04_98_14_djvu.txt	?	-
sim_scientific-american_1908-04-11_98_15	https://archive.org/download/sim_scientific-american_1908-04-11_98_15/sim_scientific-american_1908-04-11_98_15_djvu.txt	?	-
sim_scientific-american_1908-04-18_98_16	https://archive.org/download/sim_scientific-american_1908-04-18_98_16/sim_scientific-american_1908-04-18_98_16_djvu.txt	?	-
sim_scientific-american_1908-04-25_98_17	https://archive.org/download/sim_scientific-american_1908-04-25_98_17/sim_scientific-american_1908-04-25_98_17_djvu.txt	?	-
sim_scientific-american_1908-05-02_98_18	https://archive.org/download/sim_scientific-american_1908-05-02_98_18/sim_scientific-american_1908-05-02_98_18_djvu.txt	?	-
sim_scientific-american_1908-05-09_98_19	https://archive.org/download/sim_scientific-american_1908-05-09_98_19/sim_scientific-american_1908-05-09_98_19_djvu.txt	?	-
sim_scientific-american_1908-05-16_98_20	https://archive.org/download/sim_scientific-american_1908-05-16_98_20/sim_scientific-american_1908-05-16_98_20_djvu.txt	?	-
sim_scientific-american_1908-05-23_98_21	https://archive.org/download/sim_scientific-american_1908-05-23_98_21/sim_scientific-american_1908-05-23_98_21_djvu.txt	?	-
sim_scientific-american_1908-05-30_98_22	https://archive.org/download/sim_scientific-american_1908-05-30_98_22/sim_scientific-american_1908-05-30_98_22_djvu.txt	?	-
sim_scientific-american_1908-06-06_98_23	https://archive.org/download/sim_scientific-american_1908-06-06_98_23/sim_scientific-american_1908-06-06_98_23_djvu.txt	?	-
sim_scientific-american_1908-06-13_98_24	https://archive.org/download/sim_scientific-american_1908-06-13_98_24/sim_scientific-american_1908-06-13_98_24_djvu.txt	?	-
sim_scientific-american_1908-06-20_98_25	https://archive.org/download/sim_scientific-american_1908-06-20_98_25/sim_scientific-american_1908-06-20_98_25_djvu.txt	?	-
sim_scientific-american_1908-06-27_98_26	https://archive.org/download/sim_scientific-american_1908-06-27_98_26/sim_scientific-american_1908-06-27_98_26_djvu.txt	?	-
sim_scientific-american_1908-07-04_99_1	https://archive.org/download/sim_scientific-american_1908-07-04_99_1/sim_scientific-american_1908-07-04_99_1_djvu.txt	?	-
sim_scientific-american_1908-07-11_99_2	https://archive.org/download/sim_scientific-american_1908-07-11_99_2/sim_scientific-american_1908-07-11_99_2_djvu.txt	?	-
sim_scientific-american_1908-07-18_99_3	https://archive.org/download/sim_scientific-american_1908-07-18_99_3/sim_scientific-american_1908-07-18_99_3_djvu.txt	?	-
sim_scientific-american_1908-07-25_99_4	https://archive.org/download/sim_scientific-american_1908-07-25_99_4/sim_scientific-american_1908-07-25_99_4_djvu.txt	?	-
sim_scientific-american_1908-08-01_99_5	https://archive.org/download/sim_scientific-american_1908-08-01_99_5/sim_scientific-american_1908-08-01_99_5_djvu.txt	?	-
sim_scientific-american_1908-08-08_99_6	https://archive.org/download/sim_scientific-american_1908-08-08_99_6/sim_scientific-american_1908-08-08_99_6_djvu.txt	?	-
sim_scientific-american_1908-08-15_99_7	https://archive.org/download/sim_scientific-american_1908-08-15_99_7/sim_scientific-american_1908-08-15_99_7_djvu.txt	?	-
sim_scientific-american_1908-08-22_99_8	https://archive.org/download/sim_scientific-american_1908-08-22_99_8/sim_scientific-american_1908-08-22_99_8_djvu.txt	?	-
sim_scientific-american_1908-08-29_99_9	https://archive.org/download/sim_scientific-american_1908-08-29_99_9/sim_scientific-american_1908-08-29_99_9_djvu.txt	?	-
sim_scientific-american_1908-09-05_99_10	https://archive.org/download/sim_scientific-american_1908-09-05_99_10/sim_scientific-american_1908-09-05_99_10_djvu.txt	?	-
sim_scientific-american_1908-09-12_99_11	https://archive.org/download/sim_scientific-american_1908-09-12_99_11/sim_scientific-american_1908-09-12_99_11_djvu.txt	?	-
sim_scientific-american_1908-09-19_99_12	https://archive.org/download/sim_scientific-american_1908-09-19_99_12/sim_scientific-american_1908-09-19_99_12_djvu.txt	?	-
sim_scientific-american_1908-09-26_99_13	https://archive.org/download/sim_scientific-american_1908-09-26_99_13/sim_scientific-american_1908-09-26_99_13_djvu.txt	?	-
sim_scientific-american_1908-10-03_99_14	https://archive.org/download/sim_scientific-american_1908-10-03_99_14/sim_scientific-american_1908-10-03_99_14_djvu.txt	?	-
sim_scientific-american_1908-10-10_99_15	https://archive.org/download/sim_scientific-american_1908-10-10_99_15/sim_scientific-american_1908-10-10_99_15_djvu.txt	?	-
sim_scientific-american_1908-10-17_99_16	https://archive.org/download/sim_scientific-american_1908-10-17_99_16/sim_scientific-american_1908-10-17_99_16_djvu.txt	?	-
sim_scientific-american_1908-10-24_99_17	https://archive.org/download/sim_scientific-american_1908-10-24_99_17/sim_scientific-american_1908-10-24_99_17_djvu.txt	?	-
sim_scientific-american_1908-10-31_99_18	https://archive.org/download/sim_scientific-american_1908-10-31_99_18/sim_scientific-american_1908-10-31_99_18_djvu.txt	?	-
sim_scientific-american_1908-11-07_99_19	https://archive.org/download/sim_scientific-american_1908-11-07_99_19/sim_scientific-american_1908-11-07_99_19_djvu.txt	?	-
sim_scientific-american_1908-11-14_99_20	https://archive.org/download/sim_scientific-american_1908-11-14_99_20/sim_scientific-american_1908-11-14_99_20_djvu.txt	?	-
sim_scientific-american_1908-11-21_99_21	https://archive.org/download/sim_scientific-american_1908-11-21_99_21/sim_scientific-american_1908-11-21_99_21_djvu.txt	?	-
sim_scientific-american_1908-11-28_99_22	https://archive.org/download/sim_scientific-american_1908-11-28_99_22/sim_scientific-american_1908-11-28_99_22_djvu.txt	?	-
sim_scientific-american_1908-12-05_99_23	https://archive.org/download/sim_scientific-american_1908-12-05_99_23/sim_scientific-american_1908-12-05_99_23_djvu.txt	?	-
sim_scientific-american_1908-12-12_99_24	https://archive.org/download/sim_scientific-american_1908-12-12_99_24/sim_scientific-american_1908-12-12_99_24_djvu.txt	?	-
sim_scientific-american_1908-12-19_99_25	https://archive.org/download/sim_scientific-american_1908-12-19_99_25/sim_scientific-american_1908-12-19_99_25_djvu.txt	?	-
sim_scientific-american_1908-12-26_99_26	https://archive.org/download/sim_scientific-american_1908-12-26_99_26/sim_scientific-american_1908-12-26_99_26_djvu.txt	?	-
sim_scientific-american_1908_98_index	https://archive.org/download/sim_scientific-american_1908_98_index/sim_scientific-american_1908_98_index_djvu.txt	?	-
sim_scientific-american_1908_99_index	https://archive.org/download/sim_scientific-american_1908_99_index/sim_scientific-american_1908_99_index_djvu.txt	?	-
sim_scientific-american_1909-01-02_100_1	https://archive.org/download/sim_scientific-american_1909-01-02_100_1/sim_scientific-american_1909-01-02_100_1_djvu.txt	?	-
sim_scientific-american_1909-01-09_100_2	https://archive.org/download/sim_scientific-american_1909-01-09_100_2/sim_scientific-american_1909-01-09_100_2_djvu.txt	?	-
sim_scientific-american_1909-01-16_100_3	https://archive.org/download/sim_scientific-american_1909-01-16_100_3/sim_scientific-american_1909-01-16_100_3_djvu.txt	?	-
sim_scientific-american_1909-01-23_100_4	https://archive.org/download/sim_scientific-american_1909-01-23_100_4/sim_scientific-american_1909-01-23_100_4_djvu.txt	?	-
sim_scientific-american_1909-01-30_100_5	https://archive.org/download/sim_scientific-american_1909-01-30_100_5/sim_scientific-american_1909-01-30_100_5_djvu.txt	?	-
sim_scientific-american_1909-02-06_100_6	https://archive.org/download/sim_scientific-american_1909-02-06_100_6/sim_scientific-american_1909-02-06_100_6_djvu.txt	?	-
sim_scientific-american_1909-02-13_100_7	https://archive.org/download/sim_scientific-american_1909-02-13_100_7/sim_scientific-american_1909-02-13_100_7_djvu.txt	?	-
sim_scientific-american_1909-02-20_100_8	https://archive.org/download/sim_scientific-american_1909-02-20_100_8/sim_scientific-american_1909-02-20_100_8_djvu.txt	?	-
sim_scientific-american_1909-02-27_100_9	https://archive.org/download/sim_scientific-american_1909-02-27_100_9/sim_scientific-american_1909-02-27_100_9_djvu.txt	?	-
sim_scientific-american_1909-03-06_100_10	https://archive.org/download/sim_scientific-american_1909-03-06_100_10/sim_scientific-american_1909-03-06_100_10_djvu.txt	?	-
sim_scientific-american_1909-03-13_100_11	https://archive.org/download/sim_scientific-american_1909-03-13_100_11/sim_scientific-american_1909-03-13_100_11_djvu.txt	?	-
sim_scientific-american_1909-03-20_100_12	https://archive.org/download/sim_scientific-american_1909-03-20_100_12/sim_scientific-american_1909-03-20_100_12_djvu.txt	?	-
sim_scientific-american_1909-03-27_100_13	https://archive.org/download/sim_scientific-american_1909-03-27_100_13/sim_scientific-american_1909-03-27_100_13_djvu.txt	?	-
sim_scientific-american_1909-04-03_100_14	https://archive.org/download/sim_scientific-american_1909-04-03_100_14/sim_scientific-american_1909-04-03_100_14_djvu.txt	?	-
sim_scientific-american_1909-04-10_100_15	https://archive.org/download/sim_scientific-american_1909-04-10_100_15/sim_scientific-american_1909-04-10_100_15_djvu.txt	?	-
sim_scientific-american_1909-04-17_100_16	https://archive.org/download/sim_scientific-american_1909-04-17_100_16/sim_scientific-american_1909-04-17_100_16_djvu.txt	?	-
sim_scientific-american_1909-04-24_100_17	https://archive.org/download/sim_scientific-american_1909-04-24_100_17/sim_scientific-american_1909-04-24_100_17_djvu.txt	?	-
sim_scientific-american_1909-05-01_100_18	https://archive.org/download/sim_scientific-american_1909-05-01_100_18/sim_scientific-american_1909-05-01_100_18_djvu.txt	?	-
sim_scientific-american_1909-05-08_100_19	https://archive.org/download/sim_scientific-american_1909-05-08_100_19/sim_scientific-american_1909-05-08_100_19_djvu.txt	?	-
sim_scientific-american_1909-05-15_100_20	https://archive.org/download/sim_scientific-american_1909-05-15_100_20/sim_scientific-american_1909-05-15_100_20_djvu.txt	?	-
sim_scientific-american_1909-05-22_100_21	https://archive.org/download/sim_scientific-american_1909-05-22_100_21/sim_scientific-american_1909-05-22_100_21_djvu.txt	?	-
sim_scientific-american_1909-05-29_100_22	https://archive.org/download/sim_scientific-american_1909-05-29_100_22/sim_scientific-american_1909-05-29_100_22_djvu.txt	?	-
sim_scientific-american_1909-06-05_100_23	https://archive.org/download/sim_scientific-american_1909-06-05_100_23/sim_scientific-american_1909-06-05_100_23_djvu.txt	?	-
sim_scientific-american_1909-06-12_100_24	https://archive.org/download/sim_scientific-american_1909-06-12_100_24/sim_scientific-american_1909-06-12_100_24_djvu.txt	?	-
sim_scientific-american_1909-06-19_100_25	https://archive.org/download/sim_scientific-american_1909-06-19_100_25/sim_scientific-american_1909-06-19_100_25_djvu.txt	?	-
sim_scientific-american_1909-06-26_100_26	https://archive.org/download/sim_scientific-american_1909-06-26_100_26/sim_scientific-american_1909-06-26_100_26_djvu.txt	?	-
sim_scientific-american_1909-07-03_101_1	https://archive.org/download/sim_scientific-american_1909-07-03_101_1/sim_scientific-american_1909-07-03_101_1_djvu.txt	?	-
sim_scientific-american_1909-07-10_101_2	https://archive.org/download/sim_scientific-american_1909-07-10_101_2/sim_scientific-american_1909-07-10_101_2_djvu.txt	?	-
sim_scientific-american_1909-07-17_101_3	https://archive.org/download/sim_scientific-american_1909-07-17_101_3/sim_scientific-american_1909-07-17_101_3_djvu.txt	?	-
sim_scientific-american_1909-07-24_101_4	https://archive.org/download/sim_scientific-american_1909-07-24_101_4/sim_scientific-american_1909-07-24_101_4_djvu.txt	?	-
sim_scientific-american_1909-07-31_101_5	https://archive.org/download/sim_scientific-american_1909-07-31_101_5/sim_scientific-american_1909-07-31_101_5_djvu.txt	?	-
sim_scientific-american_1909-08-07_101_6	https://archive.org/download/sim_scientific-american_1909-08-07_101_6/sim_scientific-american_1909-08-07_101_6_djvu.txt	?	-
sim_scientific-american_1909-08-14_101_7	https://archive.org/download/sim_scientific-american_1909-08-14_101_7/sim_scientific-american_1909-08-14_101_7_djvu.txt	?	-
sim_scientific-american_1909-08-21_101_8	https://archive.org/download/sim_scientific-american_1909-08-21_101_8/sim_scientific-american_1909-08-21_101_8_djvu.txt	?	-
sim_scientific-american_1909-08-28_101_9	https://archive.org/download/sim_scientific-american_1909-08-28_101_9/sim_scientific-american_1909-08-28_101_9_djvu.txt	?	-
sim_scientific-american_1909-09-04_101_10	https://archive.org/download/sim_scientific-american_1909-09-04_101_10/sim_scientific-american_1909-09-04_101_10_djvu.txt	?	-
sim_scientific-american_1909-09-11_101_11	https://archive.org/download/sim_scientific-american_1909-09-11_101_11/sim_scientific-american_1909-09-11_101_11_djvu.txt	?	-
sim_scientific-american_1909-09-18_101_12	https://archive.org/download/sim_scientific-american_1909-09-18_101_12/sim_scientific-american_1909-09-18_101_12_djvu.txt	?	-
sim_scientific-american_1909-09-25_101_13	https://archive.org/download/sim_scientific-american_1909-09-25_101_13/sim_scientific-american_1909-09-25_101_13_djvu.txt	?	-
sim_scientific-american_1909-10-02_101_14	https://archive.org/download/sim_scientific-american_1909-10-02_101_14/sim_scientific-american_1909-10-02_101_14_djvu.txt	?	-
sim_scientific-american_1909-10-09_101_15	https://archive.org/download/sim_scientific-american_1909-10-09_101_15/sim_scientific-american_1909-10-09_101_15_djvu.txt	?	-
sim_scientific-american_1909-10-16_101_16	https://archive.org/download/sim_scientific-american_1909-10-16_101_16/sim_scientific-american_1909-10-16_101_16_djvu.txt	?	-
sim_scientific-american_1909-10-23_101_17	https://archive.org/download/sim_scientific-american_1909-10-23_101_17/sim_scientific-american_1909-10-23_101_17_djvu.txt	?	-
sim_scientific-american_1909-10-30_101_18	https://archive.org/download/sim_scientific-american_1909-10-30_101_18/sim_scientific-american_1909-10-30_101_18_djvu.txt	?	-
sim_scientific-american_1909-11-06_101_19	https://archive.org/download/sim_scientific-american_1909-11-06_101_19/sim_scientific-american_1909-11-06_101_19_djvu.txt	?	-
sim_scientific-american_1909-11-13_101_20	https://archive.org/download/sim_scientific-american_1909-11-13_101_20/sim_scientific-american_1909-11-13_101_20_djvu.txt	?	-
sim_scientific-american_1909-11-20_101_21	https://archive.org/download/sim_scientific-american_1909-11-20_101_21/sim_scientific-american_1909-11-20_101_21_djvu.txt	?	-
sim_scientific-american_1909-11-27_101_22	https://archive.org/download/sim_scientific-american_1909-11-27_101_22/sim_scientific-american_1909-11-27_101_22_djvu.txt	?	-
sim_scientific-american_1909-12-04_101_23	https://archive.org/download/sim_scientific-american_1909-12-04_101_23/sim_scientific-american_1909-12-04_101_23_djvu.txt	?	-
sim_scientific-american_1909-12-11_101_24	https://archive.org/download/sim_scientific-american_1909-12-11_101_24/sim_scientific-american_1909-12-11_101_24_djvu.txt	?	-
sim_scientific-american_1909-12-18_101_25	https://archive.org/download/sim_scientific-american_1909-12-18_101_25/sim_scientific-american_1909-12-18_101_25_djvu.txt	?	-
sim_scientific-american_1909-12-25_101_26	https://archive.org/download/sim_scientific-american_1909-12-25_101_26/sim_scientific-american_1909-12-25_101_26_djvu.txt	?	-
sim_scientific-american_1909-1911_100_index	https://archive.org/download/sim_scientific-american_1909-1911_100_index/sim_scientific-american_1909-1911_100_index_djvu.txt	?	-
sim_scientific-american_1909_101_index	https://archive.org/download/sim_scientific-american_1909_101_index/sim_scientific-american_1909_101_index_djvu.txt	?	-
sim_scientific-american_1910-01-01_102_1	https://archive.org/download/sim_scientific-american_1910-01-01_102_1/sim_scientific-american_1910-01-01_102_1_djvu.txt	?	-
sim_scientific-american_1910-01-08_102_2	https://archive.org/download/sim_scientific-american_1910-01-08_102_2/sim_scientific-american_1910-01-08_102_2_djvu.txt	?	-
sim_scientific-american_1910-01-15_102_3	https://archive.org/download/sim_scientific-american_1910-01-15_102_3/sim_scientific-american_1910-01-15_102_3_djvu.txt	?	-
sim_scientific-american_1910-01-22_102_4	https://archive.org/download/sim_scientific-american_1910-01-22_102_4/sim_scientific-american_1910-01-22_102_4_djvu.txt	?	-
sim_scientific-american_1910-01-29_102_5	https://archive.org/download/sim_scientific-american_1910-01-29_102_5/sim_scientific-american_1910-01-29_102_5_djvu.txt	?	-
sim_scientific-american_1910-02-05_102_6	https://archive.org/download/sim_scientific-american_1910-02-05_102_6/sim_scientific-american_1910-02-05_102_6_djvu.txt	?	-
sim_scientific-american_1910-02-12_102_7	https://archive.org/download/sim_scientific-american_1910-02-12_102_7/sim_scientific-american_1910-02-12_102_7_djvu.txt	?	-
sim_scientific-american_1910-02-19_102_8	https://archive.org/download/sim_scientific-american_1910-02-19_102_8/sim_scientific-american_1910-02-19_102_8_djvu.txt	?	-
sim_scientific-american_1910-02-26_102_9	https://archive.org/download/sim_scientific-american_1910-02-26_102_9/sim_scientific-american_1910-02-26_102_9_djvu.txt	?	-
sim_scientific-american_1910-03-05_102_10	https://archive.org/download/sim_scientific-american_1910-03-05_102_10/sim_scientific-american_1910-03-05_102_10_djvu.txt	?	-
sim_scientific-american_1910-03-12_102_11	https://archive.org/download/sim_scientific-american_1910-03-12_102_11/sim_scientific-american_1910-03-12_102_11_djvu.txt	?	-
sim_scientific-american_1910-03-19_102_12	https://archive.org/download/sim_scientific-american_1910-03-19_102_12/sim_scientific-american_1910-03-19_102_12_djvu.txt	?	-
sim_scientific-american_1910-03-26_102_13	https://archive.org/download/sim_scientific-american_1910-03-26_102_13/sim_scientific-american_1910-03-26_102_13_djvu.txt	?	-
sim_scientific-american_1910-04-02_102_14	https://archive.org/download/sim_scientific-american_1910-04-02_102_14/sim_scientific-american_1910-04-02_102_14_djvu.txt	?	-
sim_scientific-american_1910-04-09_102_15	https://archive.org/download/sim_scientific-american_1910-04-09_102_15/sim_scientific-american_1910-04-09_102_15_djvu.txt	?	-
sim_scientific-american_1910-04-16_102_16	https://archive.org/download/sim_scientific-american_1910-04-16_102_16/sim_scientific-american_1910-04-16_102_16_djvu.txt	?	-
sim_scientific-american_1910-04-23_102_17	https://archive.org/download/sim_scientific-american_1910-04-23_102_17/sim_scientific-american_1910-04-23_102_17_djvu.txt	?	-
sim_scientific-american_1910-04-30_102_18	https://archive.org/download/sim_scientific-american_1910-04-30_102_18/sim_scientific-american_1910-04-30_102_18_djvu.txt	?	-
sim_scientific-american_1910-05-07_102_19	https://archive.org/download/sim_scientific-american_1910-05-07_102_19/sim_scientific-american_1910-05-07_102_19_djvu.txt	?	-
sim_scientific-american_1910-05-14_102_20	https://archive.org/download/sim_scientific-american_1910-05-14_102_20/sim_scientific-american_1910-05-14_102_20_djvu.txt	?	-
sim_scientific-american_1910-05-21_102_21	https://archive.org/download/sim_scientific-american_1910-05-21_102_21/sim_scientific-american_1910-05-21_102_21_djvu.txt	?	-
sim_scientific-american_1910-05-28_102_22	https://archive.org/download/sim_scientific-american_1910-05-28_102_22/sim_scientific-american_1910-05-28_102_22_djvu.txt	?	-
sim_scientific-american_1910-06-04_102_23	https://archive.org/download/sim_scientific-american_1910-06-04_102_23/sim_scientific-american_1910-06-04_102_23_djvu.txt	?	-
sim_scientific-american_1910-06-11_102_24	https://archive.org/download/sim_scientific-american_1910-06-11_102_24/sim_scientific-american_1910-06-11_102_24_djvu.txt	?	-
sim_scientific-american_1910-06-18_102_25	https://archive.org/download/sim_scientific-american_1910-06-18_102_25/sim_scientific-american_1910-06-18_102_25_djvu.txt	?	-
sim_scientific-american_1910-06-25_102_26	https://archive.org/download/sim_scientific-american_1910-06-25_102_26/sim_scientific-american_1910-06-25_102_26_djvu.txt	?	-
sim_scientific-american_1910-07-02_103_1	https://archive.org/download/sim_scientific-american_1910-07-02_103_1/sim_scientific-american_1910-07-02_103_1_djvu.txt	?	-
sim_scientific-american_1910-07-09_103_2	https://archive.org/download/sim_scientific-american_1910-07-09_103_2/sim_scientific-american_1910-07-09_103_2_djvu.txt	?	-
sim_scientific-american_1910-07-16_103_3	https://archive.org/download/sim_scientific-american_1910-07-16_103_3/sim_scientific-american_1910-07-16_103_3_djvu.txt	?	-
sim_scientific-american_1910-07-23_103_4	https://archive.org/download/sim_scientific-american_1910-07-23_103_4/sim_scientific-american_1910-07-23_103_4_djvu.txt	?	-
sim_scientific-american_1910-07-30_103_5	https://archive.org/download/sim_scientific-american_1910-07-30_103_5/sim_scientific-american_1910-07-30_103_5_djvu.txt	?	-
sim_scientific-american_1910-08-06_103_6	https://archive.org/download/sim_scientific-american_1910-08-06_103_6/sim_scientific-american_1910-08-06_103_6_djvu.txt	?	-
sim_scientific-american_1910-08-13_103_7	https://archive.org/download/sim_scientific-american_1910-08-13_103_7/sim_scientific-american_1910-08-13_103_7_djvu.txt	?	-
sim_scientific-american_1910-08-20_103_8	https://archive.org/download/sim_scientific-american_1910-08-20_103_8/sim_scientific-american_1910-08-20_103_8_djvu.txt	?	-
sim_scientific-american_1910-08-27_103_9	https://archive.org/download/sim_scientific-american_1910-08-27_103_9/sim_scientific-american_1910-08-27_103_9_djvu.txt	?	-
sim_scientific-american_1910-09-03_103_10	https://archive.org/download/sim_scientific-american_1910-09-03_103_10/sim_scientific-american_1910-09-03_103_10_djvu.txt	?	-
sim_scientific-american_1910-09-10_103_11	https://archive.org/download/sim_scientific-american_1910-09-10_103_11/sim_scientific-american_1910-09-10_103_11_djvu.txt	?	-
sim_scientific-american_1910-09-17_103_12	https://archive.org/download/sim_scientific-american_1910-09-17_103_12/sim_scientific-american_1910-09-17_103_12_djvu.txt	?	-
sim_scientific-american_1910-09-24_103_13	https://archive.org/download/sim_scientific-american_1910-09-24_103_13/sim_scientific-american_1910-09-24_103_13_djvu.txt	?	-
sim_scientific-american_1910-10-01_103_14	https://archive.org/download/sim_scientific-american_1910-10-01_103_14/sim_scientific-american_1910-10-01_103_14_djvu.txt	?	-
sim_scientific-american_1910-10-08_103_15	https://archive.org/download/sim_scientific-american_1910-10-08_103_15/sim_scientific-american_1910-10-08_103_15_djvu.txt	?	-
sim_scientific-american_1910-10-15_103_16	https://archive.org/download/sim_scientific-american_1910-10-15_103_16/sim_scientific-american_1910-10-15_103_16_djvu.txt	?	-
sim_scientific-american_1910-10-22_103_17	https://archive.org/download/sim_scientific-american_1910-10-22_103_17/sim_scientific-american_1910-10-22_103_17_djvu.txt	?	-
sim_scientific-american_1910-10-29_103_18	https://archive.org/download/sim_scientific-american_1910-10-29_103_18/sim_scientific-american_1910-10-29_103_18_djvu.txt	?	-
sim_scientific-american_1910-11-05_103_19	https://archive.org/download/sim_scientific-american_1910-11-05_103_19/sim_scientific-american_1910-11-05_103_19_djvu.txt	?	-
sim_scientific-american_1910-11-12_103_20	https://archive.org/download/sim_scientific-american_1910-11-12_103_20/sim_scientific-american_1910-11-12_103_20_djvu.txt	?	-
sim_scientific-american_1910-11-19_103_21	https://archive.org/download/sim_scientific-american_1910-11-19_103_21/sim_scientific-american_1910-11-19_103_21_djvu.txt	?	-
sim_scientific-american_1910-11-26_103_22	https://archive.org/download/sim_scientific-american_1910-11-26_103_22/sim_scientific-american_1910-11-26_103_22_djvu.txt	?	-
sim_scientific-american_1910-12-03_103_23	https://archive.org/download/sim_scientific-american_1910-12-03_103_23/sim_scientific-american_1910-12-03_103_23_djvu.txt	?	-
sim_scientific-american_1910-12-10_103_24	https://archive.org/download/sim_scientific-american_1910-12-10_103_24/sim_scientific-american_1910-12-10_103_24_djvu.txt	?	-
sim_scientific-american_1910-12-17_103_25	https://archive.org/download/sim_scientific-american_1910-12-17_103_25/sim_scientific-american_1910-12-17_103_25_djvu.txt	?	-
sim_scientific-american_1910-12-24_103_26	https://archive.org/download/sim_scientific-american_1910-12-24_103_26/sim_scientific-american_1910-12-24_103_26_djvu.txt	?	-
sim_scientific-american_1910-12-31_103_27	https://archive.org/download/sim_scientific-american_1910-12-31_103_27/sim_scientific-american_1910-12-31_103_27_djvu.txt	?	-
sim_scientific-american_1910_102_index	https://archive.org/download/sim_scientific-american_1910_102_index/sim_scientific-american_1910_102_index_djvu.txt	?	-
sim_scientific-american_1910_103_index	https://archive.org/download/sim_scientific-american_1910_103_index/sim_scientific-american_1910_103_index_djvu.txt	?	-
sim_scientific-american_1911-01-07_104_1	https://archive.org/download/sim_scientific-american_1911-01-07_104_1/sim_scientific-american_1911-01-07_104_1_djvu.txt	?	-
sim_scientific-american_1911-01-14_104_2	https://archive.org/download/sim_scientific-american_1911-01-14_104_2/sim_scientific-american_1911-01-14_104_2_djvu.txt	?	-
sim_scientific-american_1911-01-21_104_3	https://archive.org/download/sim_scientific-american_1911-01-21_104_3/sim_scientific-american_1911-01-21_104_3_djvu.txt	?	-
sim_scientific-american_1911-01-28_104_4	https://archive.org/download/sim_scientific-american_1911-01-28_104_4/sim_scientific-american_1911-01-28_104_4_djvu.txt	?	-
sim_scientific-american_1911-02-04_104_5	https://archive.org/download/sim_scientific-american_1911-02-04_104_5/sim_scientific-american_1911-02-04_104_5_djvu.txt	?	-
sim_scientific-american_1911-02-11_104_6	https://archive.org/download/sim_scientific-american_1911-02-11_104_6/sim_scientific-american_1911-02-11_104_6_djvu.txt	?	-
sim_scientific-american_1911-02-18_104_7	https://archive.org/download/sim_scientific-american_1911-02-18_104_7/sim_scientific-american_1911-02-18_104_7_djvu.txt	?	-
sim_scientific-american_1911-02-25_104_8	https://archive.org/download/sim_scientific-american_1911-02-25_104_8/sim_scientific-american_1911-02-25_104_8_djvu.txt	?	-
sim_scientific-american_1911-03-04_104_9	https://archive.org/download/sim_scientific-american_1911-03-04_104_9/sim_scientific-american_1911-03-04_104_9_djvu.txt	?	-
sim_scientific-american_1911-03-11_104_10	https://archive.org/download/sim_scientific-american_1911-03-11_104_10/sim_scientific-american_1911-03-11_104_10_djvu.txt	?	-
sim_scientific-american_1911-03-18_104_11	https://archive.org/download/sim_scientific-american_1911-03-18_104_11/sim_scientific-american_1911-03-18_104_11_djvu.txt	?	-
sim_scientific-american_1911-03-25_104_12	https://archive.org/download/sim_scientific-american_1911-03-25_104_12/sim_scientific-american_1911-03-25_104_12_djvu.txt	?	-
sim_scientific-american_1911-04-01_104_13	https://archive.org/download/sim_scientific-american_1911-04-01_104_13/sim_scientific-american_1911-04-01_104_13_djvu.txt	?	-
sim_scientific-american_1911-04-08_104_14	https://archive.org/download/sim_scientific-american_1911-04-08_104_14/sim_scientific-american_1911-04-08_104_14_djvu.txt	?	-
sim_scientific-american_1911-04-15_104_15	https://archive.org/download/sim_scientific-american_1911-04-15_104_15/sim_scientific-american_1911-04-15_104_15_djvu.txt	?	-
sim_scientific-american_1911-04-22_104_16	https://archive.org/download/sim_scientific-american_1911-04-22_104_16/sim_scientific-american_1911-04-22_104_16_djvu.txt	?	-
sim_scientific-american_1911-04-29_104_17	https://archive.org/download/sim_scientific-american_1911-04-29_104_17/sim_scientific-american_1911-04-29_104_17_djvu.txt	?	-
sim_scientific-american_1911-05-06_104_18	https://archive.org/download/sim_scientific-american_1911-05-06_104_18/sim_scientific-american_1911-05-06_104_18_djvu.txt	?	-
sim_scientific-american_1911-05-13_104_19	https://archive.org/download/sim_scientific-american_1911-05-13_104_19/sim_scientific-american_1911-05-13_104_19_djvu.txt	?	-
sim_scientific-american_1911-05-20_104_20	https://archive.org/download/sim_scientific-american_1911-05-20_104_20/sim_scientific-american_1911-05-20_104_20_djvu.txt	?	-
sim_scientific-american_1911-05-27_104_21	https://archive.org/download/sim_scientific-american_1911-05-27_104_21/sim_scientific-american_1911-05-27_104_21_djvu.txt	?	-
sim_scientific-american_1911-06-03_104_22	https://archive.org/download/sim_scientific-american_1911-06-03_104_22/sim_scientific-american_1911-06-03_104_22_djvu.txt	?	-
sim_scientific-american_1911-06-10_104_23	https://archive.org/download/sim_scientific-american_1911-06-10_104_23/sim_scientific-american_1911-06-10_104_23_djvu.txt	?	-
sim_scientific-american_1911-06-17_104_24	https://archive.org/download/sim_scientific-american_1911-06-17_104_24/sim_scientific-american_1911-06-17_104_24_djvu.txt	?	-
sim_scientific-american_1911-06-24_104_25	https://archive.org/download/sim_scientific-american_1911-06-24_104_25/sim_scientific-american_1911-06-24_104_25_djvu.txt	?	-
sim_scientific-american_1911-07-01_105_1	https://archive.org/download/sim_scientific-american_1911-07-01_105_1/sim_scientific-american_1911-07-01_105_1_djvu.txt	?	-
sim_scientific-american_1911-07-08_105_2	https://archive.org/download/sim_scientific-american_1911-07-08_105_2/sim_scientific-american_1911-07-08_105_2_djvu.txt	?	-
sim_scientific-american_1911-07-15_105_3	https://archive.org/download/sim_scientific-american_1911-07-15_105_3/sim_scientific-american_1911-07-15_105_3_djvu.txt	?	-
sim_scientific-american_1911-07-22_105_4	https://archive.org/download/sim_scientific-american_1911-07-22_105_4/sim_scientific-american_1911-07-22_105_4_djvu.txt	?	-
sim_scientific-american_1911-07-29_105_5	https://archive.org/download/sim_scientific-american_1911-07-29_105_5/sim_scientific-american_1911-07-29_105_5_djvu.txt	?	-
sim_scientific-american_1911-08-05_105_6	https://archive.org/download/sim_scientific-american_1911-08-05_105_6/sim_scientific-american_1911-08-05_105_6_djvu.txt	?	-
sim_scientific-american_1911-08-12_105_7	https://archive.org/download/sim_scientific-american_1911-08-12_105_7/sim_scientific-american_1911-08-12_105_7_djvu.txt	?	-
sim_scientific-american_1911-08-19_105_8	https://archive.org/download/sim_scientific-american_1911-08-19_105_8/sim_scientific-american_1911-08-19_105_8_djvu.txt	?	-
sim_scientific-american_1911-08-26_105_9	https://archive.org/download/sim_scientific-american_1911-08-26_105_9/sim_scientific-american_1911-08-26_105_9_djvu.txt	?	-
sim_scientific-american_1911-09-02_105_10	https://archive.org/download/sim_scientific-american_1911-09-02_105_10/sim_scientific-american_1911-09-02_105_10_djvu.txt	?	-
sim_scientific-american_1911-09-09_105_11	https://archive.org/download/sim_scientific-american_1911-09-09_105_11/sim_scientific-american_1911-09-09_105_11_djvu.txt	?	-
sim_scientific-american_1911-09-16_105_12	https://archive.org/download/sim_scientific-american_1911-09-16_105_12/sim_scientific-american_1911-09-16_105_12_djvu.txt	?	-
sim_scientific-american_1911-09-23_105_13	https://archive.org/download/sim_scientific-american_1911-09-23_105_13/sim_scientific-american_1911-09-23_105_13_djvu.txt	?	-
sim_scientific-american_1911-09-30_105_14	https://archive.org/download/sim_scientific-american_1911-09-30_105_14/sim_scientific-american_1911-09-30_105_14_djvu.txt	?	-
sim_scientific-american_1911-10-07_105_15	https://archive.org/download/sim_scientific-american_1911-10-07_105_15/sim_scientific-american_1911-10-07_105_15_djvu.txt	?	-
sim_scientific-american_1911-10-14_105_16	https://archive.org/download/sim_scientific-american_1911-10-14_105_16/sim_scientific-american_1911-10-14_105_16_djvu.txt	?	-
sim_scientific-american_1911-10-21_105_17	https://archive.org/download/sim_scientific-american_1911-10-21_105_17/sim_scientific-american_1911-10-21_105_17_djvu.txt	?	-
sim_scientific-american_1911-10-28_105_18	https://archive.org/download/sim_scientific-american_1911-10-28_105_18/sim_scientific-american_1911-10-28_105_18_djvu.txt	?	-
sim_scientific-american_1911-11-04_105_19	https://archive.org/download/sim_scientific-american_1911-11-04_105_19/sim_scientific-american_1911-11-04_105_19_djvu.txt	?	-
sim_scientific-american_1911-11-11_105_20	https://archive.org/download/sim_scientific-american_1911-11-11_105_20/sim_scientific-american_1911-11-11_105_20_djvu.txt	?	-
sim_scientific-american_1911-11-18_105_21	https://archive.org/download/sim_scientific-american_1911-11-18_105_21/sim_scientific-american_1911-11-18_105_21_djvu.txt	?	-
sim_scientific-american_1911-11-25_105_22	https://archive.org/download/sim_scientific-american_1911-11-25_105_22/sim_scientific-american_1911-11-25_105_22_djvu.txt	?	-
sim_scientific-american_1911-12-02_105_23	https://archive.org/download/sim_scientific-american_1911-12-02_105_23/sim_scientific-american_1911-12-02_105_23_djvu.txt	?	-
sim_scientific-american_1911-12-09_105_24	https://archive.org/download/sim_scientific-american_1911-12-09_105_24/sim_scientific-american_1911-12-09_105_24_djvu.txt	?	-
sim_scientific-american_1911-12-16_105_25	https://archive.org/download/sim_scientific-american_1911-12-16_105_25/sim_scientific-american_1911-12-16_105_25_djvu.txt	?	-
sim_scientific-american_1911-12-23_105_26	https://archive.org/download/sim_scientific-american_1911-12-23_105_26/sim_scientific-american_1911-12-23_105_26_djvu.txt	?	-
sim_scientific-american_1911-12-30_105_27	https://archive.org/download/sim_scientific-american_1911-12-30_105_27/sim_scientific-american_1911-12-30_105_27_djvu.txt	?	-
sim_scientific-american_1911_104_index	https://archive.org/download/sim_scientific-american_1911_104_index/sim_scientific-american_1911_104_index_djvu.txt	?	-
sim_scientific-american_1911_105_index	https://archive.org/download/sim_scientific-american_1911_105_index/sim_scientific-american_1911_105_index_djvu.txt	?	-
sim_scientific-american_1912-01-06_106_1	https://archive.org/download/sim_scientific-american_1912-01-06_106_1/sim_scientific-american_1912-01-06_106_1_djvu.txt	?	-
sim_scientific-american_1912-01-13_106_2	https://archive.org/download/sim_scientific-american_1912-01-13_106_2/sim_scientific-american_1912-01-13_106_2_djvu.txt	?	-
sim_scientific-american_1912-01-20_106_3	https://archive.org/download/sim_scientific-american_1912-01-20_106_3/sim_scientific-american_1912-01-20_106_3_djvu.txt	?	-
sim_scientific-american_1912-01-27_106_4	https://archive.org/download/sim_scientific-american_1912-01-27_106_4/sim_scientific-american_1912-01-27_106_4_djvu.txt	?	-
sim_scientific-american_1912-02-03_106_5	https://archive.org/download/sim_scientific-american_1912-02-03_106_5/sim_scientific-american_1912-02-03_106_5_djvu.txt	?	-
sim_scientific-american_1912-02-10_106_6	https://archive.org/download/sim_scientific-american_1912-02-10_106_6/sim_scientific-american_1912-02-10_106_6_djvu.txt	?	-
sim_scientific-american_1912-02-17_106_7	https://archive.org/download/sim_scientific-american_1912-02-17_106_7/sim_scientific-american_1912-02-17_106_7_djvu.txt	?	-
sim_scientific-american_1912-02-24_106_8	https://archive.org/download/sim_scientific-american_1912-02-24_106_8/sim_scientific-american_1912-02-24_106_8_djvu.txt	?	-
sim_scientific-american_1912-03-02_106_9	https://archive.org/download/sim_scientific-american_1912-03-02_106_9/sim_scientific-american_1912-03-02_106_9_djvu.txt	?	-
sim_scientific-american_1912-03-09_106_10	https://archive.org/download/sim_scientific-american_1912-03-09_106_10/sim_scientific-american_1912-03-09_106_10_djvu.txt	?	-
sim_scientific-american_1912-03-16_106_11	https://archive.org/download/sim_scientific-american_1912-03-16_106_11/sim_scientific-american_1912-03-16_106_11_djvu.txt	?	-
sim_scientific-american_1912-03-23_106_12	https://archive.org/download/sim_scientific-american_1912-03-23_106_12/sim_scientific-american_1912-03-23_106_12_djvu.txt	?	-
sim_scientific-american_1912-03-30_106_13	https://archive.org/download/sim_scientific-american_1912-03-30_106_13/sim_scientific-american_1912-03-30_106_13_djvu.txt	?	-
sim_scientific-american_1912-04-06_106_14	https://archive.org/download/sim_scientific-american_1912-04-06_106_14/sim_scientific-american_1912-04-06_106_14_djvu.txt	?	-
sim_scientific-american_1912-04-13_106_15	https://archive.org/download/sim_scientific-american_1912-04-13_106_15/sim_scientific-american_1912-04-13_106_15_djvu.txt	?	-
sim_scientific-american_1912-04-20_106_16	https://archive.org/download/sim_scientific-american_1912-04-20_106_16/sim_scientific-american_1912-04-20_106_16_djvu.txt	?	-
sim_scientific-american_1912-04-27_106_17	https://archive.org/download/sim_scientific-american_1912-04-27_106_17/sim_scientific-american_1912-04-27_106_17_djvu.txt	?	-
sim_scientific-american_1912-05-04_106_18	https://archive.org/download/sim_scientific-american_1912-05-04_106_18/sim_scientific-american_1912-05-04_106_18_djvu.txt	?	-
sim_scientific-american_1912-05-11_106_19	https://archive.org/download/sim_scientific-american_1912-05-11_106_19/sim_scientific-american_1912-05-11_106_19_djvu.txt	?	-
sim_scientific-american_1912-05-18_106_20	https://archive.org/download/sim_scientific-american_1912-05-18_106_20/sim_scientific-american_1912-05-18_106_20_djvu.txt	?	-
sim_scientific-american_1912-05-25_106_21	https://archive.org/download/sim_scientific-american_1912-05-25_106_21/sim_scientific-american_1912-05-25_106_21_djvu.txt	?	-
sim_scientific-american_1912-06-01_106_22	https://archive.org/download/sim_scientific-american_1912-06-01_106_22/sim_scientific-american_1912-06-01_106_22_djvu.txt	?	-
sim_scientific-american_1912-06-08_106_23	https://archive.org/download/sim_scientific-american_1912-06-08_106_23/sim_scientific-american_1912-06-08_106_23_djvu.txt	?	-
sim_scientific-american_1912-06-15_106_24	https://archive.org/download/sim_scientific-american_1912-06-15_106_24/sim_scientific-american_1912-06-15_106_24_djvu.txt	?	-
sim_scientific-american_1912-06-22_106_25	https://archive.org/download/sim_scientific-american_1912-06-22_106_25/sim_scientific-american_1912-06-22_106_25_djvu.txt	?	-
sim_scientific-american_1912-06-29_106_26	https://archive.org/download/sim_scientific-american_1912-06-29_106_26/sim_scientific-american_1912-06-29_106_26_djvu.txt	?	-
sim_scientific-american_1912-07-06_107_1	https://archive.org/download/sim_scientific-american_1912-07-06_107_1/sim_scientific-american_1912-07-06_107_1_djvu.txt	?	-
sim_scientific-american_1912-07-13_107_2	https://archive.org/download/sim_scientific-american_1912-07-13_107_2/sim_scientific-american_1912-07-13_107_2_djvu.txt	?	-
sim_scientific-american_1912-07-20_107_3	https://archive.org/download/sim_scientific-american_1912-07-20_107_3/sim_scientific-american_1912-07-20_107_3_djvu.txt	?	-
sim_scientific-american_1912-07-27_107_4	https://archive.org/download/sim_scientific-american_1912-07-27_107_4/sim_scientific-american_1912-07-27_107_4_djvu.txt	?	-
sim_scientific-american_1912-08-03_107_5	https://archive.org/download/sim_scientific-american_1912-08-03_107_5/sim_scientific-american_1912-08-03_107_5_djvu.txt	?	-
sim_scientific-american_1912-08-10_107_6	https://archive.org/download/sim_scientific-american_1912-08-10_107_6/sim_scientific-american_1912-08-10_107_6_djvu.txt	?	-
sim_scientific-american_1912-08-17_107_7	https://archive.org/download/sim_scientific-american_1912-08-17_107_7/sim_scientific-american_1912-08-17_107_7_djvu.txt	?	-
sim_scientific-american_1912-08-24_107_8	https://archive.org/download/sim_scientific-american_1912-08-24_107_8/sim_scientific-american_1912-08-24_107_8_djvu.txt	?	-
sim_scientific-american_1912-08-31_107_9	https://archive.org/download/sim_scientific-american_1912-08-31_107_9/sim_scientific-american_1912-08-31_107_9_djvu.txt	?	-
sim_scientific-american_1912-09-07_107_10	https://archive.org/download/sim_scientific-american_1912-09-07_107_10/sim_scientific-american_1912-09-07_107_10_djvu.txt	?	-
sim_scientific-american_1912-09-14_107_11	https://archive.org/download/sim_scientific-american_1912-09-14_107_11/sim_scientific-american_1912-09-14_107_11_djvu.txt	?	-
sim_scientific-american_1912-09-21_107_12	https://archive.org/download/sim_scientific-american_1912-09-21_107_12/sim_scientific-american_1912-09-21_107_12_djvu.txt	?	-
sim_scientific-american_1912-09-28_107_13	https://archive.org/download/sim_scientific-american_1912-09-28_107_13/sim_scientific-american_1912-09-28_107_13_djvu.txt	?	-
sim_scientific-american_1912-10-05_107_14	https://archive.org/download/sim_scientific-american_1912-10-05_107_14/sim_scientific-american_1912-10-05_107_14_djvu.txt	?	-
sim_scientific-american_1912-10-12_107_15	https://archive.org/download/sim_scientific-american_1912-10-12_107_15/sim_scientific-american_1912-10-12_107_15_djvu.txt	?	-
sim_scientific-american_1912-10-19_107_16	https://archive.org/download/sim_scientific-american_1912-10-19_107_16/sim_scientific-american_1912-10-19_107_16_djvu.txt	?	-
sim_scientific-american_1912-10-26_107_17	https://archive.org/download/sim_scientific-american_1912-10-26_107_17/sim_scientific-american_1912-10-26_107_17_djvu.txt	?	-
sim_scientific-american_1912-11-02_107_18	https://archive.org/download/sim_scientific-american_1912-11-02_107_18/sim_scientific-american_1912-11-02_107_18_djvu.txt	?	-
sim_scientific-american_1912-11-09_107_19	https://archive.org/download/sim_scientific-american_1912-11-09_107_19/sim_scientific-american_1912-11-09_107_19_djvu.txt	?	-
sim_scientific-american_1912-11-16_107_20	https://archive.org/download/sim_scientific-american_1912-11-16_107_20/sim_scientific-american_1912-11-16_107_20_djvu.txt	?	-
sim_scientific-american_1912-11-23_107_21	https://archive.org/download/sim_scientific-american_1912-11-23_107_21/sim_scientific-american_1912-11-23_107_21_djvu.txt	?	-
sim_scientific-american_1912-11-30_107_22	https://archive.org/download/sim_scientific-american_1912-11-30_107_22/sim_scientific-american_1912-11-30_107_22_djvu.txt	?	-
sim_scientific-american_1912-12-07_107_23	https://archive.org/download/sim_scientific-american_1912-12-07_107_23/sim_scientific-american_1912-12-07_107_23_djvu.txt	?	-
sim_scientific-american_1912-12-14_107_24	https://archive.org/download/sim_scientific-american_1912-12-14_107_24/sim_scientific-american_1912-12-14_107_24_djvu.txt	?	-
sim_scientific-american_1912-12-21_107_25	https://archive.org/download/sim_scientific-american_1912-12-21_107_25/sim_scientific-american_1912-12-21_107_25_djvu.txt	?	-
sim_scientific-american_1912-12-28_107_26	https://archive.org/download/sim_scientific-american_1912-12-28_107_26/sim_scientific-american_1912-12-28_107_26_djvu.txt	?	-
sim_scientific-american_1912_106_index	https://archive.org/download/sim_scientific-american_1912_106_index/sim_scientific-american_1912_106_index_djvu.txt	?	-
sim_scientific-american_1912_107_index	https://archive.org/download/sim_scientific-american_1912_107_index/sim_scientific-american_1912_107_index_djvu.txt	?	-
sim_scientific-american_1913-01-04_108_1	https://archive.org/download/sim_scientific-american_1913-01-04_108_1/sim_scientific-american_1913-01-04_108_1_djvu.txt	?	-
sim_scientific-american_1913-01-11_108_2	https://archive.org/download/sim_scientific-american_1913-01-11_108_2/sim_scientific-american_1913-01-11_108_2_djvu.txt	?	-
sim_scientific-american_1913-01-18_108_3	https://archive.org/download/sim_scientific-american_1913-01-18_108_3/sim_scientific-american_1913-01-18_108_3_djvu.txt	?	-
sim_scientific-american_1913-01-25_108_4	https://archive.org/download/sim_scientific-american_1913-01-25_108_4/sim_scientific-american_1913-01-25_108_4_djvu.txt	?	-
sim_scientific-american_1913-02-01_108_5	https://archive.org/download/sim_scientific-american_1913-02-01_108_5/sim_scientific-american_1913-02-01_108_5_djvu.txt	?	-
sim_scientific-american_1913-02-08_108_6	https://archive.org/download/sim_scientific-american_1913-02-08_108_6/sim_scientific-american_1913-02-08_108_6_djvu.txt	?	-
sim_scientific-american_1913-02-15_108_7	https://archive.org/download/sim_scientific-american_1913-02-15_108_7/sim_scientific-american_1913-02-15_108_7_djvu.txt	?	-
sim_scientific-american_1913-02-22_108_8	https://archive.org/download/sim_scientific-american_1913-02-22_108_8/sim_scientific-american_1913-02-22_108_8_djvu.txt	?	-
sim_scientific-american_1913-03-01_108_9	https://archive.org/download/sim_scientific-american_1913-03-01_108_9/sim_scientific-american_1913-03-01_108_9_djvu.txt	?	-
sim_scientific-american_1913-03-08_108_10	https://archive.org/download/sim_scientific-american_1913-03-08_108_10/sim_scientific-american_1913-03-08_108_10_djvu.txt	?	-
sim_scientific-american_1913-03-15_108_11	https://archive.org/download/sim_scientific-american_1913-03-15_108_11/sim_scientific-american_1913-03-15_108_11_djvu.txt	?	-
sim_scientific-american_1913-03-22_108_12	https://archive.org/download/sim_scientific-american_1913-03-22_108_12/sim_scientific-american_1913-03-22_108_12_djvu.txt	?	-
sim_scientific-american_1913-03-29_108_13	https://archive.org/download/sim_scientific-american_1913-03-29_108_13/sim_scientific-american_1913-03-29_108_13_djvu.txt	?	-
sim_scientific-american_1913-04-05_108_14	https://archive.org/download/sim_scientific-american_1913-04-05_108_14/sim_scientific-american_1913-04-05_108_14_djvu.txt	?	-
sim_scientific-american_1913-04-12_108_15	https://archive.org/download/sim_scientific-american_1913-04-12_108_15/sim_scientific-american_1913-04-12_108_15_djvu.txt	?	-
sim_scientific-american_1913-04-19_108_16	https://archive.org/download/sim_scientific-american_1913-04-19_108_16/sim_scientific-american_1913-04-19_108_16_djvu.txt	?	-
sim_scientific-american_1913-04-26_108_17	https://archive.org/download/sim_scientific-american_1913-04-26_108_17/sim_scientific-american_1913-04-26_108_17_djvu.txt	?	-
sim_scientific-american_1913-05-03_108_18	https://archive.org/download/sim_scientific-american_1913-05-03_108_18/sim_scientific-american_1913-05-03_108_18_djvu.txt	?	-
sim_scientific-american_1913-05-10_108_19	https://archive.org/download/sim_scientific-american_1913-05-10_108_19/sim_scientific-american_1913-05-10_108_19_djvu.txt	?	-
sim_scientific-american_1913-05-17_108_20	https://archive.org/download/sim_scientific-american_1913-05-17_108_20/sim_scientific-american_1913-05-17_108_20_djvu.txt	?	-
sim_scientific-american_1913-05-24_108_21	https://archive.org/download/sim_scientific-american_1913-05-24_108_21/sim_scientific-american_1913-05-24_108_21_djvu.txt	?	-
sim_scientific-american_1913-05-31_108_22	https://archive.org/download/sim_scientific-american_1913-05-31_108_22/sim_scientific-american_1913-05-31_108_22_djvu.txt	?	-
sim_scientific-american_1913-06-07_108_23	https://archive.org/download/sim_scientific-american_1913-06-07_108_23/sim_scientific-american_1913-06-07_108_23_djvu.txt	?	-
sim_scientific-american_1913-06-14_108_24	https://archive.org/download/sim_scientific-american_1913-06-14_108_24/sim_scientific-american_1913-06-14_108_24_djvu.txt	?	-
sim_scientific-american_1913-06-21_108_25	https://archive.org/download/sim_scientific-american_1913-06-21_108_25/sim_scientific-american_1913-06-21_108_25_djvu.txt	?	-
sim_scientific-american_1913-06-28_108_26	https://archive.org/download/sim_scientific-american_1913-06-28_108_26/sim_scientific-american_1913-06-28_108_26_djvu.txt	?	-
sim_scientific-american_1913-07-05_109_1	https://archive.org/download/sim_scientific-american_1913-07-05_109_1/sim_scientific-american_1913-07-05_109_1_djvu.txt	?	-
sim_scientific-american_1913-07-12_109_2	https://archive.org/download/sim_scientific-american_1913-07-12_109_2/sim_scientific-american_1913-07-12_109_2_djvu.txt	?	-
sim_scientific-american_1913-07-19_109_3	https://archive.org/download/sim_scientific-american_1913-07-19_109_3/sim_scientific-american_1913-07-19_109_3_djvu.txt	?	-
sim_scientific-american_1913-07-26_109_4	https://archive.org/download/sim_scientific-american_1913-07-26_109_4/sim_scientific-american_1913-07-26_109_4_djvu.txt	?	-
sim_scientific-american_1913-08-02_109_5	https://archive.org/download/sim_scientific-american_1913-08-02_109_5/sim_scientific-american_1913-08-02_109_5_djvu.txt	?	-
sim_scientific-american_1913-08-09_109_6	https://archive.org/download/sim_scientific-american_1913-08-09_109_6/sim_scientific-american_1913-08-09_109_6_djvu.txt	?	-
sim_scientific-american_1913-08-16_109_7	https://archive.org/download/sim_scientific-american_1913-08-16_109_7/sim_scientific-american_1913-08-16_109_7_djvu.txt	?	-
sim_scientific-american_1913-08-23_109_8	https://archive.org/download/sim_scientific-american_1913-08-23_109_8/sim_scientific-american_1913-08-23_109_8_djvu.txt	?	-
sim_scientific-american_1913-08-30_109_9	https://archive.org/download/sim_scientific-american_1913-08-30_109_9/sim_scientific-american_1913-08-30_109_9_djvu.txt	?	-
sim_scientific-american_1913-09-06_109_10	https://archive.org/download/sim_scientific-american_1913-09-06_109_10/sim_scientific-american_1913-09-06_109_10_djvu.txt	?	-
sim_scientific-american_1913-09-13_109_11	https://archive.org/download/sim_scientific-american_1913-09-13_109_11/sim_scientific-american_1913-09-13_109_11_djvu.txt	?	-
sim_scientific-american_1913-09-20_109_12	https://archive.org/download/sim_scientific-american_1913-09-20_109_12/sim_scientific-american_1913-09-20_109_12_djvu.txt	?	-
sim_scientific-american_1913-09-27_109_13	https://archive.org/download/sim_scientific-american_1913-09-27_109_13/sim_scientific-american_1913-09-27_109_13_djvu.txt	?	-
sim_scientific-american_1913-10-04_109_14	https://archive.org/download/sim_scientific-american_1913-10-04_109_14/sim_scientific-american_1913-10-04_109_14_djvu.txt	?	-
sim_scientific-american_1913-10-11_109_15	https://archive.org/download/sim_scientific-american_1913-10-11_109_15/sim_scientific-american_1913-10-11_109_15_djvu.txt	?	-
sim_scientific-american_1913-10-18_109_16	https://archive.org/download/sim_scientific-american_1913-10-18_109_16/sim_scientific-american_1913-10-18_109_16_djvu.txt	?	-
sim_scientific-american_1913-10-25_109_17	https://archive.org/download/sim_scientific-american_1913-10-25_109_17/sim_scientific-american_1913-10-25_109_17_djvu.txt	?	-
sim_scientific-american_1913-11-01_109_18	https://archive.org/download/sim_scientific-american_1913-11-01_109_18/sim_scientific-american_1913-11-01_109_18_djvu.txt	?	-
sim_scientific-american_1913-11-08_109_19	https://archive.org/download/sim_scientific-american_1913-11-08_109_19/sim_scientific-american_1913-11-08_109_19_djvu.txt	?	-
sim_scientific-american_1913-11-15_109_20	https://archive.org/download/sim_scientific-american_1913-11-15_109_20/sim_scientific-american_1913-11-15_109_20_djvu.txt	?	-
sim_scientific-american_1913-11-22_109_21	https://archive.org/download/sim_scientific-american_1913-11-22_109_21/sim_scientific-american_1913-11-22_109_21_djvu.txt	?	-
sim_scientific-american_1913-11-29_109_22	https://archive.org/download/sim_scientific-american_1913-11-29_109_22/sim_scientific-american_1913-11-29_109_22_djvu.txt	?	-
sim_scientific-american_1913-12-06_109_23	https://archive.org/download/sim_scientific-american_1913-12-06_109_23/sim_scientific-american_1913-12-06_109_23_djvu.txt	?	-
sim_scientific-american_1913-12-13_109_24	https://archive.org/download/sim_scientific-american_1913-12-13_109_24/sim_scientific-american_1913-12-13_109_24_djvu.txt	?	-
sim_scientific-american_1913-12-20_109_25	https://archive.org/download/sim_scientific-american_1913-12-20_109_25/sim_scientific-american_1913-12-20_109_25_djvu.txt	?	-
sim_scientific-american_1913-12-27_109_26	https://archive.org/download/sim_scientific-american_1913-12-27_109_26/sim_scientific-american_1913-12-27_109_26_djvu.txt	?	-
sim_scientific-american_1913_108_index	https://archive.org/download/sim_scientific-american_1913_108_index/sim_scientific-american_1913_108_index_djvu.txt	?	-
sim_scientific-american_1913_109_index	https://archive.org/download/sim_scientific-american_1913_109_index/sim_scientific-american_1913_109_index_djvu.txt	?	-
sim_scientific-american_1914-01-03_110_1	https://archive.org/download/sim_scientific-american_1914-01-03_110_1/sim_scientific-american_1914-01-03_110_1_djvu.txt	?	-
sim_scientific-american_1914-01-10_110_2	https://archive.org/download/sim_scientific-american_1914-01-10_110_2/sim_scientific-american_1914-01-10_110_2_djvu.txt	?	-
sim_scientific-american_1914-01-17_110_3	https://archive.org/download/sim_scientific-american_1914-01-17_110_3/sim_scientific-american_1914-01-17_110_3_djvu.txt	?	-
sim_scientific-american_1914-01-24_110_4	https://archive.org/download/sim_scientific-american_1914-01-24_110_4/sim_scientific-american_1914-01-24_110_4_djvu.txt	?	-
sim_scientific-american_1914-01-31_110_5	https://archive.org/download/sim_scientific-american_1914-01-31_110_5/sim_scientific-american_1914-01-31_110_5_djvu.txt	?	-
sim_scientific-american_1914-02-07_110_6	https://archive.org/download/sim_scientific-american_1914-02-07_110_6/sim_scientific-american_1914-02-07_110_6_djvu.txt	?	-
sim_scientific-american_1914-02-14_110_7	https://archive.org/download/sim_scientific-american_1914-02-14_110_7/sim_scientific-american_1914-02-14_110_7_djvu.txt	?	-
sim_scientific-american_1914-02-21_110_8	https://archive.org/download/sim_scientific-american_1914-02-21_110_8/sim_scientific-american_1914-02-21_110_8_djvu.txt	?	-
sim_scientific-american_1914-02-28_110_9	https://archive.org/download/sim_scientific-american_1914-02-28_110_9/sim_scientific-american_1914-02-28_110_9_djvu.txt	?	-
sim_scientific-american_1914-03-07_110_10	https://archive.org/download/sim_scientific-american_1914-03-07_110_10/sim_scientific-american_1914-03-07_110_10_djvu.txt	?	-
sim_scientific-american_1914-03-14_110_11	https://archive.org/download/sim_scientific-american_1914-03-14_110_11/sim_scientific-american_1914-03-14_110_11_djvu.txt	?	-
sim_scientific-american_1914-03-21_110_12	https://archive.org/download/sim_scientific-american_1914-03-21_110_12/sim_scientific-american_1914-03-21_110_12_djvu.txt	?	-
sim_scientific-american_1914-03-28_110_13	https://archive.org/download/sim_scientific-american_1914-03-28_110_13/sim_scientific-american_1914-03-28_110_13_djvu.txt	?	-
sim_scientific-american_1914-04-04_110_14	https://archive.org/download/sim_scientific-american_1914-04-04_110_14/sim_scientific-american_1914-04-04_110_14_djvu.txt	?	-
sim_scientific-american_1914-04-11_110_15	https://archive.org/download/sim_scientific-american_1914-04-11_110_15/sim_scientific-american_1914-04-11_110_15_djvu.txt	?	-
sim_scientific-american_1914-04-18_110_16	https://archive.org/download/sim_scientific-american_1914-04-18_110_16/sim_scientific-american_1914-04-18_110_16_djvu.txt	?	-
sim_scientific-american_1914-04-25_110_17	https://archive.org/download/sim_scientific-american_1914-04-25_110_17/sim_scientific-american_1914-04-25_110_17_djvu.txt	?	-
sim_scientific-american_1914-05-02_110_18	https://archive.org/download/sim_scientific-american_1914-05-02_110_18/sim_scientific-american_1914-05-02_110_18_djvu.txt	?	-
sim_scientific-american_1914-05-09_110_19	https://archive.org/download/sim_scientific-american_1914-05-09_110_19/sim_scientific-american_1914-05-09_110_19_djvu.txt	?	-
sim_scientific-american_1914-05-16_110_20	https://archive.org/download/sim_scientific-american_1914-05-16_110_20/sim_scientific-american_1914-05-16_110_20_djvu.txt	?	-
sim_scientific-american_1914-05-23_110_21	https://archive.org/download/sim_scientific-american_1914-05-23_110_21/sim_scientific-american_1914-05-23_110_21_djvu.txt	?	-
sim_scientific-american_1914-05-30_110_22	https://archive.org/download/sim_scientific-american_1914-05-30_110_22/sim_scientific-american_1914-05-30_110_22_djvu.txt	?	-
sim_scientific-american_1914-06-06_110_23	https://archive.org/download/sim_scientific-american_1914-06-06_110_23/sim_scientific-american_1914-06-06_110_23_djvu.txt	?	-
sim_scientific-american_1914-06-13_110_24	https://archive.org/download/sim_scientific-american_1914-06-13_110_24/sim_scientific-american_1914-06-13_110_24_djvu.txt	?	-
sim_scientific-american_1914-06-20_110_25	https://archive.org/download/sim_scientific-american_1914-06-20_110_25/sim_scientific-american_1914-06-20_110_25_djvu.txt	?	-
sim_scientific-american_1914-06-27_110_26	https://archive.org/download/sim_scientific-american_1914-06-27_110_26/sim_scientific-american_1914-06-27_110_26_djvu.txt	?	-
sim_scientific-american_1914-07-04_111_1	https://archive.org/download/sim_scientific-american_1914-07-04_111_1/sim_scientific-american_1914-07-04_111_1_djvu.txt	?	-
sim_scientific-american_1914-07-11_111_2	https://archive.org/download/sim_scientific-american_1914-07-11_111_2/sim_scientific-american_1914-07-11_111_2_djvu.txt	?	-
sim_scientific-american_1914-07-18_111_3	https://archive.org/download/sim_scientific-american_1914-07-18_111_3/sim_scientific-american_1914-07-18_111_3_djvu.txt	?	-
sim_scientific-american_1914-07-25_111_4	https://archive.org/download/sim_scientific-american_1914-07-25_111_4/sim_scientific-american_1914-07-25_111_4_djvu.txt	?	-
sim_scientific-american_1914-08-01_111_5	https://archive.org/download/sim_scientific-american_1914-08-01_111_5/sim_scientific-american_1914-08-01_111_5_djvu.txt	?	-
sim_scientific-american_1914-08-08_111_6	https://archive.org/download/sim_scientific-american_1914-08-08_111_6/sim_scientific-american_1914-08-08_111_6_djvu.txt	?	-
sim_scientific-american_1914-08-15_111_7	https://archive.org/download/sim_scientific-american_1914-08-15_111_7/sim_scientific-american_1914-08-15_111_7_djvu.txt	?	-
sim_scientific-american_1914-08-22_111_8	https://archive.org/download/sim_scientific-american_1914-08-22_111_8/sim_scientific-american_1914-08-22_111_8_djvu.txt	?	-
sim_scientific-american_1914-08-29_111_9	https://archive.org/download/sim_scientific-american_1914-08-29_111_9/sim_scientific-american_1914-08-29_111_9_djvu.txt	?	-
sim_scientific-american_1914-09-05_111_10	https://archive.org/download/sim_scientific-american_1914-09-05_111_10/sim_scientific-american_1914-09-05_111_10_djvu.txt	?	-
sim_scientific-american_1914-09-12_111_11	https://archive.org/download/sim_scientific-american_1914-09-12_111_11/sim_scientific-american_1914-09-12_111_11_djvu.txt	?	-
sim_scientific-american_1914-09-19_111_12	https://archive.org/download/sim_scientific-american_1914-09-19_111_12/sim_scientific-american_1914-09-19_111_12_djvu.txt	?	-
sim_scientific-american_1914-09-26_111_13	https://archive.org/download/sim_scientific-american_1914-09-26_111_13/sim_scientific-american_1914-09-26_111_13_djvu.txt	?	-
sim_scientific-american_1914-10-03_111_14	https://archive.org/download/sim_scientific-american_1914-10-03_111_14/sim_scientific-american_1914-10-03_111_14_djvu.txt	?	-
sim_scientific-american_1914-10-10_111_15	https://archive.org/download/sim_scientific-american_1914-10-10_111_15/sim_scientific-american_1914-10-10_111_15_djvu.txt	?	-
sim_scientific-american_1914-10-17_111_16	https://archive.org/download/sim_scientific-american_1914-10-17_111_16/sim_scientific-american_1914-10-17_111_16_djvu.txt	?	-
sim_scientific-american_1914-10-24_111_17	https://archive.org/download/sim_scientific-american_1914-10-24_111_17/sim_scientific-american_1914-10-24_111_17_djvu.txt	?	-
sim_scientific-american_1914-10-31_111_18	https://archive.org/download/sim_scientific-american_1914-10-31_111_18/sim_scientific-american_1914-10-31_111_18_djvu.txt	?	-
sim_scientific-american_1914-11-07_111_19	https://archive.org/download/sim_scientific-american_1914-11-07_111_19/sim_scientific-american_1914-11-07_111_19_djvu.txt	?	-
sim_scientific-american_1914-11-14_111_20	https://archive.org/download/sim_scientific-american_1914-11-14_111_20/sim_scientific-american_1914-11-14_111_20_djvu.txt	?	-
sim_scientific-american_1914-11-21_111_21	https://archive.org/download/sim_scientific-american_1914-11-21_111_21/sim_scientific-american_1914-11-21_111_21_djvu.txt	?	-
sim_scientific-american_1914-11-28_111_22	https://archive.org/download/sim_scientific-american_1914-11-28_111_22/sim_scientific-american_1914-11-28_111_22_djvu.txt	?	-
sim_scientific-american_1914-12-05_111_23	https://archive.org/download/sim_scientific-american_1914-12-05_111_23/sim_scientific-american_1914-12-05_111_23_djvu.txt	?	-
sim_scientific-american_1914-12-12_111_24	https://archive.org/download/sim_scientific-american_1914-12-12_111_24/sim_scientific-american_1914-12-12_111_24_djvu.txt	?	-
sim_scientific-american_1914-12-19_111_25	https://archive.org/download/sim_scientific-american_1914-12-19_111_25/sim_scientific-american_1914-12-19_111_25_djvu.txt	?	-
sim_scientific-american_1914-12-26_111_26	https://archive.org/download/sim_scientific-american_1914-12-26_111_26/sim_scientific-american_1914-12-26_111_26_djvu.txt	?	-
sim_scientific-american_1914_110_index	https://archive.org/download/sim_scientific-american_1914_110_index/sim_scientific-american_1914_110_index_djvu.txt	?	-
sim_scientific-american_1914_111_index	https://archive.org/download/sim_scientific-american_1914_111_index/sim_scientific-american_1914_111_index_djvu.txt	?	-
sim_scientific-american_1915-01-02_112_1	https://archive.org/download/sim_scientific-american_1915-01-02_112_1/sim_scientific-american_1915-01-02_112_1_djvu.txt	?	-
sim_scientific-american_1915-01-09_112_2	https://archive.org/download/sim_scientific-american_1915-01-09_112_2/sim_scientific-american_1915-01-09_112_2_djvu.txt	?	-
sim_scientific-american_1915-01-16_112_3	https://archive.org/download/sim_scientific-american_1915-01-16_112_3/sim_scientific-american_1915-01-16_112_3_djvu.txt	?	-
sim_scientific-american_1915-01-23_112_4	https://archive.org/download/sim_scientific-american_1915-01-23_112_4/sim_scientific-american_1915-01-23_112_4_djvu.txt	?	-
sim_scientific-american_1915-01-30_112_5	https://archive.org/download/sim_scientific-american_1915-01-30_112_5/sim_scientific-american_1915-01-30_112_5_djvu.txt	?	-
sim_scientific-american_1915-02-06_112_6	https://archive.org/download/sim_scientific-american_1915-02-06_112_6/sim_scientific-american_1915-02-06_112_6_djvu.txt	?	-
sim_scientific-american_1915-02-13_112_7	https://archive.org/download/sim_scientific-american_1915-02-13_112_7/sim_scientific-american_1915-02-13_112_7_djvu.txt	?	-
sim_scientific-american_1915-02-20_112_8	https://archive.org/download/sim_scientific-american_1915-02-20_112_8/sim_scientific-american_1915-02-20_112_8_djvu.txt	?	-
sim_scientific-american_1915-02-27_112_9	https://archive.org/download/sim_scientific-american_1915-02-27_112_9/sim_scientific-american_1915-02-27_112_9_djvu.txt	?	-
sim_scientific-american_1915-03-06_112_10	https://archive.org/download/sim_scientific-american_1915-03-06_112_10/sim_scientific-american_1915-03-06_112_10_djvu.txt	?	-
sim_scientific-american_1915-03-13_112_11	https://archive.org/download/sim_scientific-american_1915-03-13_112_11/sim_scientific-american_1915-03-13_112_11_djvu.txt	?	-
sim_scientific-american_1915-03-20_112_12	https://archive.org/download/sim_scientific-american_1915-03-20_112_12/sim_scientific-american_1915-03-20_112_12_djvu.txt	?	-
sim_scientific-american_1915-03-27_112_13	https://archive.org/download/sim_scientific-american_1915-03-27_112_13/sim_scientific-american_1915-03-27_112_13_djvu.txt	?	-
sim_scientific-american_1915-04-03_112_14	https://archive.org/download/sim_scientific-american_1915-04-03_112_14/sim_scientific-american_1915-04-03_112_14_djvu.txt	?	-
sim_scientific-american_1915-04-10_112_15	https://archive.org/download/sim_scientific-american_1915-04-10_112_15/sim_scientific-american_1915-04-10_112_15_djvu.txt	?	-
sim_scientific-american_1915-04-17_112_16	https://archive.org/download/sim_scientific-american_1915-04-17_112_16/sim_scientific-american_1915-04-17_112_16_djvu.txt	?	-
sim_scientific-american_1915-04-24_112_17	https://archive.org/download/sim_scientific-american_1915-04-24_112_17/sim_scientific-american_1915-04-24_112_17_djvu.txt	?	-
sim_scientific-american_1915-05-01_112_18	https://archive.org/download/sim_scientific-american_1915-05-01_112_18/sim_scientific-american_1915-05-01_112_18_djvu.txt	?	-
sim_scientific-american_1915-05-08_112_19	https://archive.org/download/sim_scientific-american_1915-05-08_112_19/sim_scientific-american_1915-05-08_112_19_djvu.txt	?	-
sim_scientific-american_1915-05-15_112_20	https://archive.org/download/sim_scientific-american_1915-05-15_112_20/sim_scientific-american_1915-05-15_112_20_djvu.txt	?	-
sim_scientific-american_1915-05-22_112_21	https://archive.org/download/sim_scientific-american_1915-05-22_112_21/sim_scientific-american_1915-05-22_112_21_djvu.txt	?	-
sim_scientific-american_1915-05-29_112_22	https://archive.org/download/sim_scientific-american_1915-05-29_112_22/sim_scientific-american_1915-05-29_112_22_djvu.txt	?	-
sim_scientific-american_1915-06-05_112_23	https://archive.org/download/sim_scientific-american_1915-06-05_112_23/sim_scientific-american_1915-06-05_112_23_djvu.txt	?	-
sim_scientific-american_1915-06-12_112_24	https://archive.org/download/sim_scientific-american_1915-06-12_112_24/sim_scientific-american_1915-06-12_112_24_djvu.txt	?	-
sim_scientific-american_1915-06-19_112_25	https://archive.org/download/sim_scientific-american_1915-06-19_112_25/sim_scientific-american_1915-06-19_112_25_djvu.txt	?	-
sim_scientific-american_1915-06-26_112_26	https://archive.org/download/sim_scientific-american_1915-06-26_112_26/sim_scientific-american_1915-06-26_112_26_djvu.txt	?	-
sim_scientific-american_1915-07-03_113_1	https://archive.org/download/sim_scientific-american_1915-07-03_113_1/sim_scientific-american_1915-07-03_113_1_djvu.txt	?	-
sim_scientific-american_1915-07-10_113_2	https://archive.org/download/sim_scientific-american_1915-07-10_113_2/sim_scientific-american_1915-07-10_113_2_djvu.txt	?	-
sim_scientific-american_1915-07-17_113_3	https://archive.org/download/sim_scientific-american_1915-07-17_113_3/sim_scientific-american_1915-07-17_113_3_djvu.txt	?	-
sim_scientific-american_1915-07-24_113_4	https://archive.org/download/sim_scientific-american_1915-07-24_113_4/sim_scientific-american_1915-07-24_113_4_djvu.txt	?	-
sim_scientific-american_1915-07-31_113_5	https://archive.org/download/sim_scientific-american_1915-07-31_113_5/sim_scientific-american_1915-07-31_113_5_djvu.txt	?	-
sim_scientific-american_1915-08-07_113_6	https://archive.org/download/sim_scientific-american_1915-08-07_113_6/sim_scientific-american_1915-08-07_113_6_djvu.txt	?	-
sim_scientific-american_1915-08-14_113_7	https://archive.org/download/sim_scientific-american_1915-08-14_113_7/sim_scientific-american_1915-08-14_113_7_djvu.txt	?	-
sim_scientific-american_1915-08-21_113_8	https://archive.org/download/sim_scientific-american_1915-08-21_113_8/sim_scientific-american_1915-08-21_113_8_djvu.txt	?	-
sim_scientific-american_1915-08-28_113_9	https://archive.org/download/sim_scientific-american_1915-08-28_113_9/sim_scientific-american_1915-08-28_113_9_djvu.txt	?	-
sim_scientific-american_1915-09-04_113_10	https://archive.org/download/sim_scientific-american_1915-09-04_113_10/sim_scientific-american_1915-09-04_113_10_djvu.txt	?	-
sim_scientific-american_1915-09-11_113_11	https://archive.org/download/sim_scientific-american_1915-09-11_113_11/sim_scientific-american_1915-09-11_113_11_djvu.txt	?	-
sim_scientific-american_1915-09-18_113_12	https://archive.org/download/sim_scientific-american_1915-09-18_113_12/sim_scientific-american_1915-09-18_113_12_djvu.txt	?	-
sim_scientific-american_1915-09-25_113_13	https://archive.org/download/sim_scientific-american_1915-09-25_113_13/sim_scientific-american_1915-09-25_113_13_djvu.txt	?	-
sim_scientific-american_1915-10-02_113_14	https://archive.org/download/sim_scientific-american_1915-10-02_113_14/sim_scientific-american_1915-10-02_113_14_djvu.txt	?	-
sim_scientific-american_1915-10-09_113_15	https://archive.org/download/sim_scientific-american_1915-10-09_113_15/sim_scientific-american_1915-10-09_113_15_djvu.txt	?	-
sim_scientific-american_1915-10-16_113_16	https://archive.org/download/sim_scientific-american_1915-10-16_113_16/sim_scientific-american_1915-10-16_113_16_djvu.txt	?	-
sim_scientific-american_1915-10-23_113_17	https://archive.org/download/sim_scientific-american_1915-10-23_113_17/sim_scientific-american_1915-10-23_113_17_djvu.txt	?	-
sim_scientific-american_1915-10-30_113_18	https://archive.org/download/sim_scientific-american_1915-10-30_113_18/sim_scientific-american_1915-10-30_113_18_djvu.txt	?	-
sim_scientific-american_1915-11-06_113_19	https://archive.org/download/sim_scientific-american_1915-11-06_113_19/sim_scientific-american_1915-11-06_113_19_djvu.txt	?	-
sim_scientific-american_1915-11-13_113_20	https://archive.org/download/sim_scientific-american_1915-11-13_113_20/sim_scientific-american_1915-11-13_113_20_djvu.txt	?	-
sim_scientific-american_1915-11-20_113_21	https://archive.org/download/sim_scientific-american_1915-11-20_113_21/sim_scientific-american_1915-11-20_113_21_djvu.txt	?	-
sim_scientific-american_1915-11-27_113_22	https://archive.org/download/sim_scientific-american_1915-11-27_113_22/sim_scientific-american_1915-11-27_113_22_djvu.txt	?	-
sim_scientific-american_1915-12-04_113_23	https://archive.org/download/sim_scientific-american_1915-12-04_113_23/sim_scientific-american_1915-12-04_113_23_djvu.txt	?	-
sim_scientific-american_1915-12-11_113_24	https://archive.org/download/sim_scientific-american_1915-12-11_113_24/sim_scientific-american_1915-12-11_113_24_djvu.txt	?	-
sim_scientific-american_1915-12-18_113_25	https://archive.org/download/sim_scientific-american_1915-12-18_113_25/sim_scientific-american_1915-12-18_113_25_djvu.txt	?	-
sim_scientific-american_1915-12-25_113_26	https://archive.org/download/sim_scientific-american_1915-12-25_113_26/sim_scientific-american_1915-12-25_113_26_djvu.txt	?	-
sim_scientific-american_1915_112_index	https://archive.org/download/sim_scientific-american_1915_112_index/sim_scientific-american_1915_112_index_djvu.txt	?	-
sim_scientific-american_1915_113_index	https://archive.org/download/sim_scientific-american_1915_113_index/sim_scientific-american_1915_113_index_djvu.txt	?	-
sim_scientific-american_1916-01-01_114_1	https://archive.org/download/sim_scientific-american_1916-01-01_114_1/sim_scientific-american_1916-01-01_114_1_djvu.txt	?	-
sim_scientific-american_1916-01-08_114_2	https://archive.org/download/sim_scientific-american_1916-01-08_114_2/sim_scientific-american_1916-01-08_114_2_djvu.txt	?	-
sim_scientific-american_1916-01-15_114_3	https://archive.org/download/sim_scientific-american_1916-01-15_114_3/sim_scientific-american_1916-01-15_114_3_djvu.txt	?	-
sim_scientific-american_1916-01-22_114_4	https://archive.org/download/sim_scientific-american_1916-01-22_114_4/sim_scientific-american_1916-01-22_114_4_djvu.txt	?	-
sim_scientific-american_1916-01-29_114_5	https://archive.org/download/sim_scientific-american_1916-01-29_114_5/sim_scientific-american_1916-01-29_114_5_djvu.txt	?	-
sim_scientific-american_1916-02-05_114_6	https://archive.org/download/sim_scientific-american_1916-02-05_114_6/sim_scientific-american_1916-02-05_114_6_djvu.txt	?	-
sim_scientific-american_1916-02-12_114_7	https://archive.org/download/sim_scientific-american_1916-02-12_114_7/sim_scientific-american_1916-02-12_114_7_djvu.txt	?	-
sim_scientific-american_1916-02-19_114_8	https://archive.org/download/sim_scientific-american_1916-02-19_114_8/sim_scientific-american_1916-02-19_114_8_djvu.txt	?	-
sim_scientific-american_1916-02-26_114_9	https://archive.org/download/sim_scientific-american_1916-02-26_114_9/sim_scientific-american_1916-02-26_114_9_djvu.txt	?	-
sim_scientific-american_1916-03-04_114_10	https://archive.org/download/sim_scientific-american_1916-03-04_114_10/sim_scientific-american_1916-03-04_114_10_djvu.txt	?	-
sim_scientific-american_1916-03-11_114_11	https://archive.org/download/sim_scientific-american_1916-03-11_114_11/sim_scientific-american_1916-03-11_114_11_djvu.txt	?	-
sim_scientific-american_1916-03-18_114_12	https://archive.org/download/sim_scientific-american_1916-03-18_114_12/sim_scientific-american_1916-03-18_114_12_djvu.txt	?	-
sim_scientific-american_1916-03-25_114_13	https://archive.org/download/sim_scientific-american_1916-03-25_114_13/sim_scientific-american_1916-03-25_114_13_djvu.txt	?	-
sim_scientific-american_1916-04-01_114_14	https://archive.org/download/sim_scientific-american_1916-04-01_114_14/sim_scientific-american_1916-04-01_114_14_djvu.txt	?	-
sim_scientific-american_1916-04-08_114_15	https://archive.org/download/sim_scientific-american_1916-04-08_114_15/sim_scientific-american_1916-04-08_114_15_djvu.txt	?	-
sim_scientific-american_1916-04-15_114_16	https://archive.org/download/sim_scientific-american_1916-04-15_114_16/sim_scientific-american_1916-04-15_114_16_djvu.txt	?	-
sim_scientific-american_1916-04-22_114_17	https://archive.org/download/sim_scientific-american_1916-04-22_114_17/sim_scientific-american_1916-04-22_114_17_djvu.txt	?	-
sim_scientific-american_1916-04-29_114_18	https://archive.org/download/sim_scientific-american_1916-04-29_114_18/sim_scientific-american_1916-04-29_114_18_djvu.txt	?	-
sim_scientific-american_1916-05-06_114_19	https://archive.org/download/sim_scientific-american_1916-05-06_114_19/sim_scientific-american_1916-05-06_114_19_djvu.txt	?	-
sim_scientific-american_1916-05-13_114_20	https://archive.org/download/sim_scientific-american_1916-05-13_114_20/sim_scientific-american_1916-05-13_114_20_djvu.txt	?	-
sim_scientific-american_1916-05-20_114_21	https://archive.org/download/sim_scientific-american_1916-05-20_114_21/sim_scientific-american_1916-05-20_114_21_djvu.txt	?	-
sim_scientific-american_1916-05-27_114_22	https://archive.org/download/sim_scientific-american_1916-05-27_114_22/sim_scientific-american_1916-05-27_114_22_djvu.txt	?	-
sim_scientific-american_1916-06-03_114_23	https://archive.org/download/sim_scientific-american_1916-06-03_114_23/sim_scientific-american_1916-06-03_114_23_djvu.txt	?	-
sim_scientific-american_1916-06-10_114_24	https://archive.org/download/sim_scientific-american_1916-06-10_114_24/sim_scientific-american_1916-06-10_114_24_djvu.txt	?	-
sim_scientific-american_1916-06-17_114_25	https://archive.org/download/sim_scientific-american_1916-06-17_114_25/sim_scientific-american_1916-06-17_114_25_djvu.txt	?	-
sim_scientific-american_1916-06-24_114_26	https://archive.org/download/sim_scientific-american_1916-06-24_114_26/sim_scientific-american_1916-06-24_114_26_djvu.txt	?	-
sim_scientific-american_1916-07-01_115_1	https://archive.org/download/sim_scientific-american_1916-07-01_115_1/sim_scientific-american_1916-07-01_115_1_djvu.txt	?	-
sim_scientific-american_1916-07-08_115_2	https://archive.org/download/sim_scientific-american_1916-07-08_115_2/sim_scientific-american_1916-07-08_115_2_djvu.txt	?	-
sim_scientific-american_1916-07-15_115_3	https://archive.org/download/sim_scientific-american_1916-07-15_115_3/sim_scientific-american_1916-07-15_115_3_djvu.txt	?	-
sim_scientific-american_1916-07-22_115_4	https://archive.org/download/sim_scientific-american_1916-07-22_115_4/sim_scientific-american_1916-07-22_115_4_djvu.txt	?	-
sim_scientific-american_1916-07-29_115_5	https://archive.org/download/sim_scientific-american_1916-07-29_115_5/sim_scientific-american_1916-07-29_115_5_djvu.txt	?	-
sim_scientific-american_1916-08-05_115_6	https://archive.org/download/sim_scientific-american_1916-08-05_115_6/sim_scientific-american_1916-08-05_115_6_djvu.txt	?	-
sim_scientific-american_1916-08-12_115_7	https://archive.org/download/sim_scientific-american_1916-08-12_115_7/sim_scientific-american_1916-08-12_115_7_djvu.txt	?	-
sim_scientific-american_1916-08-19_115_8	https://archive.org/download/sim_scientific-american_1916-08-19_115_8/sim_scientific-american_1916-08-19_115_8_djvu.txt	?	-
sim_scientific-american_1916-08-26_115_9	https://archive.org/download/sim_scientific-american_1916-08-26_115_9/sim_scientific-american_1916-08-26_115_9_djvu.txt	?	-
sim_scientific-american_1916-09-02_115_10	https://archive.org/download/sim_scientific-american_1916-09-02_115_10/sim_scientific-american_1916-09-02_115_10_djvu.txt	?	-
sim_scientific-american_1916-09-09_115_11	https://archive.org/download/sim_scientific-american_1916-09-09_115_11/sim_scientific-american_1916-09-09_115_11_djvu.txt	?	-
sim_scientific-american_1916-09-16_115_12	https://archive.org/download/sim_scientific-american_1916-09-16_115_12/sim_scientific-american_1916-09-16_115_12_djvu.txt	?	-
sim_scientific-american_1916-09-23_115_13	https://archive.org/download/sim_scientific-american_1916-09-23_115_13/sim_scientific-american_1916-09-23_115_13_djvu.txt	?	-
sim_scientific-american_1916-09-30_115_14	https://archive.org/download/sim_scientific-american_1916-09-30_115_14/sim_scientific-american_1916-09-30_115_14_djvu.txt	?	-
sim_scientific-american_1916-10-07_115_15	https://archive.org/download/sim_scientific-american_1916-10-07_115_15/sim_scientific-american_1916-10-07_115_15_djvu.txt	?	-
sim_scientific-american_1916-10-14_115_16	https://archive.org/download/sim_scientific-american_1916-10-14_115_16/sim_scientific-american_1916-10-14_115_16_djvu.txt	?	-
sim_scientific-american_1916-10-21_115_17	https://archive.org/download/sim_scientific-american_1916-10-21_115_17/sim_scientific-american_1916-10-21_115_17_djvu.txt	?	-
sim_scientific-american_1916-10-28_115_18	https://archive.org/download/sim_scientific-american_1916-10-28_115_18/sim_scientific-american_1916-10-28_115_18_djvu.txt	?	-
sim_scientific-american_1916-11-04_115_19	https://archive.org/download/sim_scientific-american_1916-11-04_115_19/sim_scientific-american_1916-11-04_115_19_djvu.txt	?	-
sim_scientific-american_1916-11-11_115_20	https://archive.org/download/sim_scientific-american_1916-11-11_115_20/sim_scientific-american_1916-11-11_115_20_djvu.txt	?	-
sim_scientific-american_1916-11-18_115_21	https://archive.org/download/sim_scientific-american_1916-11-18_115_21/sim_scientific-american_1916-11-18_115_21_djvu.txt	?	-
sim_scientific-american_1916-11-25_115_22	https://archive.org/download/sim_scientific-american_1916-11-25_115_22/sim_scientific-american_1916-11-25_115_22_djvu.txt	?	-
sim_scientific-american_1916-12-02_115_23	https://archive.org/download/sim_scientific-american_1916-12-02_115_23/sim_scientific-american_1916-12-02_115_23_djvu.txt	?	-
sim_scientific-american_1916-12-09_115_24	https://archive.org/download/sim_scientific-american_1916-12-09_115_24/sim_scientific-american_1916-12-09_115_24_djvu.txt	?	-
sim_scientific-american_1916-12-16_115_25	https://archive.org/download/sim_scientific-american_1916-12-16_115_25/sim_scientific-american_1916-12-16_115_25_djvu.txt	?	-
sim_scientific-american_1916-12-23_115_26	https://archive.org/download/sim_scientific-american_1916-12-23_115_26/sim_scientific-american_1916-12-23_115_26_djvu.txt	?	-
sim_scientific-american_1916-12-30_115_27	https://archive.org/download/sim_scientific-american_1916-12-30_115_27/sim_scientific-american_1916-12-30_115_27_djvu.txt	?	-
sim_scientific-american_1916_114_index	https://archive.org/download/sim_scientific-american_1916_114_index/sim_scientific-american_1916_114_index_djvu.txt	?	-
sim_scientific-american_1916_115_index	https://archive.org/download/sim_scientific-american_1916_115_index/sim_scientific-american_1916_115_index_djvu.txt	?	-
sim_scientific-american_1917-01-06_116_1	https://archive.org/download/sim_scientific-american_1917-01-06_116_1/sim_scientific-american_1917-01-06_116_1_djvu.txt	?	-
sim_scientific-american_1917-01-13_116_2	https://archive.org/download/sim_scientific-american_1917-01-13_116_2/sim_scientific-american_1917-01-13_116_2_djvu.txt	?	-
sim_scientific-american_1917-01-20_116_3	https://archive.org/download/sim_scientific-american_1917-01-20_116_3/sim_scientific-american_1917-01-20_116_3_djvu.txt	?	-
sim_scientific-american_1917-01-27_116_4	https://archive.org/download/sim_scientific-american_1917-01-27_116_4/sim_scientific-american_1917-01-27_116_4_djvu.txt	?	-
sim_scientific-american_1917-02-03_116_5	https://archive.org/download/sim_scientific-american_1917-02-03_116_5/sim_scientific-american_1917-02-03_116_5_djvu.txt	?	-
sim_scientific-american_1917-02-10_116_6	https://archive.org/download/sim_scientific-american_1917-02-10_116_6/sim_scientific-american_1917-02-10_116_6_djvu.txt	?	-
sim_scientific-american_1917-02-17_116_7	https://archive.org/download/sim_scientific-american_1917-02-17_116_7/sim_scientific-american_1917-02-17_116_7_djvu.txt	?	-
sim_scientific-american_1917-02-24_116_8	https://archive.org/download/sim_scientific-american_1917-02-24_116_8/sim_scientific-american_1917-02-24_116_8_djvu.txt	?	-
sim_scientific-american_1917-03-03_116_9	https://archive.org/download/sim_scientific-american_1917-03-03_116_9/sim_scientific-american_1917-03-03_116_9_djvu.txt	?	-
sim_scientific-american_1917-03-10_116_10	https://archive.org/download/sim_scientific-american_1917-03-10_116_10/sim_scientific-american_1917-03-10_116_10_djvu.txt	?	-
sim_scientific-american_1917-03-17_116_11	https://archive.org/download/sim_scientific-american_1917-03-17_116_11/sim_scientific-american_1917-03-17_116_11_djvu.txt	?	-
sim_scientific-american_1917-03-24_116_12	https://archive.org/download/sim_scientific-american_1917-03-24_116_12/sim_scientific-american_1917-03-24_116_12_djvu.txt	?	-
sim_scientific-american_1917-03-31_116_13	https://archive.org/download/sim_scientific-american_1917-03-31_116_13/sim_scientific-american_1917-03-31_116_13_djvu.txt	?	-
sim_scientific-american_1917-04-07_116_14	https://archive.org/download/sim_scientific-american_1917-04-07_116_14/sim_scientific-american_1917-04-07_116_14_djvu.txt	?	-
sim_scientific-american_1917-04-14_116_15	https://archive.org/download/sim_scientific-american_1917-04-14_116_15/sim_scientific-american_1917-04-14_116_15_djvu.txt	?	-
sim_scientific-american_1917-04-21_116_16	https://archive.org/download/sim_scientific-american_1917-04-21_116_16/sim_scientific-american_1917-04-21_116_16_djvu.txt	?	-
sim_scientific-american_1917-04-28_116_17	https://archive.org/download/sim_scientific-american_1917-04-28_116_17/sim_scientific-american_1917-04-28_116_17_djvu.txt	?	-
sim_scientific-american_1917-05-05_116_18	https://archive.org/download/sim_scientific-american_1917-05-05_116_18/sim_scientific-american_1917-05-05_116_18_djvu.txt	?	-
sim_scientific-american_1917-05-12_116_19	https://archive.org/download/sim_scientific-american_1917-05-12_116_19/sim_scientific-american_1917-05-12_116_19_djvu.txt	?	-
sim_scientific-american_1917-05-19_116_20	https://archive.org/download/sim_scientific-american_1917-05-19_116_20/sim_scientific-american_1917-05-19_116_20_djvu.txt	?	-
sim_scientific-american_1917-05-26_116_21	https://archive.org/download/sim_scientific-american_1917-05-26_116_21/sim_scientific-american_1917-05-26_116_21_djvu.txt	?	-
sim_scientific-american_1917-06-02_116_22	https://archive.org/download/sim_scientific-american_1917-06-02_116_22/sim_scientific-american_1917-06-02_116_22_djvu.txt	?	-
sim_scientific-american_1917-06-09_116_23	https://archive.org/download/sim_scientific-american_1917-06-09_116_23/sim_scientific-american_1917-06-09_116_23_djvu.txt	?	-
sim_scientific-american_1917-06-16_116_24	https://archive.org/download/sim_scientific-american_1917-06-16_116_24/sim_scientific-american_1917-06-16_116_24_djvu.txt	?	-
sim_scientific-american_1917-06-23_116_25	https://archive.org/download/sim_scientific-american_1917-06-23_116_25/sim_scientific-american_1917-06-23_116_25_djvu.txt	?	-
sim_scientific-american_1917-06-30_116_26	https://archive.org/download/sim_scientific-american_1917-06-30_116_26/sim_scientific-american_1917-06-30_116_26_djvu.txt	?	-
sim_scientific-american_1917-07-07_117_1	https://archive.org/download/sim_scientific-american_1917-07-07_117_1/sim_scientific-american_1917-07-07_117_1_djvu.txt	?	-
sim_scientific-american_1917-07-14_117_2	https://archive.org/download/sim_scientific-american_1917-07-14_117_2/sim_scientific-american_1917-07-14_117_2_djvu.txt	?	-
sim_scientific-american_1917-07-21_117_3	https://archive.org/download/sim_scientific-american_1917-07-21_117_3/sim_scientific-american_1917-07-21_117_3_djvu.txt	?	-
sim_scientific-american_1917-07-28_117_4	https://archive.org/download/sim_scientific-american_1917-07-28_117_4/sim_scientific-american_1917-07-28_117_4_djvu.txt	?	-
sim_scientific-american_1917-08-04_117_5	https://archive.org/download/sim_scientific-american_1917-08-04_117_5/sim_scientific-american_1917-08-04_117_5_djvu.txt	?	-
sim_scientific-american_1917-08-11_117_6	https://archive.org/download/sim_scientific-american_1917-08-11_117_6/sim_scientific-american_1917-08-11_117_6_djvu.txt	?	-
sim_scientific-american_1917-08-18_117_7	https://archive.org/download/sim_scientific-american_1917-08-18_117_7/sim_scientific-american_1917-08-18_117_7_djvu.txt	?	-
sim_scientific-american_1917-08-25_117_8	https://archive.org/download/sim_scientific-american_1917-08-25_117_8/sim_scientific-american_1917-08-25_117_8_djvu.txt	?	-
sim_scientific-american_1917-09-01_117_9	https://archive.org/download/sim_scientific-american_1917-09-01_117_9/sim_scientific-american_1917-09-01_117_9_djvu.txt	?	-
sim_scientific-american_1917-09-08_117_10	https://archive.org/download/sim_scientific-american_1917-09-08_117_10/sim_scientific-american_1917-09-08_117_10_djvu.txt	?	-
sim_scientific-american_1917-09-15_117_11	https://archive.org/download/sim_scientific-american_1917-09-15_117_11/sim_scientific-american_1917-09-15_117_11_djvu.txt	?	-
sim_scientific-american_1917-09-22_117_12	https://archive.org/download/sim_scientific-american_1917-09-22_117_12/sim_scientific-american_1917-09-22_117_12_djvu.txt	?	-
sim_scientific-american_1917-09-29_117_13	https://archive.org/download/sim_scientific-american_1917-09-29_117_13/sim_scientific-american_1917-09-29_117_13_djvu.txt	?	-
sim_scientific-american_1917-10-06_117_14	https://archive.org/download/sim_scientific-american_1917-10-06_117_14/sim_scientific-american_1917-10-06_117_14_djvu.txt	?	-
sim_scientific-american_1917-10-13_117_15	https://archive.org/download/sim_scientific-american_1917-10-13_117_15/sim_scientific-american_1917-10-13_117_15_djvu.txt	?	-
sim_scientific-american_1917-10-20_117_16	https://archive.org/download/sim_scientific-american_1917-10-20_117_16/sim_scientific-american_1917-10-20_117_16_djvu.txt	?	-
sim_scientific-american_1917-10-27_117_17	https://archive.org/download/sim_scientific-american_1917-10-27_117_17/sim_scientific-american_1917-10-27_117_17_djvu.txt	?	-
sim_scientific-american_1917-11-03_117_18	https://archive.org/download/sim_scientific-american_1917-11-03_117_18/sim_scientific-american_1917-11-03_117_18_djvu.txt	?	-
sim_scientific-american_1917-11-10_117_19	https://archive.org/download/sim_scientific-american_1917-11-10_117_19/sim_scientific-american_1917-11-10_117_19_djvu.txt	?	-
sim_scientific-american_1917-11-17_117_20	https://archive.org/download/sim_scientific-american_1917-11-17_117_20/sim_scientific-american_1917-11-17_117_20_djvu.txt	?	-
sim_scientific-american_1917-11-24_117_21	https://archive.org/download/sim_scientific-american_1917-11-24_117_21/sim_scientific-american_1917-11-24_117_21_djvu.txt	?	-
sim_scientific-american_1917-12-01_117_22	https://archive.org/download/sim_scientific-american_1917-12-01_117_22/sim_scientific-american_1917-12-01_117_22_djvu.txt	?	-
sim_scientific-american_1917-12-08_117_23	https://archive.org/download/sim_scientific-american_1917-12-08_117_23/sim_scientific-american_1917-12-08_117_23_djvu.txt	?	-
sim_scientific-american_1917-12-15_117_24	https://archive.org/download/sim_scientific-american_1917-12-15_117_24/sim_scientific-american_1917-12-15_117_24_djvu.txt	?	-
sim_scientific-american_1917-12-22_117_25	https://archive.org/download/sim_scientific-american_1917-12-22_117_25/sim_scientific-american_1917-12-22_117_25_djvu.txt	?	-
sim_scientific-american_1917-12-29_117_26	https://archive.org/download/sim_scientific-american_1917-12-29_117_26/sim_scientific-american_1917-12-29_117_26_djvu.txt	?	-
sim_scientific-american_1917_116_index	https://archive.org/download/sim_scientific-american_1917_116_index/sim_scientific-american_1917_116_index_djvu.txt	?	-
sim_scientific-american_1917_117_index	https://archive.org/download/sim_scientific-american_1917_117_index/sim_scientific-american_1917_117_index_djvu.txt	?	-
sim_scientific-american_1918-01-05_118_1	https://archive.org/download/sim_scientific-american_1918-01-05_118_1/sim_scientific-american_1918-01-05_118_1_djvu.txt	?	-
sim_scientific-american_1918-01-12_118_2	https://archive.org/download/sim_scientific-american_1918-01-12_118_2/sim_scientific-american_1918-01-12_118_2_djvu.txt	?	-
sim_scientific-american_1918-01-19_118_3	https://archive.org/download/sim_scientific-american_1918-01-19_118_3/sim_scientific-american_1918-01-19_118_3_djvu.txt	?	-
sim_scientific-american_1918-01-26_118_4	https://archive.org/download/sim_scientific-american_1918-01-26_118_4/sim_scientific-american_1918-01-26_118_4_djvu.txt	?	-
sim_scientific-american_1918-02-02_118_5	https://archive.org/download/sim_scientific-american_1918-02-02_118_5/sim_scientific-american_1918-02-02_118_5_djvu.txt	?	-
sim_scientific-american_1918-02-09_118_6	https://archive.org/download/sim_scientific-american_1918-02-09_118_6/sim_scientific-american_1918-02-09_118_6_djvu.txt	?	-
sim_scientific-american_1918-02-16_118_7	https://archive.org/download/sim_scientific-american_1918-02-16_118_7/sim_scientific-american_1918-02-16_118_7_djvu.txt	?	-
sim_scientific-american_1918-02-23_118_8	https://archive.org/download/sim_scientific-american_1918-02-23_118_8/sim_scientific-american_1918-02-23_118_8_djvu.txt	?	-
sim_scientific-american_1918-03-02_118_9	https://archive.org/download/sim_scientific-american_1918-03-02_118_9/sim_scientific-american_1918-03-02_118_9_djvu.txt	?	-
sim_scientific-american_1918-03-09_118_10	https://archive.org/download/sim_scientific-american_1918-03-09_118_10/sim_scientific-american_1918-03-09_118_10_djvu.txt	?	-
sim_scientific-american_1918-03-16_118_11	https://archive.org/download/sim_scientific-american_1918-03-16_118_11/sim_scientific-american_1918-03-16_118_11_djvu.txt	?	-
sim_scientific-american_1918-03-23_118_12	https://archive.org/download/sim_scientific-american_1918-03-23_118_12/sim_scientific-american_1918-03-23_118_12_djvu.txt	?	-
sim_scientific-american_1918-03-30_118_13	https://archive.org/download/sim_scientific-american_1918-03-30_118_13/sim_scientific-american_1918-03-30_118_13_djvu.txt	?	-
sim_scientific-american_1918-04-06_118_14	https://archive.org/download/sim_scientific-american_1918-04-06_118_14/sim_scientific-american_1918-04-06_118_14_djvu.txt	?	-
sim_scientific-american_1918-04-13_118_15	https://archive.org/download/sim_scientific-american_1918-04-13_118_15/sim_scientific-american_1918-04-13_118_15_djvu.txt	?	-
sim_scientific-american_1918-04-20_118_16	https://archive.org/download/sim_scientific-american_1918-04-20_118_16/sim_scientific-american_1918-04-20_118_16_djvu.txt	?	-
sim_scientific-american_1918-04-27_118_17	https://archive.org/download/sim_scientific-american_1918-04-27_118_17/sim_scientific-american_1918-04-27_118_17_djvu.txt	?	-
sim_scientific-american_1918-05-04_118_18	https://archive.org/download/sim_scientific-american_1918-05-04_118_18/sim_scientific-american_1918-05-04_118_18_djvu.txt	?	-
sim_scientific-american_1918-05-11_118_19	https://archive.org/download/sim_scientific-american_1918-05-11_118_19/sim_scientific-american_1918-05-11_118_19_djvu.txt	?	-
sim_scientific-american_1918-05-18_118_20	https://archive.org/download/sim_scientific-american_1918-05-18_118_20/sim_scientific-american_1918-05-18_118_20_djvu.txt	?	-
sim_scientific-american_1918-05-25_118_21	https://archive.org/download/sim_scientific-american_1918-05-25_118_21/sim_scientific-american_1918-05-25_118_21_djvu.txt	?	-
sim_scientific-american_1918-06-01_118_22	https://archive.org/download/sim_scientific-american_1918-06-01_118_22/sim_scientific-american_1918-06-01_118_22_djvu.txt	?	-
sim_scientific-american_1918-06-08_118_23	https://archive.org/download/sim_scientific-american_1918-06-08_118_23/sim_scientific-american_1918-06-08_118_23_djvu.txt	?	-
sim_scientific-american_1918-06-15_118_24	https://archive.org/download/sim_scientific-american_1918-06-15_118_24/sim_scientific-american_1918-06-15_118_24_djvu.txt	?	-
sim_scientific-american_1918-06-22_118_25	https://archive.org/download/sim_scientific-american_1918-06-22_118_25/sim_scientific-american_1918-06-22_118_25_djvu.txt	?	-
sim_scientific-american_1918-06-29_118_26	https://archive.org/download/sim_scientific-american_1918-06-29_118_26/sim_scientific-american_1918-06-29_118_26_djvu.txt	?	-
sim_scientific-american_1918-07-06_119_1	https://archive.org/download/sim_scientific-american_1918-07-06_119_1/sim_scientific-american_1918-07-06_119_1_djvu.txt	?	-
sim_scientific-american_1918-07-13_119_2	https://archive.org/download/sim_scientific-american_1918-07-13_119_2/sim_scientific-american_1918-07-13_119_2_djvu.txt	?	-
sim_scientific-american_1918-07-20_119_3	https://archive.org/download/sim_scientific-american_1918-07-20_119_3/sim_scientific-american_1918-07-20_119_3_djvu.txt	?	-
sim_scientific-american_1918-07-27_119_4	https://archive.org/download/sim_scientific-american_1918-07-27_119_4/sim_scientific-american_1918-07-27_119_4_djvu.txt	?	-
sim_scientific-american_1918-08-03_119_5	https://archive.org/download/sim_scientific-american_1918-08-03_119_5/sim_scientific-american_1918-08-03_119_5_djvu.txt	?	-
sim_scientific-american_1918-08-10_119_6	https://archive.org/download/sim_scientific-american_1918-08-10_119_6/sim_scientific-american_1918-08-10_119_6_djvu.txt	?	-
sim_scientific-american_1918-08-17_119_7	https://archive.org/download/sim_scientific-american_1918-08-17_119_7/sim_scientific-american_1918-08-17_119_7_djvu.txt	?	-
sim_scientific-american_1918-08-24_119_8	https://archive.org/download/sim_scientific-american_1918-08-24_119_8/sim_scientific-american_1918-08-24_119_8_djvu.txt	?	-
sim_scientific-american_1918-08-31_119_9	https://archive.org/download/sim_scientific-american_1918-08-31_119_9/sim_scientific-american_1918-08-31_119_9_djvu.txt	?	-
sim_scientific-american_1918-09-07_119_10	https://archive.org/download/sim_scientific-american_1918-09-07_119_10/sim_scientific-american_1918-09-07_119_10_djvu.txt	?	-
sim_scientific-american_1918-09-14_119_11	https://archive.org/download/sim_scientific-american_1918-09-14_119_11/sim_scientific-american_1918-09-14_119_11_djvu.txt	?	-
sim_scientific-american_1918-09-21_119_12	https://archive.org/download/sim_scientific-american_1918-09-21_119_12/sim_scientific-american_1918-09-21_119_12_djvu.txt	?	-
sim_scientific-american_1918-09-28_119_13	https://archive.org/download/sim_scientific-american_1918-09-28_119_13/sim_scientific-american_1918-09-28_119_13_djvu.txt	?	-
sim_scientific-american_1918-10-05_119_14	https://archive.org/download/sim_scientific-american_1918-10-05_119_14/sim_scientific-american_1918-10-05_119_14_djvu.txt	?	-
sim_scientific-american_1918-10-12_119_15	https://archive.org/download/sim_scientific-american_1918-10-12_119_15/sim_scientific-american_1918-10-12_119_15_djvu.txt	?	-
sim_scientific-american_1918-10-19_119_16	https://archive.org/download/sim_scientific-american_1918-10-19_119_16/sim_scientific-american_1918-10-19_119_16_djvu.txt	?	-
sim_scientific-american_1918-10-26_119_17	https://archive.org/download/sim_scientific-american_1918-10-26_119_17/sim_scientific-american_1918-10-26_119_17_djvu.txt	?	-
sim_scientific-american_1918-11-02_119_18	https://archive.org/download/sim_scientific-american_1918-11-02_119_18/sim_scientific-american_1918-11-02_119_18_djvu.txt	?	-
sim_scientific-american_1918-11-09_119_19	https://archive.org/download/sim_scientific-american_1918-11-09_119_19/sim_scientific-american_1918-11-09_119_19_djvu.txt	?	-
sim_scientific-american_1918-11-16_119_20	https://archive.org/download/sim_scientific-american_1918-11-16_119_20/sim_scientific-american_1918-11-16_119_20_djvu.txt	?	-
sim_scientific-american_1918-11-23_119_21	https://archive.org/download/sim_scientific-american_1918-11-23_119_21/sim_scientific-american_1918-11-23_119_21_djvu.txt	?	-
sim_scientific-american_1918-11-30_119_22	https://archive.org/download/sim_scientific-american_1918-11-30_119_22/sim_scientific-american_1918-11-30_119_22_djvu.txt	?	-
sim_scientific-american_1918-12-07_119_23	https://archive.org/download/sim_scientific-american_1918-12-07_119_23/sim_scientific-american_1918-12-07_119_23_djvu.txt	?	-
sim_scientific-american_1918-12-14_119_24	https://archive.org/download/sim_scientific-american_1918-12-14_119_24/sim_scientific-american_1918-12-14_119_24_djvu.txt	?	-
sim_scientific-american_1918-12-21_119_25	https://archive.org/download/sim_scientific-american_1918-12-21_119_25/sim_scientific-american_1918-12-21_119_25_djvu.txt	?	-
sim_scientific-american_1918-12-28_119_26	https://archive.org/download/sim_scientific-american_1918-12-28_119_26/sim_scientific-american_1918-12-28_119_26_djvu.txt	?	-
sim_scientific-american_1918_118_index	https://archive.org/download/sim_scientific-american_1918_118_index/sim_scientific-american_1918_118_index_djvu.txt	?	-
sim_scientific-american_1918_119_index	https://archive.org/download/sim_scientific-american_1918_119_index/sim_scientific-american_1918_119_index_djvu.txt	?	-
sim_scientific-american_1919-01-04_120_1	https://archive.org/download/sim_scientific-american_1919-01-04_120_1/sim_scientific-american_1919-01-04_120_1_djvu.txt	?	-
sim_scientific-american_1919-01-11_120_2	https://archive.org/download/sim_scientific-american_1919-01-11_120_2/sim_scientific-american_1919-01-11_120_2_djvu.txt	?	-
sim_scientific-american_1919-01-18_120_3	https://archive.org/download/sim_scientific-american_1919-01-18_120_3/sim_scientific-american_1919-01-18_120_3_djvu.txt	?	-
sim_scientific-american_1919-01-25_120_4	https://archive.org/download/sim_scientific-american_1919-01-25_120_4/sim_scientific-american_1919-01-25_120_4_djvu.txt	?	-
sim_scientific-american_1919-02-01_120_5	https://archive.org/download/sim_scientific-american_1919-02-01_120_5/sim_scientific-american_1919-02-01_120_5_djvu.txt	?	-
sim_scientific-american_1919-02-08_120_6	https://archive.org/download/sim_scientific-american_1919-02-08_120_6/sim_scientific-american_1919-02-08_120_6_djvu.txt	?	-
sim_scientific-american_1919-02-15_120_7	https://archive.org/download/sim_scientific-american_1919-02-15_120_7/sim_scientific-american_1919-02-15_120_7_djvu.txt	?	-
sim_scientific-american_1919-02-22_120_8	https://archive.org/download/sim_scientific-american_1919-02-22_120_8/sim_scientific-american_1919-02-22_120_8_djvu.txt	?	-
sim_scientific-american_1919-03-01_120_9	https://archive.org/download/sim_scientific-american_1919-03-01_120_9/sim_scientific-american_1919-03-01_120_9_djvu.txt	?	-
sim_scientific-american_1919-03-08_120_10	https://archive.org/download/sim_scientific-american_1919-03-08_120_10/sim_scientific-american_1919-03-08_120_10_djvu.txt	?	-
sim_scientific-american_1919-03-15_120_11	https://archive.org/download/sim_scientific-american_1919-03-15_120_11/sim_scientific-american_1919-03-15_120_11_djvu.txt	?	-
sim_scientific-american_1919-03-22_120_12	https://archive.org/download/sim_scientific-american_1919-03-22_120_12/sim_scientific-american_1919-03-22_120_12_djvu.txt	?	-
sim_scientific-american_1919-03-29_120_13	https://archive.org/download/sim_scientific-american_1919-03-29_120_13/sim_scientific-american_1919-03-29_120_13_djvu.txt	?	-
sim_scientific-american_1919-04-05_120_14	https://archive.org/download/sim_scientific-american_1919-04-05_120_14/sim_scientific-american_1919-04-05_120_14_djvu.txt	?	-
sim_scientific-american_1919-04-12_120_15	https://archive.org/download/sim_scientific-american_1919-04-12_120_15/sim_scientific-american_1919-04-12_120_15_djvu.txt	?	-
sim_scientific-american_1919-04-19_120_16	https://archive.org/download/sim_scientific-american_1919-04-19_120_16/sim_scientific-american_1919-04-19_120_16_djvu.txt	?	-
sim_scientific-american_1919-04-26_120_17	https://archive.org/download/sim_scientific-american_1919-04-26_120_17/sim_scientific-american_1919-04-26_120_17_djvu.txt	?	-
sim_scientific-american_1919-05-03_120_18	https://archive.org/download/sim_scientific-american_1919-05-03_120_18/sim_scientific-american_1919-05-03_120_18_djvu.txt	?	-
sim_scientific-american_1919-05-10_120_19	https://archive.org/download/sim_scientific-american_1919-05-10_120_19/sim_scientific-american_1919-05-10_120_19_djvu.txt	?	-
sim_scientific-american_1919-05-17_120_20	https://archive.org/download/sim_scientific-american_1919-05-17_120_20/sim_scientific-american_1919-05-17_120_20_djvu.txt	?	-
sim_scientific-american_1919-05-24_120_21	https://archive.org/download/sim_scientific-american_1919-05-24_120_21/sim_scientific-american_1919-05-24_120_21_djvu.txt	?	-
sim_scientific-american_1919-05-31_120_22	https://archive.org/download/sim_scientific-american_1919-05-31_120_22/sim_scientific-american_1919-05-31_120_22_djvu.txt	?	-
sim_scientific-american_1919-06-07_120_23	https://archive.org/download/sim_scientific-american_1919-06-07_120_23/sim_scientific-american_1919-06-07_120_23_djvu.txt	?	-
sim_scientific-american_1919-06-14_120_24	https://archive.org/download/sim_scientific-american_1919-06-14_120_24/sim_scientific-american_1919-06-14_120_24_djvu.txt	?	-
sim_scientific-american_1919-06-21_120_25	https://archive.org/download/sim_scientific-american_1919-06-21_120_25/sim_scientific-american_1919-06-21_120_25_djvu.txt	?	-
sim_scientific-american_1919-06-28_120_26	https://archive.org/download/sim_scientific-american_1919-06-28_120_26/sim_scientific-american_1919-06-28_120_26_djvu.txt	?	-
sim_scientific-american_1919-07-05_121_1	https://archive.org/download/sim_scientific-american_1919-07-05_121_1/sim_scientific-american_1919-07-05_121_1_djvu.txt	?	-
sim_scientific-american_1919-07-12_121_2	https://archive.org/download/sim_scientific-american_1919-07-12_121_2/sim_scientific-american_1919-07-12_121_2_djvu.txt	?	-
sim_scientific-american_1919-07-19_121_3	https://archive.org/download/sim_scientific-american_1919-07-19_121_3/sim_scientific-american_1919-07-19_121_3_djvu.txt	?	-
sim_scientific-american_1919-07-26_121_4	https://archive.org/download/sim_scientific-american_1919-07-26_121_4/sim_scientific-american_1919-07-26_121_4_djvu.txt	?	-
sim_scientific-american_1919-08-02_121_5	https://archive.org/download/sim_scientific-american_1919-08-02_121_5/sim_scientific-american_1919-08-02_121_5_djvu.txt	?	-
sim_scientific-american_1919-08-09_121_6	https://archive.org/download/sim_scientific-american_1919-08-09_121_6/sim_scientific-american_1919-08-09_121_6_djvu.txt	?	-
sim_scientific-american_1919-08-16_121_7	https://archive.org/download/sim_scientific-american_1919-08-16_121_7/sim_scientific-american_1919-08-16_121_7_djvu.txt	?	-
sim_scientific-american_1919-08-23_121_8	https://archive.org/download/sim_scientific-american_1919-08-23_121_8/sim_scientific-american_1919-08-23_121_8_djvu.txt	?	-
sim_scientific-american_1919-08-30_121_9	https://archive.org/download/sim_scientific-american_1919-08-30_121_9/sim_scientific-american_1919-08-30_121_9_djvu.txt	?	-
sim_scientific-american_1919-09-06_121_10	https://archive.org/download/sim_scientific-american_1919-09-06_121_10/sim_scientific-american_1919-09-06_121_10_djvu.txt	?	-
sim_scientific-american_1919-09-13_121_11	https://archive.org/download/sim_scientific-american_1919-09-13_121_11/sim_scientific-american_1919-09-13_121_11_djvu.txt	?	-
sim_scientific-american_1919-09-20_121_12	https://archive.org/download/sim_scientific-american_1919-09-20_121_12/sim_scientific-american_1919-09-20_121_12_djvu.txt	?	-
sim_scientific-american_1919-09-27_121_13	https://archive.org/download/sim_scientific-american_1919-09-27_121_13/sim_scientific-american_1919-09-27_121_13_djvu.txt	?	-
sim_scientific-american_1919-10-04_121_14	https://archive.org/download/sim_scientific-american_1919-10-04_121_14/sim_scientific-american_1919-10-04_121_14_djvu.txt	?	-
sim_scientific-american_1919-10-11_121_15	https://archive.org/download/sim_scientific-american_1919-10-11_121_15/sim_scientific-american_1919-10-11_121_15_djvu.txt	?	-
sim_scientific-american_1919-10-18_121_16	https://archive.org/download/sim_scientific-american_1919-10-18_121_16/sim_scientific-american_1919-10-18_121_16_djvu.txt	?	-
sim_scientific-american_1919-10-25_121_17	https://archive.org/download/sim_scientific-american_1919-10-25_121_17/sim_scientific-american_1919-10-25_121_17_djvu.txt	?	-
sim_scientific-american_1919-11-01_121_18	https://archive.org/download/sim_scientific-american_1919-11-01_121_18/sim_scientific-american_1919-11-01_121_18_djvu.txt	?	-
sim_scientific-american_1919-11-08_121_19	https://archive.org/download/sim_scientific-american_1919-11-08_121_19/sim_scientific-american_1919-11-08_121_19_djvu.txt	?	-
sim_scientific-american_1919-11-15_121_20	https://archive.org/download/sim_scientific-american_1919-11-15_121_20/sim_scientific-american_1919-11-15_121_20_djvu.txt	?	-
sim_scientific-american_1919-11-22_121_21	https://archive.org/download/sim_scientific-american_1919-11-22_121_21/sim_scientific-american_1919-11-22_121_21_djvu.txt	?	-
sim_scientific-american_1919-11-29_121_22	https://archive.org/download/sim_scientific-american_1919-11-29_121_22/sim_scientific-american_1919-11-29_121_22_djvu.txt	?	-
sim_scientific-american_1919-12-06_121_23	https://archive.org/download/sim_scientific-american_1919-12-06_121_23/sim_scientific-american_1919-12-06_121_23_djvu.txt	?	-
sim_scientific-american_1919-12-13_121_24	https://archive.org/download/sim_scientific-american_1919-12-13_121_24/sim_scientific-american_1919-12-13_121_24_djvu.txt	?	-
sim_scientific-american_1919-12-20_121_25	https://archive.org/download/sim_scientific-american_1919-12-20_121_25/sim_scientific-american_1919-12-20_121_25_djvu.txt	?	-
sim_scientific-american_1919-12-27_121_26	https://archive.org/download/sim_scientific-american_1919-12-27_121_26/sim_scientific-american_1919-12-27_121_26_djvu.txt	?	-
sim_scientific-american_1919_120_index	https://archive.org/download/sim_scientific-american_1919_120_index/sim_scientific-american_1919_120_index_djvu.txt	?	-
sim_scientific-american_1919_121_index	https://archive.org/download/sim_scientific-american_1919_121_index/sim_scientific-american_1919_121_index_djvu.txt	?	-
sim_scientific-american_1920-01-03_122_1	https://archive.org/download/sim_scientific-american_1920-01-03_122_1/sim_scientific-american_1920-01-03_122_1_djvu.txt	?	-
sim_scientific-american_1920-01-10_122_2	https://archive.org/download/sim_scientific-american_1920-01-10_122_2/sim_scientific-american_1920-01-10_122_2_djvu.txt	?	-
sim_scientific-american_1920-01-17_122_3	https://archive.org/download/sim_scientific-american_1920-01-17_122_3/sim_scientific-american_1920-01-17_122_3_djvu.txt	?	-
sim_scientific-american_1920-01-24_122_4	https://archive.org/download/sim_scientific-american_1920-01-24_122_4/sim_scientific-american_1920-01-24_122_4_djvu.txt	?	-
sim_scientific-american_1920-01-31_122_5	https://archive.org/download/sim_scientific-american_1920-01-31_122_5/sim_scientific-american_1920-01-31_122_5_djvu.txt	?	-
sim_scientific-american_1920-02-07_122_6	https://archive.org/download/sim_scientific-american_1920-02-07_122_6/sim_scientific-american_1920-02-07_122_6_djvu.txt	?	-
sim_scientific-american_1920-02-14_122_7	https://archive.org/download/sim_scientific-american_1920-02-14_122_7/sim_scientific-american_1920-02-14_122_7_djvu.txt	?	-
sim_scientific-american_1920-02-21_122_8	https://archive.org/download/sim_scientific-american_1920-02-21_122_8/sim_scientific-american_1920-02-21_122_8_djvu.txt	?	-
sim_scientific-american_1920-02-28_122_9	https://archive.org/download/sim_scientific-american_1920-02-28_122_9/sim_scientific-american_1920-02-28_122_9_djvu.txt	?	-
sim_scientific-american_1920-03-06_122_10	https://archive.org/download/sim_scientific-american_1920-03-06_122_10/sim_scientific-american_1920-03-06_122_10_djvu.txt	?	-
sim_scientific-american_1920-03-13_122_11	https://archive.org/download/sim_scientific-american_1920-03-13_122_11/sim_scientific-american_1920-03-13_122_11_djvu.txt	?	-
sim_scientific-american_1920-03-20_122_12	https://archive.org/download/sim_scientific-american_1920-03-20_122_12/sim_scientific-american_1920-03-20_122_12_djvu.txt	?	-
sim_scientific-american_1920-03-27_122_13	https://archive.org/download/sim_scientific-american_1920-03-27_122_13/sim_scientific-american_1920-03-27_122_13_djvu.txt	?	-
sim_scientific-american_1920-04-03_122_14	https://archive.org/download/sim_scientific-american_1920-04-03_122_14/sim_scientific-american_1920-04-03_122_14_djvu.txt	?	-
sim_scientific-american_1920-04-10_122_15	https://archive.org/download/sim_scientific-american_1920-04-10_122_15/sim_scientific-american_1920-04-10_122_15_djvu.txt	?	-
sim_scientific-american_1920-04-17_122_16	https://archive.org/download/sim_scientific-american_1920-04-17_122_16/sim_scientific-american_1920-04-17_122_16_djvu.txt	?	-
sim_scientific-american_1920-04-24_122_17	https://archive.org/download/sim_scientific-american_1920-04-24_122_17/sim_scientific-american_1920-04-24_122_17_djvu.txt	?	-
sim_scientific-american_1920-05-01_122_18	https://archive.org/download/sim_scientific-american_1920-05-01_122_18/sim_scientific-american_1920-05-01_122_18_djvu.txt	?	-
sim_scientific-american_1920-05-08_122_19	https://archive.org/download/sim_scientific-american_1920-05-08_122_19/sim_scientific-american_1920-05-08_122_19_djvu.txt	?	-
sim_scientific-american_1920-05-15_122_20	https://archive.org/download/sim_scientific-american_1920-05-15_122_20/sim_scientific-american_1920-05-15_122_20_djvu.txt	?	-
sim_scientific-american_1920-05-22_122_21	https://archive.org/download/sim_scientific-american_1920-05-22_122_21/sim_scientific-american_1920-05-22_122_21_djvu.txt	?	-
sim_scientific-american_1920-05-29_122_22	https://archive.org/download/sim_scientific-american_1920-05-29_122_22/sim_scientific-american_1920-05-29_122_22_djvu.txt	?	-
sim_scientific-american_1920-06-05_122_23	https://archive.org/download/sim_scientific-american_1920-06-05_122_23/sim_scientific-american_1920-06-05_122_23_djvu.txt	?	-
sim_scientific-american_1920-06-12_122_24	https://archive.org/download/sim_scientific-american_1920-06-12_122_24/sim_scientific-american_1920-06-12_122_24_djvu.txt	?	-
sim_scientific-american_1920-06-19_122_25	https://archive.org/download/sim_scientific-american_1920-06-19_122_25/sim_scientific-american_1920-06-19_122_25_djvu.txt	?	-
sim_scientific-american_1920-06-26_122_26	https://archive.org/download/sim_scientific-american_1920-06-26_122_26/sim_scientific-american_1920-06-26_122_26_djvu.txt	?	-
sim_scientific-american_1920-07-03_123_1	https://archive.org/download/sim_scientific-american_1920-07-03_123_1/sim_scientific-american_1920-07-03_123_1_djvu.txt	?	-
sim_scientific-american_1920-07-10_123_2	https://archive.org/download/sim_scientific-american_1920-07-10_123_2/sim_scientific-american_1920-07-10_123_2_djvu.txt	?	-
sim_scientific-american_1920-07-17_123_3	https://archive.org/download/sim_scientific-american_1920-07-17_123_3/sim_scientific-american_1920-07-17_123_3_djvu.txt	?	-
sim_scientific-american_1920-07-24_123_4	https://archive.org/download/sim_scientific-american_1920-07-24_123_4/sim_scientific-american_1920-07-24_123_4_djvu.txt	?	-
sim_scientific-american_1920-07-31_123_5	https://archive.org/download/sim_scientific-american_1920-07-31_123_5/sim_scientific-american_1920-07-31_123_5_djvu.txt	?	-
sim_scientific-american_1920-08-07_123_6	https://archive.org/download/sim_scientific-american_1920-08-07_123_6/sim_scientific-american_1920-08-07_123_6_djvu.txt	?	-
sim_scientific-american_1920-08-14_123_7	https://archive.org/download/sim_scientific-american_1920-08-14_123_7/sim_scientific-american_1920-08-14_123_7_djvu.txt	?	-
sim_scientific-american_1920-08-21_123_8	https://archive.org/download/sim_scientific-american_1920-08-21_123_8/sim_scientific-american_1920-08-21_123_8_djvu.txt	?	-
sim_scientific-american_1920-08-28_123_9	https://archive.org/download/sim_scientific-american_1920-08-28_123_9/sim_scientific-american_1920-08-28_123_9_djvu.txt	?	-
sim_scientific-american_1920-09-04_123_10	https://archive.org/download/sim_scientific-american_1920-09-04_123_10/sim_scientific-american_1920-09-04_123_10_djvu.txt	?	-
sim_scientific-american_1920-09-11_123_11	https://archive.org/download/sim_scientific-american_1920-09-11_123_11/sim_scientific-american_1920-09-11_123_11_djvu.txt	?	-
sim_scientific-american_1920-09-18_123_12	https://archive.org/download/sim_scientific-american_1920-09-18_123_12/sim_scientific-american_1920-09-18_123_12_djvu.txt	?	-
sim_scientific-american_1920-09-25_123_13	https://archive.org/download/sim_scientific-american_1920-09-25_123_13/sim_scientific-american_1920-09-25_123_13_djvu.txt	?	-
sim_scientific-american_1920-10-02_123_14	https://archive.org/download/sim_scientific-american_1920-10-02_123_14/sim_scientific-american_1920-10-02_123_14_djvu.txt	?	-
sim_scientific-american_1920-10-09_123_15	https://archive.org/download/sim_scientific-american_1920-10-09_123_15/sim_scientific-american_1920-10-09_123_15_djvu.txt	?	-
sim_scientific-american_1920-10-16_123_16	https://archive.org/download/sim_scientific-american_1920-10-16_123_16/sim_scientific-american_1920-10-16_123_16_djvu.txt	?	-
sim_scientific-american_1920-10-23_123_17	https://archive.org/download/sim_scientific-american_1920-10-23_123_17/sim_scientific-american_1920-10-23_123_17_djvu.txt	?	-
sim_scientific-american_1920-10-30_123_18	https://archive.org/download/sim_scientific-american_1920-10-30_123_18/sim_scientific-american_1920-10-30_123_18_djvu.txt	?	-
sim_scientific-american_1920-11-06_123_19	https://archive.org/download/sim_scientific-american_1920-11-06_123_19/sim_scientific-american_1920-11-06_123_19_djvu.txt	?	-
sim_scientific-american_1920-11-13_123_20	https://archive.org/download/sim_scientific-american_1920-11-13_123_20/sim_scientific-american_1920-11-13_123_20_djvu.txt	?	-
sim_scientific-american_1920-11-20_123_21	https://archive.org/download/sim_scientific-american_1920-11-20_123_21/sim_scientific-american_1920-11-20_123_21_djvu.txt	?	-
sim_scientific-american_1920-11-27_123_22	https://archive.org/download/sim_scientific-american_1920-11-27_123_22/sim_scientific-american_1920-11-27_123_22_djvu.txt	?	-
sim_scientific-american_1920-12-04_123_23	https://archive.org/download/sim_scientific-american_1920-12-04_123_23/sim_scientific-american_1920-12-04_123_23_djvu.txt	?	-
sim_scientific-american_1920-12-11_123_24	https://archive.org/download/sim_scientific-american_1920-12-11_123_24/sim_scientific-american_1920-12-11_123_24_djvu.txt	?	-
sim_scientific-american_1920-12-18_123_25	https://archive.org/download/sim_scientific-american_1920-12-18_123_25/sim_scientific-american_1920-12-18_123_25_djvu.txt	?	-
sim_scientific-american_1920-12-25_123_26	https://archive.org/download/sim_scientific-american_1920-12-25_123_26/sim_scientific-american_1920-12-25_123_26_djvu.txt	?	-
sim_scientific-american_1920_122_index	https://archive.org/download/sim_scientific-american_1920_122_index/sim_scientific-american_1920_122_index_djvu.txt	?	-
sim_scientific-american_1920_123_index	https://archive.org/download/sim_scientific-american_1920_123_index/sim_scientific-american_1920_123_index_djvu.txt	?	-
sim_scientific-american_1921-01-01_124_1	https://archive.org/download/sim_scientific-american_1921-01-01_124_1/sim_scientific-american_1921-01-01_124_1_djvu.txt	?	-
sim_scientific-american_1921-01-08_124_2	https://archive.org/download/sim_scientific-american_1921-01-08_124_2/sim_scientific-american_1921-01-08_124_2_djvu.txt	?	-
sim_scientific-american_1921-01-15_124_3	https://archive.org/download/sim_scientific-american_1921-01-15_124_3/sim_scientific-american_1921-01-15_124_3_djvu.txt	?	-
sim_scientific-american_1921-01-22_124_4	https://archive.org/download/sim_scientific-american_1921-01-22_124_4/sim_scientific-american_1921-01-22_124_4_djvu.txt	?	-
sim_scientific-american_1921-01-29_124_5	https://archive.org/download/sim_scientific-american_1921-01-29_124_5/sim_scientific-american_1921-01-29_124_5_djvu.txt	?	-
sim_scientific-american_1921-02-05_124_6	https://archive.org/download/sim_scientific-american_1921-02-05_124_6/sim_scientific-american_1921-02-05_124_6_djvu.txt	?	-
sim_scientific-american_1921-02-12_124_7	https://archive.org/download/sim_scientific-american_1921-02-12_124_7/sim_scientific-american_1921-02-12_124_7_djvu.txt	?	-
sim_scientific-american_1921-02-19_124_8	https://archive.org/download/sim_scientific-american_1921-02-19_124_8/sim_scientific-american_1921-02-19_124_8_djvu.txt	?	-
sim_scientific-american_1921-02-26_124_9	https://archive.org/download/sim_scientific-american_1921-02-26_124_9/sim_scientific-american_1921-02-26_124_9_djvu.txt	?	-
sim_scientific-american_1921-03-05_124_10	https://archive.org/download/sim_scientific-american_1921-03-05_124_10/sim_scientific-american_1921-03-05_124_10_djvu.txt	?	-
sim_scientific-american_1921-03-12_124_11	https://archive.org/download/sim_scientific-american_1921-03-12_124_11/sim_scientific-american_1921-03-12_124_11_djvu.txt	?	-
sim_scientific-american_1921-03-19_124_12	https://archive.org/download/sim_scientific-american_1921-03-19_124_12/sim_scientific-american_1921-03-19_124_12_djvu.txt	?	-
sim_scientific-american_1921-03-26_124_13	https://archive.org/download/sim_scientific-american_1921-03-26_124_13/sim_scientific-american_1921-03-26_124_13_djvu.txt	?	-
sim_scientific-american_1921-04-02_124_14	https://archive.org/download/sim_scientific-american_1921-04-02_124_14/sim_scientific-american_1921-04-02_124_14_djvu.txt	?	-
sim_scientific-american_1921-04-09_124_15	https://archive.org/download/sim_scientific-american_1921-04-09_124_15/sim_scientific-american_1921-04-09_124_15_djvu.txt	?	-
sim_scientific-american_1921-04-16_124_16	https://archive.org/download/sim_scientific-american_1921-04-16_124_16/sim_scientific-american_1921-04-16_124_16_djvu.txt	?	-
sim_scientific-american_1921-04-23_124_17	https://archive.org/download/sim_scientific-american_1921-04-23_124_17/sim_scientific-american_1921-04-23_124_17_djvu.txt	?	-
sim_scientific-american_1921-04-30_124_18	https://archive.org/download/sim_scientific-american_1921-04-30_124_18/sim_scientific-american_1921-04-30_124_18_djvu.txt	?	-
sim_scientific-american_1921-05-07_124_19	https://archive.org/download/sim_scientific-american_1921-05-07_124_19/sim_scientific-american_1921-05-07_124_19_djvu.txt	?	-
sim_scientific-american_1921-05-14_124_20	https://archive.org/download/sim_scientific-american_1921-05-14_124_20/sim_scientific-american_1921-05-14_124_20_djvu.txt	?	-
sim_scientific-american_1921-05-21_124_21	https://archive.org/download/sim_scientific-american_1921-05-21_124_21/sim_scientific-american_1921-05-21_124_21_djvu.txt	?	-
sim_scientific-american_1921-05-28_124_22	https://archive.org/download/sim_scientific-american_1921-05-28_124_22/sim_scientific-american_1921-05-28_124_22_djvu.txt	?	-
sim_scientific-american_1921-06-04_124_23	https://archive.org/download/sim_scientific-american_1921-06-04_124_23/sim_scientific-american_1921-06-04_124_23_djvu.txt	?	-
sim_scientific-american_1921-06-11_124_24	https://archive.org/download/sim_scientific-american_1921-06-11_124_24/sim_scientific-american_1921-06-11_124_24_djvu.txt	?	-
sim_scientific-american_1921-06-18_124_25	https://archive.org/download/sim_scientific-american_1921-06-18_124_25/sim_scientific-american_1921-06-18_124_25_djvu.txt	?	-
sim_scientific-american_1921-06-25_124_26	https://archive.org/download/sim_scientific-american_1921-06-25_124_26/sim_scientific-american_1921-06-25_124_26_djvu.txt	?	-
sim_scientific-american_1921-07-02_125_1	https://archive.org/download/sim_scientific-american_1921-07-02_125_1/sim_scientific-american_1921-07-02_125_1_djvu.txt	?	-
sim_scientific-american_1921-07-09_125_2	https://archive.org/download/sim_scientific-american_1921-07-09_125_2/sim_scientific-american_1921-07-09_125_2_djvu.txt	?	-
sim_scientific-american_1921-07-16_125_3	https://archive.org/download/sim_scientific-american_1921-07-16_125_3/sim_scientific-american_1921-07-16_125_3_djvu.txt	?	-
sim_scientific-american_1921-07-23_125_4	https://archive.org/download/sim_scientific-american_1921-07-23_125_4/sim_scientific-american_1921-07-23_125_4_djvu.txt	?	-
sim_scientific-american_1921-07-30_125_5	https://archive.org/download/sim_scientific-american_1921-07-30_125_5/sim_scientific-american_1921-07-30_125_5_djvu.txt	?	-
sim_scientific-american_1921-08-06_125_6	https://archive.org/download/sim_scientific-american_1921-08-06_125_6/sim_scientific-american_1921-08-06_125_6_djvu.txt	?	-
sim_scientific-american_1921-08-13_125_7	https://archive.org/download/sim_scientific-american_1921-08-13_125_7/sim_scientific-american_1921-08-13_125_7_djvu.txt	?	-
sim_scientific-american_1921-08-20_125_8	https://archive.org/download/sim_scientific-american_1921-08-20_125_8/sim_scientific-american_1921-08-20_125_8_djvu.txt	?	-
sim_scientific-american_1921-08-27_125_9	https://archive.org/download/sim_scientific-american_1921-08-27_125_9/sim_scientific-american_1921-08-27_125_9_djvu.txt	?	-
sim_scientific-american_1921-09-03_125_10	https://archive.org/download/sim_scientific-american_1921-09-03_125_10/sim_scientific-american_1921-09-03_125_10_djvu.txt	?	-
sim_scientific-american_1921-09-10_125_11	https://archive.org/download/sim_scientific-american_1921-09-10_125_11/sim_scientific-american_1921-09-10_125_11_djvu.txt	?	-
sim_scientific-american_1921-09-17_125_12	https://archive.org/download/sim_scientific-american_1921-09-17_125_12/sim_scientific-american_1921-09-17_125_12_djvu.txt	?	-
sim_scientific-american_1921-09-24_125_13	https://archive.org/download/sim_scientific-american_1921-09-24_125_13/sim_scientific-american_1921-09-24_125_13_djvu.txt	?	-
sim_scientific-american_1921-10-01_125_14	https://archive.org/download/sim_scientific-american_1921-10-01_125_14/sim_scientific-american_1921-10-01_125_14_djvu.txt	?	-
sim_scientific-american_1921-10-08_125_15	https://archive.org/download/sim_scientific-american_1921-10-08_125_15/sim_scientific-american_1921-10-08_125_15_djvu.txt	?	-
sim_scientific-american_1921-10-15_125_16	https://archive.org/download/sim_scientific-american_1921-10-15_125_16/sim_scientific-american_1921-10-15_125_16_djvu.txt	?	-
sim_scientific-american_1921-11_125_17	https://archive.org/download/sim_scientific-american_1921-11_125_17/sim_scientific-american_1921-11_125_17_djvu.txt	?	-
sim_scientific-american_1921-12_125_18	https://archive.org/download/sim_scientific-american_1921-12_125_18/sim_scientific-american_1921-12_125_18_djvu.txt	?	-
sim_scientific-american_1921_124_index	https://archive.org/download/sim_scientific-american_1921_124_index/sim_scientific-american_1921_124_index_djvu.txt	?	-
sim_scientific-american_1921_125_index	https://archive.org/download/sim_scientific-american_1921_125_index/sim_scientific-american_1921_125_index_djvu.txt	?	-
sim_scientific-american_1922-01_126_1	https://archive.org/download/sim_scientific-american_1922-01_126_1/sim_scientific-american_1922-01_126_1_djvu.txt	?	-
sim_scientific-american_1922-02_126_2	https://archive.org/download/sim_scientific-american_1922-02_126_2/sim_scientific-american_1922-02_126_2_djvu.txt	?	-
sim_scientific-american_1922-03_126_3	https://archive.org/download/sim_scientific-american_1922-03_126_3/sim_scientific-american_1922-03_126_3_djvu.txt	?	-
sim_scientific-american_1922-04_126_4	https://archive.org/download/sim_scientific-american_1922-04_126_4/sim_scientific-american_1922-04_126_4_djvu.txt	?	-
sim_scientific-american_1922-05_126_5	https://archive.org/download/sim_scientific-american_1922-05_126_5/sim_scientific-american_1922-05_126_5_djvu.txt	?	-
sim_scientific-american_1922-06_126_6	https://archive.org/download/sim_scientific-american_1922-06_126_6/sim_scientific-american_1922-06_126_6_djvu.txt	?	-
sim_scientific-american_1922-07_127_1	https://archive.org/download/sim_scientific-american_1922-07_127_1/sim_scientific-american_1922-07_127_1_djvu.txt	?	-
sim_scientific-american_1922-08_127_2	https://archive.org/download/sim_scientific-american_1922-08_127_2/sim_scientific-american_1922-08_127_2_djvu.txt	?	-
sim_scientific-american_1922-09_127_3	https://archive.org/download/sim_scientific-american_1922-09_127_3/sim_scientific-american_1922-09_127_3_djvu.txt	?	-
sim_scientific-american_1922-10_127_4	https://archive.org/download/sim_scientific-american_1922-10_127_4/sim_scientific-american_1922-10_127_4_djvu.txt	?	-
sim_scientific-american_1922-11_127_5	https://archive.org/download/sim_scientific-american_1922-11_127_5/sim_scientific-american_1922-11_127_5_djvu.txt	?	-
sim_scientific-american_1922-12_127_6	https://archive.org/download/sim_scientific-american_1922-12_127_6/sim_scientific-american_1922-12_127_6_djvu.txt	?	-
sim_scientific-american_1922_126_index	https://archive.org/download/sim_scientific-american_1922_126_index/sim_scientific-american_1922_126_index_djvu.txt	?	-
sim_scientific-american_1922_127_index	https://archive.org/download/sim_scientific-american_1922_127_index/sim_scientific-american_1922_127_index_djvu.txt	?	-
sim_scientific-american_1923-01_128_1	https://archive.org/download/sim_scientific-american_1923-01_128_1/sim_scientific-american_1923-01_128_1_djvu.txt	?	-
sim_scientific-american_1923-02_128_2	https://archive.org/download/sim_scientific-american_1923-02_128_2/sim_scientific-american_1923-02_128_2_djvu.txt	?	-
sim_scientific-american_1923-03_128_3	https://archive.org/download/sim_scientific-american_1923-03_128_3/sim_scientific-american_1923-03_128_3_djvu.txt	?	-
sim_scientific-american_1923-04_128_4	https://archive.org/download/sim_scientific-american_1923-04_128_4/sim_scientific-american_1923-04_128_4_djvu.txt	?	-
sim_scientific-american_1923-05_128_5	https://archive.org/download/sim_scientific-american_1923-05_128_5/sim_scientific-american_1923-05_128_5_djvu.txt	?	-
sim_scientific-american_1923-06_128_6	https://archive.org/download/sim_scientific-american_1923-06_128_6/sim_scientific-american_1923-06_128_6_djvu.txt	?	-
sim_scientific-american_1923-07_129_1	https://archive.org/download/sim_scientific-american_1923-07_129_1/sim_scientific-american_1923-07_129_1_djvu.txt	?	-
sim_scientific-american_1923-08_129_2	https://archive.org/download/sim_scientific-american_1923-08_129_2/sim_scientific-american_1923-08_129_2_djvu.txt	?	-
sim_scientific-american_1923-09_129_3	https://archive.org/download/sim_scientific-american_1923-09_129_3/sim_scientific-american_1923-09_129_3_djvu.txt	?	-
sim_scientific-american_1923-10_129_4	https://archive.org/download/sim_scientific-american_1923-10_129_4/sim_scientific-american_1923-10_129_4_djvu.txt	?	-
sim_scientific-american_1923-11_129_5	https://archive.org/download/sim_scientific-american_1923-11_129_5/sim_scientific-american_1923-11_129_5_djvu.txt	?	-
sim_scientific-american_1923-12_129_6	https://archive.org/download/sim_scientific-american_1923-12_129_6/sim_scientific-american_1923-12_129_6_djvu.txt	?	-
sim_scientific-american_1923_128_index	https://archive.org/download/sim_scientific-american_1923_128_index/sim_scientific-american_1923_128_index_djvu.txt	?	-
sim_scientific-american_1923_129_index	https://archive.org/download/sim_scientific-american_1923_129_index/sim_scientific-american_1923_129_index_djvu.txt	?	-
sim_scientific-american_1924-01_130_1	https://archive.org/download/sim_scientific-american_1924-01_130_1/sim_scientific-american_1924-01_130_1_djvu.txt	?	-
sim_scientific-american_1924-02_130_2	https://archive.org/download/sim_scientific-american_1924-02_130_2/sim_scientific-american_1924-02_130_2_djvu.txt	?	-
sim_scientific-american_1924-03_130_3	https://archive.org/download/sim_scientific-american_1924-03_130_3/sim_scientific-american_1924-03_130_3_djvu.txt	?	-
sim_scientific-american_1924-04_130_4	https://archive.org/download/sim_scientific-american_1924-04_130_4/sim_scientific-american_1924-04_130_4_djvu.txt	?	-
sim_scientific-american_1924-05_130_5	https://archive.org/download/sim_scientific-american_1924-05_130_5/sim_scientific-american_1924-05_130_5_djvu.txt	?	-
sim_scientific-american_1924-06_130_6	https://archive.org/download/sim_scientific-american_1924-06_130_6/sim_scientific-american_1924-06_130_6_djvu.txt	?	-
sim_scientific-american_1924-07_131_1	https://archive.org/download/sim_scientific-american_1924-07_131_1/sim_scientific-american_1924-07_131_1_djvu.txt	?	-
sim_scientific-american_1924-08_131_2	https://archive.org/download/sim_scientific-american_1924-08_131_2/sim_scientific-american_1924-08_131_2_djvu.txt	?	-
sim_scientific-american_1924-09_131_3	https://archive.org/download/sim_scientific-american_1924-09_131_3/sim_scientific-american_1924-09_131_3_djvu.txt	?	-
sim_scientific-american_1924-10_131_4	https://archive.org/download/sim_scientific-american_1924-10_131_4/sim_scientific-american_1924-10_131_4_djvu.txt	?	-
sim_scientific-american_1924-11_131_5	https://archive.org/download/sim_scientific-american_1924-11_131_5/sim_scientific-american_1924-11_131_5_djvu.txt	?	-
sim_scientific-american_1924-12_131_6	https://archive.org/download/sim_scientific-american_1924-12_131_6/sim_scientific-american_1924-12_131_6_djvu.txt	?	-
sim_scientific-american_1924_130_index	https://archive.org/download/sim_scientific-american_1924_130_index/sim_scientific-american_1924_130_index_djvu.txt	?	-
sim_scientific-american_1924_131_index	https://archive.org/download/sim_scientific-american_1924_131_index/sim_scientific-american_1924_131_index_djvu.txt	?	-
sim_scientific-american_1925-01_132_1	https://archive.org/download/sim_scientific-american_1925-01_132_1/sim_scientific-american_1925-01_132_1_djvu.txt	?	-
sim_scientific-american_1925-02_132_2	https://archive.org/download/sim_scientific-american_1925-02_132_2/sim_scientific-american_1925-02_132_2_djvu.txt	?	-
sim_scientific-american_1925-03_132_3	https://archive.org/download/sim_scientific-american_1925-03_132_3/sim_scientific-american_1925-03_132_3_djvu.txt	?	-
sim_scientific-american_1925-04_132_4	https://archive.org/download/sim_scientific-american_1925-04_132_4/sim_scientific-american_1925-04_132_4_djvu.txt	?	-
sim_scientific-american_1925-05_132_5	https://archive.org/download/sim_scientific-american_1925-05_132_5/sim_scientific-american_1925-05_132_5_djvu.txt	?	-
sim_scientific-american_1925-06_132_6	https://archive.org/download/sim_scientific-american_1925-06_132_6/sim_scientific-american_1925-06_132_6_djvu.txt	?	-
sim_scientific-american_1925-07_133_1	https://archive.org/download/sim_scientific-american_1925-07_133_1/sim_scientific-american_1925-07_133_1_djvu.txt	?	-
sim_scientific-american_1925-08_133_2	https://archive.org/download/sim_scientific-american_1925-08_133_2/sim_scientific-american_1925-08_133_2_djvu.txt	?	-
sim_scientific-american_1925-09_133_3	https://archive.org/download/sim_scientific-american_1925-09_133_3/sim_scientific-american_1925-09_133_3_djvu.txt	?	-
sim_scientific-american_1925-10_133_4	https://archive.org/download/sim_scientific-american_1925-10_133_4/sim_scientific-american_1925-10_133_4_djvu.txt	?	-
sim_scientific-american_1925-11_133_5	https://archive.org/download/sim_scientific-american_1925-11_133_5/sim_scientific-american_1925-11_133_5_djvu.txt	?	-
sim_scientific-american_1925-12_133_6	https://archive.org/download/sim_scientific-american_1925-12_133_6/sim_scientific-american_1925-12_133_6_djvu.txt	?	-
sim_scientific-american_1925_132_index	https://archive.org/download/sim_scientific-american_1925_132_index/sim_scientific-american_1925_132_index_djvu.txt	?	-
sim_scientific-american_1925_133_index	https://archive.org/download/sim_scientific-american_1925_133_index/sim_scientific-american_1925_133_index_djvu.txt	?	-
sim_scientific-american_1926-01_134_1	https://archive.org/download/sim_scientific-american_1926-01_134_1/sim_scientific-american_1926-01_134_1_djvu.txt	?	-
sim_scientific-american_1926-02_134_2	https://archive.org/download/sim_scientific-american_1926-02_134_2/sim_scientific-american_1926-02_134_2_djvu.txt	?	-
sim_scientific-american_1926-03_134_3	https://archive.org/download/sim_scientific-american_1926-03_134_3/sim_scientific-american_1926-03_134_3_djvu.txt	?	-
sim_scientific-american_1926-04_134_4	https://archive.org/download/sim_scientific-american_1926-04_134_4/sim_scientific-american_1926-04_134_4_djvu.txt	?	-
sim_scientific-american_1926-05_134_5	https://archive.org/download/sim_scientific-american_1926-05_134_5/sim_scientific-american_1926-05_134_5_djvu.txt	?	-
sim_scientific-american_1926-06_134_6	https://archive.org/download/sim_scientific-american_1926-06_134_6/sim_scientific-american_1926-06_134_6_djvu.txt	?	-
sim_scientific-american_1926-07_135_1	https://archive.org/download/sim_scientific-american_1926-07_135_1/sim_scientific-american_1926-07_135_1_djvu.txt	?	-
sim_scientific-american_1926-08_135_2	https://archive.org/download/sim_scientific-american_1926-08_135_2/sim_scientific-american_1926-08_135_2_djvu.txt	?	-
sim_scientific-american_1926-09_135_3	https://archive.org/download/sim_scientific-american_1926-09_135_3/sim_scientific-american_1926-09_135_3_djvu.txt	?	-
sim_scientific-american_1926-10_135_4	https://archive.org/download/sim_scientific-american_1926-10_135_4/sim_scientific-american_1926-10_135_4_djvu.txt	?	-
sim_scientific-american_1926-11_135_5	https://archive.org/download/sim_scientific-american_1926-11_135_5/sim_scientific-american_1926-11_135_5_djvu.txt	?	-
sim_scientific-american_1926-12_135_6	https://archive.org/download/sim_scientific-american_1926-12_135_6/sim_scientific-american_1926-12_135_6_djvu.txt	?	-
sim_scientific-american_1926_134_index	https://archive.org/download/sim_scientific-american_1926_134_index/sim_scientific-american_1926_134_index_djvu.txt	?	-
sim_scientific-american_1926_135_index	https://archive.org/download/sim_scientific-american_1926_135_index/sim_scientific-american_1926_135_index_djvu.txt	?	-
sim_scientific-american_1927-01_136_1	https://archive.org/download/sim_scientific-american_1927-01_136_1/sim_scientific-american_1927-01_136_1_djvu.txt	?	-
sim_scientific-american_1927-02_136_2	https://archive.org/download/sim_scientific-american_1927-02_136_2/sim_scientific-american_1927-02_136_2_djvu.txt	?	-
sim_scientific-american_1927-03_136_3	https://archive.org/download/sim_scientific-american_1927-03_136_3/sim_scientific-american_1927-03_136_3_djvu.txt	?	-
sim_scientific-american_1927-04_136_4	https://archive.org/download/sim_scientific-american_1927-04_136_4/sim_scientific-american_1927-04_136_4_djvu.txt	?	-
sim_scientific-american_1927-05_136_5	https://archive.org/download/sim_scientific-american_1927-05_136_5/sim_scientific-american_1927-05_136_5_djvu.txt	?	-
sim_scientific-american_1927-06_136_6	https://archive.org/download/sim_scientific-american_1927-06_136_6/sim_scientific-american_1927-06_136_6_djvu.txt	?	-
sim_scientific-american_1927-07_137_1	https://archive.org/download/sim_scientific-american_1927-07_137_1/sim_scientific-american_1927-07_137_1_djvu.txt	?	-
sim_scientific-american_1927-08_137_2	https://archive.org/download/sim_scientific-american_1927-08_137_2/sim_scientific-american_1927-08_137_2_djvu.txt	?	-
sim_scientific-american_1927-09_137_3	https://archive.org/download/sim_scientific-american_1927-09_137_3/sim_scientific-american_1927-09_137_3_djvu.txt	?	-
sim_scientific-american_1927-10_137_4	https://archive.org/download/sim_scientific-american_1927-10_137_4/sim_scientific-american_1927-10_137_4_djvu.txt	?	-
sim_scientific-american_1927-11_137_5	https://archive.org/download/sim_scientific-american_1927-11_137_5/sim_scientific-american_1927-11_137_5_djvu.txt	?	-
sim_scientific-american_1927-12_137_6	https://archive.org/download/sim_scientific-american_1927-12_137_6/sim_scientific-american_1927-12_137_6_djvu.txt	?	-
sim_scientific-american_1927_136_index	https://archive.org/download/sim_scientific-american_1927_136_index/sim_scientific-american_1927_136_index_djvu.txt	?	-
sim_scientific-american_1927_137_index	https://archive.org/download/sim_scientific-american_1927_137_index/sim_scientific-american_1927_137_index_djvu.txt	?	-
sim_scientific-american_1928-01_138_1	https://archive.org/download/sim_scientific-american_1928-01_138_1/sim_scientific-american_1928-01_138_1_djvu.txt	?	-
sim_scientific-american_1928-02_138_2	https://archive.org/download/sim_scientific-american_1928-02_138_2/sim_scientific-american_1928-02_138_2_djvu.txt	?	-
sim_scientific-american_1928-03_138_3	https://archive.org/download/sim_scientific-american_1928-03_138_3/sim_scientific-american_1928-03_138_3_djvu.txt	?	-
sim_scientific-american_1928-04_138_4	https://archive.org/download/sim_scientific-american_1928-04_138_4/sim_scientific-american_1928-04_138_4_djvu.txt	?	-
sim_scientific-american_1928-05_138_5	https://archive.org/download/sim_scientific-american_1928-05_138_5/sim_scientific-american_1928-05_138_5_djvu.txt	?	-
sim_scientific-american_1928-06_138_6	https://archive.org/download/sim_scientific-american_1928-06_138_6/sim_scientific-american_1928-06_138_6_djvu.txt	?	-
sim_scientific-american_1928-07_139_1	https://archive.org/download/sim_scientific-american_1928-07_139_1/sim_scientific-american_1928-07_139_1_djvu.txt	?	-
sim_scientific-american_1928-08_139_2	https://archive.org/download/sim_scientific-american_1928-08_139_2/sim_scientific-american_1928-08_139_2_djvu.txt	?	-
sim_scientific-american_1928-09_139_3	https://archive.org/download/sim_scientific-american_1928-09_139_3/sim_scientific-american_1928-09_139_3_djvu.txt	?	-
sim_scientific-american_1928-10_139_4	https://archive.org/download/sim_scientific-american_1928-10_139_4/sim_scientific-american_1928-10_139_4_djvu.txt	?	-
sim_scientific-american_1928-11_139_5	https://archive.org/download/sim_scientific-american_1928-11_139_5/sim_scientific-american_1928-11_139_5_djvu.txt	?	-
sim_scientific-american_1928-12_139_6	https://archive.org/download/sim_scientific-american_1928-12_139_6/sim_scientific-american_1928-12_139_6_djvu.txt	?	-
sim_scientific-american_1928_138_index	https://archive.org/download/sim_scientific-american_1928_138_index/sim_scientific-american_1928_138_index_djvu.txt	?	-
sim_scientific-american_1928_139_index	https://archive.org/download/sim_scientific-american_1928_139_index/sim_scientific-american_1928_139_index_djvu.txt	?	-
sim_scientific-american_1929-01_140_1	https://archive.org/download/sim_scientific-american_1929-01_140_1/sim_scientific-american_1929-01_140_1_djvu.txt	?	-
sim_scientific-american_1929-02_140_2	https://archive.org/download/sim_scientific-american_1929-02_140_2/sim_scientific-american_1929-02_140_2_djvu.txt	?	-
sim_scientific-american_1929-03_140_3	https://archive.org/download/sim_scientific-american_1929-03_140_3/sim_scientific-american_1929-03_140_3_djvu.txt	?	-
sim_scientific-american_1929-04_140_4	https://archive.org/download/sim_scientific-american_1929-04_140_4/sim_scientific-american_1929-04_140_4_djvu.txt	?	-
sim_scientific-american_1929-05_140_5	https://archive.org/download/sim_scientific-american_1929-05_140_5/sim_scientific-american_1929-05_140_5_djvu.txt	?	-
sim_scientific-american_1929-06_140_6	https://archive.org/download/sim_scientific-american_1929-06_140_6/sim_scientific-american_1929-06_140_6_djvu.txt	?	-
sim_scientific-american_1929-07_141_1	https://archive.org/download/sim_scientific-american_1929-07_141_1/sim_scientific-american_1929-07_141_1_djvu.txt	?	-
sim_scientific-american_1929-08_141_2	https://archive.org/download/sim_scientific-american_1929-08_141_2/sim_scientific-american_1929-08_141_2_djvu.txt	?	-
sim_scientific-american_1929-09_141_3	https://archive.org/download/sim_scientific-american_1929-09_141_3/sim_scientific-american_1929-09_141_3_djvu.txt	?	-
sim_scientific-american_1929-10_141_4	https://archive.org/download/sim_scientific-american_1929-10_141_4/sim_scientific-american_1929-10_141_4_djvu.txt	?	-
sim_scientific-american_1929-11_141_5	https://archive.org/download/sim_scientific-american_1929-11_141_5/sim_scientific-american_1929-11_141_5_djvu.txt	?	-
sim_scientific-american_1929-12_141_6	https://archive.org/download/sim_scientific-american_1929-12_141_6/sim_scientific-american_1929-12_141_6_djvu.txt	?	-
sim_scientific-american_1929_140_index	https://archive.org/download/sim_scientific-american_1929_140_index/sim_scientific-american_1929_140_index_djvu.txt	?	-
sim_scientific-american_1929_141_index	https://archive.org/download/sim_scientific-american_1929_141_index/sim_scientific-american_1929_141_index_djvu.txt	?	-
sim_scientific-american_1930-01_142_1	https://archive.org/download/sim_scientific-american_1930-01_142_1/sim_scientific-american_1930-01_142_1_djvu.txt	?	-
sim_scientific-american_1930-02_142_2	https://archive.org/download/sim_scientific-american_1930-02_142_2/sim_scientific-american_1930-02_142_2_djvu.txt	?	-
sim_scientific-american_1930-03_142_3	https://archive.org/download/sim_scientific-american_1930-03_142_3/sim_scientific-american_1930-03_142_3_djvu.txt	?	-
sim_scientific-american_1930-04_142_4	https://archive.org/download/sim_scientific-american_1930-04_142_4/sim_scientific-american_1930-04_142_4_djvu.txt	?	-
sim_scientific-american_1930-05_142_5	https://archive.org/download/sim_scientific-american_1930-05_142_5/sim_scientific-american_1930-05_142_5_djvu.txt	?	-
sim_scientific-american_1930-06_142_6	https://archive.org/download/sim_scientific-american_1930-06_142_6/sim_scientific-american_1930-06_142_6_djvu.txt	?	-
sim_scientific-american_1930-07_143_1	https://archive.org/download/sim_scientific-american_1930-07_143_1/sim_scientific-american_1930-07_143_1_djvu.txt	?	-
sim_scientific-american_1930-08_143_2	https://archive.org/download/sim_scientific-american_1930-08_143_2/sim_scientific-american_1930-08_143_2_djvu.txt	?	-
sim_scientific-american_1930-09_143_3	https://archive.org/download/sim_scientific-american_1930-09_143_3/sim_scientific-american_1930-09_143_3_djvu.txt	?	-
sim_scientific-american_1930-10_143_4	https://archive.org/download/sim_scientific-american_1930-10_143_4/sim_scientific-american_1930-10_143_4_djvu.txt	?	-
sim_scientific-american_1930-11_143_5	https://archive.org/download/sim_scientific-american_1930-11_143_5/sim_scientific-american_1930-11_143_5_djvu.txt	?	-
sim_scientific-american_1930-12_143_6	https://archive.org/download/sim_scientific-american_1930-12_143_6/sim_scientific-american_1930-12_143_6_djvu.txt	?	-
sim_scientific-american_1930_142_index	https://archive.org/download/sim_scientific-american_1930_142_index/sim_scientific-american_1930_142_index_djvu.txt	?	-
sim_scientific-american_1930_143_index	https://archive.org/download/sim_scientific-american_1930_143_index/sim_scientific-american_1930_143_index_djvu.txt	?	-
sim_scientific-american_december-23-30-1876_35_26	https://archive.org/download/sim_scientific-american_december-23-30-1876_35_26/sim_scientific-american_december-23-30-1876_35_26_djvu.txt	?	-
