# Voelkischer Beobachter (NSDAP daily), Internet Archive collection pub_volkischer-beobachter
# (UNCG microfilm OCR), openly downloadable years 1925 and 1930 only. checksum = IA md5. Generated 2026-10-05.
key	url	bytes	checksum
per_volkischer-beobachter_vlkischer-beobachter_1925-02-26_38_1	https://archive.org/download/per_volkischer-beobachter_vlkischer-beobachter_1925-02-26_38_1/per_volkischer-beobachter_vlkischer-beobachter_1925-02-26_38_1_djvu.txt	123680	md5:160ac4d5d16fc520faaa8ff72a1851ad
per_volkischer-beobachter_vlkischer-beobachter_1925-03-07_38_2	https://archive.org/download/per_volkischer-beobachter_vlkischer-beobachter_1925-03-07_38_2/per_volkischer-beobachter_vlkischer-beobachter_1925-03-07_38_2_djvu.txt	106958	md5:ff23b3e4acff9f44125ed2e38679c2e5
per_volkischer-beobachter_vlkischer-beobachter_1925-03-14_38_3	https://archive.org/download/per_volkischer-beobachter_vlkischer-beobachter_1925-03-14_38_3/per_volkischer-beobachter_vlkischer-beobachter_1925-03-14_38_3_djvu.txt	109845	md5:7f649f80ba4a0bc2c0022a1dbaa96fad
per_volkischer-beobachter_vlkischer-beobachter_1925-03-21_38_4	https://archive.org/download/per_volkischer-beobachter_vlkischer-beobachter_1925-03-21_38_4/per_volkischer-beobachter_vlkischer-beobachter_1925-03-21_38_4_djvu.txt	85077	md5:752ef31d7497ac3fba15de8d501f0359
per_volkischer-beobachter_vlkischer-beobachter_1925-03-25_38_5	https://archive.org/download/per_volkischer-beobachter_vlkischer-beobachter_1925-03-25_38_5/per_volkischer-beobachter_vlkischer-beobachter_1925-03-25_38_5_djvu.txt	75777	md5:17665a48ec2193ca333572300a4ba27b
per_volkischer-beobachter_vlkischer-beobachter_1925-03-28_38_6	https://archive.org/download/per_volkischer-beobachter_vlkischer-beobachter_1925-03-28_38_6/per_volkischer-beobachter_vlkischer-beobachter_1925-03-28_38_6_djvu.txt	88942	md5:3f7ba820054ffc74d00017562ec0e260
per_volkischer-beobachter_vlkischer-beobachter_1925-04-04_38_7	https://archive.org/download/per_volkischer-beobachter_vlkischer-beobachter_1925-04-04_38_7/per_volkischer-beobachter_vlkischer-beobachter_1925-04-04_38_7_djvu.txt	85062	md5:d1a7c9099c227cf94690e82729375601
per_volkischer-beobachter_vlkischer-beobachter_april-05-06-1925_38_8	https://archive.org/download/per_volkischer-beobachter_vlkischer-beobachter_april-05-06-1925_38_8/per_volkischer-beobachter_vlkischer-beobachter_april-05-06-1925_38_8_djvu.txt	86093	md5:4599440400f70cc7b2716965f0e48286
per_volkischer-beobachter_vlkischer-beobachter_1925-04-07_38_9	https://archive.org/download/per_volkischer-beobachter_vlkischer-beobachter_1925-04-07_38_9/per_volkischer-beobachter_vlkischer-beobachter_1925-04-07_38_9_djvu.txt	103628	md5:130c86faa65685b86f7dab104cdf85c7
per_volkischer-beobachter_vlkischer-beobachter_1925-04-08_38_10	https://archive.org/download/per_volkischer-beobachter_vlkischer-beobachter_1925-04-08_38_10/per_volkischer-beobachter_vlkischer-beobachter_1925-04-08_38_10_djvu.txt	89688	md5:14fd332e9769cc1f803cdac100afa3df
per_volkischer-beobachter_vlkischer-beobachter_1925-04-09_38_11	https://archive.org/download/per_volkischer-beobachter_vlkischer-beobachter_1925-04-09_38_11/per_volkischer-beobachter_vlkischer-beobachter_1925-04-09_38_11_djvu.txt	95147	md5:ce6f6e8058eeef145e0f1abb9e3a92ac
per_volkischer-beobachter_vlkischer-beobachter_1925-04-10_38_12	https://archive.org/download/per_volkischer-beobachter_vlkischer-beobachter_1925-04-10_38_12/per_volkischer-beobachter_vlkischer-beobachter_1925-04-10_38_12_djvu.txt	89877	md5:d8fcb2972437cc9b5936fe3e0498c40c
per_volkischer-beobachter_vlkischer-beobachter_1925-04-11_38_13	https://archive.org/download/per_volkischer-beobachter_vlkischer-beobachter_1925-04-11_38_13/per_volkischer-beobachter_vlkischer-beobachter_1925-04-11_38_13_djvu.txt	82951	md5:3a8388b0cc5e6c6bc3c62442f611559f
per_volkischer-beobachter_vlkischer-beobachter_april-12-13-1925_38_14	https://archive.org/download/per_volkischer-beobachter_vlkischer-beobachter_april-12-13-1925_38_14/per_volkischer-beobachter_vlkischer-beobachter_april-12-13-1925_38_14_djvu.txt	87076	md5:00b752c1fa9051f2722641ebc0e5eb2b
per_volkischer-beobachter_vlkischer-beobachter_1925-04-15_38_15	https://archive.org/download/per_volkischer-beobachter_vlkischer-beobachter_1925-04-15_38_15/per_volkischer-beobachter_vlkischer-beobachter_1925-04-15_38_15_djvu.txt	110069	md5:21deb644f3285ca4d6a811442d15a35f
per_volkischer-beobachter_vlkischer-beobachter_1925-04-16_38_16	https://archive.org/download/per_volkischer-beobachter_vlkischer-beobachter_1925-04-16_38_16/per_volkischer-beobachter_vlkischer-beobachter_1925-04-16_38_16_djvu.txt	101192	md5:1bcf471bf28f5f029fb976c7dc07942b
per_volkischer-beobachter_vlkischer-beobachter_1925-04-17_38_17	https://archive.org/download/per_volkischer-beobachter_vlkischer-beobachter_1925-04-17_38_17/per_volkischer-beobachter_vlkischer-beobachter_1925-04-17_38_17_djvu.txt	103628	md5:558fee2f8245f63a5d7cda9bab46ef7c
per_volkischer-beobachter_vlkischer-beobachter_1925-04-18_38_18	https://archive.org/download/per_volkischer-beobachter_vlkischer-beobachter_1925-04-18_38_18/per_volkischer-beobachter_vlkischer-beobachter_1925-04-18_38_18_djvu.txt	112092	md5:c61f76b14496d95f61e197366d67c582
per_volkischer-beobachter_vlkischer-beobachter_april-19-20-1925_38_19	https://archive.org/download/per_volkischer-beobachter_vlkischer-beobachter_april-19-20-1925_38_19/per_volkischer-beobachter_vlkischer-beobachter_april-19-20-1925_38_19_djvu.txt	92323	md5:5f1ceeba07a32f1f385f9fb2d9e2050c
per_volkischer-beobachter_vlkischer-beobachter_1925-04-21_38_20	https://archive.org/download/per_volkischer-beobachter_vlkischer-beobachter_1925-04-21_38_20/per_volkischer-beobachter_vlkischer-beobachter_1925-04-21_38_20_djvu.txt	113771	md5:95d5a924ec4b99b3a50543e4293eaaba
per_volkischer-beobachter_vlkischer-beobachter_1925-04-22_38_21	https://archive.org/download/per_volkischer-beobachter_vlkischer-beobachter_1925-04-22_38_21/per_volkischer-beobachter_vlkischer-beobachter_1925-04-22_38_21_djvu.txt	113858	md5:e4f2c910bcb759587e5bcebb1ce4520e
per_volkischer-beobachter_vlkischer-beobachter_1925-04-23_38_22	https://archive.org/download/per_volkischer-beobachter_vlkischer-beobachter_1925-04-23_38_22/per_volkischer-beobachter_vlkischer-beobachter_1925-04-23_38_22_djvu.txt	100558	md5:68b1ee29707b9e5fa9a08d5787c79410
per_volkischer-beobachter_vlkischer-beobachter_1925-04-24_38_23	https://archive.org/download/per_volkischer-beobachter_vlkischer-beobachter_1925-04-24_38_23/per_volkischer-beobachter_vlkischer-beobachter_1925-04-24_38_23_djvu.txt	94657	md5:23ee9deb1e4ec8e8797ca4f7eb51ca37
per_volkischer-beobachter_vlkischer-beobachter_1925-04-25_38_24	https://archive.org/download/per_volkischer-beobachter_vlkischer-beobachter_1925-04-25_38_24/per_volkischer-beobachter_vlkischer-beobachter_1925-04-25_38_24_djvu.txt	98960	md5:cf72bef8e04ba603257991cf8b6f888c
per_volkischer-beobachter_vlkischer-beobachter_april-26-27-1925_38_25	https://archive.org/download/per_volkischer-beobachter_vlkischer-beobachter_april-26-27-1925_38_25/per_volkischer-beobachter_vlkischer-beobachter_april-26-27-1925_38_25_djvu.txt	84587	md5:759b487449d206d10b4bf466b63fc81e
per_volkischer-beobachter_vlkischer-beobachter_1925-04-28_38_26	https://archive.org/download/per_volkischer-beobachter_vlkischer-beobachter_1925-04-28_38_26/per_volkischer-beobachter_vlkischer-beobachter_1925-04-28_38_26_djvu.txt	87058	md5:4e3e3a5d3c60d7d55cd211f8d738412e
per_volkischer-beobachter_vlkischer-beobachter_1925-04-29_38_27	https://archive.org/download/per_volkischer-beobachter_vlkischer-beobachter_1925-04-29_38_27/per_volkischer-beobachter_vlkischer-beobachter_1925-04-29_38_27_djvu.txt	106268	md5:5b01263efe4cb8aced861c9ac682f119
per_volkischer-beobachter_vlkischer-beobachter_1925-04-30_38_28	https://archive.org/download/per_volkischer-beobachter_vlkischer-beobachter_1925-04-30_38_28/per_volkischer-beobachter_vlkischer-beobachter_1925-04-30_38_28_djvu.txt	85378	md5:87dd9816c582e6eda3bd0be0f3306152
per_volkischer-beobachter_vlkischer-beobachter_1925-05-01_38_29	https://archive.org/download/per_volkischer-beobachter_vlkischer-beobachter_1925-05-01_38_29/per_volkischer-beobachter_vlkischer-beobachter_1925-05-01_38_29_djvu.txt	87384	md5:e7653737e4bbe66c84dbfd81986bb4ee
per_volkischer-beobachter_vlkischer-beobachter_1925-05-02_38_30	https://archive.org/download/per_volkischer-beobachter_vlkischer-beobachter_1925-05-02_38_30/per_volkischer-beobachter_vlkischer-beobachter_1925-05-02_38_30_djvu.txt	97967	md5:bb62d87b7e78d84cb0f3b807214a322d
per_volkischer-beobachter_vlkischer-beobachter_may-03-04-1925_38_31	https://archive.org/download/per_volkischer-beobachter_vlkischer-beobachter_may-03-04-1925_38_31/per_volkischer-beobachter_vlkischer-beobachter_may-03-04-1925_38_31_djvu.txt	84278	md5:a7335261cd3d0b1ae243e2b8001dacb7
per_volkischer-beobachter_vlkischer-beobachter_1925-05-05_38_32	https://archive.org/download/per_volkischer-beobachter_vlkischer-beobachter_1925-05-05_38_32/per_volkischer-beobachter_vlkischer-beobachter_1925-05-05_38_32_djvu.txt	80434	md5:748b82fe60120f3626a4bf1030c1dd69
per_volkischer-beobachter_vlkischer-beobachter_1925-05-06_38_33	https://archive.org/download/per_volkischer-beobachter_vlkischer-beobachter_1925-05-06_38_33/per_volkischer-beobachter_vlkischer-beobachter_1925-05-06_38_33_djvu.txt	82472	md5:cef08ead533c44dbc23a69bae00db83b
per_volkischer-beobachter_vlkischer-beobachter_1925-05-07_38_34	https://archive.org/download/per_volkischer-beobachter_vlkischer-beobachter_1925-05-07_38_34/per_volkischer-beobachter_vlkischer-beobachter_1925-05-07_38_34_djvu.txt	94689	md5:3dde88fbf2db9484689c01fd847f77da
per_volkischer-beobachter_vlkischer-beobachter_1925-05-08_38_35	https://archive.org/download/per_volkischer-beobachter_vlkischer-beobachter_1925-05-08_38_35/per_volkischer-beobachter_vlkischer-beobachter_1925-05-08_38_35_djvu.txt	80208	md5:6fbc1eb4996e127844ada250f657e060
per_volkischer-beobachter_vlkischer-beobachter_1925-05-09_38_36	https://archive.org/download/per_volkischer-beobachter_vlkischer-beobachter_1925-05-09_38_36/per_volkischer-beobachter_vlkischer-beobachter_1925-05-09_38_36_djvu.txt	85219	md5:94b1af3397a6d93cfadba8825609bcf9
per_volkischer-beobachter_vlkischer-beobachter_may-10-11-1925_38_37	https://archive.org/download/per_volkischer-beobachter_vlkischer-beobachter_may-10-11-1925_38_37/per_volkischer-beobachter_vlkischer-beobachter_may-10-11-1925_38_37_djvu.txt	79471	md5:8a3ffbc4696d79584f01739463ae9608
per_volkischer-beobachter_vlkischer-beobachter_1925-05-12_38_38	https://archive.org/download/per_volkischer-beobachter_vlkischer-beobachter_1925-05-12_38_38/per_volkischer-beobachter_vlkischer-beobachter_1925-05-12_38_38_djvu.txt	83676	md5:201b03fef8a2c06dd62fbc65af1a7725
per_volkischer-beobachter_vlkischer-beobachter_1925-05-13_38_39	https://archive.org/download/per_volkischer-beobachter_vlkischer-beobachter_1925-05-13_38_39/per_volkischer-beobachter_vlkischer-beobachter_1925-05-13_38_39_djvu.txt	89633	md5:d77e6e3a477c7f4c18df22545ce972be
per_volkischer-beobachter_vlkischer-beobachter_1925-05-14_38_40	https://archive.org/download/per_volkischer-beobachter_vlkischer-beobachter_1925-05-14_38_40/per_volkischer-beobachter_vlkischer-beobachter_1925-05-14_38_40_djvu.txt	43778	md5:f63226229c3fbae67acc3d09d359be53
per_volkischer-beobachter_vlkischer-beobachter_1925-05-15_38_41	https://archive.org/download/per_volkischer-beobachter_vlkischer-beobachter_1925-05-15_38_41/per_volkischer-beobachter_vlkischer-beobachter_1925-05-15_38_41_djvu.txt	68865	md5:260f0c42fdb7408ee9ff6ff834825fb0
per_volkischer-beobachter_vlkischer-beobachter_1925-05-16_38_42	https://archive.org/download/per_volkischer-beobachter_vlkischer-beobachter_1925-05-16_38_42/per_volkischer-beobachter_vlkischer-beobachter_1925-05-16_38_42_djvu.txt	70318	md5:26c6aef1798d4d073e015affa2d37011
per_volkischer-beobachter_vlkischer-beobachter_may-17-18-1925_38_43	https://archive.org/download/per_volkischer-beobachter_vlkischer-beobachter_may-17-18-1925_38_43/per_volkischer-beobachter_vlkischer-beobachter_may-17-18-1925_38_43_djvu.txt	90109	md5:1d587fd6129ab9f843fc04ab49b7ed49
per_volkischer-beobachter_vlkischer-beobachter_1925-05-19_38_44	https://archive.org/download/per_volkischer-beobachter_vlkischer-beobachter_1925-05-19_38_44/per_volkischer-beobachter_vlkischer-beobachter_1925-05-19_38_44_djvu.txt	71081	md5:a65d8b48322256e6f477ced92d9b6c18
per_volkischer-beobachter_vlkischer-beobachter_1925-05-20_38_45	https://archive.org/download/per_volkischer-beobachter_vlkischer-beobachter_1925-05-20_38_45/per_volkischer-beobachter_vlkischer-beobachter_1925-05-20_38_45_djvu.txt	86030	md5:af2c908dd3ec7f5059cd96e52f7a7c4b
per_volkischer-beobachter_vlkischer-beobachter_1925-05-21_38_46	https://archive.org/download/per_volkischer-beobachter_vlkischer-beobachter_1925-05-21_38_46/per_volkischer-beobachter_vlkischer-beobachter_1925-05-21_38_46_djvu.txt	60610	md5:c9f618e151499636d94372a14f5cc124
per_volkischer-beobachter_vlkischer-beobachter_1925-05-23_38_47	https://archive.org/download/per_volkischer-beobachter_vlkischer-beobachter_1925-05-23_38_47/per_volkischer-beobachter_vlkischer-beobachter_1925-05-23_38_47_djvu.txt	86774	md5:518d0ab4530672cb66c393078d6c8195
per_volkischer-beobachter_vlkischer-beobachter_may-24-25-1925_38_48	https://archive.org/download/per_volkischer-beobachter_vlkischer-beobachter_may-24-25-1925_38_48/per_volkischer-beobachter_vlkischer-beobachter_may-24-25-1925_38_48_djvu.txt	108325	md5:35a1fa622b487d439cccd969d9112c9d
per_volkischer-beobachter_vlkischer-beobachter_1925-05-26_38_49	https://archive.org/download/per_volkischer-beobachter_vlkischer-beobachter_1925-05-26_38_49/per_volkischer-beobachter_vlkischer-beobachter_1925-05-26_38_49_djvu.txt	65205	md5:fb053f91376dd36aea5e561f3284f4d7
per_volkischer-beobachter_vlkischer-beobachter_1925-05-27_38_50	https://archive.org/download/per_volkischer-beobachter_vlkischer-beobachter_1925-05-27_38_50/per_volkischer-beobachter_vlkischer-beobachter_1925-05-27_38_50_djvu.txt	74108	md5:de387f7960832ecd757ee397c90b4d43
per_volkischer-beobachter_vlkischer-beobachter_1925-05-28_38_51	https://archive.org/download/per_volkischer-beobachter_vlkischer-beobachter_1925-05-28_38_51/per_volkischer-beobachter_vlkischer-beobachter_1925-05-28_38_51_djvu.txt	80673	md5:1d39fd20e412880b65de1a816f744df5
per_volkischer-beobachter_vlkischer-beobachter_1925-05-29_38_52	https://archive.org/download/per_volkischer-beobachter_vlkischer-beobachter_1925-05-29_38_52/per_volkischer-beobachter_vlkischer-beobachter_1925-05-29_38_52_djvu.txt	66873	md5:e99a56d64c76cb896cc1f02d401ec64b
per_volkischer-beobachter_vlkischer-beobachter_1925-05-30_38_53	https://archive.org/download/per_volkischer-beobachter_vlkischer-beobachter_1925-05-30_38_53/per_volkischer-beobachter_vlkischer-beobachter_1925-05-30_38_53_djvu.txt	55272	md5:1e994a34b2e00699edcc05ce693dda92
per_volkischer-beobachter_vlkischer-beobachter_may-31-june-01-1925_38_54	https://archive.org/download/per_volkischer-beobachter_vlkischer-beobachter_may-31-june-01-1925_38_54/per_volkischer-beobachter_vlkischer-beobachter_may-31-june-01-1925_38_54_djvu.txt	119999	md5:28c6e8b9b2431fb851c38b79592e5b8a
per_volkischer-beobachter_vlkischer-beobachter_1925-06-03_38_55	https://archive.org/download/per_volkischer-beobachter_vlkischer-beobachter_1925-06-03_38_55/per_volkischer-beobachter_vlkischer-beobachter_1925-06-03_38_55_djvu.txt	52571	md5:9214d493415b20dc1c98d0bac80b23cc
per_volkischer-beobachter_vlkischer-beobachter_1925-06-04_38_56	https://archive.org/download/per_volkischer-beobachter_vlkischer-beobachter_1925-06-04_38_56/per_volkischer-beobachter_vlkischer-beobachter_1925-06-04_38_56_djvu.txt	65455	md5:566144cc30aeb65d9d3f5da59bd58f27
per_volkischer-beobachter_vlkischer-beobachter_1925-06-05_38_57	https://archive.org/download/per_volkischer-beobachter_vlkischer-beobachter_1925-06-05_38_57/per_volkischer-beobachter_vlkischer-beobachter_1925-06-05_38_57_djvu.txt	70620	md5:ea134cac64bd2971d72b1d4a5ecd5d15
per_volkischer-beobachter_vlkischer-beobachter_1925-06-06_38_58	https://archive.org/download/per_volkischer-beobachter_vlkischer-beobachter_1925-06-06_38_58/per_volkischer-beobachter_vlkischer-beobachter_1925-06-06_38_58_djvu.txt	64000	md5:508ded120b4280f99cae0ab64e96abce
per_volkischer-beobachter_vlkischer-beobachter_june-07-08-1925_38_59	https://archive.org/download/per_volkischer-beobachter_vlkischer-beobachter_june-07-08-1925_38_59/per_volkischer-beobachter_vlkischer-beobachter_june-07-08-1925_38_59_djvu.txt	97149	md5:2381ff0bbcba0be24b19cb2b19543ae2
per_volkischer-beobachter_vlkischer-beobachter_1925-06-09_38_60	https://archive.org/download/per_volkischer-beobachter_vlkischer-beobachter_1925-06-09_38_60/per_volkischer-beobachter_vlkischer-beobachter_1925-06-09_38_60_djvu.txt	75634	md5:e8e541aa38aa41aa63c5193c9ef643c1
per_volkischer-beobachter_vlkischer-beobachter_1925-06-10_38_61	https://archive.org/download/per_volkischer-beobachter_vlkischer-beobachter_1925-06-10_38_61/per_volkischer-beobachter_vlkischer-beobachter_1925-06-10_38_61_djvu.txt	60929	md5:47453613b0893b38369447cd3281361c
per_volkischer-beobachter_vlkischer-beobachter_1925-06-11_38_62	https://archive.org/download/per_volkischer-beobachter_vlkischer-beobachter_1925-06-11_38_62/per_volkischer-beobachter_vlkischer-beobachter_1925-06-11_38_62_djvu.txt	78341	md5:518d69d4fe77a34bb89173322f418f44
per_volkischer-beobachter_vlkischer-beobachter_1925-06-13_38_63	https://archive.org/download/per_volkischer-beobachter_vlkischer-beobachter_1925-06-13_38_63/per_volkischer-beobachter_vlkischer-beobachter_1925-06-13_38_63_djvu.txt	63726	md5:a62a240e5dd3dcc28880613ff8aaaf63
per_volkischer-beobachter_vlkischer-beobachter_june-14-15-1925_38_64	https://archive.org/download/per_volkischer-beobachter_vlkischer-beobachter_june-14-15-1925_38_64/per_volkischer-beobachter_vlkischer-beobachter_june-14-15-1925_38_64_djvu.txt	86744	md5:966d52985b7cd560d608825c4e67ca5a
per_volkischer-beobachter_vlkischer-beobachter_1925-06-16_38_65	https://archive.org/download/per_volkischer-beobachter_vlkischer-beobachter_1925-06-16_38_65/per_volkischer-beobachter_vlkischer-beobachter_1925-06-16_38_65_djvu.txt	59905	md5:b0900b9313481b857aea5393968bd0f8
per_volkischer-beobachter_vlkischer-beobachter_1925-06-17_38_66	https://archive.org/download/per_volkischer-beobachter_vlkischer-beobachter_1925-06-17_38_66/per_volkischer-beobachter_vlkischer-beobachter_1925-06-17_38_66_djvu.txt	73310	md5:f5ffd84038caca1c0325184df28eed18
per_volkischer-beobachter_vlkischer-beobachter_1925-06-18_38_67	https://archive.org/download/per_volkischer-beobachter_vlkischer-beobachter_1925-06-18_38_67/per_volkischer-beobachter_vlkischer-beobachter_1925-06-18_38_67_djvu.txt	84220	md5:2b39e7be0d279fbda674f2a84bd43752
per_volkischer-beobachter_vlkischer-beobachter_1925-06-19_38_68	https://archive.org/download/per_volkischer-beobachter_vlkischer-beobachter_1925-06-19_38_68/per_volkischer-beobachter_vlkischer-beobachter_1925-06-19_38_68_djvu.txt	86127	md5:3657ea63e1fa09e80e2fd355395b8405
per_volkischer-beobachter_vlkischer-beobachter_1925-06-20_38_69	https://archive.org/download/per_volkischer-beobachter_vlkischer-beobachter_1925-06-20_38_69/per_volkischer-beobachter_vlkischer-beobachter_1925-06-20_38_69_djvu.txt	73079	md5:85bd3cf28e85078c850c131fadaf7bea
per_volkischer-beobachter_vlkischer-beobachter_june-21-22-1925_38_70	https://archive.org/download/per_volkischer-beobachter_vlkischer-beobachter_june-21-22-1925_38_70/per_volkischer-beobachter_vlkischer-beobachter_june-21-22-1925_38_70_djvu.txt	109104	md5:3378d0b3524f4244006b56d1dbe72e5f
per_volkischer-beobachter_vlkischer-beobachter_1925-06-23_38_71	https://archive.org/download/per_volkischer-beobachter_vlkischer-beobachter_1925-06-23_38_71/per_volkischer-beobachter_vlkischer-beobachter_1925-06-23_38_71_djvu.txt	66351	md5:0568da3bc8b530edf69634c7f6cf9d32
per_volkischer-beobachter_vlkischer-beobachter_1925-06-24_38_72	https://archive.org/download/per_volkischer-beobachter_vlkischer-beobachter_1925-06-24_38_72/per_volkischer-beobachter_vlkischer-beobachter_1925-06-24_38_72_djvu.txt	81672	md5:75b8253cb2c8495531ea0e71d48d5d62
per_volkischer-beobachter_vlkischer-beobachter_1925-06-25_38_73	https://archive.org/download/per_volkischer-beobachter_vlkischer-beobachter_1925-06-25_38_73/per_volkischer-beobachter_vlkischer-beobachter_1925-06-25_38_73_djvu.txt	80599	md5:7656dd93308d80a69da2e87d59cea161
per_volkischer-beobachter_vlkischer-beobachter_1925-06-26_38_74	https://archive.org/download/per_volkischer-beobachter_vlkischer-beobachter_1925-06-26_38_74/per_volkischer-beobachter_vlkischer-beobachter_1925-06-26_38_74_djvu.txt	88285	md5:29966f4eb15f3065cda4760c814afa3c
per_volkischer-beobachter_vlkischer-beobachter_1925-06-27_38_75	https://archive.org/download/per_volkischer-beobachter_vlkischer-beobachter_1925-06-27_38_75/per_volkischer-beobachter_vlkischer-beobachter_1925-06-27_38_75_djvu.txt	75312	md5:b7736947ca276a80b3e2793787aa2a90
per_volkischer-beobachter_vlkischer-beobachter_june-28-29-1925_38_76	https://archive.org/download/per_volkischer-beobachter_vlkischer-beobachter_june-28-29-1925_38_76/per_volkischer-beobachter_vlkischer-beobachter_june-28-29-1925_38_76_djvu.txt	125139	md5:a2c74f038204de909a29cfaa7eda906d
per_volkischer-beobachter_vlkischer-beobachter_1925-06-30_38_77	https://archive.org/download/per_volkischer-beobachter_vlkischer-beobachter_1925-06-30_38_77/per_volkischer-beobachter_vlkischer-beobachter_1925-06-30_38_77_djvu.txt	68327	md5:61a53a12a3d0bdade0fe3d021403a16b
per_volkischer-beobachter_vlkischer-beobachter_1925-07-01_38_78	https://archive.org/download/per_volkischer-beobachter_vlkischer-beobachter_1925-07-01_38_78/per_volkischer-beobachter_vlkischer-beobachter_1925-07-01_38_78_djvu.txt	58136	md5:6ca4038d3c8e6413ba74d8bf4cf01439
per_volkischer-beobachter_vlkischer-beobachter_1925-07-02_38_79	https://archive.org/download/per_volkischer-beobachter_vlkischer-beobachter_1925-07-02_38_79/per_volkischer-beobachter_vlkischer-beobachter_1925-07-02_38_79_djvu.txt	72806	md5:6ed4a26871f6d751c268aaec0054e89b
per_volkischer-beobachter_vlkischer-beobachter_1925-07-03_38_80	https://archive.org/download/per_volkischer-beobachter_vlkischer-beobachter_1925-07-03_38_80/per_volkischer-beobachter_vlkischer-beobachter_1925-07-03_38_80_djvu.txt	79051	md5:aef58507a5a807fb05c365d7353b2056
per_volkischer-beobachter_vlkischer-beobachter_1925-07-04_38_81	https://archive.org/download/per_volkischer-beobachter_vlkischer-beobachter_1925-07-04_38_81/per_volkischer-beobachter_vlkischer-beobachter_1925-07-04_38_81_djvu.txt	81218	md5:e85be0aa2f51320d2a6fed0b7323351b
per_volkischer-beobachter_vlkischer-beobachter_july-05-06-1925_38_82	https://archive.org/download/per_volkischer-beobachter_vlkischer-beobachter_july-05-06-1925_38_82/per_volkischer-beobachter_vlkischer-beobachter_july-05-06-1925_38_82_djvu.txt	91181	md5:ec74fc4f35ab1aac5e04060fa358491c
per_volkischer-beobachter_vlkischer-beobachter_1925-07-07_38_83	https://archive.org/download/per_volkischer-beobachter_vlkischer-beobachter_1925-07-07_38_83/per_volkischer-beobachter_vlkischer-beobachter_1925-07-07_38_83_djvu.txt	62629	md5:a5dccc97cb798cb306b21508a61c0b62
per_volkischer-beobachter_vlkischer-beobachter_1925-07-08_38_84	https://archive.org/download/per_volkischer-beobachter_vlkischer-beobachter_1925-07-08_38_84/per_volkischer-beobachter_vlkischer-beobachter_1925-07-08_38_84_djvu.txt	65310	md5:16d615c57a6231d0ed47ccb38d72a2cd
per_volkischer-beobachter_vlkischer-beobachter_1925-07-09_38_85	https://archive.org/download/per_volkischer-beobachter_vlkischer-beobachter_1925-07-09_38_85/per_volkischer-beobachter_vlkischer-beobachter_1925-07-09_38_85_djvu.txt	78624	md5:e602c3141e8d584414412001a889e5d8
per_volkischer-beobachter_vlkischer-beobachter_1925-07-10_38_86	https://archive.org/download/per_volkischer-beobachter_vlkischer-beobachter_1925-07-10_38_86/per_volkischer-beobachter_vlkischer-beobachter_1925-07-10_38_86_djvu.txt	75368	md5:6754e07d228dbadd14aff2ab6f9e8e8b
per_volkischer-beobachter_vlkischer-beobachter_1925-07-11_38_87	https://archive.org/download/per_volkischer-beobachter_vlkischer-beobachter_1925-07-11_38_87/per_volkischer-beobachter_vlkischer-beobachter_1925-07-11_38_87_djvu.txt	79877	md5:d70a213e8cc04171bca418e9ee4244db
per_volkischer-beobachter_vlkischer-beobachter_july-12-13-1925_38_88	https://archive.org/download/per_volkischer-beobachter_vlkischer-beobachter_july-12-13-1925_38_88/per_volkischer-beobachter_vlkischer-beobachter_july-12-13-1925_38_88_djvu.txt	122564	md5:73950155823aa0be19d8d189709aa90b
per_volkischer-beobachter_vlkischer-beobachter_1925-07-14_38_89	https://archive.org/download/per_volkischer-beobachter_vlkischer-beobachter_1925-07-14_38_89/per_volkischer-beobachter_vlkischer-beobachter_1925-07-14_38_89_djvu.txt	89577	md5:ad9a59d5f9c7e138e83dc4b060809ca4
per_volkischer-beobachter_vlkischer-beobachter_1925-07-15_38_90	https://archive.org/download/per_volkischer-beobachter_vlkischer-beobachter_1925-07-15_38_90/per_volkischer-beobachter_vlkischer-beobachter_1925-07-15_38_90_djvu.txt	75950	md5:7fe43f38f90c690e65bb72aedbae06ae
per_volkischer-beobachter_vlkischer-beobachter_1925-07-16_38_91	https://archive.org/download/per_volkischer-beobachter_vlkischer-beobachter_1925-07-16_38_91/per_volkischer-beobachter_vlkischer-beobachter_1925-07-16_38_91_djvu.txt	102449	md5:67bfa00c4080ee0cb89c7217ae6ee523
per_volkischer-beobachter_vlkischer-beobachter_1925-07-17_38_92	https://archive.org/download/per_volkischer-beobachter_vlkischer-beobachter_1925-07-17_38_92/per_volkischer-beobachter_vlkischer-beobachter_1925-07-17_38_92_djvu.txt	81691	md5:433be5f76f218198f47abba1dd0d3826
per_volkischer-beobachter_vlkischer-beobachter_1925-07-18_38_93	https://archive.org/download/per_volkischer-beobachter_vlkischer-beobachter_1925-07-18_38_93/per_volkischer-beobachter_vlkischer-beobachter_1925-07-18_38_93_djvu.txt	78093	md5:b84686c0d2fdf31f005488dfed6b5a7a
per_volkischer-beobachter_vlkischer-beobachter_july-19-20-1925_38_94	https://archive.org/download/per_volkischer-beobachter_vlkischer-beobachter_july-19-20-1925_38_94/per_volkischer-beobachter_vlkischer-beobachter_july-19-20-1925_38_94_djvu.txt	157814	md5:e6827868d5cf31d2da1389a3f56d8412
per_volkischer-beobachter_vlkischer-beobachter_1925-07-21_38_95	https://archive.org/download/per_volkischer-beobachter_vlkischer-beobachter_1925-07-21_38_95/per_volkischer-beobachter_vlkischer-beobachter_1925-07-21_38_95_djvu.txt	90135	md5:b816e0ac2b15b25e3e80a9e2867f38fe
per_volkischer-beobachter_vlkischer-beobachter_1925-07-22_38_96	https://archive.org/download/per_volkischer-beobachter_vlkischer-beobachter_1925-07-22_38_96/per_volkischer-beobachter_vlkischer-beobachter_1925-07-22_38_96_djvu.txt	81678	md5:0b9f06b6e8f76e450dc56ea98d9e7f62
per_volkischer-beobachter_vlkischer-beobachter_1925-07-23_38_97	https://archive.org/download/per_volkischer-beobachter_vlkischer-beobachter_1925-07-23_38_97/per_volkischer-beobachter_vlkischer-beobachter_1925-07-23_38_97_djvu.txt	118985	md5:147067876811c96b1919a95b7b60f56b
per_volkischer-beobachter_vlkischer-beobachter_1925-07-24_38_98	https://archive.org/download/per_volkischer-beobachter_vlkischer-beobachter_1925-07-24_38_98/per_volkischer-beobachter_vlkischer-beobachter_1925-07-24_38_98_djvu.txt	102915	md5:afae893368f670c69024924dc36371a7
per_volkischer-beobachter_vlkischer-beobachter_1925-07-25_38_99	https://archive.org/download/per_volkischer-beobachter_vlkischer-beobachter_1925-07-25_38_99/per_volkischer-beobachter_vlkischer-beobachter_1925-07-25_38_99_djvu.txt	101505	md5:d02ec9f7d65fa4ce4b04bc4022e75058
per_volkischer-beobachter_vlkischer-beobachter_july-26-27-1925_38_100	https://archive.org/download/per_volkischer-beobachter_vlkischer-beobachter_july-26-27-1925_38_100/per_volkischer-beobachter_vlkischer-beobachter_july-26-27-1925_38_100_djvu.txt	116332	md5:da098f6a8a7317f85156508891e17488
per_volkischer-beobachter_vlkischer-beobachter_1925-07-28_38_101	https://archive.org/download/per_volkischer-beobachter_vlkischer-beobachter_1925-07-28_38_101/per_volkischer-beobachter_vlkischer-beobachter_1925-07-28_38_101_djvu.txt	90943	md5:b6f6608d6ec1966467bd2f8c047e8b40
per_volkischer-beobachter_vlkischer-beobachter_1925-07-29_38_102	https://archive.org/download/per_volkischer-beobachter_vlkischer-beobachter_1925-07-29_38_102/per_volkischer-beobachter_vlkischer-beobachter_1925-07-29_38_102_djvu.txt	87335	md5:317593978864a82b9dc7f4d541cf4901
per_volkischer-beobachter_vlkischer-beobachter_1925-07-30_38_103	https://archive.org/download/per_volkischer-beobachter_vlkischer-beobachter_1925-07-30_38_103/per_volkischer-beobachter_vlkischer-beobachter_1925-07-30_38_103_djvu.txt	87979	md5:b46cddd2e4131c05e111515d4330db57
per_volkischer-beobachter_vlkischer-beobachter_1925-07-31_38_104	https://archive.org/download/per_volkischer-beobachter_vlkischer-beobachter_1925-07-31_38_104/per_volkischer-beobachter_vlkischer-beobachter_1925-07-31_38_104_djvu.txt	120686	md5:d2cd852d74b7e0a8a7439c49d3645949
per_volkischer-beobachter_vlkischer-beobachter_1925-08-01_38_105	https://archive.org/download/per_volkischer-beobachter_vlkischer-beobachter_1925-08-01_38_105/per_volkischer-beobachter_vlkischer-beobachter_1925-08-01_38_105_djvu.txt	97763	md5:9c52bcb2a71f59d378078e18c1ba3f8d
per_volkischer-beobachter_vlkischer-beobachter_1925-08_38_110a	https://archive.org/download/per_volkischer-beobachter_vlkischer-beobachter_1925-08_38_110a/per_volkischer-beobachter_vlkischer-beobachter_1925-08_38_110a_djvu.txt	194343	md5:2f812ccfdbbc046dff5d935ee457128a
per_volkischer-beobachter_vlkischer-beobachter_august-02-03-1925_38_106	https://archive.org/download/per_volkischer-beobachter_vlkischer-beobachter_august-02-03-1925_38_106/per_volkischer-beobachter_vlkischer-beobachter_august-02-03-1925_38_106_djvu.txt	168173	md5:54cdf207bc1c31a34982ca554609ae7d
per_volkischer-beobachter_vlkischer-beobachter_1925-08-04_38_107	https://archive.org/download/per_volkischer-beobachter_vlkischer-beobachter_1925-08-04_38_107/per_volkischer-beobachter_vlkischer-beobachter_1925-08-04_38_107_djvu.txt	106359	md5:2741352261c31142b822adc76eb1bbe1
per_volkischer-beobachter_vlkischer-beobachter_1925-08-05_38_108	https://archive.org/download/per_volkischer-beobachter_vlkischer-beobachter_1925-08-05_38_108/per_volkischer-beobachter_vlkischer-beobachter_1925-08-05_38_108_djvu.txt	105166	md5:94b22a96a12b5cb1ba2daba213f89041
per_volkischer-beobachter_vlkischer-beobachter_1925-08-06_38_109	https://archive.org/download/per_volkischer-beobachter_vlkischer-beobachter_1925-08-06_38_109/per_volkischer-beobachter_vlkischer-beobachter_1925-08-06_38_109_djvu.txt	178963	md5:12945bfd14fada823e1a64aad31ad1c2
per_volkischer-beobachter_vlkischer-beobachter_1925-08-07_38_110	https://archive.org/download/per_volkischer-beobachter_vlkischer-beobachter_1925-08-07_38_110/per_volkischer-beobachter_vlkischer-beobachter_1925-08-07_38_110_djvu.txt	155063	md5:1b5c73e644723dadc043663508ae17a3
per_volkischer-beobachter_vlkischer-beobachter_1925-08-08_38_111	https://archive.org/download/per_volkischer-beobachter_vlkischer-beobachter_1925-08-08_38_111/per_volkischer-beobachter_vlkischer-beobachter_1925-08-08_38_111_djvu.txt	104311	md5:85bbb18afcc2d005e3052327fac8de7d
per_volkischer-beobachter_vlkischer-beobachter_august-09-10-1925_38_112	https://archive.org/download/per_volkischer-beobachter_vlkischer-beobachter_august-09-10-1925_38_112/per_volkischer-beobachter_vlkischer-beobachter_august-09-10-1925_38_112_djvu.txt	147385	md5:8971b19774500c5a549a501cd5c8b11f
per_volkischer-beobachter_vlkischer-beobachter_1925-08-11_38_113	https://archive.org/download/per_volkischer-beobachter_vlkischer-beobachter_1925-08-11_38_113/per_volkischer-beobachter_vlkischer-beobachter_1925-08-11_38_113_djvu.txt	107939	md5:5941991537773bc2c79223985ff465b2
per_volkischer-beobachter_vlkischer-beobachter_1925-08-12_38_114	https://archive.org/download/per_volkischer-beobachter_vlkischer-beobachter_1925-08-12_38_114/per_volkischer-beobachter_vlkischer-beobachter_1925-08-12_38_114_djvu.txt	105631	md5:e738ed6aa348a97d9f952c8dd7c9056b
per_volkischer-beobachter_vlkischer-beobachter_1925-08-13_38_115	https://archive.org/download/per_volkischer-beobachter_vlkischer-beobachter_1925-08-13_38_115/per_volkischer-beobachter_vlkischer-beobachter_1925-08-13_38_115_djvu.txt	73160	md5:f9b3c3828719c68c8db4e4cbc92a1b30
per_volkischer-beobachter_vlkischer-beobachter_1925-08-14_38_116	https://archive.org/download/per_volkischer-beobachter_vlkischer-beobachter_1925-08-14_38_116/per_volkischer-beobachter_vlkischer-beobachter_1925-08-14_38_116_djvu.txt	97404	md5:93289c79d0f900294ad61b2af0a21b14
per_volkischer-beobachter_vlkischer-beobachter_august-16-17-1925_38_117	https://archive.org/download/per_volkischer-beobachter_vlkischer-beobachter_august-16-17-1925_38_117/per_volkischer-beobachter_vlkischer-beobachter_august-16-17-1925_38_117_djvu.txt	191054	md5:0e35a343cb6af02854bb0934de3b233a
per_volkischer-beobachter_vlkischer-beobachter_1925-08-18_38_118	https://archive.org/download/per_volkischer-beobachter_vlkischer-beobachter_1925-08-18_38_118/per_volkischer-beobachter_vlkischer-beobachter_1925-08-18_38_118_djvu.txt	109451	md5:123aba7205d1eb141b10c6619d77bc5b
per_volkischer-beobachter_vlkischer-beobachter_1925-08-19_38_119	https://archive.org/download/per_volkischer-beobachter_vlkischer-beobachter_1925-08-19_38_119/per_volkischer-beobachter_vlkischer-beobachter_1925-08-19_38_119_djvu.txt	94285	md5:74b2b19d28071c8c100992c747f10c53
per_volkischer-beobachter_vlkischer-beobachter_1925-08-20_38_120	https://archive.org/download/per_volkischer-beobachter_vlkischer-beobachter_1925-08-20_38_120/per_volkischer-beobachter_vlkischer-beobachter_1925-08-20_38_120_djvu.txt	93514	md5:68929c2ef023ea134af467226155124c
per_volkischer-beobachter_vlkischer-beobachter_1925-08-21_38_121	https://archive.org/download/per_volkischer-beobachter_vlkischer-beobachter_1925-08-21_38_121/per_volkischer-beobachter_vlkischer-beobachter_1925-08-21_38_121_djvu.txt	105580	md5:4fca10c1d2665c8673609679ce9f4d4b
per_volkischer-beobachter_vlkischer-beobachter_1925-08-22_38_122	https://archive.org/download/per_volkischer-beobachter_vlkischer-beobachter_1925-08-22_38_122/per_volkischer-beobachter_vlkischer-beobachter_1925-08-22_38_122_djvu.txt	85208	md5:bf31550ab26288012369ebc206ae8d90
per_volkischer-beobachter_vlkischer-beobachter_august-23-24-1925_38_123	https://archive.org/download/per_volkischer-beobachter_vlkischer-beobachter_august-23-24-1925_38_123/per_volkischer-beobachter_vlkischer-beobachter_august-23-24-1925_38_123_djvu.txt	122337	md5:83ea6b7b72ebb17a70ab14ffe939a28e
per_volkischer-beobachter_vlkischer-beobachter_1925-08-25_38_124	https://archive.org/download/per_volkischer-beobachter_vlkischer-beobachter_1925-08-25_38_124/per_volkischer-beobachter_vlkischer-beobachter_1925-08-25_38_124_djvu.txt	87942	md5:79f497964aca4a2d35de56fa5e35978f
per_volkischer-beobachter_vlkischer-beobachter_1925-08-26_38_125	https://archive.org/download/per_volkischer-beobachter_vlkischer-beobachter_1925-08-26_38_125/per_volkischer-beobachter_vlkischer-beobachter_1925-08-26_38_125_djvu.txt	95672	md5:3f25e77e34e5803c3f1549611ef56cc2
per_volkischer-beobachter_vlkischer-beobachter_1925-08-27_38_126	https://archive.org/download/per_volkischer-beobachter_vlkischer-beobachter_1925-08-27_38_126/per_volkischer-beobachter_vlkischer-beobachter_1925-08-27_38_126_djvu.txt	87371	md5:3e8c597f173a6cc494f258446e00d8db
per_volkischer-beobachter_vlkischer-beobachter_1925-08-28_38_127	https://archive.org/download/per_volkischer-beobachter_vlkischer-beobachter_1925-08-28_38_127/per_volkischer-beobachter_vlkischer-beobachter_1925-08-28_38_127_djvu.txt	90051	md5:bc1d6351b015e09d7864ba2cbba499c6
per_volkischer-beobachter_vlkischer-beobachter_1925-08-29_38_128	https://archive.org/download/per_volkischer-beobachter_vlkischer-beobachter_1925-08-29_38_128/per_volkischer-beobachter_vlkischer-beobachter_1925-08-29_38_128_djvu.txt	68413	md5:e188ca0fd10843c6b08d2a2a8ed12123
per_volkischer-beobachter_vlkischer-beobachter_august-30-31-1925_38_129	https://archive.org/download/per_volkischer-beobachter_vlkischer-beobachter_august-30-31-1925_38_129/per_volkischer-beobachter_vlkischer-beobachter_august-30-31-1925_38_129_djvu.txt	137433	md5:ff3eea35809f2d57f3e51adbe8c0c00f
per_volkischer-beobachter_vlkischer-beobachter_1925-09-01_38_130	https://archive.org/download/per_volkischer-beobachter_vlkischer-beobachter_1925-09-01_38_130/per_volkischer-beobachter_vlkischer-beobachter_1925-09-01_38_130_djvu.txt	70593	md5:04b76cf054b891d20de51a184d6056f7
per_volkischer-beobachter_vlkischer-beobachter_1925-09_38_144a	https://archive.org/download/per_volkischer-beobachter_vlkischer-beobachter_1925-09_38_144a/per_volkischer-beobachter_vlkischer-beobachter_1925-09_38_144a_djvu.txt	161560	md5:3b37a45afde8ec2aca21c039dfde23bf
per_volkischer-beobachter_vlkischer-beobachter_1925-09-02_38_131	https://archive.org/download/per_volkischer-beobachter_vlkischer-beobachter_1925-09-02_38_131/per_volkischer-beobachter_vlkischer-beobachter_1925-09-02_38_131_djvu.txt	77804	md5:211b0395e668773c42dbb84a8c0c1d82
per_volkischer-beobachter_vlkischer-beobachter_1925-09-03_38_132	https://archive.org/download/per_volkischer-beobachter_vlkischer-beobachter_1925-09-03_38_132/per_volkischer-beobachter_vlkischer-beobachter_1925-09-03_38_132_djvu.txt	100103	md5:26e10ca214551ae550c7dec968124059
per_volkischer-beobachter_vlkischer-beobachter_1925-09-04_38_133	https://archive.org/download/per_volkischer-beobachter_vlkischer-beobachter_1925-09-04_38_133/per_volkischer-beobachter_vlkischer-beobachter_1925-09-04_38_133_djvu.txt	99424	md5:1f065ef32af4b44acf22cd1912b7aa3c
per_volkischer-beobachter_vlkischer-beobachter_1925-09-05_38_134	https://archive.org/download/per_volkischer-beobachter_vlkischer-beobachter_1925-09-05_38_134/per_volkischer-beobachter_vlkischer-beobachter_1925-09-05_38_134_djvu.txt	108798	md5:51b5cc1d6f3ad98c3455a1323347b468
per_volkischer-beobachter_vlkischer-beobachter_september-06-07-1925_38_135	https://archive.org/download/per_volkischer-beobachter_vlkischer-beobachter_september-06-07-1925_38_135/per_volkischer-beobachter_vlkischer-beobachter_september-06-07-1925_38_135_djvu.txt	120591	md5:ede44eb8bd122aa96880d19168c798df
per_volkischer-beobachter_vlkischer-beobachter_1925-09-08_38_136	https://archive.org/download/per_volkischer-beobachter_vlkischer-beobachter_1925-09-08_38_136/per_volkischer-beobachter_vlkischer-beobachter_1925-09-08_38_136_djvu.txt	79041	md5:698016e1048f0e1c149611f1b33581a3
per_volkischer-beobachter_vlkischer-beobachter_1925-09-09_38_137	https://archive.org/download/per_volkischer-beobachter_vlkischer-beobachter_1925-09-09_38_137/per_volkischer-beobachter_vlkischer-beobachter_1925-09-09_38_137_djvu.txt	89038	md5:a480a298a29685c527a4a45ba8474ea4
per_volkischer-beobachter_vlkischer-beobachter_1925-09-10_38_138	https://archive.org/download/per_volkischer-beobachter_vlkischer-beobachter_1925-09-10_38_138/per_volkischer-beobachter_vlkischer-beobachter_1925-09-10_38_138_djvu.txt	92171	md5:f5581d07656a81d2a38d5e536560df71
per_volkischer-beobachter_vlkischer-beobachter_1925-09-11_38_139	https://archive.org/download/per_volkischer-beobachter_vlkischer-beobachter_1925-09-11_38_139/per_volkischer-beobachter_vlkischer-beobachter_1925-09-11_38_139_djvu.txt	96999	md5:2e8d82a06f11826a37ef6063cdce3c27
per_volkischer-beobachter_vlkischer-beobachter_1925-09-12_38_140	https://archive.org/download/per_volkischer-beobachter_vlkischer-beobachter_1925-09-12_38_140/per_volkischer-beobachter_vlkischer-beobachter_1925-09-12_38_140_djvu.txt	95131	md5:a0d356bc04b04c065699dbfc7bbde8df
per_volkischer-beobachter_vlkischer-beobachter_september-13-14-1925_38_141	https://archive.org/download/per_volkischer-beobachter_vlkischer-beobachter_september-13-14-1925_38_141/per_volkischer-beobachter_vlkischer-beobachter_september-13-14-1925_38_141_djvu.txt	154909	md5:d435386e0a5de923724eb9c6454241e7
per_volkischer-beobachter_vlkischer-beobachter_1925-09-15_38_142	https://archive.org/download/per_volkischer-beobachter_vlkischer-beobachter_1925-09-15_38_142/per_volkischer-beobachter_vlkischer-beobachter_1925-09-15_38_142_djvu.txt	97077	md5:8aa0b736078ddc6dc4f354c9a8a9e75a
per_volkischer-beobachter_vlkischer-beobachter_1925-09-16_38_143	https://archive.org/download/per_volkischer-beobachter_vlkischer-beobachter_1925-09-16_38_143/per_volkischer-beobachter_vlkischer-beobachter_1925-09-16_38_143_djvu.txt	97971	md5:5426054dc96e361d4fac1e4cf3c57611
per_volkischer-beobachter_vlkischer-beobachter_1925-09-17_38_144	https://archive.org/download/per_volkischer-beobachter_vlkischer-beobachter_1925-09-17_38_144/per_volkischer-beobachter_vlkischer-beobachter_1925-09-17_38_144_djvu.txt	80060	md5:9ca671d150d2ac8ac208197075b495a2
per_volkischer-beobachter_vlkischer-beobachter_1925-09-18_38_145	https://archive.org/download/per_volkischer-beobachter_vlkischer-beobachter_1925-09-18_38_145/per_volkischer-beobachter_vlkischer-beobachter_1925-09-18_38_145_djvu.txt	107353	md5:4a37fb9e593454ce8ce197435173498e
per_volkischer-beobachter_vlkischer-beobachter_1925-09-19_38_146	https://archive.org/download/per_volkischer-beobachter_vlkischer-beobachter_1925-09-19_38_146/per_volkischer-beobachter_vlkischer-beobachter_1925-09-19_38_146_djvu.txt	95591	md5:842a0c5d423957561824bb848268f648
per_volkischer-beobachter_vlkischer-beobachter_september-20-21-1925_38_147	https://archive.org/download/per_volkischer-beobachter_vlkischer-beobachter_september-20-21-1925_38_147/per_volkischer-beobachter_vlkischer-beobachter_september-20-21-1925_38_147_djvu.txt	128625	md5:79f9d00014cd3dc0600e394d8f82a9d5
per_volkischer-beobachter_vlkischer-beobachter_1925-09-22_38_148	https://archive.org/download/per_volkischer-beobachter_vlkischer-beobachter_1925-09-22_38_148/per_volkischer-beobachter_vlkischer-beobachter_1925-09-22_38_148_djvu.txt	95952	md5:e20619dd0b115955882466bf3e27476f
per_volkischer-beobachter_vlkischer-beobachter_1925-09-23_38_149	https://archive.org/download/per_volkischer-beobachter_vlkischer-beobachter_1925-09-23_38_149/per_volkischer-beobachter_vlkischer-beobachter_1925-09-23_38_149_djvu.txt	85911	md5:f477ee14cfc683bff9d309c3c9008353
per_volkischer-beobachter_vlkischer-beobachter_1925-09-24_38_150	https://archive.org/download/per_volkischer-beobachter_vlkischer-beobachter_1925-09-24_38_150/per_volkischer-beobachter_vlkischer-beobachter_1925-09-24_38_150_djvu.txt	114124	md5:1446a41f82c4197f09c297b6ee1dbe29
per_volkischer-beobachter_vlkischer-beobachter_1925-09-25_38_151	https://archive.org/download/per_volkischer-beobachter_vlkischer-beobachter_1925-09-25_38_151/per_volkischer-beobachter_vlkischer-beobachter_1925-09-25_38_151_djvu.txt	94075	md5:6ee6ef59976b67a1a04211a067c81873
per_volkischer-beobachter_vlkischer-beobachter_1925-09-26_38_152	https://archive.org/download/per_volkischer-beobachter_vlkischer-beobachter_1925-09-26_38_152/per_volkischer-beobachter_vlkischer-beobachter_1925-09-26_38_152_djvu.txt	91239	md5:47305b7f1790702e8db4ab455fd3848d
per_volkischer-beobachter_vlkischer-beobachter_september-27-28-1925_38_153	https://archive.org/download/per_volkischer-beobachter_vlkischer-beobachter_september-27-28-1925_38_153/per_volkischer-beobachter_vlkischer-beobachter_september-27-28-1925_38_153_djvu.txt	143666	md5:977fef5657cbbe3ab9494cb56c305969
per_volkischer-beobachter_vlkischer-beobachter_1925-09-29_38_154	https://archive.org/download/per_volkischer-beobachter_vlkischer-beobachter_1925-09-29_38_154/per_volkischer-beobachter_vlkischer-beobachter_1925-09-29_38_154_djvu.txt	113123	md5:7fc37cda5373c29bd1bb406ad4e4b920
per_volkischer-beobachter_vlkischer-beobachter_1925-09-30_38_155	https://archive.org/download/per_volkischer-beobachter_vlkischer-beobachter_1925-09-30_38_155/per_volkischer-beobachter_vlkischer-beobachter_1925-09-30_38_155_djvu.txt	92683	md5:be78b537c1854ef6d7a73f9711bbb86c
per_volkischer-beobachter_vlkischer-beobachter_1925-10-01_38_156	https://archive.org/download/per_volkischer-beobachter_vlkischer-beobachter_1925-10-01_38_156/per_volkischer-beobachter_vlkischer-beobachter_1925-10-01_38_156_djvu.txt	108816	md5:fb847996fdb76630ceaad2bcbe6de1fd
per_volkischer-beobachter_vlkischer-beobachter_1925-10-02_38_157	https://archive.org/download/per_volkischer-beobachter_vlkischer-beobachter_1925-10-02_38_157/per_volkischer-beobachter_vlkischer-beobachter_1925-10-02_38_157_djvu.txt	117175	md5:5f1196d3ec839372308c2b733a830284
per_volkischer-beobachter_vlkischer-beobachter_1925-10-03_38_158	https://archive.org/download/per_volkischer-beobachter_vlkischer-beobachter_1925-10-03_38_158/per_volkischer-beobachter_vlkischer-beobachter_1925-10-03_38_158_djvu.txt	103456	md5:647931c74c75c7734a352a0a636034a4
per_volkischer-beobachter_vlkischer-beobachter_october-04-05-1925_38_159	https://archive.org/download/per_volkischer-beobachter_vlkischer-beobachter_october-04-05-1925_38_159/per_volkischer-beobachter_vlkischer-beobachter_october-04-05-1925_38_159_djvu.txt	128563	md5:bfc4b199b871ac8dc2bedc56b9612da1
per_volkischer-beobachter_vlkischer-beobachter_1925-10-06_38_160	https://archive.org/download/per_volkischer-beobachter_vlkischer-beobachter_1925-10-06_38_160/per_volkischer-beobachter_vlkischer-beobachter_1925-10-06_38_160_djvu.txt	102062	md5:6c5723d169d29c4fd37c14a45e23262d
per_volkischer-beobachter_vlkischer-beobachter_1925-10-07_38_161	https://archive.org/download/per_volkischer-beobachter_vlkischer-beobachter_1925-10-07_38_161/per_volkischer-beobachter_vlkischer-beobachter_1925-10-07_38_161_djvu.txt	109803	md5:cb2d37c17794562c951ad5d1c12ea69e
per_volkischer-beobachter_vlkischer-beobachter_1925-10-08_38_162	https://archive.org/download/per_volkischer-beobachter_vlkischer-beobachter_1925-10-08_38_162/per_volkischer-beobachter_vlkischer-beobachter_1925-10-08_38_162_djvu.txt	83681	md5:f3a2ff3d87281f82ca929bfdbf7096a2
per_volkischer-beobachter_vlkischer-beobachter_1925-10-09_38_163	https://archive.org/download/per_volkischer-beobachter_vlkischer-beobachter_1925-10-09_38_163/per_volkischer-beobachter_vlkischer-beobachter_1925-10-09_38_163_djvu.txt	64464	md5:30424b3f48b1160196be82e1b406af04
per_volkischer-beobachter_vlkischer-beobachter_1925-10-10_38_164	https://archive.org/download/per_volkischer-beobachter_vlkischer-beobachter_1925-10-10_38_164/per_volkischer-beobachter_vlkischer-beobachter_1925-10-10_38_164_djvu.txt	148036	md5:97166cfde710c0603cd88c6100c7829f
per_volkischer-beobachter_vlkischer-beobachter_october-11-12-1925_38_165	https://archive.org/download/per_volkischer-beobachter_vlkischer-beobachter_october-11-12-1925_38_165/per_volkischer-beobachter_vlkischer-beobachter_october-11-12-1925_38_165_djvu.txt	175765	md5:ea4ad74928932abd2b2312cc760a8e74
per_volkischer-beobachter_vlkischer-beobachter_1925-10-13_38_166	https://archive.org/download/per_volkischer-beobachter_vlkischer-beobachter_1925-10-13_38_166/per_volkischer-beobachter_vlkischer-beobachter_1925-10-13_38_166_djvu.txt	116566	md5:49abdb8b11a75e479f2402a7bc556568
per_volkischer-beobachter_vlkischer-beobachter_1925-10-14_38_167	https://archive.org/download/per_volkischer-beobachter_vlkischer-beobachter_1925-10-14_38_167/per_volkischer-beobachter_vlkischer-beobachter_1925-10-14_38_167_djvu.txt	100739	md5:c64a10710f0a43464ca8c858072adb9f
per_volkischer-beobachter_vlkischer-beobachter_1925-10-15_38_168	https://archive.org/download/per_volkischer-beobachter_vlkischer-beobachter_1925-10-15_38_168/per_volkischer-beobachter_vlkischer-beobachter_1925-10-15_38_168_djvu.txt	121099	md5:ac3c4784dc853614ad6775a23844cae5
per_volkischer-beobachter_vlkischer-beobachter_1925-10-16_38_169	https://archive.org/download/per_volkischer-beobachter_vlkischer-beobachter_1925-10-16_38_169/per_volkischer-beobachter_vlkischer-beobachter_1925-10-16_38_169_djvu.txt	108626	md5:f65d9eb11a85710e01d0da000c56efea
per_volkischer-beobachter_vlkischer-beobachter_1925-10-17_38_170	https://archive.org/download/per_volkischer-beobachter_vlkischer-beobachter_1925-10-17_38_170/per_volkischer-beobachter_vlkischer-beobachter_1925-10-17_38_170_djvu.txt	164559	md5:d3eec01b36f1399fc31226d60439d6ce
per_volkischer-beobachter_vlkischer-beobachter_october-18-19-1925_38_171	https://archive.org/download/per_volkischer-beobachter_vlkischer-beobachter_october-18-19-1925_38_171/per_volkischer-beobachter_vlkischer-beobachter_october-18-19-1925_38_171_djvu.txt	108205	md5:4908e9c5fcb300adf27f45d3e7a954f5
per_volkischer-beobachter_vlkischer-beobachter_1925-10-20_38_172	https://archive.org/download/per_volkischer-beobachter_vlkischer-beobachter_1925-10-20_38_172/per_volkischer-beobachter_vlkischer-beobachter_1925-10-20_38_172_djvu.txt	106948	md5:d64ce920dbffa624fc3b3d7b3ce3257d
per_volkischer-beobachter_vlkischer-beobachter_1925-10-21_38_173	https://archive.org/download/per_volkischer-beobachter_vlkischer-beobachter_1925-10-21_38_173/per_volkischer-beobachter_vlkischer-beobachter_1925-10-21_38_173_djvu.txt	93172	md5:61f5971263b900d8cc8944ad4eacbe70
per_volkischer-beobachter_vlkischer-beobachter_1925-10-22_38_174	https://archive.org/download/per_volkischer-beobachter_vlkischer-beobachter_1925-10-22_38_174/per_volkischer-beobachter_vlkischer-beobachter_1925-10-22_38_174_djvu.txt	101180	md5:b2833108d091ce97be7d67f5c1c8b366
per_volkischer-beobachter_vlkischer-beobachter_1925-10-23_38_175	https://archive.org/download/per_volkischer-beobachter_vlkischer-beobachter_1925-10-23_38_175/per_volkischer-beobachter_vlkischer-beobachter_1925-10-23_38_175_djvu.txt	103479	md5:e4f4e0740bac5c193995d2e9309c9636
per_volkischer-beobachter_vlkischer-beobachter_1925-10-24_38_176	https://archive.org/download/per_volkischer-beobachter_vlkischer-beobachter_1925-10-24_38_176/per_volkischer-beobachter_vlkischer-beobachter_1925-10-24_38_176_djvu.txt	180358	md5:111db78c5e5af6a92da2152af87435fd
per_volkischer-beobachter_vlkischer-beobachter_october-25-26-1925_38_177	https://archive.org/download/per_volkischer-beobachter_vlkischer-beobachter_october-25-26-1925_38_177/per_volkischer-beobachter_vlkischer-beobachter_october-25-26-1925_38_177_djvu.txt	123158	md5:d7f9ea6f6c103c6f73980eec08e8c3c9
per_volkischer-beobachter_vlkischer-beobachter_1925-10-27_38_178	https://archive.org/download/per_volkischer-beobachter_vlkischer-beobachter_1925-10-27_38_178/per_volkischer-beobachter_vlkischer-beobachter_1925-10-27_38_178_djvu.txt	136642	md5:81a05dd94fbfc474e85feda7304d809f
per_volkischer-beobachter_vlkischer-beobachter_1925-10-28_38_179	https://archive.org/download/per_volkischer-beobachter_vlkischer-beobachter_1925-10-28_38_179/per_volkischer-beobachter_vlkischer-beobachter_1925-10-28_38_179_djvu.txt	118448	md5:265adb7186ba6cad4927cc8abb6c97dc
per_volkischer-beobachter_vlkischer-beobachter_1925-10-29_38_180	https://archive.org/download/per_volkischer-beobachter_vlkischer-beobachter_1925-10-29_38_180/per_volkischer-beobachter_vlkischer-beobachter_1925-10-29_38_180_djvu.txt	114302	md5:2f3f9004690a1fb74a0f8a4df56d62a9
per_volkischer-beobachter_vlkischer-beobachter_1925-10-30_38_181	https://archive.org/download/per_volkischer-beobachter_vlkischer-beobachter_1925-10-30_38_181/per_volkischer-beobachter_vlkischer-beobachter_1925-10-30_38_181_djvu.txt	127604	md5:943a0266221250213baec040f9fbaf65
per_volkischer-beobachter_vlkischer-beobachter_1925-10-31_38_182	https://archive.org/download/per_volkischer-beobachter_vlkischer-beobachter_1925-10-31_38_182/per_volkischer-beobachter_vlkischer-beobachter_1925-10-31_38_182_djvu.txt	143259	md5:c345f37fc2e0703495951318c09b9849
per_volkischer-beobachter_vlkischer-beobachter_november-01-02-1925_38_183	https://archive.org/download/per_volkischer-beobachter_vlkischer-beobachter_november-01-02-1925_38_183/per_volkischer-beobachter_vlkischer-beobachter_november-01-02-1925_38_183_djvu.txt	108575	md5:939de484c96f8220f178699cd12d1693
per_volkischer-beobachter_vlkischer-beobachter_1925-11-03_38_184	https://archive.org/download/per_volkischer-beobachter_vlkischer-beobachter_1925-11-03_38_184/per_volkischer-beobachter_vlkischer-beobachter_1925-11-03_38_184_djvu.txt	104924	md5:32139d1c08e2892037b8c2848b778843
per_volkischer-beobachter_vlkischer-beobachter_1925-11-04_38_185	https://archive.org/download/per_volkischer-beobachter_vlkischer-beobachter_1925-11-04_38_185/per_volkischer-beobachter_vlkischer-beobachter_1925-11-04_38_185_djvu.txt	102350	md5:26690ea73efa97eb37ed3d9d1a715c95
per_volkischer-beobachter_vlkischer-beobachter_1925-11-05_38_186	https://archive.org/download/per_volkischer-beobachter_vlkischer-beobachter_1925-11-05_38_186/per_volkischer-beobachter_vlkischer-beobachter_1925-11-05_38_186_djvu.txt	108205	md5:fc5576a5fd99f39c3409958b2c62c788
per_volkischer-beobachter_vlkischer-beobachter_1925-11-06_38_187	https://archive.org/download/per_volkischer-beobachter_vlkischer-beobachter_1925-11-06_38_187/per_volkischer-beobachter_vlkischer-beobachter_1925-11-06_38_187_djvu.txt	119924	md5:37ded1ee958a23a6b3f5abfb79fb97d9
per_volkischer-beobachter_vlkischer-beobachter_1925-11-07_38_188	https://archive.org/download/per_volkischer-beobachter_vlkischer-beobachter_1925-11-07_38_188/per_volkischer-beobachter_vlkischer-beobachter_1925-11-07_38_188_djvu.txt	163578	md5:72da0fb113981fe401aea1f48dd8558e
per_volkischer-beobachter_vlkischer-beobachter_november-08-09-1925_38_189	https://archive.org/download/per_volkischer-beobachter_vlkischer-beobachter_november-08-09-1925_38_189/per_volkischer-beobachter_vlkischer-beobachter_november-08-09-1925_38_189_djvu.txt	106271	md5:04ed85b4d9eddb459d33b8511b9c5ee6
per_volkischer-beobachter_vlkischer-beobachter_1925-11-10_38_190	https://archive.org/download/per_volkischer-beobachter_vlkischer-beobachter_1925-11-10_38_190/per_volkischer-beobachter_vlkischer-beobachter_1925-11-10_38_190_djvu.txt	102981	md5:3e2d4f3d50c81e524b6237e2b75fe46d
per_volkischer-beobachter_vlkischer-beobachter_1925-11-11_38_191	https://archive.org/download/per_volkischer-beobachter_vlkischer-beobachter_1925-11-11_38_191/per_volkischer-beobachter_vlkischer-beobachter_1925-11-11_38_191_djvu.txt	96106	md5:57d2f1703fc76216107191fea4e952fd
per_volkischer-beobachter_vlkischer-beobachter_1925-11-12_38_192	https://archive.org/download/per_volkischer-beobachter_vlkischer-beobachter_1925-11-12_38_192/per_volkischer-beobachter_vlkischer-beobachter_1925-11-12_38_192_djvu.txt	103946	md5:c6340c9e52f903be1cd9ee74c5cb15df
per_volkischer-beobachter_vlkischer-beobachter_1925-11-13_38_193	https://archive.org/download/per_volkischer-beobachter_vlkischer-beobachter_1925-11-13_38_193/per_volkischer-beobachter_vlkischer-beobachter_1925-11-13_38_193_djvu.txt	103028	md5:2be03f80fb22b57cc965d87e1c4071ee
per_volkischer-beobachter_vlkischer-beobachter_1925-11-14_38_194	https://archive.org/download/per_volkischer-beobachter_vlkischer-beobachter_1925-11-14_38_194/per_volkischer-beobachter_vlkischer-beobachter_1925-11-14_38_194_djvu.txt	154619	md5:6a43ef8fe620f0d9d119275f1bc4c0d1
per_volkischer-beobachter_vlkischer-beobachter_november-15-16-1925_38_195	https://archive.org/download/per_volkischer-beobachter_vlkischer-beobachter_november-15-16-1925_38_195/per_volkischer-beobachter_vlkischer-beobachter_november-15-16-1925_38_195_djvu.txt	116471	md5:3c88d1c965e1809a79036aad0bf05231
per_volkischer-beobachter_vlkischer-beobachter_1925-11-17_38_196	https://archive.org/download/per_volkischer-beobachter_vlkischer-beobachter_1925-11-17_38_196/per_volkischer-beobachter_vlkischer-beobachter_1925-11-17_38_196_djvu.txt	125990	md5:35193a8220292f29cf3e17e62103926a
per_volkischer-beobachter_vlkischer-beobachter_1925-11-18_38_197	https://archive.org/download/per_volkischer-beobachter_vlkischer-beobachter_1925-11-18_38_197/per_volkischer-beobachter_vlkischer-beobachter_1925-11-18_38_197_djvu.txt	118781	md5:db93c1089a283bbef82789171ce412c7
per_volkischer-beobachter_vlkischer-beobachter_1925-11-19_38_198	https://archive.org/download/per_volkischer-beobachter_vlkischer-beobachter_1925-11-19_38_198/per_volkischer-beobachter_vlkischer-beobachter_1925-11-19_38_198_djvu.txt	123229	md5:2f53688159d6f697511227b9dbe7904f
per_volkischer-beobachter_vlkischer-beobachter_1925-11-20_38_199	https://archive.org/download/per_volkischer-beobachter_vlkischer-beobachter_1925-11-20_38_199/per_volkischer-beobachter_vlkischer-beobachter_1925-11-20_38_199_djvu.txt	121547	md5:017e772ef319c67793d41608aa7d9ca9
per_volkischer-beobachter_vlkischer-beobachter_1925-11-21_38_200	https://archive.org/download/per_volkischer-beobachter_vlkischer-beobachter_1925-11-21_38_200/per_volkischer-beobachter_vlkischer-beobachter_1925-11-21_38_200_djvu.txt	149736	md5:4fe2edb7c80587a45930386bdb6eef33
per_volkischer-beobachter_vlkischer-beobachter_november-22-23-1925_38_201	https://archive.org/download/per_volkischer-beobachter_vlkischer-beobachter_november-22-23-1925_38_201/per_volkischer-beobachter_vlkischer-beobachter_november-22-23-1925_38_201_djvu.txt	123565	md5:479063e71a1207829c97c75575cfd81d
per_volkischer-beobachter_vlkischer-beobachter_1925-11-24_38_202	https://archive.org/download/per_volkischer-beobachter_vlkischer-beobachter_1925-11-24_38_202/per_volkischer-beobachter_vlkischer-beobachter_1925-11-24_38_202_djvu.txt	123463	md5:6ac6030d69dc291adbe43b6ba65170fb
per_volkischer-beobachter_vlkischer-beobachter_1925-11-25_38_203	https://archive.org/download/per_volkischer-beobachter_vlkischer-beobachter_1925-11-25_38_203/per_volkischer-beobachter_vlkischer-beobachter_1925-11-25_38_203_djvu.txt	125938	md5:991f730b57ccdf9c2b1b873f0f857898
per_volkischer-beobachter_vlkischer-beobachter_1925-11-26_38_204	https://archive.org/download/per_volkischer-beobachter_vlkischer-beobachter_1925-11-26_38_204/per_volkischer-beobachter_vlkischer-beobachter_1925-11-26_38_204_djvu.txt	117151	md5:d7d9b464033e97034ad55fe3e308bcd6
per_volkischer-beobachter_vlkischer-beobachter_1925-11-27_38_205	https://archive.org/download/per_volkischer-beobachter_vlkischer-beobachter_1925-11-27_38_205/per_volkischer-beobachter_vlkischer-beobachter_1925-11-27_38_205_djvu.txt	120663	md5:ca6e31c8aa8a11c72825d1519a288a23
per_volkischer-beobachter_vlkischer-beobachter_1925-11-28_38_206	https://archive.org/download/per_volkischer-beobachter_vlkischer-beobachter_1925-11-28_38_206/per_volkischer-beobachter_vlkischer-beobachter_1925-11-28_38_206_djvu.txt	134950	md5:acbaeeaccbf9fb0b45dfc4971e3e2014
per_volkischer-beobachter_vlkischer-beobachter_november-29-30-1925_38_207	https://archive.org/download/per_volkischer-beobachter_vlkischer-beobachter_november-29-30-1925_38_207/per_volkischer-beobachter_vlkischer-beobachter_november-29-30-1925_38_207_djvu.txt	105665	md5:55b9bb61715268461646e98a815fccf1
per_volkischer-beobachter_vlkischer-beobachter_1925-12-01_38_208	https://archive.org/download/per_volkischer-beobachter_vlkischer-beobachter_1925-12-01_38_208/per_volkischer-beobachter_vlkischer-beobachter_1925-12-01_38_208_djvu.txt	135828	md5:6d5bf0e1a67afb5dd6a9236015d58fbf
per_volkischer-beobachter_vlkischer-beobachter_1925-12-02_38_209	https://archive.org/download/per_volkischer-beobachter_vlkischer-beobachter_1925-12-02_38_209/per_volkischer-beobachter_vlkischer-beobachter_1925-12-02_38_209_djvu.txt	119643	md5:692bda285f17d3cba0174ef7e71933ab
per_volkischer-beobachter_vlkischer-beobachter_1925-12-03_38_210	https://archive.org/download/per_volkischer-beobachter_vlkischer-beobachter_1925-12-03_38_210/per_volkischer-beobachter_vlkischer-beobachter_1925-12-03_38_210_djvu.txt	130931	md5:6a76817348a7a8dba5a231bf473807fd
per_volkischer-beobachter_vlkischer-beobachter_1925-12-04_38_211	https://archive.org/download/per_volkischer-beobachter_vlkischer-beobachter_1925-12-04_38_211/per_volkischer-beobachter_vlkischer-beobachter_1925-12-04_38_211_djvu.txt	97841	md5:49ad4610a3ce4aa963e10e95cdbecb0d
per_volkischer-beobachter_vlkischer-beobachter_1925-12-05_38_212	https://archive.org/download/per_volkischer-beobachter_vlkischer-beobachter_1925-12-05_38_212/per_volkischer-beobachter_vlkischer-beobachter_1925-12-05_38_212_djvu.txt	132287	md5:2ce53329e960b4dbb79d5cc18e19df56
per_volkischer-beobachter_vlkischer-beobachter_december-06-07-1925_38_213	https://archive.org/download/per_volkischer-beobachter_vlkischer-beobachter_december-06-07-1925_38_213/per_volkischer-beobachter_vlkischer-beobachter_december-06-07-1925_38_213_djvu.txt	169557	md5:63a0af1d51fc698a99191e738b463b9a
per_volkischer-beobachter_vlkischer-beobachter_1925-12-08_38_214	https://archive.org/download/per_volkischer-beobachter_vlkischer-beobachter_1925-12-08_38_214/per_volkischer-beobachter_vlkischer-beobachter_1925-12-08_38_214_djvu.txt	133988	md5:1b92fd4ffbabcdd3923d4c707e3f4799
per_volkischer-beobachter_vlkischer-beobachter_1925-12-09_38_215	https://archive.org/download/per_volkischer-beobachter_vlkischer-beobachter_1925-12-09_38_215/per_volkischer-beobachter_vlkischer-beobachter_1925-12-09_38_215_djvu.txt	103375	md5:21c5bd2b72f16d7a7385f892df8f10e1
per_volkischer-beobachter_vlkischer-beobachter_1925-12-10_38_216	https://archive.org/download/per_volkischer-beobachter_vlkischer-beobachter_1925-12-10_38_216/per_volkischer-beobachter_vlkischer-beobachter_1925-12-10_38_216_djvu.txt	115490	md5:4facbb26eefe3c0ecfb906ef207ad776
per_volkischer-beobachter_vlkischer-beobachter_1925-12-11_38_217	https://archive.org/download/per_volkischer-beobachter_vlkischer-beobachter_1925-12-11_38_217/per_volkischer-beobachter_vlkischer-beobachter_1925-12-11_38_217_djvu.txt	111833	md5:7ccff2a2155a8c66fb32b937dc6ecde3
per_volkischer-beobachter_vlkischer-beobachter_1925-12-12_38_218	https://archive.org/download/per_volkischer-beobachter_vlkischer-beobachter_1925-12-12_38_218/per_volkischer-beobachter_vlkischer-beobachter_1925-12-12_38_218_djvu.txt	218839	md5:3d298f5b335874a23eb001a6f3ca4090
per_volkischer-beobachter_vlkischer-beobachter_december-13-14-1925_38_219	https://archive.org/download/per_volkischer-beobachter_vlkischer-beobachter_december-13-14-1925_38_219/per_volkischer-beobachter_vlkischer-beobachter_december-13-14-1925_38_219_djvu.txt	176685	md5:c21a26eedc560dc705df200f09aacdd2
per_volkischer-beobachter_vlkischer-beobachter_1925-12-15_38_220	https://archive.org/download/per_volkischer-beobachter_vlkischer-beobachter_1925-12-15_38_220/per_volkischer-beobachter_vlkischer-beobachter_1925-12-15_38_220_djvu.txt	126405	md5:0f447eb3ea95d0c15cc7adc7fe089ed2
per_volkischer-beobachter_vlkischer-beobachter_1925-12-16_38_221	https://archive.org/download/per_volkischer-beobachter_vlkischer-beobachter_1925-12-16_38_221/per_volkischer-beobachter_vlkischer-beobachter_1925-12-16_38_221_djvu.txt	115080	md5:9ff5673b7a038ad6e3191f8f0baa537d
per_volkischer-beobachter_vlkischer-beobachter_1925-12-17_38_222	https://archive.org/download/per_volkischer-beobachter_vlkischer-beobachter_1925-12-17_38_222/per_volkischer-beobachter_vlkischer-beobachter_1925-12-17_38_222_djvu.txt	121834	md5:c5b505cbd86fef91648efe18974f46a7
per_volkischer-beobachter_vlkischer-beobachter_1925-12-18_38_223	https://archive.org/download/per_volkischer-beobachter_vlkischer-beobachter_1925-12-18_38_223/per_volkischer-beobachter_vlkischer-beobachter_1925-12-18_38_223_djvu.txt	104274	md5:134f5bf967b95723d6d9dd486ef8ca26
per_volkischer-beobachter_vlkischer-beobachter_1925-12-19_38_224	https://archive.org/download/per_volkischer-beobachter_vlkischer-beobachter_1925-12-19_38_224/per_volkischer-beobachter_vlkischer-beobachter_1925-12-19_38_224_djvu.txt	168282	md5:bb2903a5ca49bb03676707de9cbb0280
per_volkischer-beobachter_vlkischer-beobachter_december-20-21-1925_38_225	https://archive.org/download/per_volkischer-beobachter_vlkischer-beobachter_december-20-21-1925_38_225/per_volkischer-beobachter_vlkischer-beobachter_december-20-21-1925_38_225_djvu.txt	117458	md5:6a09a0c491beba0a3bf6182a48553d1e
per_volkischer-beobachter_vlkischer-beobachter_1925-12-22_38_226	https://archive.org/download/per_volkischer-beobachter_vlkischer-beobachter_1925-12-22_38_226/per_volkischer-beobachter_vlkischer-beobachter_1925-12-22_38_226_djvu.txt	123221	md5:526d723fc71658e889b29880a9d274ea
per_volkischer-beobachter_vlkischer-beobachter_1925-12-23_38_227	https://archive.org/download/per_volkischer-beobachter_vlkischer-beobachter_1925-12-23_38_227/per_volkischer-beobachter_vlkischer-beobachter_1925-12-23_38_227_djvu.txt	130661	md5:8b3967894e3cc3341d459061320cccae
per_volkischer-beobachter_vlkischer-beobachter_1925-12-24_38_228	https://archive.org/download/per_volkischer-beobachter_vlkischer-beobachter_1925-12-24_38_228/per_volkischer-beobachter_vlkischer-beobachter_1925-12-24_38_228_djvu.txt	194768	md5:0c7f03441e42bb23ecb5787a0057f020
per_volkischer-beobachter_vlkischer-beobachter_1925-12-25_38_229	https://archive.org/download/per_volkischer-beobachter_vlkischer-beobachter_1925-12-25_38_229/per_volkischer-beobachter_vlkischer-beobachter_1925-12-25_38_229_djvu.txt	126359	md5:4f49f70fda2f8c10d1b0a5eb0f74e642
per_volkischer-beobachter_vlkischer-beobachter_1925-12-29_38_230	https://archive.org/download/per_volkischer-beobachter_vlkischer-beobachter_1925-12-29_38_230/per_volkischer-beobachter_vlkischer-beobachter_1925-12-29_38_230_djvu.txt	129338	md5:b4dc46c9e44255ecab7b4174374285a8
per_volkischer-beobachter_vlkischer-beobachter_1925-12-30_38_231	https://archive.org/download/per_volkischer-beobachter_vlkischer-beobachter_1925-12-30_38_231/per_volkischer-beobachter_vlkischer-beobachter_1925-12-30_38_231_djvu.txt	134735	md5:d9513c17ddefc21eab99032b1de5b6cb
per_volkischer-beobachter_vlkischer-beobachter_1925-12-31_38_232	https://archive.org/download/per_volkischer-beobachter_vlkischer-beobachter_1925-12-31_38_232/per_volkischer-beobachter_vlkischer-beobachter_1925-12-31_38_232_djvu.txt	124303	md5:38847d4420b92970e2f948bd672656c9
per_volkischer-beobachter_volkischer-beobachter_january-01-02-1930_43_1	https://archive.org/download/per_volkischer-beobachter_volkischer-beobachter_january-01-02-1930_43_1/per_volkischer-beobachter_volkischer-beobachter_january-01-02-1930_43_1_djvu.txt	177277	md5:9fb09f5f40a26a234be2f0c3d5206bb0
per_volkischer-beobachter_volkischer-beobachter_1930-01-03_43_2	https://archive.org/download/per_volkischer-beobachter_volkischer-beobachter_1930-01-03_43_2/per_volkischer-beobachter_volkischer-beobachter_1930-01-03_43_2_djvu.txt	195021	md5:930fcc756d11fa448b99a012d2a75e68
per_volkischer-beobachter_volkischer-beobachter_1930-01-04_43_3	https://archive.org/download/per_volkischer-beobachter_volkischer-beobachter_1930-01-04_43_3/per_volkischer-beobachter_volkischer-beobachter_1930-01-04_43_3_djvu.txt	246098	md5:f68f6a7a961fa8f1d662f864d667ef8f
per_volkischer-beobachter_volkischer-beobachter_january-05-07-1930_43_4	https://archive.org/download/per_volkischer-beobachter_volkischer-beobachter_january-05-07-1930_43_4/per_volkischer-beobachter_volkischer-beobachter_january-05-07-1930_43_4_djvu.txt	198876	md5:81afee68c1114567163a776abb1bc9ac
per_volkischer-beobachter_volkischer-beobachter_1930-01-08_43_5	https://archive.org/download/per_volkischer-beobachter_volkischer-beobachter_1930-01-08_43_5/per_volkischer-beobachter_volkischer-beobachter_1930-01-08_43_5_djvu.txt	232111	md5:6e894905cd2b3dafa375a128b6ee0f76
per_volkischer-beobachter_volkischer-beobachter_1930-01-09_43_6	https://archive.org/download/per_volkischer-beobachter_volkischer-beobachter_1930-01-09_43_6/per_volkischer-beobachter_volkischer-beobachter_1930-01-09_43_6_djvu.txt	213631	md5:c453455907f57ba16f156728263a877f
per_volkischer-beobachter_volkischer-beobachter_1930-01-10_43_7	https://archive.org/download/per_volkischer-beobachter_volkischer-beobachter_1930-01-10_43_7/per_volkischer-beobachter_volkischer-beobachter_1930-01-10_43_7_djvu.txt	222227	md5:4d3c34227c304f63a3e1ab0b0d0e0955
per_volkischer-beobachter_volkischer-beobachter_1930-01-11_43_8	https://archive.org/download/per_volkischer-beobachter_volkischer-beobachter_1930-01-11_43_8/per_volkischer-beobachter_volkischer-beobachter_1930-01-11_43_8_djvu.txt	246426	md5:88e75bcba5e280f0c932da5c72d88340
per_volkischer-beobachter_volkischer-beobachter_january-12-13-1930_43_9	https://archive.org/download/per_volkischer-beobachter_volkischer-beobachter_january-12-13-1930_43_9/per_volkischer-beobachter_volkischer-beobachter_january-12-13-1930_43_9_djvu.txt	226892	md5:1d2d911a1c749f80d4870238acf282e4
per_volkischer-beobachter_volkischer-beobachter_1930-01-14_43_10	https://archive.org/download/per_volkischer-beobachter_volkischer-beobachter_1930-01-14_43_10/per_volkischer-beobachter_volkischer-beobachter_1930-01-14_43_10_djvu.txt	243016	md5:87473cc61495dd0aaae4b424c026c361
per_volkischer-beobachter_volkischer-beobachter_1930-01-15_43_11	https://archive.org/download/per_volkischer-beobachter_volkischer-beobachter_1930-01-15_43_11/per_volkischer-beobachter_volkischer-beobachter_1930-01-15_43_11_djvu.txt	228561	md5:c7e42ac32d51851234376e10d0080f58
per_volkischer-beobachter_volkischer-beobachter_1930-01-16_43_12	https://archive.org/download/per_volkischer-beobachter_volkischer-beobachter_1930-01-16_43_12/per_volkischer-beobachter_volkischer-beobachter_1930-01-16_43_12_djvu.txt	228551	md5:0196f9337b6c570f8a711a758b3cb427
per_volkischer-beobachter_volkischer-beobachter_1930-01-17_43_13	https://archive.org/download/per_volkischer-beobachter_volkischer-beobachter_1930-01-17_43_13/per_volkischer-beobachter_volkischer-beobachter_1930-01-17_43_13_djvu.txt	233592	md5:d5b155a1e96bf34ceec1e5debd4d2278
per_volkischer-beobachter_volkischer-beobachter_1930-01-18_43_14	https://archive.org/download/per_volkischer-beobachter_volkischer-beobachter_1930-01-18_43_14/per_volkischer-beobachter_volkischer-beobachter_1930-01-18_43_14_djvu.txt	214126	md5:d53303ef264d4c681106f0e5b9468ed2
per_volkischer-beobachter_volkischer-beobachter_january-19-20-1930_43_15	https://archive.org/download/per_volkischer-beobachter_volkischer-beobachter_january-19-20-1930_43_15/per_volkischer-beobachter_volkischer-beobachter_january-19-20-1930_43_15_djvu.txt	228213	md5:ff6c61caa136a2113d15ddf2cc062e1d
per_volkischer-beobachter_volkischer-beobachter_1930-01-21_43_16	https://archive.org/download/per_volkischer-beobachter_volkischer-beobachter_1930-01-21_43_16/per_volkischer-beobachter_volkischer-beobachter_1930-01-21_43_16_djvu.txt	241900	md5:fef675a296e33bff3ee3f4a667b68e42
per_volkischer-beobachter_volkischer-beobachter_1930-01-22_43_17	https://archive.org/download/per_volkischer-beobachter_volkischer-beobachter_1930-01-22_43_17/per_volkischer-beobachter_volkischer-beobachter_1930-01-22_43_17_djvu.txt	250689	md5:f3be2af1c41a7b7f0431564d1bbd3405
per_volkischer-beobachter_volkischer-beobachter_1930-01-23_43_18	https://archive.org/download/per_volkischer-beobachter_volkischer-beobachter_1930-01-23_43_18/per_volkischer-beobachter_volkischer-beobachter_1930-01-23_43_18_djvu.txt	237124	md5:e28f2a8475476374a12958ac7456b8a5
per_volkischer-beobachter_volkischer-beobachter_1930-01-24_43_19	https://archive.org/download/per_volkischer-beobachter_volkischer-beobachter_1930-01-24_43_19/per_volkischer-beobachter_volkischer-beobachter_1930-01-24_43_19_djvu.txt	231481	md5:b6b14947d1e0949821af5b30ba80ca4e
per_volkischer-beobachter_volkischer-beobachter_1930-01-25_43_20	https://archive.org/download/per_volkischer-beobachter_volkischer-beobachter_1930-01-25_43_20/per_volkischer-beobachter_volkischer-beobachter_1930-01-25_43_20_djvu.txt	223676	md5:592ce8ec0f9c4ba9402d674bf7a50419
per_volkischer-beobachter_volkischer-beobachter_january-26-27-1930_43_21	https://archive.org/download/per_volkischer-beobachter_volkischer-beobachter_january-26-27-1930_43_21/per_volkischer-beobachter_volkischer-beobachter_january-26-27-1930_43_21_djvu.txt	236482	md5:130435fa99aaf502fc53b797b103b5e5
per_volkischer-beobachter_volkischer-beobachter_1930-01-28_43_22	https://archive.org/download/per_volkischer-beobachter_volkischer-beobachter_1930-01-28_43_22/per_volkischer-beobachter_volkischer-beobachter_1930-01-28_43_22_djvu.txt	233218	md5:4b0d256e55a154788af6244a7c64a670
per_volkischer-beobachter_volkischer-beobachter_1930-01-29_43_23	https://archive.org/download/per_volkischer-beobachter_volkischer-beobachter_1930-01-29_43_23/per_volkischer-beobachter_volkischer-beobachter_1930-01-29_43_23_djvu.txt	244338	md5:b33b333c7b9f794e3fc93d2f4a17b2f4
per_volkischer-beobachter_volkischer-beobachter_1930-01-30_43_24	https://archive.org/download/per_volkischer-beobachter_volkischer-beobachter_1930-01-30_43_24/per_volkischer-beobachter_volkischer-beobachter_1930-01-30_43_24_djvu.txt	253370	md5:a9a71b8ca859ebd59da2c48977d42901
per_volkischer-beobachter_volkischer-beobachter_1930-01-31_43_25	https://archive.org/download/per_volkischer-beobachter_volkischer-beobachter_1930-01-31_43_25/per_volkischer-beobachter_volkischer-beobachter_1930-01-31_43_25_djvu.txt	249002	md5:2291f3e64ab0029216f6f20aa1e599f9
per_volkischer-beobachter_volkischer-beobachter_1930-02-01_43_26	https://archive.org/download/per_volkischer-beobachter_volkischer-beobachter_1930-02-01_43_26/per_volkischer-beobachter_volkischer-beobachter_1930-02-01_43_26_djvu.txt	175144	md5:9a9e88c9a79a8c14e8b541d1c3e26e37
per_volkischer-beobachter_volkischer-beobachter_february-01-02-1930_44_32-33	https://archive.org/download/per_volkischer-beobachter_volkischer-beobachter_february-01-02-1930_44_32-33/per_volkischer-beobachter_volkischer-beobachter_february-01-02-1930_44_32-33_djvu.txt	210282	md5:7ad104aca46ee7e631a1f2bb77595317
per_volkischer-beobachter_volkischer-beobachter_february-02-03-1930_43_27	https://archive.org/download/per_volkischer-beobachter_volkischer-beobachter_february-02-03-1930_43_27/per_volkischer-beobachter_volkischer-beobachter_february-02-03-1930_43_27_djvu.txt	242072	md5:656aef4c2a4bc1efebaff4d557cba540
per_volkischer-beobachter_volkischer-beobachter_1930-02-04_43_28	https://archive.org/download/per_volkischer-beobachter_volkischer-beobachter_1930-02-04_43_28/per_volkischer-beobachter_volkischer-beobachter_1930-02-04_43_28_djvu.txt	224516	md5:6205c5ba623fe14b99c71032e776f940
per_volkischer-beobachter_volkischer-beobachter_1930-02-05_43_29	https://archive.org/download/per_volkischer-beobachter_volkischer-beobachter_1930-02-05_43_29/per_volkischer-beobachter_volkischer-beobachter_1930-02-05_43_29_djvu.txt	216952	md5:17c6b2f782e5bc1221c913e4c279106d
per_volkischer-beobachter_volkischer-beobachter_1930-02-06_43_30	https://archive.org/download/per_volkischer-beobachter_volkischer-beobachter_1930-02-06_43_30/per_volkischer-beobachter_volkischer-beobachter_1930-02-06_43_30_djvu.txt	233698	md5:9983ea6ff1d0ec82dfeb6f20753efee0
per_volkischer-beobachter_volkischer-beobachter_1930-02-07_43_31	https://archive.org/download/per_volkischer-beobachter_volkischer-beobachter_1930-02-07_43_31/per_volkischer-beobachter_volkischer-beobachter_1930-02-07_43_31_djvu.txt	220629	md5:e3902a6745d0a660ab5dc8d2e25e4311
per_volkischer-beobachter_volkischer-beobachter_1930-02-08_43_32	https://archive.org/download/per_volkischer-beobachter_volkischer-beobachter_1930-02-08_43_32/per_volkischer-beobachter_volkischer-beobachter_1930-02-08_43_32_djvu.txt	284550	md5:72bde191a083f28581eaef99a2102c90
per_volkischer-beobachter_volkischer-beobachter_february-09-10-1930_43_33	https://archive.org/download/per_volkischer-beobachter_volkischer-beobachter_february-09-10-1930_43_33/per_volkischer-beobachter_volkischer-beobachter_february-09-10-1930_43_33_djvu.txt	219182	md5:1cff56003c0cfd96fcb5dfb90f62ab25
per_volkischer-beobachter_volkischer-beobachter_1930-02-11_43_34	https://archive.org/download/per_volkischer-beobachter_volkischer-beobachter_1930-02-11_43_34/per_volkischer-beobachter_volkischer-beobachter_1930-02-11_43_34_djvu.txt	240420	md5:9a5e06d09cafefc371a31888e5908b77
per_volkischer-beobachter_volkischer-beobachter_1930-02-12_43_35	https://archive.org/download/per_volkischer-beobachter_volkischer-beobachter_1930-02-12_43_35/per_volkischer-beobachter_volkischer-beobachter_1930-02-12_43_35_djvu.txt	228543	md5:3883ab890e6ea9c934c7e65a7dbab508
per_volkischer-beobachter_volkischer-beobachter_1930-02-13_43_36	https://archive.org/download/per_volkischer-beobachter_volkischer-beobachter_1930-02-13_43_36/per_volkischer-beobachter_volkischer-beobachter_1930-02-13_43_36_djvu.txt	227114	md5:c2ce8f08f36d32386fecee9b89055296
per_volkischer-beobachter_volkischer-beobachter_1930-02-14_43_37	https://archive.org/download/per_volkischer-beobachter_volkischer-beobachter_1930-02-14_43_37/per_volkischer-beobachter_volkischer-beobachter_1930-02-14_43_37_djvu.txt	215505	md5:9da9d71d48acd9d4589988b2e57d53d2
per_volkischer-beobachter_volkischer-beobachter_1930-02-15_43_38	https://archive.org/download/per_volkischer-beobachter_volkischer-beobachter_1930-02-15_43_38/per_volkischer-beobachter_volkischer-beobachter_1930-02-15_43_38_djvu.txt	253179	md5:60170aa1e409e675055437ce72bff2ee
per_volkischer-beobachter_volkischer-beobachter_february-15-16-1930_44_46-47	https://archive.org/download/per_volkischer-beobachter_volkischer-beobachter_february-15-16-1930_44_46-47/per_volkischer-beobachter_volkischer-beobachter_february-15-16-1930_44_46-47_djvu.txt	175352	md5:9835a158930cd200c801325e00c3838d
per_volkischer-beobachter_volkischer-beobachter_february-16-17-1930_43_39	https://archive.org/download/per_volkischer-beobachter_volkischer-beobachter_february-16-17-1930_43_39/per_volkischer-beobachter_volkischer-beobachter_february-16-17-1930_43_39_djvu.txt	198443	md5:80ed68adc470c56d8397d30d759c6470
per_volkischer-beobachter_volkischer-beobachter_1930-02-18_43_40	https://archive.org/download/per_volkischer-beobachter_volkischer-beobachter_1930-02-18_43_40/per_volkischer-beobachter_volkischer-beobachter_1930-02-18_43_40_djvu.txt	207757	md5:b3cd78c749252e3adcbc4d20385dbd24
per_volkischer-beobachter_volkischer-beobachter_1930-02-19_43_41	https://archive.org/download/per_volkischer-beobachter_volkischer-beobachter_1930-02-19_43_41/per_volkischer-beobachter_volkischer-beobachter_1930-02-19_43_41_djvu.txt	195851	md5:d41bb9acb864a54ed8a83d316892dfd2
per_volkischer-beobachter_volkischer-beobachter_1930-02-20_43_42	https://archive.org/download/per_volkischer-beobachter_volkischer-beobachter_1930-02-20_43_42/per_volkischer-beobachter_volkischer-beobachter_1930-02-20_43_42_djvu.txt	222474	md5:d6fec8baf4bedbc2d3480295b5eed285
per_volkischer-beobachter_volkischer-beobachter_1930-02-21_43_43	https://archive.org/download/per_volkischer-beobachter_volkischer-beobachter_1930-02-21_43_43/per_volkischer-beobachter_volkischer-beobachter_1930-02-21_43_43_djvu.txt	213903	md5:246d81933ad34efbd83ae404503d0abb
per_volkischer-beobachter_volkischer-beobachter_1930-02-22_43_44	https://archive.org/download/per_volkischer-beobachter_volkischer-beobachter_1930-02-22_43_44/per_volkischer-beobachter_volkischer-beobachter_1930-02-22_43_44_djvu.txt	214167	md5:8d4d5c21f0d09f5a89a6a55b855cf0ba
per_volkischer-beobachter_volkischer-beobachter_february-22-23-1930_44_53-54	https://archive.org/download/per_volkischer-beobachter_volkischer-beobachter_february-22-23-1930_44_53-54/per_volkischer-beobachter_volkischer-beobachter_february-22-23-1930_44_53-54_djvu.txt	146460	md5:947072a9673b5afb22c635ae059278df
per_volkischer-beobachter_volkischer-beobachter_february-23-24-1930_43_45	https://archive.org/download/per_volkischer-beobachter_volkischer-beobachter_february-23-24-1930_43_45/per_volkischer-beobachter_volkischer-beobachter_february-23-24-1930_43_45_djvu.txt	204538	md5:83f4c468f99e917fbd68142cb86dfeaf
per_volkischer-beobachter_volkischer-beobachter_1930-02-25_43_46	https://archive.org/download/per_volkischer-beobachter_volkischer-beobachter_1930-02-25_43_46/per_volkischer-beobachter_volkischer-beobachter_1930-02-25_43_46_djvu.txt	207492	md5:82772b9959adefbc4bce7358c7c2cd51
per_volkischer-beobachter_volkischer-beobachter_1930-02-26_43_47	https://archive.org/download/per_volkischer-beobachter_volkischer-beobachter_1930-02-26_43_47/per_volkischer-beobachter_volkischer-beobachter_1930-02-26_43_47_djvu.txt	210117	md5:f56a72fab2dfcb70ca8b18053cbd139a
per_volkischer-beobachter_volkischer-beobachter_1930-02-27_43_48	https://archive.org/download/per_volkischer-beobachter_volkischer-beobachter_1930-02-27_43_48/per_volkischer-beobachter_volkischer-beobachter_1930-02-27_43_48_djvu.txt	241748	md5:ec2afb5d06f463d7b259ba8c0598a7ff
per_volkischer-beobachter_volkischer-beobachter_1930-02-28_43_49	https://archive.org/download/per_volkischer-beobachter_volkischer-beobachter_1930-02-28_43_49/per_volkischer-beobachter_volkischer-beobachter_1930-02-28_43_49_djvu.txt	263291	md5:0968aa665a19652b3b8bb6816176d9e5
per_volkischer-beobachter_volkischer-beobachter_1930-03-01_43_50	https://archive.org/download/per_volkischer-beobachter_volkischer-beobachter_1930-03-01_43_50/per_volkischer-beobachter_volkischer-beobachter_1930-03-01_43_50_djvu.txt	220493	md5:c69877aef4d0e79be1d25cbb4360eb3d
per_volkischer-beobachter_volkischer-beobachter_march-02-03-1930_43_51	https://archive.org/download/per_volkischer-beobachter_volkischer-beobachter_march-02-03-1930_43_51/per_volkischer-beobachter_volkischer-beobachter_march-02-03-1930_43_51_djvu.txt	286324	md5:f9f882e2f6777dced2b16ce8efd4d9c9
per_volkischer-beobachter_volkischer-beobachter_1930-03-04_43_52	https://archive.org/download/per_volkischer-beobachter_volkischer-beobachter_1930-03-04_43_52/per_volkischer-beobachter_volkischer-beobachter_1930-03-04_43_52_djvu.txt	222842	md5:c1d456add0f2504ed2260ff641907b05
per_volkischer-beobachter_volkischer-beobachter_1930-03-05_43_53	https://archive.org/download/per_volkischer-beobachter_volkischer-beobachter_1930-03-05_43_53/per_volkischer-beobachter_volkischer-beobachter_1930-03-05_43_53_djvu.txt	246232	md5:86c4b15a4efa609dbf9bf2c691bd97f5
per_volkischer-beobachter_volkischer-beobachter_1930-03-06_43_54	https://archive.org/download/per_volkischer-beobachter_volkischer-beobachter_1930-03-06_43_54/per_volkischer-beobachter_volkischer-beobachter_1930-03-06_43_54_djvu.txt	249753	md5:6a275c0e839114667bd1e18f7ffefbf4
per_volkischer-beobachter_volkischer-beobachter_1930-03-07_43_55	https://archive.org/download/per_volkischer-beobachter_volkischer-beobachter_1930-03-07_43_55/per_volkischer-beobachter_volkischer-beobachter_1930-03-07_43_55_djvu.txt	411475	md5:e4647c382663c6fdb5eb991c19ea89ab
per_volkischer-beobachter_volkischer-beobachter_1930-03-08_43_56	https://archive.org/download/per_volkischer-beobachter_volkischer-beobachter_1930-03-08_43_56/per_volkischer-beobachter_volkischer-beobachter_1930-03-08_43_56_djvu.txt	289417	md5:f4503bdf5552290c8f50fc5ebf467589
per_volkischer-beobachter_volkischer-beobachter_march-09-10-1930_43_57	https://archive.org/download/per_volkischer-beobachter_volkischer-beobachter_march-09-10-1930_43_57/per_volkischer-beobachter_volkischer-beobachter_march-09-10-1930_43_57_djvu.txt	216115	md5:1689471e196e23104b9a64af6fb46b3d
per_volkischer-beobachter_volkischer-beobachter_1930-03-11_43_58	https://archive.org/download/per_volkischer-beobachter_volkischer-beobachter_1930-03-11_43_58/per_volkischer-beobachter_volkischer-beobachter_1930-03-11_43_58_djvu.txt	225634	md5:0dbc4269167e8a3387dbb8f16b66410d
per_volkischer-beobachter_volkischer-beobachter_1930-03-12_43_59	https://archive.org/download/per_volkischer-beobachter_volkischer-beobachter_1930-03-12_43_59/per_volkischer-beobachter_volkischer-beobachter_1930-03-12_43_59_djvu.txt	225737	md5:c9b05c72789f6bd9d67d89c445d046e7
per_volkischer-beobachter_volkischer-beobachter_1930-03-13_43_60	https://archive.org/download/per_volkischer-beobachter_volkischer-beobachter_1930-03-13_43_60/per_volkischer-beobachter_volkischer-beobachter_1930-03-13_43_60_djvu.txt	202408	md5:e3a2e0969d5ea39c26a35b07100934d7
per_volkischer-beobachter_volkischer-beobachter_1930-03-14_43_61	https://archive.org/download/per_volkischer-beobachter_volkischer-beobachter_1930-03-14_43_61/per_volkischer-beobachter_volkischer-beobachter_1930-03-14_43_61_djvu.txt	214530	md5:a76cae21fcb8e68c1b2fb7ab775d0cae
per_volkischer-beobachter_volkischer-beobachter_1930-03-15_43_62	https://archive.org/download/per_volkischer-beobachter_volkischer-beobachter_1930-03-15_43_62/per_volkischer-beobachter_volkischer-beobachter_1930-03-15_43_62_djvu.txt	273396	md5:3d84bc0dbb3ae9254d1f1002a10ddbf3
per_volkischer-beobachter_volkischer-beobachter_march-16-17-1930_43_63	https://archive.org/download/per_volkischer-beobachter_volkischer-beobachter_march-16-17-1930_43_63/per_volkischer-beobachter_volkischer-beobachter_march-16-17-1930_43_63_djvu.txt	210646	md5:6dc8ec4a197ab5edb365a269b2c3e60d
per_volkischer-beobachter_volkischer-beobachter_1930-03-18_43_64	https://archive.org/download/per_volkischer-beobachter_volkischer-beobachter_1930-03-18_43_64/per_volkischer-beobachter_volkischer-beobachter_1930-03-18_43_64_djvu.txt	218460	md5:3c962de26ee62d401b87a4dbc335cec2
per_volkischer-beobachter_volkischer-beobachter_march-19-20-1930_43_65-66	https://archive.org/download/per_volkischer-beobachter_volkischer-beobachter_march-19-20-1930_43_65-66/per_volkischer-beobachter_volkischer-beobachter_march-19-20-1930_43_65-66_djvu.txt	210904	md5:f4cdca7fbd14a03b12346586adce3c93
per_volkischer-beobachter_volkischer-beobachter_1930-03-21_43_67	https://archive.org/download/per_volkischer-beobachter_volkischer-beobachter_1930-03-21_43_67/per_volkischer-beobachter_volkischer-beobachter_1930-03-21_43_67_djvu.txt	209958	md5:75f276fd60094fdc6c6a94c02333ca68
per_volkischer-beobachter_volkischer-beobachter_1930-03-22_43_68	https://archive.org/download/per_volkischer-beobachter_volkischer-beobachter_1930-03-22_43_68/per_volkischer-beobachter_volkischer-beobachter_1930-03-22_43_68_djvu.txt	267551	md5:a21ad7f7b850e255b7b37b0d62fdb86e
per_volkischer-beobachter_volkischer-beobachter_march-23-24-1930_43_69	https://archive.org/download/per_volkischer-beobachter_volkischer-beobachter_march-23-24-1930_43_69/per_volkischer-beobachter_volkischer-beobachter_march-23-24-1930_43_69_djvu.txt	210966	md5:38bdf47c7b44320937a6976ab580e696
per_volkischer-beobachter_volkischer-beobachter_1930-03-25_43_70	https://archive.org/download/per_volkischer-beobachter_volkischer-beobachter_1930-03-25_43_70/per_volkischer-beobachter_volkischer-beobachter_1930-03-25_43_70_djvu.txt	242601	md5:774b3a7529c492fb57aafd0a06936987
per_volkischer-beobachter_volkischer-beobachter_1930-03-26_43_71	https://archive.org/download/per_volkischer-beobachter_volkischer-beobachter_1930-03-26_43_71/per_volkischer-beobachter_volkischer-beobachter_1930-03-26_43_71_djvu.txt	230249	md5:f16026d8787b94c1e628e6bb1b1b3df7
per_volkischer-beobachter_volkischer-beobachter_1930-03-27_43_72	https://archive.org/download/per_volkischer-beobachter_volkischer-beobachter_1930-03-27_43_72/per_volkischer-beobachter_volkischer-beobachter_1930-03-27_43_72_djvu.txt	225815	md5:48f61454dda7441f5244e3379e725b1f
per_volkischer-beobachter_volkischer-beobachter_1930-03-28_43_73	https://archive.org/download/per_volkischer-beobachter_volkischer-beobachter_1930-03-28_43_73/per_volkischer-beobachter_volkischer-beobachter_1930-03-28_43_73_djvu.txt	225531	md5:54c0e401d6afa59dc142d5e8a258e99f
per_volkischer-beobachter_volkischer-beobachter_1930-03-29_43_74	https://archive.org/download/per_volkischer-beobachter_volkischer-beobachter_1930-03-29_43_74/per_volkischer-beobachter_volkischer-beobachter_1930-03-29_43_74_djvu.txt	196339	md5:4c69cefaa98a711d874a3f3e868e993a
per_volkischer-beobachter_volkischer-beobachter_march-30-31-1930_43_75	https://archive.org/download/per_volkischer-beobachter_volkischer-beobachter_march-30-31-1930_43_75/per_volkischer-beobachter_volkischer-beobachter_march-30-31-1930_43_75_djvu.txt	173132	md5:493218368c14f95f33be5fe26714fc8d
per_volkischer-beobachter_volkischer-beobachter_1930-04-01_43_76	https://archive.org/download/per_volkischer-beobachter_volkischer-beobachter_1930-04-01_43_76/per_volkischer-beobachter_volkischer-beobachter_1930-04-01_43_76_djvu.txt	229063	md5:da3734f516e84824dc23db0058f3d5bf
per_volkischer-beobachter_volkischer-beobachter_1930-04-02_43_77	https://archive.org/download/per_volkischer-beobachter_volkischer-beobachter_1930-04-02_43_77/per_volkischer-beobachter_volkischer-beobachter_1930-04-02_43_77_djvu.txt	233435	md5:2d8a10d480d44b89a1afd9f914ce2d50
per_volkischer-beobachter_volkischer-beobachter_1930-04-03_43_78	https://archive.org/download/per_volkischer-beobachter_volkischer-beobachter_1930-04-03_43_78/per_volkischer-beobachter_volkischer-beobachter_1930-04-03_43_78_djvu.txt	214664	md5:3e2d6c764a1befd6184f9531ac398380
per_volkischer-beobachter_volkischer-beobachter_1930-04-04_43_79	https://archive.org/download/per_volkischer-beobachter_volkischer-beobachter_1930-04-04_43_79/per_volkischer-beobachter_volkischer-beobachter_1930-04-04_43_79_djvu.txt	221883	md5:7a748d3045d5b41e82f2dba3b1e7a38c
per_volkischer-beobachter_volkischer-beobachter_1930-04-05_43_80	https://archive.org/download/per_volkischer-beobachter_volkischer-beobachter_1930-04-05_43_80/per_volkischer-beobachter_volkischer-beobachter_1930-04-05_43_80_djvu.txt	262331	md5:3841ad041c6489695aeaac5097931549
per_volkischer-beobachter_volkischer-beobachter_april-06-07-1930_43_81	https://archive.org/download/per_volkischer-beobachter_volkischer-beobachter_april-06-07-1930_43_81/per_volkischer-beobachter_volkischer-beobachter_april-06-07-1930_43_81_djvu.txt	225283	md5:b7497648f9c57c7e38559235184625f7
per_volkischer-beobachter_volkischer-beobachter_1930-04-08_43_82	https://archive.org/download/per_volkischer-beobachter_volkischer-beobachter_1930-04-08_43_82/per_volkischer-beobachter_volkischer-beobachter_1930-04-08_43_82_djvu.txt	199865	md5:d86b575ddcbc9938a73f61b10ef0c906
per_volkischer-beobachter_volkischer-beobachter_1930-04-09_43_83	https://archive.org/download/per_volkischer-beobachter_volkischer-beobachter_1930-04-09_43_83/per_volkischer-beobachter_volkischer-beobachter_1930-04-09_43_83_djvu.txt	228652	md5:79fe7196ebbedc9f1e8f54162128135d
per_volkischer-beobachter_volkischer-beobachter_1930-04-10_43_84	https://archive.org/download/per_volkischer-beobachter_volkischer-beobachter_1930-04-10_43_84/per_volkischer-beobachter_volkischer-beobachter_1930-04-10_43_84_djvu.txt	214162	md5:c81a2871d5a57833664a932dff481b53
per_volkischer-beobachter_volkischer-beobachter_1930-04-11_43_85	https://archive.org/download/per_volkischer-beobachter_volkischer-beobachter_1930-04-11_43_85/per_volkischer-beobachter_volkischer-beobachter_1930-04-11_43_85_djvu.txt	228363	md5:f5b59c6b03f9ff8d94584238f4d5f95c
per_volkischer-beobachter_volkischer-beobachter_1930-04-12_43_86	https://archive.org/download/per_volkischer-beobachter_volkischer-beobachter_1930-04-12_43_86/per_volkischer-beobachter_volkischer-beobachter_1930-04-12_43_86_djvu.txt	198321	md5:3ae42ae6cfa38118c6884c3e9d716f8d
per_volkischer-beobachter_volkischer-beobachter_april-13-14-1930_43_87	https://archive.org/download/per_volkischer-beobachter_volkischer-beobachter_april-13-14-1930_43_87/per_volkischer-beobachter_volkischer-beobachter_april-13-14-1930_43_87_djvu.txt	246596	md5:d316aaab5cffddbe3daa154c09426c21
per_volkischer-beobachter_volkischer-beobachter_1930-04-15_43_88	https://archive.org/download/per_volkischer-beobachter_volkischer-beobachter_1930-04-15_43_88/per_volkischer-beobachter_volkischer-beobachter_1930-04-15_43_88_djvu.txt	220646	md5:ea979e10a5ad28db5459ae3a52a065de
per_volkischer-beobachter_volkischer-beobachter_1930-04-16_43_89	https://archive.org/download/per_volkischer-beobachter_volkischer-beobachter_1930-04-16_43_89/per_volkischer-beobachter_volkischer-beobachter_1930-04-16_43_89_djvu.txt	192968	md5:3163877dff793a605ca70b77857966a4
per_volkischer-beobachter_volkischer-beobachter_1930-04-17_43_90	https://archive.org/download/per_volkischer-beobachter_volkischer-beobachter_1930-04-17_43_90/per_volkischer-beobachter_volkischer-beobachter_1930-04-17_43_90_djvu.txt	183640	md5:6e0a56db7cb7ef2285844a8ed22c7584
per_volkischer-beobachter_volkischer-beobachter_april-18-19-1930_43_91-92	https://archive.org/download/per_volkischer-beobachter_volkischer-beobachter_april-18-19-1930_43_91-92/per_volkischer-beobachter_volkischer-beobachter_april-18-19-1930_43_91-92_djvu.txt	189540	md5:93749eb3b013b98ae0330434eeb7b911
per_volkischer-beobachter_volkischer-beobachter_april-20-22-1930_43_93-94	https://archive.org/download/per_volkischer-beobachter_volkischer-beobachter_april-20-22-1930_43_93-94/per_volkischer-beobachter_volkischer-beobachter_april-20-22-1930_43_93-94_djvu.txt	194632	md5:00214286b8d4efd792373b5e6f4b9666
per_volkischer-beobachter_volkischer-beobachter_1930-04-23_43_95	https://archive.org/download/per_volkischer-beobachter_volkischer-beobachter_1930-04-23_43_95/per_volkischer-beobachter_volkischer-beobachter_1930-04-23_43_95_djvu.txt	180246	md5:4578f423afd053f1d9bcc76113b040b1
per_volkischer-beobachter_volkischer-beobachter_1930-04-24_43_96	https://archive.org/download/per_volkischer-beobachter_volkischer-beobachter_1930-04-24_43_96/per_volkischer-beobachter_volkischer-beobachter_1930-04-24_43_96_djvu.txt	204483	md5:c5f674be90e3a7e29658c35b2253e5b2
per_volkischer-beobachter_volkischer-beobachter_1930-04-25_43_97	https://archive.org/download/per_volkischer-beobachter_volkischer-beobachter_1930-04-25_43_97/per_volkischer-beobachter_volkischer-beobachter_1930-04-25_43_97_djvu.txt	198134	md5:0743b8547ef5922514ef1984cdd645b2
per_volkischer-beobachter_volkischer-beobachter_1930-04-26_43_98	https://archive.org/download/per_volkischer-beobachter_volkischer-beobachter_1930-04-26_43_98/per_volkischer-beobachter_volkischer-beobachter_1930-04-26_43_98_djvu.txt	197506	md5:097af62502b368f3fbcf6e0d49f17d8c
per_volkischer-beobachter_volkischer-beobachter_april-27-28-1930_43_99	https://archive.org/download/per_volkischer-beobachter_volkischer-beobachter_april-27-28-1930_43_99/per_volkischer-beobachter_volkischer-beobachter_april-27-28-1930_43_99_djvu.txt	193395	md5:a8b8fe852cb54f59fcaebff3395798f1
per_volkischer-beobachter_volkischer-beobachter_1930-04-29_43_100	https://archive.org/download/per_volkischer-beobachter_volkischer-beobachter_1930-04-29_43_100/per_volkischer-beobachter_volkischer-beobachter_1930-04-29_43_100_djvu.txt	214640	md5:57b2165cd87825f4af7dcabb4f20dece
per_volkischer-beobachter_volkischer-beobachter_1930-04-30_43_101	https://archive.org/download/per_volkischer-beobachter_volkischer-beobachter_1930-04-30_43_101/per_volkischer-beobachter_volkischer-beobachter_1930-04-30_43_101_djvu.txt	203941	md5:19624427c6548bd4470d9c313c43a45e
per_volkischer-beobachter_volkischer-beobachter_1930-05-01_43_102	https://archive.org/download/per_volkischer-beobachter_volkischer-beobachter_1930-05-01_43_102/per_volkischer-beobachter_volkischer-beobachter_1930-05-01_43_102_djvu.txt	200320	md5:be2fe064a38224ac7d25cd8bf3a0d93f
per_volkischer-beobachter_volkischer-beobachter_1930-05-02_43_103	https://archive.org/download/per_volkischer-beobachter_volkischer-beobachter_1930-05-02_43_103/per_volkischer-beobachter_volkischer-beobachter_1930-05-02_43_103_djvu.txt	205820	md5:9e43e8a90ad581a6b77e01476493f32c
per_volkischer-beobachter_volkischer-beobachter_1930-05-03_43_104	https://archive.org/download/per_volkischer-beobachter_volkischer-beobachter_1930-05-03_43_104/per_volkischer-beobachter_volkischer-beobachter_1930-05-03_43_104_djvu.txt	263058	md5:85a1a504c7c470af5a346e9b90089a76
per_volkischer-beobachter_volkischer-beobachter_may-04-05-1930_43_105	https://archive.org/download/per_volkischer-beobachter_volkischer-beobachter_may-04-05-1930_43_105/per_volkischer-beobachter_volkischer-beobachter_may-04-05-1930_43_105_djvu.txt	217123	md5:bc06769bec7e913edd381d71fdc44ef3
per_volkischer-beobachter_volkischer-beobachter_1930-05-06_43_106	https://archive.org/download/per_volkischer-beobachter_volkischer-beobachter_1930-05-06_43_106/per_volkischer-beobachter_volkischer-beobachter_1930-05-06_43_106_djvu.txt	205243	md5:264b90810adc42181f67e23dd57fbbc6
per_volkischer-beobachter_volkischer-beobachter_1930-05-07_43_107	https://archive.org/download/per_volkischer-beobachter_volkischer-beobachter_1930-05-07_43_107/per_volkischer-beobachter_volkischer-beobachter_1930-05-07_43_107_djvu.txt	209998	md5:fd6ca8f8d3b5cf88fee861737f90fd23
per_volkischer-beobachter_volkischer-beobachter_1930-05-08_43_108	https://archive.org/download/per_volkischer-beobachter_volkischer-beobachter_1930-05-08_43_108/per_volkischer-beobachter_volkischer-beobachter_1930-05-08_43_108_djvu.txt	198131	md5:52263a40fe2939362ecaa799d03e2460
per_volkischer-beobachter_volkischer-beobachter_1930-05-09_43_109	https://archive.org/download/per_volkischer-beobachter_volkischer-beobachter_1930-05-09_43_109/per_volkischer-beobachter_volkischer-beobachter_1930-05-09_43_109_djvu.txt	202423	md5:ae0e0bc939063fea7c33c91af6d846f0
per_volkischer-beobachter_volkischer-beobachter_1930-05-10_43_110	https://archive.org/download/per_volkischer-beobachter_volkischer-beobachter_1930-05-10_43_110/per_volkischer-beobachter_volkischer-beobachter_1930-05-10_43_110_djvu.txt	184162	md5:fb2b184fdc169dd21dc3c750236712ff
per_volkischer-beobachter_volkischer-beobachter_may-11-12-1930_43_111	https://archive.org/download/per_volkischer-beobachter_volkischer-beobachter_may-11-12-1930_43_111/per_volkischer-beobachter_volkischer-beobachter_may-11-12-1930_43_111_djvu.txt	218724	md5:cf7f78d9923a979d2528d580fc3bf450
per_volkischer-beobachter_volkischer-beobachter_1930-05-13_43_112	https://archive.org/download/per_volkischer-beobachter_volkischer-beobachter_1930-05-13_43_112/per_volkischer-beobachter_volkischer-beobachter_1930-05-13_43_112_djvu.txt	213869	md5:171552cc88f79d06dcd74cff78f2515d
per_volkischer-beobachter_volkischer-beobachter_1930-05-14_43_113	https://archive.org/download/per_volkischer-beobachter_volkischer-beobachter_1930-05-14_43_113/per_volkischer-beobachter_volkischer-beobachter_1930-05-14_43_113_djvu.txt	222766	md5:0f192a1caef1c285e1d8b48f70057d22
per_volkischer-beobachter_volkischer-beobachter_1930-05-15_43_114	https://archive.org/download/per_volkischer-beobachter_volkischer-beobachter_1930-05-15_43_114/per_volkischer-beobachter_volkischer-beobachter_1930-05-15_43_114_djvu.txt	194248	md5:e265b4f7769033ab6b6954203ac169fc
per_volkischer-beobachter_volkischer-beobachter_1930-05-16_43_115	https://archive.org/download/per_volkischer-beobachter_volkischer-beobachter_1930-05-16_43_115/per_volkischer-beobachter_volkischer-beobachter_1930-05-16_43_115_djvu.txt	186949	md5:589ef2fc8ad18558d985e1dbfb1936bc
per_volkischer-beobachter_volkischer-beobachter_1930-05-17_43_116	https://archive.org/download/per_volkischer-beobachter_volkischer-beobachter_1930-05-17_43_116/per_volkischer-beobachter_volkischer-beobachter_1930-05-17_43_116_djvu.txt	204088	md5:e157b2714def3d091bf5d9217409d827
per_volkischer-beobachter_volkischer-beobachter_may-18-19-1930_43_117	https://archive.org/download/per_volkischer-beobachter_volkischer-beobachter_may-18-19-1930_43_117/per_volkischer-beobachter_volkischer-beobachter_may-18-19-1930_43_117_djvu.txt	208227	md5:19899b86e9525dc622cfbcca37062a5e
per_volkischer-beobachter_volkischer-beobachter_1930-05-20_43_118	https://archive.org/download/per_volkischer-beobachter_volkischer-beobachter_1930-05-20_43_118/per_volkischer-beobachter_volkischer-beobachter_1930-05-20_43_118_djvu.txt	217629	md5:018cb19fec0cb9b735e03843b523d47d
per_volkischer-beobachter_volkischer-beobachter_1930-05-21_43_119	https://archive.org/download/per_volkischer-beobachter_volkischer-beobachter_1930-05-21_43_119/per_volkischer-beobachter_volkischer-beobachter_1930-05-21_43_119_djvu.txt	208631	md5:dcb7804003f74a0a049190ed02c8b4e6
per_volkischer-beobachter_volkischer-beobachter_1930-05-22_43_120	https://archive.org/download/per_volkischer-beobachter_volkischer-beobachter_1930-05-22_43_120/per_volkischer-beobachter_volkischer-beobachter_1930-05-22_43_120_djvu.txt	190966	md5:d9c2d9b740f99be3b4662019dd70ad74
per_volkischer-beobachter_volkischer-beobachter_1930-05-23_43_121	https://archive.org/download/per_volkischer-beobachter_volkischer-beobachter_1930-05-23_43_121/per_volkischer-beobachter_volkischer-beobachter_1930-05-23_43_121_djvu.txt	209228	md5:8fd7cc34db8d5625a872034e35b1f83c
per_volkischer-beobachter_volkischer-beobachter_1930-05-24_43_122	https://archive.org/download/per_volkischer-beobachter_volkischer-beobachter_1930-05-24_43_122/per_volkischer-beobachter_volkischer-beobachter_1930-05-24_43_122_djvu.txt	260101	md5:5d683e1f6dd3542f90334697132d8779
per_volkischer-beobachter_volkischer-beobachter_may-25-26-1930_43_123	https://archive.org/download/per_volkischer-beobachter_volkischer-beobachter_may-25-26-1930_43_123/per_volkischer-beobachter_volkischer-beobachter_may-25-26-1930_43_123_djvu.txt	271388	md5:53e04a54675b560053fa7b31ceb67d94
per_volkischer-beobachter_volkischer-beobachter_1930-05-27_43_124	https://archive.org/download/per_volkischer-beobachter_volkischer-beobachter_1930-05-27_43_124/per_volkischer-beobachter_volkischer-beobachter_1930-05-27_43_124_djvu.txt	199026	md5:ded3247f781eae6ced9b0e593c7939c1
per_volkischer-beobachter_volkischer-beobachter_1930-05-28_43_125	https://archive.org/download/per_volkischer-beobachter_volkischer-beobachter_1930-05-28_43_125/per_volkischer-beobachter_volkischer-beobachter_1930-05-28_43_125_djvu.txt	196217	md5:91c7b180980b67d6d9b7b2918b13a03c
per_volkischer-beobachter_volkischer-beobachter_may-29-30-1930_43_126	https://archive.org/download/per_volkischer-beobachter_volkischer-beobachter_may-29-30-1930_43_126/per_volkischer-beobachter_volkischer-beobachter_may-29-30-1930_43_126_djvu.txt	194652	md5:de8fcf5cfb27f5e1302ce8df729c8075
per_volkischer-beobachter_volkischer-beobachter_1930-05-31_43_127	https://archive.org/download/per_volkischer-beobachter_volkischer-beobachter_1930-05-31_43_127/per_volkischer-beobachter_volkischer-beobachter_1930-05-31_43_127_djvu.txt	159848	md5:bc2866c93722c2626edcc48847f4966a
per_volkischer-beobachter_volkischer-beobachter_june-01-02-1930_43_128	https://archive.org/download/per_volkischer-beobachter_volkischer-beobachter_june-01-02-1930_43_128/per_volkischer-beobachter_volkischer-beobachter_june-01-02-1930_43_128_djvu.txt	147262	md5:a5a93639e6367023e78732740d0ba9d7
per_volkischer-beobachter_volkischer-beobachter_1930-06-03_43_129	https://archive.org/download/per_volkischer-beobachter_volkischer-beobachter_1930-06-03_43_129/per_volkischer-beobachter_volkischer-beobachter_1930-06-03_43_129_djvu.txt	131553	md5:0dccaedc259ca51cb7ddae5609e8d492
per_volkischer-beobachter_volkischer-beobachter_1930-06-04_43_130	https://archive.org/download/per_volkischer-beobachter_volkischer-beobachter_1930-06-04_43_130/per_volkischer-beobachter_volkischer-beobachter_1930-06-04_43_130_djvu.txt	160700	md5:1bde787792b08d33736edcc733597929
per_volkischer-beobachter_volkischer-beobachter_1930-06-05_43_131	https://archive.org/download/per_volkischer-beobachter_volkischer-beobachter_1930-06-05_43_131/per_volkischer-beobachter_volkischer-beobachter_1930-06-05_43_131_djvu.txt	162609	md5:0ae874b136c34a3d57c2db3ff61cc335
per_volkischer-beobachter_volkischer-beobachter_1930-06-06_43_132	https://archive.org/download/per_volkischer-beobachter_volkischer-beobachter_1930-06-06_43_132/per_volkischer-beobachter_volkischer-beobachter_1930-06-06_43_132_djvu.txt	172663	md5:b0ec4f112975fe5825170807f16a682e
per_volkischer-beobachter_volkischer-beobachter_1930-06-07_43_133	https://archive.org/download/per_volkischer-beobachter_volkischer-beobachter_1930-06-07_43_133/per_volkischer-beobachter_volkischer-beobachter_1930-06-07_43_133_djvu.txt	197686	md5:3694b2f3affb7533de40e6414cb2a2ed
per_volkischer-beobachter_volkischer-beobachter_june-08-10-1930_43_134-136	https://archive.org/download/per_volkischer-beobachter_volkischer-beobachter_june-08-10-1930_43_134-136/per_volkischer-beobachter_volkischer-beobachter_june-08-10-1930_43_134-136_djvu.txt	161641	md5:aec1b607e64a605b424b301b16081696
per_volkischer-beobachter_volkischer-beobachter_1930-06-11_43_137	https://archive.org/download/per_volkischer-beobachter_volkischer-beobachter_1930-06-11_43_137/per_volkischer-beobachter_volkischer-beobachter_1930-06-11_43_137_djvu.txt	172166	md5:3ca6562876c4cde5b708f92425285a4d
per_volkischer-beobachter_volkischer-beobachter_1930-06-12_43_138	https://archive.org/download/per_volkischer-beobachter_volkischer-beobachter_1930-06-12_43_138/per_volkischer-beobachter_volkischer-beobachter_1930-06-12_43_138_djvu.txt	158986	md5:dceff045d1eb42d9342539a9271137fb
per_volkischer-beobachter_volkischer-beobachter_1930-06-13_43_139	https://archive.org/download/per_volkischer-beobachter_volkischer-beobachter_1930-06-13_43_139/per_volkischer-beobachter_volkischer-beobachter_1930-06-13_43_139_djvu.txt	156348	md5:822df81ef7b54e9760a2e51526c66c52
per_volkischer-beobachter_volkischer-beobachter_1930-06-14_43_140	https://archive.org/download/per_volkischer-beobachter_volkischer-beobachter_1930-06-14_43_140/per_volkischer-beobachter_volkischer-beobachter_1930-06-14_43_140_djvu.txt	202996	md5:942bdccdec2fa6deb2fd75e164e5fa83
per_volkischer-beobachter_volkischer-beobachter_june-15-16-1930_43_141	https://archive.org/download/per_volkischer-beobachter_volkischer-beobachter_june-15-16-1930_43_141/per_volkischer-beobachter_volkischer-beobachter_june-15-16-1930_43_141_djvu.txt	227942	md5:b44db4a13d5d1f8fb5a204a74c15c7be
per_volkischer-beobachter_volkischer-beobachter_1930-06-17_43_142	https://archive.org/download/per_volkischer-beobachter_volkischer-beobachter_1930-06-17_43_142/per_volkischer-beobachter_volkischer-beobachter_1930-06-17_43_142_djvu.txt	218014	md5:738b40ab7444e482f0c5be8c08892a25
per_volkischer-beobachter_volkischer-beobachter_1930-06-18_43_143	https://archive.org/download/per_volkischer-beobachter_volkischer-beobachter_1930-06-18_43_143/per_volkischer-beobachter_volkischer-beobachter_1930-06-18_43_143_djvu.txt	279048	md5:50c97a26dc6619b796d2d93b9f3145c3
per_volkischer-beobachter_volkischer-beobachter_june-19-20-1930_43_144-145	https://archive.org/download/per_volkischer-beobachter_volkischer-beobachter_june-19-20-1930_43_144-145/per_volkischer-beobachter_volkischer-beobachter_june-19-20-1930_43_144-145_djvu.txt	210816	md5:4c4301bc49dc6afb8f4f73271b2b8a2d
per_volkischer-beobachter_volkischer-beobachter_1930-06-21_43_146	https://archive.org/download/per_volkischer-beobachter_volkischer-beobachter_1930-06-21_43_146/per_volkischer-beobachter_volkischer-beobachter_1930-06-21_43_146_djvu.txt	184364	md5:bab36f616d7b0625435f233dcdf4e467
per_volkischer-beobachter_volkischer-beobachter_june-22-23-1930_43_147	https://archive.org/download/per_volkischer-beobachter_volkischer-beobachter_june-22-23-1930_43_147/per_volkischer-beobachter_volkischer-beobachter_june-22-23-1930_43_147_djvu.txt	203257	md5:f001eb5094626a1bff784dee28b49159
per_volkischer-beobachter_volkischer-beobachter_1930-06-24_43_148	https://archive.org/download/per_volkischer-beobachter_volkischer-beobachter_1930-06-24_43_148/per_volkischer-beobachter_volkischer-beobachter_1930-06-24_43_148_djvu.txt	196565	md5:b4da374697e630cc5e76be91196caa7c
per_volkischer-beobachter_volkischer-beobachter_1930-06-25_43_149	https://archive.org/download/per_volkischer-beobachter_volkischer-beobachter_1930-06-25_43_149/per_volkischer-beobachter_volkischer-beobachter_1930-06-25_43_149_djvu.txt	209153	md5:a7e425537a3b7ef1c6086073973762a7
per_volkischer-beobachter_volkischer-beobachter_1930-06-26_43_150	https://archive.org/download/per_volkischer-beobachter_volkischer-beobachter_1930-06-26_43_150/per_volkischer-beobachter_volkischer-beobachter_1930-06-26_43_150_djvu.txt	183248	md5:09ea84b45602987aacfd272c77d14075
per_volkischer-beobachter_volkischer-beobachter_1930-06-27_43_151	https://archive.org/download/per_volkischer-beobachter_volkischer-beobachter_1930-06-27_43_151/per_volkischer-beobachter_volkischer-beobachter_1930-06-27_43_151_djvu.txt	182952	md5:33886e7541223b5a36fc4052b6289b99
per_volkischer-beobachter_volkischer-beobachter_1930-06-28_43_152	https://archive.org/download/per_volkischer-beobachter_volkischer-beobachter_1930-06-28_43_152/per_volkischer-beobachter_volkischer-beobachter_1930-06-28_43_152_djvu.txt	249611	md5:6bd73e04a14625d73af606f8b188f4c5
per_volkischer-beobachter_volkischer-beobachter_june-29-30-1930_43_153	https://archive.org/download/per_volkischer-beobachter_volkischer-beobachter_june-29-30-1930_43_153/per_volkischer-beobachter_volkischer-beobachter_june-29-30-1930_43_153_djvu.txt	182042	md5:c126569ead91ec63a279f7d9c127feef
per_volkischer-beobachter_volkischer-beobachter_1930-07-01_43_154	https://archive.org/download/per_volkischer-beobachter_volkischer-beobachter_1930-07-01_43_154/per_volkischer-beobachter_volkischer-beobachter_1930-07-01_43_154_djvu.txt	135384	md5:bdccf7d7c066b37173c3bb11a561ee7b
per_volkischer-beobachter_volkischer-beobachter_1930-07-02_43_155	https://archive.org/download/per_volkischer-beobachter_volkischer-beobachter_1930-07-02_43_155/per_volkischer-beobachter_volkischer-beobachter_1930-07-02_43_155_djvu.txt	183548	md5:1f7db79cb8804ab716b097f3c6ea4c46
per_volkischer-beobachter_volkischer-beobachter_1930-07-03_43_156	https://archive.org/download/per_volkischer-beobachter_volkischer-beobachter_1930-07-03_43_156/per_volkischer-beobachter_volkischer-beobachter_1930-07-03_43_156_djvu.txt	186461	md5:40603704043b890e65b2420777a2f890
per_volkischer-beobachter_volkischer-beobachter_1930-07-04_43_157	https://archive.org/download/per_volkischer-beobachter_volkischer-beobachter_1930-07-04_43_157/per_volkischer-beobachter_volkischer-beobachter_1930-07-04_43_157_djvu.txt	178304	md5:8b62acda527789d12936ce52b14d881c
per_volkischer-beobachter_volkischer-beobachter_1930-07-05_43_158	https://archive.org/download/per_volkischer-beobachter_volkischer-beobachter_1930-07-05_43_158/per_volkischer-beobachter_volkischer-beobachter_1930-07-05_43_158_djvu.txt	194274	md5:b95b251e1081bd9d4bb99dfac9156aa1
per_volkischer-beobachter_volkischer-beobachter_july-06-07-1930_43_159	https://archive.org/download/per_volkischer-beobachter_volkischer-beobachter_july-06-07-1930_43_159/per_volkischer-beobachter_volkischer-beobachter_july-06-07-1930_43_159_djvu.txt	204955	md5:0a273bc3096e9012c84aa19900708dd0
per_volkischer-beobachter_volkischer-beobachter_1930-07-08_43_160	https://archive.org/download/per_volkischer-beobachter_volkischer-beobachter_1930-07-08_43_160/per_volkischer-beobachter_volkischer-beobachter_1930-07-08_43_160_djvu.txt	216330	md5:dfe6ebac24a766a74b062332220cbc32
per_volkischer-beobachter_volkischer-beobachter_1930-07-09_43_161	https://archive.org/download/per_volkischer-beobachter_volkischer-beobachter_1930-07-09_43_161/per_volkischer-beobachter_volkischer-beobachter_1930-07-09_43_161_djvu.txt	193696	md5:9cc7c05ba64c7cc625fb406b3b9795eb
per_volkischer-beobachter_volkischer-beobachter_1930-07-10_43_162	https://archive.org/download/per_volkischer-beobachter_volkischer-beobachter_1930-07-10_43_162/per_volkischer-beobachter_volkischer-beobachter_1930-07-10_43_162_djvu.txt	200428	md5:07b8d48f4d10bdd3d46d7504a12fe3e1
per_volkischer-beobachter_volkischer-beobachter_1930-07-11_43_163	https://archive.org/download/per_volkischer-beobachter_volkischer-beobachter_1930-07-11_43_163/per_volkischer-beobachter_volkischer-beobachter_1930-07-11_43_163_djvu.txt	129153	md5:900855e29a54b7d33542439793aa0b5c
per_volkischer-beobachter_volkischer-beobachter_1930-07-12_43_164	https://archive.org/download/per_volkischer-beobachter_volkischer-beobachter_1930-07-12_43_164/per_volkischer-beobachter_volkischer-beobachter_1930-07-12_43_164_djvu.txt	177620	md5:2c8b12b0e3a0aef5b693b3b4962de65b
per_volkischer-beobachter_volkischer-beobachter_july-13-14-1930_43_165	https://archive.org/download/per_volkischer-beobachter_volkischer-beobachter_july-13-14-1930_43_165/per_volkischer-beobachter_volkischer-beobachter_july-13-14-1930_43_165_djvu.txt	193820	md5:d21b857b60911b34c8541c3c3f49f62b
per_volkischer-beobachter_volkischer-beobachter_1930-07-15_43_166	https://archive.org/download/per_volkischer-beobachter_volkischer-beobachter_1930-07-15_43_166/per_volkischer-beobachter_volkischer-beobachter_1930-07-15_43_166_djvu.txt	212043	md5:1e93699aaa05411b6fe28c834c2d43f1
per_volkischer-beobachter_volkischer-beobachter_1930-07-16_43_167	https://archive.org/download/per_volkischer-beobachter_volkischer-beobachter_1930-07-16_43_167/per_volkischer-beobachter_volkischer-beobachter_1930-07-16_43_167_djvu.txt	187265	md5:e385c4881ffa0bf9899673166514a16e
per_volkischer-beobachter_volkischer-beobachter_1930-07-17_43_168	https://archive.org/download/per_volkischer-beobachter_volkischer-beobachter_1930-07-17_43_168/per_volkischer-beobachter_volkischer-beobachter_1930-07-17_43_168_djvu.txt	181832	md5:bc856ca2ab34990573c76924a2f68a8b
per_volkischer-beobachter_volkischer-beobachter_1930-07-18_43_169	https://archive.org/download/per_volkischer-beobachter_volkischer-beobachter_1930-07-18_43_169/per_volkischer-beobachter_volkischer-beobachter_1930-07-18_43_169_djvu.txt	191238	md5:8c930c90ab041c5f115a0654f5e7941c
per_volkischer-beobachter_volkischer-beobachter_1930-07-19_43_170	https://archive.org/download/per_volkischer-beobachter_volkischer-beobachter_1930-07-19_43_170/per_volkischer-beobachter_volkischer-beobachter_1930-07-19_43_170_djvu.txt	178027	md5:9b52c5a7f46d19aa176663fca4884c41
per_volkischer-beobachter_volkischer-beobachter_1930-07-22_43_172	https://archive.org/download/per_volkischer-beobachter_volkischer-beobachter_1930-07-22_43_172/per_volkischer-beobachter_volkischer-beobachter_1930-07-22_43_172_djvu.txt	217066	md5:0f0cd0692719d5efe21bcdca262cbacd
per_volkischer-beobachter_volkischer-beobachter_1930-07-24_43_174	https://archive.org/download/per_volkischer-beobachter_volkischer-beobachter_1930-07-24_43_174/per_volkischer-beobachter_volkischer-beobachter_1930-07-24_43_174_djvu.txt	279682	md5:26ee05fabb740cc82b88ef3d71c790c6
per_volkischer-beobachter_volkischer-beobachter_1930-07-25_43_175	https://archive.org/download/per_volkischer-beobachter_volkischer-beobachter_1930-07-25_43_175/per_volkischer-beobachter_volkischer-beobachter_1930-07-25_43_175_djvu.txt	160949	md5:b46870a475deb4052d2933f74e550759
per_volkischer-beobachter_volkischer-beobachter_1930-07-26_43_176	https://archive.org/download/per_volkischer-beobachter_volkischer-beobachter_1930-07-26_43_176/per_volkischer-beobachter_volkischer-beobachter_1930-07-26_43_176_djvu.txt	167443	md5:4ad8e8f0151e1473bc06d3dcf8e9b536
per_volkischer-beobachter_volkischer-beobachter_july-27-28-1930_43_177	https://archive.org/download/per_volkischer-beobachter_volkischer-beobachter_july-27-28-1930_43_177/per_volkischer-beobachter_volkischer-beobachter_july-27-28-1930_43_177_djvu.txt	170686	md5:0243877ad6085f635333e749cbf890a1
per_volkischer-beobachter_volkischer-beobachter_1930-07-29_43_178	https://archive.org/download/per_volkischer-beobachter_volkischer-beobachter_1930-07-29_43_178/per_volkischer-beobachter_volkischer-beobachter_1930-07-29_43_178_djvu.txt	174542	md5:2e69428f6d1e23bfc923451fb19e34ac
per_volkischer-beobachter_volkischer-beobachter_1930-07-30_43_179	https://archive.org/download/per_volkischer-beobachter_volkischer-beobachter_1930-07-30_43_179/per_volkischer-beobachter_volkischer-beobachter_1930-07-30_43_179_djvu.txt	161904	md5:68f9d56d4ea857c77a2bd33df43ad665
per_volkischer-beobachter_volkischer-beobachter_1930-07-31_43_180	https://archive.org/download/per_volkischer-beobachter_volkischer-beobachter_1930-07-31_43_180/per_volkischer-beobachter_volkischer-beobachter_1930-07-31_43_180_djvu.txt	176915	md5:8ab5813870f8eecf675bbf95ff89470c
per_volkischer-beobachter_volkischer-beobachter_1930-08-01_43_181	https://archive.org/download/per_volkischer-beobachter_volkischer-beobachter_1930-08-01_43_181/per_volkischer-beobachter_volkischer-beobachter_1930-08-01_43_181_djvu.txt	146215	md5:1cc7fb0ce70f68f4fd9a04472b8d3168
per_volkischer-beobachter_volkischer-beobachter_1930-08-02_43_182	https://archive.org/download/per_volkischer-beobachter_volkischer-beobachter_1930-08-02_43_182/per_volkischer-beobachter_volkischer-beobachter_1930-08-02_43_182_djvu.txt	173329	md5:7cdb55d3d3b6bfaad13269706b8685aa
per_volkischer-beobachter_volkischer-beobachter_august-03-04-1930_43_183	https://archive.org/download/per_volkischer-beobachter_volkischer-beobachter_august-03-04-1930_43_183/per_volkischer-beobachter_volkischer-beobachter_august-03-04-1930_43_183_djvu.txt	166804	md5:bef2136b36c1f1bbf066ca0d6cb9721c
per_volkischer-beobachter_volkischer-beobachter_1930-08-05_43_184	https://archive.org/download/per_volkischer-beobachter_volkischer-beobachter_1930-08-05_43_184/per_volkischer-beobachter_volkischer-beobachter_1930-08-05_43_184_djvu.txt	218667	md5:efb18b5bf303be1acfc44fbff11ad1cd
per_volkischer-beobachter_volkischer-beobachter_1930-08-06_43_185	https://archive.org/download/per_volkischer-beobachter_volkischer-beobachter_1930-08-06_43_185/per_volkischer-beobachter_volkischer-beobachter_1930-08-06_43_185_djvu.txt	183953	md5:3aab5ab3fe83d0b257875dd5f5bc9014
per_volkischer-beobachter_volkischer-beobachter_1930-08-07_43_186	https://archive.org/download/per_volkischer-beobachter_volkischer-beobachter_1930-08-07_43_186/per_volkischer-beobachter_volkischer-beobachter_1930-08-07_43_186_djvu.txt	184329	md5:330f9816e24353d06c15cc3d8337c0ae
per_volkischer-beobachter_volkischer-beobachter_1930-08-08_43_187	https://archive.org/download/per_volkischer-beobachter_volkischer-beobachter_1930-08-08_43_187/per_volkischer-beobachter_volkischer-beobachter_1930-08-08_43_187_djvu.txt	177884	md5:2ce133f574d97d6633e02f3b6c44e81d
per_volkischer-beobachter_volkischer-beobachter_1930-08-09_43_188	https://archive.org/download/per_volkischer-beobachter_volkischer-beobachter_1930-08-09_43_188/per_volkischer-beobachter_volkischer-beobachter_1930-08-09_43_188_djvu.txt	177691	md5:b3e889802cbed1f15ca5d27b665cd22c
per_volkischer-beobachter_volkischer-beobachter_august-10-11-1930_43_189	https://archive.org/download/per_volkischer-beobachter_volkischer-beobachter_august-10-11-1930_43_189/per_volkischer-beobachter_volkischer-beobachter_august-10-11-1930_43_189_djvu.txt	205632	md5:1530de21233cda6308f6c17f22cc65e3
per_volkischer-beobachter_volkischer-beobachter_1930-08-12_43_190	https://archive.org/download/per_volkischer-beobachter_volkischer-beobachter_1930-08-12_43_190/per_volkischer-beobachter_volkischer-beobachter_1930-08-12_43_190_djvu.txt	184343	md5:1e6dad74ed939b0471e311cdd04b0706
per_volkischer-beobachter_volkischer-beobachter_august-17-18-1930_43_191-195	https://archive.org/download/per_volkischer-beobachter_volkischer-beobachter_august-17-18-1930_43_191-195/per_volkischer-beobachter_volkischer-beobachter_august-17-18-1930_43_191-195_djvu.txt	256437	md5:ef6c67eeda6a18bf4af817630a0ea022
per_volkischer-beobachter_volkischer-beobachter_1930-08-19_43_196	https://archive.org/download/per_volkischer-beobachter_volkischer-beobachter_1930-08-19_43_196/per_volkischer-beobachter_volkischer-beobachter_1930-08-19_43_196_djvu.txt	163044	md5:e4a6139c7ed05a6b220e036061dc735e
per_volkischer-beobachter_volkischer-beobachter_1930-08-20_43_197	https://archive.org/download/per_volkischer-beobachter_volkischer-beobachter_1930-08-20_43_197/per_volkischer-beobachter_volkischer-beobachter_1930-08-20_43_197_djvu.txt	207472	md5:5878ce5faff707417701d12b843585a8
per_volkischer-beobachter_volkischer-beobachter_1930-08-21_43_198	https://archive.org/download/per_volkischer-beobachter_volkischer-beobachter_1930-08-21_43_198/per_volkischer-beobachter_volkischer-beobachter_1930-08-21_43_198_djvu.txt	146419	md5:05f5b6c5af465ec1aeca2b2116f8291e
per_volkischer-beobachter_volkischer-beobachter_1930-08-22_43_199	https://archive.org/download/per_volkischer-beobachter_volkischer-beobachter_1930-08-22_43_199/per_volkischer-beobachter_volkischer-beobachter_1930-08-22_43_199_djvu.txt	155361	md5:8b06b91119cf437b117aa171a9e63f9a
per_volkischer-beobachter_volkischer-beobachter_1930-08-23_43_200	https://archive.org/download/per_volkischer-beobachter_volkischer-beobachter_1930-08-23_43_200/per_volkischer-beobachter_volkischer-beobachter_1930-08-23_43_200_djvu.txt	162951	md5:083cca4f14826150164d621ae004ef6e
per_volkischer-beobachter_volkischer-beobachter_august-24-25-1930_43_201	https://archive.org/download/per_volkischer-beobachter_volkischer-beobachter_august-24-25-1930_43_201/per_volkischer-beobachter_volkischer-beobachter_august-24-25-1930_43_201_djvu.txt	151449	md5:6c661809439fed6576e903e0140ea67c
per_volkischer-beobachter_volkischer-beobachter_1930-08-26_43_202	https://archive.org/download/per_volkischer-beobachter_volkischer-beobachter_1930-08-26_43_202/per_volkischer-beobachter_volkischer-beobachter_1930-08-26_43_202_djvu.txt	164754	md5:139b4756825fcd3a6f898c9a00dd7f17
per_volkischer-beobachter_volkischer-beobachter_1930-08-27_43_203	https://archive.org/download/per_volkischer-beobachter_volkischer-beobachter_1930-08-27_43_203/per_volkischer-beobachter_volkischer-beobachter_1930-08-27_43_203_djvu.txt	241709	md5:890bbd418b171a835a2f66e8d68dcba4
per_volkischer-beobachter_volkischer-beobachter_1930-08-28_43_204	https://archive.org/download/per_volkischer-beobachter_volkischer-beobachter_1930-08-28_43_204/per_volkischer-beobachter_volkischer-beobachter_1930-08-28_43_204_djvu.txt	169730	md5:267a33640b61d74d542f1d514cc37068
per_volkischer-beobachter_volkischer-beobachter_1930-08-29_43_205	https://archive.org/download/per_volkischer-beobachter_volkischer-beobachter_1930-08-29_43_205/per_volkischer-beobachter_volkischer-beobachter_1930-08-29_43_205_djvu.txt	178335	md5:cd58ec440b90593a73de3885fa5d36d7
per_volkischer-beobachter_volkischer-beobachter_1930-08-30_43_206	https://archive.org/download/per_volkischer-beobachter_volkischer-beobachter_1930-08-30_43_206/per_volkischer-beobachter_volkischer-beobachter_1930-08-30_43_206_djvu.txt	182161	md5:55ce28a33752e69624fcebeeecdc6e10
per_volkischer-beobachter_volkischer-beobachter_1930-08-31_43_207	https://archive.org/download/per_volkischer-beobachter_volkischer-beobachter_1930-08-31_43_207/per_volkischer-beobachter_volkischer-beobachter_1930-08-31_43_207_djvu.txt	125394	md5:7439b99e313dfbde77de6a747245cf89
per_volkischer-beobachter_volkischer-beobachter_september-01-02-1930_43_208	https://archive.org/download/per_volkischer-beobachter_volkischer-beobachter_september-01-02-1930_43_208/per_volkischer-beobachter_volkischer-beobachter_september-01-02-1930_43_208_djvu.txt	175243	md5:1a391d5eeb5f178d8f8f485a5db80567
per_volkischer-beobachter_volkischer-beobachter_1930-09-03_43_209	https://archive.org/download/per_volkischer-beobachter_volkischer-beobachter_1930-09-03_43_209/per_volkischer-beobachter_volkischer-beobachter_1930-09-03_43_209_djvu.txt	146859	md5:4d5b0f5c71792d53f0f8cf2e10abf7c0
per_volkischer-beobachter_volkischer-beobachter_1930-09-04_43_210	https://archive.org/download/per_volkischer-beobachter_volkischer-beobachter_1930-09-04_43_210/per_volkischer-beobachter_volkischer-beobachter_1930-09-04_43_210_djvu.txt	165445	md5:5359a4f057c1a2a9d8c179a2d8cc8fc4
per_volkischer-beobachter_volkischer-beobachter_1930-09-05_43_211	https://archive.org/download/per_volkischer-beobachter_volkischer-beobachter_1930-09-05_43_211/per_volkischer-beobachter_volkischer-beobachter_1930-09-05_43_211_djvu.txt	172994	md5:f008ad7228d9820d6c861a61b0f765c7
per_volkischer-beobachter_volkischer-beobachter_1930-09-06_43_212	https://archive.org/download/per_volkischer-beobachter_volkischer-beobachter_1930-09-06_43_212/per_volkischer-beobachter_volkischer-beobachter_1930-09-06_43_212_djvu.txt	158261	md5:eecc4f480d8e3d9cebf2e1a9cd7de021
per_volkischer-beobachter_volkischer-beobachter_1930-09-09_43_214	https://archive.org/download/per_volkischer-beobachter_volkischer-beobachter_1930-09-09_43_214/per_volkischer-beobachter_volkischer-beobachter_1930-09-09_43_214_djvu.txt	127936	md5:f74eb371b02f084f0c1feb3a20305087
per_volkischer-beobachter_volkischer-beobachter_1930-09-10_43_215	https://archive.org/download/per_volkischer-beobachter_volkischer-beobachter_1930-09-10_43_215/per_volkischer-beobachter_volkischer-beobachter_1930-09-10_43_215_djvu.txt	171291	md5:1e265d1ec52a678709116df36224694e
per_volkischer-beobachter_volkischer-beobachter_1930-09-11_43_216	https://archive.org/download/per_volkischer-beobachter_volkischer-beobachter_1930-09-11_43_216/per_volkischer-beobachter_volkischer-beobachter_1930-09-11_43_216_djvu.txt	143362	md5:6606f7a29bda9ba58c47484a4e6fb75a
per_volkischer-beobachter_volkischer-beobachter_1930-09-12_43_217	https://archive.org/download/per_volkischer-beobachter_volkischer-beobachter_1930-09-12_43_217/per_volkischer-beobachter_volkischer-beobachter_1930-09-12_43_217_djvu.txt	138305	md5:1ab5b1e710df06dc435f44bc7ed81972
per_volkischer-beobachter_volkischer-beobachter_1930-09-13_43_218	https://archive.org/download/per_volkischer-beobachter_volkischer-beobachter_1930-09-13_43_218/per_volkischer-beobachter_volkischer-beobachter_1930-09-13_43_218_djvu.txt	124064	md5:87c489c07faa9c2ffd3ca2463598f133
per_volkischer-beobachter_volkischer-beobachter_september-14-15-1930_43_219	https://archive.org/download/per_volkischer-beobachter_volkischer-beobachter_september-14-15-1930_43_219/per_volkischer-beobachter_volkischer-beobachter_september-14-15-1930_43_219_djvu.txt	131513	md5:c006b632b84def783e532d7345357da5
per_volkischer-beobachter_volkischer-beobachter_1930-09-16_43_220	https://archive.org/download/per_volkischer-beobachter_volkischer-beobachter_1930-09-16_43_220/per_volkischer-beobachter_volkischer-beobachter_1930-09-16_43_220_djvu.txt	100032	md5:42382547ca9b507cfdacf84ad69113c8
per_volkischer-beobachter_volkischer-beobachter_1930-09-17_43_221	https://archive.org/download/per_volkischer-beobachter_volkischer-beobachter_1930-09-17_43_221/per_volkischer-beobachter_volkischer-beobachter_1930-09-17_43_221_djvu.txt	129691	md5:f3dd3c674ed995fe2070624e7e62e0ae
per_volkischer-beobachter_volkischer-beobachter_1930-09-18_43_222	https://archive.org/download/per_volkischer-beobachter_volkischer-beobachter_1930-09-18_43_222/per_volkischer-beobachter_volkischer-beobachter_1930-09-18_43_222_djvu.txt	164033	md5:0d4cef306324670da80367134ee49303
per_volkischer-beobachter_volkischer-beobachter_1930-09-19_43_223	https://archive.org/download/per_volkischer-beobachter_volkischer-beobachter_1930-09-19_43_223/per_volkischer-beobachter_volkischer-beobachter_1930-09-19_43_223_djvu.txt	188211	md5:8b01509451a7b6f8aca9df515185cc86
per_volkischer-beobachter_volkischer-beobachter_1930-09-20_43_224	https://archive.org/download/per_volkischer-beobachter_volkischer-beobachter_1930-09-20_43_224/per_volkischer-beobachter_volkischer-beobachter_1930-09-20_43_224_djvu.txt	138040	md5:334f72a8d7d7cb733ded240b9f97e2cb
per_volkischer-beobachter_volkischer-beobachter_september-21-22-1930_43_225	https://archive.org/download/per_volkischer-beobachter_volkischer-beobachter_september-21-22-1930_43_225/per_volkischer-beobachter_volkischer-beobachter_september-21-22-1930_43_225_djvu.txt	135558	md5:cb83cd7c2d503ca773470c96e8ceb2e9
per_volkischer-beobachter_volkischer-beobachter_1930-09-23_43_226	https://archive.org/download/per_volkischer-beobachter_volkischer-beobachter_1930-09-23_43_226/per_volkischer-beobachter_volkischer-beobachter_1930-09-23_43_226_djvu.txt	140944	md5:dc64a0d286621a6982e7bae047239c44
per_volkischer-beobachter_volkischer-beobachter_1930-09-24_43_227	https://archive.org/download/per_volkischer-beobachter_volkischer-beobachter_1930-09-24_43_227/per_volkischer-beobachter_volkischer-beobachter_1930-09-24_43_227_djvu.txt	79575	md5:c4960dae6abf4246b2e7ca321271df77
per_volkischer-beobachter_volkischer-beobachter_1930-09-25_43_228	https://archive.org/download/per_volkischer-beobachter_volkischer-beobachter_1930-09-25_43_228/per_volkischer-beobachter_volkischer-beobachter_1930-09-25_43_228_djvu.txt	212709	md5:31cd728a5cf083514260f1e7e66649a8
per_volkischer-beobachter_volkischer-beobachter_1930-09-26_43_229	https://archive.org/download/per_volkischer-beobachter_volkischer-beobachter_1930-09-26_43_229/per_volkischer-beobachter_volkischer-beobachter_1930-09-26_43_229_djvu.txt	142153	md5:f35825106517461140ce4013b1711fd9
per_volkischer-beobachter_volkischer-beobachter_1930-09-27_43_230	https://archive.org/download/per_volkischer-beobachter_volkischer-beobachter_1930-09-27_43_230/per_volkischer-beobachter_volkischer-beobachter_1930-09-27_43_230_djvu.txt	165878	md5:9284e61ac9bf9d16f0aaa4aed7e464c3
per_volkischer-beobachter_volkischer-beobachter_september-28-29-1930_43_231	https://archive.org/download/per_volkischer-beobachter_volkischer-beobachter_september-28-29-1930_43_231/per_volkischer-beobachter_volkischer-beobachter_september-28-29-1930_43_231_djvu.txt	117432	md5:305f0e24dc3294600a33ec5c39234c98
per_volkischer-beobachter_volkischer-beobachter_1930-10-01_43_233	https://archive.org/download/per_volkischer-beobachter_volkischer-beobachter_1930-10-01_43_233/per_volkischer-beobachter_volkischer-beobachter_1930-10-01_43_233_djvu.txt	146574	md5:2ca23888daf86a3325fa983c94eb688f
per_volkischer-beobachter_volkischer-beobachter_1930-10-02_43_234	https://archive.org/download/per_volkischer-beobachter_volkischer-beobachter_1930-10-02_43_234/per_volkischer-beobachter_volkischer-beobachter_1930-10-02_43_234_djvu.txt	130082	md5:9afee0e6dfa19b4604e0b75e1bf4e2fb
per_volkischer-beobachter_volkischer-beobachter_1930-10-03_43_235	https://archive.org/download/per_volkischer-beobachter_volkischer-beobachter_1930-10-03_43_235/per_volkischer-beobachter_volkischer-beobachter_1930-10-03_43_235_djvu.txt	183847	md5:03d068ccd8aad2978bcc102172d6ab00
per_volkischer-beobachter_volkischer-beobachter_1930-10-04_43_236	https://archive.org/download/per_volkischer-beobachter_volkischer-beobachter_1930-10-04_43_236/per_volkischer-beobachter_volkischer-beobachter_1930-10-04_43_236_djvu.txt	142100	md5:2cd6c2a5d608803b8e88a853486f281d
per_volkischer-beobachter_volkischer-beobachter_october-05-06-1930_43_237	https://archive.org/download/per_volkischer-beobachter_volkischer-beobachter_october-05-06-1930_43_237/per_volkischer-beobachter_volkischer-beobachter_october-05-06-1930_43_237_djvu.txt	114904	md5:1e62f738ce74facceaf445cacf9c7da0
per_volkischer-beobachter_volkischer-beobachter_1930-10-07_43_238	https://archive.org/download/per_volkischer-beobachter_volkischer-beobachter_1930-10-07_43_238/per_volkischer-beobachter_volkischer-beobachter_1930-10-07_43_238_djvu.txt	142055	md5:28d593004f44f23e56cdff61ded2e733
per_volkischer-beobachter_volkischer-beobachter_1930-10-08_43_239	https://archive.org/download/per_volkischer-beobachter_volkischer-beobachter_1930-10-08_43_239/per_volkischer-beobachter_volkischer-beobachter_1930-10-08_43_239_djvu.txt	148552	md5:3cbeed0daf8618a69c5ecc36ca36e99f
per_volkischer-beobachter_volkischer-beobachter_1930-10-09_43_240	https://archive.org/download/per_volkischer-beobachter_volkischer-beobachter_1930-10-09_43_240/per_volkischer-beobachter_volkischer-beobachter_1930-10-09_43_240_djvu.txt	167341	md5:cbc6c630a30986f87bb081d09d0e73eb
per_volkischer-beobachter_volkischer-beobachter_1930-10-10_43_241	https://archive.org/download/per_volkischer-beobachter_volkischer-beobachter_1930-10-10_43_241/per_volkischer-beobachter_volkischer-beobachter_1930-10-10_43_241_djvu.txt	218667	md5:3f099c5a4d9c132b00a6b695dc5973da
per_volkischer-beobachter_volkischer-beobachter_1930-10-11_43_242	https://archive.org/download/per_volkischer-beobachter_volkischer-beobachter_1930-10-11_43_242/per_volkischer-beobachter_volkischer-beobachter_1930-10-11_43_242_djvu.txt	155339	md5:ee32877146b8f52cbe26ce8b2d1c2338
per_volkischer-beobachter_volkischer-beobachter_october-12-13-1930_43_243	https://archive.org/download/per_volkischer-beobachter_volkischer-beobachter_october-12-13-1930_43_243/per_volkischer-beobachter_volkischer-beobachter_october-12-13-1930_43_243_djvu.txt	195131	md5:549ddc5737a324f5e3705a02364a6acf
per_volkischer-beobachter_volkischer-beobachter_1930-10-14_43_244	https://archive.org/download/per_volkischer-beobachter_volkischer-beobachter_1930-10-14_43_244/per_volkischer-beobachter_volkischer-beobachter_1930-10-14_43_244_djvu.txt	141734	md5:f2893bd97d9723382d3e9ed0f6e9596c
per_volkischer-beobachter_volkischer-beobachter_1930-10-15_43_245	https://archive.org/download/per_volkischer-beobachter_volkischer-beobachter_1930-10-15_43_245/per_volkischer-beobachter_volkischer-beobachter_1930-10-15_43_245_djvu.txt	137850	md5:86c193847b0926dbf98bfda1308244df
per_volkischer-beobachter_volkischer-beobachter_1930-10-16_43_246	https://archive.org/download/per_volkischer-beobachter_volkischer-beobachter_1930-10-16_43_246/per_volkischer-beobachter_volkischer-beobachter_1930-10-16_43_246_djvu.txt	162225	md5:996fef1d59b23c5ec0d894ee9361713c
per_volkischer-beobachter_volkischer-beobachter_1930-10-17_43_247	https://archive.org/download/per_volkischer-beobachter_volkischer-beobachter_1930-10-17_43_247/per_volkischer-beobachter_volkischer-beobachter_1930-10-17_43_247_djvu.txt	183304	md5:9f80232660be2f409e2be3a577f0d717
per_volkischer-beobachter_volkischer-beobachter_1930-10-18_43_248	https://archive.org/download/per_volkischer-beobachter_volkischer-beobachter_1930-10-18_43_248/per_volkischer-beobachter_volkischer-beobachter_1930-10-18_43_248_djvu.txt	132679	md5:dbd8bbb2dac5ab556e03e73a88ae537f
per_volkischer-beobachter_volkischer-beobachter_october-19-20-1930_43_249	https://archive.org/download/per_volkischer-beobachter_volkischer-beobachter_october-19-20-1930_43_249/per_volkischer-beobachter_volkischer-beobachter_october-19-20-1930_43_249_djvu.txt	163147	md5:354b3274eb9fd8c168a9145b9d57ea22
per_volkischer-beobachter_volkischer-beobachter_1930-10-21_43_250	https://archive.org/download/per_volkischer-beobachter_volkischer-beobachter_1930-10-21_43_250/per_volkischer-beobachter_volkischer-beobachter_1930-10-21_43_250_djvu.txt	149218	md5:18b2c890eca1ea7e40fcdc7902d2383d
per_volkischer-beobachter_volkischer-beobachter_1930-10-22_43_251	https://archive.org/download/per_volkischer-beobachter_volkischer-beobachter_1930-10-22_43_251/per_volkischer-beobachter_volkischer-beobachter_1930-10-22_43_251_djvu.txt	153758	md5:2ac8e5cf0ac93faabe266c1686968ff8
per_volkischer-beobachter_volkischer-beobachter_1930-10-23_43_252	https://archive.org/download/per_volkischer-beobachter_volkischer-beobachter_1930-10-23_43_252/per_volkischer-beobachter_volkischer-beobachter_1930-10-23_43_252_djvu.txt	177866	md5:457980f6a4e1975adbb9e5b5e78f448f
per_volkischer-beobachter_volkischer-beobachter_1930-10-24_43_253	https://archive.org/download/per_volkischer-beobachter_volkischer-beobachter_1930-10-24_43_253/per_volkischer-beobachter_volkischer-beobachter_1930-10-24_43_253_djvu.txt	175175	md5:76f25e7edd2789dd2772411f5815d3b2
per_volkischer-beobachter_volkischer-beobachter_1930-10-25_43_254	https://archive.org/download/per_volkischer-beobachter_volkischer-beobachter_1930-10-25_43_254/per_volkischer-beobachter_volkischer-beobachter_1930-10-25_43_254_djvu.txt	154010	md5:7f62ac68165616b9dc311f38a2097a25
per_volkischer-beobachter_volkischer-beobachter_october-26-27-1930_43_255	https://archive.org/download/per_volkischer-beobachter_volkischer-beobachter_october-26-27-1930_43_255/per_volkischer-beobachter_volkischer-beobachter_october-26-27-1930_43_255_djvu.txt	167779	md5:ba81c23877ce2fe87ce1bd6132e1c655
per_volkischer-beobachter_volkischer-beobachter_1930-10-28_43_256	https://archive.org/download/per_volkischer-beobachter_volkischer-beobachter_1930-10-28_43_256/per_volkischer-beobachter_volkischer-beobachter_1930-10-28_43_256_djvu.txt	187945	md5:a63f15bbdcc603948fe067f9a0f5121f
per_volkischer-beobachter_volkischer-beobachter_1930-10-29_43_257	https://archive.org/download/per_volkischer-beobachter_volkischer-beobachter_1930-10-29_43_257/per_volkischer-beobachter_volkischer-beobachter_1930-10-29_43_257_djvu.txt	159520	md5:8b3d4150090e71edbd6118719ddaf132
per_volkischer-beobachter_volkischer-beobachter_1930-10-30_43_258	https://archive.org/download/per_volkischer-beobachter_volkischer-beobachter_1930-10-30_43_258/per_volkischer-beobachter_volkischer-beobachter_1930-10-30_43_258_djvu.txt	268094	md5:3337a4d6cd8fb8c1f41913a789d5ae02
per_volkischer-beobachter_volkischer-beobachter_november-01-03-1930_43_260-261	https://archive.org/download/per_volkischer-beobachter_volkischer-beobachter_november-01-03-1930_43_260-261/per_volkischer-beobachter_volkischer-beobachter_november-01-03-1930_43_260-261_djvu.txt	159536	md5:9d222e10ae4109341310298cbd76e51a
per_volkischer-beobachter_volkischer-beobachter_1930-11-04_43_262	https://archive.org/download/per_volkischer-beobachter_volkischer-beobachter_1930-11-04_43_262/per_volkischer-beobachter_volkischer-beobachter_1930-11-04_43_262_djvu.txt	123609	md5:7d40887bc90accbc7b895e386b7ebb2f
per_volkischer-beobachter_volkischer-beobachter_1930-11-05_43_263	https://archive.org/download/per_volkischer-beobachter_volkischer-beobachter_1930-11-05_43_263/per_volkischer-beobachter_volkischer-beobachter_1930-11-05_43_263_djvu.txt	138907	md5:aac089f0871e171eca34fa8d9f5976a8
per_volkischer-beobachter_volkischer-beobachter_1930-11-06_43_264	https://archive.org/download/per_volkischer-beobachter_volkischer-beobachter_1930-11-06_43_264/per_volkischer-beobachter_volkischer-beobachter_1930-11-06_43_264_djvu.txt	163654	md5:8286c706bde76b1bfaba4d38f534be83
per_volkischer-beobachter_volkischer-beobachter_1930-11-07_43_265	https://archive.org/download/per_volkischer-beobachter_volkischer-beobachter_1930-11-07_43_265/per_volkischer-beobachter_volkischer-beobachter_1930-11-07_43_265_djvu.txt	229588	md5:8c100eb5c25a0ea02a5598c8926ad1c1
per_volkischer-beobachter_volkischer-beobachter_1930-11-08_43_266	https://archive.org/download/per_volkischer-beobachter_volkischer-beobachter_1930-11-08_43_266/per_volkischer-beobachter_volkischer-beobachter_1930-11-08_43_266_djvu.txt	169704	md5:49bf66e85f051824f4b5286f9e5b51cd
per_volkischer-beobachter_volkischer-beobachter_november-09-10-1930_43_267	https://archive.org/download/per_volkischer-beobachter_volkischer-beobachter_november-09-10-1930_43_267/per_volkischer-beobachter_volkischer-beobachter_november-09-10-1930_43_267_djvu.txt	176575	md5:787d35ce5c1a9dfc592e98472a225ef9
per_volkischer-beobachter_volkischer-beobachter_1930-11-11_43_268	https://archive.org/download/per_volkischer-beobachter_volkischer-beobachter_1930-11-11_43_268/per_volkischer-beobachter_volkischer-beobachter_1930-11-11_43_268_djvu.txt	192363	md5:6481b47a5bac8bcb861fc468963d308c
per_volkischer-beobachter_volkischer-beobachter_1930-11-12_43_269	https://archive.org/download/per_volkischer-beobachter_volkischer-beobachter_1930-11-12_43_269/per_volkischer-beobachter_volkischer-beobachter_1930-11-12_43_269_djvu.txt	194076	md5:0ad44660495a40ae57b0e0d801f47e0a
per_volkischer-beobachter_volkischer-beobachter_1930-11-13_43_270	https://archive.org/download/per_volkischer-beobachter_volkischer-beobachter_1930-11-13_43_270/per_volkischer-beobachter_volkischer-beobachter_1930-11-13_43_270_djvu.txt	136140	md5:0ba3823b16e756d682eea92ad7827b90
per_volkischer-beobachter_volkischer-beobachter_1930-11-14_43_271	https://archive.org/download/per_volkischer-beobachter_volkischer-beobachter_1930-11-14_43_271/per_volkischer-beobachter_volkischer-beobachter_1930-11-14_43_271_djvu.txt	170513	md5:b1d3d19b5d253b353772bf85c7a91191
per_volkischer-beobachter_volkischer-beobachter_1930-11-15_43_272	https://archive.org/download/per_volkischer-beobachter_volkischer-beobachter_1930-11-15_43_272/per_volkischer-beobachter_volkischer-beobachter_1930-11-15_43_272_djvu.txt	183574	md5:5ffe92f7b05f2575c0cc66cfb91056ca
per_volkischer-beobachter_volkischer-beobachter_november-16-17-1930_43_273	https://archive.org/download/per_volkischer-beobachter_volkischer-beobachter_november-16-17-1930_43_273/per_volkischer-beobachter_volkischer-beobachter_november-16-17-1930_43_273_djvu.txt	189608	md5:021f54487fcdb7ee4f651a81d7cd7024
per_volkischer-beobachter_volkischer-beobachter_1930-11-18_43_274	https://archive.org/download/per_volkischer-beobachter_volkischer-beobachter_1930-11-18_43_274/per_volkischer-beobachter_volkischer-beobachter_1930-11-18_43_274_djvu.txt	100545	md5:5e41f4b0fb53fcd1eb60d3c76264814d
per_volkischer-beobachter_volkischer-beobachter_1930-11-19_43_275	https://archive.org/download/per_volkischer-beobachter_volkischer-beobachter_1930-11-19_43_275/per_volkischer-beobachter_volkischer-beobachter_1930-11-19_43_275_djvu.txt	212033	md5:6c38c33c5350c0f5fe38ae3e7effb4b7
per_volkischer-beobachter_volkischer-beobachter_1930-11-20_43_276	https://archive.org/download/per_volkischer-beobachter_volkischer-beobachter_1930-11-20_43_276/per_volkischer-beobachter_volkischer-beobachter_1930-11-20_43_276_djvu.txt	149105	md5:a08246ec685417f1d4a0cc08fdc13008
per_volkischer-beobachter_volkischer-beobachter_1930-11-21_43_277	https://archive.org/download/per_volkischer-beobachter_volkischer-beobachter_1930-11-21_43_277/per_volkischer-beobachter_volkischer-beobachter_1930-11-21_43_277_djvu.txt	153712	md5:38e1f7062ab0cddf570d9c4c8608a242
per_volkischer-beobachter_volkischer-beobachter_1930-11-22_43_278	https://archive.org/download/per_volkischer-beobachter_volkischer-beobachter_1930-11-22_43_278/per_volkischer-beobachter_volkischer-beobachter_1930-11-22_43_278_djvu.txt	190752	md5:acc6e3b042f319809a703d73342c6786
per_volkischer-beobachter_volkischer-beobachter_november-23-24-1930_43_279	https://archive.org/download/per_volkischer-beobachter_volkischer-beobachter_november-23-24-1930_43_279/per_volkischer-beobachter_volkischer-beobachter_november-23-24-1930_43_279_djvu.txt	170897	md5:417754cc1f8db15d1827bb9215f20350
per_volkischer-beobachter_volkischer-beobachter_1930-11-25_43_280	https://archive.org/download/per_volkischer-beobachter_volkischer-beobachter_1930-11-25_43_280/per_volkischer-beobachter_volkischer-beobachter_1930-11-25_43_280_djvu.txt	162229	md5:a9b68afa4cb71abef7b3797cc7387f8c
per_volkischer-beobachter_volkischer-beobachter_1930-11-26_43_281	https://archive.org/download/per_volkischer-beobachter_volkischer-beobachter_1930-11-26_43_281/per_volkischer-beobachter_volkischer-beobachter_1930-11-26_43_281_djvu.txt	141002	md5:d468ef4fa58e561ea6129679b05fbc42
per_volkischer-beobachter_volkischer-beobachter_1930-11-27_43_282	https://archive.org/download/per_volkischer-beobachter_volkischer-beobachter_1930-11-27_43_282/per_volkischer-beobachter_volkischer-beobachter_1930-11-27_43_282_djvu.txt	116263	md5:8fa44ab7ef006f4acbbf383613134048
per_volkischer-beobachter_volkischer-beobachter_1930-11-28_43_283	https://archive.org/download/per_volkischer-beobachter_volkischer-beobachter_1930-11-28_43_283/per_volkischer-beobachter_volkischer-beobachter_1930-11-28_43_283_djvu.txt	183408	md5:e1838de541d3bbcbba56bd5d331a8945
per_volkischer-beobachter_volkischer-beobachter_1930-11-29_43_284	https://archive.org/download/per_volkischer-beobachter_volkischer-beobachter_1930-11-29_43_284/per_volkischer-beobachter_volkischer-beobachter_1930-11-29_43_284_djvu.txt	162073	md5:54483042d91bc2890f9f7e295f3ec26b
per_volkischer-beobachter_volkischer-beobachter_1930-11-30_43_285	https://archive.org/download/per_volkischer-beobachter_volkischer-beobachter_1930-11-30_43_285/per_volkischer-beobachter_volkischer-beobachter_1930-11-30_43_285_djvu.txt	181257	md5:e43d45c6fbf081e3b1979ad0542ca586
per_volkischer-beobachter_volkischer-beobachter_december-01-02-1930_43_286	https://archive.org/download/per_volkischer-beobachter_volkischer-beobachter_december-01-02-1930_43_286/per_volkischer-beobachter_volkischer-beobachter_december-01-02-1930_43_286_djvu.txt	193077	md5:5f12b9bccc02aa39f71bd2cec3b22b44
per_volkischer-beobachter_volkischer-beobachter_1930-12-03_43_287	https://archive.org/download/per_volkischer-beobachter_volkischer-beobachter_1930-12-03_43_287/per_volkischer-beobachter_volkischer-beobachter_1930-12-03_43_287_djvu.txt	255777	md5:1508dfe5705f730347d0562c2e800148
per_volkischer-beobachter_volkischer-beobachter_1930-12-04_43_288	https://archive.org/download/per_volkischer-beobachter_volkischer-beobachter_1930-12-04_43_288/per_volkischer-beobachter_volkischer-beobachter_1930-12-04_43_288_djvu.txt	198772	md5:0a4b68954651c9a186ae453d4d3f8bae
per_volkischer-beobachter_volkischer-beobachter_1930-12-05_43_289	https://archive.org/download/per_volkischer-beobachter_volkischer-beobachter_1930-12-05_43_289/per_volkischer-beobachter_volkischer-beobachter_1930-12-05_43_289_djvu.txt	199680	md5:7e4424f0a79b9a53328576ddd38d781f
per_volkischer-beobachter_volkischer-beobachter_1930-12-06_43_290	https://archive.org/download/per_volkischer-beobachter_volkischer-beobachter_1930-12-06_43_290/per_volkischer-beobachter_volkischer-beobachter_1930-12-06_43_290_djvu.txt	203937	md5:f92112581599005be28fd5ecb756589b
per_volkischer-beobachter_volkischer-beobachter_december-07-08-1930_43_291	https://archive.org/download/per_volkischer-beobachter_volkischer-beobachter_december-07-08-1930_43_291/per_volkischer-beobachter_volkischer-beobachter_december-07-08-1930_43_291_djvu.txt	127094	md5:137eb079b6d9ac08981ecbe938b3bb97
per_volkischer-beobachter_volkischer-beobachter_1930-12-09_43_292	https://archive.org/download/per_volkischer-beobachter_volkischer-beobachter_1930-12-09_43_292/per_volkischer-beobachter_volkischer-beobachter_1930-12-09_43_292_djvu.txt	223260	md5:701a28e84b8489853f00f86dd0fcfb38
per_volkischer-beobachter_volkischer-beobachter_1930-12-10_43_293	https://archive.org/download/per_volkischer-beobachter_volkischer-beobachter_1930-12-10_43_293/per_volkischer-beobachter_volkischer-beobachter_1930-12-10_43_293_djvu.txt	204372	md5:0aca5d11ff5b87f5c7e3444ee34fa70e
per_volkischer-beobachter_volkischer-beobachter_1930-12-11_43_294	https://archive.org/download/per_volkischer-beobachter_volkischer-beobachter_1930-12-11_43_294/per_volkischer-beobachter_volkischer-beobachter_1930-12-11_43_294_djvu.txt	183903	md5:1f361a9f678902280da22ebd7816eeb0
per_volkischer-beobachter_volkischer-beobachter_1930-12-12_43_295	https://archive.org/download/per_volkischer-beobachter_volkischer-beobachter_1930-12-12_43_295/per_volkischer-beobachter_volkischer-beobachter_1930-12-12_43_295_djvu.txt	218864	md5:b3f9db5a6f83a381fa26cbe5c776f3c8
per_volkischer-beobachter_volkischer-beobachter_december-14-15-1930_43_297	https://archive.org/download/per_volkischer-beobachter_volkischer-beobachter_december-14-15-1930_43_297/per_volkischer-beobachter_volkischer-beobachter_december-14-15-1930_43_297_djvu.txt	156373	md5:9e64377642dc712473a6e0eab4a5deef
per_volkischer-beobachter_volkischer-beobachter_1930-12-16_43_298	https://archive.org/download/per_volkischer-beobachter_volkischer-beobachter_1930-12-16_43_298/per_volkischer-beobachter_volkischer-beobachter_1930-12-16_43_298_djvu.txt	197876	md5:b062d0775129dec493350969e94ca607
per_volkischer-beobachter_volkischer-beobachter_1930-12-17_43_299	https://archive.org/download/per_volkischer-beobachter_volkischer-beobachter_1930-12-17_43_299/per_volkischer-beobachter_volkischer-beobachter_1930-12-17_43_299_djvu.txt	161039	md5:71feacc37f41f98e4e9daba3a6637876
per_volkischer-beobachter_volkischer-beobachter_1930-12-18_43_300	https://archive.org/download/per_volkischer-beobachter_volkischer-beobachter_1930-12-18_43_300/per_volkischer-beobachter_volkischer-beobachter_1930-12-18_43_300_djvu.txt	181762	md5:f65997a50f85186e9dfc24c492d14200
per_volkischer-beobachter_volkischer-beobachter_1930-12-19_43_301	https://archive.org/download/per_volkischer-beobachter_volkischer-beobachter_1930-12-19_43_301/per_volkischer-beobachter_volkischer-beobachter_1930-12-19_43_301_djvu.txt	218396	md5:1003cc81fe83722736bf498f447d8c63
per_volkischer-beobachter_volkischer-beobachter_1930-12-20_43_302	https://archive.org/download/per_volkischer-beobachter_volkischer-beobachter_1930-12-20_43_302/per_volkischer-beobachter_volkischer-beobachter_1930-12-20_43_302_djvu.txt	185203	md5:8e8d2301f15e20de4308b801e797843b
per_volkischer-beobachter_volkischer-beobachter_december-21-22-1930_43_303	https://archive.org/download/per_volkischer-beobachter_volkischer-beobachter_december-21-22-1930_43_303/per_volkischer-beobachter_volkischer-beobachter_december-21-22-1930_43_303_djvu.txt	211760	md5:b2098cab997bf5041bf878d5e80afcdd
per_volkischer-beobachter_volkischer-beobachter_1930-12-23_43_304	https://archive.org/download/per_volkischer-beobachter_volkischer-beobachter_1930-12-23_43_304/per_volkischer-beobachter_volkischer-beobachter_1930-12-23_43_304_djvu.txt	236903	md5:2e0e5b8a82ded8c065df5a8bc497d669
per_volkischer-beobachter_volkischer-beobachter_1930-12-24_43_305	https://archive.org/download/per_volkischer-beobachter_volkischer-beobachter_1930-12-24_43_305/per_volkischer-beobachter_volkischer-beobachter_1930-12-24_43_305_djvu.txt	227811	md5:f76cb850640d069c34344940887925da
per_volkischer-beobachter_volkischer-beobachter_december-25-27-1930_43_306	https://archive.org/download/per_volkischer-beobachter_volkischer-beobachter_december-25-27-1930_43_306/per_volkischer-beobachter_volkischer-beobachter_december-25-27-1930_43_306_djvu.txt	194781	md5:61c70a5225f16b2335984b86881db111
per_volkischer-beobachter_volkischer-beobachter_1930-12-30_43_306	https://archive.org/download/per_volkischer-beobachter_volkischer-beobachter_1930-12-30_43_306/per_volkischer-beobachter_volkischer-beobachter_1930-12-30_43_306_djvu.txt	241704	md5:5629d4d1ee079fd92710d4ef92ea5fbf
per_volkischer-beobachter_volkischer-beobachter_1930-12-31_43_307	https://archive.org/download/per_volkischer-beobachter_volkischer-beobachter_1930-12-31_43_307/per_volkischer-beobachter_volkischer-beobachter_1930-12-31_43_307_djvu.txt	226244	md5:56223c1d57121dc08f7976997c0d5015
